Sim Rollout episode:0/100, sim avg travel time:63.53128103277061, rewards:-2.5933885362413194, queue:0.39285714285714285, delay:0.04297301277281746, throughput:3012
Real rollout step:0/100, travel time:140.5402635431918, rewards:-22.240629069010417, queue:3.109126984126984, delay:0.16696205744667658, throughput:2606
forward model: training agent 0.
Epoch 0: forward train average loss 0.009379729421602355.
epoch 0: forward test average loss 0.012710444215271208.
Epoch 99: forward train average loss 0.0040895540991591085.
epoch 99: forward test average loss 0.0069547707421912085.
inverse model, training agent 0.
epoch 0: inverse train average loss 0.008966466618908776.
epoch 0: inverse test average loss 0.014309304455916086.
epoch 99: inverse train average loss 0.006103480855623881.
epoch 99: inverse test average loss 0.009518280211422179.
forward model: training agent 1.
Epoch 0: forward train average loss 0.027832439376248255.
epoch 0: forward test average loss 0.0470308909813563.
Epoch 99: forward train average loss 0.00786390383210447.
epoch 99: forward test average loss 0.015698783927493624.
inverse model, training agent 1.
epoch 0: inverse train average loss 0.019639882776472304.
epoch 0: inverse test average loss 0.03175268570582072.
epoch 99: inverse train average loss 0.016829316193858784.
epoch 99: inverse test average loss 0.02622881614499622.
forward model: training agent 2.
Epoch 0: forward train average loss 0.02253369904226727.
epoch 0: forward test average loss 0.028459419806798298.
Epoch 99: forward train average loss 0.0036974171590473917.
epoch 99: forward test average loss 0.0072270286166005665.
inverse model, training agent 2.
epoch 0: inverse train average loss 0.018018193129036162.
epoch 0: inverse test average loss 0.029245134856965806.
epoch 99: inverse train average loss 0.017195566246906917.
epoch 99: inverse test average loss 0.02640110088719262.
forward model: training agent 3.
Epoch 0: forward train average loss 0.09811422891087002.
epoch 0: forward test average loss 0.143512937757704.
Epoch 99: forward train average loss 0.010856540666686164.
epoch 99: forward test average loss 0.019494723114702437.
inverse model, training agent 3.
epoch 0: inverse train average loss 0.019735210471683078.
epoch 0: inverse test average loss 0.030510382519827947.
epoch 99: inverse train average loss 0.015741156621111765.
epoch 99: inverse test average loss 0.02236279762453503.
forward model: training agent 4.
Epoch 0: forward train average loss 0.03172201456295119.
epoch 0: forward test average loss 0.04499161740144094.
Epoch 99: forward train average loss 0.004277820129775339.
epoch 99: forward test average loss 0.006217193479339282.
inverse model, training agent 4.
epoch 0: inverse train average loss 0.024642891767952178.
epoch 0: inverse test average loss 0.03900580604871114.
epoch 99: inverse train average loss 0.02380873014529546.
epoch 99: inverse test average loss 0.0377298096815745.
forward model: training agent 5.
Epoch 0: forward train average loss 0.013269990268680785.
epoch 0: forward test average loss 0.012692789650625654.
Epoch 99: forward train average loss 0.002943578020979961.
epoch 99: forward test average loss 0.005526409794886907.
inverse model, training agent 5.
epoch 0: inverse train average loss 0.020211426748169795.
epoch 0: inverse test average loss 0.03328937623235914.
epoch 99: inverse train average loss 0.01798699547847112.
epoch 99: inverse test average loss 0.029056530859735277.
forward model: training agent 6.
Epoch 0: forward train average loss 0.013187122841676077.
epoch 0: forward test average loss 0.019528212646643322.
Epoch 99: forward train average loss 0.004598708305921819.
epoch 99: forward test average loss 0.005190260397891204.
inverse model, training agent 6.
epoch 0: inverse train average loss 0.020341442277034123.
epoch 0: inverse test average loss 0.032349215613471136.
epoch 99: inverse train average loss 0.019087427606185276.
epoch 99: inverse test average loss 0.030642499526341755.
Policy training episode: 0, grounded actions taken: 875, last two uncertainties: {0: [0.0], 1: [0.0], 2: [0.0], 3: [0.0], 4: [0.0], 5: [0.0], 6: [0.0]}, avg agent uncertainties: [0.0, 0.0, 0.0, 0.0, 0.0, 0.0, 0.0], grounded actions by agent: [123, 131, 130, 114, 137, 117, 123]
Policy training episode: 0, iteration 0/1, policy training avg travel time:121.78543046357616, q_loss:0, rewards:-14.162537977430556, queue:2.0126984126984127, delay:0.10427456810360863, throughput:2957
Sim Rollout episode:1/100, sim avg travel time:64.26298379093616, rewards:-2.457778082953559, queue:0.37063492063492065, delay:0.04159283108181423, throughput:3012
Real rollout step:1/100, travel time:140.5402635431918, rewards:-22.240629069010417, queue:3.109126984126984, delay:0.16696205744667658, throughput:2606
forward model: training agent 0.
Epoch 0: forward train average loss 0.004147775419470336.
epoch 0: forward test average loss 0.005481344958146413.
Epoch 99: forward train average loss 0.0035000034711427158.
epoch 99: forward test average loss 0.004080054453677601.
inverse model, training agent 0.
epoch 0: inverse train average loss 0.0059841276249951786.
epoch 0: inverse test average loss 0.009688662985960642.
epoch 99: inverse train average loss 0.0016951238891730707.
epoch 99: inverse test average loss 0.0029579648334119055.
forward model: training agent 1.
Epoch 0: forward train average loss 0.007435837657087379.
epoch 0: forward test average loss 0.016834716002146404.
Epoch 99: forward train average loss 0.005980140219132106.
epoch 99: forward test average loss 0.010738471729887856.
inverse model, training agent 1.
epoch 0: inverse train average loss 0.016843203455209732.
epoch 0: inverse test average loss 0.02674694938792123.
epoch 99: inverse train average loss 0.010724821645352576.
epoch 99: inverse test average loss 0.018583988149960835.
forward model: training agent 2.
Epoch 0: forward train average loss 0.0037162529511584174.
epoch 0: forward test average loss 0.005583443575435215.
Epoch 99: forward train average loss 0.003035128064867523.
epoch 99: forward test average loss 0.004999663266870711.
inverse model, training agent 2.
epoch 0: inverse train average loss 0.0170742380950186.
epoch 0: inverse test average loss 0.0271089482638571.
epoch 99: inverse train average loss 0.016165333282616403.
epoch 99: inverse test average loss 0.026637975540426042.
forward model: training agent 3.
Epoch 0: forward train average loss 0.01082732445663876.
epoch 0: forward test average loss 0.019642915162775252.
Epoch 99: forward train average loss 0.008291256096627977.
epoch 99: forward test average loss 0.018435296085145738.
inverse model, training agent 3.
epoch 0: inverse train average loss 0.015237614926364686.
epoch 0: inverse test average loss 0.020982865658071306.
epoch 99: inverse train average loss 0.012401392269465659.
epoch 99: inverse test average loss 0.02022398097647561.
forward model: training agent 4.
Epoch 0: forward train average loss 0.00440584309399128.
epoch 0: forward test average loss 0.00758569770389133.
Epoch 99: forward train average loss 0.0032620268046028083.
epoch 99: forward test average loss 0.005885504393113984.
inverse model, training agent 4.
epoch 0: inverse train average loss 0.02386516084273656.
epoch 0: inverse test average loss 0.03800907565487756.
epoch 99: inverse train average loss 0.02253495529294014.
epoch 99: inverse test average loss 0.035357644160588585.
forward model: training agent 5.
Epoch 0: forward train average loss 0.003051807845218314.
epoch 0: forward test average loss 0.004319078599413236.
Epoch 99: forward train average loss 0.0021791272124068607.
epoch 99: forward test average loss 0.003594898411797153.
inverse model, training agent 5.
epoch 0: inverse train average loss 0.018000806371370952.
epoch 0: inverse test average loss 0.029171081052886114.
epoch 99: inverse train average loss 0.013410069462325837.
epoch 99: inverse test average loss 0.021247953176498413.
forward model: training agent 6.
Epoch 0: forward train average loss 0.004686278911928336.
epoch 0: forward test average loss 0.006651633108655612.
Epoch 99: forward train average loss 0.003920431662764814.
epoch 99: forward test average loss 0.0063910285631815595.
inverse model, training agent 6.
epoch 0: inverse train average loss 0.01909290336900287.
epoch 0: inverse test average loss 0.030866692463556927.
epoch 99: inverse train average loss 0.015898397813240688.
epoch 99: inverse test average loss 0.024163463877307043.
Policy training episode: 1, grounded actions taken: 838, last two uncertainties: {0: [0.0, 0.0], 1: [0.0, 0.0], 2: [0.0, 0.0], 3: [0.0, 0.0], 4: [0.0, 0.0], 5: [0.0, 0.0], 6: [0.0, 0.0]}, avg agent uncertainties: [0.0, 0.0, 0.0, 0.0, 0.0, 0.0, 0.0], grounded actions by agent: [136, 110, 119, 124, 122, 104, 123]
Policy training episode: 1, iteration 0/1, policy training avg travel time:105.75438596491227, q_loss:0, rewards:-12.596278211805556, queue:1.8071428571428572, delay:0.09537121000744048, throughput:3012
Sim Rollout episode:2/100, sim avg travel time:63.99536270288175, rewards:-2.6799075656467015, queue:0.39920634920634923, delay:0.041880656045580666, throughput:3012
Real rollout step:2/100, travel time:140.5402635431918, rewards:-22.240629069010417, queue:3.109126984126984, delay:0.16696205744667658, throughput:2606
forward model: training agent 0.
Epoch 0: forward train average loss 0.0036608222872018814.
epoch 0: forward test average loss 0.004379606081379784.
Epoch 99: forward train average loss 0.0032715723435911867.
epoch 99: forward test average loss 0.005264263393150436.
inverse model, training agent 0.
epoch 0: inverse train average loss 0.0015368835431420142.
epoch 0: inverse test average loss 0.002930714748799801.
epoch 99: inverse train average loss 0.0007502805286397537.
epoch 99: inverse test average loss 0.0015419894156770573.
forward model: training agent 1.
Epoch 0: forward train average loss 0.00583984920134147.
epoch 0: forward test average loss 0.013571549206972122.
Epoch 99: forward train average loss 0.005126927047967911.
epoch 99: forward test average loss 0.011245230833689371.
inverse model, training agent 1.
epoch 0: inverse train average loss 0.010951218091779284.
epoch 0: inverse test average loss 0.01783643166224162.
epoch 99: inverse train average loss 0.009761131885978911.
epoch 99: inverse test average loss 0.017732989456918504.
forward model: training agent 2.
Epoch 0: forward train average loss 0.003206916619092226.
epoch 0: forward test average loss 0.005545613459414906.
Epoch 99: forward train average loss 0.0027486462042563492.
epoch 99: forward test average loss 0.005004068215688069.
inverse model, training agent 2.
epoch 0: inverse train average loss 0.015839522911442652.
epoch 0: inverse test average loss 0.0291051823231909.
epoch 99: inverse train average loss 0.01466387448211511.
epoch 99: inverse test average loss 0.027922150161531236.
forward model: training agent 3.
Epoch 0: forward train average loss 0.008401300861603685.
epoch 0: forward test average loss 0.018194417986604903.
Epoch 99: forward train average loss 0.007131216116249561.
epoch 99: forward test average loss 0.017559369405110676.
inverse model, training agent 3.
epoch 0: inverse train average loss 0.011937696486711502.
epoch 0: inverse test average loss 0.02308726641866896.
epoch 99: inverse train average loss 0.01132790113074912.
epoch 99: inverse test average loss 0.017464006940523785.
forward model: training agent 4.
Epoch 0: forward train average loss 0.003271442682792743.
epoch 0: forward test average loss 0.006177959342797597.
Epoch 99: forward train average loss 0.002846112112618155.
epoch 99: forward test average loss 0.005664325836631987.
inverse model, training agent 4.
epoch 0: inverse train average loss 0.022713867326577503.
epoch 0: inverse test average loss 0.03356818026966519.
epoch 99: inverse train average loss 0.021515955941544637.
epoch 99: inverse test average loss 0.031933666931258306.
forward model: training agent 5.
Epoch 0: forward train average loss 0.0021651675407257345.
epoch 0: forward test average loss 0.0032991922150055566.
Epoch 99: forward train average loss 0.0018717479219453202.
epoch 99: forward test average loss 0.003550906458662616.
inverse model, training agent 5.
epoch 0: inverse train average loss 0.013290422244204415.
epoch 0: inverse test average loss 0.020725526743465.
epoch 99: inverse train average loss 0.010890992979208628.
epoch 99: inverse test average loss 0.01600787705845303.
forward model: training agent 6.
Epoch 0: forward train average loss 0.004002399794343445.
epoch 0: forward test average loss 0.006137332982487149.
Epoch 99: forward train average loss 0.0033235459898908934.
epoch 99: forward test average loss 0.006038837962680393.
inverse model, training agent 6.
epoch 0: inverse train average loss 0.01569185799194707.
epoch 0: inverse test average loss 0.025524245368109807.
epoch 99: inverse train average loss 0.01283884627951516.
epoch 99: inverse test average loss 0.019932534959581163.
Policy training episode: 2, grounded actions taken: 884, last two uncertainties: {0: [0.0, 0.0], 1: [0.0, 0.0], 2: [0.0, 0.0], 3: [0.0, 0.0], 4: [0.0, 0.0], 5: [0.0, 0.0], 6: [0.0, 0.0]}, avg agent uncertainties: [0.0, 0.0, 0.0, 0.0, 0.0, 0.0, 0.0], grounded actions by agent: [130, 117, 120, 128, 130, 135, 124]
Policy training episode: 2, iteration 0/1, policy training avg travel time:112.64205298013245, q_loss:3.6971182823181152, rewards:-12.023371039496528, queue:1.692063492063492, delay:0.08783698914543031, throughput:2989
Sim Rollout episode:3/100, sim avg travel time:64.19807883405102, rewards:-2.6729632907443577, queue:0.3968253968253968, delay:0.04096407209123884, throughput:3012
Real rollout step:3/100, travel time:131.9267113095238, rewards:-18.368589952256944, queue:2.4956349206349207, delay:0.1607105921185206, throughput:2574
forward model: training agent 0.
Epoch 0: forward train average loss 0.00380311683855123.
epoch 0: forward test average loss 0.0054918742842144435.
Epoch 99: forward train average loss 0.0031156280181474155.
epoch 99: forward test average loss 0.006405706827839215.
inverse model, training agent 0.
epoch 0: inverse train average loss 0.00017637447389360104.
epoch 0: inverse test average loss 0.001442597946152091.
epoch 99: inverse train average loss 1.2256772202413736e-05.
epoch 99: inverse test average loss 0.0019644483755756584.
forward model: training agent 1.
Epoch 0: forward train average loss 0.007153192328082191.
epoch 0: forward test average loss 0.010325221137868034.
Epoch 99: forward train average loss 0.005321560427546501.
epoch 99: forward test average loss 0.010029226541519165.
inverse model, training agent 1.
epoch 0: inverse train average loss 0.009301384083098836.
epoch 0: inverse test average loss 0.018389534619119432.
epoch 99: inverse train average loss 0.008725921830369366.
epoch 99: inverse test average loss 0.016636551668246586.
forward model: training agent 2.
Epoch 0: forward train average loss 0.004221056225813097.
epoch 0: forward test average loss 0.005817842980225881.
Epoch 99: forward train average loss 0.003327568941232231.
epoch 99: forward test average loss 0.005187657972176869.
inverse model, training agent 2.
epoch 0: inverse train average loss 0.011742063901490636.
epoch 0: inverse test average loss 0.018308425115214452.
epoch 99: inverse train average loss 0.008909451878733106.
epoch 99: inverse test average loss 0.013445439024104012.
forward model: training agent 3.
Epoch 0: forward train average loss 0.011034346496065458.
epoch 0: forward test average loss 0.018762706882423826.
Epoch 99: forward train average loss 0.007658425718545914.
epoch 99: forward test average loss 0.014710784786277346.
inverse model, training agent 3.
epoch 0: inverse train average loss 0.010872337760196792.
epoch 0: inverse test average loss 0.019290554854604933.
epoch 99: inverse train average loss 0.009936496304968992.
epoch 99: inverse test average loss 0.017786121202839747.
forward model: training agent 4.
Epoch 0: forward train average loss 0.003596316816078292.
epoch 0: forward test average loss 0.005931381964021259.
Epoch 99: forward train average loss 0.002412716961569256.
epoch 99: forward test average loss 0.0057713356282975935.
inverse model, training agent 4.
epoch 0: inverse train average loss 0.021142747667100694.
epoch 0: inverse test average loss 0.03175822893778483.
epoch 99: inverse train average loss 0.019367016437980864.
epoch 99: inverse test average loss 0.026990830898284912.
forward model: training agent 5.
Epoch 0: forward train average loss 0.0021642576644404065.
epoch 0: forward test average loss 0.0036816909495327207.
Epoch 99: forward train average loss 0.0017844684577236574.
epoch 99: forward test average loss 0.002976797003712919.
inverse model, training agent 5.
epoch 0: inverse train average loss 0.012404464185237885.
epoch 0: inverse test average loss 0.019770556853877172.
epoch 99: inverse train average loss 0.01050600657860438.
epoch 99: inverse test average loss 0.017562327285607655.
forward model: training agent 6.
Epoch 0: forward train average loss 0.004342345106932852.
epoch 0: forward test average loss 0.00546615943312645.
Epoch 99: forward train average loss 0.0030072989563147226.
epoch 99: forward test average loss 0.005496855825185776.
inverse model, training agent 6.
epoch 0: inverse train average loss 0.013183605546752611.
epoch 0: inverse test average loss 0.018779127962059446.
epoch 99: inverse train average loss 0.007489507086575031.
epoch 99: inverse test average loss 0.011323291394445632.
Policy training episode: 3, grounded actions taken: 870, last two uncertainties: {0: [0.0, 0.0], 1: [0.0, 0.0], 2: [0.0, 0.0], 3: [0.0, 0.0], 4: [0.0, 0.0], 5: [0.0, 0.0], 6: [0.0, 0.0]}, avg agent uncertainties: [0.0, 0.0, 0.0, 0.0, 0.0, 0.0, 0.0], grounded actions by agent: [129, 119, 106, 121, 135, 146, 114]
Policy training episode: 3, iteration 0/1, policy training avg travel time:64.34149569821311, q_loss:1.7965142726898193, rewards:-2.9142225477430554, queue:0.45, delay:0.04487818157862103, throughput:3012
Sim Rollout episode:4/100, sim avg travel time:64.87346803577344, rewards:-2.4837782118055554, queue:0.3865079365079365, delay:0.04305448683481368, throughput:3012
Real rollout step:4/100, travel time:166.80225988700565, rewards:-16.295924207899304, queue:2.2452380952380953, delay:0.15675909859793527, throughput:2344
forward model: training agent 0.
Epoch 0: forward train average loss 0.0039273751382198595.
epoch 0: forward test average loss 0.00553220013777415.
Epoch 99: forward train average loss 0.0024673564152585137.
epoch 99: forward test average loss 0.004853415820333693.
inverse model, training agent 0.
epoch 0: inverse train average loss 0.0012733922055000828.
epoch 0: inverse test average loss 1.9512829668302504e-05.
epoch 99: inverse train average loss 0.0008708208463051253.
epoch 99: inverse test average loss 0.00014739269520052604.
forward model: training agent 1.
Epoch 0: forward train average loss 0.00486276847206884.
epoch 0: forward test average loss 0.012172470904058881.
Epoch 99: forward train average loss 0.0037302541443043286.
epoch 99: forward test average loss 0.008451068980826272.
inverse model, training agent 1.
epoch 0: inverse train average loss 0.006783172798653443.
epoch 0: inverse test average loss 0.010615217602915235.
epoch 99: inverse train average loss 0.005905219508955876.
epoch 99: inverse test average loss 0.00946310990386539.
forward model: training agent 2.
Epoch 0: forward train average loss 0.003685249895271328.
epoch 0: forward test average loss 0.005059992687569724.
Epoch 99: forward train average loss 0.0028986837197509077.
epoch 99: forward test average loss 0.005021858339508374.
inverse model, training agent 2.
epoch 0: inverse train average loss 0.008435838338401582.
epoch 0: inverse test average loss 0.015932743748029072.
epoch 99: inverse train average loss 0.006139296313954724.
epoch 99: inverse test average loss 0.008179110371404223.
forward model: training agent 3.
Epoch 0: forward train average loss 0.008289447882109217.
epoch 0: forward test average loss 0.012087597615189023.
Epoch 99: forward train average loss 0.005870734444922871.
epoch 99: forward test average loss 0.013679026315609613.
inverse model, training agent 3.
epoch 0: inverse train average loss 0.010089522952006923.
epoch 0: inverse test average loss 0.01515213731262419.
epoch 99: inverse train average loss 0.008220591789318455.
epoch 99: inverse test average loss 0.01316098827454779.
forward model: training agent 4.
Epoch 0: forward train average loss 0.0027126410665611425.
epoch 0: forward test average loss 0.005553505693872769.
Epoch 99: forward train average loss 0.002128521472008692.
epoch 99: forward test average loss 0.004698386622799767.
inverse model, training agent 4.
epoch 0: inverse train average loss 0.019382285575071972.
epoch 0: inverse test average loss 0.029240325093269348.
epoch 99: inverse train average loss 0.015830835327506065.
epoch 99: inverse test average loss 0.023944323261578877.
forward model: training agent 5.
Epoch 0: forward train average loss 0.00211785195602311.
epoch 0: forward test average loss 0.0029653124511241913.
Epoch 99: forward train average loss 0.0016990430497874816.
epoch 99: forward test average loss 0.0027281373946203124.
inverse model, training agent 5.
epoch 0: inverse train average loss 0.010661657278736433.
epoch 0: inverse test average loss 0.016453973121113248.
epoch 99: inverse train average loss 0.009418461989197466.
epoch 99: inverse test average loss 0.014772818320327334.
forward model: training agent 6.
Epoch 0: forward train average loss 0.0033940020431247023.
epoch 0: forward test average loss 0.006099987361166213.
Epoch 99: forward train average loss 0.0024172053672373295.
epoch 99: forward test average loss 0.0037656931413544547.
inverse model, training agent 6.
epoch 0: inverse train average loss 0.008728332093192471.
epoch 0: inverse test average loss 0.013340892063246833.
epoch 99: inverse train average loss 0.006213753898110654.
epoch 99: inverse test average loss 0.009923741635349061.
Policy training episode: 4, grounded actions taken: 894, last two uncertainties: {0: [0.0, 0.0], 1: [0.0, 0.0], 2: [0.0, 0.0], 3: [0.0, 0.0], 4: [0.0, 0.0], 5: [0.0, 0.0], 6: [0.0, 0.0]}, avg agent uncertainties: [0.0, 0.0, 0.0, 0.0, 0.0, 0.0, 0.0], grounded actions by agent: [113, 122, 114, 136, 129, 141, 139]
Policy training episode: 4, iteration 0/1, policy training avg travel time:64.47499171911228, q_loss:1.5317349433898926, rewards:-3.080241224500868, queue:0.4607142857142857, delay:0.046580584087069075, throughput:3012
Sim Rollout episode:5/100, sim avg travel time:69.22789002981119, rewards:-2.90138922797309, queue:0.44325396825396823, delay:0.04378667558942522, throughput:3012
Real rollout step:5/100, travel time:687.8643933386202, rewards:-102.96598307291667, queue:12.98015873015873, delay:0.21737968808128721, throughput:834
forward model: training agent 0.
Epoch 0: forward train average loss 0.11751265327135722.
epoch 0: forward test average loss 0.1945866213904487.
Epoch 99: forward train average loss 0.0019013917125347587.
epoch 99: forward test average loss 0.002229216094646189.
inverse model, training agent 0.
epoch 0: inverse train average loss 7.834853992486994e-05.
epoch 0: inverse test average loss 0.00010644066949478454.
epoch 99: inverse train average loss 8.854242474222297e-06.
epoch 99: inverse test average loss 1.2160123636325201e-05.
forward model: training agent 1.
Epoch 0: forward train average loss 0.3298286596934001.
epoch 0: forward test average loss 0.352113061481052.
Epoch 99: forward train average loss 0.0007274405668593115.
epoch 99: forward test average loss 0.0015399467148300675.
inverse model, training agent 1.
epoch 0: inverse train average loss 0.006177726512153943.
epoch 0: inverse test average loss 0.014766978720823923.
epoch 99: inverse train average loss 0.005499142429067029.
epoch 99: inverse test average loss 0.010742781890763177.
forward model: training agent 2.
Epoch 0: forward train average loss 0.12759454631143147.
epoch 0: forward test average loss 0.07760867145326403.
Epoch 99: forward train average loss 0.00097444255111946.
epoch 99: forward test average loss 0.0012848970169822376.
inverse model, training agent 2.
epoch 0: inverse train average loss 0.005161606189277437.
epoch 0: inverse test average loss 0.008206008830004267.
epoch 99: inverse train average loss 0.0012205031428796549.
epoch 99: inverse test average loss 0.003605011333194044.
forward model: training agent 3.
Epoch 0: forward train average loss 0.01728632404572434.
epoch 0: forward test average loss 0.008431588196092181.
Epoch 99: forward train average loss 0.0007680491932357351.
epoch 99: forward test average loss 0.0015536938380036089.
inverse model, training agent 3.
epoch 0: inverse train average loss 0.012321872015794119.
epoch 0: inverse test average loss 0.01808797236945894.
epoch 99: inverse train average loss 0.010121450655990176.
epoch 99: inverse test average loss 0.019118694795502558.
forward model: training agent 4.
Epoch 0: forward train average loss 0.007188459340896871.
epoch 0: forward test average loss 0.008421022031042311.
Epoch 99: forward train average loss 0.0005608539472127126.
epoch 99: forward test average loss 0.0015956882594360246.
inverse model, training agent 4.
epoch 0: inverse train average loss 0.016078510632117588.
epoch 0: inverse test average loss 0.026336911651823256.
epoch 99: inverse train average loss 0.013832606168256866.
epoch 99: inverse test average loss 0.022418883111741807.
forward model: training agent 5.
Epoch 0: forward train average loss 0.002990639872021145.
epoch 0: forward test average loss 0.0046393368393182755.
Epoch 99: forward train average loss 0.0018669891222897503.
epoch 99: forward test average loss 0.003224805514845583.
inverse model, training agent 5.
epoch 0: inverse train average loss 0.01449548453092575.
epoch 0: inverse test average loss 0.021386125021510653.
epoch 99: inverse train average loss 0.010818291248546706.
epoch 99: inverse test average loss 0.018181641068723466.
forward model: training agent 6.
Epoch 0: forward train average loss 0.004731930430150694.
epoch 0: forward test average loss 0.005233345346318351.
Epoch 99: forward train average loss 0.001424135614393486.
epoch 99: forward test average loss 0.002920812306304773.
inverse model, training agent 6.
epoch 0: inverse train average loss 0.005929816772954332.
epoch 0: inverse test average loss 0.013098953912655512.
epoch 99: inverse train average loss 0.004379132245149877.
epoch 99: inverse test average loss 0.008289515558216307.
Policy training episode: 5, grounded actions taken: 813, last two uncertainties: {0: [0.0, 0.0], 1: [0.0, 0.0], 2: [0.0, 0.0], 3: [0.0, 0.0], 4: [0.0, 0.0], 5: [0.0, 0.0], 6: [0.0, 0.0]}, avg agent uncertainties: [0.0, 0.0, 0.0, 0.0, 0.0, 0.0, 0.0], grounded actions by agent: [115, 109, 119, 125, 120, 119, 106]
Policy training episode: 5, iteration 0/1, policy training avg travel time:66.33134723601457, q_loss:1.4835315942764282, rewards:-3.1393334282769096, queue:0.4753968253968254, delay:0.044788257659427705, throughput:3011
Sim Rollout episode:6/100, sim avg travel time:64.40251572327044, rewards:-2.604222954644097, queue:0.4099206349206349, delay:0.04312349955240886, throughput:3012
Real rollout step:6/100, travel time:162.85851966075558, rewards:-17.18579779730903, queue:2.3876984126984127, delay:0.1579412308950273, throughput:2462
forward model: training agent 0.
Epoch 0: forward train average loss 0.004215513097329272.
epoch 0: forward test average loss 0.005661141334308518.
Epoch 99: forward train average loss 0.002461286468638314.
epoch 99: forward test average loss 0.0034699473116132948.
inverse model, training agent 0.
epoch 0: inverse train average loss 8.179158006290285e-06.
epoch 0: inverse test average loss 1.7752693869018305e-05.
epoch 99: inverse train average loss 6.50673169073141e-07.
epoch 99: inverse test average loss 8.515598387425093e-07.
forward model: training agent 1.
Epoch 0: forward train average loss 0.006464608944952488.
epoch 0: forward test average loss 0.011608824961715274.
Epoch 99: forward train average loss 0.004184669245862299.
epoch 99: forward test average loss 0.008306026872661378.
inverse model, training agent 1.
epoch 0: inverse train average loss 0.005392241602142652.
epoch 0: inverse test average loss 0.018561146325535245.
epoch 99: inverse train average loss 0.004459859855059121.
epoch 99: inverse test average loss 0.0074128202266163295.
forward model: training agent 2.
Epoch 0: forward train average loss 0.003537485013819403.
epoch 0: forward test average loss 0.004587221269806226.
Epoch 99: forward train average loss 0.002150620178629955.
epoch 99: forward test average loss 0.0036465033060974544.
inverse model, training agent 2.
epoch 0: inverse train average loss 0.05340516318877538.
epoch 0: inverse test average loss 0.08741241031222874.
epoch 99: inverse train average loss 0.009724151550067795.
epoch 99: inverse test average loss 0.014182438039117388.
forward model: training agent 3.
Epoch 0: forward train average loss 0.010316482124229273.
epoch 0: forward test average loss 0.018161025312211778.
Epoch 99: forward train average loss 0.006099147204723623.
epoch 99: forward test average loss 0.014260590904288821.
inverse model, training agent 3.
epoch 0: inverse train average loss 0.010815353236264653.
epoch 0: inverse test average loss 0.018372058868408203.
epoch 99: inverse train average loss 0.009764680431948768.
epoch 99: inverse test average loss 0.014496406747235192.
forward model: training agent 4.
Epoch 0: forward train average loss 0.00431249544231428.
epoch 0: forward test average loss 0.00732644543879562.
Epoch 99: forward train average loss 0.0022770616018937696.
epoch 99: forward test average loss 0.0035059693165951306.
inverse model, training agent 4.
epoch 0: inverse train average loss 0.01665449183848169.
epoch 0: inverse test average loss 0.031535072459114924.
epoch 99: inverse train average loss 0.013903329148888588.
epoch 99: inverse test average loss 0.024027730027834576.
forward model: training agent 5.
Epoch 0: forward train average loss 0.002221248552410139.
epoch 0: forward test average loss 0.0039634257555007935.
Epoch 99: forward train average loss 0.0017415526736941603.
epoch 99: forward test average loss 0.003016847599711683.
inverse model, training agent 5.
epoch 0: inverse train average loss 0.026091703938113317.
epoch 0: inverse test average loss 0.04914897349145678.
epoch 99: inverse train average loss 0.016631439535154238.
epoch 99: inverse test average loss 0.02627681940793991.
forward model: training agent 6.
Epoch 0: forward train average loss 0.0034770333829025426.
epoch 0: forward test average loss 0.005100187121166123.
Epoch 99: forward train average loss 0.0023849336171729695.
epoch 99: forward test average loss 0.0039128077526887255.
inverse model, training agent 6.
epoch 0: inverse train average loss 0.005710330067409409.
epoch 0: inverse test average loss 0.008251386798090406.
epoch 99: inverse train average loss 0.004266450905965434.
epoch 99: inverse test average loss 0.008993723740180334.
Policy training episode: 6, grounded actions taken: 846, last two uncertainties: {0: [0.0, 0.0], 1: [0.0, 0.0], 2: [0.0, 0.0], 3: [0.0, 0.0], 4: [0.0, 0.0], 5: [0.0, 0.0], 6: [0.0, 0.0]}, avg agent uncertainties: [0.0, 0.0, 0.0, 0.0, 0.0, 0.0, 0.0], grounded actions by agent: [122, 124, 129, 114, 120, 119, 118]
Policy training episode: 6, iteration 0/1, policy training avg travel time:65.80205230056272, q_loss:1.4955915212631226, rewards:-3.0934451633029516, queue:0.45595238095238094, delay:0.046359628344339036, throughput:3009
Sim Rollout episode:7/100, sim avg travel time:191.98611111111111, rewards:-3.158852132161458, queue:0.4777777777777778, delay:0.04908371879940941, throughput:2599
Real rollout step:7/100, travel time:126.80542813455658, rewards:-14.762962510850695, queue:1.9456349206349206, delay:0.1450119381859189, throughput:2510
forward model: training agent 0.
Epoch 0: forward train average loss 0.00468731542221374.
epoch 0: forward test average loss 0.005183883528742526.
Epoch 99: forward train average loss 0.0032434401412804923.
epoch 99: forward test average loss 0.006251101071635882.
inverse model, training agent 0.
epoch 0: inverse train average loss 0.008796951992230283.
epoch 0: inverse test average loss 1.1398414648687726e-06.
epoch 99: inverse train average loss 0.004188502595449488.
epoch 99: inverse test average loss 0.00022605727038656673.
forward model: training agent 1.
Epoch 0: forward train average loss 0.0050722941135366755.
epoch 0: forward test average loss 0.008188294453753365.
Epoch 99: forward train average loss 0.0039944918308820986.
epoch 99: forward test average loss 0.00837394181225035.
inverse model, training agent 1.
epoch 0: inverse train average loss 0.005223829299211502.
epoch 0: inverse test average loss 0.00783375029762586.
epoch 99: inverse train average loss 0.0043902611877355315.
epoch 99: inverse test average loss 0.0059718600370817715.
forward model: training agent 2.
Epoch 0: forward train average loss 0.0037942948337230417.
epoch 0: forward test average loss 0.005364101173149215.
Epoch 99: forward train average loss 0.002778164990660217.
epoch 99: forward test average loss 0.004866476688120101.
inverse model, training agent 2.
epoch 0: inverse train average loss 0.016789000274406538.
epoch 0: inverse test average loss 0.029121499922540452.
epoch 99: inverse train average loss 0.0019618415584166846.
epoch 99: inverse test average loss 0.010113091932402717.
forward model: training agent 3.
Epoch 0: forward train average loss 0.007287953152424759.
epoch 0: forward test average loss 0.01320179800192515.
Epoch 99: forward train average loss 0.005081746416787307.
epoch 99: forward test average loss 0.0128146902554565.
inverse model, training agent 3.
epoch 0: inverse train average loss 0.011734072532918718.
epoch 0: inverse test average loss 0.017445374694135454.
epoch 99: inverse train average loss 0.0106899400966035.
epoch 99: inverse test average loss 0.022218388815720875.
forward model: training agent 4.
Epoch 0: forward train average loss 0.0030791255024572215.
epoch 0: forward test average loss 0.0039249807596206665.
Epoch 99: forward train average loss 0.0023680973228895003.
epoch 99: forward test average loss 0.004826995233694713.
inverse model, training agent 4.
epoch 0: inverse train average loss 0.018871684455209307.
epoch 0: inverse test average loss 0.026866201725271013.
epoch 99: inverse train average loss 0.015404721515046226.
epoch 99: inverse test average loss 0.01952316529221005.
forward model: training agent 5.
Epoch 0: forward train average loss 0.0019986378805090985.
epoch 0: forward test average loss 0.004348102750049697.
Epoch 99: forward train average loss 0.001643985587482651.
epoch 99: forward test average loss 0.0033517184977730117.
inverse model, training agent 5.
epoch 0: inverse train average loss 0.012683816461099518.
epoch 0: inverse test average loss 0.026357399092780218.
epoch 99: inverse train average loss 0.008987835815383328.
epoch 99: inverse test average loss 0.0138254024916225.
forward model: training agent 6.
Epoch 0: forward train average loss 0.0033611776307225227.
epoch 0: forward test average loss 0.0040674880146980286.
Epoch 99: forward train average loss 0.002340516799853908.
epoch 99: forward test average loss 0.005585248064663675.
inverse model, training agent 6.
epoch 0: inverse train average loss 0.004796404184566604.
epoch 0: inverse test average loss 0.005577648886375957.
epoch 99: inverse train average loss 0.0035121608008113173.
epoch 99: inverse test average loss 0.0030860891565680504.
Policy training episode: 7, grounded actions taken: 894, last two uncertainties: {0: [0.0, 0.0], 1: [0.0, 0.0], 2: [0.0, 0.0], 3: [0.0, 0.0], 4: [0.0, 0.0], 5: [0.0, 0.0], 6: [0.0, 0.0]}, avg agent uncertainties: [0.0, 0.0, 0.0, 0.0, 0.0, 0.0, 0.0], grounded actions by agent: [126, 131, 133, 124, 130, 137, 113]
Policy training episode: 7, iteration 0/1, policy training avg travel time:65.7399801258695, q_loss:1.3328585624694824, rewards:-3.0855370415581596, queue:0.46785714285714286, delay:0.04442816537524027, throughput:3012
Sim Rollout episode:8/100, sim avg travel time:148.75629139072848, rewards:-2.565407477484809, queue:0.3888888888888889, delay:0.04367530156695654, throughput:2671
Real rollout step:8/100, travel time:136.71455938697318, rewards:-17.184705946180557, queue:2.2646825396825396, delay:0.15264816284179689, throughput:2483
forward model: training agent 0.
Epoch 0: forward train average loss 0.003499734784579939.
epoch 0: forward test average loss 0.003479443076584074.
Epoch 99: forward train average loss 0.0030565435170299476.
epoch 99: forward test average loss 0.005538046566976441.
inverse model, training agent 0.
epoch 0: inverse train average loss 0.0014746333714962627.
epoch 0: inverse test average loss 0.0017689497649876608.
epoch 99: inverse train average loss 0.0008995521024593876.
epoch 99: inverse test average loss 0.001716860582948559.
forward model: training agent 1.
Epoch 0: forward train average loss 0.005627765734162595.
epoch 0: forward test average loss 0.008361597441964679.
Epoch 99: forward train average loss 0.004432172980159521.
epoch 99: forward test average loss 0.008732013818290498.
inverse model, training agent 1.
epoch 0: inverse train average loss 0.005412185409416755.
epoch 0: inverse test average loss 0.00493964630489548.
epoch 99: inverse train average loss 0.004685993772000074.
epoch 99: inverse test average loss 0.004552328959107399.
forward model: training agent 2.
Epoch 0: forward train average loss 0.0034421367260317006.
epoch 0: forward test average loss 0.0057785167462295955.
Epoch 99: forward train average loss 0.0025556799955666065.
epoch 99: forward test average loss 0.0053022195481591755.
inverse model, training agent 2.
epoch 0: inverse train average loss 0.0027119606319401.
epoch 0: inverse test average loss 0.007654589497380787.
epoch 99: inverse train average loss 0.0018908094045602614.
epoch 99: inverse test average loss 0.004409423822330104.
forward model: training agent 3.
Epoch 0: forward train average loss 0.00800121585941977.
epoch 0: forward test average loss 0.01378972331682841.
Epoch 99: forward train average loss 0.005078239055971305.
epoch 99: forward test average loss 0.012535609718826082.
inverse model, training agent 3.
epoch 0: inverse train average loss 0.010758877214458253.
epoch 0: inverse test average loss 0.01720278627342648.
epoch 99: inverse train average loss 0.009514925380547842.
epoch 99: inverse test average loss 0.01791850643025504.
forward model: training agent 4.
Epoch 0: forward train average loss 0.0027647284894353813.
epoch 0: forward test average loss 0.00436258895529641.
Epoch 99: forward train average loss 0.0021472686073846286.
epoch 99: forward test average loss 0.0034151964096559417.
inverse model, training agent 4.
epoch 0: inverse train average loss 0.012647442726625336.
epoch 0: inverse test average loss 0.017334330413076613.
epoch 99: inverse train average loss 0.007450958299967978.
epoch 99: inverse test average loss 0.012800891366269853.
forward model: training agent 5.
Epoch 0: forward train average loss 0.0019181410833779308.
epoch 0: forward test average loss 0.0030178450461890963.
Epoch 99: forward train average loss 0.0015239985401017799.
epoch 99: forward test average loss 0.003470402935312854.
inverse model, training agent 5.
epoch 0: inverse train average loss 0.008659102022647858.
epoch 0: inverse test average loss 0.015699221856064267.
epoch 99: inverse train average loss 0.006719224775830905.
epoch 99: inverse test average loss 0.03226672816607687.
forward model: training agent 6.
Epoch 0: forward train average loss 0.0035994953682853114.
epoch 0: forward test average loss 0.004527312599950367.
Epoch 99: forward train average loss 0.0025599889405485657.
epoch 99: forward test average loss 0.0041150427940819.
inverse model, training agent 6.
epoch 0: inverse train average loss 0.003649541021635135.
epoch 0: inverse test average loss 0.006679084151983261.
epoch 99: inverse train average loss 0.0027331833779397938.
epoch 99: inverse test average loss 0.00466981612973743.
Policy training episode: 8, grounded actions taken: 827, last two uncertainties: {0: [0.0, 0.0], 1: [0.0, 0.0], 2: [0.0, 0.0], 3: [0.0, 0.0], 4: [0.0, 0.0], 5: [0.0, 0.0], 6: [0.0, 0.0]}, avg agent uncertainties: [0.0, 0.0, 0.0, 0.0, 0.0, 0.0, 0.0], grounded actions by agent: [115, 132, 111, 121, 119, 125, 104]
Policy training episode: 8, iteration 0/1, policy training avg travel time:65.90562913907284, q_loss:1.3294845819473267, rewards:-2.9738149007161456, queue:0.45515873015873015, delay:0.044830564468625995, throughput:3011
Sim Rollout episode:9/100, sim avg travel time:70.04398148148148, rewards:-2.7667594061957463, queue:0.41944444444444445, delay:0.04451738690573072, throughput:3012
Real rollout step:9/100, travel time:154.62993680884676, rewards:-18.74473876953125, queue:2.5547619047619046, delay:0.15630311511811756, throughput:2389
forward model: training agent 0.
Epoch 0: forward train average loss 0.0033904511171082654.
epoch 0: forward test average loss 0.004837385689218839.
Epoch 99: forward train average loss 0.0027720194516910445.
epoch 99: forward test average loss 0.004710052369369401.
inverse model, training agent 0.
epoch 0: inverse train average loss 0.00016636478378333978.
epoch 0: inverse test average loss 0.0017068036443864305.
epoch 99: inverse train average loss 1.1687270267025775e-05.
epoch 99: inverse test average loss 0.0023760663655896983.
forward model: training agent 1.
Epoch 0: forward train average loss 0.005009964315427674.
epoch 0: forward test average loss 0.011446583188242383.
Epoch 99: forward train average loss 0.0034641201814843547.
epoch 99: forward test average loss 0.007363902818825509.
inverse model, training agent 1.
epoch 0: inverse train average loss 0.005437789743559228.
epoch 0: inverse test average loss 0.005049597264991866.
epoch 99: inverse train average loss 0.005131211856173145.
epoch 99: inverse test average loss 0.004502937404645814.
forward model: training agent 2.
Epoch 0: forward train average loss 0.0036282196330527463.
epoch 0: forward test average loss 0.007558696385886934.
Epoch 99: forward train average loss 0.002703211684193876.
epoch 99: forward test average loss 0.005031171668734815.
inverse model, training agent 2.
epoch 0: inverse train average loss 0.0027974973846640852.
epoch 0: inverse test average loss 0.004839003086090088.
epoch 99: inverse train average loss 0.002037749936183294.
epoch 99: inverse test average loss 0.002604067170371612.
forward model: training agent 3.
Epoch 0: forward train average loss 0.00751618513216575.
epoch 0: forward test average loss 0.01135096119509803.
Epoch 99: forward train average loss 0.004549018624756072.
epoch 99: forward test average loss 0.01099535326162974.
inverse model, training agent 3.
epoch 0: inverse train average loss 0.009855678305029869.
epoch 0: inverse test average loss 0.012059432350926928.
epoch 99: inverse train average loss 0.007988108528984917.
epoch 99: inverse test average loss 0.01296532443828053.
forward model: training agent 4.
Epoch 0: forward train average loss 0.0026935494711829554.
epoch 0: forward test average loss 0.003713505756523874.
Epoch 99: forward train average loss 0.0018972361512068245.
epoch 99: forward test average loss 0.004190418455335829.
inverse model, training agent 4.
epoch 0: inverse train average loss 0.012744471637739075.
epoch 0: inverse test average loss 0.022606059908866882.
epoch 99: inverse train average loss 0.009242523254619705.
epoch 99: inverse test average loss 0.010837226692173216.
forward model: training agent 5.
Epoch 0: forward train average loss 0.0019259674267636405.
epoch 0: forward test average loss 0.0032186295009321636.
Epoch 99: forward train average loss 0.0015854609664529562.
epoch 99: forward test average loss 0.0032956181094050407.
inverse model, training agent 5.
epoch 0: inverse train average loss 0.007231278448469109.
epoch 0: inverse test average loss 0.018782397111256916.
epoch 99: inverse train average loss 0.006160413587672843.
epoch 99: inverse test average loss 0.01850133389234543.
forward model: training agent 6.
Epoch 0: forward train average loss 0.003114086782766713.
epoch 0: forward test average loss 0.004560451747642623.
Epoch 99: forward train average loss 0.002298225596961048.
epoch 99: forward test average loss 0.0055170684225029415.
inverse model, training agent 6.
epoch 0: inverse train average loss 0.007909439607626863.
epoch 0: inverse test average loss 0.007865099857250849.
epoch 99: inverse train average loss 0.005971313557691044.
epoch 99: inverse test average loss 0.013590714583794275.
Policy training episode: 9, grounded actions taken: 850, last two uncertainties: {0: [0.0, 0.0], 1: [0.0, 0.0], 2: [0.0, 0.0], 3: [0.0, 0.0], 4: [0.0, 0.0], 5: [0.0, 0.0], 6: [0.0, 0.0]}, avg agent uncertainties: [0.0, 0.0, 0.0, 0.0, 0.0, 0.0, 0.0], grounded actions by agent: [120, 109, 120, 109, 126, 135, 131]
Policy training episode: 9, iteration 0/1, policy training avg travel time:64.42025148908007, q_loss:1.3589028120040894, rewards:-2.978056165907118, queue:0.45476190476190476, delay:0.04527490706670852, throughput:3012
Sim Rollout episode:10/100, sim avg travel time:148.22814569536425, rewards:-2.4494076199001737, queue:0.38095238095238093, delay:0.04207512386261471, throughput:2671
Real rollout step:10/100, travel time:657.044996121024, rewards:-98.87411024305555, queue:12.463888888888889, delay:0.18854314410497272, throughput:863
forward model: training agent 0.
Epoch 0: forward train average loss 0.0596289187669754.
epoch 0: forward test average loss 0.050299508704079524.
Epoch 99: forward train average loss 0.001964427194454604.
epoch 99: forward test average loss 0.002285156243791183.
inverse model, training agent 0.
epoch 0: inverse train average loss 1.2555063424062811e-05.
epoch 0: inverse test average loss 2.130931453494769e-05.
epoch 99: inverse train average loss 8.343168423784341e-07.
epoch 99: inverse test average loss 1.8011427932328338e-06.
forward model: training agent 1.
Epoch 0: forward train average loss 0.04947694722149107.
epoch 0: forward test average loss 0.017371014588409.
Epoch 99: forward train average loss 0.0005153793188381112.
epoch 99: forward test average loss 0.0014608879056241778.
inverse model, training agent 1.
epoch 0: inverse train average loss 0.0038512229091591304.
epoch 0: inverse test average loss 0.007344757517178853.
epoch 99: inverse train average loss 0.0030602062017553383.
epoch 99: inverse test average loss 0.0042242734796471065.
forward model: training agent 2.
Epoch 0: forward train average loss 0.04206805086384217.
epoch 0: forward test average loss 0.013687223609950807.
Epoch 99: forward train average loss 0.0007555591227072808.
epoch 99: forward test average loss 0.0010043448095934258.
inverse model, training agent 2.
epoch 0: inverse train average loss 0.0015844312082562181.
epoch 0: inverse test average loss 0.0020108004618022176.
epoch 99: inverse train average loss 0.00024159428115429668.
epoch 99: inverse test average loss 0.00013602602606018385.
forward model: training agent 3.
Epoch 0: forward train average loss 0.007067042144222392.
epoch 0: forward test average loss 0.006226420609487427.
Epoch 99: forward train average loss 0.0005789890031640729.
epoch 99: forward test average loss 0.002604484972026613.
inverse model, training agent 3.
epoch 0: inverse train average loss 0.009633924812078476.
epoch 0: inverse test average loss 0.01724497891134686.
epoch 99: inverse train average loss 0.008767812098893855.
epoch 99: inverse test average loss 0.01432285788986418.
forward model: training agent 4.
Epoch 0: forward train average loss 0.0054504999166561496.
epoch 0: forward test average loss 0.00626793938378493.
Epoch 99: forward train average loss 0.00046048130995283526.
epoch 99: forward test average loss 0.0010480698612001208.
inverse model, training agent 4.
epoch 0: inverse train average loss 0.016651762028535206.
epoch 0: inverse test average loss 0.025584335956308577.
epoch 99: inverse train average loss 0.01240783246854941.
epoch 99: inverse test average loss 0.018855541944503784.
forward model: training agent 5.
Epoch 0: forward train average loss 0.003520951865033971.
epoch 0: forward test average loss 0.004949726578262117.
Epoch 99: forward train average loss 0.0015761434980150727.
epoch 99: forward test average loss 0.0022197901788685056.
inverse model, training agent 5.
epoch 0: inverse train average loss 0.027456467764245138.
epoch 0: inverse test average loss 0.04168632295396593.
epoch 99: inverse train average loss 0.011963175195786688.
epoch 99: inverse test average loss 0.018202347060044605.
forward model: training agent 6.
Epoch 0: forward train average loss 0.0055566879196299445.
epoch 0: forward test average loss 0.00555038307276037.
Epoch 99: forward train average loss 0.0013433799095865753.
epoch 99: forward test average loss 0.002313113564418422.
inverse model, training agent 6.
epoch 0: inverse train average loss 0.0036164912809100416.
epoch 0: inverse test average loss 0.0053731534216139056.
epoch 99: inverse train average loss 0.002579248018769754.
epoch 99: inverse test average loss 0.002783688199188974.
Policy training episode: 10, grounded actions taken: 812, last two uncertainties: {0: [0.0, 0.0], 1: [0.0, 0.0], 2: [0.0, 0.0], 3: [0.0, 0.0], 4: [0.0, 0.0], 5: [0.0, 0.0], 6: [0.0, 0.0]}, avg agent uncertainties: [0.0, 0.0, 0.0, 0.0, 0.0, 0.0, 0.0], grounded actions by agent: [111, 110, 115, 109, 126, 116, 125]
Policy training episode: 10, iteration 0/1, policy training avg travel time:65.50960264900662, q_loss:1.297848105430603, rewards:-3.092426215277778, queue:0.4654761904761905, delay:0.04547817896282862, throughput:3012
Sim Rollout episode:11/100, sim avg travel time:62.90307641415812, rewards:-2.343889363606771, queue:0.3626984126984127, delay:0.04021645803300161, throughput:3012
Real rollout step:11/100, travel time:167.17360285374554, rewards:-20.729169379340277, queue:2.7698412698412698, delay:0.1596007574172247, throughput:2393
forward model: training agent 0.
Epoch 0: forward train average loss 0.0036208988684746954.
epoch 0: forward test average loss 0.0071163854251305265.
Epoch 99: forward train average loss 0.0027431056110395324.
epoch 99: forward test average loss 0.005171032415495979.
inverse model, training agent 0.
epoch 0: inverse train average loss 0.0010391585105177608.
epoch 0: inverse test average loss 0.00311110654638469.
epoch 99: inverse train average loss 0.0006348162027683833.
epoch 99: inverse test average loss 0.002060516106818492.
forward model: training agent 1.
Epoch 0: forward train average loss 0.007971714975105392.
epoch 0: forward test average loss 0.01203577510184712.
Epoch 99: forward train average loss 0.004061962270902263.
epoch 99: forward test average loss 0.007705046484867732.
inverse model, training agent 1.
epoch 0: inverse train average loss 0.0025802874265031684.
epoch 0: inverse test average loss 0.002631964912224147.
epoch 99: inverse train average loss 0.0021644109963542884.
epoch 99: inverse test average loss 0.004075564754505952.
forward model: training agent 2.
Epoch 0: forward train average loss 0.0034988560299906465.
epoch 0: forward test average loss 0.008135651755664084.
Epoch 99: forward train average loss 0.002292772496326102.
epoch 99: forward test average loss 0.005052873864769936.
inverse model, training agent 2.
epoch 0: inverse train average loss 0.009781637125545077.
epoch 0: inverse test average loss 0.01541898027062416.
epoch 99: inverse train average loss 0.003899315009928412.
epoch 99: inverse test average loss 0.003884105011820793.
forward model: training agent 3.
Epoch 0: forward train average loss 0.009495774077044593.
epoch 0: forward test average loss 0.021222224252091512.
Epoch 99: forward train average loss 0.004661851407339175.
epoch 99: forward test average loss 0.01584158092737198.
inverse model, training agent 3.
epoch 0: inverse train average loss 0.006941297608945105.
epoch 0: inverse test average loss 0.012604214664962556.
epoch 99: inverse train average loss 0.006049466319382191.
epoch 99: inverse test average loss 0.007918697678380542.
forward model: training agent 4.
Epoch 0: forward train average loss 0.004430012104825841.
epoch 0: forward test average loss 0.008046701757444276.
Epoch 99: forward train average loss 0.002076998327134384.
epoch 99: forward test average loss 0.0037427114115820993.
inverse model, training agent 4.
epoch 0: inverse train average loss 0.011525922558373876.
epoch 0: inverse test average loss 0.01644906484418445.
epoch 99: inverse train average loss 0.008706079278555181.
epoch 99: inverse test average loss 0.01257862937119272.
forward model: training agent 5.
Epoch 0: forward train average loss 0.002077735805263122.
epoch 0: forward test average loss 0.003609054825372166.
Epoch 99: forward train average loss 0.0016974410973489285.
epoch 99: forward test average loss 0.00352125470009115.
inverse model, training agent 5.
epoch 0: inverse train average loss 0.011347177541918226.
epoch 0: inverse test average loss 0.018025190465980105.
epoch 99: inverse train average loss 0.004554369435128238.
epoch 99: inverse test average loss 0.011293238856726222.
forward model: training agent 6.
Epoch 0: forward train average loss 0.0028995114585591685.
epoch 0: forward test average loss 0.004656119479073418.
Epoch 99: forward train average loss 0.001860793705822693.
epoch 99: forward test average loss 0.0050759828752941554.
inverse model, training agent 6.
epoch 0: inverse train average loss 0.0032257846453123623.
epoch 0: inverse test average loss 0.005214345330993335.
epoch 99: inverse train average loss 0.002443130283306042.
epoch 99: inverse test average loss 0.008274868958526187.
Policy training episode: 11, grounded actions taken: 805, last two uncertainties: {0: [0.0, 0.0], 1: [0.0, 0.0], 2: [0.0, 0.0], 3: [0.0, 0.0], 4: [0.0, 0.0], 5: [0.0, 0.0], 6: [0.0, 0.0]}, avg agent uncertainties: [0.0, 0.0, 0.0, 0.0, 0.0, 0.0, 0.0], grounded actions by agent: [121, 101, 105, 126, 125, 107, 120]
Policy training episode: 11, iteration 0/1, policy training avg travel time:64.10119047619048, q_loss:1.465104341506958, rewards:-2.830981953938802, queue:0.42857142857142855, delay:0.04352022806803386, throughput:3011
Sim Rollout episode:12/100, sim avg travel time:63.84712111184646, rewards:-2.42616695827908, queue:0.36706349206349204, delay:0.03950316716754247, throughput:3012
Real rollout step:12/100, travel time:150.71289719626168, rewards:-16.928742133246526, queue:2.3067460317460315, delay:0.15602479964967758, throughput:2544
forward model: training agent 0.
Epoch 0: forward train average loss 0.0030687133160730204.
epoch 0: forward test average loss 0.0037148581403825018.
Epoch 99: forward train average loss 0.0026024075535436473.
epoch 99: forward test average loss 0.0035823912670214972.
inverse model, training agent 0.
epoch 0: inverse train average loss 0.0007225765750465345.
epoch 0: inverse test average loss 0.01598017392744724.
epoch 99: inverse train average loss 0.0005981696384777832.
epoch 99: inverse test average loss 0.0015965998528473494.
forward model: training agent 1.
Epoch 0: forward train average loss 0.005247977458768421.
epoch 0: forward test average loss 0.0075449275059832465.
Epoch 99: forward train average loss 0.0037967467991014323.
epoch 99: forward test average loss 0.010130162868234847.
inverse model, training agent 1.
epoch 0: inverse train average loss 0.0036670456433461774.
epoch 0: inverse test average loss 0.0037082211735347905.
epoch 99: inverse train average loss 0.0027660484839644697.
epoch 99: inverse test average loss 0.005795083733068572.
forward model: training agent 2.
Epoch 0: forward train average loss 0.0031277286923593944.
epoch 0: forward test average loss 0.004210431439181169.
Epoch 99: forward train average loss 0.002237692940980196.
epoch 99: forward test average loss 0.00519231872426139.
inverse model, training agent 2.
epoch 0: inverse train average loss 0.028309123383627996.
epoch 0: inverse test average loss 0.04689560002750821.
epoch 99: inverse train average loss 0.011700139484471746.
epoch 99: inverse test average loss 0.016710946957270306.
forward model: training agent 3.
Epoch 0: forward train average loss 0.008036554273631837.
epoch 0: forward test average loss 0.013419260581334433.
Epoch 99: forward train average loss 0.005158357684397035.
epoch 99: forward test average loss 0.017555605206224654.
inverse model, training agent 3.
epoch 0: inverse train average loss 0.009055725816223357.
epoch 0: inverse test average loss 0.016888135837184057.
epoch 99: inverse train average loss 0.003881951380107138.
epoch 99: inverse test average loss 0.005934840689102809.
forward model: training agent 4.
Epoch 0: forward train average loss 0.0028849003008670276.
epoch 0: forward test average loss 0.005054201102919049.
Epoch 99: forward train average loss 0.0020226475317031145.
epoch 99: forward test average loss 0.00497447657916281.
inverse model, training agent 4.
epoch 0: inverse train average loss 0.018963273821605578.
epoch 0: inverse test average loss 0.027534253895282745.
epoch 99: inverse train average loss 0.009886388563447528.
epoch 99: inverse test average loss 0.02046269757880105.
forward model: training agent 5.
Epoch 0: forward train average loss 0.0020852918840116924.
epoch 0: forward test average loss 0.003995332246025403.
Epoch 99: forward train average loss 0.0016112205468946034.
epoch 99: forward test average loss 0.0032643709952632585.
inverse model, training agent 5.
epoch 0: inverse train average loss 0.01080113835632801.
epoch 0: inverse test average loss 0.016575200690163508.
epoch 99: inverse train average loss 0.008489117440250184.
epoch 99: inverse test average loss 0.016537985040081873.
forward model: training agent 6.
Epoch 0: forward train average loss 0.003118487230191628.
epoch 0: forward test average loss 0.005430432036519051.
Epoch 99: forward train average loss 0.0020490335559265483.
epoch 99: forward test average loss 0.00473138296769725.
inverse model, training agent 6.
epoch 0: inverse train average loss 0.0020768120367493895.
epoch 0: inverse test average loss 0.0036198850721120834.
epoch 99: inverse train average loss 0.0015304305707104504.
epoch 99: inverse test average loss 0.002776505011651251.
Policy training episode: 12, grounded actions taken: 835, last two uncertainties: {0: [0.0, 0.0], 1: [0.0, 0.0], 2: [0.0, 0.0], 3: [0.0, 0.0], 4: [0.0, 0.0], 5: [0.0, 0.0], 6: [0.0, 0.0]}, avg agent uncertainties: [0.0, 0.0, 0.0, 0.0, 0.0, 0.0, 0.0], grounded actions by agent: [116, 108, 110, 122, 146, 118, 115]
Policy training episode: 12, iteration 0/1, policy training avg travel time:63.60708374710361, q_loss:1.3942081928253174, rewards:-2.644537862141927, queue:0.403968253968254, delay:0.04247603038000682, throughput:3012
Sim Rollout episode:13/100, sim avg travel time:62.26150281363787, rewards:-2.044889153374566, queue:0.3242063492063492, delay:0.03673860156346881, throughput:3012
Real rollout step:13/100, travel time:151.4011673151751, rewards:-14.22396511501736, queue:1.917857142857143, delay:0.1429198492140997, throughput:2437
forward model: training agent 0.
Epoch 0: forward train average loss 0.003442698830945624.
epoch 0: forward test average loss 0.004447505291965272.
Epoch 99: forward train average loss 0.00265466318362289.
epoch 99: forward test average loss 0.006279253918263648.
inverse model, training agent 0.
epoch 0: inverse train average loss 0.0007078594693060344.
epoch 0: inverse test average loss 0.00015677888101587692.
epoch 99: inverse train average loss 0.0008846022101351991.
epoch 99: inverse test average loss 0.0002123271632525656.
forward model: training agent 1.
Epoch 0: forward train average loss 0.005100375248326195.
epoch 0: forward test average loss 0.008322240163882574.
Epoch 99: forward train average loss 0.0033797669845322766.
epoch 99: forward test average loss 0.008991667793856727.
inverse model, training agent 1.
epoch 0: inverse train average loss 0.0028057331478016246.
epoch 0: inverse test average loss 0.003305938715736071.
epoch 99: inverse train average loss 0.0021326071194683513.
epoch 99: inverse test average loss 0.004966617458396488.
forward model: training agent 2.
Epoch 0: forward train average loss 0.003650292702433136.
epoch 0: forward test average loss 0.0051125095536311465.
Epoch 99: forward train average loss 0.002524466020986438.
epoch 99: forward test average loss 0.006118387397792604.
inverse model, training agent 2.
epoch 0: inverse train average loss 0.01178347050315804.
epoch 0: inverse test average loss 0.020439983242087893.
epoch 99: inverse train average loss 0.003632124668608109.
epoch 99: inverse test average loss 0.005891987433036168.
forward model: training agent 3.
Epoch 0: forward train average loss 0.006383755140834385.
epoch 0: forward test average loss 0.012739649249447716.
Epoch 99: forward train average loss 0.004140719771385193.
epoch 99: forward test average loss 0.011977736320760515.
inverse model, training agent 3.
epoch 0: inverse train average loss 0.003728649113327265.
epoch 0: inverse test average loss 0.007427501181761424.
epoch 99: inverse train average loss 0.002503612647867865.
epoch 99: inverse test average loss 0.007930704909894202.
forward model: training agent 4.
Epoch 0: forward train average loss 0.0025908034812245104.
epoch 0: forward test average loss 0.004142221063375473.
Epoch 99: forward train average loss 0.0018108647006253402.
epoch 99: forward test average loss 0.003930179609192742.
inverse model, training agent 4.
epoch 0: inverse train average loss 0.016347891754574247.
epoch 0: inverse test average loss 0.022464599874284532.
epoch 99: inverse train average loss 0.009832006672190296.
epoch 99: inverse test average loss 0.013166082402070364.
forward model: training agent 5.
Epoch 0: forward train average loss 0.0019467462164660294.
epoch 0: forward test average loss 0.0031513872866829238.
Epoch 99: forward train average loss 0.0015412074151552385.
epoch 99: forward test average loss 0.004282866087224748.
inverse model, training agent 5.
epoch 0: inverse train average loss 0.008241317752334807.
epoch 0: inverse test average loss 0.013593860798411898.
epoch 99: inverse train average loss 0.00733471361713277.
epoch 99: inverse test average loss 0.0125804270307223.
forward model: training agent 6.
Epoch 0: forward train average loss 0.0030492526582545703.
epoch 0: forward test average loss 0.004181083291769028.
Epoch 99: forward train average loss 0.0019327942540662156.
epoch 99: forward test average loss 0.004869045068820317.
inverse model, training agent 6.
epoch 0: inverse train average loss 0.00685522011998627.
epoch 0: inverse test average loss 0.022812455478641722.
epoch 99: inverse train average loss 0.00440516594486932.
epoch 99: inverse test average loss 0.0056787291541695595.
Policy training episode: 13, grounded actions taken: 836, last two uncertainties: {0: [0.0, 0.0], 1: [0.0, 0.0], 2: [0.0, 0.0], 3: [0.0, 0.0], 4: [0.0, 0.0], 5: [0.0, 0.0], 6: [0.0, 0.0]}, avg agent uncertainties: [0.0, 0.0, 0.0, 0.0, 0.0, 0.0, 0.0], grounded actions by agent: [123, 119, 111, 126, 132, 122, 103]
Policy training episode: 13, iteration 0/1, policy training avg travel time:73.28150843532914, q_loss:1.304872751235962, rewards:-3.062722439236111, queue:0.4599206349206349, delay:0.04651798672146267, throughput:3012
Sim Rollout episode:14/100, sim avg travel time:65.34481616429281, rewards:-2.235037400987413, queue:0.35079365079365077, delay:0.03990584479437934, throughput:3012
Real rollout step:14/100, travel time:160.33372641509433, rewards:-17.096241590711806, queue:2.267063492063492, delay:0.15076785617404515, throughput:2407
forward model: training agent 0.
Epoch 0: forward train average loss 0.0035771106162832845.
epoch 0: forward test average loss 0.005596698158317142.
Epoch 99: forward train average loss 0.002459481798319353.
epoch 99: forward test average loss 0.0076754896177185904.
inverse model, training agent 0.
epoch 0: inverse train average loss 0.0007992901567680141.
epoch 0: inverse test average loss 0.0014189905357650584.
epoch 99: inverse train average loss 0.0007396907086432395.
epoch 99: inverse test average loss 0.0013716950327054495.
forward model: training agent 1.
Epoch 0: forward train average loss 0.006196780130267143.
epoch 0: forward test average loss 0.007500192150473595.
Epoch 99: forward train average loss 0.004010758931852049.
epoch 99: forward test average loss 0.006849057351549466.
inverse model, training agent 1.
epoch 0: inverse train average loss 0.0024457780075156027.
epoch 0: inverse test average loss 0.0036171585735347536.
epoch 99: inverse train average loss 0.0020542183839198616.
epoch 99: inverse test average loss 0.002097359632090148.
forward model: training agent 2.
Epoch 0: forward train average loss 0.003706530305660433.
epoch 0: forward test average loss 0.006494736712839868.
Epoch 99: forward train average loss 0.002437079351188408.
epoch 99: forward test average loss 0.005341224993268649.
inverse model, training agent 2.
epoch 0: inverse train average loss 0.0030309261185013587.
epoch 0: inverse test average loss 0.003624376840889454.
epoch 99: inverse train average loss 0.0025982163949973052.
epoch 99: inverse test average loss 0.0037390937407811484.
forward model: training agent 3.
Epoch 0: forward train average loss 0.007283795521491104.
epoch 0: forward test average loss 0.013778100825018354.
Epoch 99: forward train average loss 0.0041614505979749895.
epoch 99: forward test average loss 0.011574923164314695.
inverse model, training agent 3.
epoch 0: inverse train average loss 0.016148050626118977.
epoch 0: inverse test average loss 0.016556039090371795.
epoch 99: inverse train average loss 0.004450668994751241.
epoch 99: inverse test average loss 0.011038579046726227.
forward model: training agent 4.
Epoch 0: forward train average loss 0.002663086892830001.
epoch 0: forward test average loss 0.004439321450061268.
Epoch 99: forward train average loss 0.0017508850691633092.
epoch 99: forward test average loss 0.003883864213195112.
inverse model, training agent 4.
epoch 0: inverse train average loss 0.009949013383852111.
epoch 0: inverse test average loss 0.0134738576081064.
epoch 99: inverse train average loss 0.007311826675302452.
epoch 99: inverse test average loss 0.013572675072484545.
forward model: training agent 5.
Epoch 0: forward train average loss 0.001896063641955455.
epoch 0: forward test average loss 0.003855660764707459.
Epoch 99: forward train average loss 0.0013767537764377063.
epoch 99: forward test average loss 0.004170921734637684.
inverse model, training agent 5.
epoch 0: inverse train average loss 0.007563536572787497.
epoch 0: inverse test average loss 0.014778696828418307.
epoch 99: inverse train average loss 0.006933628684944577.
epoch 99: inverse test average loss 0.017195360942019358.
forward model: training agent 6.
Epoch 0: forward train average loss 0.0032225260511040688.
epoch 0: forward test average loss 0.004380666754311985.
Epoch 99: forward train average loss 0.00191093099096583.
epoch 99: forward test average loss 0.00535704857773251.
inverse model, training agent 6.
epoch 0: inverse train average loss 0.014351630583405495.
epoch 0: inverse test average loss 0.019488086303075153.
epoch 99: inverse train average loss 0.006910769993232356.
epoch 99: inverse test average loss 0.007719710055324767.
Policy training episode: 14, grounded actions taken: 876, last two uncertainties: {0: [0.0, 0.0], 1: [0.0, 0.0], 2: [0.0, 0.0], 3: [0.0, 0.0], 4: [0.0, 0.0], 5: [0.0, 0.0], 6: [0.0, 0.0]}, avg agent uncertainties: [0.0, 0.0, 0.0, 0.0, 0.0, 0.0, 0.0], grounded actions by agent: [123, 142, 110, 132, 120, 123, 126]
Policy training episode: 14, iteration 0/1, policy training avg travel time:67.09867549668874, q_loss:1.2376056909561157, rewards:-2.9168704562717016, queue:0.4448412698412698, delay:0.04586728716653491, throughput:3012
Sim Rollout episode:15/100, sim avg travel time:62.95696789142668, rewards:-2.346963331434462, queue:0.36428571428571427, delay:0.039609815203954304, throughput:3012
Real rollout step:15/100, travel time:696.2923898531375, rewards:-133.07129991319445, queue:16.507142857142856, delay:0.27964852953714037, throughput:1002
forward model: training agent 0.
Epoch 0: forward train average loss 0.011535762809216976.
epoch 0: forward test average loss 0.018689350535472233.
Epoch 99: forward train average loss 0.0014640575585265954.
epoch 99: forward test average loss 0.001987932456864251.
inverse model, training agent 0.
epoch 0: inverse train average loss 0.00043312345870718773.
epoch 0: inverse test average loss 0.00027097584421022073.
epoch 99: inverse train average loss 0.00037154844257101003.
epoch 99: inverse test average loss 0.0001410579295932419.
forward model: training agent 1.
Epoch 0: forward train average loss 0.08003672046793832.
epoch 0: forward test average loss 0.050664466288354665.
Epoch 99: forward train average loss 0.001460547339067691.
epoch 99: forward test average loss 0.006918745218879647.
inverse model, training agent 1.
epoch 0: inverse train average loss 0.004032469846101271.
epoch 0: inverse test average loss 0.0051558224691285025.
epoch 99: inverse train average loss 0.0029569121025916603.
epoch 99: inverse test average loss 0.004972000709838337.
forward model: training agent 2.
Epoch 0: forward train average loss 0.04659329147802459.
epoch 0: forward test average loss 0.02502093215783437.
Epoch 99: forward train average loss 0.0006345161042797068.
epoch 99: forward test average loss 0.002701821323070261.
inverse model, training agent 2.
epoch 0: inverse train average loss 0.0043570752410839.
epoch 0: inverse test average loss 0.005605563728345765.
epoch 99: inverse train average loss 0.002244698161828435.
epoch 99: inverse test average loss 0.002392246284418636.
forward model: training agent 3.
Epoch 0: forward train average loss 0.040788559450043574.
epoch 0: forward test average loss 0.037360976139704384.
Epoch 99: forward train average loss 0.0009868181983215942.
epoch 99: forward test average loss 0.0028856173157691956.
inverse model, training agent 3.
epoch 0: inverse train average loss 0.008762445197337203.
epoch 0: inverse test average loss 0.019359217749701604.
epoch 99: inverse train average loss 0.0048413338760534925.
epoch 99: inverse test average loss 0.006515720341768529.
forward model: training agent 4.
Epoch 0: forward train average loss 0.0067183466421233285.
epoch 0: forward test average loss 0.005019524238175816.
Epoch 99: forward train average loss 0.0005328673093269268.
epoch 99: forward test average loss 0.0017493043301834.
inverse model, training agent 4.
epoch 0: inverse train average loss 0.008772349812918238.
epoch 0: inverse test average loss 0.014330212440755632.
epoch 99: inverse train average loss 0.006542779091331694.
epoch 99: inverse test average loss 0.010633690489663018.
forward model: training agent 5.
Epoch 0: forward train average loss 0.0030669852987759644.
epoch 0: forward test average loss 0.003535746079352167.
Epoch 99: forward train average loss 0.0013891347787446445.
epoch 99: forward test average loss 0.002176830234626929.
inverse model, training agent 5.
epoch 0: inverse train average loss 0.004604845411247677.
epoch 0: inverse test average loss 0.007041538341177834.
epoch 99: inverse train average loss 0.002816268579206533.
epoch 99: inverse test average loss 0.003924178683923351.
forward model: training agent 6.
Epoch 0: forward train average loss 0.006448812782764435.
epoch 0: forward test average loss 0.007415110452307595.
Epoch 99: forward train average loss 0.001375873340293765.
epoch 99: forward test average loss 0.003257106989622116.
inverse model, training agent 6.
epoch 0: inverse train average loss 0.007256147244738208.
epoch 0: inverse test average loss 0.013961462097035514.
epoch 99: inverse train average loss 0.006009963341057301.
epoch 99: inverse test average loss 0.011540999429093467.
Policy training episode: 15, grounded actions taken: 888, last two uncertainties: {0: [0.0, 0.0], 1: [0.0, 0.0], 2: [0.0, 0.0], 3: [0.0, 0.0], 4: [0.0, 0.0], 5: [0.0, 0.0], 6: [0.0, 0.0]}, avg agent uncertainties: [0.0, 0.0, 0.0, 0.0, 0.0, 0.0, 0.0], grounded actions by agent: [143, 122, 129, 119, 120, 112, 143]
Policy training episode: 15, iteration 0/1, policy training avg travel time:68.6070837471036, q_loss:1.2548160552978516, rewards:-2.6912409464518228, queue:0.4154761904761905, delay:0.045795855446467325, throughput:3011
Sim Rollout episode:16/100, sim avg travel time:64.46059602649007, rewards:-2.4493150499131944, queue:0.37936507936507935, delay:0.041012679206000435, throughput:3012
Real rollout step:16/100, travel time:132.17685829366533, rewards:-20.28831787109375, queue:2.846031746031746, delay:0.1622992863730779, throughput:2618
forward model: training agent 0.
Epoch 0: forward train average loss 0.004696929620371925.
epoch 0: forward test average loss 0.005342030069894261.
Epoch 99: forward train average loss 0.002843586727976799.
epoch 99: forward test average loss 0.005679168841905064.
inverse model, training agent 0.
epoch 0: inverse train average loss 0.00035786731556678814.
epoch 0: inverse test average loss 0.0015460729805959596.
epoch 99: inverse train average loss 0.0005949257408954307.
epoch 99: inverse test average loss 0.00154073001532298.
forward model: training agent 1.
Epoch 0: forward train average loss 0.008585202921595838.
epoch 0: forward test average loss 0.013049736205074523.
Epoch 99: forward train average loss 0.0045307536816431414.
epoch 99: forward test average loss 0.010022586004601585.
inverse model, training agent 1.
epoch 0: inverse train average loss 0.00827385661088758.
epoch 0: inverse test average loss 0.01522316907842954.
epoch 99: inverse train average loss 0.005439870369931062.
epoch 99: inverse test average loss 0.0063891468776596915.
forward model: training agent 2.
Epoch 0: forward train average loss 0.004163204019682275.
epoch 0: forward test average loss 0.005819156558977233.
Epoch 99: forward train average loss 0.002205346840330296.
epoch 99: forward test average loss 0.004295528555909793.
inverse model, training agent 2.
epoch 0: inverse train average loss 0.005629647212723891.
epoch 0: inverse test average loss 0.008040582347247336.
epoch 99: inverse train average loss 0.0019545743448866736.
epoch 99: inverse test average loss 0.0027899746265676287.
forward model: training agent 3.
Epoch 0: forward train average loss 0.013751185395651393.
epoch 0: forward test average loss 0.022702210479312472.
Epoch 99: forward train average loss 0.004974753699368901.
epoch 99: forward test average loss 0.017462223768234253.
inverse model, training agent 3.
epoch 0: inverse train average loss 0.007347773036195172.
epoch 0: inverse test average loss 0.008487911687956916.
epoch 99: inverse train average loss 0.004762967065390613.
epoch 99: inverse test average loss 0.009256017704804739.
forward model: training agent 4.
Epoch 0: forward train average loss 0.0037932763807475567.
epoch 0: forward test average loss 0.005009897881084018.
Epoch 99: forward train average loss 0.0020405789319839743.
epoch 99: forward test average loss 0.004849182027909491.
inverse model, training agent 4.
epoch 0: inverse train average loss 0.0066979025594062274.
epoch 0: inverse test average loss 0.009552530944347382.
epoch 99: inverse train average loss 0.004337794509612852.
epoch 99: inverse test average loss 0.005974242463707924.
forward model: training agent 5.
Epoch 0: forward train average loss 0.002186266291472647.
epoch 0: forward test average loss 0.003648696467280388.
Epoch 99: forward train average loss 0.0015535119196607007.
epoch 99: forward test average loss 0.0038254917081859377.
inverse model, training agent 5.
epoch 0: inverse train average loss 0.011120750982728269.
epoch 0: inverse test average loss 0.011349567626085546.
epoch 99: inverse train average loss 0.007531619941194852.
epoch 99: inverse test average loss 0.00967310555279255.
forward model: training agent 6.
Epoch 0: forward train average loss 0.004368408841805326.
epoch 0: forward test average loss 0.0061864859114090604.
Epoch 99: forward train average loss 0.0023030987940728664.
epoch 99: forward test average loss 0.005444006580445502.
inverse model, training agent 6.
epoch 0: inverse train average loss 0.005255283477405707.
epoch 0: inverse test average loss 0.007838181944357024.
epoch 99: inverse train average loss 0.004625000732226504.
epoch 99: inverse test average loss 0.006943908209602038.
Policy training episode: 16, grounded actions taken: 813, last two uncertainties: {0: [0.0, 0.0], 1: [0.0, 0.0], 2: [0.0, 0.0], 3: [0.0, 0.0], 4: [0.0, 0.0], 5: [0.0, 0.0], 6: [0.0, 0.0]}, avg agent uncertainties: [0.0, 0.0, 0.0, 0.0, 0.0, 0.0, 0.0], grounded actions by agent: [111, 138, 103, 109, 113, 120, 119]
Policy training episode: 16, iteration 0/1, policy training avg travel time:65.49122807017544, q_loss:1.0195984840393066, rewards:-2.940352376302083, queue:0.44841269841269843, delay:0.044438571021670384, throughput:3012
Sim Rollout episode:17/100, sim avg travel time:63.203378602186156, rewards:-2.339889187282986, queue:0.3626984126984127, delay:0.04044020819285559, throughput:3012
Real rollout step:17/100, travel time:498.10228509249185, rewards:-110.84086371527778, queue:14.202380952380953, delay:0.26176268562438, throughput:1334
forward model: training agent 0.
Epoch 0: forward train average loss 0.018895228910777304.
epoch 0: forward test average loss 0.014241079075468911.
Epoch 99: forward train average loss 0.0021865591148121487.
epoch 99: forward test average loss 0.004017139578031169.
inverse model, training agent 0.
epoch 0: inverse train average loss 0.001384884883009363.
epoch 0: inverse test average loss 0.0016840619888777535.
epoch 99: inverse train average loss 0.0010799486060730284.
epoch 99: inverse test average loss 0.0013580795429233047.
forward model: training agent 1.
Epoch 0: forward train average loss 0.023084597662091255.
epoch 0: forward test average loss 0.01814365800884035.
Epoch 99: forward train average loss 0.002660446955511967.
epoch 99: forward test average loss 0.004540839025543796.
inverse model, training agent 1.
epoch 0: inverse train average loss 0.008685563173558977.
epoch 0: inverse test average loss 0.011382236455877623.
epoch 99: inverse train average loss 0.006882362481620576.
epoch 99: inverse test average loss 0.0397317111492157.
forward model: training agent 2.
Epoch 0: forward train average loss 0.015157911823027663.
epoch 0: forward test average loss 0.009975556698110368.
Epoch 99: forward train average loss 0.001223825345126291.
epoch 99: forward test average loss 0.0033881754303971925.
inverse model, training agent 2.
epoch 0: inverse train average loss 0.002722287317737937.
epoch 0: inverse test average loss 0.005779391982489162.
epoch 99: inverse train average loss 0.002121387359996637.
epoch 99: inverse test average loss 0.0032792406984501416.
forward model: training agent 3.
Epoch 0: forward train average loss 0.03125926852226257.
epoch 0: forward test average loss 0.0221716927157508.
Epoch 99: forward train average loss 0.0028275982994172308.
epoch 99: forward test average loss 0.010397832840681076.
inverse model, training agent 3.
epoch 0: inverse train average loss 0.007035936332411236.
epoch 0: inverse test average loss 0.009190145466062758.
epoch 99: inverse train average loss 0.003939649064300789.
epoch 99: inverse test average loss 0.007853113528754976.
forward model: training agent 4.
Epoch 0: forward train average loss 0.00996435402582089.
epoch 0: forward test average loss 0.005577382114198472.
Epoch 99: forward train average loss 0.0008337199299906691.
epoch 99: forward test average loss 0.002389925221602122.
inverse model, training agent 4.
epoch 0: inverse train average loss 0.010476725900338756.
epoch 0: inverse test average loss 0.008652018797066476.
epoch 99: inverse train average loss 0.006942280568182468.
epoch 99: inverse test average loss 0.0064346833775440855.
forward model: training agent 5.
Epoch 0: forward train average loss 0.0036940937861800194.
epoch 0: forward test average loss 0.005425343289971352.
Epoch 99: forward train average loss 0.0016969537052015464.
epoch 99: forward test average loss 0.0028729563992884424.
inverse model, training agent 5.
epoch 0: inverse train average loss 0.012811926710936759.
epoch 0: inverse test average loss 0.023269490235381655.
epoch 99: inverse train average loss 0.005169231755038102.
epoch 99: inverse test average loss 0.008354445712433921.
forward model: training agent 6.
Epoch 0: forward train average loss 0.005506610497832298.
epoch 0: forward test average loss 0.005784207334121068.
Epoch 99: forward train average loss 0.0015503355664097601.
epoch 99: forward test average loss 0.0031131886773639256.
inverse model, training agent 6.
epoch 0: inverse train average loss 0.009100058116018772.
epoch 0: inverse test average loss 0.01679942591322793.
epoch 99: inverse train average loss 0.0045450483448803425.
epoch 99: inverse test average loss 0.005459062858588166.
Policy training episode: 17, grounded actions taken: 821, last two uncertainties: {0: [0.0, 0.0], 1: [0.0, 0.0], 2: [0.0, 0.0], 3: [0.0, 0.0], 4: [0.0, 0.0], 5: [0.0, 0.0], 6: [0.0, 0.0]}, avg agent uncertainties: [0.0, 0.0, 0.0, 0.0, 0.0, 0.0, 0.0], grounded actions by agent: [113, 114, 122, 114, 123, 116, 119]
Policy training episode: 17, iteration 0/1, policy training avg travel time:63.72474329248095, q_loss:1.087202787399292, rewards:-2.708833991156684, queue:0.4035714285714286, delay:0.042164339338030134, throughput:3012
Sim Rollout episode:18/100, sim avg travel time:63.71414375621067, rewards:-2.408167182074653, queue:0.37222222222222223, delay:0.04082072121756417, throughput:3012
Real rollout step:18/100, travel time:126.58522954091816, rewards:-16.128260633680554, queue:2.16031746031746, delay:0.14010747273763022, throughput:2414
forward model: training agent 0.
Epoch 0: forward train average loss 0.0038263193952540555.
epoch 0: forward test average loss 0.010726012703445222.
Epoch 99: forward train average loss 0.0027264452849825225.
epoch 99: forward test average loss 0.005625341915422016.
inverse model, training agent 0.
epoch 0: inverse train average loss 0.00040480553353619244.
epoch 0: inverse test average loss 0.0024004795122891665.
epoch 99: inverse train average loss 0.00029324420595205284.
epoch 99: inverse test average loss 0.012819836847484112.
forward model: training agent 1.
Epoch 0: forward train average loss 0.005958160644190179.
epoch 0: forward test average loss 0.01088921394613054.
Epoch 99: forward train average loss 0.003422151371422741.
epoch 99: forward test average loss 0.008706955032216178.
inverse model, training agent 1.
epoch 0: inverse train average loss 0.006743210523078839.
epoch 0: inverse test average loss 0.006435424399872621.
epoch 99: inverse train average loss 0.00633666090046366.
epoch 99: inverse test average loss 0.00545845791283581.
forward model: training agent 2.
Epoch 0: forward train average loss 0.0036913154439793695.
epoch 0: forward test average loss 0.006506122855676545.
Epoch 99: forward train average loss 0.002128636154035727.
epoch 99: forward test average loss 0.007173537587126096.
inverse model, training agent 2.
epoch 0: inverse train average loss 0.004460792885058456.
epoch 0: inverse test average loss 0.008251164108514786.
epoch 99: inverse train average loss 0.0015421457937918603.
epoch 99: inverse test average loss 0.0021584980293280548.
forward model: training agent 3.
Epoch 0: forward train average loss 0.008692980847424932.
epoch 0: forward test average loss 0.012071489873859618.
Epoch 99: forward train average loss 0.0038099269796576765.
epoch 99: forward test average loss 0.012616951432492998.
inverse model, training agent 3.
epoch 0: inverse train average loss 0.005725956754758954.
epoch 0: inverse test average loss 0.01218457602792316.
epoch 99: inverse train average loss 0.0034713901372419465.
epoch 99: inverse test average loss 0.006039681766803066.
forward model: training agent 4.
Epoch 0: forward train average loss 0.0033786696278386647.
epoch 0: forward test average loss 0.0041476258387168246.
Epoch 99: forward train average loss 0.0017423695729424555.
epoch 99: forward test average loss 0.003731565343009101.
inverse model, training agent 4.
epoch 0: inverse train average loss 0.016730539086792205.
epoch 0: inverse test average loss 0.017913711153798632.
epoch 99: inverse train average loss 0.00974622027327617.
epoch 99: inverse test average loss 0.014176970968643824.
forward model: training agent 5.
Epoch 0: forward train average loss 0.002124240699534615.
epoch 0: forward test average loss 0.003246332829197248.
Epoch 99: forward train average loss 0.0015085618942975998.
epoch 99: forward test average loss 0.003116483489672343.
inverse model, training agent 5.
epoch 0: inverse train average loss 0.015618800909982787.
epoch 0: inverse test average loss 0.023724708292219374.
epoch 99: inverse train average loss 0.005191716520736615.
epoch 99: inverse test average loss 0.005566346252130138.
forward model: training agent 6.
Epoch 0: forward train average loss 0.003560474711573786.
epoch 0: forward test average loss 0.005198728500141038.
Epoch 99: forward train average loss 0.0020659826178517607.
epoch 99: forward test average loss 0.00418783300038841.
inverse model, training agent 6.
epoch 0: inverse train average loss 0.009657418872747157.
epoch 0: inverse test average loss 0.012771264960368475.
epoch 99: inverse train average loss 0.005822243479390939.
epoch 99: inverse test average loss 0.008584392567475637.
Policy training episode: 18, grounded actions taken: 851, last two uncertainties: {0: [0.0, 0.0], 1: [0.0, 0.0], 2: [0.0, 0.0], 3: [0.0, 0.0], 4: [0.0, 0.0], 5: [0.0, 0.0], 6: [0.0, 0.0]}, avg agent uncertainties: [0.0, 0.0, 0.0, 0.0, 0.0, 0.0, 0.0], grounded actions by agent: [121, 119, 133, 111, 114, 126, 127]
Policy training episode: 18, iteration 0/1, policy training avg travel time:64.63853028798411, q_loss:0.9842217564582825, rewards:-2.7953148735894096, queue:0.41825396825396827, delay:0.04488407922169519, throughput:3012
Sim Rollout episode:19/100, sim avg travel time:63.88208015899304, rewards:-2.3685004340277778, queue:0.3626984126984127, delay:0.04090052105131604, throughput:3012
Real rollout step:19/100, travel time:162.62510460251045, rewards:-18.615479871961806, queue:2.398015873015873, delay:0.15482464744931176, throughput:2261
forward model: training agent 0.
Epoch 0: forward train average loss 0.003376837975035111.
epoch 0: forward test average loss 0.004000058397650719.
Epoch 99: forward train average loss 0.0022737182314611143.
epoch 99: forward test average loss 0.004558988536397616.
inverse model, training agent 0.
epoch 0: inverse train average loss 0.00034230594044654735.
epoch 0: inverse test average loss 9.214104890512924e-05.
epoch 99: inverse train average loss 0.00031186456261720095.
epoch 99: inverse test average loss 7.707529908253087e-05.
forward model: training agent 1.
Epoch 0: forward train average loss 0.004936753979159726.
epoch 0: forward test average loss 0.006679559333456887.
Epoch 99: forward train average loss 0.0031493735603160327.
epoch 99: forward test average loss 0.010314287410842048.
inverse model, training agent 1.
epoch 0: inverse train average loss 0.007804959391554196.
epoch 0: inverse test average loss 0.007060421009858449.
epoch 99: inverse train average loss 0.006791465605298678.
epoch 99: inverse test average loss 0.006827583950426843.
forward model: training agent 2.
Epoch 0: forward train average loss 0.003339881439589792.
epoch 0: forward test average loss 0.005097330858310063.
Epoch 99: forward train average loss 0.0021371367749654585.
epoch 99: forward test average loss 0.005569968993465106.
inverse model, training agent 2.
epoch 0: inverse train average loss 0.03265510872006416.
epoch 0: inverse test average loss 0.05500629709826575.
epoch 99: inverse train average loss 0.011787219180001153.
epoch 99: inverse test average loss 0.017013848655753665.
forward model: training agent 3.
Epoch 0: forward train average loss 0.005680698590974013.
epoch 0: forward test average loss 0.011692248284816742.
Epoch 99: forward train average loss 0.0031153500700990358.
epoch 99: forward test average loss 0.010661044468482336.
inverse model, training agent 3.
epoch 0: inverse train average loss 0.00561721602247821.
epoch 0: inverse test average loss 0.009091094550159242.
epoch 99: inverse train average loss 0.0033641106759508452.
epoch 99: inverse test average loss 0.003021025047120121.
forward model: training agent 4.
Epoch 0: forward train average loss 0.0023657184922032887.
epoch 0: forward test average loss 0.004163111663526959.
Epoch 99: forward train average loss 0.0015662068035453558.
epoch 99: forward test average loss 0.0037118116807606486.
inverse model, training agent 4.
epoch 0: inverse train average loss 0.013620818654696146.
epoch 0: inverse test average loss 0.02055492252111435.
epoch 99: inverse train average loss 0.011110549378726218.
epoch 99: inverse test average loss 0.019877071181933086.
forward model: training agent 5.
Epoch 0: forward train average loss 0.0018574018548760149.
epoch 0: forward test average loss 0.002645126957860258.
Epoch 99: forward train average loss 0.0012706540680179994.
epoch 99: forward test average loss 0.00342654250562191.
inverse model, training agent 5.
epoch 0: inverse train average loss 0.002746782291473614.
epoch 0: inverse test average loss 0.0040076423643363845.
epoch 99: inverse train average loss 0.0004875812317348189.
epoch 99: inverse test average loss 0.00046658452548500564.
forward model: training agent 6.
Epoch 0: forward train average loss 0.00339957590525349.
epoch 0: forward test average loss 0.004485170253449016.
Epoch 99: forward train average loss 0.001845459815942579.
epoch 99: forward test average loss 0.006081019424729877.
inverse model, training agent 6.
epoch 0: inverse train average loss 0.007316430927150779.
epoch 0: inverse test average loss 0.01188154270251592.
epoch 99: inverse train average loss 0.005923123719791572.
epoch 99: inverse test average loss 0.01012941739625401.
Policy training episode: 19, grounded actions taken: 835, last two uncertainties: {0: [0.0, 0.0], 1: [0.0, 0.0], 2: [0.0, 0.0], 3: [0.0, 0.0], 4: [0.0, 0.0], 5: [0.0, 0.0], 6: [0.0, 0.0]}, avg agent uncertainties: [0.0, 0.0, 0.0, 0.0, 0.0, 0.0, 0.0], grounded actions by agent: [121, 116, 122, 112, 117, 124, 123]
Policy training episode: 19, iteration 0/1, policy training avg travel time:63.72104566512243, q_loss:0.9452419877052307, rewards:-2.7576666937934027, queue:0.41349206349206347, delay:0.043553900340246775, throughput:3012
Sim Rollout episode:20/100, sim avg travel time:64.39218284200066, rewards:-2.5422598944769965, queue:0.39404761904761904, delay:0.04103015718005952, throughput:3012
Real rollout step:20/100, travel time:328.55642023346303, rewards:-55.05645073784722, queue:7.627777777777778, delay:0.21764276898096477, throughput:1557
forward model: training agent 0.
Epoch 0: forward train average loss 0.002442580802987019.
epoch 0: forward test average loss 0.0032113708762658965.
Epoch 99: forward train average loss 0.0017462270851764414.
epoch 99: forward test average loss 0.0025803951753510367.
inverse model, training agent 0.
epoch 0: inverse train average loss 4.4631422901551967e-05.
epoch 0: inverse test average loss 7.321106386370957e-05.
epoch 99: inverse train average loss 3.874192164706376e-06.
epoch 99: inverse test average loss 5.6898378615086485e-06.
forward model: training agent 1.
Epoch 0: forward train average loss 0.013288687500688765.
epoch 0: forward test average loss 0.019844708343346912.
Epoch 99: forward train average loss 0.0023266756389704016.
epoch 99: forward test average loss 0.005447324572337998.
inverse model, training agent 1.
epoch 0: inverse train average loss 0.007068542194449239.
epoch 0: inverse test average loss 0.007758619056807624.
epoch 99: inverse train average loss 0.006047307203213374.
epoch 99: inverse test average loss 0.008251800719234679.
forward model: training agent 2.
Epoch 0: forward train average loss 0.00991330285453134.
epoch 0: forward test average loss 0.00744225788447592.
Epoch 99: forward train average loss 0.0014444227433866924.
epoch 99: forward test average loss 0.00231225597154763.
inverse model, training agent 2.
epoch 0: inverse train average loss 0.009329192961255709.
epoch 0: inverse test average loss 0.018096499145030975.
epoch 99: inverse train average loss 0.0016288520742414726.
epoch 99: inverse test average loss 0.0017417499329894781.
forward model: training agent 3.
Epoch 0: forward train average loss 0.0287315770983696.
epoch 0: forward test average loss 0.045193913910124034.
Epoch 99: forward train average loss 0.003002193756401539.
epoch 99: forward test average loss 0.006895813884006606.
inverse model, training agent 3.
epoch 0: inverse train average loss 0.00479581265244633.
epoch 0: inverse test average loss 0.007953629311588075.
epoch 99: inverse train average loss 0.0035272095766332415.
epoch 99: inverse test average loss 0.003984554153349664.
forward model: training agent 4.
Epoch 0: forward train average loss 0.00431252255414923.
epoch 0: forward test average loss 0.0037057892315917546.
Epoch 99: forward train average loss 0.0006950921120329036.
epoch 99: forward test average loss 0.0011712084265632762.
inverse model, training agent 4.
epoch 0: inverse train average loss 0.01232044253912237.
epoch 0: inverse test average loss 0.015470418665144179.
epoch 99: inverse train average loss 0.003010959830135107.
epoch 99: inverse test average loss 0.0032146195363667277.
forward model: training agent 5.
Epoch 0: forward train average loss 0.002035340449462334.
epoch 0: forward test average loss 0.00334512483742502.
Epoch 99: forward train average loss 0.0013894102950063017.
epoch 99: forward test average loss 0.004394150235586696.
inverse model, training agent 5.
epoch 0: inverse train average loss 0.046100806858804494.
epoch 0: inverse test average loss 0.05575053890546163.
epoch 99: inverse train average loss 0.005680786393996742.
epoch 99: inverse test average loss 0.006846708142095142.
forward model: training agent 6.
Epoch 0: forward train average loss 0.00241466389141149.
epoch 0: forward test average loss 0.0032657042352689635.
Epoch 99: forward train average loss 0.0013242544114796652.
epoch 99: forward test average loss 0.0036786186198393502.
inverse model, training agent 6.
epoch 0: inverse train average loss 0.005579982159866227.
epoch 0: inverse test average loss 0.009655424290233187.
epoch 99: inverse train average loss 0.004899331678946813.
epoch 99: inverse test average loss 0.01054932963516977.
Policy training episode: 20, grounded actions taken: 842, last two uncertainties: {0: [0.0, 0.0], 1: [0.0, 0.0], 2: [0.0, 0.0], 3: [0.0, 0.0], 4: [0.0, 0.0], 5: [0.0, 0.0], 6: [0.0, 0.0]}, avg agent uncertainties: [0.0, 0.0, 0.0, 0.0, 0.0, 0.0, 0.0], grounded actions by agent: [120, 117, 116, 126, 115, 124, 124]
Policy training episode: 20, iteration 0/1, policy training avg travel time:65.89635761589403, q_loss:1.0259524583816528, rewards:-2.6840191311306425, queue:0.40793650793650793, delay:0.04321961478581504, throughput:3011
Sim Rollout episode:21/100, sim avg travel time:62.6953642384106, rewards:-2.1717597113715277, queue:0.3373015873015873, delay:0.03985456739153181, throughput:3011
Real rollout step:21/100, travel time:148.80873103958564, rewards:-21.71309271918403, queue:2.9785714285714286, delay:0.1560365464952257, throughput:2523
forward model: training agent 0.
Epoch 0: forward train average loss 0.004687072709202766.
epoch 0: forward test average loss 0.005873282543487019.
Epoch 99: forward train average loss 0.002521328679803345.
epoch 99: forward test average loss 0.006329815627800094.
inverse model, training agent 0.
epoch 0: inverse train average loss 4.630964364575145e-06.
epoch 0: inverse test average loss 0.0020348964980156678.
epoch 99: inverse train average loss 3.098073793555361e-07.
epoch 99: inverse test average loss 0.0029163002517786176.
forward model: training agent 1.
Epoch 0: forward train average loss 0.00813859390715758.
epoch 0: forward test average loss 0.012992853505743874.
Epoch 99: forward train average loss 0.003563809001611339.
epoch 99: forward test average loss 0.010643921378586028.
inverse model, training agent 1.
epoch 0: inverse train average loss 0.005993741460972362.
epoch 0: inverse test average loss 0.00874337274581194.
epoch 99: inverse train average loss 0.005263423340188133.
epoch 99: inverse test average loss 0.02753427541918225.
forward model: training agent 2.
Epoch 0: forward train average loss 0.003226707844684521.
epoch 0: forward test average loss 0.005190473877721363.
Epoch 99: forward train average loss 0.0016462561001794206.
epoch 99: forward test average loss 0.005972941716512044.
inverse model, training agent 2.
epoch 0: inverse train average loss 0.03860136907961634.
epoch 0: inverse test average loss 0.07465400629573399.
epoch 99: inverse train average loss 0.007969774409300752.
epoch 99: inverse test average loss 0.015091437432501052.
forward model: training agent 3.
Epoch 0: forward train average loss 0.013219531211588118.
epoch 0: forward test average loss 0.015854535831345454.
Epoch 99: forward train average loss 0.004671543991814057.
epoch 99: forward test average loss 0.014088077263699638.
inverse model, training agent 3.
epoch 0: inverse train average loss 0.0029940063444276652.
epoch 0: inverse test average loss 0.00488647859957483.
epoch 99: inverse train average loss 0.0013759186129189199.
epoch 99: inverse test average loss 0.0014651328739192751.
forward model: training agent 4.
Epoch 0: forward train average loss 0.004248440834797091.
epoch 0: forward test average loss 0.007910343921846814.
Epoch 99: forward train average loss 0.0018049340384701888.
epoch 99: forward test average loss 0.005585314705967903.
inverse model, training agent 4.
epoch 0: inverse train average loss 0.02716407510969374.
epoch 0: inverse test average loss 0.027065335048569575.
epoch 99: inverse train average loss 0.010949105852180056.
epoch 99: inverse test average loss 0.010406208535035452.
forward model: training agent 5.
Epoch 0: forward train average loss 0.002499569078079528.
epoch 0: forward test average loss 0.003539239780770408.
Epoch 99: forward train average loss 0.0014706758730527428.
epoch 99: forward test average loss 0.003894087341096666.
inverse model, training agent 5.
epoch 0: inverse train average loss 0.021429720438188977.
epoch 0: inverse test average loss 0.0344202866156896.
epoch 99: inverse train average loss 0.006181843630555604.
epoch 99: inverse test average loss 0.008963692933321.
forward model: training agent 6.
Epoch 0: forward train average loss 0.0042278457226024736.
epoch 0: forward test average loss 0.007965494361188676.
Epoch 99: forward train average loss 0.0019009129092511204.
epoch 99: forward test average loss 0.0055695705943637425.
inverse model, training agent 6.
epoch 0: inverse train average loss 0.00647599415646659.
epoch 0: inverse test average loss 0.008655816730525758.
epoch 99: inverse train average loss 0.004969086653242509.
epoch 99: inverse test average loss 0.006832602123419444.
Policy training episode: 21, grounded actions taken: 833, last two uncertainties: {0: [0.0, 0.0], 1: [0.0, 0.0], 2: [0.0, 0.0], 3: [0.0, 0.0], 4: [0.0, 0.0], 5: [0.0, 0.0], 6: [0.0, 0.0]}, avg agent uncertainties: [0.0, 0.0, 0.0, 0.0, 0.0, 0.0, 0.0], grounded actions by agent: [119, 115, 114, 125, 125, 126, 109]
Policy training episode: 21, iteration 0/1, policy training avg travel time:64.74527989400464, q_loss:0.9677321910858154, rewards:-2.791241455078125, queue:0.4261904761904762, delay:0.043652655586363776, throughput:3012
Sim Rollout episode:22/100, sim avg travel time:63.79682329583058, rewards:-2.2045001559787325, queue:0.3404761904761905, delay:0.03999364943731399, throughput:3011
Real rollout step:22/100, travel time:613.5272292040694, rewards:-115.26606987847222, queue:14.938888888888888, delay:0.27958555675688246, throughput:1113
forward model: training agent 0.
Epoch 0: forward train average loss 0.008070860885911517.
epoch 0: forward test average loss 0.005829767013589541.
Epoch 99: forward train average loss 0.00175296308265792.
epoch 99: forward test average loss 0.002114922998266088.
inverse model, training agent 0.
epoch 0: inverse train average loss 0.0009042594204863184.
epoch 0: inverse test average loss 2.9074300932229056e-07.
epoch 99: inverse train average loss 0.0005069047403796705.
epoch 99: inverse test average loss 2.992508153612208e-05.
forward model: training agent 1.
Epoch 0: forward train average loss 0.012168151429957814.
epoch 0: forward test average loss 0.012686351521147622.
Epoch 99: forward train average loss 0.0017822553507155841.
epoch 99: forward test average loss 0.0033939053407973712.
inverse model, training agent 1.
epoch 0: inverse train average loss 0.006847119993633694.
epoch 0: inverse test average loss 0.01174016586608357.
epoch 99: inverse train average loss 0.004108918934232659.
epoch 99: inverse test average loss 0.007385640456858609.
forward model: training agent 2.
Epoch 0: forward train average loss 0.006809268353713883.
epoch 0: forward test average loss 0.0060854897730880314.
Epoch 99: forward train average loss 0.0009800678429504235.
epoch 99: forward test average loss 0.0022222729813721445.
inverse model, training agent 2.
epoch 0: inverse train average loss 0.017537280917167664.
epoch 0: inverse test average loss 0.032102026873164706.
epoch 99: inverse train average loss 0.003358546489228805.
epoch 99: inverse test average loss 0.006246494957142406.
forward model: training agent 3.
Epoch 0: forward train average loss 0.0057884990237653255.
epoch 0: forward test average loss 0.006050713153349029.
Epoch 99: forward train average loss 0.0007211288385507134.
epoch 99: forward test average loss 0.002117624609834618.
inverse model, training agent 3.
epoch 0: inverse train average loss 0.004894798285224372.
epoch 0: inverse test average loss 0.0025228983463926446.
epoch 99: inverse train average loss 0.003002949265970124.
epoch 99: inverse test average loss 0.003872674579421679.
forward model: training agent 4.
Epoch 0: forward train average loss 0.0015145687696834405.
epoch 0: forward test average loss 0.0020809855001668134.
Epoch 99: forward train average loss 0.0005095391792969571.
epoch 99: forward test average loss 0.000927364650932658.
inverse model, training agent 4.
epoch 0: inverse train average loss 0.016022725858622126.
epoch 0: inverse test average loss 0.02392388963037067.
epoch 99: inverse train average loss 0.007541925025482972.
epoch 99: inverse test average loss 0.013677905003229776.
forward model: training agent 5.
Epoch 0: forward train average loss 0.004544499433702893.
epoch 0: forward test average loss 0.005965491549836265.
Epoch 99: forward train average loss 0.0011812064848426315.
epoch 99: forward test average loss 0.0031677630419532457.
inverse model, training agent 5.
epoch 0: inverse train average loss 0.006753407211767303.
epoch 0: inverse test average loss 0.009333626470632024.
epoch 99: inverse train average loss 0.005630201867057217.
epoch 99: inverse test average loss 0.008176605320639081.
forward model: training agent 6.
Epoch 0: forward train average loss 0.004343807645555999.
epoch 0: forward test average loss 0.006250001490116119.
Epoch 99: forward train average loss 0.00129060090209047.
epoch 99: forward test average loss 0.004904756529463662.
inverse model, training agent 6.
epoch 0: inverse train average loss 0.005212779208603833.
epoch 0: inverse test average loss 0.008800041758351855.
epoch 99: inverse train average loss 0.0028210285430153212.
epoch 99: inverse test average loss 0.003625712279851238.
Policy training episode: 22, grounded actions taken: 869, last two uncertainties: {0: [0.0, 0.0], 1: [0.0, 0.0], 2: [0.0, 0.0], 3: [0.0, 0.0], 4: [0.0, 0.0], 5: [0.0, 0.0], 6: [0.0, 0.0]}, avg agent uncertainties: [0.0, 0.0, 0.0, 0.0, 0.0, 0.0, 0.0], grounded actions by agent: [124, 138, 119, 110, 125, 140, 113]
Policy training episode: 22, iteration 0/1, policy training avg travel time:70.9364448857994, q_loss:0.9965946078300476, rewards:-3.2144822862413194, queue:0.4857142857142857, delay:0.04568205333891369, throughput:3012
Sim Rollout episode:23/100, sim avg travel time:63.79940417080437, rewards:-2.3696297539605036, queue:0.3623015873015873, delay:0.04063444591703869, throughput:3011
Real rollout step:23/100, travel time:730.3243738546121, rewards:-153.22212456597222, queue:19.673809523809524, delay:0.2987722729879712, throughput:1016
forward model: training agent 0.
Epoch 0: forward train average loss 0.004372635338869359.
epoch 0: forward test average loss 0.005565598814023865.
Epoch 99: forward train average loss 0.001732601939390103.
epoch 99: forward test average loss 0.0028265962998072305.
inverse model, training agent 0.
epoch 0: inverse train average loss 0.0014866157831016204.
epoch 0: inverse test average loss 1.9642836478952733e-05.
epoch 99: inverse train average loss 0.0009933187005420525.
epoch 99: inverse test average loss 0.00027168103648970526.
forward model: training agent 1.
Epoch 0: forward train average loss 0.014069743868377473.
epoch 0: forward test average loss 0.019729778170585632.
Epoch 99: forward train average loss 0.0014286534602029456.
epoch 99: forward test average loss 0.0038198771783047253.
inverse model, training agent 1.
epoch 0: inverse train average loss 0.004610896783156527.
epoch 0: inverse test average loss 0.0025476455791956848.
epoch 99: inverse train average loss 0.004073529711200131.
epoch 99: inverse test average loss 0.0036220670574241215.
forward model: training agent 2.
Epoch 0: forward train average loss 0.038339965459373265.
epoch 0: forward test average loss 0.022315135018693075.
Epoch 99: forward train average loss 0.0007430066470988095.
epoch 99: forward test average loss 0.001768099299321572.
inverse model, training agent 2.
epoch 0: inverse train average loss 0.023091409769323137.
epoch 0: inverse test average loss 0.04747423529624939.
epoch 99: inverse train average loss 0.009762454777956009.
epoch 99: inverse test average loss 0.02006231165594525.
forward model: training agent 3.
Epoch 0: forward train average loss 0.010484386338955827.
epoch 0: forward test average loss 0.010132555332448747.
Epoch 99: forward train average loss 0.0006502839581420025.
epoch 99: forward test average loss 0.0016996833081874582.
inverse model, training agent 3.
epoch 0: inverse train average loss 0.003540621449549993.
epoch 0: inverse test average loss 0.004282602988597419.
epoch 99: inverse train average loss 0.0023766830563545227.
epoch 99: inverse test average loss 0.0058458226008547675.
forward model: training agent 4.
Epoch 0: forward train average loss 0.000704853323340002.
epoch 0: forward test average loss 0.0011349526337451404.
Epoch 99: forward train average loss 0.0004560085427429941.
epoch 99: forward test average loss 0.0007120978940899173.
inverse model, training agent 4.
epoch 0: inverse train average loss 0.012842574053340487.
epoch 0: inverse test average loss 0.013046369370487.
epoch 99: inverse train average loss 0.010001109809511237.
epoch 99: inverse test average loss 0.01588922656244702.
forward model: training agent 5.
Epoch 0: forward train average loss 0.0020030177870972287.
epoch 0: forward test average loss 0.0028744109181894194.
Epoch 99: forward train average loss 0.0009814402890495127.
epoch 99: forward test average loss 0.0033518120439516175.
inverse model, training agent 5.
epoch 0: inverse train average loss 0.0055247277745770085.
epoch 0: inverse test average loss 0.009399133423964182.
epoch 99: inverse train average loss 0.0015598783178979324.
epoch 99: inverse test average loss 0.0024286292286382783.
forward model: training agent 6.
Epoch 0: forward train average loss 0.006210753021554815.
epoch 0: forward test average loss 0.0063375309109687805.
Epoch 99: forward train average loss 0.0019551093379656472.
epoch 99: forward test average loss 0.003534111504753431.
inverse model, training agent 6.
epoch 0: inverse train average loss 0.004203125058362882.
epoch 0: inverse test average loss 0.003841969288057751.
epoch 99: inverse train average loss 0.0035930897833572496.
epoch 99: inverse test average loss 0.0021928298390573924.
Policy training episode: 23, grounded actions taken: 838, last two uncertainties: {0: [0.0, 0.0], 1: [0.0, 0.0], 2: [0.0, 0.0], 3: [0.0, 0.0], 4: [0.0, 0.0], 5: [0.0, 0.0], 6: [0.0, 0.0]}, avg agent uncertainties: [0.0, 0.0, 0.0, 0.0, 0.0, 0.0, 0.0], grounded actions by agent: [130, 131, 115, 110, 131, 106, 115]
Policy training episode: 23, iteration 0/1, policy training avg travel time:64.2271523178808, q_loss:1.0066019296646118, rewards:-2.956037394205729, queue:0.44722222222222224, delay:0.04489503587995257, throughput:3012
Sim Rollout episode:24/100, sim avg travel time:63.96687644915535, rewards:-2.8056482950846355, queue:0.41785714285714287, delay:0.041923983134920635, throughput:3012
Real rollout step:24/100, travel time:140.61548169962137, rewards:-21.124346245659723, queue:2.716666666666667, delay:0.1443811810205853, throughput:2279
forward model: training agent 0.
Epoch 0: forward train average loss 0.00364978751167655.
epoch 0: forward test average loss 0.005997742836674054.
Epoch 99: forward train average loss 0.0023500548623916176.
epoch 99: forward test average loss 0.0044931744535764056.
inverse model, training agent 0.
epoch 0: inverse train average loss 0.0005595222982164058.
epoch 0: inverse test average loss 0.00023107422101828788.
epoch 99: inverse train average loss 0.0005023744710746945.
epoch 99: inverse test average loss 0.00017056316654715274.
forward model: training agent 1.
Epoch 0: forward train average loss 0.005351989530026913.
epoch 0: forward test average loss 0.010005044440428415.
Epoch 99: forward train average loss 0.0029985037011404834.
epoch 99: forward test average loss 0.007352708735399776.
inverse model, training agent 1.
epoch 0: inverse train average loss 0.004501555632385943.
epoch 0: inverse test average loss 0.002358785157816278.
epoch 99: inverse train average loss 0.003934303505553139.
epoch 99: inverse test average loss 0.006074469019141462.
forward model: training agent 2.
Epoch 0: forward train average loss 0.004994576745149162.
epoch 0: forward test average loss 0.007656516714228524.
Epoch 99: forward train average loss 0.002509276382625103.
epoch 99: forward test average loss 0.005338424402806494.
inverse model, training agent 2.
epoch 0: inverse train average loss 0.010638904654317431.
epoch 0: inverse test average loss 0.015635117060608335.
epoch 99: inverse train average loss 0.001658384326017565.
epoch 99: inverse test average loss 0.0018500637056099044.
forward model: training agent 3.
Epoch 0: forward train average loss 0.006952178043623765.
epoch 0: forward test average loss 0.007613919675350189.
Epoch 99: forward train average loss 0.002783946796423859.
epoch 99: forward test average loss 0.007618480465478367.
inverse model, training agent 3.
epoch 0: inverse train average loss 0.004252597094616956.
epoch 0: inverse test average loss 0.007035802842842208.
epoch 99: inverse train average loss 0.0033227885141968727.
epoch 99: inverse test average loss 0.003044642352809509.
forward model: training agent 4.
Epoch 0: forward train average loss 0.003941492694947455.
epoch 0: forward test average loss 0.004302575770351622.
Epoch 99: forward train average loss 0.0015460362709644767.
epoch 99: forward test average loss 0.0030253914495309195.
inverse model, training agent 4.
epoch 0: inverse train average loss 0.010669297124776576.
epoch 0: inverse test average loss 0.013034958806302812.
epoch 99: inverse train average loss 0.006036953586671088.
epoch 99: inverse test average loss 0.007349356595012877.
forward model: training agent 5.
Epoch 0: forward train average loss 0.002178496163752344.
epoch 0: forward test average loss 0.003489362800286876.
Epoch 99: forward train average loss 0.0013739005662500858.
epoch 99: forward test average loss 0.0035000735272963843.
inverse model, training agent 5.
epoch 0: inverse train average loss 0.013672259325782457.
epoch 0: inverse test average loss 0.02075390103790495.
epoch 99: inverse train average loss 0.005126976408064365.
epoch 99: inverse test average loss 0.011019117302364774.
forward model: training agent 6.
Epoch 0: forward train average loss 0.0034964154991838667.
epoch 0: forward test average loss 0.005236728737751643.
Epoch 99: forward train average loss 0.001884785092746218.
epoch 99: forward test average loss 0.004690883267256949.
inverse model, training agent 6.
epoch 0: inverse train average loss 0.0035629798658192158.
epoch 0: inverse test average loss 0.00402349637200435.
epoch 99: inverse train average loss 0.0028927004378702906.
epoch 99: inverse test average loss 0.00658295676112175.
Policy training episode: 24, grounded actions taken: 804, last two uncertainties: {0: [0.0, 0.0], 1: [0.0, 0.0], 2: [0.0, 0.0], 3: [0.0, 0.0], 4: [0.0, 0.0], 5: [0.0, 0.0], 6: [0.0, 0.0]}, avg agent uncertainties: [0.0, 0.0, 0.0, 0.0, 0.0, 0.0, 0.0], grounded actions by agent: [118, 117, 125, 110, 113, 103, 118]
Policy training episode: 24, iteration 0/1, policy training avg travel time:68.70416942422237, q_loss:1.0635088682174683, rewards:-3.1242411295572916, queue:0.46111111111111114, delay:0.04631783621651786, throughput:3012
Sim Rollout episode:25/100, sim avg travel time:63.65640516385303, rewards:-2.5061297946506076, queue:0.39126984126984127, delay:0.040358737158396885, throughput:3011
Real rollout step:25/100, travel time:122.83919803600655, rewards:-13.728316243489584, queue:1.7317460317460318, delay:0.12502181038023932, throughput:2340
forward model: training agent 0.
Epoch 0: forward train average loss 0.003440719615254137.
epoch 0: forward test average loss 0.006945411778158612.
Epoch 99: forward train average loss 0.0020582330050981706.
epoch 99: forward test average loss 0.006867346664269765.
inverse model, training agent 0.
epoch 0: inverse train average loss 0.00010383501972278787.
epoch 0: inverse test average loss 0.0013881478161137137.
epoch 99: inverse train average loss 8.446514584647957e-06.
epoch 99: inverse test average loss 0.0020335481684823106.
forward model: training agent 1.
Epoch 0: forward train average loss 0.004585274391704136.
epoch 0: forward test average loss 0.00815684265560574.
Epoch 99: forward train average loss 0.0026624484970751735.
epoch 99: forward test average loss 0.008590136965115866.
inverse model, training agent 1.
epoch 0: inverse train average loss 0.0038275154462705054.
epoch 0: inverse test average loss 0.005265023973253038.
epoch 99: inverse train average loss 0.0032021828616658845.
epoch 99: inverse test average loss 0.00569238555100229.
forward model: training agent 2.
Epoch 0: forward train average loss 0.002960124880903297.
epoch 0: forward test average loss 0.00654686407910453.
Epoch 99: forward train average loss 0.0017414536430603927.
epoch 99: forward test average loss 0.005191554418868489.
inverse model, training agent 2.
epoch 0: inverse train average loss 0.006057776872896486.
epoch 0: inverse test average loss 0.005586462561041117.
epoch 99: inverse train average loss 0.004598967989699708.
epoch 99: inverse test average loss 0.011297636561923556.
forward model: training agent 3.
Epoch 0: forward train average loss 0.005096269098834859.
epoch 0: forward test average loss 0.009719984398947822.
Epoch 99: forward train average loss 0.002706647850573063.
epoch 99: forward test average loss 0.007231006605757607.
inverse model, training agent 3.
epoch 0: inverse train average loss 0.0034038915505839717.
epoch 0: inverse test average loss 0.007575440530975659.
epoch 99: inverse train average loss 0.0014736590997522904.
epoch 99: inverse test average loss 0.02111645084288385.
forward model: training agent 4.
Epoch 0: forward train average loss 0.0021581729201392997.
epoch 0: forward test average loss 0.0037243065113822618.
Epoch 99: forward train average loss 0.0013823050539940596.
epoch 99: forward test average loss 0.005077347159385681.
inverse model, training agent 4.
epoch 0: inverse train average loss 0.013569487258791924.
epoch 0: inverse test average loss 0.01236709269384543.
epoch 99: inverse train average loss 0.009165221514801184.
epoch 99: inverse test average loss 0.013303912762138579.
forward model: training agent 5.
Epoch 0: forward train average loss 0.0019810760083297887.
epoch 0: forward test average loss 0.0035353084612223837.
Epoch 99: forward train average loss 0.001225088153862291.
epoch 99: forward test average loss 0.0037337481561634275.
inverse model, training agent 5.
epoch 0: inverse train average loss 0.005817836926629146.
epoch 0: inverse test average loss 0.010864685393042035.
epoch 99: inverse train average loss 0.005257151917450958.
epoch 99: inverse test average loss 0.011704723040262857.
forward model: training agent 6.
Epoch 0: forward train average loss 0.0038410255995889506.
epoch 0: forward test average loss 0.004659060078362624.
Epoch 99: forward train average loss 0.001817063790642553.
epoch 99: forward test average loss 0.00524246527089013.
inverse model, training agent 6.
epoch 0: inverse train average loss 0.002527442450324694.
epoch 0: inverse test average loss 0.003491304193933805.
epoch 99: inverse train average loss 0.0021920373740916452.
epoch 99: inverse test average loss 0.003179774930079778.
Policy training episode: 25, grounded actions taken: 821, last two uncertainties: {0: [0.0, 0.0], 1: [0.0, 0.0], 2: [0.0, 0.0], 3: [0.0, 0.0], 4: [0.0, 0.0], 5: [0.0, 0.0], 6: [0.0, 0.0]}, avg agent uncertainties: [0.0, 0.0, 0.0, 0.0, 0.0, 0.0, 0.0], grounded actions by agent: [105, 131, 107, 124, 118, 125, 111]
Policy training episode: 25, iteration 0/1, policy training avg travel time:67.4809665673618, q_loss:1.0724989175796509, rewards:-2.935963609483507, queue:0.45396825396825397, delay:0.04497626773894779, throughput:3011
Sim Rollout episode:26/100, sim avg travel time:63.65508109897385, rewards:-2.4448706732855903, queue:0.3761904761904762, delay:0.04149307372078063, throughput:3011
Real rollout step:26/100, travel time:124.47399527186761, rewards:-13.519295247395833, queue:1.8551587301587302, delay:0.13605438716827878, throughput:2445
forward model: training agent 0.
Epoch 0: forward train average loss 0.004283480397942994.
epoch 0: forward test average loss 0.005129541373915142.
Epoch 99: forward train average loss 0.0025753149659269387.
epoch 99: forward test average loss 0.006386495505770047.
inverse model, training agent 0.
epoch 0: inverse train average loss 0.0013059006822812888.
epoch 0: inverse test average loss 0.002584482308722929.
epoch 99: inverse train average loss 0.000941941014995488.
epoch 99: inverse test average loss 0.001573251612070534.
forward model: training agent 1.
Epoch 0: forward train average loss 0.00645924618260728.
epoch 0: forward test average loss 0.009635438935624229.
Epoch 99: forward train average loss 0.003114072864668237.
epoch 99: forward test average loss 0.008308969851997163.
inverse model, training agent 1.
epoch 0: inverse train average loss 0.008467346429824829.
epoch 0: inverse test average loss 0.008973817858431075.
epoch 99: inverse train average loss 0.006048671383824613.
epoch 99: inverse test average loss 0.006014389710293876.
forward model: training agent 2.
Epoch 0: forward train average loss 0.003408157266676426.
epoch 0: forward test average loss 0.007343534173236953.
Epoch 99: forward train average loss 0.001880025232417716.
epoch 99: forward test average loss 0.003779950137767527.
inverse model, training agent 2.
epoch 0: inverse train average loss 0.018693617027666833.
epoch 0: inverse test average loss 0.03688064051998986.
epoch 99: inverse train average loss 0.009284103599687418.
epoch 99: inverse test average loss 0.015629354450437758.
forward model: training agent 3.
Epoch 0: forward train average loss 0.007774375689526399.
epoch 0: forward test average loss 0.014218038568894068.
Epoch 99: forward train average loss 0.003112042167534431.
epoch 99: forward test average loss 0.01733722910284996.
inverse model, training agent 3.
epoch 0: inverse train average loss 0.003950529447239306.
epoch 0: inverse test average loss 0.002755221574463778.
epoch 99: inverse train average loss 0.003512494524733888.
epoch 99: inverse test average loss 0.009906950406730175.
forward model: training agent 4.
Epoch 0: forward train average loss 0.0026735316237641703.
epoch 0: forward test average loss 0.0035962453112006187.
Epoch 99: forward train average loss 0.00156589157672392.
epoch 99: forward test average loss 0.0034333372281657327.
inverse model, training agent 4.
epoch 0: inverse train average loss 0.010185320551196734.
epoch 0: inverse test average loss 0.015327706933021545.
epoch 99: inverse train average loss 0.008704518899321556.
epoch 99: inverse test average loss 0.011556281397740046.
forward model: training agent 5.
Epoch 0: forward train average loss 0.0021198048618518645.
epoch 0: forward test average loss 0.003956203452414936.
Epoch 99: forward train average loss 0.0012817240656457013.
epoch 99: forward test average loss 0.0034917259795798194.
inverse model, training agent 5.
epoch 0: inverse train average loss 0.008105759819348654.
epoch 0: inverse test average loss 0.017882141802046034.
epoch 99: inverse train average loss 0.002322062254986829.
epoch 99: inverse test average loss 0.006549493720134099.
forward model: training agent 6.
Epoch 0: forward train average loss 0.0033206772576603624.
epoch 0: forward test average loss 0.0045860084808535045.
Epoch 99: forward train average loss 0.0016541892869604959.
epoch 99: forward test average loss 0.005321399619181951.
inverse model, training agent 6.
epoch 0: inverse train average loss 0.004464382978363169.
epoch 0: inverse test average loss 0.0042386070514718694.
epoch 99: inverse train average loss 0.0038436404429376125.
epoch 99: inverse test average loss 0.004389772398604287.
Policy training episode: 26, grounded actions taken: 775, last two uncertainties: {0: [0.0, 0.0], 1: [0.0, 0.0], 2: [0.0, 0.0], 3: [0.0, 0.0], 4: [0.0, 0.0], 5: [0.0, 0.0], 6: [0.0, 0.0]}, avg agent uncertainties: [0.0, 0.0, 0.0, 0.0, 0.0, 0.0, 0.0], grounded actions by agent: [118, 117, 105, 100, 114, 101, 120]
Policy training episode: 26, iteration 0/1, policy training avg travel time:69.41415812107178, q_loss:1.1347167491912842, rewards:-3.3476298014322916, queue:0.4936507936507937, delay:0.048767652965727305, throughput:3012
Sim Rollout episode:27/100, sim avg travel time:63.70993377483444, rewards:-2.807184855143229, queue:0.4107142857142857, delay:0.04403022281707279, throughput:3012
Real rollout step:27/100, travel time:473.0759728227301, rewards:-89.07719184027778, queue:11.746031746031745, delay:0.23058302137586806, throughput:1230
forward model: training agent 0.
Epoch 0: forward train average loss 0.013474285188648436.
epoch 0: forward test average loss 0.00976506993174553.
Epoch 99: forward train average loss 0.002170315814307994.
epoch 99: forward test average loss 0.0050540344996584784.
inverse model, training agent 0.
epoch 0: inverse train average loss 0.0011616810742351743.
epoch 0: inverse test average loss 0.02378532186978393.
epoch 99: inverse train average loss 0.0010485057233987998.
epoch 99: inverse test average loss 0.004172643931168649.
forward model: training agent 1.
Epoch 0: forward train average loss 0.011469450882739492.
epoch 0: forward test average loss 0.010155284156401953.
Epoch 99: forward train average loss 0.0006591191761092179.
epoch 99: forward test average loss 0.003508484715388881.
inverse model, training agent 1.
epoch 0: inverse train average loss 0.0029833648974696794.
epoch 0: inverse test average loss 0.010832348838448524.
epoch 99: inverse train average loss 0.0010090760770253837.
epoch 99: inverse test average loss 0.0067708804789516665.
forward model: training agent 2.
Epoch 0: forward train average loss 0.016127061202294297.
epoch 0: forward test average loss 0.010545464439524544.
Epoch 99: forward train average loss 0.0005476936348713934.
epoch 99: forward test average loss 0.002795732476645046.
inverse model, training agent 2.
epoch 0: inverse train average loss 0.008940034959879186.
epoch 0: inverse test average loss 0.01390114716357655.
epoch 99: inverse train average loss 0.008621833908061186.
epoch 99: inverse test average loss 0.012174116240607368.
forward model: training agent 3.
Epoch 0: forward train average loss 0.0235187036709653.
epoch 0: forward test average loss 0.019217918316523235.
Epoch 99: forward train average loss 0.0011006630181024473.
epoch 99: forward test average loss 0.006099954557915528.
inverse model, training agent 3.
epoch 0: inverse train average loss 0.02146261826985412.
epoch 0: inverse test average loss 0.033349101742108665.
epoch 99: inverse train average loss 0.005585402767691348.
epoch 99: inverse test average loss 0.011981043136782117.
forward model: training agent 4.
Epoch 0: forward train average loss 0.0044726646608776515.
epoch 0: forward test average loss 0.005109781606329812.
Epoch 99: forward train average loss 0.00020465225679799914.
epoch 99: forward test average loss 0.0005992942670774129.
inverse model, training agent 4.
epoch 0: inverse train average loss 0.008359893225133419.
epoch 0: inverse test average loss 0.013979431241750717.
epoch 99: inverse train average loss 0.0042678572289231755.
epoch 99: inverse test average loss 0.005211696287410127.
forward model: training agent 5.
Epoch 0: forward train average loss 0.002121272057087885.
epoch 0: forward test average loss 0.004492896712488598.
Epoch 99: forward train average loss 0.0012052108068019152.
epoch 99: forward test average loss 0.002914256054080195.
inverse model, training agent 5.
epoch 0: inverse train average loss 0.014500564378168847.
epoch 0: inverse test average loss 0.03026928338739607.
epoch 99: inverse train average loss 0.004659777869366937.
epoch 99: inverse test average loss 0.006528401954306496.
forward model: training agent 6.
Epoch 0: forward train average loss 0.005165894826253255.
epoch 0: forward test average loss 0.006056896100441615.
Epoch 99: forward train average loss 0.0015515212952676746.
epoch 99: forward test average loss 0.003981274966564443.
inverse model, training agent 6.
epoch 0: inverse train average loss 0.008438272815611627.
epoch 0: inverse test average loss 0.0110382123125924.
epoch 99: inverse train average loss 0.004737244246320592.
epoch 99: inverse test average loss 0.005851205024454329.
Policy training episode: 27, grounded actions taken: 849, last two uncertainties: {0: [0.0, 0.0], 1: [0.0, 0.0], 2: [0.0, 0.0], 3: [0.0, 0.0], 4: [0.0, 0.0], 5: [0.0, 0.0], 6: [0.0, 0.0]}, avg agent uncertainties: [0.0, 0.0, 0.0, 0.0, 0.0, 0.0, 0.0], grounded actions by agent: [113, 127, 140, 123, 116, 114, 116]
Policy training episode: 27, iteration 0/1, policy training avg travel time:65.98378557246856, q_loss:1.1197404861450195, rewards:-2.879148695203993, queue:0.43412698412698414, delay:0.04682229359944661, throughput:3012
Sim Rollout episode:28/100, sim avg travel time:65.08843988075522, rewards:-2.471963331434462, queue:0.3686507936507937, delay:0.04092588273305742, throughput:3012
Real rollout step:28/100, travel time:157.0315278900566, rewards:-25.12997775607639, queue:3.7063492063492065, delay:0.16679029918852306, throughput:2345
forward model: training agent 0.
Epoch 0: forward train average loss 0.004188298506455289.
epoch 0: forward test average loss 0.006923794332477782.
Epoch 99: forward train average loss 0.002259401242352194.
epoch 99: forward test average loss 0.0052253879192802645.
inverse model, training agent 0.
epoch 0: inverse train average loss 0.0005234351394594543.
epoch 0: inverse test average loss 0.0012582488771941927.
epoch 99: inverse train average loss 0.00044678639420049474.
epoch 99: inverse test average loss 0.001145296063946767.
forward model: training agent 1.
Epoch 0: forward train average loss 0.007073224004771974.
epoch 0: forward test average loss 0.0111112246910731.
Epoch 99: forward train average loss 0.0031324735221763453.
epoch 99: forward test average loss 0.009415751116143333.
inverse model, training agent 1.
epoch 0: inverse train average loss 0.01711177494790819.
epoch 0: inverse test average loss 0.007540420635551628.
epoch 99: inverse train average loss 0.007845399487349723.
epoch 99: inverse test average loss 0.005964735108945105.
forward model: training agent 2.
Epoch 0: forward train average loss 0.0030569397430453035.
epoch 0: forward test average loss 0.003390947046379248.
Epoch 99: forward train average loss 0.0015286692262937625.
epoch 99: forward test average loss 0.003761798039906555.
inverse model, training agent 2.
epoch 0: inverse train average loss 0.009570912251041995.
epoch 0: inverse test average loss 0.015174889730082618.
epoch 99: inverse train average loss 0.008831075496143766.
epoch 99: inverse test average loss 0.016208539406458538.
forward model: training agent 3.
Epoch 0: forward train average loss 0.00890752776629395.
epoch 0: forward test average loss 0.017681286566787295.
Epoch 99: forward train average loss 0.004285055730077956.
epoch 99: forward test average loss 0.01226659408873982.
inverse model, training agent 3.
epoch 0: inverse train average loss 0.009305704488522477.
epoch 0: inverse test average loss 0.019590053293440077.
epoch 99: inverse train average loss 0.0025091442124297223.
epoch 99: inverse test average loss 0.00535840748084916.
forward model: training agent 4.
Epoch 0: forward train average loss 0.0037344943007661235.
epoch 0: forward test average loss 0.0055089909583330154.
Epoch 99: forward train average loss 0.0016337356064468622.
epoch 99: forward test average loss 0.0061068909449709784.
inverse model, training agent 4.
epoch 0: inverse train average loss 0.008112103988726934.
epoch 0: inverse test average loss 0.009595767491393618.
epoch 99: inverse train average loss 0.005526874473111497.
epoch 99: inverse test average loss 0.008715157707532247.
forward model: training agent 5.
Epoch 0: forward train average loss 0.0023833010086996686.
epoch 0: forward test average loss 0.003916801884770393.
Epoch 99: forward train average loss 0.0012910176301375031.
epoch 99: forward test average loss 0.003415828984644678.
inverse model, training agent 5.
epoch 0: inverse train average loss 0.009977471290363206.
epoch 0: inverse test average loss 0.019874200224876404.
epoch 99: inverse train average loss 0.003482113644066784.
epoch 99: inverse test average loss 0.005013463087379932.
forward model: training agent 6.
Epoch 0: forward train average loss 0.0036241611879732874.
epoch 0: forward test average loss 0.005818206196029981.
Epoch 99: forward train average loss 0.0016304957680404186.
epoch 99: forward test average loss 0.005588886017600696.
inverse model, training agent 6.
epoch 0: inverse train average loss 0.005526215303689241.
epoch 0: inverse test average loss 0.0069070922003852.
epoch 99: inverse train average loss 0.003234404708362288.
epoch 99: inverse test average loss 0.004114726351367103.
Policy training episode: 28, grounded actions taken: 842, last two uncertainties: {0: [0.0, 0.0], 1: [0.0, 0.0], 2: [0.0, 0.0], 3: [0.0, 0.0], 4: [0.0, 0.0], 5: [0.0, 0.0], 6: [0.0, 0.0]}, avg agent uncertainties: [0.0, 0.0, 0.0, 0.0, 0.0, 0.0, 0.0], grounded actions by agent: [119, 122, 116, 118, 136, 113, 118]
Policy training episode: 28, iteration 0/1, policy training avg travel time:66.78391793514228, q_loss:1.0361207723617554, rewards:-3.066370646158854, queue:0.4575396825396825, delay:0.048234258379255025, throughput:3012
Sim Rollout episode:29/100, sim avg travel time:75.18437603442568, rewards:-3.3842970106336807, queue:0.48373015873015873, delay:0.05092526390438988, throughput:3011
Real rollout step:29/100, travel time:431.92737430167597, rewards:-78.61472439236111, queue:10.573412698412698, delay:0.2206449478391617, throughput:1263
forward model: training agent 0.
Epoch 0: forward train average loss 0.005401807630227672.
epoch 0: forward test average loss 0.0058430977579620146.
Epoch 99: forward train average loss 0.0021763634867966175.
epoch 99: forward test average loss 0.0048818399922715295.
inverse model, training agent 0.
epoch 0: inverse train average loss 0.0010069885958930375.
epoch 0: inverse test average loss 0.010695875017619174.
epoch 99: inverse train average loss 0.0007832420006808308.
epoch 99: inverse test average loss 0.0012701864276702206.
forward model: training agent 1.
Epoch 0: forward train average loss 0.0142774839575092.
epoch 0: forward test average loss 0.01641770038339827.
Epoch 99: forward train average loss 0.0006867748387675318.
epoch 99: forward test average loss 0.0029964479617774487.
inverse model, training agent 1.
epoch 0: inverse train average loss 0.006002051031423939.
epoch 0: inverse test average loss 0.009203850602110228.
epoch 99: inverse train average loss 0.004908856289047334.
epoch 99: inverse test average loss 0.012073337203926511.
forward model: training agent 2.
Epoch 0: forward train average loss 0.005339087090558476.
epoch 0: forward test average loss 0.007119732391503122.
Epoch 99: forward train average loss 0.00061150860791612.
epoch 99: forward test average loss 0.0024028695705864164.
inverse model, training agent 2.
epoch 0: inverse train average loss 0.009153148780266443.
epoch 0: inverse test average loss 0.015426089780198203.
epoch 99: inverse train average loss 0.0041944644827809595.
epoch 99: inverse test average loss 0.00773316476907995.
forward model: training agent 3.
Epoch 0: forward train average loss 0.013570832605991099.
epoch 0: forward test average loss 0.0175728557838334.
Epoch 99: forward train average loss 0.0009002672870539957.
epoch 99: forward test average loss 0.004906324048837026.
inverse model, training agent 3.
epoch 0: inverse train average loss 0.01732686948445108.
epoch 0: inverse test average loss 0.015983359681235418.
epoch 99: inverse train average loss 0.0052374850234223735.
epoch 99: inverse test average loss 0.006457520234915946.
forward model: training agent 4.
Epoch 0: forward train average loss 0.0017695835429347223.
epoch 0: forward test average loss 0.0022397921938035223.
Epoch 99: forward train average loss 0.0002840712259057909.
epoch 99: forward test average loss 0.0007245225521425406.
inverse model, training agent 4.
epoch 0: inverse train average loss 0.00746628704170386.
epoch 0: inverse test average loss 0.00867252755496237.
epoch 99: inverse train average loss 0.00606500253909164.
epoch 99: inverse test average loss 0.006828683531946606.
forward model: training agent 5.
Epoch 0: forward train average loss 0.0018340543740325505.
epoch 0: forward test average loss 0.0037954068846172756.
Epoch 99: forward train average loss 0.0011359594063833356.
epoch 99: forward test average loss 0.003211658241020309.
inverse model, training agent 5.
epoch 0: inverse train average loss 0.015724292852812342.
epoch 0: inverse test average loss 0.03219010101424323.
epoch 99: inverse train average loss 0.006694474361009068.
epoch 99: inverse test average loss 0.012145413292778863.
forward model: training agent 6.
Epoch 0: forward train average loss 0.0034330078504151767.
epoch 0: forward test average loss 0.004750659275386069.
Epoch 99: forward train average loss 0.0013961608573380443.
epoch 99: forward test average loss 0.0045710355043411255.
inverse model, training agent 6.
epoch 0: inverse train average loss 0.004883172766615947.
epoch 0: inverse test average loss 0.007916780395640267.
epoch 99: inverse train average loss 0.0038663254947298104.
epoch 99: inverse test average loss 0.007572756252355046.
Policy training episode: 29, grounded actions taken: 826, last two uncertainties: {0: [0.0, 0.0], 1: [0.0, 0.0], 2: [0.0, 0.0], 3: [0.0, 0.0], 4: [0.0, 0.0], 5: [0.0, 0.0], 6: [0.0, 0.0]}, avg agent uncertainties: [0.0, 0.0, 0.0, 0.0, 0.0, 0.0, 0.0], grounded actions by agent: [113, 116, 128, 117, 119, 112, 121]
Policy training episode: 29, iteration 0/1, policy training avg travel time:65.81640754217665, q_loss:1.0837841033935547, rewards:-3.3022037082248263, queue:0.48968253968253966, delay:0.047789613027421254, throughput:3012
Sim Rollout episode:30/100, sim avg travel time:63.52964557800596, rewards:-2.4852593315972222, queue:0.37023809523809526, delay:0.04079452393546937, throughput:3012
Real rollout step:30/100, travel time:329.8119103773585, rewards:-74.21711154513889, queue:10.133333333333333, delay:0.20824785989428324, throughput:1442
forward model: training agent 0.
Epoch 0: forward train average loss 0.003677692316058609.
epoch 0: forward test average loss 0.004211788169211811.
Epoch 99: forward train average loss 0.0022427026027192674.
epoch 99: forward test average loss 0.00521141497625245.
inverse model, training agent 0.
epoch 0: inverse train average loss 0.0014022956084873942.
epoch 0: inverse test average loss 0.002496584331513279.
epoch 99: inverse train average loss 0.001569689128599647.
epoch 99: inverse test average loss 0.0022549001086089346.
forward model: training agent 1.
Epoch 0: forward train average loss 0.00895200100623899.
epoch 0: forward test average loss 0.01027167754040824.
Epoch 99: forward train average loss 0.0014965773767067327.
epoch 99: forward test average loss 0.005947726675205761.
inverse model, training agent 1.
epoch 0: inverse train average loss 0.003742899383521742.
epoch 0: inverse test average loss 0.008242986268467374.
epoch 99: inverse train average loss 0.0019334785691979858.
epoch 99: inverse test average loss 0.013189648381537862.
forward model: training agent 2.
Epoch 0: forward train average loss 0.01120942717211114.
epoch 0: forward test average loss 0.010725064410103692.
Epoch 99: forward train average loss 0.000987089277865986.
epoch 99: forward test average loss 0.003014928764767117.
inverse model, training agent 2.
epoch 0: inverse train average loss 0.0061834764459894765.
epoch 0: inverse test average loss 0.008114729283584489.
epoch 99: inverse train average loss 0.004188678486065732.
epoch 99: inverse test average loss 0.009225692600011826.
forward model: training agent 3.
Epoch 0: forward train average loss 0.027915972388452955.
epoch 0: forward test average loss 0.01656446523136563.
Epoch 99: forward train average loss 0.0024269038500885167.
epoch 99: forward test average loss 0.004631313495337963.
inverse model, training agent 3.
epoch 0: inverse train average loss 0.010330957774486806.
epoch 0: inverse test average loss 0.01155469235446718.
epoch 99: inverse train average loss 0.002756609400320384.
epoch 99: inverse test average loss 0.005956240205301179.
forward model: training agent 4.
Epoch 0: forward train average loss 0.0013981478987261653.
epoch 0: forward test average loss 0.0013526933164232308.
Epoch 99: forward train average loss 0.00022802968548300365.
epoch 99: forward test average loss 0.0006005477981590149.
inverse model, training agent 4.
epoch 0: inverse train average loss 0.006215542658335633.
epoch 0: inverse test average loss 0.01170258555147383.
epoch 99: inverse train average loss 0.00494540606935819.
epoch 99: inverse test average loss 0.008045470962921778.
forward model: training agent 5.
Epoch 0: forward train average loss 0.0018831774488919312.
epoch 0: forward test average loss 0.0038669751957058907.
Epoch 99: forward train average loss 0.0011296769241905874.
epoch 99: forward test average loss 0.003669946040544245.
inverse model, training agent 5.
epoch 0: inverse train average loss 0.007513034985297256.
epoch 0: inverse test average loss 0.00833370660742124.
epoch 99: inverse train average loss 0.000905116819517894.
epoch 99: inverse test average loss 0.0012682179868635205.
forward model: training agent 6.
Epoch 0: forward train average loss 0.0026951426536672646.
epoch 0: forward test average loss 0.004569642245769501.
Epoch 99: forward train average loss 0.0013383062452905709.
epoch 99: forward test average loss 0.004522301256656647.
inverse model, training agent 6.
epoch 0: inverse train average loss 0.004675958305597305.
epoch 0: inverse test average loss 0.004905720448328389.
epoch 99: inverse train average loss 0.0036405350805984605.
epoch 99: inverse test average loss 0.006481819682651096.
Policy training episode: 30, grounded actions taken: 861, last two uncertainties: {0: [0.0, 0.0], 1: [0.0, 0.0], 2: [0.0, 0.0], 3: [0.0, 0.0], 4: [0.0, 0.0], 5: [0.0, 0.0], 6: [0.0, 0.0]}, avg agent uncertainties: [0.0, 0.0, 0.0, 0.0, 0.0, 0.0, 0.0], grounded actions by agent: [128, 117, 116, 119, 128, 123, 130]
Policy training episode: 30, iteration 0/1, policy training avg travel time:75.63675496688742, q_loss:1.0455942153930664, rewards:-3.6776665581597223, queue:0.530952380952381, delay:0.05082881866939484, throughput:3012
Sim Rollout episode:31/100, sim avg travel time:69.49669093315686, rewards:-3.064926486545139, queue:0.45396825396825397, delay:0.04789047543964689, throughput:3012
Real rollout step:31/100, travel time:182.47849257708413, rewards:-50.30651584201389, queue:6.8884920634920634, delay:0.19422332521468874, throughput:2495
forward model: training agent 0.
Epoch 0: forward train average loss 0.0042724258576830225.
epoch 0: forward test average loss 0.007150712526506848.
Epoch 99: forward train average loss 0.0026952001369661754.
epoch 99: forward test average loss 0.005965192491809527.
inverse model, training agent 0.
epoch 0: inverse train average loss 0.010891006328165531.
epoch 0: inverse test average loss 0.016896562029918034.
epoch 99: inverse train average loss 0.006832798322041829.
epoch 99: inverse test average loss 0.006702017866902881.
forward model: training agent 1.
Epoch 0: forward train average loss 0.08181840636663967.
epoch 0: forward test average loss 0.036615790592299566.
Epoch 99: forward train average loss 0.004585346672683954.
epoch 99: forward test average loss 0.010244510240024991.
inverse model, training agent 1.
epoch 0: inverse train average loss 0.0031976656238031057.
epoch 0: inverse test average loss 0.012575990209976831.
epoch 99: inverse train average loss 0.002555474302627974.
epoch 99: inverse test average loss 0.00478086413608657.
forward model: training agent 2.
Epoch 0: forward train average loss 0.03060776036646631.
epoch 0: forward test average loss 0.017154225872622594.
Epoch 99: forward train average loss 0.00274465698748827.
epoch 99: forward test average loss 0.006917189599739181.
inverse model, training agent 2.
epoch 0: inverse train average loss 0.005345229214678208.
epoch 0: inverse test average loss 0.010886261032687293.
epoch 99: inverse train average loss 0.004235072941001918.
epoch 99: inverse test average loss 0.007100635311669773.
forward model: training agent 3.
Epoch 0: forward train average loss 0.03360886209540897.
epoch 0: forward test average loss 0.03384177221192254.
Epoch 99: forward train average loss 0.006286232421795527.
epoch 99: forward test average loss 0.011124678783946566.
inverse model, training agent 3.
epoch 0: inverse train average loss 0.005538880307641294.
epoch 0: inverse test average loss 0.012180551472637389.
epoch 99: inverse train average loss 0.002923751870791117.
epoch 99: inverse test average loss 0.005578649851183097.
forward model: training agent 4.
Epoch 0: forward train average loss 0.006230615545064211.
epoch 0: forward test average loss 0.007856416205565134.
Epoch 99: forward train average loss 0.0017971574949721496.
epoch 99: forward test average loss 0.0055009497122632135.
inverse model, training agent 4.
epoch 0: inverse train average loss 0.01687433860368199.
epoch 0: inverse test average loss 0.025218554668956332.
epoch 99: inverse train average loss 0.009497236874368455.
epoch 99: inverse test average loss 0.009508892272909483.
forward model: training agent 5.
Epoch 0: forward train average loss 0.002186227926156587.
epoch 0: forward test average loss 0.0036673417521847617.
Epoch 99: forward train average loss 0.0012002302230232293.
epoch 99: forward test average loss 0.003746427388654815.
inverse model, training agent 5.
epoch 0: inverse train average loss 0.0020786510948609146.
epoch 0: inverse test average loss 0.0037046601064503193.
epoch 99: inverse train average loss 0.0016839375538337561.
epoch 99: inverse test average loss 0.0068767499178647995.
forward model: training agent 6.
Epoch 0: forward train average loss 0.003924868638730711.
epoch 0: forward test average loss 0.004989144909713004.
Epoch 99: forward train average loss 0.0016737789588256015.
epoch 99: forward test average loss 0.005816775270634227.
inverse model, training agent 6.
epoch 0: inverse train average loss 0.005113805540733867.
epoch 0: inverse test average loss 0.010321929429968199.
epoch 99: inverse train average loss 0.004131865842888753.
epoch 99: inverse test average loss 0.007184186536404822.
Policy training episode: 31, grounded actions taken: 878, last two uncertainties: {0: [0.0, 0.0], 1: [0.0, 0.0], 2: [0.0, 0.0], 3: [0.0, 0.0], 4: [0.0, 0.0], 5: [0.0, 0.0], 6: [0.0, 0.0]}, avg agent uncertainties: [0.0, 0.0, 0.0, 0.0, 0.0, 0.0, 0.0], grounded actions by agent: [123, 120, 138, 122, 139, 114, 122]
Policy training episode: 31, iteration 0/1, policy training avg travel time:83.21423841059602, q_loss:1.2329660654067993, rewards:-3.5893524169921873, queue:0.5325396825396825, delay:0.05239812457372272, throughput:3012
Sim Rollout episode:32/100, sim avg travel time:64.00132362673726, rewards:-2.5839631822374134, queue:0.3888888888888889, delay:0.04329176403227306, throughput:3012
Real rollout step:32/100, travel time:125.84893267651888, rewards:-16.19989013671875, queue:2.1706349206349205, delay:0.13798084561786955, throughput:2340
forward model: training agent 0.
Epoch 0: forward train average loss 0.0036025921193261943.
epoch 0: forward test average loss 0.006261328235268593.
Epoch 99: forward train average loss 0.002235146394620339.
epoch 99: forward test average loss 0.0044742001013623346.
inverse model, training agent 0.
epoch 0: inverse train average loss 0.002246492568196522.
epoch 0: inverse test average loss 0.003743103394905726.
epoch 99: inverse train average loss 0.00017077903935892714.
epoch 99: inverse test average loss 0.001829476509657171.
forward model: training agent 1.
Epoch 0: forward train average loss 0.005113812991314464.
epoch 0: forward test average loss 0.011126224365499284.
Epoch 99: forward train average loss 0.002908928268071678.
epoch 99: forward test average loss 0.009008018920818964.
inverse model, training agent 1.
epoch 0: inverse train average loss 0.006833004765212536.
epoch 0: inverse test average loss 0.005013442287842433.
epoch 99: inverse train average loss 0.005266642197966576.
epoch 99: inverse test average loss 0.004665824791623486.
forward model: training agent 2.
Epoch 0: forward train average loss 0.003933859626866049.
epoch 0: forward test average loss 0.0048516299575567245.
Epoch 99: forward train average loss 0.001916336128488183.
epoch 99: forward test average loss 0.004133188579645421.
inverse model, training agent 2.
epoch 0: inverse train average loss 0.00702250562608242.
epoch 0: inverse test average loss 0.018592136601607006.
epoch 99: inverse train average loss 0.0029483710467401478.
epoch 99: inverse test average loss 0.011162685851256052.
forward model: training agent 3.
Epoch 0: forward train average loss 0.005761746834549639.
epoch 0: forward test average loss 0.010495031873385111.
Epoch 99: forward train average loss 0.0027496375971370274.
epoch 99: forward test average loss 0.008446192989746729.
inverse model, training agent 3.
epoch 0: inverse train average loss 0.005190233493016826.
epoch 0: inverse test average loss 0.0046770166760931415.
epoch 99: inverse train average loss 0.001462395251211193.
epoch 99: inverse test average loss 0.003742524978911711.
forward model: training agent 4.
Epoch 0: forward train average loss 0.002891763216919369.
epoch 0: forward test average loss 0.004717089442743195.
Epoch 99: forward train average loss 0.0014947903756466177.
epoch 99: forward test average loss 0.004844237739841144.
inverse model, training agent 4.
epoch 0: inverse train average loss 0.01072162917504708.
epoch 0: inverse test average loss 0.026229393151071336.
epoch 99: inverse train average loss 0.0055591096687648035.
epoch 99: inverse test average loss 0.014634023110071817.
forward model: training agent 5.
Epoch 0: forward train average loss 0.0018691718837039338.
epoch 0: forward test average loss 0.0030756347502271333.
Epoch 99: forward train average loss 0.0011669447283364004.
epoch 99: forward test average loss 0.0032853071267406144.
inverse model, training agent 5.
epoch 0: inverse train average loss 0.000991402788915568.
epoch 0: inverse test average loss 0.0010967722886966334.
epoch 99: inverse train average loss 0.0006079948442574176.
epoch 99: inverse test average loss 0.0008009650563407275.
forward model: training agent 6.
Epoch 0: forward train average loss 0.0033468221728172568.
epoch 0: forward test average loss 0.005849035042855475.
Epoch 99: forward train average loss 0.0014898535640289385.
epoch 99: forward test average loss 0.0050171299113167655.
inverse model, training agent 6.
epoch 0: inverse train average loss 0.004522766297062238.
epoch 0: inverse test average loss 0.005000171355075306.
epoch 99: inverse train average loss 0.003988910311212142.
epoch 99: inverse test average loss 0.004289174348943763.
Policy training episode: 32, grounded actions taken: 776, last two uncertainties: {0: [0.0, 0.0], 1: [0.0, 0.0], 2: [0.0, 0.0], 3: [0.0, 0.0], 4: [0.0, 0.0], 5: [0.0, 0.0], 6: [0.0, 0.0]}, avg agent uncertainties: [0.0, 0.0, 0.0, 0.0, 0.0, 0.0, 0.0], grounded actions by agent: [110, 102, 104, 115, 120, 116, 109]
Policy training episode: 32, iteration 0/1, policy training avg travel time:65.70340946706389, q_loss:1.293237328529358, rewards:-3.0261111789279513, queue:0.45555555555555555, delay:0.04598799811469184, throughput:3012
Sim Rollout episode:33/100, sim avg travel time:77.27375041377027, rewards:-3.3318888346354165, queue:0.49722222222222223, delay:0.04865369645376054, throughput:3011
Real rollout step:33/100, travel time:136.43535514764565, rewards:-19.688296169704863, queue:2.71984126984127, delay:0.15288415333581348, throughput:2404
forward model: training agent 0.
Epoch 0: forward train average loss 0.004254649807181623.
epoch 0: forward test average loss 0.005497076031234529.
Epoch 99: forward train average loss 0.0024200776954078013.
epoch 99: forward test average loss 0.006342723965644836.
inverse model, training agent 0.
epoch 0: inverse train average loss 0.00032401383699228364.
epoch 0: inverse test average loss 0.00030907203391608264.
epoch 99: inverse train average loss 0.00023430963321718283.
epoch 99: inverse test average loss 6.961917258902556e-05.
forward model: training agent 1.
Epoch 0: forward train average loss 0.0055636076463593375.
epoch 0: forward test average loss 0.008152274207936393.
Epoch 99: forward train average loss 0.0027687987312674522.
epoch 99: forward test average loss 0.006302019995119836.
inverse model, training agent 1.
epoch 0: inverse train average loss 0.0035504084597859117.
epoch 0: inverse test average loss 0.004210515154732598.
epoch 99: inverse train average loss 0.0015573526551533076.
epoch 99: inverse test average loss 0.005955555941909552.
forward model: training agent 2.
Epoch 0: forward train average loss 0.0035206546696523824.
epoch 0: forward test average loss 0.004310141214066082.
Epoch 99: forward train average loss 0.0016096285026934412.
epoch 99: forward test average loss 0.004188222189744313.
inverse model, training agent 2.
epoch 0: inverse train average loss 0.0020036558465411267.
epoch 0: inverse test average loss 0.007627875440650516.
epoch 99: inverse train average loss 0.0018090871680114004.
epoch 99: inverse test average loss 0.00369958755456739.
forward model: training agent 3.
Epoch 0: forward train average loss 0.009138514598210653.
epoch 0: forward test average loss 0.010996429456604851.
Epoch 99: forward train average loss 0.0031307033366627162.
epoch 99: forward test average loss 0.011790948609511057.
inverse model, training agent 3.
epoch 0: inverse train average loss 0.008345775616665682.
epoch 0: inverse test average loss 0.028160551355944738.
epoch 99: inverse train average loss 0.004079135910918315.
epoch 99: inverse test average loss 0.010577424946758483.
forward model: training agent 4.
Epoch 0: forward train average loss 0.002825522795319557.
epoch 0: forward test average loss 0.0054145267026291955.
Epoch 99: forward train average loss 0.0015029337567587693.
epoch 99: forward test average loss 0.0042546383208698696.
inverse model, training agent 4.
epoch 0: inverse train average loss 0.007558511777056588.
epoch 0: inverse test average loss 0.0064314376148912646.
epoch 99: inverse train average loss 0.005282007313023011.
epoch 99: inverse test average loss 0.005396222488747703.
forward model: training agent 5.
Epoch 0: forward train average loss 0.0022346616670903233.
epoch 0: forward test average loss 0.0046547527114550276.
Epoch 99: forward train average loss 0.001208996633067727.
epoch 99: forward test average loss 0.004749178886413574.
inverse model, training agent 5.
epoch 0: inverse train average loss 0.016164861619472504.
epoch 0: inverse test average loss 0.033783987164497375.
epoch 99: inverse train average loss 0.006627912322680156.
epoch 99: inverse test average loss 0.010050869236389795.
forward model: training agent 6.
Epoch 0: forward train average loss 0.004055680189695623.
epoch 0: forward test average loss 0.006347711094551616.
Epoch 99: forward train average loss 0.0015977306757122278.
epoch 99: forward test average loss 0.007840121164917946.
inverse model, training agent 6.
epoch 0: inverse train average loss 0.004074128344655037.
epoch 0: inverse test average loss 0.006364680826663971.
epoch 99: inverse train average loss 0.0031243381349162925.
epoch 99: inverse test average loss 0.0026587203869389165.
Policy training episode: 33, grounded actions taken: 822, last two uncertainties: {0: [0.0, 0.0], 1: [0.0, 0.0], 2: [0.0, 0.0], 3: [0.0, 0.0], 4: [0.0, 0.0], 5: [0.0, 0.0], 6: [0.0, 0.0]}, avg agent uncertainties: [0.0, 0.0, 0.0, 0.0, 0.0, 0.0, 0.0], grounded actions by agent: [123, 120, 115, 115, 106, 116, 127]
Policy training episode: 33, iteration 0/1, policy training avg travel time:65.55011577902745, q_loss:1.3149389028549194, rewards:-2.9037594265407987, queue:0.4174603174603175, delay:0.045264749678354414, throughput:3012
Sim Rollout episode:34/100, sim avg travel time:71.25173898641934, rewards:-2.7372777303059896, queue:0.4115079365079365, delay:0.045317534794883124, throughput:3011
Real rollout step:34/100, travel time:162.33333333333334, rewards:-25.28957790798611, queue:3.4896825396825397, delay:0.15639029608832467, throughput:2072
forward model: training agent 0.
Epoch 0: forward train average loss 0.0042257898797591524.
epoch 0: forward test average loss 0.005300956260826852.
Epoch 99: forward train average loss 0.0023286856917871367.
epoch 99: forward test average loss 0.006860185000631545.
inverse model, training agent 0.
epoch 0: inverse train average loss 0.002633807868632074.
epoch 0: inverse test average loss 0.004335742631357991.
epoch 99: inverse train average loss 0.0023558747036279077.
epoch 99: inverse test average loss 0.002985434994722406.
forward model: training agent 1.
Epoch 0: forward train average loss 0.0041337016349037485.
epoch 0: forward test average loss 0.006527554036842452.
Epoch 99: forward train average loss 0.0020295378959013354.
epoch 99: forward test average loss 0.007720620060960452.
inverse model, training agent 1.
epoch 0: inverse train average loss 0.005765342050128513.
epoch 0: inverse test average loss 0.006283433124836948.
epoch 99: inverse train average loss 0.0039837046060711145.
epoch 99: inverse test average loss 0.007056247236000167.
forward model: training agent 2.
Epoch 0: forward train average loss 0.004078111300865809.
epoch 0: forward test average loss 0.004928128379914496.
Epoch 99: forward train average loss 0.0015968572762277392.
epoch 99: forward test average loss 0.004593358064691226.
inverse model, training agent 2.
epoch 0: inverse train average loss 0.002092721432240473.
epoch 0: inverse test average loss 0.0013705137599673537.
epoch 99: inverse train average loss 0.0017216826219939524.
epoch 99: inverse test average loss 0.000801560158530871.
forward model: training agent 3.
Epoch 0: forward train average loss 0.0059566620944274794.
epoch 0: forward test average loss 0.009476504806015227.
Epoch 99: forward train average loss 0.002295046372132169.
epoch 99: forward test average loss 0.006976768167482482.
inverse model, training agent 3.
epoch 0: inverse train average loss 0.003869204161067804.
epoch 0: inverse test average loss 0.004084351058635447.
epoch 99: inverse train average loss 0.0010790978817062245.
epoch 99: inverse test average loss 0.0021484936070111063.
forward model: training agent 4.
Epoch 0: forward train average loss 0.002210059254947636.
epoch 0: forward test average loss 0.003907075876163112.
Epoch 99: forward train average loss 0.0010833382451285918.
epoch 99: forward test average loss 0.00299888766474194.
inverse model, training agent 4.
epoch 0: inverse train average loss 0.007503945794370439.
epoch 0: inverse test average loss 0.012927739984459348.
epoch 99: inverse train average loss 0.004158544095440043.
epoch 99: inverse test average loss 0.0038553219961209428.
forward model: training agent 5.
Epoch 0: forward train average loss 0.0018205223087635306.
epoch 0: forward test average loss 0.003723805770277977.
Epoch 99: forward train average loss 0.0010393439766226544.
epoch 99: forward test average loss 0.0038897922883431115.
inverse model, training agent 5.
epoch 0: inverse train average loss 0.0057395704918437535.
epoch 0: inverse test average loss 0.00813843123614788.
epoch 99: inverse train average loss 0.0011801385876929595.
epoch 99: inverse test average loss 0.002669281882440878.
forward model: training agent 6.
Epoch 0: forward train average loss 0.003665937731663386.
epoch 0: forward test average loss 0.004930478003289964.
Epoch 99: forward train average loss 0.0016323493069244756.
epoch 99: forward test average loss 0.005067288047737545.
inverse model, training agent 6.
epoch 0: inverse train average loss 0.0033802944752905103.
epoch 0: inverse test average loss 0.003935862229102188.
epoch 99: inverse train average loss 0.0030820857630007798.
epoch 99: inverse test average loss 0.005407371247808139.
Policy training episode: 34, grounded actions taken: 896, last two uncertainties: {0: [0.0, 0.0], 1: [0.0, 0.0], 2: [0.0, 0.0], 3: [0.0, 0.0], 4: [0.0, 0.0], 5: [0.0, 0.0], 6: [0.0, 0.0]}, avg agent uncertainties: [0.0, 0.0, 0.0, 0.0, 0.0, 0.0, 0.0], grounded actions by agent: [123, 119, 139, 121, 133, 130, 131]
Policy training episode: 34, iteration 0/1, policy training avg travel time:64.64030443414957, q_loss:1.1605607271194458, rewards:-2.8218151516384546, queue:0.4174603174603175, delay:0.04487271687341115, throughput:3011
Sim Rollout episode:35/100, sim avg travel time:185.3298013245033, rewards:-2.545889621310764, queue:0.3873015873015873, delay:0.04433238317096044, throughput:2794
Real rollout step:35/100, travel time:161.10807174887893, rewards:-23.681670464409724, queue:3.2654761904761904, delay:0.15231452820793032, throughput:2096
forward model: training agent 0.
Epoch 0: forward train average loss 0.004098105503039228.
epoch 0: forward test average loss 0.004402317520644929.
Epoch 99: forward train average loss 0.002260784696166714.
epoch 99: forward test average loss 0.005385267030861642.
inverse model, training agent 0.
epoch 0: inverse train average loss 0.0006731041293177339.
epoch 0: inverse test average loss 0.0011930566332820389.
epoch 99: inverse train average loss 0.00024172918913083978.
epoch 99: inverse test average loss 0.000876604754012078.
forward model: training agent 1.
Epoch 0: forward train average loss 0.00512200112765034.
epoch 0: forward test average loss 0.008947388579448065.
Epoch 99: forward train average loss 0.0020614758444329104.
epoch 99: forward test average loss 0.005166170911656486.
inverse model, training agent 1.
epoch 0: inverse train average loss 0.00525884883892205.
epoch 0: inverse test average loss 0.0058831800189283155.
epoch 99: inverse train average loss 0.0001314459037126249.
epoch 99: inverse test average loss 0.00010212968401093449.
forward model: training agent 2.
Epoch 0: forward train average loss 0.003764158890893062.
epoch 0: forward test average loss 0.004325203080144193.
Epoch 99: forward train average loss 0.0014895295155131156.
epoch 99: forward test average loss 0.004225710406899452.
inverse model, training agent 2.
epoch 0: inverse train average loss 0.0005836267632225321.
epoch 0: inverse test average loss 0.0008350279337416092.
epoch 99: inverse train average loss 0.0002239777693628437.
epoch 99: inverse test average loss 0.00022671301202434633.
forward model: training agent 3.
Epoch 0: forward train average loss 0.005593972901503245.
epoch 0: forward test average loss 0.006139605823490355.
Epoch 99: forward train average loss 0.0023026460678213173.
epoch 99: forward test average loss 0.00889597481323613.
inverse model, training agent 3.
epoch 0: inverse train average loss 0.007441440183255408.
epoch 0: inverse test average loss 0.028324478202395968.
epoch 99: inverse train average loss 0.0035566512702239882.
epoch 99: inverse test average loss 0.007709514246218734.
forward model: training agent 4.
Epoch 0: forward train average loss 0.001964314737253719.
epoch 0: forward test average loss 0.002928039576444361.
Epoch 99: forward train average loss 0.0009625424087668458.
epoch 99: forward test average loss 0.0024649816461735303.
inverse model, training agent 4.
epoch 0: inverse train average loss 0.017624099428455036.
epoch 0: inverse test average loss 0.02931249886751175.
epoch 99: inverse train average loss 0.0067014117828673786.
epoch 99: inverse test average loss 0.007786577360497581.
forward model: training agent 5.
Epoch 0: forward train average loss 0.0020295535472946036.
epoch 0: forward test average loss 0.0041028182539674975.
Epoch 99: forward train average loss 0.0010735394640101327.
epoch 99: forward test average loss 0.004071683312455813.
inverse model, training agent 5.
epoch 0: inverse train average loss 0.0006355893694692188.
epoch 0: inverse test average loss 0.0004313755651108093.
epoch 99: inverse train average loss 0.00024878847438635095.
epoch 99: inverse test average loss 0.0001490278971484966.
forward model: training agent 6.
Epoch 0: forward train average loss 0.0033395704295900133.
epoch 0: forward test average loss 0.004516644610299004.
Epoch 99: forward train average loss 0.001407397315940923.
epoch 99: forward test average loss 0.005832349053687519.
inverse model, training agent 6.
epoch 0: inverse train average loss 0.004154888085193104.
epoch 0: inverse test average loss 0.013508713493744532.
epoch 99: inverse train average loss 0.003541167825460434.
epoch 99: inverse test average loss 0.008982060270176994.
Policy training episode: 35, grounded actions taken: 809, last two uncertainties: {0: [0.0, 0.0], 1: [0.0, 0.0], 2: [0.0, 0.0], 3: [0.0, 0.0], 4: [0.0, 0.0], 5: [0.0, 0.0], 6: [0.0, 0.0]}, avg agent uncertainties: [0.0, 0.0, 0.0, 0.0, 0.0, 0.0, 0.0], grounded actions by agent: [90, 120, 108, 126, 125, 123, 117]
Policy training episode: 35, iteration 0/1, policy training avg travel time:66.96491228070175, q_loss:1.1055864095687866, rewards:-2.910130140516493, queue:0.43214285714285716, delay:0.04444361792670356, throughput:3012
Sim Rollout episode:36/100, sim avg travel time:114.74006622516556, rewards:-2.8344635009765624, queue:0.430952380952381, delay:0.047462545122419084, throughput:2919
Real rollout step:36/100, travel time:127.8252427184466, rewards:-16.772554524739583, queue:2.2813492063492062, delay:0.14146808442615327, throughput:2369
forward model: training agent 0.
Epoch 0: forward train average loss 0.0033691473719146517.
epoch 0: forward test average loss 0.005543880785504977.
Epoch 99: forward train average loss 0.0019937239380346406.
epoch 99: forward test average loss 0.008718159049749374.
inverse model, training agent 0.
epoch 0: inverse train average loss 0.0010333437013388094.
epoch 0: inverse test average loss 0.01166038235856427.
epoch 99: inverse train average loss 0.0009987261081631812.
epoch 99: inverse test average loss 0.009283271256006427.
forward model: training agent 1.
Epoch 0: forward train average loss 0.005619318224489689.
epoch 0: forward test average loss 0.008767326258950763.
Epoch 99: forward train average loss 0.00239018387057715.
epoch 99: forward test average loss 0.010188362250725428.
inverse model, training agent 1.
epoch 0: inverse train average loss 0.00762069390879737.
epoch 0: inverse test average loss 0.0033894801195452195.
epoch 99: inverse train average loss 0.0028491010889410973.
epoch 99: inverse test average loss 0.002468724786821339.
forward model: training agent 2.
Epoch 0: forward train average loss 0.00366434749836723.
epoch 0: forward test average loss 0.006277785326043765.
Epoch 99: forward train average loss 0.0016192206595506933.
epoch 99: forward test average loss 0.007825993829303317.
inverse model, training agent 2.
epoch 0: inverse train average loss 0.013273616631825766.
epoch 0: inverse test average loss 0.03107421100139618.
epoch 99: inverse train average loss 0.003404317449571358.
epoch 99: inverse test average loss 0.00820924217502276.
forward model: training agent 3.
Epoch 0: forward train average loss 0.005742875962621636.
epoch 0: forward test average loss 0.014953131477038065.
Epoch 99: forward train average loss 0.002331548680861791.
epoch 99: forward test average loss 0.022139887015024822.
inverse model, training agent 3.
epoch 0: inverse train average loss 0.0035480528604239225.
epoch 0: inverse test average loss 0.003605096290508906.
epoch 99: inverse train average loss 0.0019024444304199682.
epoch 99: inverse test average loss 0.001913985547920068.
forward model: training agent 4.
Epoch 0: forward train average loss 0.0025648952254818547.
epoch 0: forward test average loss 0.005878398194909096.
Epoch 99: forward train average loss 0.0014541884625537528.
epoch 99: forward test average loss 0.004730835556983948.
inverse model, training agent 4.
epoch 0: inverse train average loss 0.010934045124385092.
epoch 0: inverse test average loss 0.022744622495439317.
epoch 99: inverse train average loss 0.006897430556515853.
epoch 99: inverse test average loss 0.010243568155500624.
forward model: training agent 5.
Epoch 0: forward train average loss 0.0022720983769330713.
epoch 0: forward test average loss 0.0037315285040272605.
Epoch 99: forward train average loss 0.0010825154086988834.
epoch 99: forward test average loss 0.0034162295568320486.
inverse model, training agent 5.
epoch 0: inverse train average loss 0.0049320364163981546.
epoch 0: inverse test average loss 0.004126136016566306.
epoch 99: inverse train average loss 0.002523828841124972.
epoch 99: inverse test average loss 0.0033983527165320185.
forward model: training agent 6.
Epoch 0: forward train average loss 0.004619791534625822.
epoch 0: forward test average loss 0.00787139766746097.
Epoch 99: forward train average loss 0.0015206735115498304.
epoch 99: forward test average loss 0.006834338522619671.
inverse model, training agent 6.
epoch 0: inverse train average loss 0.005882582523756557.
epoch 0: inverse test average loss 0.006105328185690774.
epoch 99: inverse train average loss 0.0025231013488438395.
epoch 99: inverse test average loss 0.0051853325631883405.
Policy training episode: 36, grounded actions taken: 858, last two uncertainties: {0: [0.0, 0.0], 1: [0.0, 0.0], 2: [0.0, 0.0], 3: [0.0, 0.0], 4: [0.0, 0.0], 5: [0.0, 0.0], 6: [0.0, 0.0]}, avg agent uncertainties: [0.0, 0.0, 0.0, 0.0, 0.0, 0.0, 0.0], grounded actions by agent: [120, 126, 118, 118, 128, 117, 131]
Policy training episode: 36, iteration 0/1, policy training avg travel time:65.05862868499503, q_loss:1.0828802585601807, rewards:-2.761055840386285, queue:0.4115079365079365, delay:0.043374576265849764, throughput:3012
Sim Rollout episode:37/100, sim avg travel time:174.15033112582782, rewards:-2.444481913248698, queue:0.37936507936507935, delay:0.04333513653467572, throughput:2807
Real rollout step:37/100, travel time:128.55546357615893, rewards:-15.764796278211806, queue:2.0714285714285716, delay:0.1360897245861235, throughput:2315
forward model: training agent 0.
Epoch 0: forward train average loss 0.003879864855358998.
epoch 0: forward test average loss 0.005787392250365681.
Epoch 99: forward train average loss 0.0021584684339662394.
epoch 99: forward test average loss 0.0061851514296399224.
inverse model, training agent 0.
epoch 0: inverse train average loss 0.0007069310393287904.
epoch 0: inverse test average loss 0.008162950126764676.
epoch 99: inverse train average loss 0.000731623733170434.
epoch 99: inverse test average loss 0.0012207728545440154.
forward model: training agent 1.
Epoch 0: forward train average loss 0.00494484334356255.
epoch 0: forward test average loss 0.010870162397623062.
Epoch 99: forward train average loss 0.0025294824606842464.
epoch 99: forward test average loss 0.007821270989047157.
inverse model, training agent 1.
epoch 0: inverse train average loss 0.0015941069254444705.
epoch 0: inverse test average loss 0.0012358255917206407.
epoch 99: inverse train average loss 2.802544824791969e-05.
epoch 99: inverse test average loss 2.591417756371407e-05.
forward model: training agent 2.
Epoch 0: forward train average loss 0.0037092136012183297.
epoch 0: forward test average loss 0.0054107047617435455.
Epoch 99: forward train average loss 0.0015753196914576823.
epoch 99: forward test average loss 0.0049632274442248875.
inverse model, training agent 2.
epoch 0: inverse train average loss 0.004407045431435108.
epoch 0: inverse test average loss 0.007083727253807915.
epoch 99: inverse train average loss 0.0005577442789217457.
epoch 99: inverse test average loss 0.0037926623546000984.
forward model: training agent 3.
Epoch 0: forward train average loss 0.004987670212156243.
epoch 0: forward test average loss 0.008197818986243673.
Epoch 99: forward train average loss 0.0024689814696709314.
epoch 99: forward test average loss 0.009547020826074813.
inverse model, training agent 3.
epoch 0: inverse train average loss 0.009926874397529496.
epoch 0: inverse test average loss 0.014392382154862085.
epoch 99: inverse train average loss 0.005018076083312432.
epoch 99: inverse test average loss 0.009143627559145292.
forward model: training agent 4.
Epoch 0: forward train average loss 0.0022923817288958365.
epoch 0: forward test average loss 0.0037012403416964742.
Epoch 99: forward train average loss 0.0013368052637411489.
epoch 99: forward test average loss 0.0036851061094138357.
inverse model, training agent 4.
epoch 0: inverse train average loss 0.015230350610282686.
epoch 0: inverse test average loss 0.01658702724509769.
epoch 99: inverse train average loss 0.004596986756142642.
epoch 99: inverse test average loss 0.010735487772358788.
forward model: training agent 5.
Epoch 0: forward train average loss 0.0019161251580549611.
epoch 0: forward test average loss 0.002847013995051384.
Epoch 99: forward train average loss 0.0010479675580023064.
epoch 99: forward test average loss 0.003301412177582582.
inverse model, training agent 5.
epoch 0: inverse train average loss 0.0014047843740425175.
epoch 0: inverse test average loss 0.0017323969966835445.
epoch 99: inverse train average loss 0.00018811265706770227.
epoch 99: inverse test average loss 8.208116438860695e-05.
forward model: training agent 6.
Epoch 0: forward train average loss 0.0038499348382982942.
epoch 0: forward test average loss 0.005354471918609407.
Epoch 99: forward train average loss 0.001472140248450968.
epoch 99: forward test average loss 0.0053512998339202665.
inverse model, training agent 6.
epoch 0: inverse train average loss 0.001986625630201565.
epoch 0: inverse test average loss 0.007253507359160317.
epoch 99: inverse train average loss 0.0013473895378410816.
epoch 99: inverse test average loss 0.0021458579123848015.
Policy training episode: 37, grounded actions taken: 863, last two uncertainties: {0: [0.0, 0.0], 1: [0.0, 0.0], 2: [0.0, 0.0], 3: [0.0, 0.0], 4: [0.0, 0.0], 5: [0.0, 0.0], 6: [0.0, 0.0]}, avg agent uncertainties: [0.0, 0.0, 0.0, 0.0, 0.0, 0.0, 0.0], grounded actions by agent: [126, 115, 137, 113, 124, 137, 111]
Policy training episode: 37, iteration 0/1, policy training avg travel time:68.9913878767804, q_loss:1.0810017585754395, rewards:-3.3137780083550346, queue:0.48968253968253966, delay:0.04754693167550223, throughput:3012
Sim Rollout episode:38/100, sim avg travel time:64.08145695364239, rewards:-2.7006293402777777, queue:0.398015873015873, delay:0.04343870859297495, throughput:3012
Real rollout step:38/100, travel time:126.04977920513849, rewards:-16.000613064236113, queue:2.1297619047619047, delay:0.1416885012672061, throughput:2381
forward model: training agent 0.
Epoch 0: forward train average loss 0.0037077241059806612.
epoch 0: forward test average loss 0.006810571791397201.
Epoch 99: forward train average loss 0.0021074059574554362.
epoch 99: forward test average loss 0.00625622065530883.
inverse model, training agent 0.
epoch 0: inverse train average loss 0.0004743655542066942.
epoch 0: inverse test average loss 0.0009507074007867939.
epoch 99: inverse train average loss 0.0003342670089397062.
epoch 99: inverse test average loss 0.0007845785261856185.
forward model: training agent 1.
Epoch 0: forward train average loss 0.00562592637207773.
epoch 0: forward test average loss 0.00774113895992438.
Epoch 99: forward train average loss 0.00238054315559566.
epoch 99: forward test average loss 0.008081482102473577.
inverse model, training agent 1.
epoch 0: inverse train average loss 0.013433663588431146.
epoch 0: inverse test average loss 0.009011223708310152.
epoch 99: inverse train average loss 0.003374243387952447.
epoch 99: inverse test average loss 0.008282280216614405.
forward model: training agent 2.
Epoch 0: forward train average loss 0.00360640205649866.
epoch 0: forward test average loss 0.006807603355911043.
Epoch 99: forward train average loss 0.001404610772927602.
epoch 99: forward test average loss 0.007245185888475842.
inverse model, training agent 2.
epoch 0: inverse train average loss 0.0021281234189195353.
epoch 0: inverse test average loss 0.0027912863297387958.
epoch 99: inverse train average loss 0.0014786011953320769.
epoch 99: inverse test average loss 0.0007852425462462836.
forward model: training agent 3.
Epoch 0: forward train average loss 0.006563707047866451.
epoch 0: forward test average loss 0.01171830834613906.
Epoch 99: forward train average loss 0.0024127334408048126.
epoch 99: forward test average loss 0.009372516638702817.
inverse model, training agent 3.
epoch 0: inverse train average loss 0.007406877353787422.
epoch 0: inverse test average loss 0.031779354645146266.
epoch 99: inverse train average loss 0.0043911572235325975.
epoch 99: inverse test average loss 0.01681387921174367.
forward model: training agent 4.
Epoch 0: forward train average loss 0.002718547824770212.
epoch 0: forward test average loss 0.005197445758514934.
Epoch 99: forward train average loss 0.0014860804399682416.
epoch 99: forward test average loss 0.0039244333489073645.
inverse model, training agent 4.
epoch 0: inverse train average loss 0.00575977149936888.
epoch 0: inverse test average loss 0.00379061967962318.
epoch 99: inverse train average loss 0.0035013979197376305.
epoch 99: inverse test average loss 0.002768448864420255.
forward model: training agent 5.
Epoch 0: forward train average loss 0.002115279643072022.
epoch 0: forward test average loss 0.004787925630807877.
Epoch 99: forward train average loss 0.0011799100838187668.
epoch 99: forward test average loss 0.0036247377801272604.
inverse model, training agent 5.
epoch 0: inverse train average loss 0.05008508678939608.
epoch 0: inverse test average loss 0.08413696620199415.
epoch 99: inverse train average loss 0.007080585799283451.
epoch 99: inverse test average loss 0.01100928419166141.
forward model: training agent 6.
Epoch 0: forward train average loss 0.004108672133750386.
epoch 0: forward test average loss 0.005085399374365807.
Epoch 99: forward train average loss 0.001662372559722927.
epoch 99: forward test average loss 0.006763465081652005.
inverse model, training agent 6.
epoch 0: inverse train average loss 0.002093845047056675.
epoch 0: inverse test average loss 0.001119854420216547.
epoch 99: inverse train average loss 0.0013810963654476735.
epoch 99: inverse test average loss 0.0015244360806213485.
Policy training episode: 38, grounded actions taken: 846, last two uncertainties: {0: [0.0, 0.0], 1: [0.0, 0.0], 2: [0.0, 0.0], 3: [0.0, 0.0], 4: [0.0, 0.0], 5: [0.0, 0.0], 6: [0.0, 0.0]}, avg agent uncertainties: [0.0, 0.0, 0.0, 0.0, 0.0, 0.0, 0.0], grounded actions by agent: [125, 139, 112, 119, 119, 105, 127]
Policy training episode: 38, iteration 0/1, policy training avg travel time:64.55459960291198, q_loss:1.0485897064208984, rewards:-2.8281487358940973, queue:0.42103174603174603, delay:0.04454145280141679, throughput:3011
Sim Rollout episode:39/100, sim avg travel time:63.76912885061279, rewards:-2.358056131998698, queue:0.36944444444444446, delay:0.04177107432531932, throughput:3012
Real rollout step:39/100, travel time:121.22313371616079, rewards:-12.2270751953125, queue:1.586111111111111, delay:0.12486397879464285, throughput:2347
forward model: training agent 0.
Epoch 0: forward train average loss 0.0037464542935291925.
epoch 0: forward test average loss 0.003849615239434772.
Epoch 99: forward train average loss 0.0020987948971903985.
epoch 99: forward test average loss 0.0046825600374076105.
inverse model, training agent 0.
epoch 0: inverse train average loss 0.0004925016255583614.
epoch 0: inverse test average loss 0.005629148748185899.
epoch 99: inverse train average loss 0.0004746249162255683.
epoch 99: inverse test average loss 0.0011757906468119472.
forward model: training agent 1.
Epoch 0: forward train average loss 0.0049277690963612664.
epoch 0: forward test average loss 0.0075772543334298665.
Epoch 99: forward train average loss 0.0022284078360017803.
epoch 99: forward test average loss 0.00962454949816068.
inverse model, training agent 1.
epoch 0: inverse train average loss 0.0015621752633402746.
epoch 0: inverse test average loss 0.005865326151251793.
epoch 99: inverse train average loss 0.00019744674338855676.
epoch 99: inverse test average loss 0.0030232618381786677.
forward model: training agent 2.
Epoch 0: forward train average loss 0.0032894213994344077.
epoch 0: forward test average loss 0.006008266367846065.
Epoch 99: forward train average loss 0.00147790704957313.
epoch 99: forward test average loss 0.006476277899410989.
inverse model, training agent 2.
epoch 0: inverse train average loss 0.0019184249298026164.
epoch 0: inverse test average loss 0.0012891321546501583.
epoch 99: inverse train average loss 0.0014771944293493612.
epoch 99: inverse test average loss 0.0011720166334675418.
forward model: training agent 3.
Epoch 0: forward train average loss 0.0049423955173956025.
epoch 0: forward test average loss 0.008181472619374594.
Epoch 99: forward train average loss 0.0021273476433836752.
epoch 99: forward test average loss 0.011930806769265069.
inverse model, training agent 3.
epoch 0: inverse train average loss 0.005588406955616342.
epoch 0: inverse test average loss 0.005273110957609283.
epoch 99: inverse train average loss 0.001270614072887434.
epoch 99: inverse test average loss 0.0013944884348246786.
forward model: training agent 4.
Epoch 0: forward train average loss 0.002408849929148952.
epoch 0: forward test average loss 0.004217597552471691.
Epoch 99: forward train average loss 0.0013937945218963756.
epoch 99: forward test average loss 0.005572165879938338.
inverse model, training agent 4.
epoch 0: inverse train average loss 0.02039328734907839.
epoch 0: inverse test average loss 0.021899535424179502.
epoch 99: inverse train average loss 0.006580898434751564.
epoch 99: inverse test average loss 0.007838224371274313.
forward model: training agent 5.
Epoch 0: forward train average loss 0.0020688258939319188.
epoch 0: forward test average loss 0.003072534998257955.
Epoch 99: forward train average loss 0.001177342324000266.
epoch 99: forward test average loss 0.003421780239376757.
inverse model, training agent 5.
epoch 0: inverse train average loss 0.01382753025326464.
epoch 0: inverse test average loss 0.022500757541921403.
epoch 99: inverse train average loss 0.0030295367404404613.
epoch 99: inverse test average loss 0.001165231845031182.
forward model: training agent 6.
Epoch 0: forward train average loss 0.0034753712825477123.
epoch 0: forward test average loss 0.005747822630736563.
Epoch 99: forward train average loss 0.0014498619776633051.
epoch 99: forward test average loss 0.004793635259071986.
inverse model, training agent 6.
epoch 0: inverse train average loss 0.0039981275072528254.
epoch 0: inverse test average loss 0.011601282904545466.
epoch 99: inverse train average loss 0.0030103446915745735.
epoch 99: inverse test average loss 0.0061516134689251585.
Policy training episode: 39, grounded actions taken: 828, last two uncertainties: {0: [0.0, 0.0], 1: [0.0, 0.0], 2: [0.0, 0.0], 3: [0.0, 0.0], 4: [0.0, 0.0], 5: [0.0, 0.0], 6: [0.0, 0.0]}, avg agent uncertainties: [0.0, 0.0, 0.0, 0.0, 0.0, 0.0, 0.0], grounded actions by agent: [115, 121, 118, 128, 109, 110, 127]
Policy training episode: 39, iteration 0/1, policy training avg travel time:66.85511081706913, q_loss:1.1376535892486572, rewards:-2.7218524509006077, queue:0.4142857142857143, delay:0.04376065693204365, throughput:3011
Sim Rollout episode:40/100, sim avg travel time:148.3504301786896, rewards:-2.5053336249457465, queue:0.38095238095238093, delay:0.042093927898104226, throughput:2671
Real rollout step:40/100, travel time:134.36256323777403, rewards:-19.146847873263887, queue:2.4753968253968255, delay:0.14077717614552332, throughput:2275
forward model: training agent 0.
Epoch 0: forward train average loss 0.0037336268255280126.
epoch 0: forward test average loss 0.005293600675132539.
Epoch 99: forward train average loss 0.0021340626084970105.
epoch 99: forward test average loss 0.00639657365779082.
inverse model, training agent 0.
epoch 0: inverse train average loss 0.00028385344841000106.
epoch 0: inverse test average loss 0.00117861320096482.
epoch 99: inverse train average loss 0.00016034571914739595.
epoch 99: inverse test average loss 0.0008127212026415186.
forward model: training agent 1.
Epoch 0: forward train average loss 0.005085866173936261.
epoch 0: forward test average loss 0.0073707664592398536.
Epoch 99: forward train average loss 0.002096559102129605.
epoch 99: forward test average loss 0.010540380246109433.
inverse model, training agent 1.
epoch 0: inverse train average loss 0.0006227836953864122.
epoch 0: inverse test average loss 0.008760093349135585.
epoch 99: inverse train average loss 0.0003760789744167899.
epoch 99: inverse test average loss 0.0017898542314974798.
forward model: training agent 2.
Epoch 0: forward train average loss 0.00403556807173623.
epoch 0: forward test average loss 0.00697186506456799.
Epoch 99: forward train average loss 0.0016882314553691281.
epoch 99: forward test average loss 0.005965288935436143.
inverse model, training agent 2.
epoch 0: inverse train average loss 0.003911682326967518.
epoch 0: inverse test average loss 0.004821668896410201.
epoch 99: inverse train average loss 0.001631867735543185.
epoch 99: inverse test average loss 0.00010662161447625194.
forward model: training agent 3.
Epoch 0: forward train average loss 0.005408209334645007.
epoch 0: forward test average loss 0.010846227821376588.
Epoch 99: forward train average loss 0.0018795431695050662.
epoch 99: forward test average loss 0.007995283645060327.
inverse model, training agent 3.
epoch 0: inverse train average loss 0.021493110805749893.
epoch 0: inverse test average loss 0.050562394989861384.
epoch 99: inverse train average loss 0.007986307040684752.
epoch 99: inverse test average loss 0.012184296631150775.
forward model: training agent 4.
Epoch 0: forward train average loss 0.0030875345692038536.
epoch 0: forward test average loss 0.004557451026307212.
Epoch 99: forward train average loss 0.0013791265276571114.
epoch 99: forward test average loss 0.003467623765269915.
inverse model, training agent 4.
epoch 0: inverse train average loss 0.007845437671575282.
epoch 0: inverse test average loss 0.00828371507426103.
epoch 99: inverse train average loss 0.0054768952541053295.
epoch 99: inverse test average loss 0.006153962678379483.
forward model: training agent 5.
Epoch 0: forward train average loss 0.0019256459911250407.
epoch 0: forward test average loss 0.0063408126847611535.
Epoch 99: forward train average loss 0.0009813739193810357.
epoch 99: forward test average loss 0.004816633131768968.
inverse model, training agent 5.
epoch 0: inverse train average loss 0.004335418860945437.
epoch 0: inverse test average loss 0.0057650552027755314.
epoch 99: inverse train average loss 0.0035545239742431375.
epoch 99: inverse test average loss 0.0022701587941911486.
forward model: training agent 6.
Epoch 0: forward train average loss 0.0033708113349146312.
epoch 0: forward test average loss 0.00796078952650229.
Epoch 99: forward train average loss 0.0014264166303392914.
epoch 99: forward test average loss 0.005752400391631656.
inverse model, training agent 6.
epoch 0: inverse train average loss 0.003289436921477318.
epoch 0: inverse test average loss 0.004048638252748383.
epoch 99: inverse train average loss 0.002399781770590279.
epoch 99: inverse test average loss 0.004804073315527704.
Policy training episode: 40, grounded actions taken: 855, last two uncertainties: {0: [0.0, 0.0], 1: [0.0, 0.0], 2: [0.0, 0.0], 3: [0.0, 0.0], 4: [0.0, 0.0], 5: [0.0, 0.0], 6: [0.0, 0.0]}, avg agent uncertainties: [0.0, 0.0, 0.0, 0.0, 0.0, 0.0, 0.0], grounded actions by agent: [103, 115, 120, 108, 145, 140, 124]
Policy training episode: 40, iteration 0/1, policy training avg travel time:64.00860072775389, q_loss:1.085793137550354, rewards:-2.8838521321614583, queue:0.4373015873015873, delay:0.04455494956364708, throughput:3012
Sim Rollout episode:41/100, sim avg travel time:65.5028155018218, rewards:-2.6947596232096354, queue:0.4083333333333333, delay:0.043655934409489706, throughput:3012
Real rollout step:41/100, travel time:141.3602722245853, rewards:-21.285203721788193, queue:2.7031746031746033, delay:0.14227667914496528, throughput:2252
forward model: training agent 0.
Epoch 0: forward train average loss 0.0037238667201664713.
epoch 0: forward test average loss 0.004822206993897756.
Epoch 99: forward train average loss 0.001965685100812051.
epoch 99: forward test average loss 0.007028903605209457.
inverse model, training agent 0.
epoch 0: inverse train average loss 0.00019832803486173766.
epoch 0: inverse test average loss 4.4315094580977326e-05.
epoch 99: inverse train average loss 0.00010020136940309183.
epoch 99: inverse test average loss 6.87956708134152e-06.
forward model: training agent 1.
Epoch 0: forward train average loss 0.0053708529513743185.
epoch 0: forward test average loss 0.008214917861753039.
Epoch 99: forward train average loss 0.002424640762102273.
epoch 99: forward test average loss 0.007689254151450263.
inverse model, training agent 1.
epoch 0: inverse train average loss 0.0009454130195081234.
epoch 0: inverse test average loss 0.013884081919160154.
epoch 99: inverse train average loss 0.0007141651779723664.
epoch 99: inverse test average loss 0.007429480138752196.
forward model: training agent 2.
Epoch 0: forward train average loss 0.003679088730778959.
epoch 0: forward test average loss 0.005956728632251422.
Epoch 99: forward train average loss 0.0015101551285220517.
epoch 99: forward test average loss 0.009814210443033112.
inverse model, training agent 2.
epoch 0: inverse train average loss 0.007819335946502784.
epoch 0: inverse test average loss 0.021014009912808735.
epoch 99: inverse train average loss 0.004362530967531105.
epoch 99: inverse test average loss 0.005074539195953144.
forward model: training agent 3.
Epoch 0: forward train average loss 0.006013734266161919.
epoch 0: forward test average loss 0.008814316656854417.
Epoch 99: forward train average loss 0.002110898442980316.
epoch 99: forward test average loss 0.008448048598236509.
inverse model, training agent 3.
epoch 0: inverse train average loss 0.00766322844558292.
epoch 0: inverse test average loss 0.015192619628376432.
epoch 99: inverse train average loss 0.00428185968970259.
epoch 99: inverse test average loss 0.015101906740003161.
forward model: training agent 4.
Epoch 0: forward train average loss 0.0024760705936286184.
epoch 0: forward test average loss 0.004024639932645692.
Epoch 99: forward train average loss 0.0013467925083306101.
epoch 99: forward test average loss 0.0050306860357522964.
inverse model, training agent 4.
epoch 0: inverse train average loss 0.007541553531255987.
epoch 0: inverse test average loss 0.008865950008233389.
epoch 99: inverse train average loss 0.005685779317799542.
epoch 99: inverse test average loss 0.004484700452950265.
forward model: training agent 5.
Epoch 0: forward train average loss 0.0020343062933534384.
epoch 0: forward test average loss 0.0037569792734252084.
Epoch 99: forward train average loss 0.0011215827867595686.
epoch 99: forward test average loss 0.0031933445069524976.
inverse model, training agent 5.
epoch 0: inverse train average loss 0.0065496016500724685.
epoch 0: inverse test average loss 0.004748048209067848.
epoch 99: inverse train average loss 0.005362832090920872.
epoch 99: inverse test average loss 0.007118668407201767.
forward model: training agent 6.
Epoch 0: forward train average loss 0.0033036311053567463.
epoch 0: forward test average loss 0.004265211212138335.
Epoch 99: forward train average loss 0.0012897912076570922.
epoch 99: forward test average loss 0.005595411898361312.
inverse model, training agent 6.
epoch 0: inverse train average loss 0.0027745141026874385.
epoch 0: inverse test average loss 0.0018649884215038684.
epoch 99: inverse train average loss 0.0009099416072583861.
epoch 99: inverse test average loss 0.0019897277363472516.
Policy training episode: 41, grounded actions taken: 792, last two uncertainties: {0: [0.0, 0.0], 1: [0.0, 0.0], 2: [0.0, 0.0], 3: [0.0, 0.0], 4: [0.0, 0.0], 5: [0.0, 0.0], 6: [0.0, 0.0]}, avg agent uncertainties: [0.0, 0.0, 0.0, 0.0, 0.0, 0.0, 0.0], grounded actions by agent: [115, 102, 112, 108, 123, 118, 114]
Policy training episode: 41, iteration 0/1, policy training avg travel time:64.47649006622517, q_loss:1.1700928211212158, rewards:-2.9797593858506946, queue:0.4511904761904762, delay:0.043972714742024736, throughput:3012
Sim Rollout episode:42/100, sim avg travel time:64.83085071168487, rewards:-2.220259602864583, queue:0.3376984126984127, delay:0.04053175789969308, throughput:3012
Real rollout step:42/100, travel time:126.6600414078675, rewards:-15.935367838541667, queue:2.0547619047619046, delay:0.13338600037589907, throughput:2312
forward model: training agent 0.
Epoch 0: forward train average loss 0.003535227436158392.
epoch 0: forward test average loss 0.004137978164686097.
Epoch 99: forward train average loss 0.001952192901323239.
epoch 99: forward test average loss 0.006095229751533932.
inverse model, training agent 0.
epoch 0: inverse train average loss 0.00014621846397252133.
epoch 0: inverse test average loss 0.0012927522337930794.
epoch 99: inverse train average loss 8.946954565342619e-05.
epoch 99: inverse test average loss 0.005871206056326628.
forward model: training agent 1.
Epoch 0: forward train average loss 0.005281398486759927.
epoch 0: forward test average loss 0.009421598994069628.
Epoch 99: forward train average loss 0.0020814253948628902.
epoch 99: forward test average loss 0.006950096744630072.
inverse model, training agent 1.
epoch 0: inverse train average loss 0.008843125617002241.
epoch 0: inverse test average loss 0.006372735240600175.
epoch 99: inverse train average loss 0.0031181625607940885.
epoch 99: inverse test average loss 0.0072694458067417145.
forward model: training agent 2.
Epoch 0: forward train average loss 0.00392447401665979.
epoch 0: forward test average loss 0.00425320253190067.
Epoch 99: forward train average loss 0.0014209270529035064.
epoch 99: forward test average loss 0.006219542481833034.
inverse model, training agent 2.
epoch 0: inverse train average loss 0.002496028810532557.
epoch 0: inverse test average loss 0.006021608288089435.
epoch 99: inverse train average loss 0.0016177126025367114.
epoch 99: inverse test average loss 0.006056560410393609.
forward model: training agent 3.
Epoch 0: forward train average loss 0.0056343430446253884.
epoch 0: forward test average loss 0.010689014775885476.
Epoch 99: forward train average loss 0.0019152251123968097.
epoch 99: forward test average loss 0.013723985602458319.
inverse model, training agent 3.
epoch 0: inverse train average loss 0.005043875477794144.
epoch 0: inverse test average loss 0.019471762908829585.
epoch 99: inverse train average loss 0.0011895164821503891.
epoch 99: inverse test average loss 0.005886026347676913.
forward model: training agent 4.
Epoch 0: forward train average loss 0.0022337087171359193.
epoch 0: forward test average loss 0.004586283324493302.
Epoch 99: forward train average loss 0.001230226079415944.
epoch 99: forward test average loss 0.0042972999314467115.
inverse model, training agent 4.
epoch 0: inverse train average loss 0.013157976377341483.
epoch 0: inverse test average loss 0.018939550552103255.
epoch 99: inverse train average loss 0.004143454651865695.
epoch 99: inverse test average loss 0.005019981000158522.
forward model: training agent 5.
Epoch 0: forward train average loss 0.0022399431974109677.
epoch 0: forward test average loss 0.0034368795653184256.
Epoch 99: forward train average loss 0.0010994483018293977.
epoch 99: forward test average loss 0.003949128712217013.
inverse model, training agent 5.
epoch 0: inverse train average loss 0.0038673304435279635.
epoch 0: inverse test average loss 0.005698428592748112.
epoch 99: inverse train average loss 0.0027612223962528836.
epoch 99: inverse test average loss 0.007222436885866854.
forward model: training agent 6.
Epoch 0: forward train average loss 0.003636893919772572.
epoch 0: forward test average loss 0.005359201174643304.
Epoch 99: forward train average loss 0.001463908753875229.
epoch 99: forward test average loss 0.005762940065728294.
inverse model, training agent 6.
epoch 0: inverse train average loss 0.011802316125896242.
epoch 0: inverse test average loss 0.019265688955783844.
epoch 99: inverse train average loss 0.004362531213296784.
epoch 99: inverse test average loss 0.00890399743285444.
Policy training episode: 42, grounded actions taken: 879, last two uncertainties: {0: [0.0, 0.0], 1: [0.0, 0.0], 2: [0.0, 0.0], 3: [0.0, 0.0], 4: [0.0, 0.0], 5: [0.0, 0.0], 6: [0.0, 0.0]}, avg agent uncertainties: [0.0, 0.0, 0.0, 0.0, 0.0, 0.0, 0.0], grounded actions by agent: [126, 134, 128, 125, 119, 121, 126]
Policy training episode: 42, iteration 0/1, policy training avg travel time:67.0582203109494, q_loss:1.0798156261444092, rewards:-3.0428704155815973, queue:0.44841269841269843, delay:0.04519486805749318, throughput:3011
Sim Rollout episode:43/100, sim avg travel time:186.7598542563763, rewards:-3.0365926106770833, queue:0.44722222222222224, delay:0.04890458545987568, throughput:2878
Real rollout step:43/100, travel time:127.03822185292896, rewards:-16.553499348958333, queue:2.111111111111111, delay:0.13096622285388765, throughput:2303
forward model: training agent 0.
Epoch 0: forward train average loss 0.004116760411610206.
epoch 0: forward test average loss 0.006596708670258522.
Epoch 99: forward train average loss 0.0021269756058851876.
epoch 99: forward test average loss 0.006337340921163559.
inverse model, training agent 0.
epoch 0: inverse train average loss 4.757753029278117e-05.
epoch 0: inverse test average loss 0.0001774885295162676.
epoch 99: inverse train average loss 4.258319328679742e-05.
epoch 99: inverse test average loss 0.00041500517539184837.
forward model: training agent 1.
Epoch 0: forward train average loss 0.00440420914027426.
epoch 0: forward test average loss 0.006820961833000183.
Epoch 99: forward train average loss 0.00195988148657812.
epoch 99: forward test average loss 0.006700967955920432.
inverse model, training agent 1.
epoch 0: inverse train average loss 0.002710742255051931.
epoch 0: inverse test average loss 0.0027604721383088166.
epoch 99: inverse train average loss 0.00040648844636355835.
epoch 99: inverse test average loss 0.0018403629849975307.
forward model: training agent 2.
Epoch 0: forward train average loss 0.0040034643477863735.
epoch 0: forward test average loss 0.004777889388302962.
Epoch 99: forward train average loss 0.0014082791490687265.
epoch 99: forward test average loss 0.007900651544332504.
inverse model, training agent 2.
epoch 0: inverse train average loss 0.020420569512579177.
epoch 0: inverse test average loss 0.02044710972242885.
epoch 99: inverse train average loss 0.008464357194801172.
epoch 99: inverse test average loss 0.013778321858909395.
forward model: training agent 3.
Epoch 0: forward train average loss 0.004100338814573156.
epoch 0: forward test average loss 0.012984606126944223.
Epoch 99: forward train average loss 0.0017065001496424277.
epoch 99: forward test average loss 0.008744044436348809.
inverse model, training agent 3.
epoch 0: inverse train average loss 0.003114262233591742.
epoch 0: inverse test average loss 0.002752091632121139.
epoch 99: inverse train average loss 0.0018809162235508363.
epoch 99: inverse test average loss 0.002806583315961891.
forward model: training agent 4.
Epoch 0: forward train average loss 0.0023515800583279794.
epoch 0: forward test average loss 0.004290121710962719.
Epoch 99: forward train average loss 0.001268308816684617.
epoch 99: forward test average loss 0.005626579332682822.
inverse model, training agent 4.
epoch 0: inverse train average loss 0.00412945050953163.
epoch 0: inverse test average loss 0.0029415178351983842.
epoch 99: inverse train average loss 0.0017665336684634287.
epoch 99: inverse test average loss 0.003760102308458752.
forward model: training agent 5.
Epoch 0: forward train average loss 0.002183402164114846.
epoch 0: forward test average loss 0.004033764410350058.
Epoch 99: forward train average loss 0.0010692220724498231.
epoch 99: forward test average loss 0.003152554233868917.
inverse model, training agent 5.
epoch 0: inverse train average loss 0.01702079073422485.
epoch 0: inverse test average loss 0.025363181200292375.
epoch 99: inverse train average loss 0.007213865303330951.
epoch 99: inverse test average loss 0.009321629587146971.
forward model: training agent 6.
Epoch 0: forward train average loss 0.0042429231107234955.
epoch 0: forward test average loss 0.0064886822882625796.
Epoch 99: forward train average loss 0.0014468751485562986.
epoch 99: forward test average loss 0.006485512894060876.
inverse model, training agent 6.
epoch 0: inverse train average loss 0.004529918337033855.
epoch 0: inverse test average loss 0.00819684068361918.
epoch 99: inverse train average loss 0.0005886039418530547.
epoch 99: inverse test average loss 0.0013537103724148539.
Policy training episode: 43, grounded actions taken: 847, last two uncertainties: {0: [0.0, 0.0], 1: [0.0, 0.0], 2: [0.0, 0.0], 3: [0.0, 0.0], 4: [0.0, 0.0], 5: [0.0, 0.0], 6: [0.0, 0.0]}, avg agent uncertainties: [0.0, 0.0, 0.0, 0.0, 0.0, 0.0, 0.0], grounded actions by agent: [115, 117, 129, 127, 119, 118, 122]
Policy training episode: 43, iteration 0/1, policy training avg travel time:69.03045349222111, q_loss:1.1252917051315308, rewards:-3.0893154568142362, queue:0.4646825396825397, delay:0.04663689325726222, throughput:3011
Sim Rollout episode:44/100, sim avg travel time:149.5796621397814, rewards:-2.372166951497396, queue:0.36468253968253966, delay:0.04116668095664373, throughput:2672
Real rollout step:44/100, travel time:132.07285048708175, rewards:-18.645940483940972, queue:2.3027777777777776, delay:0.13571900867280506, throughput:2260
forward model: training agent 0.
Epoch 0: forward train average loss 0.0038310221603347194.
epoch 0: forward test average loss 0.004328450601961877.
Epoch 99: forward train average loss 0.0019089558110054997.
epoch 99: forward test average loss 0.005562756210565567.
inverse model, training agent 0.
epoch 0: inverse train average loss 0.0006206115478764534.
epoch 0: inverse test average loss 0.0005407312642596986.
epoch 99: inverse train average loss 0.00012960691775434598.
epoch 99: inverse test average loss 0.0003135856471393102.
forward model: training agent 1.
Epoch 0: forward train average loss 0.00453148963343766.
epoch 0: forward test average loss 0.00703675713804033.
Epoch 99: forward train average loss 0.002249175294612845.
epoch 99: forward test average loss 0.006330658164289262.
inverse model, training agent 1.
epoch 0: inverse train average loss 0.005057865184628301.
epoch 0: inverse test average loss 0.0019965778273116383.
epoch 99: inverse train average loss 0.0019111676374450326.
epoch 99: inverse test average loss 0.0011526669582559003.
forward model: training agent 2.
Epoch 0: forward train average loss 0.0039031484888659585.
epoch 0: forward test average loss 0.007149464968178008.
Epoch 99: forward train average loss 0.001439560954976413.
epoch 99: forward test average loss 0.004747793388863404.
inverse model, training agent 2.
epoch 0: inverse train average loss 0.008653120655152533.
epoch 0: inverse test average loss 0.009347927239206102.
epoch 99: inverse train average loss 0.0012076375787728466.
epoch 99: inverse test average loss 3.348834272603401e-05.
forward model: training agent 3.
Epoch 0: forward train average loss 0.005289842529843251.
epoch 0: forward test average loss 0.007561606044570605.
Epoch 99: forward train average loss 0.0018327583610597584.
epoch 99: forward test average loss 0.006208716581265132.
inverse model, training agent 3.
epoch 0: inverse train average loss 0.001449406780819926.
epoch 0: inverse test average loss 0.0011311468875242604.
epoch 99: inverse train average loss 0.000866339571075514.
epoch 99: inverse test average loss 0.0012743088623715772.
forward model: training agent 4.
Epoch 0: forward train average loss 0.002174749556514952.
epoch 0: forward test average loss 0.003671970632341173.
Epoch 99: forward train average loss 0.0011405283714541132.
epoch 99: forward test average loss 0.004107095301151276.
inverse model, training agent 4.
epoch 0: inverse train average loss 0.03043177268571324.
epoch 0: inverse test average loss 0.0393026868502299.
epoch 99: inverse train average loss 0.004746151725865073.
epoch 99: inverse test average loss 0.0040999977435502745.
forward model: training agent 5.
Epoch 0: forward train average loss 0.0021878289990127087.
epoch 0: forward test average loss 0.0042746056699090535.
Epoch 99: forward train average loss 0.001158223448631664.
epoch 99: forward test average loss 0.004580541824301084.
inverse model, training agent 5.
epoch 0: inverse train average loss 0.02166457784672578.
epoch 0: inverse test average loss 0.023291505459282134.
epoch 99: inverse train average loss 0.008587392254008187.
epoch 99: inverse test average loss 0.017821982502937317.
forward model: training agent 6.
Epoch 0: forward train average loss 0.00361549010914233.
epoch 0: forward test average loss 0.005372201402982076.
Epoch 99: forward train average loss 0.0013868639038668738.
epoch 99: forward test average loss 0.005881492462423112.
inverse model, training agent 6.
epoch 0: inverse train average loss 0.0037267014591230285.
epoch 0: inverse test average loss 0.0030048842050342094.
epoch 99: inverse train average loss 0.0022704192023310396.
epoch 99: inverse test average loss 0.003909817068941063.
Policy training episode: 44, grounded actions taken: 812, last two uncertainties: {0: [0.0, 0.0], 1: [0.0, 0.0], 2: [0.0, 0.0], 3: [0.0, 0.0], 4: [0.0, 0.0], 5: [0.0, 0.0], 6: [0.0, 0.0]}, avg agent uncertainties: [0.0, 0.0, 0.0, 0.0, 0.0, 0.0, 0.0], grounded actions by agent: [108, 111, 119, 121, 124, 123, 106]
Policy training episode: 44, iteration 0/1, policy training avg travel time:64.57649006622516, q_loss:1.161512017250061, rewards:-2.789203898111979, queue:0.4170634920634921, delay:0.04471603272453187, throughput:3010
Sim Rollout episode:45/100, sim avg travel time:147.68454154253558, rewards:-2.248592800564236, queue:0.34206349206349207, delay:0.04013772994752914, throughput:2671
Real rollout step:45/100, travel time:131.81840490797546, rewards:-20.600056966145832, queue:2.5793650793650795, delay:0.15130967639741444, throughput:2353
forward model: training agent 0.
Epoch 0: forward train average loss 0.00382000668388274.
epoch 0: forward test average loss 0.006924321668015586.
Epoch 99: forward train average loss 0.0020369115389055675.
epoch 99: forward test average loss 0.006059821902049912.
inverse model, training agent 0.
epoch 0: inverse train average loss 0.00012389303477296684.
epoch 0: inverse test average loss 0.00015319885278586298.
epoch 99: inverse train average loss 6.80715604756996e-05.
epoch 99: inverse test average loss 0.0001202852367896412.
forward model: training agent 1.
Epoch 0: forward train average loss 0.007686097588804033.
epoch 0: forward test average loss 0.009329008145464791.
Epoch 99: forward train average loss 0.0029192580841481686.
epoch 99: forward test average loss 0.009043126884433959.
inverse model, training agent 1.
epoch 0: inverse train average loss 0.013599155574209161.
epoch 0: inverse test average loss 0.02817039605644014.
epoch 99: inverse train average loss 0.006556026016672452.
epoch 99: inverse test average loss 0.007962741371658113.
forward model: training agent 2.
Epoch 0: forward train average loss 0.004542819534738858.
epoch 0: forward test average loss 0.0067799316926134955.
Epoch 99: forward train average loss 0.0013687965046200487.
epoch 99: forward test average loss 0.006908154942923122.
inverse model, training agent 2.
epoch 0: inverse train average loss 0.00024914729308673285.
epoch 0: inverse test average loss 0.000710846550646238.
epoch 99: inverse train average loss 0.0001118739853862078.
epoch 99: inverse test average loss 0.00045553142748152214.
forward model: training agent 3.
Epoch 0: forward train average loss 0.008066062298085954.
epoch 0: forward test average loss 0.012788780861430697.
Epoch 99: forward train average loss 0.002181874355301261.
epoch 99: forward test average loss 0.011365491896867752.
inverse model, training agent 3.
epoch 0: inverse train average loss 0.00134446759087344.
epoch 0: inverse test average loss 0.0022968004017861355.
epoch 99: inverse train average loss 0.0007269149646162987.
epoch 99: inverse test average loss 0.0055535392214854555.
forward model: training agent 4.
Epoch 0: forward train average loss 0.002597412560135126.
epoch 0: forward test average loss 0.003779580609665977.
Epoch 99: forward train average loss 0.0012558303618182738.
epoch 99: forward test average loss 0.003295118920505047.
inverse model, training agent 4.
epoch 0: inverse train average loss 0.016620564584930737.
epoch 0: inverse test average loss 0.017382958696948156.
epoch 99: inverse train average loss 0.002519236515379614.
epoch 99: inverse test average loss 0.0020378149735430875.
forward model: training agent 5.
Epoch 0: forward train average loss 0.002256551705714729.
epoch 0: forward test average loss 0.004491683095693588.
Epoch 99: forward train average loss 0.0011071222834289074.
epoch 99: forward test average loss 0.0033750421264105374.
inverse model, training agent 5.
epoch 0: inverse train average loss 0.009387195938163333.
epoch 0: inverse test average loss 0.017044885290993586.
epoch 99: inverse train average loss 0.004592822916391823.
epoch 99: inverse test average loss 0.010105691850185394.
forward model: training agent 6.
Epoch 0: forward train average loss 0.0035316599532961845.
epoch 0: forward test average loss 0.005185793257421917.
Epoch 99: forward train average loss 0.0014108175463560554.
epoch 99: forward test average loss 0.005723384726378653.
inverse model, training agent 6.
epoch 0: inverse train average loss 0.00612330659189158.
epoch 0: inverse test average loss 0.012382656335830688.
epoch 99: inverse train average loss 0.004036883771833446.
epoch 99: inverse test average loss 0.005304495700531536.
Policy training episode: 45, grounded actions taken: 838, last two uncertainties: {0: [0.0, 0.0], 1: [0.0, 0.0], 2: [0.0, 0.0], 3: [0.0, 0.0], 4: [0.0, 0.0], 5: [0.0, 0.0], 6: [0.0, 0.0]}, avg agent uncertainties: [0.0, 0.0, 0.0, 0.0, 0.0, 0.0, 0.0], grounded actions by agent: [118, 134, 130, 110, 114, 104, 128]
Policy training episode: 45, iteration 0/1, policy training avg travel time:65.17649006622517, q_loss:1.0247546434402466, rewards:-2.9184634738498265, queue:0.4373015873015873, delay:0.04449527074420263, throughput:3012
Sim Rollout episode:46/100, sim avg travel time:144.27371900826446, rewards:-2.4396482679578995, queue:0.37182539682539684, delay:0.04279104868570963, throughput:2839
Real rollout step:46/100, travel time:148.94235695986336, rewards:-23.231317816840278, queue:2.840079365079365, delay:0.14228593129960318, throughput:2244
forward model: training agent 0.
Epoch 0: forward train average loss 0.004282706572363774.
epoch 0: forward test average loss 0.01167180554734336.
Epoch 99: forward train average loss 0.001963831768888566.
epoch 99: forward test average loss 0.007275695188177956.
inverse model, training agent 0.
epoch 0: inverse train average loss 0.0001450497883613227.
epoch 0: inverse test average loss 0.00012988940317073785.
epoch 99: inverse train average loss 0.00013905740611619422.
epoch 99: inverse test average loss 8.394654476104633e-05.
forward model: training agent 1.
Epoch 0: forward train average loss 0.004289149979336394.
epoch 0: forward test average loss 0.007075692630476422.
Epoch 99: forward train average loss 0.002067879308015108.
epoch 99: forward test average loss 0.007764503359794617.
inverse model, training agent 1.
epoch 0: inverse train average loss 0.007684949164589246.
epoch 0: inverse test average loss 0.010385943783654107.
epoch 99: inverse train average loss 0.00024102283188969724.
epoch 99: inverse test average loss 0.00013624906488176849.
forward model: training agent 2.
Epoch 0: forward train average loss 0.003602333211650451.
epoch 0: forward test average loss 0.008075413190656237.
Epoch 99: forward train average loss 0.0014757661718047327.
epoch 99: forward test average loss 0.005937774148252275.
inverse model, training agent 2.
epoch 0: inverse train average loss 0.0006771969731036936.
epoch 0: inverse test average loss 2.2632274420983675e-05.
epoch 99: inverse train average loss 0.0006134466313799041.
epoch 99: inverse test average loss 2.7031649046370552e-05.
forward model: training agent 3.
Epoch 0: forward train average loss 0.006442310081587898.
epoch 0: forward test average loss 0.007061413799722989.
Epoch 99: forward train average loss 0.0018383614563693602.
epoch 99: forward test average loss 0.005222620132068793.
inverse model, training agent 3.
epoch 0: inverse train average loss 0.001899487811088976.
epoch 0: inverse test average loss 0.004699317427972953.
epoch 99: inverse train average loss 0.0007304726685914728.
epoch 99: inverse test average loss 0.0020058322568527525.
forward model: training agent 4.
Epoch 0: forward train average loss 0.0027670192325280774.
epoch 0: forward test average loss 0.004366098178757561.
Epoch 99: forward train average loss 0.0012794407084584236.
epoch 99: forward test average loss 0.0044912973211871255.
inverse model, training agent 4.
epoch 0: inverse train average loss 0.006124141160398722.
epoch 0: inverse test average loss 0.005259970823923747.
epoch 99: inverse train average loss 0.003650592847002877.
epoch 99: inverse test average loss 0.0026439617439690563.
forward model: training agent 5.
Epoch 0: forward train average loss 0.0021028214962118203.
epoch 0: forward test average loss 0.003164478163752291.
Epoch 99: forward train average loss 0.0010160052786684698.
epoch 99: forward test average loss 0.0034670563828614023.
inverse model, training agent 5.
epoch 0: inverse train average loss 0.014385158816973368.
epoch 0: inverse test average loss 0.020259622898366716.
epoch 99: inverse train average loss 0.003468380542472005.
epoch 99: inverse test average loss 0.003070786233163542.
forward model: training agent 6.
Epoch 0: forward train average loss 0.004071652423590422.
epoch 0: forward test average loss 0.006090221719609367.
Epoch 99: forward train average loss 0.0014608792391502196.
epoch 99: forward test average loss 0.006132472927371661.
inverse model, training agent 6.
epoch 0: inverse train average loss 0.0045797380929191904.
epoch 0: inverse test average loss 0.002941720187664032.
epoch 99: inverse train average loss 0.0039576637662119335.
epoch 99: inverse test average loss 0.0021850810282760197.
Policy training episode: 46, grounded actions taken: 860, last two uncertainties: {0: [0.0, 0.0], 1: [0.0, 0.0], 2: [0.0, 0.0], 3: [0.0, 0.0], 4: [0.0, 0.0], 5: [0.0, 0.0], 6: [0.0, 0.0]}, avg agent uncertainties: [0.0, 0.0, 0.0, 0.0, 0.0, 0.0, 0.0], grounded actions by agent: [121, 109, 122, 123, 132, 128, 125]
Policy training episode: 46, iteration 0/1, policy training avg travel time:65.71291390728477, q_loss:1.022608995437622, rewards:-2.931259494357639, queue:0.425, delay:0.043960852850051156, throughput:3011
Sim Rollout episode:47/100, sim avg travel time:204.67957629923868, rewards:-2.8051856146918404, queue:0.42857142857142855, delay:0.04689052823990111, throughput:2775
Real rollout step:47/100, travel time:139.9400167785235, rewards:-21.431095377604166, queue:2.6337301587301587, delay:0.15172017415364583, throughput:2292
forward model: training agent 0.
Epoch 0: forward train average loss 0.004019015727357732.
epoch 0: forward test average loss 0.00659013001455201.
Epoch 99: forward train average loss 0.0020373580563399526.
epoch 99: forward test average loss 0.0050787219984663855.
inverse model, training agent 0.
epoch 0: inverse train average loss 0.0011362058147375996.
epoch 0: inverse test average loss 0.00012630483968223416.
epoch 99: inverse train average loss 0.0002863664162254685.
epoch 99: inverse test average loss 0.0004038458888923439.
forward model: training agent 1.
Epoch 0: forward train average loss 0.005875238890035285.
epoch 0: forward test average loss 0.009069438609811995.
Epoch 99: forward train average loss 0.002507165540009737.
epoch 99: forward test average loss 0.010948883576525582.
inverse model, training agent 1.
epoch 0: inverse train average loss 0.008331920020282269.
epoch 0: inverse test average loss 0.008994551595403917.
epoch 99: inverse train average loss 0.0036470063237680327.
epoch 99: inverse test average loss 0.008334893526302444.
forward model: training agent 2.
Epoch 0: forward train average loss 0.003894410354809629.
epoch 0: forward test average loss 0.006142817230688201.
Epoch 99: forward train average loss 0.0013664666718492906.
epoch 99: forward test average loss 0.0054582928617795306.
inverse model, training agent 2.
epoch 0: inverse train average loss 0.04799421214395099.
epoch 0: inverse test average loss 0.08914374642901951.
epoch 99: inverse train average loss 0.00728000421077013.
epoch 99: inverse test average loss 0.010230994058979882.
forward model: training agent 3.
Epoch 0: forward train average loss 0.005642013934751351.
epoch 0: forward test average loss 0.008584938529464934.
Epoch 99: forward train average loss 0.0018232203243921201.
epoch 99: forward test average loss 0.015816019227107365.
inverse model, training agent 3.
epoch 0: inverse train average loss 0.001962265840524601.
epoch 0: inverse test average loss 0.002487004475875033.
epoch 99: inverse train average loss 0.0009780492142049803.
epoch 99: inverse test average loss 0.001623381666528682.
forward model: training agent 4.
Epoch 0: forward train average loss 0.0023687417205009195.
epoch 0: forward test average loss 0.0038610522945721946.
Epoch 99: forward train average loss 0.001191045752623015.
epoch 99: forward test average loss 0.003270979453292158.
inverse model, training agent 4.
epoch 0: inverse train average loss 0.004049519102813469.
epoch 0: inverse test average loss 0.008806914815472232.
epoch 99: inverse train average loss 0.002487972107095023.
epoch 99: inverse test average loss 0.0033787376143866116.
forward model: training agent 5.
Epoch 0: forward train average loss 0.00242692351134287.
epoch 0: forward test average loss 0.004136855403582255.
Epoch 99: forward train average loss 0.0011890113301989105.
epoch 99: forward test average loss 0.004453541504012214.
inverse model, training agent 5.
epoch 0: inverse train average loss 0.02820390711228053.
epoch 0: inverse test average loss 0.04603668881787194.
epoch 99: inverse train average loss 0.004474289870510499.
epoch 99: inverse test average loss 0.006878781235880322.
forward model: training agent 6.
Epoch 0: forward train average loss 0.004408540669828653.
epoch 0: forward test average loss 0.005462358395258586.
Epoch 99: forward train average loss 0.0016077287339915831.
epoch 99: forward test average loss 0.007037469496329625.
inverse model, training agent 6.
epoch 0: inverse train average loss 0.00623546488997009.
epoch 0: inverse test average loss 0.006107566671239005.
epoch 99: inverse train average loss 0.004388607158843014.
epoch 99: inverse test average loss 0.0037618931382894516.
Policy training episode: 47, grounded actions taken: 887, last two uncertainties: {0: [0.0, 0.0], 1: [0.0, 0.0], 2: [0.0, 0.0], 3: [0.0, 0.0], 4: [0.0, 0.0], 5: [0.0, 0.0], 6: [0.0, 0.0]}, avg agent uncertainties: [0.0, 0.0, 0.0, 0.0, 0.0, 0.0, 0.0], grounded actions by agent: [123, 135, 120, 127, 118, 125, 139]
Policy training episode: 47, iteration 0/1, policy training avg travel time:143.88219722038386, q_loss:1.0026670694351196, rewards:-3.690629408094618, queue:0.5341269841269841, delay:0.051398746551029266, throughput:2939
Sim Rollout episode:48/100, sim avg travel time:65.39039735099338, rewards:-2.7438890245225696, queue:0.41904761904761906, delay:0.04489077916221013, throughput:3011
Real rollout step:48/100, travel time:149.06151887993212, rewards:-26.920670572916666, queue:3.2194444444444446, delay:0.14996817452566966, throughput:2250
forward model: training agent 0.
Epoch 0: forward train average loss 0.0036282138898968697.
epoch 0: forward test average loss 0.006199110920230548.
Epoch 99: forward train average loss 0.001819949648860428.
epoch 99: forward test average loss 0.004710542555484507.
inverse model, training agent 0.
epoch 0: inverse train average loss 0.0006986096397870117.
epoch 0: inverse test average loss 0.0010036661454554026.
epoch 99: inverse train average loss 0.0006803416634081966.
epoch 99: inverse test average loss 0.0008762815299026746.
forward model: training agent 1.
Epoch 0: forward train average loss 0.005969242089324527.
epoch 0: forward test average loss 0.009051232702202268.
Epoch 99: forward train average loss 0.002169435171203481.
epoch 99: forward test average loss 0.009976189169618819.
inverse model, training agent 1.
epoch 0: inverse train average loss 0.00657520458723108.
epoch 0: inverse test average loss 0.006009464152157307.
epoch 99: inverse train average loss 0.002281117718666792.
epoch 99: inverse test average loss 0.002364905085414648.
forward model: training agent 2.
Epoch 0: forward train average loss 0.004311562722755803.
epoch 0: forward test average loss 0.011577643661035432.
Epoch 99: forward train average loss 0.0013869462741745843.
epoch 99: forward test average loss 0.004040428747733434.
inverse model, training agent 2.
epoch 0: inverse train average loss 0.0095894243568182.
epoch 0: inverse test average loss 0.010640879472096762.
epoch 99: inverse train average loss 0.0010473974398337305.
epoch 99: inverse test average loss 0.0025875026411894294.
forward model: training agent 3.
Epoch 0: forward train average loss 0.006098179457088311.
epoch 0: forward test average loss 0.005938621755275462.
Epoch 99: forward train average loss 0.0020807814629127583.
epoch 99: forward test average loss 0.007503114640712738.
inverse model, training agent 3.
epoch 0: inverse train average loss 0.018089932906958792.
epoch 0: inverse test average loss 0.02755593177345064.
epoch 99: inverse train average loss 0.007000547937220997.
epoch 99: inverse test average loss 0.015901898344357807.
forward model: training agent 4.
Epoch 0: forward train average loss 0.002628657164879971.
epoch 0: forward test average loss 0.004845841684275203.
Epoch 99: forward train average loss 0.0012133319396525621.
epoch 99: forward test average loss 0.0034876836256848443.
inverse model, training agent 4.
epoch 0: inverse train average loss 0.005522880341029829.
epoch 0: inverse test average loss 0.006035926855272717.
epoch 99: inverse train average loss 0.0033887257385585043.
epoch 99: inverse test average loss 0.009188815951347351.
forward model: training agent 5.
Epoch 0: forward train average loss 0.0020706450256208577.
epoch 0: forward test average loss 0.0038541327748033735.
Epoch 99: forward train average loss 0.0009677698318329123.
epoch 99: forward test average loss 0.004338850991593467.
inverse model, training agent 5.
epoch 0: inverse train average loss 0.015460232686665323.
epoch 0: inverse test average loss 0.0246757459309366.
epoch 99: inverse train average loss 0.005509744139595164.
epoch 99: inverse test average loss 0.011316599945227305.
forward model: training agent 6.
Epoch 0: forward train average loss 0.003951854745133055.
epoch 0: forward test average loss 0.007007610259784592.
Epoch 99: forward train average loss 0.001584256895714336.
epoch 99: forward test average loss 0.0049472446036007665.
inverse model, training agent 6.
epoch 0: inverse train average loss 0.005661339861237341.
epoch 0: inverse test average loss 0.01352586949037181.
epoch 99: inverse train average loss 0.004463475921915637.
epoch 99: inverse test average loss 0.003949732758984383.
Policy training episode: 48, grounded actions taken: 838, last two uncertainties: {0: [0.0, 0.0], 1: [0.0, 0.0], 2: [0.0, 0.0], 3: [0.0, 0.0], 4: [0.0, 0.0], 5: [0.0, 0.0], 6: [0.0, 0.0]}, avg agent uncertainties: [0.0, 0.0, 0.0, 0.0, 0.0, 0.0, 0.0], grounded actions by agent: [117, 126, 110, 108, 119, 140, 118]
Policy training episode: 48, iteration 0/1, policy training avg travel time:67.1411063265982, q_loss:1.1041909456253052, rewards:-3.1317230224609376, queue:0.4634920634920635, delay:0.04751555730426122, throughput:3011
Sim Rollout episode:49/100, sim avg travel time:198.24370860927152, rewards:-2.636981879340278, queue:0.3984126984126984, delay:0.045369696238684275, throughput:2780
Real rollout step:49/100, travel time:138.68363019508058, rewards:-19.81705050998264, queue:2.446825396825397, delay:0.1409920949784536, throughput:2258
forward model: training agent 0.
Epoch 0: forward train average loss 0.0039482990590234595.
epoch 0: forward test average loss 0.004839410384496053.
Epoch 99: forward train average loss 0.0017263613020380337.
epoch 99: forward test average loss 0.00849845301773813.
inverse model, training agent 0.
epoch 0: inverse train average loss 3.7315952921643555e-05.
epoch 0: inverse test average loss 0.0001795964690245455.
epoch 99: inverse train average loss 3.3388268290776876e-05.
epoch 99: inverse test average loss 9.925402069812763e-05.
forward model: training agent 1.
Epoch 0: forward train average loss 0.00528015677506725.
epoch 0: forward test average loss 0.009083129465579987.
Epoch 99: forward train average loss 0.002282148873847392.
epoch 99: forward test average loss 0.014176807883712981.
inverse model, training agent 1.
epoch 0: inverse train average loss 0.00518664438277483.
epoch 0: inverse test average loss 0.002682080569987496.
epoch 99: inverse train average loss 0.0023945903974688714.
epoch 99: inverse test average loss 0.0029183498894174895.
forward model: training agent 2.
Epoch 0: forward train average loss 0.0049341777339577675.
epoch 0: forward test average loss 0.007054771814081404.
Epoch 99: forward train average loss 0.001536708739068773.
epoch 99: forward test average loss 0.0060052453643745845.
inverse model, training agent 2.
epoch 0: inverse train average loss 0.0027396644776066146.
epoch 0: inverse test average loss 0.0013790444936603308.
epoch 99: inverse train average loss 0.00204842721319033.
epoch 99: inverse test average loss 0.0014921236369344923.
forward model: training agent 3.
Epoch 0: forward train average loss 0.00520695714900891.
epoch 0: forward test average loss 0.020454092158211604.
Epoch 99: forward train average loss 0.0016332721182455618.
epoch 99: forward test average loss 0.017757043656375673.
inverse model, training agent 3.
epoch 0: inverse train average loss 0.007290302361879084.
epoch 0: inverse test average loss 0.009586823690268729.
epoch 99: inverse train average loss 0.0007468321257167392.
epoch 99: inverse test average loss 0.00031115137971937656.
forward model: training agent 4.
Epoch 0: forward train average loss 0.0026312972315483624.
epoch 0: forward test average loss 0.003552432275480694.
Epoch 99: forward train average loss 0.001166374474349949.
epoch 99: forward test average loss 0.0031532195086280503.
inverse model, training agent 4.
epoch 0: inverse train average loss 0.023280838918354776.
epoch 0: inverse test average loss 0.018492132218347654.
epoch 99: inverse train average loss 0.0062785833660099245.
epoch 99: inverse test average loss 0.010614902608924441.
forward model: training agent 5.
Epoch 0: forward train average loss 0.0023159153449038663.
epoch 0: forward test average loss 0.0051032186796267824.
Epoch 99: forward train average loss 0.001093082543876436.
epoch 99: forward test average loss 0.005225781144367324.
inverse model, training agent 5.
epoch 0: inverse train average loss 0.013883208649026023.
epoch 0: inverse test average loss 0.0187632797492875.
epoch 99: inverse train average loss 0.004744082947985994.
epoch 99: inverse test average loss 0.007889115148120456.
forward model: training agent 6.
Epoch 0: forward train average loss 0.0038737618985275426.
epoch 0: forward test average loss 0.008208625225557221.
Epoch 99: forward train average loss 0.0013007542454741066.
epoch 99: forward test average loss 0.006732926393548648.
inverse model, training agent 6.
epoch 0: inverse train average loss 0.007019715487129158.
epoch 0: inverse test average loss 0.008168639408217536.
epoch 99: inverse train average loss 0.0011324203547297253.
epoch 99: inverse test average loss 0.002003964450624254.
Policy training episode: 49, grounded actions taken: 841, last two uncertainties: {0: [0.0, 0.0], 1: [0.0, 0.0], 2: [0.0, 0.0], 3: [0.0, 0.0], 4: [0.0, 0.0], 5: [0.0, 0.0], 6: [0.0, 0.0]}, avg agent uncertainties: [0.0, 0.0, 0.0, 0.0, 0.0, 0.0, 0.0], grounded actions by agent: [113, 123, 128, 110, 120, 119, 128]
Policy training episode: 49, iteration 0/1, policy training avg travel time:94.44326827654648, q_loss:1.1067869663238525, rewards:-4.419130113389757, queue:0.6329365079365079, delay:0.05554233127170139, throughput:2995
Sim Rollout episode:50/100, sim avg travel time:188.35231788079471, rewards:-3.120481703016493, queue:0.4623015873015873, delay:0.04852740575396825, throughput:2830
Real rollout step:50/100, travel time:151.1752885848653, rewards:-29.854947916666667, queue:3.4952380952380953, delay:0.14781225295293898, throughput:2237
forward model: training agent 0.
Epoch 0: forward train average loss 0.003602677231861485.
epoch 0: forward test average loss 0.006711862360437711.
Epoch 99: forward train average loss 0.0019184520933777094.
epoch 99: forward test average loss 0.005903520931800206.
inverse model, training agent 0.
epoch 0: inverse train average loss 0.00023329646490487398.
epoch 0: inverse test average loss 0.0006170394922138359.
epoch 99: inverse train average loss 0.00015154393531070632.
epoch 99: inverse test average loss 0.002976026748203569.
forward model: training agent 1.
Epoch 0: forward train average loss 0.006883016373548243.
epoch 0: forward test average loss 0.014916229165262647.
Epoch 99: forward train average loss 0.003214626107364893.
epoch 99: forward test average loss 0.011555229210191302.
inverse model, training agent 1.
epoch 0: inverse train average loss 0.0042199296359386705.
epoch 0: inverse test average loss 0.0037257466465234756.
epoch 99: inverse train average loss 0.0022528915045162043.
epoch 99: inverse test average loss 0.0016308006468332475.
forward model: training agent 2.
Epoch 0: forward train average loss 0.007228615900708569.
epoch 0: forward test average loss 0.009622150825129615.
Epoch 99: forward train average loss 0.001765469296111001.
epoch 99: forward test average loss 0.0069485749635431505.
inverse model, training agent 2.
epoch 0: inverse train average loss 0.017256771110826068.
epoch 0: inverse test average loss 0.015743609931733873.
epoch 99: inverse train average loss 0.006124531384557486.
epoch 99: inverse test average loss 0.0113915643758244.
forward model: training agent 3.
Epoch 0: forward train average loss 0.005800080796082814.
epoch 0: forward test average loss 0.007961242977115843.
Epoch 99: forward train average loss 0.001689996389258239.
epoch 99: forward test average loss 0.006790955861409505.
inverse model, training agent 3.
epoch 0: inverse train average loss 0.0026227866506410968.
epoch 0: inverse test average loss 0.0016299219569191337.
epoch 99: inverse train average loss 0.0010216266641186343.
epoch 99: inverse test average loss 0.001684893879832493.
forward model: training agent 4.
Epoch 0: forward train average loss 0.002519576189418634.
epoch 0: forward test average loss 0.0031645986148052746.
Epoch 99: forward train average loss 0.0011770814631341232.
epoch 99: forward test average loss 0.0038648020062181684.
inverse model, training agent 4.
epoch 0: inverse train average loss 0.014965375678406822.
epoch 0: inverse test average loss 0.021713188538948696.
epoch 99: inverse train average loss 0.006533518795751863.
epoch 99: inverse test average loss 0.006303227403097683.
forward model: training agent 5.
Epoch 0: forward train average loss 0.002407356993191772.
epoch 0: forward test average loss 0.004444068504704369.
Epoch 99: forward train average loss 0.0012082427015735044.
epoch 99: forward test average loss 0.0058724406278795665.
inverse model, training agent 5.
epoch 0: inverse train average loss 0.004449559686084588.
epoch 0: inverse test average loss 0.005605214378899998.
epoch 99: inverse train average loss 0.0035608397900230354.
epoch 99: inverse test average loss 0.007389975918663872.
forward model: training agent 6.
Epoch 0: forward train average loss 0.0037896487758391434.
epoch 0: forward test average loss 0.005991443163818783.
Epoch 99: forward train average loss 0.0014354318328615692.
epoch 99: forward test average loss 0.005405683070421219.
inverse model, training agent 6.
epoch 0: inverse train average loss 0.007266913540661335.
epoch 0: inverse test average loss 0.012922863579458661.
epoch 99: inverse train average loss 0.004263642968402969.
epoch 99: inverse test average loss 0.00604615132841799.
Policy training episode: 50, grounded actions taken: 827, last two uncertainties: {0: [0.0, 0.0], 1: [0.0, 0.0], 2: [0.0, 0.0], 3: [0.0, 0.0], 4: [0.0, 0.0], 5: [0.0, 0.0], 6: [0.0, 0.0]}, avg agent uncertainties: [0.0, 0.0, 0.0, 0.0, 0.0, 0.0, 0.0], grounded actions by agent: [123, 121, 120, 107, 120, 119, 117]
Policy training episode: 50, iteration 0/1, policy training avg travel time:67.062893081761, q_loss:1.3252544403076172, rewards:-3.1359815809461806, queue:0.473015873015873, delay:0.04748810056656126, throughput:3012
Sim Rollout episode:51/100, sim avg travel time:204.36135009927202, rewards:-2.6377963595920138, queue:0.40595238095238095, delay:0.04661814977252294, throughput:2776
Real rollout step:51/100, travel time:122.74347651545564, rewards:-15.870075141059028, queue:2.0265873015873015, delay:0.12772994268508184, throughput:2387
forward model: training agent 0.
Epoch 0: forward train average loss 0.004522987537913852.
epoch 0: forward test average loss 0.0075920335948467255.
Epoch 99: forward train average loss 0.0020096031172821918.
epoch 99: forward test average loss 0.006299563994010289.
inverse model, training agent 0.
epoch 0: inverse train average loss 0.001387329164848615.
epoch 0: inverse test average loss 0.0012096513246686097.
epoch 99: inverse train average loss 0.0008373268133760171.
epoch 99: inverse test average loss 0.0010567821009317413.
forward model: training agent 1.
Epoch 0: forward train average loss 0.009084556355244584.
epoch 0: forward test average loss 0.0112760861714681.
Epoch 99: forward train average loss 0.002733475709747937.
epoch 99: forward test average loss 0.008394552187787162.
inverse model, training agent 1.
epoch 0: inverse train average loss 0.0012352273075117005.
epoch 0: inverse test average loss 0.00059759597449253.
epoch 99: inverse train average loss 9.853098607790243e-05.
epoch 99: inverse test average loss 0.00021523096398191733.
forward model: training agent 2.
Epoch 0: forward train average loss 0.005579459998342726.
epoch 0: forward test average loss 0.006510735385947757.
Epoch 99: forward train average loss 0.0014784587288482322.
epoch 99: forward test average loss 0.009487784571117826.
inverse model, training agent 2.
epoch 0: inverse train average loss 0.02428678133421474.
epoch 0: inverse test average loss 0.05116304258505503.
epoch 99: inverse train average loss 0.008195789323912727.
epoch 99: inverse test average loss 0.016663256618711684.
forward model: training agent 3.
Epoch 0: forward train average loss 0.009948145598173141.
epoch 0: forward test average loss 0.013866027610169517.
Epoch 99: forward train average loss 0.002123859633381168.
epoch 99: forward test average loss 0.00990027023686303.
inverse model, training agent 3.
epoch 0: inverse train average loss 0.025111945966879528.
epoch 0: inverse test average loss 0.03687024944358402.
epoch 99: inverse train average loss 0.007588282641437318.
epoch 99: inverse test average loss 0.011477366089820862.
forward model: training agent 4.
Epoch 0: forward train average loss 0.002742361898223559.
epoch 0: forward test average loss 0.0038265884957379764.
Epoch 99: forward train average loss 0.0013848438393324614.
epoch 99: forward test average loss 0.004452536296513345.
inverse model, training agent 4.
epoch 0: inverse train average loss 0.004611713190873464.
epoch 0: inverse test average loss 0.008427510865860514.
epoch 99: inverse train average loss 0.002254090517655843.
epoch 99: inverse test average loss 0.005498308274481032.
forward model: training agent 5.
Epoch 0: forward train average loss 0.0025586173869669437.
epoch 0: forward test average loss 0.003407916881971889.
Epoch 99: forward train average loss 0.0011711211021368702.
epoch 99: forward test average loss 0.00374207469738192.
inverse model, training agent 5.
epoch 0: inverse train average loss 0.01749528158042166.
epoch 0: inverse test average loss 0.03546196719010671.
epoch 99: inverse train average loss 0.0025756585980869.
epoch 99: inverse test average loss 0.005383222984770934.
forward model: training agent 6.
Epoch 0: forward train average loss 0.004740445357229974.
epoch 0: forward test average loss 0.00603688115047084.
Epoch 99: forward train average loss 0.0015373559565179879.
epoch 99: forward test average loss 0.006214042711589072.
inverse model, training agent 6.
epoch 0: inverse train average loss 0.004492276658614476.
epoch 0: inverse test average loss 0.005287092592981126.
epoch 99: inverse train average loss 0.0037877396163013247.
epoch 99: inverse test average loss 0.0030410726451211506.
Policy training episode: 51, grounded actions taken: 841, last two uncertainties: {0: [0.0, 0.0], 1: [0.0, 0.0], 2: [0.0, 0.0], 3: [0.0, 0.0], 4: [0.0, 0.0], 5: [0.0, 0.0], 6: [0.0, 0.0]}, avg agent uncertainties: [0.0, 0.0, 0.0, 0.0, 0.0, 0.0, 0.0], grounded actions by agent: [131, 127, 104, 123, 132, 102, 122]
Policy training episode: 51, iteration 0/1, policy training avg travel time:110.6398543528633, q_loss:1.437813401222229, rewards:-3.458260091145833, queue:0.5087301587301587, delay:0.051591564360119045, throughput:2949
Sim Rollout episode:52/100, sim avg travel time:204.2705298013245, rewards:-2.8291113959418404, queue:0.43452380952380953, delay:0.04799838293166388, throughput:2777
Real rollout step:52/100, travel time:128.80845665961945, rewards:-18.225920952690974, queue:2.28531746031746, delay:0.14832833910745288, throughput:2276
forward model: training agent 0.
Epoch 0: forward train average loss 0.004022207525041368.
epoch 0: forward test average loss 0.00763540445930428.
Epoch 99: forward train average loss 0.00192419090308249.
epoch 99: forward test average loss 0.010873133109675514.
inverse model, training agent 0.
epoch 0: inverse train average loss 2.1579372009404728e-05.
epoch 0: inverse test average loss 4.465807837227153e-05.
epoch 99: inverse train average loss 1.715821528907529e-06.
epoch 99: inverse test average loss 2.4812548468212804e-06.
forward model: training agent 1.
Epoch 0: forward train average loss 0.005754399941199356.
epoch 0: forward test average loss 0.019115818457471.
Epoch 99: forward train average loss 0.002413099476446708.
epoch 99: forward test average loss 0.012677184409565397.
inverse model, training agent 1.
epoch 0: inverse train average loss 0.0009607745167967449.
epoch 0: inverse test average loss 0.0012928467986057512.
epoch 99: inverse train average loss 0.0002599688676936138.
epoch 99: inverse test average loss 0.00044520539611565054.
forward model: training agent 2.
Epoch 0: forward train average loss 0.004672474434806241.
epoch 0: forward test average loss 0.007455472730927997.
Epoch 99: forward train average loss 0.0016133685389326678.
epoch 99: forward test average loss 0.004650336172845628.
inverse model, training agent 2.
epoch 0: inverse train average loss 0.015538026268283526.
epoch 0: inverse test average loss 0.02435129549768236.
epoch 99: inverse train average loss 0.005092626696245538.
epoch 99: inverse test average loss 0.010626922671993574.
forward model: training agent 3.
Epoch 0: forward train average loss 0.00595823261472914.
epoch 0: forward test average loss 0.010468133621745639.
Epoch 99: forward train average loss 0.0018441227471662892.
epoch 99: forward test average loss 0.009227603673934937.
inverse model, training agent 3.
epoch 0: inverse train average loss 0.010354906941453615.
epoch 0: inverse test average loss 0.01046008575293753.
epoch 99: inverse train average loss 0.007500874913401074.
epoch 99: inverse test average loss 0.018752555466360517.
forward model: training agent 4.
Epoch 0: forward train average loss 0.002865220316582256.
epoch 0: forward test average loss 0.0029741496675544316.
Epoch 99: forward train average loss 0.0013046813870055808.
epoch 99: forward test average loss 0.0028686270945601994.
inverse model, training agent 4.
epoch 0: inverse train average loss 0.004132615842132105.
epoch 0: inverse test average loss 0.002044630806065268.
epoch 99: inverse train average loss 0.0025910406839102507.
epoch 99: inverse test average loss 0.00248055641228954.
forward model: training agent 5.
Epoch 0: forward train average loss 0.0022778011496282285.
epoch 0: forward test average loss 0.005090105036894481.
Epoch 99: forward train average loss 0.0010890312001316084.
epoch 99: forward test average loss 0.005171375970045726.
inverse model, training agent 5.
epoch 0: inverse train average loss 0.022819807132085163.
epoch 0: inverse test average loss 0.03317661748992072.
epoch 99: inverse train average loss 0.0035584659005204835.
epoch 99: inverse test average loss 0.005058740990029441.
forward model: training agent 6.
Epoch 0: forward train average loss 0.004269079926113288.
epoch 0: forward test average loss 0.006524601537320349.
Epoch 99: forward train average loss 0.0014788449172758395.
epoch 99: forward test average loss 0.00687914424472385.
inverse model, training agent 6.
epoch 0: inverse train average loss 0.004918390264113744.
epoch 0: inverse test average loss 0.00536066997382376.
epoch 99: inverse train average loss 0.003409675425953335.
epoch 99: inverse test average loss 0.004012367739859555.
Policy training episode: 52, grounded actions taken: 810, last two uncertainties: {0: [0.0, 0.0], 1: [0.0, 0.0], 2: [0.0, 0.0], 3: [0.0, 0.0], 4: [0.0, 0.0], 5: [0.0, 0.0], 6: [0.0, 0.0]}, avg agent uncertainties: [0.0, 0.0, 0.0, 0.0, 0.0, 0.0, 0.0], grounded actions by agent: [118, 114, 102, 115, 112, 123, 126]
Policy training episode: 52, iteration 0/1, policy training avg travel time:138.44720291294274, q_loss:1.3152981996536255, rewards:-3.2190372043185764, queue:0.48412698412698413, delay:0.051863037593781004, throughput:2915
Sim Rollout episode:53/100, sim avg travel time:185.56835484938762, rewards:-2.5966854519314237, queue:0.39126984126984127, delay:0.044673995366172184, throughput:2793
Real rollout step:53/100, travel time:121.71341956345998, rewards:-14.585686577690971, queue:1.838095238095238, delay:0.13368183923146082, throughput:2372
forward model: training agent 0.
Epoch 0: forward train average loss 0.0043343901116814874.
epoch 0: forward test average loss 0.006347157268060578.
Epoch 99: forward train average loss 0.0021529875488744844.
epoch 99: forward test average loss 0.006869769344727199.
inverse model, training agent 0.
epoch 0: inverse train average loss 7.086880168571952e-05.
epoch 0: inverse test average loss 0.003538881719603321.
epoch 99: inverse train average loss 4.808376223763844e-05.
epoch 99: inverse test average loss 0.00432161034690479.
forward model: training agent 1.
Epoch 0: forward train average loss 0.005662286240193579.
epoch 0: forward test average loss 0.007096764114167955.
Epoch 99: forward train average loss 0.0021936461691641146.
epoch 99: forward test average loss 0.005938123083776898.
inverse model, training agent 1.
epoch 0: inverse train average loss 0.00028832426000412344.
epoch 0: inverse test average loss 0.0003702894860503471.
epoch 99: inverse train average loss 0.00013893727858279212.
epoch 99: inverse test average loss 0.00023565694735023298.
forward model: training agent 2.
Epoch 0: forward train average loss 0.0035937955189082357.
epoch 0: forward test average loss 0.004755027074780729.
Epoch 99: forward train average loss 0.0013343458477821615.
epoch 99: forward test average loss 0.004978608133064376.
inverse model, training agent 2.
epoch 0: inverse train average loss 0.010266504250466824.
epoch 0: inverse test average loss 0.018620533247788746.
epoch 99: inverse train average loss 0.006512395727137725.
epoch 99: inverse test average loss 0.01126484614279535.
forward model: training agent 3.
Epoch 0: forward train average loss 0.005864687470926179.
epoch 0: forward test average loss 0.011080774996015761.
Epoch 99: forward train average loss 0.001914721370364229.
epoch 99: forward test average loss 0.011497941695981555.
inverse model, training agent 3.
epoch 0: inverse train average loss 0.006790063447422451.
epoch 0: inverse test average loss 0.007546994214256604.
epoch 99: inverse train average loss 0.004416842789699634.
epoch 99: inverse test average loss 0.013218812851442231.
forward model: training agent 4.
Epoch 0: forward train average loss 0.0025555630887134206.
epoch 0: forward test average loss 0.004741445597675111.
Epoch 99: forward train average loss 0.0012525209329194492.
epoch 99: forward test average loss 0.0050736914078394575.
inverse model, training agent 4.
epoch 0: inverse train average loss 0.00890265115433269.
epoch 0: inverse test average loss 0.004553011101153161.
epoch 99: inverse train average loss 0.005139218902008401.
epoch 99: inverse test average loss 0.006812938592500157.
forward model: training agent 5.
Epoch 0: forward train average loss 0.002345855192591747.
epoch 0: forward test average loss 0.0042207495619853335.
Epoch 99: forward train average loss 0.00109395501203835.
epoch 99: forward test average loss 0.004683446139097214.
inverse model, training agent 5.
epoch 0: inverse train average loss 0.0035305716511276034.
epoch 0: inverse test average loss 0.005275054110421075.
epoch 99: inverse train average loss 0.00300117915806671.
epoch 99: inverse test average loss 0.00543070025742054.
forward model: training agent 6.
Epoch 0: forward train average loss 0.00391174563103252.
epoch 0: forward test average loss 0.007277764586938752.
Epoch 99: forward train average loss 0.0014918348751962185.
epoch 99: forward test average loss 0.005925414255923695.
inverse model, training agent 6.
epoch 0: inverse train average loss 0.0037299906834959984.
epoch 0: inverse test average loss 0.0026688087317678663.
epoch 99: inverse train average loss 0.0033259443007409573.
epoch 99: inverse test average loss 0.0028707560979657704.
Policy training episode: 53, grounded actions taken: 782, last two uncertainties: {0: [0.0, 0.0], 1: [0.0, 0.0], 2: [0.0, 0.0], 3: [0.0, 0.0], 4: [0.0, 0.0], 5: [0.0, 0.0], 6: [0.0, 0.0]}, avg agent uncertainties: [0.0, 0.0, 0.0, 0.0, 0.0, 0.0, 0.0], grounded actions by agent: [103, 121, 109, 125, 120, 102, 102]
Policy training episode: 53, iteration 0/1, policy training avg travel time:71.92086092715232, q_loss:1.1447665691375732, rewards:-2.9327596028645835, queue:0.4365079365079365, delay:0.04479835752456907, throughput:3011
Sim Rollout episode:54/100, sim avg travel time:212.00297914597814, rewards:-2.8020372178819444, queue:0.42777777777777776, delay:0.04672843993656219, throughput:2768
Real rollout step:54/100, travel time:124.56767842493848, rewards:-14.147425672743056, queue:1.7873015873015874, delay:0.12891143314422124, throughput:2337
forward model: training agent 0.
Epoch 0: forward train average loss 0.00381012928361694.
epoch 0: forward test average loss 0.0048094189001454245.
Epoch 99: forward train average loss 0.0020245264232572583.
epoch 99: forward test average loss 0.006407017095221413.
inverse model, training agent 0.
epoch 0: inverse train average loss 0.00012785192133593328.
epoch 0: inverse test average loss 0.00033405270253044565.
epoch 99: inverse train average loss 3.632051186741592e-05.
epoch 99: inverse test average loss 7.88104650079428e-05.
forward model: training agent 1.
Epoch 0: forward train average loss 0.0050955647602677345.
epoch 0: forward test average loss 0.0076468684193160795.
Epoch 99: forward train average loss 0.00195802737855249.
epoch 99: forward test average loss 0.0077252936446004445.
inverse model, training agent 1.
epoch 0: inverse train average loss 0.0002715155399831322.
epoch 0: inverse test average loss 0.000397603506118887.
epoch 99: inverse train average loss 2.931127239157326e-05.
epoch 99: inverse test average loss 9.193493471886743e-05.
forward model: training agent 2.
Epoch 0: forward train average loss 0.00365345257644852.
epoch 0: forward test average loss 0.008328984595007367.
Epoch 99: forward train average loss 0.001374690586494075.
epoch 99: forward test average loss 0.005672593497567707.
inverse model, training agent 2.
epoch 0: inverse train average loss 0.009271652748187384.
epoch 0: inverse test average loss 0.013528684775034586.
epoch 99: inverse train average loss 0.0025009898494722117.
epoch 99: inverse test average loss 0.0021709801318744817.
forward model: training agent 3.
Epoch 0: forward train average loss 0.005669277057879501.
epoch 0: forward test average loss 0.010311166445414225.
Epoch 99: forward train average loss 0.0015675047050333684.
epoch 99: forward test average loss 0.01120433004366027.
inverse model, training agent 3.
epoch 0: inverse train average loss 0.0076067545968625284.
epoch 0: inverse test average loss 0.015255746328168444.
epoch 99: inverse train average loss 0.0048646774763862295.
epoch 99: inverse test average loss 0.007969182191623582.
forward model: training agent 4.
Epoch 0: forward train average loss 0.00278536608028743.
epoch 0: forward test average loss 0.006547198113467958.
Epoch 99: forward train average loss 0.0012055232267205913.
epoch 99: forward test average loss 0.0037231494983037314.
inverse model, training agent 4.
epoch 0: inverse train average loss 0.005439077348758777.
epoch 0: inverse test average loss 0.0029651041453083358.
epoch 99: inverse train average loss 0.003667253095449673.
epoch 99: inverse test average loss 0.002041695173829794.
forward model: training agent 5.
Epoch 0: forward train average loss 0.0024078880281498036.
epoch 0: forward test average loss 0.0034884891162316003.
Epoch 99: forward train average loss 0.0011949085811566976.
epoch 99: forward test average loss 0.005012222048309114.
inverse model, training agent 5.
epoch 0: inverse train average loss 0.003253133501857519.
epoch 0: inverse test average loss 0.0029537403542134496.
epoch 99: inverse train average loss 0.0027546301587588256.
epoch 99: inverse test average loss 0.003184750262233946.
forward model: training agent 6.
Epoch 0: forward train average loss 0.0034874355834391382.
epoch 0: forward test average loss 0.005975853858722581.
Epoch 99: forward train average loss 0.001267740089032385.
epoch 99: forward test average loss 0.0069161078168286216.
inverse model, training agent 6.
epoch 0: inverse train average loss 0.009560956102278497.
epoch 0: inverse test average loss 0.014492562040686607.
epoch 99: inverse train average loss 0.0018434092764639193.
epoch 99: inverse test average loss 0.0016347129518787067.
Policy training episode: 54, grounded actions taken: 849, last two uncertainties: {0: [0.0, 0.0], 1: [0.0, 0.0], 2: [0.0, 0.0], 3: [0.0, 0.0], 4: [0.0, 0.0], 5: [0.0, 0.0], 6: [0.0, 0.0]}, avg agent uncertainties: [0.0, 0.0, 0.0, 0.0, 0.0, 0.0, 0.0], grounded actions by agent: [122, 111, 127, 116, 131, 126, 116]
Policy training episode: 54, iteration 0/1, policy training avg travel time:128.80337636544192, q_loss:1.2563629150390625, rewards:-3.8278344048394097, queue:0.5801587301587302, delay:0.053491543966626365, throughput:2985
Sim Rollout episode:55/100, sim avg travel time:103.24577674726731, rewards:-3.0838521321614585, queue:0.4646825396825397, delay:0.049277786981491815, throughput:2948
Real rollout step:55/100, travel time:134.86289987536352, rewards:-24.32192111545139, queue:2.90515873015873, delay:0.14666511898949033, throughput:2302
forward model: training agent 0.
Epoch 0: forward train average loss 0.006144509133365419.
epoch 0: forward test average loss 0.006111738168530994.
Epoch 99: forward train average loss 0.002011088395698203.
epoch 99: forward test average loss 0.0055968254390690066.
inverse model, training agent 0.
epoch 0: inverse train average loss 0.0008947292132006623.
epoch 0: inverse test average loss 0.024337202310562134.
epoch 99: inverse train average loss 0.0003946705312248216.
epoch 99: inverse test average loss 0.00488375277523624.
forward model: training agent 1.
Epoch 0: forward train average loss 0.007373751762012641.
epoch 0: forward test average loss 0.01198720352517234.
Epoch 99: forward train average loss 0.002472287250889672.
epoch 99: forward test average loss 0.010389187269740634.
inverse model, training agent 1.
epoch 0: inverse train average loss 0.04254749334520764.
epoch 0: inverse test average loss 0.0291495095524523.
epoch 99: inverse train average loss 0.00573385294733776.
epoch 99: inverse test average loss 0.006526778038177226.
forward model: training agent 2.
Epoch 0: forward train average loss 0.006342254268626372.
epoch 0: forward test average loss 0.007919815679391226.
Epoch 99: forward train average loss 0.0015587291111134821.
epoch 99: forward test average loss 0.005760063520736164.
inverse model, training agent 2.
epoch 0: inverse train average loss 0.028237998485565186.
epoch 0: inverse test average loss 0.039693668484687805.
epoch 99: inverse train average loss 0.008114557299349043.
epoch 99: inverse test average loss 0.015665827525986567.
forward model: training agent 3.
Epoch 0: forward train average loss 0.0077793409840928186.
epoch 0: forward test average loss 0.008277489079369439.
Epoch 99: forward train average loss 0.0020798040398706994.
epoch 99: forward test average loss 0.007518939880861176.
inverse model, training agent 3.
epoch 0: inverse train average loss 0.004911676359673341.
epoch 0: inverse test average loss 0.005782377595702807.
epoch 99: inverse train average loss 0.0026004839843759933.
epoch 99: inverse test average loss 0.005217950998081101.
forward model: training agent 4.
Epoch 0: forward train average loss 0.002745954009393851.
epoch 0: forward test average loss 0.0049269286294778185.
Epoch 99: forward train average loss 0.001144203305658367.
epoch 99: forward test average loss 0.004300666972994804.
inverse model, training agent 4.
epoch 0: inverse train average loss 0.005399223882704973.
epoch 0: inverse test average loss 0.004776967146123449.
epoch 99: inverse train average loss 0.004121930286702182.
epoch 99: inverse test average loss 0.006183387297723029.
forward model: training agent 5.
Epoch 0: forward train average loss 0.0022778286495142514.
epoch 0: forward test average loss 0.005478907997409503.
Epoch 99: forward train average loss 0.0011285382400577266.
epoch 99: forward test average loss 0.004203777760267258.
inverse model, training agent 5.
epoch 0: inverse train average loss 0.0034437914275460774.
epoch 0: inverse test average loss 0.005564800360136562.
epoch 99: inverse train average loss 0.0027552364497549003.
epoch 99: inverse test average loss 0.004200569147037135.
forward model: training agent 6.
Epoch 0: forward train average loss 0.004009477587209808.
epoch 0: forward test average loss 0.00644889370434814.
Epoch 99: forward train average loss 0.0014819089685463244.
epoch 99: forward test average loss 0.007574338879850175.
inverse model, training agent 6.
epoch 0: inverse train average loss 0.0013283223314728173.
epoch 0: inverse test average loss 0.0012551861194272835.
epoch 99: inverse train average loss 0.0006666797724190272.
epoch 99: inverse test average loss 0.002837496292259958.
Policy training episode: 55, grounded actions taken: 854, last two uncertainties: {0: [0.0, 0.0], 1: [0.0, 0.0], 2: [0.0, 0.0], 3: [0.0, 0.0], 4: [0.0, 0.0], 5: [0.0, 0.0], 6: [0.0, 0.0]}, avg agent uncertainties: [0.0, 0.0, 0.0, 0.0, 0.0, 0.0, 0.0], grounded actions by agent: [119, 112, 129, 122, 125, 122, 125]
Policy training episode: 55, iteration 0/1, policy training avg travel time:64.84304635761589, q_loss:1.238887906074524, rewards:-2.796334160698785, queue:0.40753968253968254, delay:0.045209388127402654, throughput:3012
Sim Rollout episode:56/100, sim avg travel time:150.15165562913907, rewards:-2.7518520779079862, queue:0.42063492063492064, delay:0.04673168242923797, throughput:2837
Real rollout step:56/100, travel time:121.13585657370518, rewards:-15.539515516493056, queue:2.028174603174603, delay:0.13824550083705356, throughput:2412
forward model: training agent 0.
Epoch 0: forward train average loss 0.004111194103542302.
epoch 0: forward test average loss 0.0059447456151247025.
Epoch 99: forward train average loss 0.0019361597692800893.
epoch 99: forward test average loss 0.007174873103698094.
inverse model, training agent 0.
epoch 0: inverse train average loss 0.0006868643589162579.
epoch 0: inverse test average loss 0.00015607283825779127.
epoch 99: inverse train average loss 0.00046934492598261894.
epoch 99: inverse test average loss 9.505022899247706e-05.
forward model: training agent 1.
Epoch 0: forward train average loss 0.007427770230505202.
epoch 0: forward test average loss 0.012531208081377877.
Epoch 99: forward train average loss 0.0023315259928090703.
epoch 99: forward test average loss 0.012934380935298072.
inverse model, training agent 1.
epoch 0: inverse train average loss 0.008875793880886503.
epoch 0: inverse test average loss 0.013843936638699638.
epoch 99: inverse train average loss 0.003508687743710147.
epoch 99: inverse test average loss 0.004738671912087334.
forward model: training agent 2.
Epoch 0: forward train average loss 0.004508859633157651.
epoch 0: forward test average loss 0.00738427953587638.
Epoch 99: forward train average loss 0.0013770552145110236.
epoch 99: forward test average loss 0.007082722874151336.
inverse model, training agent 2.
epoch 0: inverse train average loss 0.013981485325429175.
epoch 0: inverse test average loss 0.022414099011156294.
epoch 99: inverse train average loss 0.007936349966459803.
epoch 99: inverse test average loss 0.013880166328615613.
forward model: training agent 3.
Epoch 0: forward train average loss 0.009518057521846559.
epoch 0: forward test average loss 0.016257193353441026.
Epoch 99: forward train average loss 0.0023629456344578.
epoch 99: forward test average loss 0.01085012157758077.
inverse model, training agent 3.
epoch 0: inverse train average loss 0.008932402874860499.
epoch 0: inverse test average loss 0.014035129712687599.
epoch 99: inverse train average loss 0.0050389051126937074.
epoch 99: inverse test average loss 0.009143041653765572.
forward model: training agent 4.
Epoch 0: forward train average loss 0.002574001076734728.
epoch 0: forward test average loss 0.004120498481723998.
Epoch 99: forward train average loss 0.0012051385775622395.
epoch 99: forward test average loss 0.00446531114478906.
inverse model, training agent 4.
epoch 0: inverse train average loss 0.004041060494879882.
epoch 0: inverse test average loss 0.0041558582128749955.
epoch 99: inverse train average loss 0.0027900327048781845.
epoch 99: inverse test average loss 0.0031410008539549178.
forward model: training agent 5.
Epoch 0: forward train average loss 0.002298009866434667.
epoch 0: forward test average loss 0.003996900800201628.
Epoch 99: forward train average loss 0.000995118740118212.
epoch 99: forward test average loss 0.004296226840880182.
inverse model, training agent 5.
epoch 0: inverse train average loss 0.027352484977907605.
epoch 0: inverse test average loss 0.051079114278157554.
epoch 99: inverse train average loss 0.005415701100395786.
epoch 99: inverse test average loss 0.009591728862788942.
forward model: training agent 6.
Epoch 0: forward train average loss 0.004106605942878459.
epoch 0: forward test average loss 0.00854445600675212.
Epoch 99: forward train average loss 0.0014484719787206915.
epoch 99: forward test average loss 0.007581151607963774.
inverse model, training agent 6.
epoch 0: inverse train average loss 0.010963063894046677.
epoch 0: inverse test average loss 0.020884538690249126.
epoch 99: inverse train average loss 0.00399422174733546.
epoch 99: inverse test average loss 0.009998198598623276.
Policy training episode: 56, grounded actions taken: 848, last two uncertainties: {0: [0.0, 0.0], 1: [0.0, 0.0], 2: [0.0, 0.0], 3: [0.0, 0.0], 4: [0.0, 0.0], 5: [0.0, 0.0], 6: [0.0, 0.0]}, avg agent uncertainties: [0.0, 0.0, 0.0, 0.0, 0.0, 0.0, 0.0], grounded actions by agent: [130, 105, 127, 122, 123, 115, 126]
Policy training episode: 56, iteration 0/1, policy training avg travel time:108.67670416942423, q_loss:1.2794644832611084, rewards:-3.9565005832248263, queue:0.5702380952380952, delay:0.05432019914899554, throughput:2982
Sim Rollout episode:57/100, sim avg travel time:203.45960264900663, rewards:-2.7694076538085937, queue:0.41785714285714287, delay:0.04687861487978981, throughput:2776
Real rollout step:57/100, travel time:132.1541081311196, rewards:-20.871815321180556, queue:2.5408730158730157, delay:0.1416236029730903, throughput:2250
forward model: training agent 0.
Epoch 0: forward train average loss 0.003962929464048809.
epoch 0: forward test average loss 0.004422442573640082.
Epoch 99: forward train average loss 0.0017649906997879345.
epoch 99: forward test average loss 0.005325634239448441.
inverse model, training agent 0.
epoch 0: inverse train average loss 7.631764714864807e-05.
epoch 0: inverse test average loss 0.00012076023267582059.
epoch 99: inverse train average loss 2.9141008275877943e-05.
epoch 99: inverse test average loss 7.834419294441534e-06.
forward model: training agent 1.
Epoch 0: forward train average loss 0.0060957495330108535.
epoch 0: forward test average loss 0.010207114948166741.
Epoch 99: forward train average loss 0.0024230306347211203.
epoch 99: forward test average loss 0.009724985808134079.
inverse model, training agent 1.
epoch 0: inverse train average loss 0.011515458838807212.
epoch 0: inverse test average loss 0.0056155576474136775.
epoch 99: inverse train average loss 0.0060611433453030055.
epoch 99: inverse test average loss 0.006027494039800432.
forward model: training agent 2.
Epoch 0: forward train average loss 0.004469695552769635.
epoch 0: forward test average loss 0.006675106783707936.
Epoch 99: forward train average loss 0.0015051920587817829.
epoch 99: forward test average loss 0.005182132021420532.
inverse model, training agent 2.
epoch 0: inverse train average loss 0.008077227200071016.
epoch 0: inverse test average loss 0.015498961839410994.
epoch 99: inverse train average loss 0.000465410800340275.
epoch 99: inverse test average loss 0.0006090474521948232.
forward model: training agent 3.
Epoch 0: forward train average loss 0.006296703695423073.
epoch 0: forward test average loss 0.007293301944931348.
Epoch 99: forward train average loss 0.0020095255588077838.
epoch 99: forward test average loss 0.007621426756183307.
inverse model, training agent 3.
epoch 0: inverse train average loss 0.005539362732734945.
epoch 0: inverse test average loss 0.01168094492620892.
epoch 99: inverse train average loss 0.003690788677583138.
epoch 99: inverse test average loss 0.010063499212265015.
forward model: training agent 4.
Epoch 0: forward train average loss 0.0025815286207944155.
epoch 0: forward test average loss 0.004448562032646603.
Epoch 99: forward train average loss 0.0012422253688176472.
epoch 99: forward test average loss 0.003719230078988605.
inverse model, training agent 4.
epoch 0: inverse train average loss 0.00940570431864924.
epoch 0: inverse test average loss 0.005208308911985821.
epoch 99: inverse train average loss 0.003481431553761164.
epoch 99: inverse test average loss 0.0030811278977327878.
forward model: training agent 5.
Epoch 0: forward train average loss 0.002461615949869156.
epoch 0: forward test average loss 0.005869587055510945.
Epoch 99: forward train average loss 0.001085060687425236.
epoch 99: forward test average loss 0.004627397490872277.
inverse model, training agent 5.
epoch 0: inverse train average loss 0.016731652120749157.
epoch 0: inverse test average loss 0.03999220497078366.
epoch 99: inverse train average loss 0.0033304251523481477.
epoch 99: inverse test average loss 0.003979837004509237.
forward model: training agent 6.
Epoch 0: forward train average loss 0.0038049608572489685.
epoch 0: forward test average loss 0.008568027574155066.
Epoch 99: forward train average loss 0.001496263417518801.
epoch 99: forward test average loss 0.006822722653547923.
inverse model, training agent 6.
epoch 0: inverse train average loss 0.005759493344359928.
epoch 0: inverse test average loss 0.007390475521485011.
epoch 99: inverse train average loss 0.0035305070018188823.
epoch 99: inverse test average loss 0.0047356852640708285.
Policy training episode: 57, grounded actions taken: 824, last two uncertainties: {0: [0.0, 0.0], 1: [0.0, 0.0], 2: [0.0, 0.0], 3: [0.0, 0.0], 4: [0.0, 0.0], 5: [0.0, 0.0], 6: [0.0, 0.0]}, avg agent uncertainties: [0.0, 0.0, 0.0, 0.0, 0.0, 0.0, 0.0], grounded actions by agent: [122, 123, 117, 112, 117, 106, 127]
Policy training episode: 57, iteration 0/1, policy training avg travel time:167.80205230056274, q_loss:1.3558971881866455, rewards:-4.16970452202691, queue:0.611904761904762, delay:0.0558401864672464, throughput:2938
Sim Rollout episode:58/100, sim avg travel time:200.1518861681006, rewards:-2.6974080403645835, queue:0.4107142857142857, delay:0.04574522593664745, throughput:2780
Real rollout step:58/100, travel time:136.42736486486487, rewards:-19.99140625, queue:2.603968253968254, delay:0.14620948670402406, throughput:2276
forward model: training agent 0.
Epoch 0: forward train average loss 0.004330916433698601.
epoch 0: forward test average loss 0.006080865032143063.
Epoch 99: forward train average loss 0.002078374951250023.
epoch 99: forward test average loss 0.00511827671693431.
inverse model, training agent 0.
epoch 0: inverse train average loss 0.000496082008895529.
epoch 0: inverse test average loss 8.146142338066258e-06.
epoch 99: inverse train average loss 0.0002494769319633229.
epoch 99: inverse test average loss 8.270557898665882e-05.
forward model: training agent 1.
Epoch 0: forward train average loss 0.005512444405919976.
epoch 0: forward test average loss 0.008296836995416217.
Epoch 99: forward train average loss 0.0024231203003889984.
epoch 99: forward test average loss 0.008328522245089212.
inverse model, training agent 1.
epoch 0: inverse train average loss 0.004918129235092137.
epoch 0: inverse test average loss 0.004116440709266398.
epoch 99: inverse train average loss 0.0021449250376058947.
epoch 99: inverse test average loss 0.0020084899539748826.
forward model: training agent 2.
Epoch 0: forward train average loss 0.004995070190893279.
epoch 0: forward test average loss 0.008845183170504041.
Epoch 99: forward train average loss 0.0015096220498283703.
epoch 99: forward test average loss 0.004902053831352128.
inverse model, training agent 2.
epoch 0: inverse train average loss 0.0231924866222673.
epoch 0: inverse test average loss 0.051573763291041054.
epoch 99: inverse train average loss 0.006649280484351847.
epoch 99: inverse test average loss 0.012433978418509165.
forward model: training agent 3.
Epoch 0: forward train average loss 0.00804917835113075.
epoch 0: forward test average loss 0.015773681302865345.
Epoch 99: forward train average loss 0.001722194901150134.
epoch 99: forward test average loss 0.00922482419345114.
inverse model, training agent 3.
epoch 0: inverse train average loss 0.006010610403286086.
epoch 0: inverse test average loss 0.009112971938318677.
epoch 99: inverse train average loss 0.00456084373096625.
epoch 99: inverse test average loss 0.009778611982862154.
forward model: training agent 4.
Epoch 0: forward train average loss 0.00407303533413344.
epoch 0: forward test average loss 0.005061925492352909.
Epoch 99: forward train average loss 0.0012985304929316044.
epoch 99: forward test average loss 0.003857815120783117.
inverse model, training agent 4.
epoch 0: inverse train average loss 0.005533472220930789.
epoch 0: inverse test average loss 0.010872446414497163.
epoch 99: inverse train average loss 0.0015542211735414134.
epoch 99: inverse test average loss 0.006942959502339363.
forward model: training agent 5.
Epoch 0: forward train average loss 0.002357590270953046.
epoch 0: forward test average loss 0.004344629123806953.
Epoch 99: forward train average loss 0.0010660372596854966.
epoch 99: forward test average loss 0.004446815492378341.
inverse model, training agent 5.
epoch 0: inverse train average loss 0.013270086919267973.
epoch 0: inverse test average loss 0.021855187912782032.
epoch 99: inverse train average loss 0.000830074877335897.
epoch 99: inverse test average loss 0.00024826720538031723.
forward model: training agent 6.
Epoch 0: forward train average loss 0.0035925905427171122.
epoch 0: forward test average loss 0.006520033296611574.
Epoch 99: forward train average loss 0.001434368650532431.
epoch 99: forward test average loss 0.007479582395818498.
inverse model, training agent 6.
epoch 0: inverse train average loss 0.005229498984085189.
epoch 0: inverse test average loss 0.007652291614148352.
epoch 99: inverse train average loss 0.003699814331614309.
epoch 99: inverse test average loss 0.002726839234431585.
Policy training episode: 58, grounded actions taken: 867, last two uncertainties: {0: [0.0, 0.0], 1: [0.0, 0.0], 2: [0.0, 0.0], 3: [0.0, 0.0], 4: [0.0, 0.0], 5: [0.0, 0.0], 6: [0.0, 0.0]}, avg agent uncertainties: [0.0, 0.0, 0.0, 0.0, 0.0, 0.0, 0.0], grounded actions by agent: [124, 130, 128, 99, 127, 132, 127]
Policy training episode: 58, iteration 0/1, policy training avg travel time:143.0314569536424, q_loss:1.4937901496887207, rewards:-3.7760552300347223, queue:0.5484126984126985, delay:0.052653903052920385, throughput:2936
Sim Rollout episode:59/100, sim avg travel time:205.68400132494205, rewards:-2.789833747016059, queue:0.4246031746031746, delay:0.04871567922925192, throughput:2775
Real rollout step:59/100, travel time:131.17984107068173, rewards:-17.920467122395834, queue:2.2523809523809524, delay:0.13755742633153523, throughput:2290
forward model: training agent 0.
Epoch 0: forward train average loss 0.003860016767349508.
epoch 0: forward test average loss 0.006137414524952571.
Epoch 99: forward train average loss 0.0016918033620135651.
epoch 99: forward test average loss 0.004818880930542946.
inverse model, training agent 0.
epoch 0: inverse train average loss 0.00014403073550460653.
epoch 0: inverse test average loss 0.00012152248463179503.
epoch 99: inverse train average loss 3.9394285623630923e-05.
epoch 99: inverse test average loss 2.921348520127746e-05.
forward model: training agent 1.
Epoch 0: forward train average loss 0.005002879434161716.
epoch 0: forward test average loss 0.008510845402876535.
Epoch 99: forward train average loss 0.0021135846618562937.
epoch 99: forward test average loss 0.007429064354962773.
inverse model, training agent 1.
epoch 0: inverse train average loss 0.0019522951398458746.
epoch 0: inverse test average loss 0.0027837465620703166.
epoch 99: inverse train average loss 0.0008523877671298882.
epoch 99: inverse test average loss 0.0017664173307518165.
forward model: training agent 2.
Epoch 0: forward train average loss 0.0037052491162386206.
epoch 0: forward test average loss 0.007837617976797951.
Epoch 99: forward train average loss 0.00154092351699041.
epoch 99: forward test average loss 0.007258801617556148.
inverse model, training agent 2.
epoch 0: inverse train average loss 0.010316991040276157.
epoch 0: inverse test average loss 0.014528724882337783.
epoch 99: inverse train average loss 0.005394926812085841.
epoch 99: inverse test average loss 0.004418491385877132.
forward model: training agent 3.
Epoch 0: forward train average loss 0.006026060630877812.
epoch 0: forward test average loss 0.014818706032302644.
Epoch 99: forward train average loss 0.0016245536713136567.
epoch 99: forward test average loss 0.012340077509482702.
inverse model, training agent 3.
epoch 0: inverse train average loss 0.006275779360698329.
epoch 0: inverse test average loss 0.007351129005352656.
epoch 99: inverse train average loss 0.0038295184882978597.
epoch 99: inverse test average loss 0.009648610527316729.
forward model: training agent 4.
Epoch 0: forward train average loss 0.0023905079190929732.
epoch 0: forward test average loss 0.003304907948606544.
Epoch 99: forward train average loss 0.0010338550459386574.
epoch 99: forward test average loss 0.0033905087038874626.
inverse model, training agent 4.
epoch 0: inverse train average loss 0.0038296524176581036.
epoch 0: inverse test average loss 0.003541996042865018.
epoch 99: inverse train average loss 0.001187401047597329.
epoch 99: inverse test average loss 0.002861151368253761.
forward model: training agent 5.
Epoch 0: forward train average loss 0.002858540819336971.
epoch 0: forward test average loss 0.00456129117972321.
Epoch 99: forward train average loss 0.0011928944796737698.
epoch 99: forward test average loss 0.0037748036492202017.
inverse model, training agent 5.
epoch 0: inverse train average loss 0.03178445580932829.
epoch 0: inverse test average loss 0.06952608625094096.
epoch 99: inverse train average loss 0.00627484524415599.
epoch 99: inverse test average loss 0.020527386003070407.
forward model: training agent 6.
Epoch 0: forward train average loss 0.004511637354476584.
epoch 0: forward test average loss 0.005909353494644165.
Epoch 99: forward train average loss 0.0013644878959490194.
epoch 99: forward test average loss 0.006879682135250833.
inverse model, training agent 6.
epoch 0: inverse train average loss 0.006804867233667109.
epoch 0: inverse test average loss 0.007912620488140319.
epoch 99: inverse train average loss 0.0013232261408120394.
epoch 99: inverse test average loss 0.006448967097741034.
Policy training episode: 59, grounded actions taken: 786, last two uncertainties: {0: [0.0, 0.0], 1: [0.0, 0.0], 2: [0.0, 0.0], 3: [0.0, 0.0], 4: [0.0, 0.0], 5: [0.0, 0.0], 6: [0.0, 0.0]}, avg agent uncertainties: [0.0, 0.0, 0.0, 0.0, 0.0, 0.0, 0.0], grounded actions by agent: [115, 123, 116, 100, 103, 113, 116]
Policy training episode: 59, iteration 0/1, policy training avg travel time:107.31005956320318, q_loss:1.6007460355758667, rewards:-3.579481675889757, queue:0.5396825396825397, delay:0.05191937401181176, throughput:2962
Sim Rollout episode:60/100, sim avg travel time:197.0069559456774, rewards:-2.562333679199219, queue:0.3876984126984127, delay:0.04435171702551463, throughput:2781
Real rollout step:60/100, travel time:127.27265204799338, rewards:-17.9561279296875, queue:2.219047619047619, delay:0.13976956322079614, throughput:2316
forward model: training agent 0.
Epoch 0: forward train average loss 0.004289202961242861.
epoch 0: forward test average loss 0.007595704661475288.
Epoch 99: forward train average loss 0.0016196801378909084.
epoch 99: forward test average loss 0.006181492366724544.
inverse model, training agent 0.
epoch 0: inverse train average loss 0.001980933334076932.
epoch 0: inverse test average loss 7.916579165288972e-05.
epoch 99: inverse train average loss 0.0009805610687989327.
epoch 99: inverse test average loss 0.0003976506866618163.
forward model: training agent 1.
Epoch 0: forward train average loss 0.004987065369884173.
epoch 0: forward test average loss 0.009258502059512667.
Epoch 99: forward train average loss 0.00180868250835273.
epoch 99: forward test average loss 0.008562304700414339.
inverse model, training agent 1.
epoch 0: inverse train average loss 0.0015895181309638752.
epoch 0: inverse test average loss 0.0005064114229753613.
epoch 99: inverse train average loss 0.0007873617707648211.
epoch 99: inverse test average loss 0.0010931360819894406.
forward model: training agent 2.
Epoch 0: forward train average loss 0.00442308746278286.
epoch 0: forward test average loss 0.00574545707139704.
Epoch 99: forward train average loss 0.0015195010799086755.
epoch 99: forward test average loss 0.005822261588441001.
inverse model, training agent 2.
epoch 0: inverse train average loss 0.010204791298343075.
epoch 0: inverse test average loss 0.022279221150610182.
epoch 99: inverse train average loss 0.005220439698961046.
epoch 99: inverse test average loss 0.010387185133165784.
forward model: training agent 3.
Epoch 0: forward train average loss 0.006121080989638965.
epoch 0: forward test average loss 0.008269892384608587.
Epoch 99: forward train average loss 0.001917976446242796.
epoch 99: forward test average loss 0.009849083920319876.
inverse model, training agent 3.
epoch 0: inverse train average loss 0.009000735253923468.
epoch 0: inverse test average loss 0.011780862592988543.
epoch 99: inverse train average loss 0.00406692973855469.
epoch 99: inverse test average loss 0.004270636993977759.
forward model: training agent 4.
Epoch 0: forward train average loss 0.0026233287321196664.
epoch 0: forward test average loss 0.003143923564089669.
Epoch 99: forward train average loss 0.0011931495973840356.
epoch 99: forward test average loss 0.004994988441467285.
inverse model, training agent 4.
epoch 0: inverse train average loss 0.019761269291241963.
epoch 0: inverse test average loss 0.025944835195938747.
epoch 99: inverse train average loss 0.003187379644562801.
epoch 99: inverse test average loss 0.0066672017176946.
forward model: training agent 5.
Epoch 0: forward train average loss 0.0022209648612058824.
epoch 0: forward test average loss 0.0037828625904189218.
Epoch 99: forward train average loss 0.0009288211456603474.
epoch 99: forward test average loss 0.0035549825471308497.
inverse model, training agent 5.
epoch 0: inverse train average loss 0.012957626953721046.
epoch 0: inverse test average loss 0.019826276434792414.
epoch 99: inverse train average loss 0.00026385838120606623.
epoch 99: inverse test average loss 0.00014963488016898432.
forward model: training agent 6.
Epoch 0: forward train average loss 0.00400646822527051.
epoch 0: forward test average loss 0.006151466940840085.
Epoch 99: forward train average loss 0.0014722733499689235.
epoch 99: forward test average loss 0.005745845536390941.
inverse model, training agent 6.
epoch 0: inverse train average loss 0.01637692790892389.
epoch 0: inverse test average loss 0.022966167165173426.
epoch 99: inverse train average loss 0.003573513020657831.
epoch 99: inverse test average loss 0.002918590015421311.
Policy training episode: 60, grounded actions taken: 839, last two uncertainties: {0: [0.0, 0.0], 1: [0.0, 0.0], 2: [0.0, 0.0], 3: [0.0, 0.0], 4: [0.0, 0.0], 5: [0.0, 0.0], 6: [0.0, 0.0]}, avg agent uncertainties: [0.0, 0.0, 0.0, 0.0, 0.0, 0.0, 0.0], grounded actions by agent: [108, 110, 126, 120, 121, 127, 127]
Policy training episode: 60, iteration 0/1, policy training avg travel time:123.3275919178536, q_loss:1.4002960920333862, rewards:-4.258056640625, queue:0.6178571428571429, delay:0.05514392550029452, throughput:2945
Sim Rollout episode:61/100, sim avg travel time:199.06225165562913, rewards:-2.991129896375868, queue:0.45634920634920634, delay:0.048907170976911274, throughput:2781
Real rollout step:61/100, travel time:132.09381401065139, rewards:-21.404410807291665, queue:2.721825396825397, delay:0.1518704611157614, throughput:2343
forward model: training agent 0.
Epoch 0: forward train average loss 0.004600266874250438.
epoch 0: forward test average loss 0.005626117396685813.
Epoch 99: forward train average loss 0.001996955420407984.
epoch 99: forward test average loss 0.007433235852254761.
inverse model, training agent 0.
epoch 0: inverse train average loss 0.0004153280040352709.
epoch 0: inverse test average loss 0.00044877272254476946.
epoch 99: inverse train average loss 2.9326000205603326e-05.
epoch 99: inverse test average loss 2.1695340466168192e-05.
forward model: training agent 1.
Epoch 0: forward train average loss 0.007633526602552997.
epoch 0: forward test average loss 0.011982718275652992.
Epoch 99: forward train average loss 0.002488044918411308.
epoch 99: forward test average loss 0.009139764226145215.
inverse model, training agent 1.
epoch 0: inverse train average loss 0.002673187280177242.
epoch 0: inverse test average loss 0.0018651850437486751.
epoch 99: inverse train average loss 0.001299516453097264.
epoch 99: inverse test average loss 0.0024169707256886694.
forward model: training agent 2.
Epoch 0: forward train average loss 0.004286771795401971.
epoch 0: forward test average loss 0.006394512744413482.
Epoch 99: forward train average loss 0.0015460125998490388.
epoch 99: forward test average loss 0.0072772349748346545.
inverse model, training agent 2.
epoch 0: inverse train average loss 0.01916779163810942.
epoch 0: inverse test average loss 0.034214537176820964.
epoch 99: inverse train average loss 0.0036885964477227796.
epoch 99: inverse test average loss 0.0077015794813632965.
forward model: training agent 3.
Epoch 0: forward train average loss 0.008501164925595125.
epoch 0: forward test average loss 0.01000958163705137.
Epoch 99: forward train average loss 0.0019170611889825927.
epoch 99: forward test average loss 0.008241732087400224.
inverse model, training agent 3.
epoch 0: inverse train average loss 0.011719952751364972.
epoch 0: inverse test average loss 0.020589643054538302.
epoch 99: inverse train average loss 0.0048304300548301805.
epoch 99: inverse test average loss 0.009925400217374166.
forward model: training agent 4.
Epoch 0: forward train average loss 0.002896596418900622.
epoch 0: forward test average loss 0.0047601448992888136.
Epoch 99: forward train average loss 0.0012531613724099265.
epoch 99: forward test average loss 0.003636167591644658.
inverse model, training agent 4.
epoch 0: inverse train average loss 0.007463975188632806.
epoch 0: inverse test average loss 0.004820694939957725.
epoch 99: inverse train average loss 0.0025312742477075923.
epoch 99: inverse test average loss 0.002027155391664969.
forward model: training agent 5.
Epoch 0: forward train average loss 0.0025404438686867556.
epoch 0: forward test average loss 0.005943139808045493.
Epoch 99: forward train average loss 0.0011265366984945205.
epoch 99: forward test average loss 0.005416267034080293.
inverse model, training agent 5.
epoch 0: inverse train average loss 0.05374185823731952.
epoch 0: inverse test average loss 0.07981360952059428.
epoch 99: inverse train average loss 0.006695530687769254.
epoch 99: inverse test average loss 0.015004460596375994.
forward model: training agent 6.
Epoch 0: forward train average loss 0.0040807111913131345.
epoch 0: forward test average loss 0.00465243330432309.
Epoch 99: forward train average loss 0.0014080476119286483.
epoch 99: forward test average loss 0.005672321137454774.
inverse model, training agent 6.
epoch 0: inverse train average loss 0.0058766139878167045.
epoch 0: inverse test average loss 0.005901577158106698.
epoch 99: inverse train average loss 0.003928800475680166.
epoch 99: inverse test average loss 0.0053830138511127895.
Policy training episode: 61, grounded actions taken: 800, last two uncertainties: {0: [0.0, 0.0], 1: [0.0, 0.0], 2: [0.0, 0.0], 3: [0.0, 0.0], 4: [0.0, 0.0], 5: [0.0, 0.0], 6: [0.0, 0.0]}, avg agent uncertainties: [0.0, 0.0, 0.0, 0.0, 0.0, 0.0, 0.0], grounded actions by agent: [121, 99, 125, 108, 112, 123, 112]
Policy training episode: 61, iteration 0/1, policy training avg travel time:157.3752898310699, q_loss:1.5751522779464722, rewards:-3.3181115044487846, queue:0.4988095238095238, delay:0.050011619688972594, throughput:2902
Sim Rollout episode:62/100, sim avg travel time:197.9887491727333, rewards:-2.738852267795139, queue:0.4126984126984127, delay:0.045372196984669516, throughput:2781
Real rollout step:62/100, travel time:141.19578947368421, rewards:-23.469254557291666, queue:2.914285714285714, delay:0.14234109303307912, throughput:2276
forward model: training agent 0.
Epoch 0: forward train average loss 0.003994456181923549.
epoch 0: forward test average loss 0.006514971041017109.
Epoch 99: forward train average loss 0.001794212135589785.
epoch 99: forward test average loss 0.006287773864136802.
inverse model, training agent 0.
epoch 0: inverse train average loss 1.672705103475083e-05.
epoch 0: inverse test average loss 2.0336036363409625e-05.
epoch 99: inverse train average loss 4.595613202380062e-06.
epoch 99: inverse test average loss 1.936267381097423e-06.
forward model: training agent 1.
Epoch 0: forward train average loss 0.004904850851744413.
epoch 0: forward test average loss 0.009973744137419594.
Epoch 99: forward train average loss 0.0021960806722442308.
epoch 99: forward test average loss 0.005389841169946724.
inverse model, training agent 1.
epoch 0: inverse train average loss 0.001442758081894782.
epoch 0: inverse test average loss 0.001550473161639982.
epoch 99: inverse train average loss 8.864984521197685e-05.
epoch 99: inverse test average loss 3.948190068412158e-05.
forward model: training agent 2.
Epoch 0: forward train average loss 0.004603862348530028.
epoch 0: forward test average loss 0.005938336046205627.
Epoch 99: forward train average loss 0.0015173958252287572.
epoch 99: forward test average loss 0.004301314345664448.
inverse model, training agent 2.
epoch 0: inverse train average loss 0.02863907441496849.
epoch 0: inverse test average loss 0.05234392484029134.
epoch 99: inverse train average loss 0.001448413822799921.
epoch 99: inverse test average loss 0.000643873509640495.
forward model: training agent 3.
Epoch 0: forward train average loss 0.006085752509534359.
epoch 0: forward test average loss 0.010454159643914964.
Epoch 99: forward train average loss 0.0017244521683702867.
epoch 99: forward test average loss 0.007655545241302914.
inverse model, training agent 3.
epoch 0: inverse train average loss 0.013058013800117705.
epoch 0: inverse test average loss 0.017172628806696996.
epoch 99: inverse train average loss 0.0005581197167177581.
epoch 99: inverse test average loss 0.0005859540122198976.
forward model: training agent 4.
Epoch 0: forward train average loss 0.0032564888501332868.
epoch 0: forward test average loss 0.0044221267518070005.
Epoch 99: forward train average loss 0.001219602379327019.
epoch 99: forward test average loss 0.0036682110900680223.
inverse model, training agent 4.
epoch 0: inverse train average loss 0.003604035928017563.
epoch 0: inverse test average loss 0.009492196763555208.
epoch 99: inverse train average loss 0.002986345724720094.
epoch 99: inverse test average loss 0.0027871274182366002.
forward model: training agent 5.
Epoch 0: forward train average loss 0.00238111372002297.
epoch 0: forward test average loss 0.0035862955782148573.
Epoch 99: forward train average loss 0.0011658257183929284.
epoch 99: forward test average loss 0.0034457105729315016.
inverse model, training agent 5.
epoch 0: inverse train average loss 0.00793772584034337.
epoch 0: inverse test average loss 0.012318083395560583.
epoch 99: inverse train average loss 0.0025497116148471832.
epoch 99: inverse test average loss 0.0027470444846484396.
forward model: training agent 6.
Epoch 0: forward train average loss 0.0033982761411203277.
epoch 0: forward test average loss 0.005274118855595589.
Epoch 99: forward train average loss 0.001292280645834075.
epoch 99: forward test average loss 0.006588869624667698.
inverse model, training agent 6.
epoch 0: inverse train average loss 0.004648115382426315.
epoch 0: inverse test average loss 0.006816876845227348.
epoch 99: inverse train average loss 0.003894813462264008.
epoch 99: inverse test average loss 0.007442186069157388.
Policy training episode: 62, grounded actions taken: 861, last two uncertainties: {0: [0.0, 0.0], 1: [0.0, 0.0], 2: [0.0, 0.0], 3: [0.0, 0.0], 4: [0.0, 0.0], 5: [0.0, 0.0], 6: [0.0, 0.0]}, avg agent uncertainties: [0.0, 0.0, 0.0, 0.0, 0.0, 0.0, 0.0], grounded actions by agent: [114, 128, 130, 104, 117, 134, 134]
Policy training episode: 62, iteration 0/1, policy training avg travel time:110.67041694242224, q_loss:1.3904653787612915, rewards:-3.8859449598524307, queue:0.5841269841269842, delay:0.05473835657513331, throughput:2978
Sim Rollout episode:63/100, sim avg travel time:204.15018193847172, rewards:-2.6699078030056422, queue:0.4031746031746032, delay:0.045262279207744296, throughput:2775
Real rollout step:63/100, travel time:134.19899455383327, rewards:-21.342479112413194, queue:2.5575396825396823, delay:0.14007896544441345, throughput:2291
forward model: training agent 0.
Epoch 0: forward train average loss 0.0040028221491310335.
epoch 0: forward test average loss 0.004588943595687549.
Epoch 99: forward train average loss 0.0017534262862884337.
epoch 99: forward test average loss 0.006678597380717595.
inverse model, training agent 0.
epoch 0: inverse train average loss 2.0141342916859787e-05.
epoch 0: inverse test average loss 0.00019935959547486468.
epoch 99: inverse train average loss 4.754680156161663e-06.
epoch 99: inverse test average loss 3.567349798080007e-06.
forward model: training agent 1.
Epoch 0: forward train average loss 0.005290430660049121.
epoch 0: forward test average loss 0.009611322234074274.
Epoch 99: forward train average loss 0.0020799312947524917.
epoch 99: forward test average loss 0.009074081149366166.
inverse model, training agent 1.
epoch 0: inverse train average loss 0.023397925206356578.
epoch 0: inverse test average loss 0.030721225672298007.
epoch 99: inverse train average loss 0.003231072746631172.
epoch 99: inverse test average loss 0.0018986677233543661.
forward model: training agent 2.
Epoch 0: forward train average loss 0.004337568974329365.
epoch 0: forward test average loss 0.00514231456650628.
Epoch 99: forward train average loss 0.0015528107631123727.
epoch 99: forward test average loss 0.005175021684004201.
inverse model, training agent 2.
epoch 0: inverse train average loss 0.0014889795954028766.
epoch 0: inverse test average loss 0.005300396070298221.
epoch 99: inverse train average loss 0.0007051320862956345.
epoch 99: inverse test average loss 0.0010167837349904908.
forward model: training agent 3.
Epoch 0: forward train average loss 0.006753509243329366.
epoch 0: forward test average loss 0.010065948383675681.
Epoch 99: forward train average loss 0.0018388814189367825.
epoch 99: forward test average loss 0.00969690415594313.
inverse model, training agent 3.
epoch 0: inverse train average loss 0.004047015060981114.
epoch 0: inverse test average loss 0.002448141587794655.
epoch 99: inverse train average loss 0.0021344478914721143.
epoch 99: inverse test average loss 0.0021090139117505816.
forward model: training agent 4.
Epoch 0: forward train average loss 0.0025446703657507896.
epoch 0: forward test average loss 0.0046726953652169965.
Epoch 99: forward train average loss 0.0011797831523128683.
epoch 99: forward test average loss 0.0044999873886505766.
inverse model, training agent 4.
epoch 0: inverse train average loss 0.022844378732972674.
epoch 0: inverse test average loss 0.04619008137120141.
epoch 99: inverse train average loss 0.005134698572672076.
epoch 99: inverse test average loss 0.00847990893655353.
forward model: training agent 5.
Epoch 0: forward train average loss 0.002327457018610504.
epoch 0: forward test average loss 0.004619840739501847.
Epoch 99: forward train average loss 0.001077192835509777.
epoch 99: forward test average loss 0.004699507314297888.
inverse model, training agent 5.
epoch 0: inverse train average loss 0.021976007769505184.
epoch 0: inverse test average loss 0.03125080466270447.
epoch 99: inverse train average loss 0.007041902591784795.
epoch 99: inverse test average loss 0.01285555793179406.
forward model: training agent 6.
Epoch 0: forward train average loss 0.0038589476090338496.
epoch 0: forward test average loss 0.006597905937168334.
Epoch 99: forward train average loss 0.0014787779525957173.
epoch 99: forward test average loss 0.0070552291969458265.
inverse model, training agent 6.
epoch 0: inverse train average loss 0.0042119489258362185.
epoch 0: inverse test average loss 0.004910874490936597.
epoch 99: inverse train average loss 0.003684854962759548.
epoch 99: inverse test average loss 0.0046169136961301165.
Policy training episode: 63, grounded actions taken: 840, last two uncertainties: {0: [0.0, 0.0], 1: [0.0, 0.0], 2: [0.0, 0.0], 3: [0.0, 0.0], 4: [0.0, 0.0], 5: [0.0, 0.0], 6: [0.0, 0.0]}, avg agent uncertainties: [0.0, 0.0, 0.0, 0.0, 0.0, 0.0, 0.0], grounded actions by agent: [120, 119, 125, 117, 118, 117, 124]
Policy training episode: 63, iteration 0/1, policy training avg travel time:96.87396625868342, q_loss:1.250434160232544, rewards:-4.387740410698784, queue:0.6408730158730159, delay:0.0571990482390873, throughput:3011
Sim Rollout episode:64/100, sim avg travel time:82.07050645481628, rewards:-2.5082222832573784, queue:0.38055555555555554, delay:0.04287235623314267, throughput:2938
Real rollout step:64/100, travel time:627.2514662756598, rewards:-102.29911024305555, queue:12.89047619047619, delay:0.19847496880425347, throughput:919
forward model: training agent 0.
Epoch 0: forward train average loss 0.06348993505040805.
epoch 0: forward test average loss 0.10380567775832282.
Epoch 99: forward train average loss 0.0013992532234018047.
epoch 99: forward test average loss 0.003736065079768499.
inverse model, training agent 0.
epoch 0: inverse train average loss 1.0488998807684564e-05.
epoch 0: inverse test average loss 6.144914045257287e-07.
epoch 99: inverse train average loss 1.5353493899460268e-06.
epoch 99: inverse test average loss 1.943331540132931e-07.
forward model: training agent 1.
Epoch 0: forward train average loss 0.46191687716378105.
epoch 0: forward test average loss 0.47571872340308297.
Epoch 99: forward train average loss 0.0013041239387045305.
epoch 99: forward test average loss 0.00407914962205622.
inverse model, training agent 1.
epoch 0: inverse train average loss 0.008857334343095621.
epoch 0: inverse test average loss 0.004128788908322652.
epoch 99: inverse train average loss 0.0017971077726946936.
epoch 99: inverse test average loss 0.0025999919614858097.
forward model: training agent 2.
Epoch 0: forward train average loss 0.9561544590526156.
epoch 0: forward test average loss 0.23338194688161215.
Epoch 99: forward train average loss 0.0008030288671660754.
epoch 99: forward test average loss 0.0024519218131899834.
inverse model, training agent 2.
epoch 0: inverse train average loss 0.0008487551046224932.
epoch 0: inverse test average loss 0.0005887195778389772.
epoch 99: inverse train average loss 0.00024760740214130946.
epoch 99: inverse test average loss 0.00019275976875279512.
forward model: training agent 3.
Epoch 0: forward train average loss 0.009110766980383132.
epoch 0: forward test average loss 0.005727443844079971.
Epoch 99: forward train average loss 0.00026837704677341715.
epoch 99: forward test average loss 0.0013719261882619725.
inverse model, training agent 3.
epoch 0: inverse train average loss 0.006319015726654066.
epoch 0: inverse test average loss 0.020115022857983906.
epoch 99: inverse train average loss 0.0040810443460941315.
epoch 99: inverse test average loss 0.004037028230312798.
forward model: training agent 4.
Epoch 0: forward train average loss 0.0038761130223671594.
epoch 0: forward test average loss 0.004365723580121994.
Epoch 99: forward train average loss 0.00030031954520381987.
epoch 99: forward test average loss 0.0016904851525194114.
inverse model, training agent 4.
epoch 0: inverse train average loss 0.010923115640050836.
epoch 0: inverse test average loss 0.01663328955570857.
epoch 99: inverse train average loss 0.002082011326112681.
epoch 99: inverse test average loss 0.003676142543554306.
forward model: training agent 5.
Epoch 0: forward train average loss 0.006458188614083661.
epoch 0: forward test average loss 0.0076702868358956445.
Epoch 99: forward train average loss 0.0010980758039901655.
epoch 99: forward test average loss 0.002839252870115969.
inverse model, training agent 5.
epoch 0: inverse train average loss 0.007947187249859175.
epoch 0: inverse test average loss 0.01694577352868186.
epoch 99: inverse train average loss 0.0030666872755520875.
epoch 99: inverse test average loss 0.005205487832427025.
forward model: training agent 6.
Epoch 0: forward train average loss 0.006998186931014061.
epoch 0: forward test average loss 0.009770130945576562.
Epoch 99: forward train average loss 0.0015243693099667628.
epoch 99: forward test average loss 0.003714261266092459.
inverse model, training agent 6.
epoch 0: inverse train average loss 0.003855960029694769.
epoch 0: inverse test average loss 0.00744528178539541.
epoch 99: inverse train average loss 0.0028315062841607463.
epoch 99: inverse test average loss 0.007989394375019603.
Policy training episode: 64, grounded actions taken: 839, last two uncertainties: {0: [0.0, 0.0], 1: [0.0, 0.0], 2: [0.0, 0.0], 3: [0.0, 0.0], 4: [0.0, 0.0], 5: [0.0, 0.0], 6: [0.0, 0.0]}, avg agent uncertainties: [0.0, 0.0, 0.0, 0.0, 0.0, 0.0, 0.0], grounded actions by agent: [138, 107, 111, 125, 115, 118, 125]
Policy training episode: 64, iteration 0/1, policy training avg travel time:148.4023178807947, q_loss:1.3937568664550781, rewards:-3.5997599283854167, queue:0.5373015873015873, delay:0.052865128290085564, throughput:2907
Sim Rollout episode:65/100, sim avg travel time:198.1788671745611, rewards:-2.7518520779079862, queue:0.423015873015873, delay:0.04686488802470858, throughput:2781
Real rollout step:65/100, travel time:207.06873008648157, rewards:-36.195361328125, queue:4.7253968253968255, delay:0.1676271468874008, throughput:2021
forward model: training agent 0.
Epoch 0: forward train average loss 0.003513525084902843.
epoch 0: forward test average loss 0.006183376328812705.
Epoch 99: forward train average loss 0.0016733662277046177.
epoch 99: forward test average loss 0.004802513246734937.
inverse model, training agent 0.
epoch 0: inverse train average loss 2.169553416327593e-06.
epoch 0: inverse test average loss 4.378714707955724e-06.
epoch 99: inverse train average loss 2.3104634294668358e-07.
epoch 99: inverse test average loss 4.2586288865701743e-07.
forward model: training agent 1.
Epoch 0: forward train average loss 0.00792060119824277.
epoch 0: forward test average loss 0.007486346695158217.
Epoch 99: forward train average loss 0.002224565949290991.
epoch 99: forward test average loss 0.006263701245188713.
inverse model, training agent 1.
epoch 0: inverse train average loss 0.0017000960651785135.
epoch 0: inverse test average loss 0.0011729519917733138.
epoch 99: inverse train average loss 7.630023547891244e-06.
epoch 99: inverse test average loss 3.648566298074406e-06.
forward model: training agent 2.
Epoch 0: forward train average loss 0.00824692089938455.
epoch 0: forward test average loss 0.01637812786632114.
Epoch 99: forward train average loss 0.0019346371862209505.
epoch 99: forward test average loss 0.006579753632346789.
inverse model, training agent 2.
epoch 0: inverse train average loss 0.000542513436408222.
epoch 0: inverse test average loss 0.014802720915112231.
epoch 99: inverse train average loss 0.0005343333905329928.
epoch 99: inverse test average loss 0.002390510142302244.
forward model: training agent 3.
Epoch 0: forward train average loss 0.018229385217030842.
epoch 0: forward test average loss 0.03412310116820865.
Epoch 99: forward train average loss 0.002372737637617522.
epoch 99: forward test average loss 0.010834003074301614.
inverse model, training agent 3.
epoch 0: inverse train average loss 0.007499925171335538.
epoch 0: inverse test average loss 0.008768292661342356.
epoch 99: inverse train average loss 0.0045491415075957775.
epoch 99: inverse test average loss 0.006896700813538498.
forward model: training agent 4.
Epoch 0: forward train average loss 0.008732241578400135.
epoch 0: forward test average loss 0.008103531888789602.
Epoch 99: forward train average loss 0.0009912374920936094.
epoch 99: forward test average loss 0.003027872699830267.
inverse model, training agent 4.
epoch 0: inverse train average loss 0.0038445282520519364.
epoch 0: inverse test average loss 0.004200245978103744.
epoch 99: inverse train average loss 0.00173323811031878.
epoch 99: inverse test average loss 0.0016256425878964365.
forward model: training agent 5.
Epoch 0: forward train average loss 0.0023305575208117566.
epoch 0: forward test average loss 0.0046953850736220675.
Epoch 99: forward train average loss 0.0011369405935208003.
epoch 99: forward test average loss 0.004561545741226938.
inverse model, training agent 5.
epoch 0: inverse train average loss 0.004892879269189305.
epoch 0: inverse test average loss 0.010656402756770452.
epoch 99: inverse train average loss 0.0028702163447936377.
epoch 99: inverse test average loss 0.017598214662737317.
forward model: training agent 6.
Epoch 0: forward train average loss 0.0038565005072289044.
epoch 0: forward test average loss 0.007098270373211967.
Epoch 99: forward train average loss 0.0014615412801504135.
epoch 99: forward test average loss 0.0060344429479704965.
inverse model, training agent 6.
epoch 0: inverse train average loss 0.008805575884050794.
epoch 0: inverse test average loss 0.009622221605645286.
epoch 99: inverse train average loss 0.00337115168157551.
epoch 99: inverse test average loss 0.004087502550747659.
Policy training episode: 65, grounded actions taken: 831, last two uncertainties: {0: [0.0, 0.0], 1: [0.0, 0.0], 2: [0.0, 0.0], 3: [0.0, 0.0], 4: [0.0, 0.0], 5: [0.0, 0.0], 6: [0.0, 0.0]}, avg agent uncertainties: [0.0, 0.0, 0.0, 0.0, 0.0, 0.0, 0.0], grounded actions by agent: [131, 110, 117, 124, 107, 112, 130]
Policy training episode: 65, iteration 0/1, policy training avg travel time:114.43263819927176, q_loss:1.220632553100586, rewards:-3.5456485324435763, queue:0.5253968253968254, delay:0.052242733183361235, throughput:2930
Sim Rollout episode:66/100, sim avg travel time:203.25836369658828, rewards:-2.6546112060546876, queue:0.40436507936507937, delay:0.04539778270418682, throughput:2776
Real rollout step:66/100, travel time:666.1386918833728, rewards:-99.52610677083334, queue:12.523015873015874, delay:0.18153521825396826, throughput:840
forward model: training agent 0.
Epoch 0: forward train average loss 0.008178595246540176.
epoch 0: forward test average loss 0.007300372338957257.
Epoch 99: forward train average loss 0.0011679226946499613.
epoch 99: forward test average loss 0.008255545049905777.
inverse model, training agent 0.
epoch 0: inverse train average loss 1.0816774623852629e-05.
epoch 0: inverse test average loss 2.718820455685192e-07.
epoch 99: inverse train average loss 4.6528888870195965e-07.
epoch 99: inverse test average loss 2.438728756715136e-07.
forward model: training agent 1.
Epoch 0: forward train average loss 0.02552308018008868.
epoch 0: forward test average loss 0.030537366039223142.
Epoch 99: forward train average loss 0.0003689572008119689.
epoch 99: forward test average loss 0.0020152058762808642.
inverse model, training agent 1.
epoch 0: inverse train average loss 5.90933829395605e-06.
epoch 0: inverse test average loss 1.5283782785344454e-05.
epoch 99: inverse train average loss 5.212225270649166e-07.
epoch 99: inverse test average loss 6.141280866561121e-07.
forward model: training agent 2.
Epoch 0: forward train average loss 0.07257680470744769.
epoch 0: forward test average loss 0.12611392471525404.
Epoch 99: forward train average loss 0.0007128811557777226.
epoch 99: forward test average loss 0.0012138441929386721.
inverse model, training agent 2.
epoch 0: inverse train average loss 0.0010906322212475869.
epoch 0: inverse test average loss 0.0008719080748657385.
epoch 99: inverse train average loss 0.0008174054964911193.
epoch 99: inverse test average loss 0.00041408563912328746.
forward model: training agent 3.
Epoch 0: forward train average loss 0.0179499379462666.
epoch 0: forward test average loss 0.017365228798654344.
Epoch 99: forward train average loss 0.000366081347844253.
epoch 99: forward test average loss 0.0018976514952050315.
inverse model, training agent 3.
epoch 0: inverse train average loss 0.00394287640746269.
epoch 0: inverse test average loss 0.004554851808481746.
epoch 99: inverse train average loss 0.003278203774243593.
epoch 99: inverse test average loss 0.0034856440292464364.
forward model: training agent 4.
Epoch 0: forward train average loss 0.0022296580330779157.
epoch 0: forward test average loss 0.002686616343756517.
Epoch 99: forward train average loss 0.00028391790692694485.
epoch 99: forward test average loss 0.0008887390916546186.
inverse model, training agent 4.
epoch 0: inverse train average loss 0.009822384350829653.
epoch 0: inverse test average loss 0.008872722068594562.
epoch 99: inverse train average loss 0.003047168953344226.
epoch 99: inverse test average loss 0.0014696675352752209.
forward model: training agent 5.
Epoch 0: forward train average loss 0.008423657466967901.
epoch 0: forward test average loss 0.011891984277301364.
Epoch 99: forward train average loss 0.0008801778959524301.
epoch 99: forward test average loss 0.0026000746422343785.
inverse model, training agent 5.
epoch 0: inverse train average loss 0.03074874273604817.
epoch 0: inverse test average loss 0.044130492541525096.
epoch 99: inverse train average loss 0.000926906129785089.
epoch 99: inverse test average loss 0.00041288908364044293.
forward model: training agent 6.
Epoch 0: forward train average loss 0.007107850422875749.
epoch 0: forward test average loss 0.004829164387451278.
Epoch 99: forward train average loss 0.001000478617950446.
epoch 99: forward test average loss 0.004204333449403445.
inverse model, training agent 6.
epoch 0: inverse train average loss 0.01228058503733741.
epoch 0: inverse test average loss 0.01065118983387947.
epoch 99: inverse train average loss 0.004406352682660024.
epoch 99: inverse test average loss 0.004150214087631967.
Policy training episode: 66, grounded actions taken: 795, last two uncertainties: {0: [0.0, 0.0], 1: [0.0, 0.0], 2: [0.0, 0.0], 3: [0.0, 0.0], 4: [0.0, 0.0], 5: [0.0, 0.0], 6: [0.0, 0.0]}, avg agent uncertainties: [0.0, 0.0, 0.0, 0.0, 0.0, 0.0, 0.0], grounded actions by agent: [107, 115, 110, 113, 126, 105, 119]
Policy training episode: 66, iteration 0/1, policy training avg travel time:90.8728897715988, q_loss:1.2838270664215088, rewards:-3.9616668701171873, queue:0.5817460317460318, delay:0.052588465857127356, throughput:3012
Sim Rollout episode:67/100, sim avg travel time:211.74354731965585, rewards:-2.7884080674913196, queue:0.41984126984126985, delay:0.04618730696420821, throughput:2768
Real rollout step:67/100, travel time:608.6252739225712, rewards:-100.31507161458333, queue:12.611507936507936, delay:0.188457767547123, throughput:942
forward model: training agent 0.
Epoch 0: forward train average loss 0.009367654617461894.
epoch 0: forward test average loss 0.008134204894304276.
Epoch 99: forward train average loss 0.0012020949636482531.
epoch 99: forward test average loss 0.004658699656526248.
inverse model, training agent 0.
epoch 0: inverse train average loss 1.5280194689795383e-07.
epoch 0: inverse test average loss 1.8542757768753088e-07.
epoch 99: inverse train average loss 7.246002849588724e-08.
epoch 99: inverse test average loss 1.874619894377045e-07.
forward model: training agent 1.
Epoch 0: forward train average loss 0.0021843626745976508.
epoch 0: forward test average loss 0.002454581360022227.
Epoch 99: forward train average loss 0.00031737739077976183.
epoch 99: forward test average loss 0.0022449522900084653.
inverse model, training agent 1.
epoch 0: inverse train average loss 0.00941942449955175.
epoch 0: inverse test average loss 0.0071530552472722775.
epoch 99: inverse train average loss 0.0014296277400313152.
epoch 99: inverse test average loss 0.0008958746523906788.
forward model: training agent 2.
Epoch 0: forward train average loss 0.0012571729409197967.
epoch 0: forward test average loss 0.0029699100802342096.
Epoch 99: forward train average loss 0.0006792482777705623.
epoch 99: forward test average loss 0.001663257885310385.
inverse model, training agent 2.
epoch 0: inverse train average loss 0.03320508491661814.
epoch 0: inverse test average loss 0.05194106532467736.
epoch 99: inverse train average loss 0.004887605189449257.
epoch 99: inverse test average loss 0.006616112258699205.
forward model: training agent 3.
Epoch 0: forward train average loss 0.0015865589440282849.
epoch 0: forward test average loss 0.003906703036692407.
Epoch 99: forward train average loss 0.00031178823943870765.
epoch 99: forward test average loss 0.004449703006280793.
inverse model, training agent 3.
epoch 0: inverse train average loss 0.0056707666048573125.
epoch 0: inverse test average loss 0.006622650867535008.
epoch 99: inverse train average loss 0.0038168341335323122.
epoch 99: inverse test average loss 0.011825636443164613.
forward model: training agent 4.
Epoch 0: forward train average loss 0.000692176173389372.
epoch 0: forward test average loss 0.0019280964819093545.
Epoch 99: forward train average loss 0.0002788737830188539.
epoch 99: forward test average loss 0.0008106410710348024.
inverse model, training agent 4.
epoch 0: inverse train average loss 0.010070573538541794.
epoch 0: inverse test average loss 0.004127107664114899.
epoch 99: inverse train average loss 0.004487319487250513.
epoch 99: inverse test average loss 0.004006643520875109.
forward model: training agent 5.
Epoch 0: forward train average loss 0.003102327541758617.
epoch 0: forward test average loss 0.004695119957129161.
Epoch 99: forward train average loss 0.0010221333294692966.
epoch 99: forward test average loss 0.0028537849171294104.
inverse model, training agent 5.
epoch 0: inverse train average loss 0.031107114007075626.
epoch 0: inverse test average loss 0.07225701875156826.
epoch 99: inverse train average loss 0.007190736528072093.
epoch 99: inverse test average loss 0.015631632258494694.
forward model: training agent 6.
Epoch 0: forward train average loss 0.00346196706717213.
epoch 0: forward test average loss 0.004592815207110511.
Epoch 99: forward train average loss 0.0011974561752544509.
epoch 99: forward test average loss 0.0035673556849360466.
inverse model, training agent 6.
epoch 0: inverse train average loss 0.006868144911196496.
epoch 0: inverse test average loss 0.0045988742883006735.
epoch 99: inverse train average loss 0.005309971049427986.
epoch 99: inverse test average loss 0.004147726318074597.
Policy training episode: 67, grounded actions taken: 808, last two uncertainties: {0: [0.0, 0.0], 1: [0.0, 0.0], 2: [0.0, 0.0], 3: [0.0, 0.0], 4: [0.0, 0.0], 5: [0.0, 0.0], 6: [0.0, 0.0]}, avg agent uncertainties: [0.0, 0.0, 0.0, 0.0, 0.0, 0.0, 0.0], grounded actions by agent: [121, 121, 95, 120, 117, 112, 122]
Policy training episode: 67, iteration 0/1, policy training avg travel time:109.06986754966887, q_loss:1.4218244552612305, rewards:-3.70264892578125, queue:0.5515873015873016, delay:0.05337854415651352, throughput:3012
Sim Rollout episode:68/100, sim avg travel time:203.54421994037762, rewards:-2.7361853705512154, queue:0.4087301587301587, delay:0.04723924303811694, throughput:2775
Real rollout step:68/100, travel time:676.378763866878, rewards:-99.74874131944445, queue:12.560714285714285, delay:0.1914945087735615, throughput:834
forward model: training agent 0.
Epoch 0: forward train average loss 0.002499466270415319.
epoch 0: forward test average loss 0.002817971735364861.
Epoch 99: forward train average loss 0.0009955833666026592.
epoch 99: forward test average loss 0.0030232222957743537.
inverse model, training agent 0.
epoch 0: inverse train average loss 1.116804896462832e-07.
epoch 0: inverse test average loss 1.9065988491699198e-08.
epoch 99: inverse train average loss 7.883562642203085e-09.
epoch 99: inverse test average loss 1.6375694874189623e-08.
forward model: training agent 1.
Epoch 0: forward train average loss 0.0011945536696455544.
epoch 0: forward test average loss 0.0025774684424201646.
Epoch 99: forward train average loss 0.0003423497643476973.
epoch 99: forward test average loss 0.004070687004261547.
inverse model, training agent 1.
epoch 0: inverse train average loss 0.0017480896785855293.
epoch 0: inverse test average loss 0.0026163113717403677.
epoch 99: inverse train average loss 0.0013322392349234885.
epoch 99: inverse test average loss 0.0009839278645813465.
forward model: training agent 2.
Epoch 0: forward train average loss 0.0009487713557771511.
epoch 0: forward test average loss 0.0017666317936446932.
Epoch 99: forward train average loss 0.0006179117804600133.
epoch 99: forward test average loss 0.0009241460098160638.
inverse model, training agent 2.
epoch 0: inverse train average loss 0.015230847108695243.
epoch 0: inverse test average loss 0.033045992255210876.
epoch 99: inverse train average loss 0.004643846872366137.
epoch 99: inverse test average loss 0.015094843175676134.
forward model: training agent 3.
Epoch 0: forward train average loss 0.0008984845804257526.
epoch 0: forward test average loss 0.0015438907365832063.
Epoch 99: forward train average loss 0.00024792302994885377.
epoch 99: forward test average loss 0.0014314288790855142.
inverse model, training agent 3.
epoch 0: inverse train average loss 0.0033364783092919323.
epoch 0: inverse test average loss 0.00435942080285814.
epoch 99: inverse train average loss 0.000922521964336435.
epoch 99: inverse test average loss 0.004533153027296066.
forward model: training agent 4.
Epoch 0: forward train average loss 0.0007424407586869267.
epoch 0: forward test average loss 0.0006841406252028213.
Epoch 99: forward train average loss 0.00029246474635632086.
epoch 99: forward test average loss 0.0010296545094913906.
inverse model, training agent 4.
epoch 0: inverse train average loss 0.018575537535879347.
epoch 0: inverse test average loss 0.02054113397995631.
epoch 99: inverse train average loss 0.006813706312742498.
epoch 99: inverse test average loss 0.018203486998875935.
forward model: training agent 5.
Epoch 0: forward train average loss 0.0026255950538648497.
epoch 0: forward test average loss 0.00427509057852957.
Epoch 99: forward train average loss 0.0010166566482641632.
epoch 99: forward test average loss 0.0038841406090392005.
inverse model, training agent 5.
epoch 0: inverse train average loss 0.011179111070103116.
epoch 0: inverse test average loss 0.010475140064954758.
epoch 99: inverse train average loss 0.0037954901345074177.
epoch 99: inverse test average loss 0.0066502806213166975.
forward model: training agent 6.
Epoch 0: forward train average loss 0.004109180428915554.
epoch 0: forward test average loss 0.005194414200054275.
Epoch 99: forward train average loss 0.0009660246238733331.
epoch 99: forward test average loss 0.003530394182436996.
inverse model, training agent 6.
epoch 0: inverse train average loss 0.005327590818827351.
epoch 0: inverse test average loss 0.009007945656776428.
epoch 99: inverse train average loss 0.004556978535321023.
epoch 99: inverse test average loss 0.004080440072963635.
Policy training episode: 68, grounded actions taken: 862, last two uncertainties: {0: [0.0, 0.0], 1: [0.0, 0.0], 2: [0.0, 0.0], 3: [0.0, 0.0], 4: [0.0, 0.0], 5: [0.0, 0.0], 6: [0.0, 0.0]}, avg agent uncertainties: [0.0, 0.0, 0.0, 0.0, 0.0, 0.0, 0.0], grounded actions by agent: [115, 119, 126, 123, 125, 136, 118]
Policy training episode: 68, iteration 0/1, policy training avg travel time:183.15657067196292, q_loss:1.4289379119873047, rewards:-3.212296549479167, queue:0.4888888888888889, delay:0.050331875634571865, throughput:2833
Sim Rollout episode:69/100, sim avg travel time:197.90172071475843, rewards:-2.68277825249566, queue:0.4162698412698413, delay:0.04550355275472005, throughput:2782
Real rollout step:69/100, travel time:692.0443548387096, rewards:-104.52349175347223, queue:13.145238095238096, delay:0.21472243051680306, throughput:811
forward model: training agent 0.
Epoch 0: forward train average loss 0.0037115014468630156.
epoch 0: forward test average loss 0.006465696212318208.
Epoch 99: forward train average loss 0.001109686848293576.
epoch 99: forward test average loss 0.00319173207713498.
inverse model, training agent 0.
epoch 0: inverse train average loss 1.9984625559348816e-09.
epoch 0: inverse test average loss 3.3113655521314436e-09.
epoch 99: inverse train average loss 6.4675174937800506e-12.
epoch 99: inverse test average loss 0.0.
forward model: training agent 1.
Epoch 0: forward train average loss 0.003864054852682683.
epoch 0: forward test average loss 0.007583172370990117.
Epoch 99: forward train average loss 0.00023277579101785604.
epoch 99: forward test average loss 0.001946676108572218.
inverse model, training agent 1.
epoch 0: inverse train average loss 0.0014177339811188479.
epoch 0: inverse test average loss 0.0017553254599786466.
epoch 99: inverse train average loss 0.00014794887223009331.
epoch 99: inverse test average loss 0.0001343828221251897.
forward model: training agent 2.
Epoch 0: forward train average loss 0.0012164606661018399.
epoch 0: forward test average loss 0.0025950043151775994.
Epoch 99: forward train average loss 0.0006835197370188931.
epoch 99: forward test average loss 0.0019260475205050574.
inverse model, training agent 2.
epoch 0: inverse train average loss 0.031667341788609825.
epoch 0: inverse test average loss 0.057724058628082275.
epoch 99: inverse train average loss 0.0025160102846307885.
epoch 99: inverse test average loss 0.003253380457560221.
forward model: training agent 3.
Epoch 0: forward train average loss 0.002802247207404839.
epoch 0: forward test average loss 0.003578545939591196.
Epoch 99: forward train average loss 0.0002857388721572028.
epoch 99: forward test average loss 0.0009316501220584743.
inverse model, training agent 3.
epoch 0: inverse train average loss 0.013005001677407159.
epoch 0: inverse test average loss 0.006443266110080812.
epoch 99: inverse train average loss 0.0008570822214500771.
epoch 99: inverse test average loss 0.0017645918220902483.
forward model: training agent 4.
Epoch 0: forward train average loss 0.0010525310515529579.
epoch 0: forward test average loss 0.0019183457415137026.
Epoch 99: forward train average loss 0.0002814846682465739.
epoch 99: forward test average loss 0.0012236777175631789.
inverse model, training agent 4.
epoch 0: inverse train average loss 0.008099453213314215.
epoch 0: inverse test average loss 0.015286909623278512.
epoch 99: inverse train average loss 0.0062166159558627344.
epoch 99: inverse test average loss 0.01673211281498273.
forward model: training agent 5.
Epoch 0: forward train average loss 0.002154179331329134.
epoch 0: forward test average loss 0.004660686271058189.
Epoch 99: forward train average loss 0.0008318941108882427.
epoch 99: forward test average loss 0.00430225498146481.
inverse model, training agent 5.
epoch 0: inverse train average loss 0.005499259982672002.
epoch 0: inverse test average loss 0.011066434697972404.
epoch 99: inverse train average loss 0.0025023281988170412.
epoch 99: inverse test average loss 0.004993462210728062.
forward model: training agent 6.
Epoch 0: forward train average loss 0.0023563071412758697.
epoch 0: forward test average loss 0.005229021319084697.
Epoch 99: forward train average loss 0.0009577750202475323.
epoch 99: forward test average loss 0.004681868478655815.
inverse model, training agent 6.
epoch 0: inverse train average loss 0.0049433668868409265.
epoch 0: inverse test average loss 0.005038365721702576.
epoch 99: inverse train average loss 0.003880984512054258.
epoch 99: inverse test average loss 0.0028610279162724814.
Policy training episode: 69, grounded actions taken: 837, last two uncertainties: {0: [0.0, 0.0], 1: [0.0, 0.0], 2: [0.0, 0.0], 3: [0.0, 0.0], 4: [0.0, 0.0], 5: [0.0, 0.0], 6: [0.0, 0.0]}, avg agent uncertainties: [0.0, 0.0, 0.0, 0.0, 0.0, 0.0, 0.0], grounded actions by agent: [128, 118, 128, 119, 107, 111, 126]
Policy training episode: 69, iteration 0/1, policy training avg travel time:163.53904698874916, q_loss:1.1932291984558105, rewards:-3.105667453342014, queue:0.4765873015873016, delay:0.04865416269453745, throughput:2833
Sim Rollout episode:70/100, sim avg travel time:123.8141768797615, rewards:-2.752852376302083, queue:0.42103174603174603, delay:0.045946278647770955, throughput:2867
Real rollout step:70/100, travel time:648.9295880149813, rewards:-97.49840494791667, queue:12.321031746031746, delay:0.18620507376534598, throughput:901
forward model: training agent 0.
Epoch 0: forward train average loss 0.0030038987493349444.
epoch 0: forward test average loss 0.004163103178143501.
Epoch 99: forward train average loss 0.0010369420827676852.
epoch 99: forward test average loss 0.007213989065753089.
inverse model, training agent 0.
epoch 0: inverse train average loss 9.959285939152727e-08.
epoch 0: inverse test average loss 8.539186132515574e-07.
epoch 99: inverse train average loss 4.863355545441866e-09.
epoch 99: inverse test average loss 4.6342793211806566e-06.
forward model: training agent 1.
Epoch 0: forward train average loss 0.0023522256200926173.
epoch 0: forward test average loss 0.002228185741437806.
Epoch 99: forward train average loss 0.00032473209365788434.
epoch 99: forward test average loss 0.0015109753908796443.
inverse model, training agent 1.
epoch 0: inverse train average loss 0.0015894430830990637.
epoch 0: inverse test average loss 0.003279538222664592.
epoch 99: inverse train average loss 0.0002338430850714859.
epoch 99: inverse test average loss 0.0009489142501277254.
forward model: training agent 2.
Epoch 0: forward train average loss 0.0010415275400090548.
epoch 0: forward test average loss 0.0022600183987783063.
Epoch 99: forward train average loss 0.0006355000271772345.
epoch 99: forward test average loss 0.001072162917504708.
inverse model, training agent 2.
epoch 0: inverse train average loss 0.0010877912605388297.
epoch 0: inverse test average loss 0.0016740427559448613.
epoch 99: inverse train average loss 0.0007498977259577563.
epoch 99: inverse test average loss 0.0005187985694242849.
forward model: training agent 3.
Epoch 0: forward train average loss 0.001729144249111414.
epoch 0: forward test average loss 0.0033781706458992427.
Epoch 99: forward train average loss 0.00022113328385684226.
epoch 99: forward test average loss 0.005283363784352939.
inverse model, training agent 3.
epoch 0: inverse train average loss 0.009849210787150595.
epoch 0: inverse test average loss 0.0139160698486699.
epoch 99: inverse train average loss 0.0015114238097642858.
epoch 99: inverse test average loss 0.010227580244342485.
forward model: training agent 4.
Epoch 0: forward train average loss 0.000674879876896739.
epoch 0: forward test average loss 0.0015580498406456576.
Epoch 99: forward train average loss 0.000319719864314215.
epoch 99: forward test average loss 0.0008735993307911687.
inverse model, training agent 4.
epoch 0: inverse train average loss 0.0078038836105002295.
epoch 0: inverse test average loss 0.011840379072560204.
epoch 99: inverse train average loss 0.005102279337329997.
epoch 99: inverse test average loss 0.01188057992193434.
forward model: training agent 5.
Epoch 0: forward train average loss 0.00302225842864977.
epoch 0: forward test average loss 0.004209614048401515.
Epoch 99: forward train average loss 0.0009745946024648017.
epoch 99: forward test average loss 0.0038105290797021654.
inverse model, training agent 5.
epoch 0: inverse train average loss 0.017706280160281394.
epoch 0: inverse test average loss 0.021950669586658478.
epoch 99: inverse train average loss 0.0015562120437001188.
epoch 99: inverse test average loss 0.004590405254728264.
forward model: training agent 6.
Epoch 0: forward train average loss 0.002956171261353625.
epoch 0: forward test average loss 0.003612387925386429.
Epoch 99: forward train average loss 0.0011698552924725744.
epoch 99: forward test average loss 0.0039024661398596233.
inverse model, training agent 6.
epoch 0: inverse train average loss 0.004669604874733422.
epoch 0: inverse test average loss 0.00644766456551022.
epoch 99: inverse train average loss 0.00339783640164468.
epoch 99: inverse test average loss 0.005380447953939438.
Policy training episode: 70, grounded actions taken: 860, last two uncertainties: {0: [0.0, 0.0], 1: [0.0, 0.0], 2: [0.0, 0.0], 3: [0.0, 0.0], 4: [0.0, 0.0], 5: [0.0, 0.0], 6: [0.0, 0.0]}, avg agent uncertainties: [0.0, 0.0, 0.0, 0.0, 0.0, 0.0, 0.0], grounded actions by agent: [119, 116, 136, 126, 118, 124, 121]
Policy training episode: 70, iteration 0/1, policy training avg travel time:155.18443708609271, q_loss:1.1724498271942139, rewards:-2.8257408989800346, queue:0.4388888888888889, delay:0.046424018012152776, throughput:2837
Sim Rollout episode:71/100, sim avg travel time:197.95696789142667, rewards:-2.622426011827257, queue:0.4007936507936508, delay:0.04437858339339968, throughput:2782
Real rollout step:71/100, travel time:677.0464, rewards:-102.18739149305556, queue:12.848015873015873, delay:0.2031893048967634, throughput:821
forward model: training agent 0.
Epoch 0: forward train average loss 0.004698373739504152.
epoch 0: forward test average loss 0.006500683310959075.
Epoch 99: forward train average loss 0.00096379855595943.
epoch 99: forward test average loss 0.004482799623575475.
inverse model, training agent 0.
epoch 0: inverse train average loss 5.1121003726083904e-08.
epoch 0: inverse test average loss 2.5870069975120202e-11.
epoch 99: inverse train average loss 2.1536566511641078e-09.
epoch 99: inverse test average loss 6.726218101012668e-10.
forward model: training agent 1.
Epoch 0: forward train average loss 0.0019575747687162626.
epoch 0: forward test average loss 0.0032173975681265197.
Epoch 99: forward train average loss 0.0003338066906306065.
epoch 99: forward test average loss 0.001797630503359768.
inverse model, training agent 1.
epoch 0: inverse train average loss 0.0003151863796423034.
epoch 0: inverse test average loss 7.70162183067037e-05.
epoch 99: inverse train average loss 0.0001288795530045819.
epoch 99: inverse test average loss 5.752213798536509e-05.
forward model: training agent 2.
Epoch 0: forward train average loss 0.0011021235906001595.
epoch 0: forward test average loss 0.0022680795648031766.
Epoch 99: forward train average loss 0.0006180096663431161.
epoch 99: forward test average loss 0.001544338133600023.
inverse model, training agent 2.
epoch 0: inverse train average loss 0.0039640997775778584.
epoch 0: inverse test average loss 0.017549678683280945.
epoch 99: inverse train average loss 0.0020278060239636237.
epoch 99: inverse test average loss 0.008403708537419638.
forward model: training agent 3.
Epoch 0: forward train average loss 0.0017277481965720654.
epoch 0: forward test average loss 0.002607301084531678.
Epoch 99: forward train average loss 0.00022533273699486422.
epoch 99: forward test average loss 0.0022209498824344743.
inverse model, training agent 3.
epoch 0: inverse train average loss 0.0035289955299554598.
epoch 0: inverse test average loss 0.0019589277217164636.
epoch 99: inverse train average loss 0.0008224194356848279.
epoch 99: inverse test average loss 0.0004707190027046535.
forward model: training agent 4.
Epoch 0: forward train average loss 0.0006065659884673854.
epoch 0: forward test average loss 0.0011698375456035137.
Epoch 99: forward train average loss 0.00031539457914833393.
epoch 99: forward test average loss 0.0007763482345682052.
inverse model, training agent 4.
epoch 0: inverse train average loss 0.01252096974187427.
epoch 0: inverse test average loss 0.009820969568358527.
epoch 99: inverse train average loss 0.004698747872478432.
epoch 99: inverse test average loss 0.0059269631488455665.
forward model: training agent 5.
Epoch 0: forward train average loss 0.0028141686796314186.
epoch 0: forward test average loss 0.006173814750379986.
Epoch 99: forward train average loss 0.0008677480897555748.
epoch 99: forward test average loss 0.0026944115137060485.
inverse model, training agent 5.
epoch 0: inverse train average loss 0.01680504468580087.
epoch 0: inverse test average loss 0.030645748807324305.
epoch 99: inverse train average loss 0.005034398701455858.
epoch 99: inverse test average loss 0.014447863317198224.
forward model: training agent 6.
Epoch 0: forward train average loss 0.003107382191552056.
epoch 0: forward test average loss 0.004162951476044125.
Epoch 99: forward train average loss 0.0008861537143174144.
epoch 99: forward test average loss 0.0034724271131886374.
inverse model, training agent 6.
epoch 0: inverse train average loss 0.007606876910560661.
epoch 0: inverse test average loss 0.01590649328298039.
epoch 99: inverse train average loss 0.0042211128812697195.
epoch 99: inverse test average loss 0.003566204777194394.
Policy training episode: 71, grounded actions taken: 826, last two uncertainties: {0: [0.0, 0.0], 1: [0.0, 0.0], 2: [0.0, 0.0], 3: [0.0, 0.0], 4: [0.0, 0.0], 5: [0.0, 0.0], 6: [0.0, 0.0]}, avg agent uncertainties: [0.0, 0.0, 0.0, 0.0, 0.0, 0.0, 0.0], grounded actions by agent: [105, 110, 120, 129, 115, 123, 124]
Policy training episode: 71, iteration 0/1, policy training avg travel time:119.8819053919947, q_loss:1.171052098274231, rewards:-3.841037326388889, queue:0.5634920634920635, delay:0.05446454608251178, throughput:2930
Sim Rollout episode:72/100, sim avg travel time:197.89606090698445, rewards:-2.581425984700521, queue:0.39166666666666666, delay:0.04456395043267144, throughput:2781
Real rollout step:72/100, travel time:641.5884123401054, rewards:-101.41305338541666, queue:12.75952380952381, delay:0.21377614339192708, throughput:897
forward model: training agent 0.
Epoch 0: forward train average loss 0.003913533149494065.
epoch 0: forward test average loss 0.006540487830837567.
Epoch 99: forward train average loss 0.0009944611229002476.
epoch 99: forward test average loss 0.003494932626684507.
inverse model, training agent 0.
epoch 0: inverse train average loss 1.3972964046651363e-05.
epoch 0: inverse test average loss 0.0018206482960118188.
epoch 99: inverse train average loss 6.431268327765514e-08.
epoch 99: inverse test average loss 0.002691448976595407.
forward model: training agent 1.
Epoch 0: forward train average loss 0.001702466927882698.
epoch 0: forward test average loss 0.004900902509689331.
Epoch 99: forward train average loss 0.0003224041914412131.
epoch 99: forward test average loss 0.0020199021221035058.
inverse model, training agent 1.
epoch 0: inverse train average loss 0.008659494005971484.
epoch 0: inverse test average loss 0.0034226320745397564.
epoch 99: inverse train average loss 0.003139468530813853.
epoch 99: inverse test average loss 0.0006911456681943188.
forward model: training agent 2.
Epoch 0: forward train average loss 0.0008399420314364963.
epoch 0: forward test average loss 0.0011410436386035548.
Epoch 99: forward train average loss 0.0006567804052287505.
epoch 99: forward test average loss 0.0013889827662044102.
inverse model, training agent 2.
epoch 0: inverse train average loss 0.002056453506358796.
epoch 0: inverse test average loss 0.00986981609215339.
epoch 99: inverse train average loss 0.0012591883100362287.
epoch 99: inverse test average loss 0.0015629955127628313.
forward model: training agent 3.
Epoch 0: forward train average loss 0.0006804467605737349.
epoch 0: forward test average loss 0.0022465430407060515.
Epoch 99: forward train average loss 0.00022714309549580017.
epoch 99: forward test average loss 0.003105554988400804.
inverse model, training agent 3.
epoch 0: inverse train average loss 0.0019087943558891614.
epoch 0: inverse test average loss 0.0005994780351304346.
epoch 99: inverse train average loss 0.0005940773246240699.
epoch 99: inverse test average loss 0.006699288315657113.
forward model: training agent 4.
Epoch 0: forward train average loss 0.0004922936722222301.
epoch 0: forward test average loss 0.001678027833501498.
Epoch 99: forward train average loss 0.00029287288230585144.
epoch 99: forward test average loss 0.001478787770287858.
inverse model, training agent 4.
epoch 0: inverse train average loss 0.005819549370143149.
epoch 0: inverse test average loss 0.007556074195437961.
epoch 99: inverse train average loss 0.002277716683844725.
epoch 99: inverse test average loss 0.003567289612773392.
forward model: training agent 5.
Epoch 0: forward train average loss 0.0024191145267751482.
epoch 0: forward test average loss 0.004044178045458264.
Epoch 99: forward train average loss 0.000997392939300173.
epoch 99: forward test average loss 0.002896577637228701.
inverse model, training agent 5.
epoch 0: inverse train average loss 0.004267875312103165.
epoch 0: inverse test average loss 0.008136670622560713.
epoch 99: inverse train average loss 0.001655638450756669.
epoch 99: inverse test average loss 0.0030473118078791434.
forward model: training agent 6.
Epoch 0: forward train average loss 0.002791143281178342.
epoch 0: forward test average loss 0.004560123715135787.
Epoch 99: forward train average loss 0.0011087891309418613.
epoch 99: forward test average loss 0.003513985520435704.
inverse model, training agent 6.
epoch 0: inverse train average loss 0.01401790190074179.
epoch 0: inverse test average loss 0.024855299956268735.
epoch 99: inverse train average loss 0.0022046890032167235.
epoch 99: inverse test average loss 0.004622488593061765.
Policy training episode: 72, grounded actions taken: 832, last two uncertainties: {0: [0.0, 0.0], 1: [0.0, 0.0], 2: [0.0, 0.0], 3: [0.0, 0.0], 4: [0.0, 0.0], 5: [0.0, 0.0], 6: [0.0, 0.0]}, avg agent uncertainties: [0.0, 0.0, 0.0, 0.0, 0.0, 0.0, 0.0], grounded actions by agent: [128, 124, 122, 113, 117, 113, 115]
Policy training episode: 72, iteration 0/1, policy training avg travel time:78.06490066225166, q_loss:1.165582537651062, rewards:-3.394037543402778, queue:0.4984126984126984, delay:0.0485749259827629, throughput:3011
Sim Rollout episode:73/100, sim avg travel time:198.50248426631336, rewards:-2.915796576605903, queue:0.4365079365079365, delay:0.04757443382626488, throughput:2780
Real rollout step:73/100, travel time:643.8709198813057, rewards:-103.67890625, queue:13.059126984126983, delay:0.20700538271949404, throughput:906
forward model: training agent 0.
Epoch 0: forward train average loss 0.0032041476935976082.
epoch 0: forward test average loss 0.004038644954562187.
Epoch 99: forward train average loss 0.0010772874682313865.
epoch 99: forward test average loss 0.004721877579059865.
inverse model, training agent 0.
epoch 0: inverse train average loss 5.292704368602901e-07.
epoch 0: inverse test average loss 6.177452189288286e-08.
epoch 99: inverse train average loss 2.2770508836502913e-08.
epoch 99: inverse test average loss 2.688540298044649e-07.
forward model: training agent 1.
Epoch 0: forward train average loss 0.0018274599375824134.
epoch 0: forward test average loss 0.004772344190213416.
Epoch 99: forward train average loss 0.0003131608827970922.
epoch 99: forward test average loss 0.0024877762577186027.
inverse model, training agent 1.
epoch 0: inverse train average loss 0.009621956903073523.
epoch 0: inverse test average loss 0.005283007165417075.
epoch 99: inverse train average loss 0.0036587300192978648.
epoch 99: inverse test average loss 0.0037135744674338233.
forward model: training agent 2.
Epoch 0: forward train average loss 0.0013505339932938416.
epoch 0: forward test average loss 0.001832337739566962.
Epoch 99: forward train average loss 0.0005856470993926956.
epoch 99: forward test average loss 0.0011529492524762948.
inverse model, training agent 2.
epoch 0: inverse train average loss 0.020965409361653857.
epoch 0: inverse test average loss 0.019929804735713534.
epoch 99: inverse train average loss 0.007947406214144494.
epoch 99: inverse test average loss 0.01151120372944408.
forward model: training agent 3.
Epoch 0: forward train average loss 0.002056955359876156.
epoch 0: forward test average loss 0.002932456218534046.
Epoch 99: forward train average loss 0.00023220477871493332.
epoch 99: forward test average loss 0.0008569190362727062.
inverse model, training agent 3.
epoch 0: inverse train average loss 0.002435340287370814.
epoch 0: inverse test average loss 0.0038832397096686894.
epoch 99: inverse train average loss 0.000582369438941694.
epoch 99: inverse test average loss 0.0005573361413553357.
forward model: training agent 4.
Epoch 0: forward train average loss 0.0005540390072079996.
epoch 0: forward test average loss 0.0015651967066029708.
Epoch 99: forward train average loss 0.00023962465153696635.
epoch 99: forward test average loss 0.0013207429502573279.
inverse model, training agent 4.
epoch 0: inverse train average loss 0.022157028317451477.
epoch 0: inverse test average loss 0.03094317184554206.
epoch 99: inverse train average loss 0.008684712462127209.
epoch 99: inverse test average loss 0.016236299441920385.
forward model: training agent 5.
Epoch 0: forward train average loss 0.00304802641686466.
epoch 0: forward test average loss 0.004189234847823779.
Epoch 99: forward train average loss 0.0009404786655472384.
epoch 99: forward test average loss 0.003072961750957701.
inverse model, training agent 5.
epoch 0: inverse train average loss 0.008275903347465727.
epoch 0: inverse test average loss 0.01862366083595488.
epoch 99: inverse train average loss 0.00634965052207311.
epoch 99: inverse test average loss 0.008642166232069334.
forward model: training agent 6.
Epoch 0: forward train average loss 0.0028271599310553735.
epoch 0: forward test average loss 0.004259301349520683.
Epoch 99: forward train average loss 0.0010223034639946288.
epoch 99: forward test average loss 0.004424974322319031.
inverse model, training agent 6.
epoch 0: inverse train average loss 0.012094682082533836.
epoch 0: inverse test average loss 0.011485211965110566.
epoch 99: inverse train average loss 0.006783045000500149.
epoch 99: inverse test average loss 0.0072087740732563865.
Policy training episode: 73, grounded actions taken: 865, last two uncertainties: {0: [0.0, 0.0], 1: [0.0, 0.0], 2: [0.0, 0.0], 3: [0.0, 0.0], 4: [0.0, 0.0], 5: [0.0, 0.0], 6: [0.0, 0.0]}, avg agent uncertainties: [0.0, 0.0, 0.0, 0.0, 0.0, 0.0, 0.0], grounded actions by agent: [138, 121, 117, 110, 134, 129, 116]
Policy training episode: 73, iteration 0/1, policy training avg travel time:140.1597750578895, q_loss:1.223565936088562, rewards:-3.610407511393229, queue:0.530952380952381, delay:0.053467953394329734, throughput:2968
Sim Rollout episode:74/100, sim avg travel time:123.63116109824678, rewards:-2.622444322374132, queue:0.40436507936507937, delay:0.04372648208860367, throughput:2866
Real rollout step:74/100, travel time:647.7125288239815, rewards:-100.00494791666667, queue:12.602777777777778, delay:0.18592966473291792, throughput:872
forward model: training agent 0.
Epoch 0: forward train average loss 0.0025598396443658406.
epoch 0: forward test average loss 0.002398854587227106.
Epoch 99: forward train average loss 0.0010881286062714127.
epoch 99: forward test average loss 0.003339671633309788.
inverse model, training agent 0.
epoch 0: inverse train average loss 0.0012774595718791915.
epoch 0: inverse test average loss 3.5466314329823945e-08.
epoch 99: inverse train average loss 0.0004301503585237349.
epoch 99: inverse test average loss 5.691414376822005e-10.
forward model: training agent 1.
Epoch 0: forward train average loss 0.00462377910864436.
epoch 0: forward test average loss 0.014039864970578088.
Epoch 99: forward train average loss 0.0003449010513981597.
epoch 99: forward test average loss 0.001322428152586023.
inverse model, training agent 1.
epoch 0: inverse train average loss 0.0065054259159498746.
epoch 0: inverse test average loss 0.0043551370811959105.
epoch 99: inverse train average loss 0.0002631706544586147.
epoch 99: inverse test average loss 0.0002060396428633895.
forward model: training agent 2.
Epoch 0: forward train average loss 0.0009158069733530283.
epoch 0: forward test average loss 0.0017806961615052489.
Epoch 99: forward train average loss 0.0005768609828212195.
epoch 99: forward test average loss 0.0019190473378532464.
inverse model, training agent 2.
epoch 0: inverse train average loss 0.004258048565437396.
epoch 0: inverse test average loss 0.005726376962330606.
epoch 99: inverse train average loss 0.000378793862182647.
epoch 99: inverse test average loss 8.116611651429493e-05.
forward model: training agent 3.
Epoch 0: forward train average loss 0.0014756884581098955.
epoch 0: forward test average loss 0.002858433872461319.
Epoch 99: forward train average loss 0.00020994890817544528.
epoch 99: forward test average loss 0.0010173230483714077.
inverse model, training agent 3.
epoch 0: inverse train average loss 0.005993241495970223.
epoch 0: inverse test average loss 0.010171130816969607.
epoch 99: inverse train average loss 0.0011878707995896952.
epoch 99: inverse test average loss 0.0035754629967009854.
forward model: training agent 4.
Epoch 0: forward train average loss 0.0005985751308293806.
epoch 0: forward test average loss 0.0012057442218065262.
Epoch 99: forward train average loss 0.0002345228971939327.
epoch 99: forward test average loss 0.0010075734979990455.
inverse model, training agent 4.
epoch 0: inverse train average loss 0.01184412319627073.
epoch 0: inverse test average loss 0.01739813056257036.
epoch 99: inverse train average loss 0.00355738233257499.
epoch 99: inverse test average loss 0.004197004251182079.
forward model: training agent 5.
Epoch 0: forward train average loss 0.002082827294038402.
epoch 0: forward test average loss 0.0029929864944683183.
Epoch 99: forward train average loss 0.0008668027067970899.
epoch 99: forward test average loss 0.002379283308982849.
inverse model, training agent 5.
epoch 0: inverse train average loss 0.011927773451639546.
epoch 0: inverse test average loss 0.02141850193341573.
epoch 99: inverse train average loss 0.003586233076122072.
epoch 99: inverse test average loss 0.00910661079817348.
forward model: training agent 6.
Epoch 0: forward train average loss 0.0021813904038733905.
epoch 0: forward test average loss 0.0035265954211354256.
Epoch 99: forward train average loss 0.0010766032436448666.
epoch 99: forward test average loss 0.004000495498379071.
inverse model, training agent 6.
epoch 0: inverse train average loss 0.008796854772501521.
epoch 0: inverse test average loss 0.010117917839023802.
epoch 99: inverse train average loss 0.004904817324131727.
epoch 99: inverse test average loss 0.003084703038136164.
Policy training episode: 74, grounded actions taken: 852, last two uncertainties: {0: [0.0, 0.0], 1: [0.0, 0.0], 2: [0.0, 0.0], 3: [0.0, 0.0], 4: [0.0, 0.0], 5: [0.0, 0.0], 6: [0.0, 0.0]}, avg agent uncertainties: [0.0, 0.0, 0.0, 0.0, 0.0, 0.0, 0.0], grounded actions by agent: [121, 128, 115, 117, 127, 113, 131]
Policy training episode: 74, iteration 0/1, policy training avg travel time:133.4505130751407, q_loss:1.1058067083358765, rewards:-3.717704264322917, queue:0.5488095238095239, delay:0.05166233607700893, throughput:2903
Sim Rollout episode:75/100, sim avg travel time:172.3737173121483, rewards:-2.4690372043185764, queue:0.3757936507936508, delay:0.04414611089797247, throughput:2813
Real rollout step:75/100, travel time:687.4027441485068, rewards:-100.17990451388889, queue:12.561904761904762, delay:0.18167189340742806, throughput:812
forward model: training agent 0.
Epoch 0: forward train average loss 0.004522837388018767.
epoch 0: forward test average loss 0.003257828557656871.
Epoch 99: forward train average loss 0.0011108072810909813.
epoch 99: forward test average loss 0.0014587414657904042.
inverse model, training agent 0.
epoch 0: inverse train average loss 1.457961818156988e-07.
epoch 0: inverse test average loss 0.0026337999022669014.
epoch 99: inverse train average loss 1.1580662986474594e-07.
epoch 99: inverse test average loss 0.02003070549108088.
forward model: training agent 1.
Epoch 0: forward train average loss 0.0004739219697916673.
epoch 0: forward test average loss 0.0023091228471861947.
Epoch 99: forward train average loss 0.00031047059908612736.
epoch 99: forward test average loss 0.0025759658051861655.
inverse model, training agent 1.
epoch 0: inverse train average loss 0.0014160041949556519.
epoch 0: inverse test average loss 0.00022092405965344774.
epoch 99: inverse train average loss 0.0010392169537630656.
epoch 99: inverse test average loss 0.00013792144859002696.
forward model: training agent 2.
Epoch 0: forward train average loss 0.0006515688922566673.
epoch 0: forward test average loss 0.0012161973863840103.
Epoch 99: forward train average loss 0.0006262978616481026.
epoch 99: forward test average loss 0.0015259520668122503.
inverse model, training agent 2.
epoch 0: inverse train average loss 0.00044548874656255875.
epoch 0: inverse test average loss 0.0004238199261534545.
epoch 99: inverse train average loss 0.00036699504158200905.
epoch 99: inverse test average loss 0.00015579950882561712.
forward model: training agent 3.
Epoch 0: forward train average loss 0.0003733848182794948.
epoch 0: forward test average loss 0.00119986395455069.
Epoch 99: forward train average loss 0.0001961867512565934.
epoch 99: forward test average loss 0.0014603494976957638.
inverse model, training agent 3.
epoch 0: inverse train average loss 0.0027086020757754645.
epoch 0: inverse test average loss 0.010347024434142642.
epoch 99: inverse train average loss 0.0007932085395118014.
epoch 99: inverse test average loss 0.0015539900503224796.
forward model: training agent 4.
Epoch 0: forward train average loss 0.00038465163217754.
epoch 0: forward test average loss 0.0011371227188242807.
Epoch 99: forward train average loss 0.00024391088582989242.
epoch 99: forward test average loss 0.0010330428679784138.
inverse model, training agent 4.
epoch 0: inverse train average loss 0.0038331395222081076.
epoch 0: inverse test average loss 0.0054692887804574436.
epoch 99: inverse train average loss 0.0024120104240460526.
epoch 99: inverse test average loss 0.0011579849395073121.
forward model: training agent 5.
Epoch 0: forward train average loss 0.001934004792322715.
epoch 0: forward test average loss 0.0038759931921958923.
Epoch 99: forward train average loss 0.000717225652705464.
epoch 99: forward test average loss 0.0027265426599317128.
inverse model, training agent 5.
epoch 0: inverse train average loss 0.02036649112900098.
epoch 0: inverse test average loss 0.023661194576157465.
epoch 99: inverse train average loss 0.0025805256122516263.
epoch 99: inverse test average loss 0.006822082731458876.
forward model: training agent 6.
Epoch 0: forward train average loss 0.0039020549609429305.
epoch 0: forward test average loss 0.005546485798226463.
Epoch 99: forward train average loss 0.0008178879894937078.
epoch 99: forward test average loss 0.0034851773331562677.
inverse model, training agent 6.
epoch 0: inverse train average loss 0.00441902286062638.
epoch 0: inverse test average loss 0.00377987925377157.
epoch 99: inverse train average loss 0.003648023017578655.
epoch 99: inverse test average loss 0.0026393715395695632.
Policy training episode: 75, grounded actions taken: 847, last two uncertainties: {0: [0.0, 0.0], 1: [0.0, 0.0], 2: [0.0, 0.0], 3: [0.0, 0.0], 4: [0.0, 0.0], 5: [0.0, 0.0], 6: [0.0, 0.0]}, avg agent uncertainties: [0.0, 0.0, 0.0, 0.0, 0.0, 0.0, 0.0], grounded actions by agent: [126, 117, 112, 120, 118, 117, 137]
Policy training episode: 75, iteration 0/1, policy training avg travel time:117.24611313264968, q_loss:1.0961344242095947, rewards:-4.434223429361979, queue:0.6309523809523809, delay:0.059744044712611605, throughput:2982
Sim Rollout episode:76/100, sim avg travel time:137.6319099635882, rewards:-2.8412777370876734, queue:0.42857142857142855, delay:0.04694806356278677, throughput:2849
Real rollout step:76/100, travel time:743.0741301059002, rewards:-131.39419487847223, queue:16.99484126984127, delay:0.2558408949110243, throughput:814
forward model: training agent 0.
Epoch 0: forward train average loss 0.0028603923144853776.
epoch 0: forward test average loss 0.0046351734134886.
Epoch 99: forward train average loss 0.0009153696009889245.
epoch 99: forward test average loss 0.003271147401796447.
inverse model, training agent 0.
epoch 0: inverse train average loss 1.1545807865293331e-07.
epoch 0: inverse test average loss 5.174013686628756e-11.
epoch 99: inverse train average loss 7.739330006491703e-08.
epoch 99: inverse test average loss 0.0.
forward model: training agent 1.
Epoch 0: forward train average loss 0.05493056856923633.
epoch 0: forward test average loss 0.07423556844393413.
Epoch 99: forward train average loss 0.0010381833934742543.
epoch 99: forward test average loss 0.003991884282893605.
inverse model, training agent 1.
epoch 0: inverse train average loss 0.026245922678046756.
epoch 0: inverse test average loss 0.024874854418966506.
epoch 99: inverse train average loss 0.003550836868170235.
epoch 99: inverse test average loss 0.010447970901926359.
forward model: training agent 2.
Epoch 0: forward train average loss 0.046509184771113925.
epoch 0: forward test average loss 0.026583901709980436.
Epoch 99: forward train average loss 0.0006387404217902157.
epoch 99: forward test average loss 0.0010636769390354555.
inverse model, training agent 2.
epoch 0: inverse train average loss 0.0003991826088167727.
epoch 0: inverse test average loss 8.438455956315414e-06.
epoch 99: inverse train average loss 0.00027387530523507547.
epoch 99: inverse test average loss 1.8185497133850326e-06.
forward model: training agent 3.
Epoch 0: forward train average loss 0.30038174986839294.
epoch 0: forward test average loss 0.2590901189380222.
Epoch 99: forward train average loss 0.0009001169948735171.
epoch 99: forward test average loss 0.002036830203400718.
inverse model, training agent 3.
epoch 0: inverse train average loss 0.0015459813035300209.
epoch 0: inverse test average loss 0.0037708626413303944.
epoch 99: inverse train average loss 0.000557004275227276.
epoch 99: inverse test average loss 0.0026667906850990322.
forward model: training agent 4.
Epoch 0: forward train average loss 0.04464161437418726.
epoch 0: forward test average loss 0.029759109020233154.
Epoch 99: forward train average loss 0.0003029679582040343.
epoch 99: forward test average loss 0.0012441369084020455.
inverse model, training agent 4.
epoch 0: inverse train average loss 0.005943724161220921.
epoch 0: inverse test average loss 0.012588857362667719.
epoch 99: inverse train average loss 0.0036800853494140836.
epoch 99: inverse test average loss 0.002909895136124558.
forward model: training agent 5.
Epoch 0: forward train average loss 0.0021584953905807603.
epoch 0: forward test average loss 0.0033592418250110415.
Epoch 99: forward train average loss 0.0008060535441877113.
epoch 99: forward test average loss 0.0023989808849162525.
inverse model, training agent 5.
epoch 0: inverse train average loss 0.011398275796737935.
epoch 0: inverse test average loss 0.021456720100508794.
epoch 99: inverse train average loss 0.005459018775986301.
epoch 99: inverse test average loss 0.006924764563639958.
forward model: training agent 6.
Epoch 0: forward train average loss 0.0031291956288946998.
epoch 0: forward test average loss 0.0052368564324246514.
Epoch 99: forward train average loss 0.0009132957396407922.
epoch 99: forward test average loss 0.0031423375217450988.
inverse model, training agent 6.
epoch 0: inverse train average loss 0.025112500000331137.
epoch 0: inverse test average loss 0.05178495579295688.
epoch 99: inverse train average loss 0.008404617197811604.
epoch 99: inverse test average loss 0.014727721611658732.
Policy training episode: 76, grounded actions taken: 831, last two uncertainties: {0: [0.0, 0.0], 1: [0.0, 0.0], 2: [0.0, 0.0], 3: [0.0, 0.0], 4: [0.0, 0.0], 5: [0.0, 0.0], 6: [0.0, 0.0]}, avg agent uncertainties: [0.0, 0.0, 0.0, 0.0, 0.0, 0.0, 0.0], grounded actions by agent: [109, 114, 121, 112, 127, 127, 121]
Policy training episode: 76, iteration 0/1, policy training avg travel time:80.9649238914626, q_loss:1.1619092226028442, rewards:-3.7977593315972222, queue:0.5654761904761905, delay:0.05399071224152096, throughput:2989
Sim Rollout episode:77/100, sim avg travel time:203.65221707478491, rewards:-2.5317223442925347, queue:0.3876984126984127, delay:0.04416937449621776, throughput:2774
Real rollout step:77/100, travel time:689.2906548933039, rewards:-114.54737413194445, queue:14.484126984126984, delay:0.23709033784412203, throughput:889
forward model: training agent 0.
Epoch 0: forward train average loss 0.002390341367572546.
epoch 0: forward test average loss 0.0032616304233670235.
Epoch 99: forward train average loss 0.0008232461081610785.
epoch 99: forward test average loss 0.001956927693552441.
inverse model, training agent 0.
epoch 0: inverse train average loss 6.987690850637465e-07.
epoch 0: inverse test average loss 2.356635617515066e-08.
epoch 99: inverse train average loss 2.617120546820494e-08.
epoch 99: inverse test average loss 3.62180567018792e-09.
forward model: training agent 1.
Epoch 0: forward train average loss 0.05384068522188398.
epoch 0: forward test average loss 0.05112583438555399.
Epoch 99: forward train average loss 0.001028389876915349.
epoch 99: forward test average loss 0.003456347311536471.
inverse model, training agent 1.
epoch 0: inverse train average loss 0.005493474606838491.
epoch 0: inverse test average loss 0.007602912684281667.
epoch 99: inverse train average loss 4.94284635755725e-05.
epoch 99: inverse test average loss 3.066899363249023e-05.
forward model: training agent 2.
Epoch 0: forward train average loss 0.010492031565970845.
epoch 0: forward test average loss 0.013460993766784668.
Epoch 99: forward train average loss 0.0006274257644286586.
epoch 99: forward test average loss 0.0012296379233400028.
inverse model, training agent 2.
epoch 0: inverse train average loss 0.0007101591529337586.
epoch 0: inverse test average loss 0.0025499947369098663.
epoch 99: inverse train average loss 0.000260308771329518.
epoch 99: inverse test average loss 0.0013651577311672252.
forward model: training agent 3.
Epoch 0: forward train average loss 0.00955175742920902.
epoch 0: forward test average loss 0.008641478916009268.
Epoch 99: forward train average loss 0.00046599902109139494.
epoch 99: forward test average loss 0.0026930530245105424.
inverse model, training agent 3.
epoch 0: inverse train average loss 0.0014167679991159174.
epoch 0: inverse test average loss 0.0008611761149950325.
epoch 99: inverse train average loss 0.00018327533325646073.
epoch 99: inverse test average loss 0.00028954622232251696.
forward model: training agent 4.
Epoch 0: forward train average loss 0.0009642046902121769.
epoch 0: forward test average loss 0.0018161011135412587.
Epoch 99: forward train average loss 0.00022052575756485263.
epoch 99: forward test average loss 0.0012846319522294733.
inverse model, training agent 4.
epoch 0: inverse train average loss 0.00901605902860562.
epoch 0: inverse test average loss 0.006434530019760132.
epoch 99: inverse train average loss 0.005909581979115804.
epoch 99: inverse test average loss 0.003746106858468718.
forward model: training agent 5.
Epoch 0: forward train average loss 0.0015719847546683417.
epoch 0: forward test average loss 0.0027484907251265314.
Epoch 99: forward train average loss 0.0007797543657943606.
epoch 99: forward test average loss 0.003545240085158083.
inverse model, training agent 5.
epoch 0: inverse train average loss 0.008175894204113219.
epoch 0: inverse test average loss 0.008058009979625544.
epoch 99: inverse train average loss 0.005168598869608508.
epoch 99: inverse test average loss 0.007229981530043814.
forward model: training agent 6.
Epoch 0: forward train average loss 0.002358441680876745.
epoch 0: forward test average loss 0.0034378052999575934.
Epoch 99: forward train average loss 0.0008279337263148692.
epoch 99: forward test average loss 0.0036008146901925406.
inverse model, training agent 6.
epoch 0: inverse train average loss 0.011373544732729593.
epoch 0: inverse test average loss 0.010888500759998957.
epoch 99: inverse train average loss 0.0030271540292435223.
epoch 99: inverse test average loss 0.0027742494518558183.
Policy training episode: 77, grounded actions taken: 828, last two uncertainties: {0: [0.0, 0.0], 1: [0.0, 0.0], 2: [0.0, 0.0], 3: [0.0, 0.0], 4: [0.0, 0.0], 5: [0.0, 0.0], 6: [0.0, 0.0]}, avg agent uncertainties: [0.0, 0.0, 0.0, 0.0, 0.0, 0.0, 0.0], grounded actions by agent: [128, 119, 130, 101, 105, 121, 124]
Policy training episode: 77, iteration 0/1, policy training avg travel time:102.58164955283206, q_loss:1.0899609327316284, rewards:-4.07483384874132, queue:0.6027777777777777, delay:0.05441267225477431, throughput:3006
Sim Rollout episode:78/100, sim avg travel time:174.7454485269778, rewards:-2.6535741170247396, queue:0.3956349206349206, delay:0.04426841433086093, throughput:2807
Real rollout step:78/100, travel time:665.7279305354558, rewards:-110.05686848958334, queue:13.896428571428572, delay:0.246541995093936, throughput:917
forward model: training agent 0.
Epoch 0: forward train average loss 0.0016926848847005102.
epoch 0: forward test average loss 0.00247984038045009.
Epoch 99: forward train average loss 0.0007634312043794327.
epoch 99: forward test average loss 0.0017965621211462552.
inverse model, training agent 0.
epoch 0: inverse train average loss 0.0004951767494072415.
epoch 0: inverse test average loss 0.0029877939571936927.
epoch 99: inverse train average loss 0.0003282783759964837.
epoch 99: inverse test average loss 0.0020979849828614127.
forward model: training agent 1.
Epoch 0: forward train average loss 0.002805688159747256.
epoch 0: forward test average loss 0.0062362079819043474.
Epoch 99: forward train average loss 0.00044680937167464034.
epoch 99: forward test average loss 0.0030679827969935206.
inverse model, training agent 1.
epoch 0: inverse train average loss 0.00013408927851641137.
epoch 0: inverse test average loss 0.00012865721429180767.
epoch 99: inverse train average loss 7.238860921966584e-05.
epoch 99: inverse test average loss 4.1219538009803124e-05.
forward model: training agent 2.
Epoch 0: forward train average loss 0.0012714878992281025.
epoch 0: forward test average loss 0.005271208162109057.
Epoch 99: forward train average loss 0.0005972885863027639.
epoch 99: forward test average loss 0.001449842264668809.
inverse model, training agent 2.
epoch 0: inverse train average loss 0.02271920463277234.
epoch 0: inverse test average loss 0.06079894635412428.
epoch 99: inverse train average loss 0.005457422747794125.
epoch 99: inverse test average loss 0.008162254674567116.
forward model: training agent 3.
Epoch 0: forward train average loss 0.003164096528457271.
epoch 0: forward test average loss 0.0036148844907681146.
Epoch 99: forward train average loss 0.0004850228110121356.
epoch 99: forward test average loss 0.002533828632699119.
inverse model, training agent 3.
epoch 0: inverse train average loss 0.00471855491761946.
epoch 0: inverse test average loss 0.004812890927294373.
epoch 99: inverse train average loss 0.0006046361393398709.
epoch 99: inverse test average loss 0.007766893857883083.
forward model: training agent 4.
Epoch 0: forward train average loss 0.000954772591487401.
epoch 0: forward test average loss 0.002433068532910612.
Epoch 99: forward train average loss 0.00022015421321460357.
epoch 99: forward test average loss 0.0013462238841586644.
inverse model, training agent 4.
epoch 0: inverse train average loss 0.006555618614786201.
epoch 0: inverse test average loss 0.005408850601977772.
epoch 99: inverse train average loss 0.002481290190998051.
epoch 99: inverse test average loss 0.0010716995327836936.
forward model: training agent 5.
Epoch 0: forward train average loss 0.0013881326497842867.
epoch 0: forward test average loss 0.004051536528600587.
Epoch 99: forward train average loss 0.0007110507253350483.
epoch 99: forward test average loss 0.0018546232539746496.
inverse model, training agent 5.
epoch 0: inverse train average loss 0.010974224346379438.
epoch 0: inverse test average loss 0.016949975656138525.
epoch 99: inverse train average loss 0.002464852761477232.
epoch 99: inverse test average loss 0.0031638176490863166.
forward model: training agent 6.
Epoch 0: forward train average loss 0.0018208253507812817.
epoch 0: forward test average loss 0.0037572053778502676.
Epoch 99: forward train average loss 0.000704731184264852.
epoch 99: forward test average loss 0.0026319800979561275.
inverse model, training agent 6.
epoch 0: inverse train average loss 0.00896003128339847.
epoch 0: inverse test average loss 0.014006097283628251.
epoch 99: inverse train average loss 0.004340783330715365.
epoch 99: inverse test average loss 0.005760146000991679.
Policy training episode: 78, grounded actions taken: 838, last two uncertainties: {0: [0.0, 0.0], 1: [0.0, 0.0], 2: [0.0, 0.0], 3: [0.0, 0.0], 4: [0.0, 0.0], 5: [0.0, 0.0], 6: [0.0, 0.0]}, avg agent uncertainties: [0.0, 0.0, 0.0, 0.0, 0.0, 0.0, 0.0], grounded actions by agent: [128, 105, 99, 136, 120, 124, 126]
Policy training episode: 78, iteration 0/1, policy training avg travel time:89.82384105960264, q_loss:1.0501869916915894, rewards:-3.354221937391493, queue:0.5023809523809524, delay:0.05002027541872055, throughput:2965
Sim Rollout episode:79/100, sim avg travel time:204.1, rewards:-2.6073710123697915, queue:0.3968253968253968, delay:0.045403919522724455, throughput:2775
Real rollout step:79/100, travel time:661.8413940256046, rewards:-113.97202690972222, queue:14.357936507936508, delay:0.24654511951264882, throughput:936
forward model: training agent 0.
Epoch 0: forward train average loss 0.002747296510885159.
epoch 0: forward test average loss 0.005047010982202159.
Epoch 99: forward train average loss 0.0008800136727384395.
epoch 99: forward test average loss 0.00162736429936356.
inverse model, training agent 0.
epoch 0: inverse train average loss 0.0012617384645131496.
epoch 0: inverse test average loss 7.190764234918687e-07.
epoch 99: inverse train average loss 0.0006634404987077384.
epoch 99: inverse test average loss 2.052392584219989e-05.
forward model: training agent 1.
Epoch 0: forward train average loss 0.0025693686006383765.
epoch 0: forward test average loss 0.004021821543574333.
Epoch 99: forward train average loss 0.0005820327464284168.
epoch 99: forward test average loss 0.0028392293800910315.
inverse model, training agent 1.
epoch 0: inverse train average loss 0.023584638204839494.
epoch 0: inverse test average loss 0.049947994450728096.
epoch 99: inverse train average loss 0.00394005271502667.
epoch 99: inverse test average loss 0.00294030343906747.
forward model: training agent 2.
Epoch 0: forward train average loss 0.0011290362389344308.
epoch 0: forward test average loss 0.0020039223858879674.
Epoch 99: forward train average loss 0.0007261769690861305.
epoch 99: forward test average loss 0.0017166679414610069.
inverse model, training agent 2.
epoch 0: inverse train average loss 0.0030065704033606583.
epoch 0: inverse test average loss 0.005656450365980466.
epoch 99: inverse train average loss 0.0010235955770541397.
epoch 99: inverse test average loss 0.0032143036110533606.
forward model: training agent 3.
Epoch 0: forward train average loss 0.002353350217971537.
epoch 0: forward test average loss 0.0050840288814571165.
Epoch 99: forward train average loss 0.00042498124013137486.
epoch 99: forward test average loss 0.003167605855398708.
inverse model, training agent 3.
epoch 0: inverse train average loss 0.0007144547659360493.
epoch 0: inverse test average loss 0.003539729675847209.
epoch 99: inverse train average loss 0.00022497307347495935.
epoch 99: inverse test average loss 0.0029409913695417345.
forward model: training agent 4.
Epoch 0: forward train average loss 0.0009047841498007377.
epoch 0: forward test average loss 0.0018913026174737348.
Epoch 99: forward train average loss 0.00022263408754952252.
epoch 99: forward test average loss 0.0013417511040137874.
inverse model, training agent 4.
epoch 0: inverse train average loss 0.009938799672656588.
epoch 0: inverse test average loss 0.008102346004711257.
epoch 99: inverse train average loss 0.0046933430971370805.
epoch 99: inverse test average loss 0.0043587589429484475.
forward model: training agent 5.
Epoch 0: forward train average loss 0.0020681327312356895.
epoch 0: forward test average loss 0.0033460257367955316.
Epoch 99: forward train average loss 0.0008558139411939515.
epoch 99: forward test average loss 0.002456935846971141.
inverse model, training agent 5.
epoch 0: inverse train average loss 0.01565090359912978.
epoch 0: inverse test average loss 0.01956164174609714.
epoch 99: inverse train average loss 0.006571126739597983.
epoch 99: inverse test average loss 0.008330847654077742.
forward model: training agent 6.
Epoch 0: forward train average loss 0.002137750775242845.
epoch 0: forward test average loss 0.004158191382884979.
Epoch 99: forward train average loss 0.0007076978088460035.
epoch 99: forward test average loss 0.003814665497177177.
inverse model, training agent 6.
epoch 0: inverse train average loss 0.007082829044924842.
epoch 0: inverse test average loss 0.010906430582205454.
epoch 99: inverse train average loss 0.00210216804407537.
epoch 99: inverse test average loss 0.005708962885869874.
Policy training episode: 79, grounded actions taken: 796, last two uncertainties: {0: [0.0, 0.0], 1: [0.0, 0.0], 2: [0.0, 0.0], 3: [0.0, 0.0], 4: [0.0, 0.0], 5: [0.0, 0.0], 6: [0.0, 0.0]}, avg agent uncertainties: [0.0, 0.0, 0.0, 0.0, 0.0, 0.0, 0.0], grounded actions by agent: [129, 110, 121, 103, 107, 123, 103]
Policy training episode: 79, iteration 0/1, policy training avg travel time:112.90433631247932, q_loss:1.0303388833999634, rewards:-3.5050927056206596, queue:0.5261904761904762, delay:0.05109309847392733, throughput:2960
Sim Rollout episode:80/100, sim avg travel time:230.57412309728656, rewards:-2.739055887858073, queue:0.4111111111111111, delay:0.04560551416306269, throughput:2750
Real rollout step:80/100, travel time:560.9274447949526, rewards:-102.64296875, queue:13.091269841269842, delay:0.2357237316313244, throughput:1126
forward model: training agent 0.
Epoch 0: forward train average loss 0.002392699553941687.
epoch 0: forward test average loss 0.0026540434401896265.
Epoch 99: forward train average loss 0.0010530185213105546.
epoch 99: forward test average loss 0.0019339737999770376.
inverse model, training agent 0.
epoch 0: inverse train average loss 6.683284381223429e-06.
epoch 0: inverse test average loss 1.4945299982274364e-06.
epoch 99: inverse train average loss 8.077405305407916e-06.
epoch 99: inverse test average loss 8.205201488130519e-07.
forward model: training agent 1.
Epoch 0: forward train average loss 0.0036370044367180932.
epoch 0: forward test average loss 0.0062969403548373114.
Epoch 99: forward train average loss 0.0008889018532095684.
epoch 99: forward test average loss 0.003015069084035026.
inverse model, training agent 1.
epoch 0: inverse train average loss 0.0027798497014575535.
epoch 0: inverse test average loss 0.002915949715922276.
epoch 99: inverse train average loss 0.0019063542648735973.
epoch 99: inverse test average loss 0.002478811682926284.
forward model: training agent 2.
Epoch 0: forward train average loss 0.0016233138222661284.
epoch 0: forward test average loss 0.0016864749292532604.
Epoch 99: forward train average loss 0.0006146302524333199.
epoch 99: forward test average loss 0.0011402635783370999.
inverse model, training agent 2.
epoch 0: inverse train average loss 0.02115983557369974.
epoch 0: inverse test average loss 0.03595057957702213.
epoch 99: inverse train average loss 0.009089339938428666.
epoch 99: inverse test average loss 0.020220210982693568.
forward model: training agent 3.
Epoch 0: forward train average loss 0.0048738715963231195.
epoch 0: forward test average loss 0.005841870895690388.
Epoch 99: forward train average loss 0.0009195577715420061.
epoch 99: forward test average loss 0.004294115636083815.
inverse model, training agent 3.
epoch 0: inverse train average loss 0.0012629329382131498.
epoch 0: inverse test average loss 0.00032340661467363435.
epoch 99: inverse train average loss 0.000529936867274551.
epoch 99: inverse test average loss 0.0002569273055996746.
forward model: training agent 4.
Epoch 0: forward train average loss 0.0010394214962919552.
epoch 0: forward test average loss 0.002056470865176784.
Epoch 99: forward train average loss 0.0002986985911977374.
epoch 99: forward test average loss 0.0022301897406578064.
inverse model, training agent 4.
epoch 0: inverse train average loss 0.00850546308275726.
epoch 0: inverse test average loss 0.0042550769738025135.
epoch 99: inverse train average loss 0.006240717445810636.
epoch 99: inverse test average loss 0.003249996445245213.
forward model: training agent 5.
Epoch 0: forward train average loss 0.0018162777026494343.
epoch 0: forward test average loss 0.003950922336015437.
Epoch 99: forward train average loss 0.0008324608853500751.
epoch 99: forward test average loss 0.003420401675005754.
inverse model, training agent 5.
epoch 0: inverse train average loss 0.005647680153035455.
epoch 0: inverse test average loss 0.011292930692434311.
epoch 99: inverse train average loss 0.00489869113597605.
epoch 99: inverse test average loss 0.012229797326856189.
forward model: training agent 6.
Epoch 0: forward train average loss 0.0025743586528632375.
epoch 0: forward test average loss 0.003017526844309436.
Epoch 99: forward train average loss 0.0008652837584829993.
epoch 99: forward test average loss 0.0032787660343779456.
inverse model, training agent 6.
epoch 0: inverse train average loss 0.0026105758734047413.
epoch 0: inverse test average loss 0.009949693663252724.
epoch 99: inverse train average loss 0.0020088358238960304.
epoch 99: inverse test average loss 0.0032652212927738824.
Policy training episode: 80, grounded actions taken: 828, last two uncertainties: {0: [0.0, 0.0], 1: [0.0, 0.0], 2: [0.0, 0.0], 3: [0.0, 0.0], 4: [0.0, 0.0], 5: [0.0, 0.0], 6: [0.0, 0.0]}, avg agent uncertainties: [0.0, 0.0, 0.0, 0.0, 0.0, 0.0, 0.0], grounded actions by agent: [111, 127, 111, 114, 107, 138, 120]
Policy training episode: 80, iteration 0/1, policy training avg travel time:186.4754966887417, q_loss:1.0466939210891724, rewards:-3.0444078233506944, queue:0.47063492063492063, delay:0.04899125477624318, throughput:2810
Sim Rollout episode:81/100, sim avg travel time:230.80457105001656, rewards:-2.595944552951389, queue:0.4027777777777778, delay:0.045161940559508305, throughput:2751
Real rollout step:81/100, travel time:670.6966858789625, rewards:-115.9953125, queue:14.627777777777778, delay:0.2326569572327629, throughput:919
forward model: training agent 0.
Epoch 0: forward train average loss 0.0033370319029523265.
epoch 0: forward test average loss 0.005797249161534839.
Epoch 99: forward train average loss 0.0009983846426217093.
epoch 99: forward test average loss 0.0026884578789273896.
inverse model, training agent 0.
epoch 0: inverse train average loss 3.1264859596073316e-06.
epoch 0: inverse test average loss 0.0.
epoch 99: inverse train average loss 1.4951821564560912e-06.
epoch 99: inverse test average loss 0.0.
forward model: training agent 1.
Epoch 0: forward train average loss 0.002974963281303644.
epoch 0: forward test average loss 0.0032772542908787727.
Epoch 99: forward train average loss 0.0005247951808592512.
epoch 99: forward test average loss 0.0032401630241009924.
inverse model, training agent 1.
epoch 0: inverse train average loss 0.009437846537265513.
epoch 0: inverse test average loss 0.01430450462632709.
epoch 99: inverse train average loss 0.002974153599805302.
epoch 99: inverse test average loss 0.004377679381933477.
forward model: training agent 2.
Epoch 0: forward train average loss 0.0021797805351929534.
epoch 0: forward test average loss 0.003343481777442826.
Epoch 99: forward train average loss 0.0005834586142251889.
epoch 99: forward test average loss 0.000834180973470211.
inverse model, training agent 2.
epoch 0: inverse train average loss 0.00988294266992145.
epoch 0: inverse test average loss 0.014203781055079566.
epoch 99: inverse train average loss 0.00609759913964404.
epoch 99: inverse test average loss 0.009911070474319987.
forward model: training agent 3.
Epoch 0: forward train average loss 0.005888297946916686.
epoch 0: forward test average loss 0.008360496825642057.
Epoch 99: forward train average loss 0.0004323535087880575.
epoch 99: forward test average loss 0.0020193889633648926.
inverse model, training agent 3.
epoch 0: inverse train average loss 0.0030018922795231142.
epoch 0: inverse test average loss 0.0015617945043939268.
epoch 99: inverse train average loss 5.766161888863685e-05.
epoch 99: inverse test average loss 0.0008994790510365015.
forward model: training agent 4.
Epoch 0: forward train average loss 0.0005552466447827303.
epoch 0: forward test average loss 0.0010646565351635218.
Epoch 99: forward train average loss 0.00016628843150101602.
epoch 99: forward test average loss 0.0016417702039082844.
inverse model, training agent 4.
epoch 0: inverse train average loss 0.003551616488645474.
epoch 0: inverse test average loss 0.002668313682079315.
epoch 99: inverse train average loss 0.001964677306306031.
epoch 99: inverse test average loss 0.0021884706285264757.
forward model: training agent 5.
Epoch 0: forward train average loss 0.001945639546546671.
epoch 0: forward test average loss 0.0032190153789189127.
Epoch 99: forward train average loss 0.0008040099378882183.
epoch 99: forward test average loss 0.003371566016640928.
inverse model, training agent 5.
epoch 0: inverse train average loss 0.012073167910178503.
epoch 0: inverse test average loss 0.01844810860024558.
epoch 99: inverse train average loss 0.003621494449261162.
epoch 99: inverse test average loss 0.008875154165758027.
forward model: training agent 6.
Epoch 0: forward train average loss 0.0029496250467167962.
epoch 0: forward test average loss 0.002735020178887579.
Epoch 99: forward train average loss 0.0008455556429301699.
epoch 99: forward test average loss 0.004274257769187291.
inverse model, training agent 6.
epoch 0: inverse train average loss 0.004630068937937419.
epoch 0: inverse test average loss 0.011394045419163175.
epoch 99: inverse train average loss 0.0031549844425171614.
epoch 99: inverse test average loss 0.008721776099668609.
Policy training episode: 81, grounded actions taken: 879, last two uncertainties: {0: [0.0, 0.0], 1: [0.0, 0.0], 2: [0.0, 0.0], 3: [0.0, 0.0], 4: [0.0, 0.0], 5: [0.0, 0.0], 6: [0.0, 0.0]}, avg agent uncertainties: [0.0, 0.0, 0.0, 0.0, 0.0, 0.0, 0.0], grounded actions by agent: [117, 121, 132, 111, 128, 119, 151]
Policy training episode: 81, iteration 0/1, policy training avg travel time:199.21012574454005, q_loss:0.8703394532203674, rewards:-3.1070926242404515, queue:0.475, delay:0.047738901774088544, throughput:2821
Sim Rollout episode:82/100, sim avg travel time:185.49089102351772, rewards:-2.549278089735243, queue:0.39365079365079364, delay:0.04359159015473865, throughput:2794
Real rollout step:82/100, travel time:677.4257641921397, rewards:-116.00825737847222, queue:14.681746031746032, delay:0.2526580810546875, throughput:904
forward model: training agent 0.
Epoch 0: forward train average loss 0.003958493781586488.
epoch 0: forward test average loss 0.0059436410665512085.
Epoch 99: forward train average loss 0.0008502544240198202.
epoch 99: forward test average loss 0.0028483612048957082.
inverse model, training agent 0.
epoch 0: inverse train average loss 5.538007093895835e-07.
epoch 0: inverse test average loss 8.932189909198011e-07.
epoch 99: inverse train average loss 9.21291037532986e-08.
epoch 99: inverse test average loss 1.0891026944490376e-08.
forward model: training agent 1.
Epoch 0: forward train average loss 0.0024448867318116957.
epoch 0: forward test average loss 0.006865104453431236.
Epoch 99: forward train average loss 0.00044860527850687504.
epoch 99: forward test average loss 0.0026635026766194236.
inverse model, training agent 1.
epoch 0: inverse train average loss 0.010970003075069852.
epoch 0: inverse test average loss 0.008127176202833652.
epoch 99: inverse train average loss 0.0004972247455346709.
epoch 99: inverse test average loss 0.0018566286501785119.
forward model: training agent 2.
Epoch 0: forward train average loss 0.0007874486424649755.
epoch 0: forward test average loss 0.0006896789806584517.
Epoch 99: forward train average loss 0.0005599837879546814.
epoch 99: forward test average loss 0.0010295767440564102.
inverse model, training agent 2.
epoch 0: inverse train average loss 0.002755833220564657.
epoch 0: inverse test average loss 0.0056620875580443274.
epoch 99: inverse train average loss 0.00091484799890572.
epoch 99: inverse test average loss 0.0003637839432081415.
forward model: training agent 3.
Epoch 0: forward train average loss 0.001833616445461909.
epoch 0: forward test average loss 0.003926047123968601.
Epoch 99: forward train average loss 0.00030327813389400643.
epoch 99: forward test average loss 0.002314132120874193.
inverse model, training agent 3.
epoch 0: inverse train average loss 0.002555630098666168.
epoch 0: inverse test average loss 0.0009949767198931011.
epoch 99: inverse train average loss 0.0004959690526852177.
epoch 99: inverse test average loss 0.002021395911773046.
forward model: training agent 4.
Epoch 0: forward train average loss 0.0006672990792948338.
epoch 0: forward test average loss 0.0011814646940264436.
Epoch 99: forward train average loss 0.00020082756236661226.
epoch 99: forward test average loss 0.002372033428400755.
inverse model, training agent 4.
epoch 0: inverse train average loss 0.0071868302507532966.
epoch 0: inverse test average loss 0.004572242343177398.
epoch 99: inverse train average loss 0.004604899014035861.
epoch 99: inverse test average loss 0.0039042141805920335.
forward model: training agent 5.
Epoch 0: forward train average loss 0.0016749351440618436.
epoch 0: forward test average loss 0.0027753842166728443.
Epoch 99: forward train average loss 0.0008028264079863826.
epoch 99: forward test average loss 0.0036564810822407403.
inverse model, training agent 5.
epoch 0: inverse train average loss 0.04906673398282793.
epoch 0: inverse test average loss 0.07937343915303548.
epoch 99: inverse train average loss 0.005085045833968454.
epoch 99: inverse test average loss 0.0057521456231673556.
forward model: training agent 6.
Epoch 0: forward train average loss 0.002417834165195624.
epoch 0: forward test average loss 0.0036085774708125326.
Epoch 99: forward train average loss 0.0008072378631267282.
epoch 99: forward test average loss 0.0029301421923769843.
inverse model, training agent 6.
epoch 0: inverse train average loss 0.005133059496680896.
epoch 0: inverse test average loss 0.010408847282330195.
epoch 99: inverse train average loss 0.0031328516520766746.
epoch 99: inverse test average loss 0.004092378800527917.
Policy training episode: 82, grounded actions taken: 838, last two uncertainties: {0: [0.0, 0.0], 1: [0.0, 0.0], 2: [0.0, 0.0], 3: [0.0, 0.0], 4: [0.0, 0.0], 5: [0.0, 0.0], 6: [0.0, 0.0]}, avg agent uncertainties: [0.0, 0.0, 0.0, 0.0, 0.0, 0.0, 0.0], grounded actions by agent: [128, 115, 117, 114, 127, 122, 115]
Policy training episode: 82, iteration 0/1, policy training avg travel time:83.73278145695365, q_loss:0.8683835864067078, rewards:-4.12379625108507, queue:0.6115079365079366, delay:0.05373716808500744, throughput:2992
Sim Rollout episode:83/100, sim avg travel time:197.43448047650563, rewards:-2.7732777913411457, queue:0.41785714285714287, delay:0.046257052345881386, throughput:2783
Real rollout step:83/100, travel time:572.2131376659679, rewards:-94.13670789930555, queue:11.918650793650794, delay:0.1999480474562872, throughput:1006
forward model: training agent 0.
Epoch 0: forward train average loss 0.004426708755393823.
epoch 0: forward test average loss 0.004411682693494691.
Epoch 99: forward train average loss 0.000989179282138745.
epoch 99: forward test average loss 0.003048248485558563.
inverse model, training agent 0.
epoch 0: inverse train average loss 0.008435765149657628.
epoch 0: inverse test average loss 0.1069490901297993.
epoch 99: inverse train average loss 0.0030972559567696103.
epoch 99: inverse test average loss 0.008815296770383915.
forward model: training agent 1.
Epoch 0: forward train average loss 0.005395112662679619.
epoch 0: forward test average loss 0.00663137829138173.
Epoch 99: forward train average loss 0.0006759861328949531.
epoch 99: forward test average loss 0.005487228433291118.
inverse model, training agent 1.
epoch 0: inverse train average loss 0.014375595893296931.
epoch 0: inverse test average loss 0.01975366349021594.
epoch 99: inverse train average loss 0.003297217759407229.
epoch 99: inverse test average loss 0.0024459785975826285.
forward model: training agent 2.
Epoch 0: forward train average loss 0.0014872921682480308.
epoch 0: forward test average loss 0.0020932026931809056.
Epoch 99: forward train average loss 0.0007250612575767769.
epoch 99: forward test average loss 0.001591574711104234.
inverse model, training agent 2.
epoch 0: inverse train average loss 0.0037477913105653394.
epoch 0: inverse test average loss 0.01607163416014777.
epoch 99: inverse train average loss 0.002628936380561855.
epoch 99: inverse test average loss 0.0054917898443010114.
forward model: training agent 3.
Epoch 0: forward train average loss 0.003824154587669505.
epoch 0: forward test average loss 0.006537887992130386.
Epoch 99: forward train average loss 0.00041582697950717475.
epoch 99: forward test average loss 0.007590095202128093.
inverse model, training agent 3.
epoch 0: inverse train average loss 0.0007135136984288692.
epoch 0: inverse test average loss 0.002364106592722237.
epoch 99: inverse train average loss 0.00022199879296951823.
epoch 99: inverse test average loss 0.0005354344304780372.
forward model: training agent 4.
Epoch 0: forward train average loss 0.0011141348319749038.
epoch 0: forward test average loss 0.0018873208512862523.
Epoch 99: forward train average loss 0.00028668410959653556.
epoch 99: forward test average loss 0.0016614515851769182.
inverse model, training agent 4.
epoch 0: inverse train average loss 0.005910884071555402.
epoch 0: inverse test average loss 0.0029804117253257167.
epoch 99: inverse train average loss 0.002690943449528681.
epoch 99: inverse test average loss 0.005235212337639596.
forward model: training agent 5.
Epoch 0: forward train average loss 0.0019027478992938995.
epoch 0: forward test average loss 0.003695455069343249.
Epoch 99: forward train average loss 0.000792181054647598.
epoch 99: forward test average loss 0.003281697630882263.
inverse model, training agent 5.
epoch 0: inverse train average loss 0.023115468935834035.
epoch 0: inverse test average loss 0.03517213794920179.
epoch 99: inverse train average loss 0.0015495028152751427.
epoch 99: inverse test average loss 0.0008548298954135842.
forward model: training agent 6.
Epoch 0: forward train average loss 0.0025065261870622635.
epoch 0: forward test average loss 0.004727662230531375.
Epoch 99: forward train average loss 0.0009102943715535932.
epoch 99: forward test average loss 0.006087079437242614.
inverse model, training agent 6.
epoch 0: inverse train average loss 0.007497457476953666.
epoch 0: inverse test average loss 0.01028695950905482.
epoch 99: inverse train average loss 0.002479077730741766.
epoch 99: inverse test average loss 0.002798771692646874.
Policy training episode: 83, grounded actions taken: 808, last two uncertainties: {0: [0.0, 0.0], 1: [0.0, 0.0], 2: [0.0, 0.0], 3: [0.0, 0.0], 4: [0.0, 0.0], 5: [0.0, 0.0], 6: [0.0, 0.0]}, avg agent uncertainties: [0.0, 0.0, 0.0, 0.0, 0.0, 0.0, 0.0], grounded actions by agent: [110, 112, 110, 112, 126, 113, 125]
Policy training episode: 83, iteration 0/1, policy training avg travel time:110.13150049685326, q_loss:0.9773948192596436, rewards:-4.038166639539931, queue:0.6071428571428571, delay:0.054718719966827874, throughput:2996
Sim Rollout episode:84/100, sim avg travel time:79.15501821795297, rewards:-2.840259806315104, queue:0.44126984126984126, delay:0.04672114054361979, throughput:2999
Real rollout step:84/100, travel time:606.9971830985916, rewards:-99.03127170138889, queue:12.528968253968253, delay:0.20919664171006944, throughput:982
forward model: training agent 0.
Epoch 0: forward train average loss 0.003943943677263128.
epoch 0: forward test average loss 0.009078172138995595.
Epoch 99: forward train average loss 0.0010967539338808921.
epoch 99: forward test average loss 0.0034842370077967644.
inverse model, training agent 0.
epoch 0: inverse train average loss 0.0011926491764218856.
epoch 0: inverse test average loss 0.0028467209130111667.
epoch 99: inverse train average loss 0.0012705298641877663.
epoch 99: inverse test average loss 0.002794428046197734.
forward model: training agent 1.
Epoch 0: forward train average loss 0.001954583166581061.
epoch 0: forward test average loss 0.006674516946077347.
Epoch 99: forward train average loss 0.0003161225952984144.
epoch 99: forward test average loss 0.0025337240658700466.
inverse model, training agent 1.
epoch 0: inverse train average loss 0.012929872713155217.
epoch 0: inverse test average loss 0.016458178146017924.
epoch 99: inverse train average loss 0.003596402368404799.
epoch 99: inverse test average loss 0.006401589295516412.
forward model: training agent 2.
Epoch 0: forward train average loss 0.001144572355163594.
epoch 0: forward test average loss 0.0013008902056349649.
Epoch 99: forward train average loss 0.0006281608495757811.
epoch 99: forward test average loss 0.001322578742272324.
inverse model, training agent 2.
epoch 0: inverse train average loss 0.004422770554406775.
epoch 0: inverse test average loss 0.011124317430787616.
epoch 99: inverse train average loss 0.0029208454717364577.
epoch 99: inverse test average loss 0.005525763870941268.
forward model: training agent 3.
Epoch 0: forward train average loss 0.0021786647331383494.
epoch 0: forward test average loss 0.004690377248658074.
Epoch 99: forward train average loss 0.000346856948453933.
epoch 99: forward test average loss 0.004131820052862167.
inverse model, training agent 3.
epoch 0: inverse train average loss 0.002651581282003058.
epoch 0: inverse test average loss 0.0014936370361182424.
epoch 99: inverse train average loss 0.001172280779832767.
epoch 99: inverse test average loss 0.0010877162632015017.
forward model: training agent 4.
Epoch 0: forward train average loss 0.000650320085696876.
epoch 0: forward test average loss 0.001075463757539789.
Epoch 99: forward train average loss 0.00023009002001749145.
epoch 99: forward test average loss 0.0012880950493531094.
inverse model, training agent 4.
epoch 0: inverse train average loss 0.014926641765567992.
epoch 0: inverse test average loss 0.006104185934721802.
epoch 99: inverse train average loss 0.006978306194974316.
epoch 99: inverse test average loss 0.015406868937942717.
forward model: training agent 5.
Epoch 0: forward train average loss 0.0030258893190572658.
epoch 0: forward test average loss 0.005085238152080112.
Epoch 99: forward train average loss 0.0008915792762612303.
epoch 99: forward test average loss 0.0035365956525007882.
inverse model, training agent 5.
epoch 0: inverse train average loss 0.02789088421397739.
epoch 0: inverse test average loss 0.039400532841682434.
epoch 99: inverse train average loss 0.0027568424896647534.
epoch 99: inverse test average loss 0.0026474795821640226.
forward model: training agent 6.
Epoch 0: forward train average loss 0.010591070581641462.
epoch 0: forward test average loss 0.008726314745015569.
Epoch 99: forward train average loss 0.001211089107932316.
epoch 99: forward test average loss 0.005916103720664978.
inverse model, training agent 6.
epoch 0: inverse train average loss 0.01588861271739006.
epoch 0: inverse test average loss 0.01832726432217492.
epoch 99: inverse train average loss 0.0016874615167681542.
epoch 99: inverse test average loss 0.0031084840496381125.
Policy training episode: 84, grounded actions taken: 808, last two uncertainties: {0: [0.0, 0.0], 1: [0.0, 0.0], 2: [0.0, 0.0], 3: [0.0, 0.0], 4: [0.0, 0.0], 5: [0.0, 0.0], 6: [0.0, 0.0]}, avg agent uncertainties: [0.0, 0.0, 0.0, 0.0, 0.0, 0.0, 0.0], grounded actions by agent: [89, 106, 124, 108, 127, 131, 123]
Policy training episode: 84, iteration 0/1, policy training avg travel time:71.16379880873593, q_loss:1.0100312232971191, rewards:-3.4363335503472223, queue:0.5011904761904762, delay:0.048022733415876116, throughput:3012
Sim Rollout episode:85/100, sim avg travel time:141.75554085345684, rewards:-2.674277750651042, queue:0.39880952380952384, delay:0.04477487291608538, throughput:2844
Real rollout step:85/100, travel time:650.7444866920152, rewards:-98.93702256944445, queue:12.505952380952381, delay:0.20139471387106275, throughput:883
forward model: training agent 0.
Epoch 0: forward train average loss 0.003571644839313295.
epoch 0: forward test average loss 0.0027356666202346482.
Epoch 99: forward train average loss 0.0009859977936786083.
epoch 99: forward test average loss 0.001964807251675261.
inverse model, training agent 0.
epoch 0: inverse train average loss 0.00039233319694176316.
epoch 0: inverse test average loss 0.0003068671325713189.
epoch 99: inverse train average loss 1.0987891225037554e-06.
epoch 99: inverse test average loss 1.0078430376678525e-06.
forward model: training agent 1.
Epoch 0: forward train average loss 0.0009218513538750509.
epoch 0: forward test average loss 0.002665699149171511.
Epoch 99: forward train average loss 0.00027077901823860075.
epoch 99: forward test average loss 0.0014555189344618055.
inverse model, training agent 1.
epoch 0: inverse train average loss 0.005060824099928141.
epoch 0: inverse test average loss 0.00473003482653035.
epoch 99: inverse train average loss 0.0013075839960947633.
epoch 99: inverse test average loss 0.001474891811893839.
forward model: training agent 2.
Epoch 0: forward train average loss 0.0012413363567449981.
epoch 0: forward test average loss 0.0011136800361176331.
Epoch 99: forward train average loss 0.0006232986407768396.
epoch 99: forward test average loss 0.001578712577207221.
inverse model, training agent 2.
epoch 0: inverse train average loss 0.001615673251863983.
epoch 0: inverse test average loss 0.00514123806109031.
epoch 99: inverse train average loss 0.0005733273574151099.
epoch 99: inverse test average loss 0.0018352387835168177.
forward model: training agent 3.
Epoch 0: forward train average loss 0.0010510433154801528.
epoch 0: forward test average loss 0.0025476551511221463.
Epoch 99: forward train average loss 0.0002859220096272313.
epoch 99: forward test average loss 0.001538548928995927.
inverse model, training agent 3.
epoch 0: inverse train average loss 0.011088025963140858.
epoch 0: inverse test average loss 0.020438901252216764.
epoch 99: inverse train average loss 0.002941393914322058.
epoch 99: inverse test average loss 0.004490087636642986.
forward model: training agent 4.
Epoch 0: forward train average loss 0.0007788418378267023.
epoch 0: forward test average loss 0.0012235878449347285.
Epoch 99: forward train average loss 0.00023978496837015782.
epoch 99: forward test average loss 0.0007419295143336058.
inverse model, training agent 4.
epoch 0: inverse train average loss 0.008419701726072364.
epoch 0: inverse test average loss 0.009413588378164504.
epoch 99: inverse train average loss 0.004991148081090715.
epoch 99: inverse test average loss 0.008457591964138879.
forward model: training agent 5.
Epoch 0: forward train average loss 0.0030096515288783442.
epoch 0: forward test average loss 0.004352227474252383.
Epoch 99: forward train average loss 0.0008609830013786753.
epoch 99: forward test average loss 0.003413957647151417.
inverse model, training agent 5.
epoch 0: inverse train average loss 0.020688605391316943.
epoch 0: inverse test average loss 0.03932714876201418.
epoch 99: inverse train average loss 0.0019414657726883888.
epoch 99: inverse test average loss 0.0012587256626122529.
forward model: training agent 6.
Epoch 0: forward train average loss 0.003856625304453903.
epoch 0: forward test average loss 0.005974409894810783.
Epoch 99: forward train average loss 0.0009660528739914298.
epoch 99: forward test average loss 0.0030522913568549687.
inverse model, training agent 6.
epoch 0: inverse train average loss 0.002439280195782582.
epoch 0: inverse test average loss 0.0037597641866240236.
epoch 99: inverse train average loss 0.0018245861736229723.
epoch 99: inverse test average loss 0.00420467493434747.
Policy training episode: 85, grounded actions taken: 834, last two uncertainties: {0: [0.0, 0.0], 1: [0.0, 0.0], 2: [0.0, 0.0], 3: [0.0, 0.0], 4: [0.0, 0.0], 5: [0.0, 0.0], 6: [0.0, 0.0]}, avg agent uncertainties: [0.0, 0.0, 0.0, 0.0, 0.0, 0.0, 0.0], grounded actions by agent: [117, 117, 126, 114, 117, 118, 125]
Policy training episode: 85, iteration 0/1, policy training avg travel time:133.48560079443894, q_loss:0.9867635369300842, rewards:-3.6099263509114583, queue:0.5349206349206349, delay:0.0529586428687686, throughput:2928
Sim Rollout episode:86/100, sim avg travel time:185.79238410596025, rewards:-2.574759589301215, queue:0.3952380952380952, delay:0.044915765429299974, throughput:2793
Real rollout step:86/100, travel time:690.7351308485329, rewards:-99.24294704861111, queue:12.581349206349206, delay:0.19058525448753721, throughput:829
forward model: training agent 0.
Epoch 0: forward train average loss 0.0036248022483454812.
epoch 0: forward test average loss 0.005671756652494271.
Epoch 99: forward train average loss 0.0009048724960949686.
epoch 99: forward test average loss 0.0026352175821860633.
inverse model, training agent 0.
epoch 0: inverse train average loss 0.0011406823639390495.
epoch 0: inverse test average loss 1.9559931590467586e-06.
epoch 99: inverse train average loss 0.0005734197717780868.
epoch 99: inverse test average loss 0.0001910954354874169.
forward model: training agent 1.
Epoch 0: forward train average loss 0.0009177592971051732.
epoch 0: forward test average loss 0.0020311064500775603.
Epoch 99: forward train average loss 0.0002833014942653891.
epoch 99: forward test average loss 0.0011986071994114253.
inverse model, training agent 1.
epoch 0: inverse train average loss 0.0027140158021615613.
epoch 0: inverse test average loss 0.002293042874144804.
epoch 99: inverse train average loss 0.00011315811975186484.
epoch 99: inverse test average loss 0.00042118111494144413.
forward model: training agent 2.
Epoch 0: forward train average loss 0.0007157291854835219.
epoch 0: forward test average loss 0.0012038742812971275.
Epoch 99: forward train average loss 0.0006541186529729101.
epoch 99: forward test average loss 0.0019330444952680005.
inverse model, training agent 2.
epoch 0: inverse train average loss 0.0005713298871544086.
epoch 0: inverse test average loss 0.0012558995254544748.
epoch 99: inverse train average loss 0.00028699809465453855.
epoch 99: inverse test average loss 8.451034394359644e-06.
forward model: training agent 3.
Epoch 0: forward train average loss 0.0006290629713071717.
epoch 0: forward test average loss 0.001647678203880787.
Epoch 99: forward train average loss 0.00022871348968086144.
epoch 99: forward test average loss 0.0015567649776736896.
inverse model, training agent 3.
epoch 0: inverse train average loss 0.002173359040170908.
epoch 0: inverse test average loss 0.0025034371841078005.
epoch 99: inverse train average loss 0.001161234673216111.
epoch 99: inverse test average loss 0.005399630301528507.
forward model: training agent 4.
Epoch 0: forward train average loss 0.0005605135552792086.
epoch 0: forward test average loss 0.0013759066350758076.
Epoch 99: forward train average loss 0.0002729067119718012.
epoch 99: forward test average loss 0.0013593267132010725.
inverse model, training agent 4.
epoch 0: inverse train average loss 0.004714154741830296.
epoch 0: inverse test average loss 0.002799729506174723.
epoch 99: inverse train average loss 0.002932758950110939.
epoch 99: inverse test average loss 0.0022964059478706783.
forward model: training agent 5.
Epoch 0: forward train average loss 0.002774955083926519.
epoch 0: forward test average loss 0.004695544433262613.
Epoch 99: forward train average loss 0.0010075255736915602.
epoch 99: forward test average loss 0.004743476087848346.
inverse model, training agent 5.
epoch 0: inverse train average loss 0.027079918732245762.
epoch 0: inverse test average loss 0.04262256622314453.
epoch 99: inverse train average loss 0.00239184758781145.
epoch 99: inverse test average loss 0.00353508075285289.
forward model: training agent 6.
Epoch 0: forward train average loss 0.0031429421053164536.
epoch 0: forward test average loss 0.0038494599155253833.
Epoch 99: forward train average loss 0.0007921260419405169.
epoch 99: forward test average loss 0.0023114686417910787.
inverse model, training agent 6.
epoch 0: inverse train average loss 0.002202708118905624.
epoch 0: inverse test average loss 0.021223665525515873.
epoch 99: inverse train average loss 0.0014757111461626159.
epoch 99: inverse test average loss 0.0054919794719252325.
Policy training episode: 86, grounded actions taken: 812, last two uncertainties: {0: [0.0, 0.0], 1: [0.0, 0.0], 2: [0.0, 0.0], 3: [0.0, 0.0], 4: [0.0, 0.0], 5: [0.0, 0.0], 6: [0.0, 0.0]}, avg agent uncertainties: [0.0, 0.0, 0.0, 0.0, 0.0, 0.0, 0.0], grounded actions by agent: [114, 115, 128, 106, 128, 109, 112]
Policy training episode: 86, iteration 0/1, policy training avg travel time:170.3850479655971, q_loss:1.04379141330719, rewards:-3.4768707275390627, queue:0.5158730158730159, delay:0.050974122304765, throughput:2883
Sim Rollout episode:87/100, sim avg travel time:197.28533598146308, rewards:-2.7875742594401043, queue:0.42698412698412697, delay:0.0459887701367575, throughput:2797
Real rollout step:87/100, travel time:619.1837133550489, rewards:-100.43439670138889, queue:13.331349206349206, delay:0.23836284819103423, throughput:1034
forward model: training agent 0.
Epoch 0: forward train average loss 0.0035770689654681417.
epoch 0: forward test average loss 0.004000453485382928.
Epoch 99: forward train average loss 0.0009229454574071699.
epoch 99: forward test average loss 0.003588380499018563.
inverse model, training agent 0.
epoch 0: inverse train average loss 7.884730520244274e-05.
epoch 0: inverse test average loss 0.00020151248382818367.
epoch 99: inverse train average loss 9.494186643779459e-07.
epoch 99: inverse test average loss 1.2864599309775965e-06.
forward model: training agent 1.
Epoch 0: forward train average loss 0.21639283332559797.
epoch 0: forward test average loss 0.15119075112872654.
Epoch 99: forward train average loss 0.0006654424554047486.
epoch 99: forward test average loss 0.002077490660465426.
inverse model, training agent 1.
epoch 0: inverse train average loss 0.02634801757004526.
epoch 0: inverse test average loss 0.021173012753327686.
epoch 99: inverse train average loss 0.005359680340107944.
epoch 99: inverse test average loss 0.005352931718031566.
forward model: training agent 2.
Epoch 0: forward train average loss 0.06731130596664217.
epoch 0: forward test average loss 0.055006172921922475.
Epoch 99: forward train average loss 0.0007369624735373589.
epoch 99: forward test average loss 0.0010759940940058893.
inverse model, training agent 2.
epoch 0: inverse train average loss 0.005587821191309356.
epoch 0: inverse test average loss 0.001998057147728913.
epoch 99: inverse train average loss 0.0019150093430653214.
epoch 99: inverse test average loss 0.0018784614900747936.
forward model: training agent 3.
Epoch 0: forward train average loss 0.04841052202714814.
epoch 0: forward test average loss 0.02227003127336502.
Epoch 99: forward train average loss 0.001315063460626536.
epoch 99: forward test average loss 0.004959634815653165.
inverse model, training agent 3.
epoch 0: inverse train average loss 0.018491075270705752.
epoch 0: inverse test average loss 0.027145028942161135.
epoch 99: inverse train average loss 0.0040772717135647936.
epoch 99: inverse test average loss 0.006346138401163949.
forward model: training agent 4.
Epoch 0: forward train average loss 0.0032247664510375923.
epoch 0: forward test average loss 0.003922526103754838.
Epoch 99: forward train average loss 0.00027087002268268005.
epoch 99: forward test average loss 0.002856156995726956.
inverse model, training agent 4.
epoch 0: inverse train average loss 0.01928248835934533.
epoch 0: inverse test average loss 0.02493021719985538.
epoch 99: inverse train average loss 0.006989314117365413.
epoch 99: inverse test average loss 0.01379842104183303.
forward model: training agent 5.
Epoch 0: forward train average loss 0.0029122215799159473.
epoch 0: forward test average loss 0.003674236022763782.
Epoch 99: forward train average loss 0.0008610842762411468.
epoch 99: forward test average loss 0.001971199435906278.
inverse model, training agent 5.
epoch 0: inverse train average loss 0.010665161121222708.
epoch 0: inverse test average loss 0.01254708982176251.
epoch 99: inverse train average loss 0.005826358579927021.
epoch 99: inverse test average loss 0.009117085486650467.
forward model: training agent 6.
Epoch 0: forward train average loss 0.003435407713469532.
epoch 0: forward test average loss 0.00408818738328086.
Epoch 99: forward train average loss 0.0009432942865209447.
epoch 99: forward test average loss 0.0031098579573962423.
inverse model, training agent 6.
epoch 0: inverse train average loss 0.014955936413672235.
epoch 0: inverse test average loss 0.019855974449051753.
epoch 99: inverse train average loss 0.0038189998724394375.
epoch 99: inverse test average loss 0.00773600654469596.
Policy training episode: 87, grounded actions taken: 854, last two uncertainties: {0: [0.0, 0.0], 1: [0.0, 0.0], 2: [0.0, 0.0], 3: [0.0, 0.0], 4: [0.0, 0.0], 5: [0.0, 0.0], 6: [0.0, 0.0]}, avg agent uncertainties: [0.0, 0.0, 0.0, 0.0, 0.0, 0.0, 0.0], grounded actions by agent: [120, 125, 130, 119, 113, 117, 130]
Policy training episode: 87, iteration 0/1, policy training avg travel time:91.93739648890362, q_loss:1.1098092794418335, rewards:-3.609389241536458, queue:0.5341269841269841, delay:0.052710572500077504, throughput:3012
Sim Rollout episode:88/100, sim avg travel time:198.27781456953642, rewards:-2.741963195800781, queue:0.4242063492063492, delay:0.04699772728814019, throughput:2781
Real rollout step:88/100, travel time:656.6125852918877, rewards:-98.34717881944445, queue:12.446428571428571, delay:0.21519707573784722, throughput:879
forward model: training agent 0.
Epoch 0: forward train average loss 0.003123389013732473.
epoch 0: forward test average loss 0.003804040348364247.
Epoch 99: forward train average loss 0.000898321055703693.
epoch 99: forward test average loss 0.002035053860810068.
inverse model, training agent 0.
epoch 0: inverse train average loss 0.0002766139283873296.
epoch 0: inverse test average loss 2.703931891624557e-06.
epoch 99: inverse train average loss 3.0082455446568525e-05.
epoch 99: inverse test average loss 3.561776894558635e-05.
forward model: training agent 1.
Epoch 0: forward train average loss 0.05403060797188017.
epoch 0: forward test average loss 0.01824322756793764.
Epoch 99: forward train average loss 0.0006230812157607741.
epoch 99: forward test average loss 0.0020588955634997953.
inverse model, training agent 1.
epoch 0: inverse train average loss 0.006551546613789267.
epoch 0: inverse test average loss 0.011849874837530984.
epoch 99: inverse train average loss 0.00326388298223416.
epoch 99: inverse test average loss 0.0034694781966714393.
forward model: training agent 2.
Epoch 0: forward train average loss 0.026849821209907532.
epoch 0: forward test average loss 0.028679852684338886.
Epoch 99: forward train average loss 0.0007062335369280643.
epoch 99: forward test average loss 0.0016662670402891105.
inverse model, training agent 2.
epoch 0: inverse train average loss 0.002125451651712259.
epoch 0: inverse test average loss 0.003926604675749938.
epoch 99: inverse train average loss 0.0008226120812145786.
epoch 99: inverse test average loss 0.0006401560838437743.
forward model: training agent 3.
Epoch 0: forward train average loss 0.005065493596096833.
epoch 0: forward test average loss 0.00793879913787047.
Epoch 99: forward train average loss 0.0003198077902197838.
epoch 99: forward test average loss 0.004370343250532945.
inverse model, training agent 3.
epoch 0: inverse train average loss 0.006393110069135825.
epoch 0: inverse test average loss 0.00650437455624342.
epoch 99: inverse train average loss 0.002389553209973706.
epoch 99: inverse test average loss 0.011243254153264893.
forward model: training agent 4.
Epoch 0: forward train average loss 0.0007395546935084793.
epoch 0: forward test average loss 0.001602860012402137.
Epoch 99: forward train average loss 0.00023620105477877788.
epoch 99: forward test average loss 0.0013691623591714436.
inverse model, training agent 4.
epoch 0: inverse train average loss 0.008014147376848592.
epoch 0: inverse test average loss 0.010458348732855585.
epoch 99: inverse train average loss 0.0028513651082499158.
epoch 99: inverse test average loss 0.007042936980724335.
forward model: training agent 5.
Epoch 0: forward train average loss 0.0020532783690012163.
epoch 0: forward test average loss 0.0028327803851829637.
Epoch 99: forward train average loss 0.0007154111905644337.
epoch 99: forward test average loss 0.0023958833060330814.
inverse model, training agent 5.
epoch 0: inverse train average loss 0.006560766552057531.
epoch 0: inverse test average loss 0.0068827954431374865.
epoch 99: inverse train average loss 0.0006781466880864981.
epoch 99: inverse test average loss 0.00013556912179208465.
forward model: training agent 6.
Epoch 0: forward train average loss 0.00241456959500081.
epoch 0: forward test average loss 0.002718002328442203.
Epoch 99: forward train average loss 0.0008411054990978704.
epoch 99: forward test average loss 0.00295654580824905.
inverse model, training agent 6.
epoch 0: inverse train average loss 0.004230070083091657.
epoch 0: inverse test average loss 0.006222779552141826.
epoch 99: inverse train average loss 0.0032902400319774947.
epoch 99: inverse test average loss 0.006950019548336665.
Policy training episode: 88, grounded actions taken: 822, last two uncertainties: {0: [0.0, 0.0], 1: [0.0, 0.0], 2: [0.0, 0.0], 3: [0.0, 0.0], 4: [0.0, 0.0], 5: [0.0, 0.0], 6: [0.0, 0.0]}, avg agent uncertainties: [0.0, 0.0, 0.0, 0.0, 0.0, 0.0, 0.0], grounded actions by agent: [108, 116, 128, 130, 109, 115, 116]
Policy training episode: 88, iteration 0/1, policy training avg travel time:105.25008269930532, q_loss:1.2439144849777222, rewards:-4.726518758138021, queue:0.6658730158730158, delay:0.05632380530947731, throughput:3011
Sim Rollout episode:89/100, sim avg travel time:170.9095727061941, rewards:-3.0993523491753474, queue:0.4662698412698413, delay:0.04818473089308966, throughput:2883
Real rollout step:89/100, travel time:687.6363636363636, rewards:-100.47427300347222, queue:12.735714285714286, delay:0.20399877154637897, throughput:820
forward model: training agent 0.
Epoch 0: forward train average loss 0.001771755154348082.
epoch 0: forward test average loss 0.002602263250284725.
Epoch 99: forward train average loss 0.0009303675291852818.
epoch 99: forward test average loss 0.002366832871403959.
inverse model, training agent 0.
epoch 0: inverse train average loss 0.02596989843166537.
epoch 0: inverse test average loss 0.002445168815837759.
epoch 99: inverse train average loss 0.009078641836014058.
epoch 99: inverse test average loss 0.002533373371180561.
forward model: training agent 1.
Epoch 0: forward train average loss 0.001322109769615862.
epoch 0: forward test average loss 0.0029695124054948487.
Epoch 99: forward train average loss 0.00030817317504746217.
epoch 99: forward test average loss 0.003004583219687144.
inverse model, training agent 1.
epoch 0: inverse train average loss 0.011488114380174212.
epoch 0: inverse test average loss 0.0074219161955018835.
epoch 99: inverse train average loss 0.0024213877299593557.
epoch 99: inverse test average loss 0.005231200355208582.
forward model: training agent 2.
Epoch 0: forward train average loss 0.0010276998315627377.
epoch 0: forward test average loss 0.001084282864919967.
Epoch 99: forward train average loss 0.0007225188116232554.
epoch 99: forward test average loss 0.0013068881299760607.
inverse model, training agent 2.
epoch 0: inverse train average loss 0.0007859961381958177.
epoch 0: inverse test average loss 0.0007518875386772885.
epoch 99: inverse train average loss 9.7687848143519e-05.
epoch 99: inverse test average loss 0.0031901285462873196.
forward model: training agent 3.
Epoch 0: forward train average loss 0.002205687549172176.
epoch 0: forward test average loss 0.0036691922901405227.
Epoch 99: forward train average loss 0.00027315272503377247.
epoch 99: forward test average loss 0.0022069521041380036.
inverse model, training agent 3.
epoch 0: inverse train average loss 0.011783625930547714.
epoch 0: inverse test average loss 0.0058969487177415025.
epoch 99: inverse train average loss 0.0037488797162142065.
epoch 99: inverse test average loss 0.006367274870475133.
forward model: training agent 4.
Epoch 0: forward train average loss 0.0006379673011704452.
epoch 0: forward test average loss 0.0010473716538399458.
Epoch 99: forward train average loss 0.0002603027872586002.
epoch 99: forward test average loss 0.0014692818125089009.
inverse model, training agent 4.
epoch 0: inverse train average loss 0.006119242300175958.
epoch 0: inverse test average loss 0.011705172972546684.
epoch 99: inverse train average loss 0.0035131413800021014.
epoch 99: inverse test average loss 0.004551427490595315.
forward model: training agent 5.
Epoch 0: forward train average loss 0.0027737758225864833.
epoch 0: forward test average loss 0.003494179393682215.
Epoch 99: forward train average loss 0.0008656942259727253.
epoch 99: forward test average loss 0.00243742401815123.
inverse model, training agent 5.
epoch 0: inverse train average loss 0.003886401470582415.
epoch 0: inverse test average loss 0.007266988919582218.
epoch 99: inverse train average loss 0.0017929795301622814.
epoch 99: inverse test average loss 0.0033522791410278943.
forward model: training agent 6.
Epoch 0: forward train average loss 0.001980140598283874.
epoch 0: forward test average loss 0.0033650512082709205.
Epoch 99: forward train average loss 0.0008032464215324984.
epoch 99: forward test average loss 0.002965679806139734.
inverse model, training agent 6.
epoch 0: inverse train average loss 0.0038315684327648748.
epoch 0: inverse test average loss 0.009408024036222033.
epoch 99: inverse train average loss 0.0030127634139110646.
epoch 99: inverse test average loss 0.004563402591480149.
Policy training episode: 89, grounded actions taken: 804, last two uncertainties: {0: [0.0, 0.0], 1: [0.0, 0.0], 2: [0.0, 0.0], 3: [0.0, 0.0], 4: [0.0, 0.0], 5: [0.0, 0.0], 6: [0.0, 0.0]}, avg agent uncertainties: [0.0, 0.0, 0.0, 0.0, 0.0, 0.0, 0.0], grounded actions by agent: [112, 125, 117, 98, 115, 125, 112]
Policy training episode: 89, iteration 0/1, policy training avg travel time:64.60575968222443, q_loss:1.4364482164382935, rewards:-2.8948710123697916, queue:0.4388888888888889, delay:0.046294124542720735, throughput:3012
Sim Rollout episode:90/100, sim avg travel time:75.98212512413109, rewards:-2.724944898817274, queue:0.40753968253968254, delay:0.0447395264156281, throughput:2963
Real rollout step:90/100, travel time:645.9173106646059, rewards:-98.09154730902777, queue:12.360714285714286, delay:0.20126870775979663, throughput:869
forward model: training agent 0.
Epoch 0: forward train average loss 0.0036055795951849883.
epoch 0: forward test average loss 0.006500408260358704.
Epoch 99: forward train average loss 0.0007903849861274163.
epoch 99: forward test average loss 0.002941016521718767.
inverse model, training agent 0.
epoch 0: inverse train average loss 0.0027486583114498192.
epoch 0: inverse test average loss 0.0017011761406643523.
epoch 99: inverse train average loss 8.096493881263692e-06.
epoch 99: inverse test average loss 6.943050822074939e-06.
forward model: training agent 1.
Epoch 0: forward train average loss 0.0016593845923327738.
epoch 0: forward test average loss 0.00278148769090573.
Epoch 99: forward train average loss 0.00023789880570903834.
epoch 99: forward test average loss 0.0018668236055721839.
inverse model, training agent 1.
epoch 0: inverse train average loss 0.004536641244259145.
epoch 0: inverse test average loss 0.0038651954382658005.
epoch 99: inverse train average loss 0.0019228551795499192.
epoch 99: inverse test average loss 0.004919205585287677.
forward model: training agent 2.
Epoch 0: forward train average loss 0.0010033812399746643.
epoch 0: forward test average loss 0.0017539838121996985.
Epoch 99: forward train average loss 0.000625919835228059.
epoch 99: forward test average loss 0.0010181463892675107.
inverse model, training agent 2.
epoch 0: inverse train average loss 0.04689355111784405.
epoch 0: inverse test average loss 0.11588225430912441.
epoch 99: inverse train average loss 0.003883879631757736.
epoch 99: inverse test average loss 0.007899587353070578.
forward model: training agent 3.
Epoch 0: forward train average loss 0.002298796290738715.
epoch 0: forward test average loss 0.004762269866963227.
Epoch 99: forward train average loss 0.0003077510660255535.
epoch 99: forward test average loss 0.00449412502348423.
inverse model, training agent 3.
epoch 0: inverse train average loss 0.005024428375893169.
epoch 0: inverse test average loss 0.005175817550884353.
epoch 99: inverse train average loss 0.0027208068252851567.
epoch 99: inverse test average loss 0.002903707842859957.
forward model: training agent 4.
Epoch 0: forward train average loss 0.0006376454710132546.
epoch 0: forward test average loss 0.001655227815111478.
Epoch 99: forward train average loss 0.00020659732076132463.
epoch 99: forward test average loss 0.002274107757127947.
inverse model, training agent 4.
epoch 0: inverse train average loss 0.006723727099597454.
epoch 0: inverse test average loss 0.004843238948120011.
epoch 99: inverse train average loss 0.0021241568805028996.
epoch 99: inverse test average loss 0.0028495054898990523.
forward model: training agent 5.
Epoch 0: forward train average loss 0.001965064865847429.
epoch 0: forward test average loss 0.0034624248122175536.
Epoch 99: forward train average loss 0.0007781309670665198.
epoch 99: forward test average loss 0.003225499764084816.
inverse model, training agent 5.
epoch 0: inverse train average loss 0.0012777647805503672.
epoch 0: inverse test average loss 0.0024107683760424456.
epoch 99: inverse train average loss 0.0006180445747708695.
epoch 99: inverse test average loss 0.0012697116213126315.
forward model: training agent 6.
Epoch 0: forward train average loss 0.0036903699446055624.
epoch 0: forward test average loss 0.006351958339413007.
Epoch 99: forward train average loss 0.0007814046693965793.
epoch 99: forward test average loss 0.003892746857470936.
inverse model, training agent 6.
epoch 0: inverse train average loss 0.005396062922146585.
epoch 0: inverse test average loss 0.010355517682101991.
epoch 99: inverse train average loss 0.003863697871565819.
epoch 99: inverse test average loss 0.005668978931175338.
Policy training episode: 90, grounded actions taken: 834, last two uncertainties: {0: [0.0, 0.0], 1: [0.0, 0.0], 2: [0.0, 0.0], 3: [0.0, 0.0], 4: [0.0, 0.0], 5: [0.0, 0.0], 6: [0.0, 0.0]}, avg agent uncertainties: [0.0, 0.0, 0.0, 0.0, 0.0, 0.0, 0.0], grounded actions by agent: [114, 122, 114, 140, 116, 107, 121]
Policy training episode: 90, iteration 0/1, policy training avg travel time:75.51008931524976, q_loss:1.3729814291000366, rewards:-3.461777750651042, queue:0.5198412698412699, delay:0.050545338221958704, throughput:3012
Sim Rollout episode:91/100, sim avg travel time:106.13344370860928, rewards:-3.234222412109375, queue:0.4781746031746032, delay:0.05038001650855655, throughput:2975
Real rollout step:91/100, travel time:581.572027972028, rewards:-92.77537977430555, queue:11.782936507936508, delay:0.19792520432245164, throughput:1003
forward model: training agent 0.
Epoch 0: forward train average loss 0.0026363456725246375.
epoch 0: forward test average loss 0.004390239715576172.
Epoch 99: forward train average loss 0.0009818829001030987.
epoch 99: forward test average loss 0.0024703762804468474.
inverse model, training agent 0.
epoch 0: inverse train average loss 7.424570589541367e-06.
epoch 0: inverse test average loss 7.110102160368115e-06.
epoch 99: inverse train average loss 6.894333511000797e-07.
epoch 99: inverse test average loss 4.039296312738669e-07.
forward model: training agent 1.
Epoch 0: forward train average loss 0.0021319552842113706.
epoch 0: forward test average loss 0.002952896369000276.
Epoch 99: forward train average loss 0.0005279566135464443.
epoch 99: forward test average loss 0.00200812430638406.
inverse model, training agent 1.
epoch 0: inverse train average loss 0.009425514998535315.
epoch 0: inverse test average loss 0.005788704794314172.
epoch 99: inverse train average loss 0.004909562050468392.
epoch 99: inverse test average loss 0.01016107801761892.
forward model: training agent 2.
Epoch 0: forward train average loss 0.0013810585563381512.
epoch 0: forward test average loss 0.001959750946197245.
Epoch 99: forward train average loss 0.0006495878979977635.
epoch 99: forward test average loss 0.0014909921317464775.
inverse model, training agent 2.
epoch 0: inverse train average loss 0.03724086036284765.
epoch 0: inverse test average loss 0.06935422950320774.
epoch 99: inverse train average loss 0.007040429549912612.
epoch 99: inverse test average loss 0.008095891111426883.
forward model: training agent 3.
Epoch 0: forward train average loss 0.00399955315515399.
epoch 0: forward test average loss 0.004719162152873145.
Epoch 99: forward train average loss 0.00043789526939185127.
epoch 99: forward test average loss 0.006274150063594182.
inverse model, training agent 3.
epoch 0: inverse train average loss 0.004288737248215411.
epoch 0: inverse test average loss 0.0085354908886883.
epoch 99: inverse train average loss 0.002730769777877463.
epoch 99: inverse test average loss 0.0049144430086016655.
forward model: training agent 4.
Epoch 0: forward train average loss 0.0011291017290204763.
epoch 0: forward test average loss 0.003960652173393303.
Epoch 99: forward train average loss 0.00025207925096361176.
epoch 99: forward test average loss 0.0012824857452263434.
inverse model, training agent 4.
epoch 0: inverse train average loss 0.02478917067249616.
epoch 0: inverse test average loss 0.02444093922773997.
epoch 99: inverse train average loss 0.005947831811176406.
epoch 99: inverse test average loss 0.005673678798807992.
forward model: training agent 5.
Epoch 0: forward train average loss 0.001883673533383343.
epoch 0: forward test average loss 0.0038501620292663574.
Epoch 99: forward train average loss 0.0006885323414785995.
epoch 99: forward test average loss 0.003479053887228171.
inverse model, training agent 5.
epoch 0: inverse train average loss 0.0015152438847710276.
epoch 0: inverse test average loss 0.00016813463298603892.
epoch 99: inverse train average loss 0.0010366692278896356.
epoch 99: inverse test average loss 0.0002269807543295125.
forward model: training agent 6.
Epoch 0: forward train average loss 0.0030132286354071563.
epoch 0: forward test average loss 0.004188035614788532.
Epoch 99: forward train average loss 0.000863209625499116.
epoch 99: forward test average loss 0.0035364539879891607.
inverse model, training agent 6.
epoch 0: inverse train average loss 0.005453545341475142.
epoch 0: inverse test average loss 0.009244151413440704.
epoch 99: inverse train average loss 0.0016699755279761222.
epoch 99: inverse test average loss 0.006375493274794685.
Policy training episode: 91, grounded actions taken: 841, last two uncertainties: {0: [0.0, 0.0], 1: [0.0, 0.0], 2: [0.0, 0.0], 3: [0.0, 0.0], 4: [0.0, 0.0], 5: [0.0, 0.0], 6: [0.0, 0.0]}, avg agent uncertainties: [0.0, 0.0, 0.0, 0.0, 0.0, 0.0, 0.0], grounded actions by agent: [117, 117, 135, 120, 130, 109, 113]
Policy training episode: 91, iteration 0/1, policy training avg travel time:165.91818482941372, q_loss:1.4143249988555908, rewards:-3.3627421061197915, queue:0.5055555555555555, delay:0.05245606558663504, throughput:2857
Sim Rollout episode:92/100, sim avg travel time:186.06823451473997, rewards:-2.805370585123698, queue:0.4246031746031746, delay:0.04670838250054254, throughput:2794
Real rollout step:92/100, travel time:702.7722222222222, rewards:-99.98709852430555, queue:12.69404761904762, delay:0.2034182593936012, throughput:827
forward model: training agent 0.
Epoch 0: forward train average loss 0.003289726614538166.
epoch 0: forward test average loss 0.003669051246510612.
Epoch 99: forward train average loss 0.0009278583909488387.
epoch 99: forward test average loss 0.0026912600215938357.
inverse model, training agent 0.
epoch 0: inverse train average loss 9.660475054968426e-07.
epoch 0: inverse test average loss 3.9055944651206824e-07.
epoch 99: inverse train average loss 4.457948061068843e-07.
epoch 99: inverse test average loss 9.162936641536766e-08.
forward model: training agent 1.
Epoch 0: forward train average loss 0.0010667785148446758.
epoch 0: forward test average loss 0.0025165420439508227.
Epoch 99: forward train average loss 0.00026504175427059334.
epoch 99: forward test average loss 0.001881781318742368.
inverse model, training agent 1.
epoch 0: inverse train average loss 0.006324147081209553.
epoch 0: inverse test average loss 0.008868608209821913.
epoch 99: inverse train average loss 0.002524537189553181.
epoch 99: inverse test average loss 0.0032304549175832006.
forward model: training agent 2.
Epoch 0: forward train average loss 0.0010381835874997908.
epoch 0: forward test average loss 0.0011495397322707707.
Epoch 99: forward train average loss 0.0006019142262327174.
epoch 99: forward test average loss 0.00465105461060173.
inverse model, training agent 2.
epoch 0: inverse train average loss 0.027427660922209423.
epoch 0: inverse test average loss 0.037508630090289645.
epoch 99: inverse train average loss 0.008520808174378343.
epoch 99: inverse test average loss 0.014410995774798922.
forward model: training agent 3.
Epoch 0: forward train average loss 0.0006987786877693401.
epoch 0: forward test average loss 0.0011837509615967672.
Epoch 99: forward train average loss 0.00020896400544895895.
epoch 99: forward test average loss 0.0012650337173706954.
inverse model, training agent 3.
epoch 0: inverse train average loss 0.007746149371895526.
epoch 0: inverse test average loss 0.00706894157661332.
epoch 99: inverse train average loss 0.0023635665679143537.
epoch 99: inverse test average loss 0.003833883131543795.
forward model: training agent 4.
Epoch 0: forward train average loss 0.0005820479256928795.
epoch 0: forward test average loss 0.0008989022527303961.
Epoch 99: forward train average loss 0.00020037567204174897.
epoch 99: forward test average loss 0.0018820104499657948.
inverse model, training agent 4.
epoch 0: inverse train average loss 0.012743749966224035.
epoch 0: inverse test average loss 0.010663633959160911.
epoch 99: inverse train average loss 0.0024936654501491124.
epoch 99: inverse test average loss 0.0057338325099812616.
forward model: training agent 5.
Epoch 0: forward train average loss 0.0028119610570785073.
epoch 0: forward test average loss 0.003855335008766916.
Epoch 99: forward train average loss 0.0007605553061390916.
epoch 99: forward test average loss 0.0026662534930639798.
inverse model, training agent 5.
epoch 0: inverse train average loss 0.0017017649434920815.
epoch 0: inverse test average loss 0.0011791305150836706.
epoch 99: inverse train average loss 0.0006517122674267739.
epoch 99: inverse test average loss 0.0015319365387161572.
forward model: training agent 6.
Epoch 0: forward train average loss 0.0027392118548353515.
epoch 0: forward test average loss 0.0034907389846112994.
Epoch 99: forward train average loss 0.0007215233377387954.
epoch 99: forward test average loss 0.004135979546440972.
inverse model, training agent 6.
epoch 0: inverse train average loss 0.01800549030303955.
epoch 0: inverse test average loss 0.01461466857128673.
epoch 99: inverse train average loss 0.0029272789446016154.
epoch 99: inverse test average loss 0.010273484720124139.
Policy training episode: 92, grounded actions taken: 844, last two uncertainties: {0: [0.0, 0.0], 1: [0.0, 0.0], 2: [0.0, 0.0], 3: [0.0, 0.0], 4: [0.0, 0.0], 5: [0.0, 0.0], 6: [0.0, 0.0]}, avg agent uncertainties: [0.0, 0.0, 0.0, 0.0, 0.0, 0.0, 0.0], grounded actions by agent: [115, 120, 116, 116, 122, 126, 129]
Policy training episode: 92, iteration 0/1, policy training avg travel time:165.86031115524662, q_loss:1.240599513053894, rewards:-3.5931854248046875, queue:0.5337301587301587, delay:0.05406134469168527, throughput:2859
Sim Rollout episode:93/100, sim avg travel time:64.6199933796756, rewards:-2.969185723198785, queue:0.4226190476190476, delay:0.04374398125542535, throughput:3012
Real rollout step:93/100, travel time:647.2201066260473, rewards:-104.48004557291667, queue:13.176984126984127, delay:0.21254163469587053, throughput:862
forward model: training agent 0.
Epoch 0: forward train average loss 0.004063140911360581.
epoch 0: forward test average loss 0.005895714585979779.
Epoch 99: forward train average loss 0.0010883916660936342.
epoch 99: forward test average loss 0.0031863033978475463.
inverse model, training agent 0.
epoch 0: inverse train average loss 1.176192303849651e-06.
epoch 0: inverse test average loss 9.9673948897008e-08.
epoch 99: inverse train average loss 7.144410100560587e-08.
epoch 99: inverse test average loss 7.357398917267548e-08.
forward model: training agent 1.
Epoch 0: forward train average loss 0.004613704487888349.
epoch 0: forward test average loss 0.003406179551449087.
Epoch 99: forward train average loss 0.00038361545496930677.
epoch 99: forward test average loss 0.0021470400194327035.
inverse model, training agent 1.
epoch 0: inverse train average loss 0.005705711224840747.
epoch 0: inverse test average loss 0.013686616387632158.
epoch 99: inverse train average loss 0.002827172891961204.
epoch 99: inverse test average loss 0.011030493925015131.
forward model: training agent 2.
Epoch 0: forward train average loss 0.0009038612220643295.
epoch 0: forward test average loss 0.0015904590383999878.
Epoch 99: forward train average loss 0.0006041031382564041.
epoch 99: forward test average loss 0.0017831822236378987.
inverse model, training agent 2.
epoch 0: inverse train average loss 0.0031000162060889932.
epoch 0: inverse test average loss 0.0033172333819998633.
epoch 99: inverse train average loss 0.0006881010922370479.
epoch 99: inverse test average loss 0.00014115597716429166.
forward model: training agent 3.
Epoch 0: forward train average loss 0.002003332186076376.
epoch 0: forward test average loss 0.004486021275321643.
Epoch 99: forward train average loss 0.0002511726731124024.
epoch 99: forward test average loss 0.0028070068607727685.
inverse model, training agent 3.
epoch 0: inverse train average loss 0.01087089834941758.
epoch 0: inverse test average loss 0.01577384149034818.
epoch 99: inverse train average loss 0.0035997451179557377.
epoch 99: inverse test average loss 0.00948485028412607.
forward model: training agent 4.
Epoch 0: forward train average loss 0.0006163004759906067.
epoch 0: forward test average loss 0.0020625988124973243.
Epoch 99: forward train average loss 0.0002482726574978895.
epoch 99: forward test average loss 0.0013413952353099983.
inverse model, training agent 4.
epoch 0: inverse train average loss 0.002645677240151498.
epoch 0: inverse test average loss 0.0076066746066013975.
epoch 99: inverse train average loss 0.001933832290685839.
epoch 99: inverse test average loss 0.015488975370923678.
forward model: training agent 5.
Epoch 0: forward train average loss 0.002567069475642509.
epoch 0: forward test average loss 0.0048982153336207075.
Epoch 99: forward train average loss 0.0008777361492522889.
epoch 99: forward test average loss 0.0034610997471544477.
inverse model, training agent 5.
epoch 0: inverse train average loss 0.001618674674925084.
epoch 0: inverse test average loss 0.0024864846685280404.
epoch 99: inverse train average loss 0.0012756992396639867.
epoch 99: inverse test average loss 0.0016915689532955487.
forward model: training agent 6.
Epoch 0: forward train average loss 0.004497585352510214.
epoch 0: forward test average loss 0.008091186069779925.
Epoch 99: forward train average loss 0.0010537443837771814.
epoch 99: forward test average loss 0.0034901476982567045.
inverse model, training agent 6.
epoch 0: inverse train average loss 0.026815703759590786.
epoch 0: inverse test average loss 0.024207365181710985.
epoch 99: inverse train average loss 0.0020645426249959404.
epoch 99: inverse test average loss 0.008746508922841813.
Policy training episode: 93, grounded actions taken: 837, last two uncertainties: {0: [0.0, 0.0], 1: [0.0, 0.0], 2: [0.0, 0.0], 3: [0.0, 0.0], 4: [0.0, 0.0], 5: [0.0, 0.0], 6: [0.0, 0.0]}, avg agent uncertainties: [0.0, 0.0, 0.0, 0.0, 0.0, 0.0, 0.0], grounded actions by agent: [134, 111, 98, 113, 127, 124, 130]
Policy training episode: 93, iteration 0/1, policy training avg travel time:64.55132450331126, q_loss:1.2680941820144653, rewards:-3.055944146050347, queue:0.44285714285714284, delay:0.04570634629991319, throughput:3012
Sim Rollout episode:94/100, sim avg travel time:75.95031467373302, rewards:-2.6569815741644964, queue:0.4115079365079365, delay:0.04367488073924231, throughput:2955
Real rollout step:94/100, travel time:777.3644628099173, rewards:-114.72389322916666, queue:14.654761904761905, delay:0.24320271809895833, throughput:754
forward model: training agent 0.
Epoch 0: forward train average loss 0.0214539331694444.
epoch 0: forward test average loss 0.008378621190786362.
Epoch 99: forward train average loss 0.0013171459237734477.
epoch 99: forward test average loss 0.0033343957944048774.
inverse model, training agent 0.
epoch 0: inverse train average loss 0.0005218027249323458.
epoch 0: inverse test average loss 4.2115937206846056e-08.
epoch 99: inverse train average loss 0.0003087527348571613.
epoch 99: inverse test average loss 7.004705871634561e-07.
forward model: training agent 1.
Epoch 0: forward train average loss 0.0023657489412774644.
epoch 0: forward test average loss 0.006459470113946332.
Epoch 99: forward train average loss 0.00032429195642988716.
epoch 99: forward test average loss 0.0018060318608250883.
inverse model, training agent 1.
epoch 0: inverse train average loss 0.00344116830577453.
epoch 0: inverse test average loss 0.00230794257691337.
epoch 99: inverse train average loss 0.0014245026719032063.
epoch 99: inverse test average loss 0.0027951856350733172.
forward model: training agent 2.
Epoch 0: forward train average loss 0.0010356395246667995.
epoch 0: forward test average loss 0.0013357199625008637.
Epoch 99: forward train average loss 0.0005639603671928247.
epoch 99: forward test average loss 0.0013295052469604546.
inverse model, training agent 2.
epoch 0: inverse train average loss 0.0005816576821315619.
epoch 0: inverse test average loss 0.011814808317770561.
epoch 99: inverse train average loss 0.0002575392734595678.
epoch 99: inverse test average loss 0.002398056466416973.
forward model: training agent 3.
Epoch 0: forward train average loss 0.0038823290314111444.
epoch 0: forward test average loss 0.004776467672652668.
Epoch 99: forward train average loss 0.0002115278588866608.
epoch 99: forward test average loss 0.0018312704438964527.
inverse model, training agent 3.
epoch 0: inverse train average loss 0.014311566121048398.
epoch 0: inverse test average loss 0.028775246606932744.
epoch 99: inverse train average loss 0.0019381441072457367.
epoch 99: inverse test average loss 0.0014978451654314995.
forward model: training agent 4.
Epoch 0: forward train average loss 0.0005849311580984957.
epoch 0: forward test average loss 0.0008031457352141539.
Epoch 99: forward train average loss 0.00017367847936434878.
epoch 99: forward test average loss 0.0010848509975605542.
inverse model, training agent 4.
epoch 0: inverse train average loss 0.003867154682262076.
epoch 0: inverse test average loss 0.0035770298240499366.
epoch 99: inverse train average loss 0.002038077503028843.
epoch 99: inverse test average loss 0.003503647839857472.
forward model: training agent 5.
Epoch 0: forward train average loss 0.006570011273854309.
epoch 0: forward test average loss 0.008944665806161033.
Epoch 99: forward train average loss 0.0009695705569659671.
epoch 99: forward test average loss 0.0021563120082848603.
inverse model, training agent 5.
epoch 0: inverse train average loss 0.05121255417664846.
epoch 0: inverse test average loss 0.08141370283232795.
epoch 99: inverse train average loss 0.005447762604388926.
epoch 99: inverse test average loss 0.012083945175011953.
forward model: training agent 6.
Epoch 0: forward train average loss 0.013707825086183019.
epoch 0: forward test average loss 0.012794218129581876.
Epoch 99: forward train average loss 0.0013918621827744776.
epoch 99: forward test average loss 0.003831204337378343.
inverse model, training agent 6.
epoch 0: inverse train average loss 0.0033149857384463153.
epoch 0: inverse test average loss 0.010015589081578784.
epoch 99: inverse train average loss 0.0014365196434987916.
epoch 99: inverse test average loss 0.006713485190023978.
Policy training episode: 94, grounded actions taken: 843, last two uncertainties: {0: [0.0, 0.0], 1: [0.0, 0.0], 2: [0.0, 0.0], 3: [0.0, 0.0], 4: [0.0, 0.0], 5: [0.0, 0.0], 6: [0.0, 0.0]}, avg agent uncertainties: [0.0, 0.0, 0.0, 0.0, 0.0, 0.0, 0.0], grounded actions by agent: [122, 128, 111, 117, 121, 113, 131]
Policy training episode: 94, iteration 0/1, policy training avg travel time:78.80059523809524, q_loss:1.3063198328018188, rewards:-3.649630059136285, queue:0.5380952380952381, delay:0.05097597515772259, throughput:3012
Sim Rollout episode:95/100, sim avg travel time:119.14966887417218, rewards:-2.915630086263021, queue:0.4305555555555556, delay:0.048301197233654204, throughput:2877
Real rollout step:95/100, travel time:623.701872659176, rewards:-96.70254991319445, queue:12.346428571428572, delay:0.186274900890532, throughput:915
forward model: training agent 0.
Epoch 0: forward train average loss 0.005977175198495388.
epoch 0: forward test average loss 0.006290158049927818.
Epoch 99: forward train average loss 0.0009947674892221887.
epoch 99: forward test average loss 0.002577002574172285.
inverse model, training agent 0.
epoch 0: inverse train average loss 0.00023889560897146408.
epoch 0: inverse test average loss 0.00012313559030493101.
epoch 99: inverse train average loss 3.011026087228351e-06.
epoch 99: inverse test average loss 0.0024315923866298464.
forward model: training agent 1.
Epoch 0: forward train average loss 0.00268141048339506.
epoch 0: forward test average loss 0.004390677023265097.
Epoch 99: forward train average loss 0.0004835076914686296.
epoch 99: forward test average loss 0.003386954673462444.
inverse model, training agent 1.
epoch 0: inverse train average loss 0.016897451132535934.
epoch 0: inverse test average loss 0.015798158943653107.
epoch 99: inverse train average loss 0.0029518896610372597.
epoch 99: inverse test average loss 0.007019909719626109.
forward model: training agent 2.
Epoch 0: forward train average loss 0.0011096624269460638.
epoch 0: forward test average loss 0.0019819791842665938.
Epoch 99: forward train average loss 0.0005845172822268473.
epoch 99: forward test average loss 0.0011246265946990913.
inverse model, training agent 2.
epoch 0: inverse train average loss 0.10316531856854756.
epoch 0: inverse test average loss 0.16646086507373387.
epoch 99: inverse train average loss 0.004947277820772595.
epoch 99: inverse test average loss 0.005572510676251518.
forward model: training agent 3.
Epoch 0: forward train average loss 0.00290158129711118.
epoch 0: forward test average loss 0.00564754092031055.
Epoch 99: forward train average loss 0.00031504512298852205.
epoch 99: forward test average loss 0.002927133296098974.
inverse model, training agent 3.
epoch 0: inverse train average loss 0.003118612156766984.
epoch 0: inverse test average loss 0.003321449091244075.
epoch 99: inverse train average loss 0.0006517006420633859.
epoch 99: inverse test average loss 0.013209074528680908.
forward model: training agent 4.
Epoch 0: forward train average loss 0.0017601095605641603.
epoch 0: forward test average loss 0.0033079638249344295.
Epoch 99: forward train average loss 0.0002495648158300254.
epoch 99: forward test average loss 0.0009451896831807164.
inverse model, training agent 4.
epoch 0: inverse train average loss 0.00485966597787208.
epoch 0: inverse test average loss 0.002004142359106077.
epoch 99: inverse train average loss 0.0020467384278567303.
epoch 99: inverse test average loss 0.0021831426872975295.
forward model: training agent 5.
Epoch 0: forward train average loss 0.002697528443402714.
epoch 0: forward test average loss 0.004026286717918184.
Epoch 99: forward train average loss 0.000871786925320824.
epoch 99: forward test average loss 0.0031163188525372082.
inverse model, training agent 5.
epoch 0: inverse train average loss 0.014643472929795584.
epoch 0: inverse test average loss 0.020280107855796814.
epoch 99: inverse train average loss 0.005371112272971206.
epoch 99: inverse test average loss 0.006407684336105983.
forward model: training agent 6.
Epoch 0: forward train average loss 0.003795043927513891.
epoch 0: forward test average loss 0.008016429841518402.
Epoch 99: forward train average loss 0.0008132158804477917.
epoch 99: forward test average loss 0.003315916181438499.
inverse model, training agent 6.
epoch 0: inverse train average loss 0.030208167102601793.
epoch 0: inverse test average loss 0.04016551044252184.
epoch 99: inverse train average loss 0.0018734581600357261.
epoch 99: inverse test average loss 0.0029226080255789887.
Policy training episode: 95, grounded actions taken: 836, last two uncertainties: {0: [0.0, 0.0], 1: [0.0, 0.0], 2: [0.0, 0.0], 3: [0.0, 0.0], 4: [0.0, 0.0], 5: [0.0, 0.0], 6: [0.0, 0.0]}, avg agent uncertainties: [0.0, 0.0, 0.0, 0.0, 0.0, 0.0, 0.0], grounded actions by agent: [118, 105, 120, 126, 122, 117, 128]
Policy training episode: 95, iteration 0/1, policy training avg travel time:88.38649900727995, q_loss:1.4202513694763184, rewards:-3.9391665988498263, queue:0.5757936507936507, delay:0.05321121821327815, throughput:3012
Sim Rollout episode:96/100, sim avg travel time:68.01754966887417, rewards:-2.4480745103624133, queue:0.38293650793650796, delay:0.04130247509668744, throughput:3011
Real rollout step:96/100, travel time:701.6910699919549, rewards:-100.32813585069445, queue:12.728174603174603, delay:0.19304193163674976, throughput:806
forward model: training agent 0.
Epoch 0: forward train average loss 0.004315058959441053.
epoch 0: forward test average loss 0.003947321118579971.
Epoch 99: forward train average loss 0.0008263910422101617.
epoch 99: forward test average loss 0.004647024596730868.
inverse model, training agent 0.
epoch 0: inverse train average loss 0.000269912544657321.
epoch 0: inverse test average loss 0.0006061339130004247.
epoch 99: inverse train average loss 0.00030938161307858536.
epoch 99: inverse test average loss 8.500172730742229e-05.
forward model: training agent 1.
Epoch 0: forward train average loss 0.0010175411589443684.
epoch 0: forward test average loss 0.002756458914114369.
Epoch 99: forward train average loss 0.00022884730585954257.
epoch 99: forward test average loss 0.0011426793619951543.
inverse model, training agent 1.
epoch 0: inverse train average loss 0.0058505619979567.
epoch 0: inverse test average loss 0.005943694669339392.
epoch 99: inverse train average loss 0.0016742079234164623.
epoch 99: inverse test average loss 0.001920698385220021.
forward model: training agent 2.
Epoch 0: forward train average loss 0.0014148277049470278.
epoch 0: forward test average loss 0.0017192501367794143.
Epoch 99: forward train average loss 0.0006911287976739308.
epoch 99: forward test average loss 0.0010609275971849759.
inverse model, training agent 2.
epoch 0: inverse train average loss 0.027661860817008548.
epoch 0: inverse test average loss 0.051048926181263395.
epoch 99: inverse train average loss 0.0002328035855801621.
epoch 99: inverse test average loss 8.872666512615979e-05.
forward model: training agent 3.
Epoch 0: forward train average loss 0.0007193463194804887.
epoch 0: forward test average loss 0.0015175431552860471.
Epoch 99: forward train average loss 0.00025739165721461177.
epoch 99: forward test average loss 0.003819945320073101.
inverse model, training agent 3.
epoch 0: inverse train average loss 0.013944031463729011.
epoch 0: inverse test average loss 0.010586716027723419.
epoch 99: inverse train average loss 0.0023845797145946156.
epoch 99: inverse test average loss 0.008759891821278466.
forward model: training agent 4.
Epoch 0: forward train average loss 0.0006882341695018113.
epoch 0: forward test average loss 0.0016937994708617528.
Epoch 99: forward train average loss 0.00021149390118403567.
epoch 99: forward test average loss 0.0014834644065962897.
inverse model, training agent 4.
epoch 0: inverse train average loss 0.021115444600582123.
epoch 0: inverse test average loss 0.04311051302485996.
epoch 99: inverse train average loss 0.00500925588938925.
epoch 99: inverse test average loss 0.011745146165291468.
forward model: training agent 5.
Epoch 0: forward train average loss 0.002531922577569882.
epoch 0: forward test average loss 0.002891038027074602.
Epoch 99: forward train average loss 0.0008851431258436707.
epoch 99: forward test average loss 0.002771960571408272.
inverse model, training agent 5.
epoch 0: inverse train average loss 0.006931001837882731.
epoch 0: inverse test average loss 0.0057614451377756065.
epoch 99: inverse train average loss 0.00040502761031449254.
epoch 99: inverse test average loss 0.0014157920765380065.
forward model: training agent 6.
Epoch 0: forward train average loss 0.00260060772092806.
epoch 0: forward test average loss 0.0048066938502921.
Epoch 99: forward train average loss 0.000806652927874691.
epoch 99: forward test average loss 0.003136413068407112.
inverse model, training agent 6.
epoch 0: inverse train average loss 0.006940115708857775.
epoch 0: inverse test average loss 0.014387789285845227.
epoch 99: inverse train average loss 0.003112920637552937.
epoch 99: inverse test average loss 0.006492618885305192.
Policy training episode: 96, grounded actions taken: 808, last two uncertainties: {0: [0.0, 0.0], 1: [0.0, 0.0], 2: [0.0, 0.0], 3: [0.0, 0.0], 4: [0.0, 0.0], 5: [0.0, 0.0], 6: [0.0, 0.0]}, avg agent uncertainties: [0.0, 0.0, 0.0, 0.0, 0.0, 0.0, 0.0], grounded actions by agent: [108, 115, 114, 118, 121, 116, 116]
Policy training episode: 96, iteration 0/1, policy training avg travel time:90.30463576158941, q_loss:1.413859486579895, rewards:-4.041426255967882, queue:0.5996031746031746, delay:0.05312331668914311, throughput:3012
Sim Rollout episode:97/100, sim avg travel time:199.1801921165949, rewards:-2.8297970241970485, queue:0.42103174603174603, delay:0.04685081603035094, throughput:2780
Real rollout step:97/100, travel time:626.0889052167524, rewards:-102.63166232638889, queue:13.004761904761905, delay:0.20876513284350198, throughput:935
forward model: training agent 0.
Epoch 0: forward train average loss 0.003299154858622286.
epoch 0: forward test average loss 0.003818808744351069.
Epoch 99: forward train average loss 0.000968126256743239.
epoch 99: forward test average loss 0.0032390221539470884.
inverse model, training agent 0.
epoch 0: inverse train average loss 0.003368606182953549.
epoch 0: inverse test average loss 0.0054197125136852264.
epoch 99: inverse train average loss 0.001351493232909383.
epoch 99: inverse test average loss 0.0016464679372600382.
forward model: training agent 1.
Epoch 0: forward train average loss 0.00390460973398553.
epoch 0: forward test average loss 0.005775966785020298.
Epoch 99: forward train average loss 0.000287282914440665.
epoch 99: forward test average loss 0.0016354462649259302.
inverse model, training agent 1.
epoch 0: inverse train average loss 0.0022274366217768854.
epoch 0: inverse test average loss 0.005022672625879447.
epoch 99: inverse train average loss 0.00048586448732142645.
epoch 99: inverse test average loss 0.001702387584373355.
forward model: training agent 2.
Epoch 0: forward train average loss 0.0012126149118153586.
epoch 0: forward test average loss 0.005241342509786288.
Epoch 99: forward train average loss 0.0006005389214907256.
epoch 99: forward test average loss 0.0014277774478412336.
inverse model, training agent 2.
epoch 0: inverse train average loss 0.0751583907339308.
epoch 0: inverse test average loss 0.15718479951222739.
epoch 99: inverse train average loss 0.016669329876701038.
epoch 99: inverse test average loss 0.03522651890913645.
forward model: training agent 3.
Epoch 0: forward train average loss 0.0027783208578411075.
epoch 0: forward test average loss 0.003708339606722196.
Epoch 99: forward train average loss 0.00024159745468447605.
epoch 99: forward test average loss 0.0019722312895788085.
inverse model, training agent 3.
epoch 0: inverse train average loss 0.006277967761788104.
epoch 0: inverse test average loss 0.003905635896242327.
epoch 99: inverse train average loss 0.0009227051438453296.
epoch 99: inverse test average loss 0.01496104420059257.
forward model: training agent 4.
Epoch 0: forward train average loss 0.0007284112572152582.
epoch 0: forward test average loss 0.0019098461812569036.
Epoch 99: forward train average loss 0.00024986822487941634.
epoch 99: forward test average loss 0.0008826061384752393.
inverse model, training agent 4.
epoch 0: inverse train average loss 0.016730618352691334.
epoch 0: inverse test average loss 0.014406988035059638.
epoch 99: inverse train average loss 0.008417969569563866.
epoch 99: inverse test average loss 0.025879326793882582.
forward model: training agent 5.
Epoch 0: forward train average loss 0.004463175466905038.
epoch 0: forward test average loss 0.0050731570356422.
Epoch 99: forward train average loss 0.0008622360570977131.
epoch 99: forward test average loss 0.0030114388921194607.
inverse model, training agent 5.
epoch 0: inverse train average loss 0.055831645925839744.
epoch 0: inverse test average loss 0.07788716753323872.
epoch 99: inverse train average loss 0.0043192486175232464.
epoch 99: inverse test average loss 0.009773994899458356.
forward model: training agent 6.
Epoch 0: forward train average loss 0.005131361799107658.
epoch 0: forward test average loss 0.006720759802394443.
Epoch 99: forward train average loss 0.0012056117799753945.
epoch 99: forward test average loss 0.005022856924268935.
inverse model, training agent 6.
epoch 0: inverse train average loss 0.004577706102281809.
epoch 0: inverse test average loss 0.004886661863161458.
epoch 99: inverse train average loss 0.0036609104524056115.
epoch 99: inverse test average loss 0.004575159607662095.
Policy training episode: 97, grounded actions taken: 849, last two uncertainties: {0: [0.0, 0.0], 1: [0.0, 0.0], 2: [0.0, 0.0], 3: [0.0, 0.0], 4: [0.0, 0.0], 5: [0.0, 0.0], 6: [0.0, 0.0]}, avg agent uncertainties: [0.0, 0.0, 0.0, 0.0, 0.0, 0.0, 0.0], grounded actions by agent: [113, 113, 121, 128, 112, 123, 139]
Policy training episode: 97, iteration 0/1, policy training avg travel time:119.12673726009265, q_loss:1.3683332204818726, rewards:-3.8135009765625, queue:0.5575396825396826, delay:0.052889051891508554, throughput:2981
Sim Rollout episode:98/100, sim avg travel time:204.38087359364658, rewards:-2.759241231282552, queue:0.41825396825396827, delay:0.04613253578307137, throughput:2774
Real rollout step:98/100, travel time:698.8210526315789, rewards:-99.19351128472222, queue:12.579761904761904, delay:0.1981203109499008, throughput:812
forward model: training agent 0.
Epoch 0: forward train average loss 0.003870822773832414.
epoch 0: forward test average loss 0.004758865675992436.
Epoch 99: forward train average loss 0.0008546461273605624.
epoch 99: forward test average loss 0.0020036640473537976.
inverse model, training agent 0.
epoch 0: inverse train average loss 0.0003734708750723965.
epoch 0: inverse test average loss 0.00011046494020976954.
epoch 99: inverse train average loss 0.00019299233917990932.
epoch 99: inverse test average loss 1.0347961405285687e-06.
forward model: training agent 1.
Epoch 0: forward train average loss 0.0021808508835319015.
epoch 0: forward test average loss 0.0057508328722582925.
Epoch 99: forward train average loss 0.00026104981791124574.
epoch 99: forward test average loss 0.0035327281802892685.
inverse model, training agent 1.
epoch 0: inverse train average loss 0.0008484197735217296.
epoch 0: inverse test average loss 0.001298938463959429.
epoch 99: inverse train average loss 0.00033765774181423086.
epoch 99: inverse test average loss 0.0007604193718483051.
forward model: training agent 2.
Epoch 0: forward train average loss 0.0008529168812351094.
epoch 0: forward test average loss 0.001163631005005704.
Epoch 99: forward train average loss 0.000627996982075274.
epoch 99: forward test average loss 0.0015739731283651458.
inverse model, training agent 2.
epoch 0: inverse train average loss 0.009958417672250006.
epoch 0: inverse test average loss 0.019569583237171173.
epoch 99: inverse train average loss 0.009332178367508782.
epoch 99: inverse test average loss 0.01666112161344952.
forward model: training agent 3.
Epoch 0: forward train average loss 0.0008434696032458709.
epoch 0: forward test average loss 0.0025239804138739905.
Epoch 99: forward train average loss 0.000288064581885313.
epoch 99: forward test average loss 0.0013970362229479684.
inverse model, training agent 3.
epoch 0: inverse train average loss 0.0016434115888033477.
epoch 0: inverse test average loss 0.004502904704875416.
epoch 99: inverse train average loss 0.000693347951811221.
epoch 99: inverse test average loss 0.006931155092186398.
forward model: training agent 4.
Epoch 0: forward train average loss 0.0005922201024885806.
epoch 0: forward test average loss 0.001167742380251487.
Epoch 99: forward train average loss 0.0002650714046063109.
epoch 99: forward test average loss 0.0009851683862507343.
inverse model, training agent 4.
epoch 0: inverse train average loss 0.011404084662596384.
epoch 0: inverse test average loss 0.016329304211669497.
epoch 99: inverse train average loss 0.00539477588608861.
epoch 99: inverse test average loss 0.017681022071176104.
forward model: training agent 5.
Epoch 0: forward train average loss 0.002027603823484646.
epoch 0: forward test average loss 0.0027311655382315316.
Epoch 99: forward train average loss 0.0007213936057976551.
epoch 99: forward test average loss 0.0022388801185621154.
inverse model, training agent 5.
epoch 0: inverse train average loss 0.015580467155410184.
epoch 0: inverse test average loss 0.0202400717470381.
epoch 99: inverse train average loss 0.005909835402336385.
epoch 99: inverse test average loss 0.009325656625959609.
forward model: training agent 6.
Epoch 0: forward train average loss 0.0031184026350577674.
epoch 0: forward test average loss 0.003784786599377791.
Epoch 99: forward train average loss 0.0008759748630432619.
epoch 99: forward test average loss 0.004277091473340988.
inverse model, training agent 6.
epoch 0: inverse train average loss 0.004998552302519481.
epoch 0: inverse test average loss 0.0061265818981660735.
epoch 99: inverse train average loss 0.002225924541966783.
epoch 99: inverse test average loss 0.010256679935587777.
Policy training episode: 98, grounded actions taken: 837, last two uncertainties: {0: [0.0, 0.0], 1: [0.0, 0.0], 2: [0.0, 0.0], 3: [0.0, 0.0], 4: [0.0, 0.0], 5: [0.0, 0.0], 6: [0.0, 0.0]}, avg agent uncertainties: [0.0, 0.0, 0.0, 0.0, 0.0, 0.0, 0.0], grounded actions by agent: [120, 129, 112, 119, 112, 129, 116]
Policy training episode: 98, iteration 0/1, policy training avg travel time:81.87057265806024, q_loss:1.4460843801498413, rewards:-4.0070749918619795, queue:0.5793650793650794, delay:0.05458062792581225, throughput:3011
Sim Rollout episode:99/100, sim avg travel time:63.587417218543045, rewards:-2.4640560574001737, queue:0.37896825396825395, delay:0.04103336939736018, throughput:3012
Real rollout step:99/100, travel time:679.9598715890851, rewards:-100.25924479166666, queue:12.607539682539683, delay:0.19444056919642858, throughput:826
forward model: training agent 0.
Epoch 0: forward train average loss 0.0032227372543679345.
epoch 0: forward test average loss 0.0037788053353627524.
Epoch 99: forward train average loss 0.000959595626530548.
epoch 99: forward test average loss 0.003868758264515135.
inverse model, training agent 0.
epoch 0: inverse train average loss 1.3327544113255701e-06.
epoch 0: inverse test average loss 0.0009157496677592766.
epoch 99: inverse train average loss 1.4659597032580982e-07.
epoch 99: inverse test average loss 0.000910172963058484.
forward model: training agent 1.
Epoch 0: forward train average loss 0.001273330753772623.
epoch 0: forward test average loss 0.0024713013942042985.
Epoch 99: forward train average loss 0.00021678950158982642.
epoch 99: forward test average loss 0.0016783537964026134.
inverse model, training agent 1.
epoch 0: inverse train average loss 0.040410477254125804.
epoch 0: inverse test average loss 0.023792016834628765.
epoch 99: inverse train average loss 0.0024176675101949107.
epoch 99: inverse test average loss 0.0059399606866969.
forward model: training agent 2.
Epoch 0: forward train average loss 0.0008323472381259004.
epoch 0: forward test average loss 0.0017388123604986402.
Epoch 99: forward train average loss 0.0005763129382911655.
epoch 99: forward test average loss 0.0012154587958421973.
inverse model, training agent 2.
epoch 0: inverse train average loss 0.012885015664829148.
epoch 0: inverse test average loss 0.02039047247833676.
epoch 99: inverse train average loss 0.0004019425404193397.
epoch 99: inverse test average loss 0.00040825232604725496.
forward model: training agent 3.
Epoch 0: forward train average loss 0.0017859983620130354.
epoch 0: forward test average loss 0.002664265843729178.
Epoch 99: forward train average loss 0.0003567765654426896.
epoch 99: forward test average loss 0.004655149454871814.
inverse model, training agent 3.
epoch 0: inverse train average loss 0.007882489874545071.
epoch 0: inverse test average loss 0.016243473419712648.
epoch 99: inverse train average loss 0.002985756482101149.
epoch 99: inverse test average loss 0.008876596305829784.
forward model: training agent 4.
Epoch 0: forward train average loss 0.0009047400413288011.
epoch 0: forward test average loss 0.00140120896200339.
Epoch 99: forward train average loss 0.0003289388647923867.
epoch 99: forward test average loss 0.0014565066537923282.
inverse model, training agent 4.
epoch 0: inverse train average loss 0.00685557278080119.
epoch 0: inverse test average loss 0.005077031114423234.
epoch 99: inverse train average loss 0.0045245796338551575.
epoch 99: inverse test average loss 0.005964219777120484.
forward model: training agent 5.
Epoch 0: forward train average loss 0.001702960425366958.
epoch 0: forward test average loss 0.0031779733382993275.
Epoch 99: forward train average loss 0.0008093548498840795.
epoch 99: forward test average loss 0.003018241375684738.
inverse model, training agent 5.
epoch 0: inverse train average loss 0.015693846055203013.
epoch 0: inverse test average loss 0.022594513992468517.
epoch 99: inverse train average loss 0.0009622665529605001.
epoch 99: inverse test average loss 0.0002587198331538174.
forward model: training agent 6.
Epoch 0: forward train average loss 0.0019556956313964394.
epoch 0: forward test average loss 0.0019969481767879594.
Epoch 99: forward train average loss 0.0007697323647638162.
epoch 99: forward test average loss 0.0029723853286769655.
inverse model, training agent 6.
epoch 0: inverse train average loss 0.0018100770216228233.
epoch 0: inverse test average loss 0.0022441337609456647.
epoch 99: inverse train average loss 0.0006765588316031628.
epoch 99: inverse test average loss 0.0006470926576488031.
Policy training episode: 99, grounded actions taken: 864, last two uncertainties: {0: [0.0, 0.0], 1: [0.0, 0.0], 2: [0.0, 0.0], 3: [0.0, 0.0], 4: [0.0, 0.0], 5: [0.0, 0.0], 6: [0.0, 0.0]}, avg agent uncertainties: [0.0, 0.0, 0.0, 0.0, 0.0, 0.0, 0.0], grounded actions by agent: [128, 125, 116, 132, 129, 112, 122]
Policy training episode: 99, iteration 0/1, policy training avg travel time:124.608206485771, q_loss:1.3026844263076782, rewards:-3.261907280815972, queue:0.4861111111111111, delay:0.04865425352066282, throughput:2882
Total time taken: 8880.165851593018
