Episode 0 sim randomization params: {'headwayTime': 2.322542491335306, 'minGap': 2.852442249215131, 'usualPosAcc': 3.5009748046028637, 'usualNegAcc': 3.863644182758742, 'length': 4.7}
SIM_TRAIN step:0, travel time:668.8456442530639, q_loss:0, rewards:-23.255278862847224, queue:11.168650793650794, delay:0.19608905126178075, throughput:1807
episode:0/300, sim_loss:0
Episode 1 sim randomization params: {'headwayTime': 2.740023247189788, 'minGap': 3.369440016246849, 'usualPosAcc': 3.9180301098557693, 'usualNegAcc': 2.6021730321410916, 'length': 4.7}
SIM_TRAIN step:1, travel time:149.57814569536424, q_loss:0, rewards:-14.143060980902778, queue:3.2928571428571427, delay:0.1511961921812996, throughput:2971
episode:1/300, sim_loss:0
Episode 2 sim randomization params: {'headwayTime': 0.9968042013088867, 'minGap': 2.9148773525650076, 'usualPosAcc': 0.1, 'usualNegAcc': 3.358685004265229, 'length': 4.7}
SIM_TRAIN step:2, travel time:331.31986754966886, q_loss:130.09113, rewards:-22.46083713107639, queue:5.4904761904761905, delay:0.1774063231453063, throughput:2841
episode:2/300, sim_loss:130.09113
Episode 3 sim randomization params: {'headwayTime': 0.8038867821748907, 'minGap': 2.704066766171368, 'usualPosAcc': 2.1998317873379496, 'usualNegAcc': 4.342143636743647, 'length': 5.0}
SIM_TRAIN step:3, travel time:133.67141437562105, q_loss:58.48415, rewards:-3.947500949435764, queue:0.6567460317460317, delay:0.05834268842424665, throughput:2901
episode:3/300, sim_loss:58.48415
REAL_TEST step:3, travel time:920.9043261231282, q_loss:100, rewards:-42.1227783203125, queue:16.64920634920635, delay:0.2947907462952629, throughput:719
Episode 4 sim randomization params: {'headwayTime': 1.8724936465890594, 'minGap': 3.391926849397887, 'usualPosAcc': 1.7253352440582055, 'usualNegAcc': 4.248355709345111, 'length': 5.0}
SIM_TRAIN step:4, travel time:226.51075802714334, q_loss:55.49675, rewards:-4.234444851345486, queue:0.6968253968253968, delay:0.06421900552416605, throughput:2823
episode:4/300, sim_loss:55.49675
Episode 5 sim randomization params: {'headwayTime': 2.266401767036748, 'minGap': 2.632340270232629, 'usualPosAcc': 1.3764534882885493, 'usualNegAcc': 2.985947711958951, 'length': 5.0}
SIM_TRAIN step:5, travel time:99.3293611386958, q_loss:46.031982, rewards:-4.349723985460069, queue:0.6607142857142857, delay:0.06603818620954241, throughput:3007
episode:5/300, sim_loss:46.031982
Episode 6 sim randomization params: {'headwayTime': 0.5, 'minGap': 2.8246967930461833, 'usualPosAcc': 2.41345398651631, 'usualNegAcc': 4.54371911210986, 'length': 5.0}
SIM_TRAIN step:6, travel time:65.28457974851092, q_loss:41.099876, rewards:-2.926109144422743, queue:0.5825396825396826, delay:0.052140687003968254, throughput:3011
episode:6/300, sim_loss:41.099876
REAL_TEST step:6, travel time:878.7442028985507, q_loss:100, rewards:-55.183338758680556, queue:19.913888888888888, delay:0.32767135377914186, throughput:839
Episode 7 sim randomization params: {'headwayTime': 2.729009695000661, 'minGap': 2.6646217006093975, 'usualPosAcc': 2.4537254581778334, 'usualNegAcc': 4.923001733295674, 'length': 5.0}
SIM_TRAIN step:7, travel time:74.75826719576719, q_loss:34.066803, rewards:-3.8955552842881946, queue:0.6511904761904762, delay:0.06339398944188677, throughput:3012
episode:7/300, sim_loss:34.066803
Episode 8 sim randomization params: {'headwayTime': 0.5, 'minGap': 3.4450125589060625, 'usualPosAcc': 4.460390576343935, 'usualNegAcc': 4.9188457850926675, 'length': 5.0}
SIM_TRAIN step:8, travel time:67.97882197220383, q_loss:31.041971, rewards:-2.8950015597873264, queue:0.553968253968254, delay:0.05267147488064236, throughput:3012
episode:8/300, sim_loss:31.041971
Episode 9 sim randomization params: {'headwayTime': 1.5443566182705228, 'minGap': 3.424887446073305, 'usualPosAcc': 5.295951310371953, 'usualNegAcc': 6.510550396991155, 'length': 5.0}
SIM_TRAIN step:9, travel time:69.97583581595498, q_loss:31.769402, rewards:-3.413889906141493, queue:0.709920634920635, delay:0.05343839857313368, throughput:3012
episode:9/300, sim_loss:31.769402
REAL_TEST step:9, travel time:575.0, q_loss:100, rewards:-50.245263671875, queue:13.087301587301587, delay:0.32615809364924353, throughput:1337
Episode 10 sim randomization params: {'headwayTime': 2.732563326866352, 'minGap': 2.465005292378418, 'usualPosAcc': 2.623942378956687, 'usualNegAcc': 4.724100898719084, 'length': 4.7}
SIM_TRAIN step:10, travel time:78.6306216931217, q_loss:30.898294, rewards:-3.446112060546875, queue:0.609920634920635, delay:0.05963504125201513, throughput:3012
episode:10/300, sim_loss:30.898294
Episode 11 sim randomization params: {'headwayTime': 2.7993660465221546, 'minGap': 3.0547509301360027, 'usualPosAcc': 3.5766181045895014, 'usualNegAcc': 1.8527759718587853, 'length': 4.7}
SIM_TRAIN step:11, travel time:83.82687851704733, q_loss:30.513353, rewards:-4.512776014539931, queue:0.6246031746031746, delay:0.07218126569475447, throughput:3012
episode:11/300, sim_loss:30.513353
Episode 12 sim randomization params: {'headwayTime': 1.3275096125564985, 'minGap': 2.478871313201769, 'usualPosAcc': 4.995540312896982, 'usualNegAcc': 2.9263792636302433, 'length': 5.0}
SIM_TRAIN step:12, travel time:73.57213765718068, q_loss:29.317144, rewards:-3.29666748046875, queue:0.5158730158730159, delay:0.05655659872388083, throughput:3012
episode:12/300, sim_loss:29.317144
REAL_TEST step:12, travel time:292.6054453161052, q_loss:100, rewards:-31.504996744791665, queue:6.886904761904762, delay:0.24882139175657242, throughput:1979
Episode 13 sim randomization params: {'headwayTime': 1.6423265945111547, 'minGap': 3.4700502363687638, 'usualPosAcc': 4.425690942431301, 'usualNegAcc': 4.688030091606868, 'length': 4.7}
SIM_TRAIN step:13, travel time:72.69910625620655, q_loss:28.07828, rewards:-2.689721171061198, queue:0.5238095238095238, delay:0.05027733454628596, throughput:3012
episode:13/300, sim_loss:28.07828
Episode 14 sim randomization params: {'headwayTime': 2.192091284439999, 'minGap': 3.1461270286795524, 'usualPosAcc': 3.9953877431453506, 'usualNegAcc': 2.736065010256143, 'length': 5.0}
SIM_TRAIN step:14, travel time:71.61013580655846, q_loss:25.27165, rewards:-3.338611518012153, queue:0.5162698412698413, delay:0.058208592732747394, throughput:3012
episode:14/300, sim_loss:25.27165
Episode 15 sim randomization params: {'headwayTime': 0.5, 'minGap': 2.661849912146521, 'usualPosAcc': 3.90166798383507, 'usualNegAcc': 3.7765251975674863, 'length': 5.0}
SIM_TRAIN step:15, travel time:84.21164021164022, q_loss:20.475992, rewards:-2.792499796549479, queue:0.4928571428571429, delay:0.05064938560364738, throughput:3012
episode:15/300, sim_loss:20.475992
REAL_TEST step:15, travel time:238.69616908850728, q_loss:100, rewards:-28.889990234375, queue:5.219047619047619, delay:0.22287704225570437, throughput:2103
Episode 16 sim randomization params: {'headwayTime': 2.433678970747064, 'minGap': 2.6720501275307984, 'usualPosAcc': 2.1165136328833807, 'usualNegAcc': 1.9978120565140551, 'length': 4.7}
SIM_TRAIN step:16, travel time:113.3853028798411, q_loss:11.855667, rewards:-4.0044440375434025, queue:0.5623015873015873, delay:0.06531630016508556, throughput:2882
episode:16/300, sim_loss:11.855667
Episode 17 sim randomization params: {'headwayTime': 3.2158283386597706, 'minGap': 3.10921969246861, 'usualPosAcc': 4.390599994439919, 'usualNegAcc': 2.522814965634508, 'length': 5.0}
SIM_TRAIN step:17, travel time:157.47269116186692, q_loss:8.372372, rewards:-4.06361083984375, queue:0.5297619047619048, delay:0.06995499626038566, throughput:2822
episode:17/300, sim_loss:8.372372
Episode 18 sim randomization params: {'headwayTime': 1.5913237571786607, 'minGap': 3.466786980384051, 'usualPosAcc': 2.041411247831668, 'usualNegAcc': 2.5526460639460513, 'length': 5.0}
SIM_TRAIN step:18, travel time:1251.9118913547532, q_loss:9.807632, rewards:-23.165277777777778, queue:14.841269841269842, delay:0.22750045534164187, throughput:1073
episode:18/300, sim_loss:9.807632
REAL_TEST step:18, travel time:204.31234256926953, q_loss:100, rewards:-21.61416286892361, queue:3.3642857142857143, delay:0.1924466329907614, throughput:2234
Episode 19 sim randomization params: {'headwayTime': 3.925671960218966, 'minGap': 2.957963447617524, 'usualPosAcc': 1.833680799192262, 'usualNegAcc': 1.6076972460403964, 'length': 4.7}
SIM_TRAIN step:19, travel time:227.65198675496688, q_loss:12.771351, rewards:-5.13000013563368, queue:0.5948412698412698, delay:0.08064620002867684, throughput:2738
episode:19/300, sim_loss:12.771351
Episode 20 sim randomization params: {'headwayTime': 2.9897486442785124, 'minGap': 3.2562966919828895, 'usualPosAcc': 2.4065593540296044, 'usualNegAcc': 2.0239908211636424, 'length': 5.0}
SIM_TRAIN step:20, travel time:193.29361138695796, q_loss:11.902726, rewards:-4.46305677625868, queue:0.5384920634920635, delay:0.07075270395430308, throughput:2812
episode:20/300, sim_loss:11.902726
Episode 21 sim randomization params: {'headwayTime': 0.5, 'minGap': 2.643295485778662, 'usualPosAcc': 3.474584280814534, 'usualNegAcc': 1.0, 'length': 5.0}
SIM_TRAIN step:21, travel time:128.62566137566137, q_loss:12.811501, rewards:-5.275832451714409, queue:0.5603174603174603, delay:0.08145701696002294, throughput:2919
episode:21/300, sim_loss:12.811501
REAL_TEST step:21, travel time:150.94655242758057, q_loss:100, rewards:-18.589168294270834, queue:2.6805555555555554, delay:0.17090544927687873, throughput:2346
Episode 22 sim randomization params: {'headwayTime': 1.0704957195551794, 'minGap': 2.939340691092013, 'usualPosAcc': 2.5270459243396806, 'usualNegAcc': 4.015298456268577, 'length': 5.0}
SIM_TRAIN step:22, travel time:64.53509933774835, q_loss:12.978362, rewards:-2.4269439697265627, queue:0.4035714285714286, delay:0.04405941130622985, throughput:3011
episode:22/300, sim_loss:12.978362
Episode 23 sim randomization params: {'headwayTime': 0.7576855409098158, 'minGap': 3.4115535280322895, 'usualPosAcc': 3.6174875529689605, 'usualNegAcc': 5.016222953193099, 'length': 5.0}
SIM_TRAIN step:23, travel time:69.6158940397351, q_loss:11.717697, rewards:-2.448333231608073, queue:0.4658730158730159, delay:0.04735795581151569, throughput:3010
episode:23/300, sim_loss:11.717697
Episode 24 sim randomization params: {'headwayTime': 3.4940311524193888, 'minGap': 3.203868325008293, 'usualPosAcc': 2.7328073106103234, 'usualNegAcc': 1.474232792456018, 'length': 4.913571135976311}
SIM_TRAIN step:24, travel time:134.6525339516396, q_loss:12.766981, rewards:-5.748055691189236, queue:0.6658730158730158, delay:0.08602820502387153, throughput:2901
episode:24/300, sim_loss:12.766981
REAL_TEST step:24, travel time:394.97006869479884, q_loss:100, rewards:-35.35610894097222, queue:9.012301587301588, delay:0.26654859270368303, throughput:1591
Episode 25 sim randomization params: {'headwayTime': 0.737959086887231, 'minGap': 2.387812963334451, 'usualPosAcc': 2.981495795641663, 'usualNegAcc': 2.813062851529678, 'length': 4.7}
SIM_TRAIN step:25, travel time:81.08741721854305, q_loss:12.110134, rewards:-3.618888346354167, queue:0.5285714285714286, delay:0.056840242658342637, throughput:3011
episode:25/300, sim_loss:12.110134
Episode 26 sim randomization params: {'headwayTime': 0.5, 'minGap': 2.996630148695209, 'usualPosAcc': 3.1177938508716685, 'usualNegAcc': 5.76303365283626, 'length': 4.99109461214458}
SIM_TRAIN step:26, travel time:105.03941702550513, q_loss:11.89993, rewards:-2.1722225613064237, queue:0.4142857142857143, delay:0.04074907454233321, throughput:2897
episode:26/300, sim_loss:11.89993
Episode 27 sim randomization params: {'headwayTime': 3.944056373806695, 'minGap': 3.404815337638108, 'usualPosAcc': 4.194225265163581, 'usualNegAcc': 1.0, 'length': 5.0}
SIM_TRAIN step:27, travel time:224.21291390728476, q_loss:11.503966, rewards:-7.1261101616753475, queue:0.7988095238095239, delay:0.09714251321459573, throughput:2754
episode:27/300, sim_loss:11.503966
REAL_TEST step:27, travel time:216.54163393558522, q_loss:100, rewards:-28.138886176215276, queue:4.4261904761904765, delay:0.2099974859328497, throughput:2304
Episode 28 sim randomization params: {'headwayTime': 2.7011274146000974, 'minGap': 3.052557687027205, 'usualPosAcc': 3.134869288121312, 'usualNegAcc': 4.297101170022387, 'length': 5.0}
SIM_TRAIN step:28, travel time:72.28533598146309, q_loss:12.988172, rewards:-2.8530548095703123, queue:0.4444444444444444, delay:0.051950745355515256, throughput:3011
episode:28/300, sim_loss:12.988172
Episode 29 sim randomization params: {'headwayTime': 1.4647234438866419, 'minGap': 2.215411292584642, 'usualPosAcc': 2.481875970045904, 'usualNegAcc': 2.4461783163077446, 'length': 5.0}
SIM_TRAIN step:29, travel time:65.86054985094403, q_loss:13.048176, rewards:-2.6069444444444443, queue:0.36984126984126986, delay:0.04920268891349672, throughput:3012
episode:29/300, sim_loss:13.048176
Episode 30 sim randomization params: {'headwayTime': 1.588883284388182, 'minGap': 2.9300511281985235, 'usualPosAcc': 1.4745359003702052, 'usualNegAcc': 2.9034289500789225, 'length': 4.992618840520584}
SIM_TRAIN step:30, travel time:65.93708609271523, q_loss:13.770443, rewards:-2.4758341471354166, queue:0.3686507936507937, delay:0.046213295346214656, throughput:3012
episode:30/300, sim_loss:13.770443
REAL_TEST step:30, travel time:228.7608359133127, q_loss:100, rewards:-27.929161241319445, queue:5.014285714285714, delay:0.21649288601345487, throughput:2335
Episode 31 sim randomization params: {'headwayTime': 0.5, 'minGap': 3.0082466411460578, 'usualPosAcc': 2.4857417353110587, 'usualNegAcc': 1.8502771041918353, 'length': 4.7}
SIM_TRAIN step:31, travel time:66.00430463576159, q_loss:12.655834, rewards:-2.869165717230903, queue:0.36706349206349204, delay:0.052601793077256945, throughput:3012
episode:31/300, sim_loss:12.655834
Episode 32 sim randomization params: {'headwayTime': 3.00810227696814, 'minGap': 2.792869745980401, 'usualPosAcc': 1.9091885580233043, 'usualNegAcc': 3.3315987774294107, 'length': 5.0}
SIM_TRAIN step:32, travel time:81.21681562396557, q_loss:10.937941, rewards:-3.140000745985243, queue:0.5198412698412699, delay:0.05999483986506386, throughput:3012
episode:32/300, sim_loss:10.937941
Episode 33 sim randomization params: {'headwayTime': 2.011852284764432, 'minGap': 2.931182934675875, 'usualPosAcc': 0.6075808972414585, 'usualNegAcc': 6.269848943515516, 'length': 5.0}
SIM_TRAIN step:33, travel time:64.40629139072848, q_loss:9.549617, rewards:-1.575, queue:0.33055555555555555, delay:0.035973106868683345, throughput:3012
episode:33/300, sim_loss:9.549617
REAL_TEST step:33, travel time:247.66286180187527, q_loss:100, rewards:-32.483059353298614, queue:4.743253968253968, delay:0.22345849900018602, throughput:2282
Episode 34 sim randomization params: {'headwayTime': 3.988474714599167, 'minGap': 2.9171621832362047, 'usualPosAcc': 3.87665051280145, 'usualNegAcc': 4.27867706274728, 'length': 5.0}
SIM_TRAIN step:34, travel time:154.5549668874172, q_loss:8.61223, rewards:-4.035555691189236, queue:0.5857142857142857, delay:0.07533043149917845, throughput:2931
episode:34/300, sim_loss:8.61223
Episode 35 sim randomization params: {'headwayTime': 1.8306184636173262, 'minGap': 2.3694003387048945, 'usualPosAcc': 4.029241913012329, 'usualNegAcc': 1.0, 'length': 4.846440530394857}
SIM_TRAIN step:35, travel time:79.34084133819145, q_loss:7.8509903, rewards:-3.763333468967014, queue:0.4297619047619048, delay:0.07135040041000124, throughput:3011
episode:35/300, sim_loss:7.8509903
Episode 36 sim randomization params: {'headwayTime': 1.7379951955326005, 'minGap': 2.5245703492455784, 'usualPosAcc': 3.4638474654177482, 'usualNegAcc': 3.3874856658010737, 'length': 4.72040427161774}
SIM_TRAIN step:36, travel time:65.9913878767804, q_loss:7.919321, rewards:-2.207500203450521, queue:0.37857142857142856, delay:0.04475462171766493, throughput:3012
episode:36/300, sim_loss:7.919321
REAL_TEST step:36, travel time:284.4828014919188, q_loss:100, rewards:-39.77305772569444, queue:7.251587301587302, delay:0.2504336402529762, throughput:2157
Episode 37 sim randomization params: {'headwayTime': 3.020119863830425, 'minGap': 2.728431545398971, 'usualPosAcc': 4.5190127657801, 'usualNegAcc': 4.24826991885221, 'length': 4.7}
SIM_TRAIN step:37, travel time:73.56636875206885, q_loss:7.50335, rewards:-2.954999796549479, queue:0.45714285714285713, delay:0.05687418740893167, throughput:3012
episode:37/300, sim_loss:7.50335
Episode 38 sim randomization params: {'headwayTime': 0.5, 'minGap': 2.4292088491155868, 'usualPosAcc': 4.108089867284974, 'usualNegAcc': 3.621057661546306, 'length': 4.818799957965098}
SIM_TRAIN step:38, travel time:65.45048029148725, q_loss:7.162304, rewards:-2.2863878038194443, queue:0.3765873015873016, delay:0.044635203528025795, throughput:3011
episode:38/300, sim_loss:7.162304
Episode 39 sim randomization params: {'headwayTime': 5.0, 'minGap': 2.4382462721333966, 'usualPosAcc': 1.8335053922157512, 'usualNegAcc': 2.962763224256765, 'length': 5.0}
SIM_TRAIN step:39, travel time:198.7423089646047, q_loss:6.882417, rewards:-4.802777777777778, queue:0.6043650793650793, delay:0.08837814331054687, throughput:2857
episode:39/300, sim_loss:6.882417
REAL_TEST step:39, travel time:413.81688466111774, q_loss:100, rewards:-31.51667751736111, queue:8.783333333333333, delay:0.23982025630890377, throughput:1413
Episode 40 sim randomization params: {'headwayTime': 0.9255426990018369, 'minGap': 2.6791695744989497, 'usualPosAcc': 0.4469968202362451, 'usualNegAcc': 4.837785070267857, 'length': 5.0}
SIM_TRAIN step:40, travel time:64.41622516556292, q_loss:6.6159086, rewards:-2.3805555555555555, queue:0.40674603174603174, delay:0.04209999205574157, throughput:3011
episode:40/300, sim_loss:6.6159086
Episode 41 sim randomization params: {'headwayTime': 1.2568131570999435, 'minGap': 2.9588023803948675, 'usualPosAcc': 0.8720012730472952, 'usualNegAcc': 2.963971478604193, 'length': 5.0}
SIM_TRAIN step:41, travel time:68.01820589208872, q_loss:6.247502, rewards:-2.446666971842448, queue:0.4126984126984127, delay:0.045576764666844925, throughput:3012
episode:41/300, sim_loss:6.247502
Episode 42 sim randomization params: {'headwayTime': 2.340243399298828, 'minGap': 3.7317308552465196, 'usualPosAcc': 1.5594178706662654, 'usualNegAcc': 4.60524369008992, 'length': 4.874876270186815}
SIM_TRAIN step:42, travel time:78.97682119205298, q_loss:5.8702116, rewards:-2.8697218153211805, queue:0.5178571428571429, delay:0.052612661936926465, throughput:3012
episode:42/300, sim_loss:5.8702116
REAL_TEST step:42, travel time:478.30048661800487, q_loss:100, rewards:-40.26695149739583, queue:10.818650793650793, delay:0.2890135749937996, throughput:1288
Episode 43 sim randomization params: {'headwayTime': 3.101497588885725, 'minGap': 2.8974039105228475, 'usualPosAcc': 1.8667705698435433, 'usualNegAcc': 2.346517847658144, 'length': 5.0}
SIM_TRAIN step:43, travel time:128.01257445400398, q_loss:6.1157403, rewards:-3.902779473198785, queue:0.5380952380952381, delay:0.0672531975640191, throughput:2952
episode:43/300, sim_loss:6.1157403
Episode 44 sim randomization params: {'headwayTime': 1.9630992442881376, 'minGap': 2.1740021515160315, 'usualPosAcc': 1.7479031732514647, 'usualNegAcc': 4.7577419743134355, 'length': 4.7}
SIM_TRAIN step:44, travel time:66.38807947019868, q_loss:6.683583, rewards:-2.215833706325955, queue:0.44722222222222224, delay:0.04371167440263052, throughput:3010
episode:44/300, sim_loss:6.683583
Episode 45 sim randomization params: {'headwayTime': 4.5079897783989065, 'minGap': 3.2608633782238248, 'usualPosAcc': 2.422819455279039, 'usualNegAcc': 2.9633431292693726, 'length': 4.7}
SIM_TRAIN step:45, travel time:164.11710221634138, q_loss:7.1377077, rewards:-5.2280554877387155, queue:0.8373015873015873, delay:0.08950203789605035, throughput:2909
episode:45/300, sim_loss:7.1377077
REAL_TEST step:45, travel time:494.99686520376173, q_loss:100, rewards:-31.181673177083333, queue:11.6, delay:0.24530516124906995, throughput:1269
Episode 46 sim randomization params: {'headwayTime': 0.8610592201054155, 'minGap': 2.3696684931203746, 'usualPosAcc': 4.267978956484995, 'usualNegAcc': 6.181493227916657, 'length': 4.7}
SIM_TRAIN step:46, travel time:63.5218253968254, q_loss:7.843209, rewards:-2.0927781846788194, queue:0.4170634920634921, delay:0.03936251685732887, throughput:3012
episode:46/300, sim_loss:7.843209
Episode 47 sim randomization params: {'headwayTime': 0.5, 'minGap': 2.2633357314487097, 'usualPosAcc': 1.319158246204243, 'usualNegAcc': 1.0, 'length': 4.7}
SIM_TRAIN step:47, travel time:74.63299105664127, q_loss:7.8016305, rewards:-3.651389567057292, queue:0.39126984126984127, delay:0.06619398328993055, throughput:3011
episode:47/300, sim_loss:7.8016305
Episode 48 sim randomization params: {'headwayTime': 4.395540257646927, 'minGap': 2.7755578893927924, 'usualPosAcc': 3.7922345594006353, 'usualNegAcc': 2.9372082604064103, 'length': 5.0}
SIM_TRAIN step:48, travel time:188.59801324503312, q_loss:8.028112, rewards:-4.743056911892361, queue:0.6853174603174603, delay:0.08532613723997086, throughput:2868
episode:48/300, sim_loss:8.028112
REAL_TEST step:48, travel time:378.0415973377704, q_loss:100, rewards:-44.21666124131944, queue:10.25, delay:0.2507477775452629, throughput:1474
Episode 49 sim randomization params: {'headwayTime': 2.452615829934527, 'minGap': 2.762479174828347, 'usualPosAcc': 6.10129667450467, 'usualNegAcc': 3.193823904194715, 'length': 4.7}
SIM_TRAIN step:49, travel time:75.99370860927152, q_loss:8.004027, rewards:-3.3008324517144096, queue:0.5615079365079365, delay:0.057397987729027156, throughput:3011
episode:49/300, sim_loss:8.004027
Episode 50 sim randomization params: {'headwayTime': 2.4573807034693944, 'minGap': 2.886019386119091, 'usualPosAcc': 4.08020139230611, 'usualNegAcc': 2.2622510777834144, 'length': 5.0}
SIM_TRAIN step:50, travel time:82.05524313595765, q_loss:8.058914, rewards:-3.446946207682292, queue:0.5162698412698413, delay:0.06242148989722842, throughput:3011
episode:50/300, sim_loss:8.058914
Episode 51 sim randomization params: {'headwayTime': 3.6093647929164954, 'minGap': 2.6596325749033745, 'usualPosAcc': 2.8520118477828413, 'usualNegAcc': 2.4040269473072335, 'length': 5.0}
SIM_TRAIN step:51, travel time:124.36631369953673, q_loss:8.047734, rewards:-4.189444308810764, queue:0.5765873015873015, delay:0.07671762496706039, throughput:2964
episode:51/300, sim_loss:8.047734
REAL_TEST step:51, travel time:321.4305008441193, q_loss:100, rewards:-30.40195855034722, queue:8.482936507936508, delay:0.2430700877356151, throughput:1560
Episode 52 sim randomization params: {'headwayTime': 0.8536729747641045, 'minGap': 2.7368932002792628, 'usualPosAcc': 1.1804602901298102, 'usualNegAcc': 3.1600508107298495, 'length': 4.996239342913981}
SIM_TRAIN step:52, travel time:67.40086064217147, q_loss:8.549346, rewards:-2.6819437662760417, queue:0.4170634920634921, delay:0.0468279308742947, throughput:3012
episode:52/300, sim_loss:8.549346
Episode 53 sim randomization params: {'headwayTime': 3.458986769560095, 'minGap': 2.680224807416348, 'usualPosAcc': 2.3773474162066432, 'usualNegAcc': 1.4902765883940945, 'length': 4.7}
SIM_TRAIN step:53, travel time:114.21953642384106, q_loss:8.615032, rewards:-4.485555691189236, queue:0.5888888888888889, delay:0.07835443890283979, throughput:2979
episode:53/300, sim_loss:8.615032
Episode 54 sim randomization params: {'headwayTime': 5.0, 'minGap': 3.2748475490101265, 'usualPosAcc': 1.5672633033188514, 'usualNegAcc': 1.6136603032158656, 'length': 4.7}
SIM_TRAIN step:54, travel time:180.07944389275073, q_loss:8.284178, rewards:-6.589444308810764, queue:0.7956349206349206, delay:0.10411150493319073, throughput:2848
episode:54/300, sim_loss:8.284178
REAL_TEST step:54, travel time:466.5608651911469, q_loss:100, rewards:-52.070562065972226, queue:12.221428571428572, delay:0.2903844924200149, throughput:1484
Episode 55 sim randomization params: {'headwayTime': 2.061607178660689, 'minGap': 2.9125020038093083, 'usualPosAcc': 1.6176695827340355, 'usualNegAcc': 1.6929438318892753, 'length': 5.0}
SIM_TRAIN step:55, travel time:70.79099039417025, q_loss:9.039622, rewards:-3.031388346354167, queue:0.3956349206349206, delay:0.0560562739296565, throughput:3011
episode:55/300, sim_loss:9.039622
Episode 56 sim randomization params: {'headwayTime': 2.89948324879232, 'minGap': 2.7651555129555434, 'usualPosAcc': 2.329900757370122, 'usualNegAcc': 2.8739324837639564, 'length': 4.7}
SIM_TRAIN step:56, travel time:72.65198675496688, q_loss:8.770493, rewards:-2.80861087375217, queue:0.44761904761904764, delay:0.05619044228205605, throughput:3012
episode:56/300, sim_loss:8.770493
Episode 57 sim randomization params: {'headwayTime': 2.304721433953948, 'minGap': 2.5146040125095244, 'usualPosAcc': 1.2663493533153651, 'usualNegAcc': 2.701190647591017, 'length': 5.0}
SIM_TRAIN step:57, travel time:73.58953988745449, q_loss:8.67621, rewards:-2.791667005750868, queue:0.41825396825396827, delay:0.05205697559175037, throughput:3012
episode:57/300, sim_loss:8.67621
REAL_TEST step:57, travel time:232.371336996337, q_loss:100, rewards:-26.698616536458335, queue:5.460714285714285, delay:0.21421034071180556, throughput:2016
Episode 58 sim randomization params: {'headwayTime': 0.5, 'minGap': 2.3836586745173163, 'usualPosAcc': 3.5001988222344345, 'usualNegAcc': 4.8768154912377, 'length': 4.7}
SIM_TRAIN step:58, travel time:65.99900662251656, q_loss:8.441736, rewards:-2.2172234429253472, queue:0.42023809523809524, delay:0.04409694066123357, throughput:3011
episode:58/300, sim_loss:8.441736
Episode 59 sim randomization params: {'headwayTime': 3.095443888808538, 'minGap': 2.7950123250506893, 'usualPosAcc': 3.0397573601128416, 'usualNegAcc': 1.732901963097767, 'length': 5.0}
SIM_TRAIN step:59, travel time:115.9751655629139, q_loss:8.072963, rewards:-4.531945461697049, queue:0.638095238095238, delay:0.07651323590959822, throughput:2981
episode:59/300, sim_loss:8.072963
Episode 60 sim randomization params: {'headwayTime': 4.229768348786202, 'minGap': 3.129346364825426, 'usualPosAcc': 3.389342347905395, 'usualNegAcc': 1.0, 'length': 5.0}
SIM_TRAIN step:60, travel time:229.2339510258107, q_loss:8.79054, rewards:-5.667777845594618, queue:0.6166666666666667, delay:0.09321196419852121, throughput:2778
episode:60/300, sim_loss:8.79054
REAL_TEST step:60, travel time:391.0967594705614, q_loss:100, rewards:-44.21471896701389, queue:9.981349206349206, delay:0.25098956880115325, throughput:1670
Episode 61 sim randomization params: {'headwayTime': 2.054961789454198, 'minGap': 2.84706361753532, 'usualPosAcc': 1.7724139336394127, 'usualNegAcc': 3.786369360865144, 'length': 5.0}
SIM_TRAIN step:61, travel time:70.44635761589404, q_loss:9.89176, rewards:-2.4408328586154515, queue:0.41388888888888886, delay:0.04743881225585937, throughput:3011
episode:61/300, sim_loss:9.89176
Episode 62 sim randomization params: {'headwayTime': 1.6330949558430938, 'minGap': 2.7332033097044466, 'usualPosAcc': 4.302465182877409, 'usualNegAcc': 1.9756273126601647, 'length': 5.0}
SIM_TRAIN step:62, travel time:70.84684088653655, q_loss:9.674268, rewards:-3.0513878716362846, queue:0.4253968253968254, delay:0.05718386816600012, throughput:3011
episode:62/300, sim_loss:9.674268
Episode 63 sim randomization params: {'headwayTime': 2.412958060803029, 'minGap': 2.610449967698326, 'usualPosAcc': 2.235624621345733, 'usualNegAcc': 2.264809979612973, 'length': 5.0}
SIM_TRAIN step:63, travel time:78.77557100297915, q_loss:9.484033, rewards:-3.0388885498046876, queue:0.4932539682539683, delay:0.058802910456581724, throughput:3012
episode:63/300, sim_loss:9.484033
REAL_TEST step:63, travel time:450.6588785046729, q_loss:100, rewards:-40.63500162760417, queue:10.58015873015873, delay:0.25243707081628225, throughput:1619
Episode 64 sim randomization params: {'headwayTime': 2.715786118687735, 'minGap': 2.6995533769448548, 'usualPosAcc': 1.1309831132862564, 'usualNegAcc': 4.17067710586167, 'length': 5.0}
SIM_TRAIN step:64, travel time:74.06982131039047, q_loss:9.662371, rewards:-2.5388892279730904, queue:0.4444444444444444, delay:0.05086260598803324, throughput:3012
episode:64/300, sim_loss:9.662371
Episode 65 sim randomization params: {'headwayTime': 1.89850966159407, 'minGap': 3.0506069003201204, 'usualPosAcc': 2.1186030752523495, 'usualNegAcc': 3.8054079613747067, 'length': 4.81357893670804}
SIM_TRAIN step:65, travel time:64.50960264900662, q_loss:9.828587, rewards:-1.992500474717882, queue:0.4111111111111111, delay:0.042707113235715834, throughput:3011
episode:65/300, sim_loss:9.828587
Episode 66 sim randomization params: {'headwayTime': 2.6204545930657153, 'minGap': 2.3564818953071383, 'usualPosAcc': 3.5060991115379774, 'usualNegAcc': 3.3413053286988292, 'length': 5.0}
SIM_TRAIN step:66, travel time:71.30463576158941, q_loss:9.423451, rewards:-2.686944071451823, queue:0.43214285714285716, delay:0.05247855413527716, throughput:3011
episode:66/300, sim_loss:9.423451
REAL_TEST step:66, travel time:255.51783614268913, q_loss:100, rewards:-33.3994384765625, queue:5.857142857142857, delay:0.2256713140578497, throughput:2326
Episode 67 sim randomization params: {'headwayTime': 1.4976510743848102, 'minGap': 3.0153300281746773, 'usualPosAcc': 1.1713145863846666, 'usualNegAcc': 5.555080883482001, 'length': 4.7}
SIM_TRAIN step:67, travel time:62.48477829252151, q_loss:8.983202, rewards:-1.855833265516493, queue:0.4015873015873016, delay:0.03844018360925099, throughput:3012
episode:67/300, sim_loss:8.983202
Episode 68 sim randomization params: {'headwayTime': 0.5, 'minGap': 2.9848397850342683, 'usualPosAcc': 4.619465507851025, 'usualNegAcc': 4.133877030820528, 'length': 4.841338588621385}
SIM_TRAIN step:68, travel time:64.91098610191926, q_loss:8.728948, rewards:-2.182500542534722, queue:0.39880952380952384, delay:0.04393928770035032, throughput:3012
episode:68/300, sim_loss:8.728948
Episode 69 sim randomization params: {'headwayTime': 0.5, 'minGap': 2.831140400805152, 'usualPosAcc': 2.602967264982752, 'usualNegAcc': 6.33728708672946, 'length': 5.0}
SIM_TRAIN step:69, travel time:61.48825669864373, q_loss:8.504269, rewards:-1.8683341132269966, queue:0.37857142857142856, delay:0.03786013769725012, throughput:3012
episode:69/300, sim_loss:8.504269
REAL_TEST step:69, travel time:490.87678476996297, q_loss:100, rewards:-42.80611436631944, queue:9.732142857142858, delay:0.25520915682353673, throughput:1404
Episode 70 sim randomization params: {'headwayTime': 0.5, 'minGap': 3.6296404742875494, 'usualPosAcc': 2.092786569321641, 'usualNegAcc': 2.3280428450612662, 'length': 5.0}
SIM_TRAIN step:70, travel time:68.23957643944408, q_loss:8.611092, rewards:-2.77166748046875, queue:0.4361111111111111, delay:0.050906541612413196, throughput:3012
episode:70/300, sim_loss:8.611092
Episode 71 sim randomization params: {'headwayTime': 2.0119323042743664, 'minGap': 2.7677350642238845, 'usualPosAcc': 2.9275489449519143, 'usualNegAcc': 5.018026497386117, 'length': 5.0}
SIM_TRAIN step:71, travel time:65.30529801324504, q_loss:8.090118, rewards:-2.0780548095703124, queue:0.398015873015873, delay:0.04249334789457775, throughput:3011
episode:71/300, sim_loss:8.090118
Episode 72 sim randomization params: {'headwayTime': 0.5, 'minGap': 3.6194533292978224, 'usualPosAcc': 3.9177317596740506, 'usualNegAcc': 3.108446343259484, 'length': 4.7}
SIM_TRAIN step:72, travel time:68.55117588605499, q_loss:8.32291, rewards:-2.536665513780382, queue:0.40793650793650793, delay:0.049834251403808594, throughput:3012
episode:72/300, sim_loss:8.32291
REAL_TEST step:72, travel time:640.4057142857143, q_loss:100, rewards:-56.37777777777778, queue:12.549206349206349, delay:0.2954558841765873, throughput:1215
Episode 73 sim randomization params: {'headwayTime': 0.5, 'minGap': 2.9444162375274257, 'usualPosAcc': 1.7486978399021074, 'usualNegAcc': 2.5067966141530285, 'length': 5.0}
SIM_TRAIN step:73, travel time:66.98343822457767, q_loss:8.731862, rewards:-3.0683349609375, queue:0.43253968253968256, delay:0.05033311389741443, throughput:3012
episode:73/300, sim_loss:8.731862
Episode 74 sim randomization params: {'headwayTime': 2.7452841985725924, 'minGap': 2.757954346967464, 'usualPosAcc': 3.628576730812107, 'usualNegAcc': 5.833110657036847, 'length': 4.7}
SIM_TRAIN step:74, travel time:71.19476647896654, q_loss:7.5288296, rewards:-2.318055894639757, queue:0.44801587301587303, delay:0.0485809810577877, throughput:3012
episode:74/300, sim_loss:7.5288296
Episode 75 sim randomization params: {'headwayTime': 1.0321733650682217, 'minGap': 3.2393438624791555, 'usualPosAcc': 3.6077591695084736, 'usualNegAcc': 4.053650216043268, 'length': 5.0}
SIM_TRAIN step:75, travel time:73.61974163630342, q_loss:6.634519, rewards:-2.6500011867947046, queue:0.5174603174603175, delay:0.05094308399018787, throughput:3011
episode:75/300, sim_loss:6.634519
REAL_TEST step:75, travel time:168.84162895927602, q_loss:100, rewards:-20.520556640625, queue:3.4765873015873017, delay:0.18945104205419147, throughput:2325
Episode 76 sim randomization params: {'headwayTime': 0.5, 'minGap': 2.367510379842402, 'usualPosAcc': 1.4515499941034185, 'usualNegAcc': 3.8911687890362225, 'length': 4.7}
SIM_TRAIN step:76, travel time:63.7771523178808, q_loss:6.0640874, rewards:-2.2705547756618922, queue:0.36984126984126986, delay:0.041793102688259545, throughput:3012
episode:76/300, sim_loss:6.0640874
Episode 77 sim randomization params: {'headwayTime': 1.2376238631282959, 'minGap': 2.5489999571238915, 'usualPosAcc': 1.786216363350932, 'usualNegAcc': 2.132531938370929, 'length': 5.0}
SIM_TRAIN step:77, travel time:68.6771523178808, q_loss:6.011143, rewards:-2.804721238878038, queue:0.3821428571428571, delay:0.052168770441933285, throughput:3012
episode:77/300, sim_loss:6.011143
Episode 78 sim randomization params: {'headwayTime': 3.506957190330298, 'minGap': 2.727039461773444, 'usualPosAcc': 2.3481185181598776, 'usualNegAcc': 2.7935891868814124, 'length': 5.0}
SIM_TRAIN step:78, travel time:157.80549123387362, q_loss:5.8454814, rewards:-3.6136105007595485, queue:0.5222222222222223, delay:0.06565910218253969, throughput:2886
episode:78/300, sim_loss:5.8454814
REAL_TEST step:78, travel time:198.9959367945824, q_loss:100, rewards:-25.947498914930556, queue:4.498809523809523, delay:0.19972272600446428, throughput:2053
Episode 79 sim randomization params: {'headwayTime': 2.257629188568419, 'minGap': 3.473896484121757, 'usualPosAcc': 1.140158030172954, 'usualNegAcc': 4.265503898738035, 'length': 5.0}
SIM_TRAIN step:79, travel time:105.05329361138696, q_loss:5.7651978, rewards:-2.981666734483507, queue:0.5301587301587302, delay:0.05407236492823041, throughput:3012
episode:79/300, sim_loss:5.7651978
Episode 80 sim randomization params: {'headwayTime': 1.4620208973461106, 'minGap': 3.1100722858577874, 'usualPosAcc': 0.6736091973730036, 'usualNegAcc': 7.0, 'length': 4.7}
SIM_TRAIN step:80, travel time:59.928784365684, q_loss:5.3660164, rewards:-1.0561109754774305, queue:0.28015873015873016, delay:0.02964747292654855, throughput:3012
episode:80/300, sim_loss:5.3660164
Episode 81 sim randomization params: {'headwayTime': 3.728058851200029, 'minGap': 2.49639583558188, 'usualPosAcc': 4.195200922475184, 'usualNegAcc': 3.0997525184899564, 'length': 5.0}
SIM_TRAIN step:81, travel time:177.25190334326382, q_loss:5.661643, rewards:-3.8533335367838544, queue:0.5777777777777777, delay:0.07054470607212611, throughput:2861
episode:81/300, sim_loss:5.661643
REAL_TEST step:81, travel time:289.05242136794806, q_loss:100, rewards:-28.284727647569444, queue:6.328968253968254, delay:0.21723504444909475, throughput:1807
Episode 82 sim randomization params: {'headwayTime': 2.1944184476009205, 'minGap': 3.296264274208926, 'usualPosAcc': 2.19269546780562, 'usualNegAcc': 1.0, 'length': 4.7}
SIM_TRAIN step:82, travel time:100.7554599602912, q_loss:5.820669, rewards:-4.119168090820312, queue:0.5408730158730158, delay:0.07399342249310206, throughput:3012
episode:82/300, sim_loss:5.820669
Episode 83 sim randomization params: {'headwayTime': 2.4251708118674387, 'minGap': 2.7414314462467058, 'usualPosAcc': 3.676956357796285, 'usualNegAcc': 5.283910113720172, 'length': 4.905426041664122}
SIM_TRAIN step:83, travel time:85.63211920529801, q_loss:5.862645, rewards:-2.7358334011501735, queue:0.5988095238095238, delay:0.053489588177393355, throughput:3011
episode:83/300, sim_loss:5.862645
Episode 84 sim randomization params: {'headwayTime': 0.5, 'minGap': 3.398299439602123, 'usualPosAcc': 4.102952760145272, 'usualNegAcc': 3.233261830543443, 'length': 5.0}
SIM_TRAIN step:84, travel time:68.50944021199072, q_loss:6.11803, rewards:-2.5894449869791667, queue:0.4234126984126984, delay:0.049897996206132195, throughput:3011
episode:84/300, sim_loss:6.11803
REAL_TEST step:84, travel time:233.92238946378174, q_loss:100, rewards:-29.776662868923612, queue:6.071031746031746, delay:0.21474827357700893, throughput:1956
Episode 85 sim randomization params: {'headwayTime': 1.482490435635984, 'minGap': 2.4906369006493847, 'usualPosAcc': 2.4180121300986324, 'usualNegAcc': 5.3814205961890025, 'length': 4.7}
SIM_TRAIN step:85, travel time:61.903311258278144, q_loss:6.41444, rewards:-1.9150004069010416, queue:0.37777777777777777, delay:0.038482584272112166, throughput:3012
episode:85/300, sim_loss:6.41444
Episode 86 sim randomization params: {'headwayTime': 5.0, 'minGap': 2.5772505627540596, 'usualPosAcc': 3.928014295878487, 'usualNegAcc': 4.549361303756957, 'length': 4.901403481866993}
SIM_TRAIN step:86, travel time:162.79543197616684, q_loss:6.324197, rewards:-4.35250006781684, queue:0.5793650793650794, delay:0.08635985964820499, throughput:2911
episode:86/300, sim_loss:6.324197
Episode 87 sim randomization params: {'headwayTime': 4.0125433723304305, 'minGap': 2.36007243600745, 'usualPosAcc': 4.476297630229137, 'usualNegAcc': 3.6006529148064237, 'length': 4.7}
SIM_TRAIN step:87, travel time:127.55857048312376, q_loss:6.5297976, rewards:-4.055277167426215, queue:0.6027777777777777, delay:0.07853747171068949, throughput:2954
episode:87/300, sim_loss:6.5297976
REAL_TEST step:87, travel time:365.5759530791789, q_loss:100, rewards:-35.26916232638889, queue:10.28015873015873, delay:0.24369894360739086, throughput:1431
Episode 88 sim randomization params: {'headwayTime': 3.426038065030944, 'minGap': 3.2815636448957277, 'usualPosAcc': 3.6769217856481182, 'usualNegAcc': 6.819225960830179, 'length': 5.0}
SIM_TRAIN step:88, travel time:116.24470198675496, q_loss:6.826792, rewards:-3.055277845594618, queue:0.5182539682539683, delay:0.06244261605398996, throughput:2945
episode:88/300, sim_loss:6.826792
Episode 89 sim randomization params: {'headwayTime': 4.371806739384119, 'minGap': 2.7056489826164545, 'usualPosAcc': 2.77487233680436, 'usualNegAcc': 4.578252828427816, 'length': 4.988644968509892}
SIM_TRAIN step:89, travel time:176.192791005291, q_loss:7.0022445, rewards:-4.141666327582465, queue:0.6607142857142857, delay:0.08072278461759053, throughput:2878
episode:89/300, sim_loss:7.0022445
Episode 90 sim randomization params: {'headwayTime': 2.6338943627166276, 'minGap': 3.0533977158084444, 'usualPosAcc': 3.778171728046888, 'usualNegAcc': 3.541490130398763, 'length': 4.776128502149196}
SIM_TRAIN step:90, travel time:78.03442568685865, q_loss:7.018723, rewards:-3.047222222222222, queue:0.48333333333333334, delay:0.05598128788054935, throughput:3011
episode:90/300, sim_loss:7.018723
REAL_TEST step:90, travel time:437.65453557848997, q_loss:100, rewards:-37.61916232638889, queue:11.659126984126985, delay:0.2642056177532862, throughput:1416
Episode 91 sim randomization params: {'headwayTime': 0.6338812991167055, 'minGap': 2.578976362588782, 'usualPosAcc': 4.224533669191, 'usualNegAcc': 3.5681464787161743, 'length': 5.0}
SIM_TRAIN step:91, travel time:67.5319430652102, q_loss:7.0560617, rewards:-2.4063900417751736, queue:0.40476190476190477, delay:0.04710176861475385, throughput:3012
episode:91/300, sim_loss:7.0560617
Episode 92 sim randomization params: {'headwayTime': 0.5, 'minGap': 2.202259481177894, 'usualPosAcc': 1.2032359258400496, 'usualNegAcc': 5.488738069314828, 'length': 5.0}
SIM_TRAIN step:92, travel time:61.99470549305096, q_loss:7.106858, rewards:-1.995277574327257, queue:0.3825396825396825, delay:0.038889415680416047, throughput:3012
episode:92/300, sim_loss:7.106858
Episode 93 sim randomization params: {'headwayTime': 2.687708335898191, 'minGap': 2.6112187459424145, 'usualPosAcc': 2.452108407470438, 'usualNegAcc': 3.2354936515136656, 'length': 4.779217058498998}
SIM_TRAIN step:93, travel time:68.77218543046358, q_loss:7.0374703, rewards:-2.540277099609375, queue:0.4107142857142857, delay:0.05146916707356771, throughput:3012
episode:93/300, sim_loss:7.0374703
REAL_TEST step:93, travel time:175.33682576639504, q_loss:100, rewards:-23.681941731770834, queue:4.7329365079365076, delay:0.20241846962580606, throughput:2448
Episode 94 sim randomization params: {'headwayTime': 0.5, 'minGap': 2.591146501053609, 'usualPosAcc': 2.37145192907216, 'usualNegAcc': 6.065627352106867, 'length': 5.0}
SIM_TRAIN step:94, travel time:61.79330904272938, q_loss:7.1187267, rewards:-1.9116672092013889, queue:0.3615079365079365, delay:0.0376444831727043, throughput:3012
episode:94/300, sim_loss:7.1187267
Episode 95 sim randomization params: {'headwayTime': 4.579572266685171, 'minGap': 2.758265512846599, 'usualPosAcc': 2.286343529502981, 'usualNegAcc': 1.0, 'length': 5.0}
SIM_TRAIN step:95, travel time:205.62959285004965, q_loss:7.201706, rewards:-4.969722832573785, queue:0.6214285714285714, delay:0.09079936194041419, throughput:2813
episode:95/300, sim_loss:7.201706
Episode 96 sim randomization params: {'headwayTime': 3.0683593205706208, 'minGap': 3.5349532650413744, 'usualPosAcc': 1.9680047533217522, 'usualNegAcc': 3.846880483667393, 'length': 4.7}
SIM_TRAIN step:96, travel time:71.86593843098312, q_loss:6.926161, rewards:-2.932222154405382, queue:0.45357142857142857, delay:0.054549801538860986, throughput:3012
episode:96/300, sim_loss:6.926161
REAL_TEST step:96, travel time:189.98972461981094, q_loss:100, rewards:-22.491668023003474, queue:4.501984126984127, delay:0.19536382281591022, throughput:2267
Episode 97 sim randomization params: {'headwayTime': 0.5, 'minGap': 2.643281131974695, 'usualPosAcc': 2.160802007243329, 'usualNegAcc': 5.814483324724909, 'length': 5.0}
SIM_TRAIN step:97, travel time:62.13174445547832, q_loss:6.9884706, rewards:-1.90305667453342, queue:0.38452380952380955, delay:0.039522043863932294, throughput:3012
episode:97/300, sim_loss:6.9884706
Episode 98 sim randomization params: {'headwayTime': 0.7007356868878603, 'minGap': 2.951076018167024, 'usualPosAcc': 2.9258970435616467, 'usualNegAcc': 2.6450779926790613, 'length': 5.0}
SIM_TRAIN step:98, travel time:70.96291390728477, q_loss:6.3311934, rewards:-2.627222357855903, queue:0.3952380952380952, delay:0.04976602584596664, throughput:3011
episode:98/300, sim_loss:6.3311934
Episode 99 sim randomization params: {'headwayTime': 0.5, 'minGap': 2.8231239338901246, 'usualPosAcc': 3.534489849255774, 'usualNegAcc': 1.612045269616107, 'length': 5.0}
SIM_TRAIN step:99, travel time:70.30188679245283, q_loss:6.560577, rewards:-2.9025004069010416, queue:0.3484126984126984, delay:0.055993531242249504, throughput:3011
episode:99/300, sim_loss:6.560577
REAL_TEST step:99, travel time:235.1820754716981, q_loss:100, rewards:-25.649728732638888, queue:6.394444444444445, delay:0.2064511253720238, throughput:1946
Episode 100 sim randomization params: {'headwayTime': 4.388420698843035, 'minGap': 3.0633216551325084, 'usualPosAcc': 0.33138247755137984, 'usualNegAcc': 2.564015757201012, 'length': 5.0}
SIM_TRAIN step:100, travel time:218.6008597883598, q_loss:6.589618, rewards:-5.701388888888889, queue:0.671031746031746, delay:0.09013054862854973, throughput:2820
episode:100/300, sim_loss:6.589618
Episode 101 sim randomization params: {'headwayTime': 2.628053383765571, 'minGap': 2.8964507821436087, 'usualPosAcc': 3.2300328088130668, 'usualNegAcc': 4.824836362009167, 'length': 4.7}
SIM_TRAIN step:101, travel time:70.63928453130175, q_loss:7.036029, rewards:-2.614998711480035, queue:0.4388888888888889, delay:0.05070175291999938, throughput:3012
episode:101/300, sim_loss:7.036029
Episode 102 sim randomization params: {'headwayTime': 1.585991858270869, 'minGap': 2.951448913880055, 'usualPosAcc': 1.890217498369237, 'usualNegAcc': 3.4918155686818833, 'length': 5.0}
SIM_TRAIN step:102, travel time:64.86602712537214, q_loss:6.6312065, rewards:-2.274166531032986, queue:0.4011904761904762, delay:0.044440348186190165, throughput:3012
episode:102/300, sim_loss:6.6312065
REAL_TEST step:102, travel time:311.13351498637604, q_loss:100, rewards:-25.064444986979165, queue:6.503968253968254, delay:0.2152015564933656, throughput:1607
Episode 103 sim randomization params: {'headwayTime': 0.5, 'minGap': 3.5935985752886506, 'usualPosAcc': 5.185908353239501, 'usualNegAcc': 1.0270344767756758, 'length': 4.909745494327666}
SIM_TRAIN step:103, travel time:78.6643495531281, q_loss:6.750803, rewards:-3.9391665988498263, queue:0.43452380952380953, delay:0.06867139907110305, throughput:3011
episode:103/300, sim_loss:6.750803
Episode 104 sim randomization params: {'headwayTime': 2.7065640782728524, 'minGap': 2.6260864084976854, 'usualPosAcc': 1.6221305149887688, 'usualNegAcc': 3.329631513094108, 'length': 5.0}
SIM_TRAIN step:104, travel time:74.46092715231788, q_loss:6.86775, rewards:-2.8916666666666666, queue:0.4726190476190476, delay:0.05573362320188492, throughput:3012
episode:104/300, sim_loss:6.86775
Episode 105 sim randomization params: {'headwayTime': 1.1949391050636429, 'minGap': 3.557609772183242, 'usualPosAcc': 3.0243646431804034, 'usualNegAcc': 3.539982556830015, 'length': 5.0}
SIM_TRAIN step:105, travel time:68.36941410129096, q_loss:6.704094, rewards:-2.3044447157118055, queue:0.42023809523809524, delay:0.04620069776262556, throughput:3012
episode:105/300, sim_loss:6.704094
REAL_TEST step:105, travel time:312.15191319246145, q_loss:100, rewards:-24.115003797743057, queue:7.51031746031746, delay:0.20710197327628968, throughput:1515
Episode 106 sim randomization params: {'headwayTime': 3.208517715256824, 'minGap': 3.0329432392475266, 'usualPosAcc': 2.179649079433446, 'usualNegAcc': 6.52981755767269, 'length': 5.0}
SIM_TRAIN step:106, travel time:110.58794302749254, q_loss:6.3077526, rewards:-2.798334418402778, queue:0.5321428571428571, delay:0.057882436116536456, throughput:2978
episode:106/300, sim_loss:6.3077526
Episode 107 sim randomization params: {'headwayTime': 1.7399619353778593, 'minGap': 2.332208305754227, 'usualPosAcc': 3.1372140967962134, 'usualNegAcc': 1.9157654563215196, 'length': 4.7}
SIM_TRAIN step:107, travel time:67.5841059602649, q_loss:6.357019, rewards:-2.6694430881076388, queue:0.3468253968253968, delay:0.05146633935353113, throughput:3012
episode:107/300, sim_loss:6.357019
Episode 108 sim randomization params: {'headwayTime': 1.6059018353220575, 'minGap': 3.001329596932624, 'usualPosAcc': 4.374174477809103, 'usualNegAcc': 4.140624847444989, 'length': 5.0}
SIM_TRAIN step:108, travel time:66.86867350314257, q_loss:6.4940734, rewards:-2.1994442409939237, queue:0.4095238095238095, delay:0.04537748609270368, throughput:3011
episode:108/300, sim_loss:6.4940734
REAL_TEST step:108, travel time:367.62772861356933, q_loss:100, rewards:-24.60667046440972, queue:10.34920634920635, delay:0.22641405378069196, throughput:1408
Episode 109 sim randomization params: {'headwayTime': 0.5, 'minGap': 2.891888416111679, 'usualPosAcc': 2.7989273942541266, 'usualNegAcc': 5.045104048007062, 'length': 5.0}
SIM_TRAIN step:109, travel time:63.2953642384106, q_loss:6.355392, rewards:-2.020833502875434, queue:0.37976190476190474, delay:0.04073897164965433, throughput:3011
episode:109/300, sim_loss:6.355392
Episode 110 sim randomization params: {'headwayTime': 3.523219755872175, 'minGap': 2.718488270800232, 'usualPosAcc': 3.116818672449893, 'usualNegAcc': 4.3471915859569, 'length': 4.7}
SIM_TRAIN step:110, travel time:123.65718067504963, q_loss:6.8428903, rewards:-5.350002034505208, queue:1.3825396825396825, delay:0.08505688621884301, throughput:2982
episode:110/300, sim_loss:6.8428903
Episode 111 sim randomization params: {'headwayTime': 2.4107033725647278, 'minGap': 2.7846694902974933, 'usualPosAcc': 0.1, 'usualNegAcc': 5.195114421020581, 'length': 4.768410444605247}
SIM_TRAIN step:111, travel time:75.39284531301756, q_loss:7.574614, rewards:-4.619444105360243, queue:0.5912698412698413, delay:0.05714283292255704, throughput:3011
episode:111/300, sim_loss:7.574614
REAL_TEST step:111, travel time:758.7492753623188, q_loss:100, rewards:-43.682763671875, queue:17.658730158730158, delay:0.2880524650452629, throughput:812
Episode 112 sim randomization params: {'headwayTime': 0.5912695971172266, 'minGap': 2.7641659722702268, 'usualPosAcc': 2.817952412281717, 'usualNegAcc': 6.052338795581539, 'length': 4.893802750076031}
SIM_TRAIN step:112, travel time:63.070529801324504, q_loss:7.395333, rewards:-2.0011115180121526, queue:0.4396825396825397, delay:0.03896707807268415, throughput:3012
episode:112/300, sim_loss:7.395333
Episode 113 sim randomization params: {'headwayTime': 2.9361612696165635, 'minGap': 3.3944885756831944, 'usualPosAcc': 3.3556287225323578, 'usualNegAcc': 5.366960085573315, 'length': 4.7}
SIM_TRAIN step:113, travel time:73.87921906022501, q_loss:6.9439793, rewards:-2.46888919406467, queue:0.4599206349206349, delay:0.05078975738040985, throughput:3011
episode:113/300, sim_loss:6.9439793
Episode 114 sim randomization params: {'headwayTime': 3.46475730785894, 'minGap': 2.8791286399749105, 'usualPosAcc': 4.091199282985285, 'usualNegAcc': 2.1344470676922613, 'length': 4.7}
SIM_TRAIN step:114, travel time:85.36258278145695, q_loss:6.8334665, rewards:-3.986944580078125, queue:0.6408730158730159, delay:0.07269857497442336, throughput:3009
episode:114/300, sim_loss:6.8334665
REAL_TEST step:114, travel time:333.40628445424477, q_loss:100, rewards:-31.830552842881943, queue:8.378968253968255, delay:0.22214830186631945, throughput:1630
Episode 115 sim randomization params: {'headwayTime': 4.3456548836885265, 'minGap': 2.829409769875027, 'usualPosAcc': 2.1418135204819215, 'usualNegAcc': 3.8210129741863734, 'length': 4.7}
SIM_TRAIN step:115, travel time:275.84508440913606, q_loss:7.6895585, rewards:-7.858053927951389, queue:3.0103174603174603, delay:0.11828199114118304, throughput:2683
episode:115/300, sim_loss:7.6895585
Episode 116 sim randomization params: {'headwayTime': 4.457536222299092, 'minGap': 2.4503014453966743, 'usualPosAcc': 2.4251867222298493, 'usualNegAcc': 4.241246345695686, 'length': 4.9331538757974}
SIM_TRAIN step:116, travel time:170.80761589403974, q_loss:9.638008, rewards:-4.437777370876736, queue:0.6246031746031746, delay:0.08075262402731274, throughput:2904
episode:116/300, sim_loss:9.638008
Episode 117 sim randomization params: {'headwayTime': 0.6799510446988499, 'minGap': 2.5873798891690925, 'usualPosAcc': 3.20853641911632, 'usualNegAcc': 2.0924504977399465, 'length': 5.0}
SIM_TRAIN step:117, travel time:70.01191264063534, q_loss:9.826578, rewards:-2.983889431423611, queue:0.4452380952380952, delay:0.05447133987668961, throughput:3011
episode:117/300, sim_loss:9.826578
REAL_TEST step:117, travel time:276.3419611747138, q_loss:100, rewards:-27.729166666666668, queue:7.95952380952381, delay:0.22310977511935765, throughput:1770
Episode 118 sim randomization params: {'headwayTime': 0.5, 'minGap': 2.7002060851819936, 'usualPosAcc': 2.6793761904228544, 'usualNegAcc': 1.7466429682263995, 'length': 5.0}
SIM_TRAIN step:118, travel time:70.08242303872889, q_loss:9.919917, rewards:-3.008611043294271, queue:0.36944444444444446, delay:0.05509783426920573, throughput:3012
episode:118/300, sim_loss:9.919917
Episode 119 sim randomization params: {'headwayTime': 2.0671863004421804, 'minGap': 2.527013474627765, 'usualPosAcc': 0.5643120075394621, 'usualNegAcc': 1.2576805806586808, 'length': 5.0}
SIM_TRAIN step:119, travel time:74.02780536246276, q_loss:9.856627, rewards:-3.3452779134114583, queue:0.3611111111111111, delay:0.05975430200970362, throughput:3010
episode:119/300, sim_loss:9.856627
Episode 120 sim randomization params: {'headwayTime': 0.5, 'minGap': 2.4086433437363173, 'usualPosAcc': 2.3155327277305933, 'usualNegAcc': 7.0, 'length': 5.0}
SIM_TRAIN step:120, travel time:60.90436796823296, q_loss:9.508239, rewards:-1.4916668362087673, queue:0.35079365079365077, delay:0.034180435301765566, throughput:3012
episode:120/300, sim_loss:9.508239
REAL_TEST step:120, travel time:183.97744068455853, q_loss:100, rewards:-24.240277777777777, queue:5.166666666666667, delay:0.20380948990110367, throughput:2389
Episode 121 sim randomization params: {'headwayTime': 3.4503663352960636, 'minGap': 2.9765786046567095, 'usualPosAcc': 3.6948557459076774, 'usualNegAcc': 1.6047817052746733, 'length': 4.724472339076746}
SIM_TRAIN step:121, travel time:117.35196824346676, q_loss:10.105442, rewards:-4.4527777777777775, queue:0.6023809523809524, delay:0.07650871276855468, throughput:2976
episode:121/300, sim_loss:10.105442
Episode 122 sim randomization params: {'headwayTime': 2.562590996729769, 'minGap': 2.89354994622021, 'usualPosAcc': 2.3688892206475556, 'usualNegAcc': 2.6612333156010184, 'length': 4.83463481426931}
SIM_TRAIN step:122, travel time:85.8543528632903, q_loss:10.56246, rewards:-3.3758331298828126, queue:0.528968253968254, delay:0.058500429183717756, throughput:2968
episode:122/300, sim_loss:10.56246
Episode 123 sim randomization params: {'headwayTime': 0.7296698517123434, 'minGap': 2.028140114650479, 'usualPosAcc': 1.0054685192804018, 'usualNegAcc': 4.442018584644126, 'length': 5.0}
SIM_TRAIN step:123, travel time:63.903311258278144, q_loss:10.960713, rewards:-2.129444885253906, queue:0.37182539682539684, delay:0.03986527276417566, throughput:3012
episode:123/300, sim_loss:10.960713
REAL_TEST step:123, travel time:240.87445678416225, q_loss:100, rewards:-23.448326280381945, queue:6.557539682539683, delay:0.21260555206783235, throughput:1866
Episode 124 sim randomization params: {'headwayTime': 5.0, 'minGap': 2.934830627727935, 'usualPosAcc': 3.8450017278840227, 'usualNegAcc': 5.116445540708729, 'length': 4.7}
SIM_TRAIN step:124, travel time:1268.8251076515403, q_loss:11.203638, rewards:-32.67778049045139, queue:14.909126984126985, delay:0.2643124050564236, throughput:994
episode:124/300, sim_loss:11.203638
Episode 125 sim randomization params: {'headwayTime': 0.5, 'minGap': 2.9111194349677327, 'usualPosAcc': 0.23340664375286746, 'usualNegAcc': 3.20090980379047, 'length': 5.0}
SIM_TRAIN step:125, travel time:106.82660489741893, q_loss:12.617227, rewards:-3.860000949435764, queue:0.5345238095238095, delay:0.057285090855189735, throughput:2967
episode:125/300, sim_loss:12.617227
Episode 126 sim randomization params: {'headwayTime': 0.5, 'minGap': 2.911626338215389, 'usualPosAcc': 4.3164246368203285, 'usualNegAcc': 4.263959459472703, 'length': 5.0}
SIM_TRAIN step:126, travel time:66.47718253968254, q_loss:12.326386, rewards:-2.3411109076605903, queue:0.42896825396825394, delay:0.04715183197505891, throughput:3012
episode:126/300, sim_loss:12.326386
REAL_TEST step:126, travel time:384.7733491969066, q_loss:100, rewards:-25.715003797743055, queue:8.260317460317461, delay:0.2290896703326513, throughput:1409
Episode 127 sim randomization params: {'headwayTime': 3.7049305324556387, 'minGap': 3.5238667059672246, 'usualPosAcc': 2.835935391143534, 'usualNegAcc': 5.618021343835675, 'length': 4.958931701544048}
SIM_TRAIN step:127, travel time:136.22417218543046, q_loss:12.082118, rewards:-3.29000006781684, queue:0.5845238095238096, delay:0.06494077046712239, throughput:2904
episode:127/300, sim_loss:12.082118
Episode 128 sim randomization params: {'headwayTime': 1.133281196682733, 'minGap': 3.0133355490623233, 'usualPosAcc': 1.8060945267313273, 'usualNegAcc': 2.805918423404158, 'length': 4.7}
SIM_TRAIN step:128, travel time:65.45909241470686, q_loss:11.813201, rewards:-2.4061126708984375, queue:0.35119047619047616, delay:0.04491978902665396, throughput:3012
episode:128/300, sim_loss:11.813201
Episode 129 sim randomization params: {'headwayTime': 0.5, 'minGap': 2.9379798119578147, 'usualPosAcc': 0.9111839123101633, 'usualNegAcc': 3.5326601717574873, 'length': 5.0}
SIM_TRAIN step:129, travel time:68.12165289256198, q_loss:9.828436, rewards:-2.36138916015625, queue:0.38571428571428573, delay:0.04329488845098586, throughput:3012
episode:129/300, sim_loss:9.828436
REAL_TEST step:129, travel time:485.5390781563126, q_loss:100, rewards:-28.425846354166666, queue:11.398809523809524, delay:0.2535804627433656, throughput:1189
Episode 130 sim randomization params: {'headwayTime': 1.177829428100096, 'minGap': 2.704876702958908, 'usualPosAcc': 4.484916762922442, 'usualNegAcc': 4.552236994124306, 'length': 5.0}
SIM_TRAIN step:130, travel time:68.062893081761, q_loss:8.838646, rewards:-2.354444546169705, queue:0.4087301587301587, delay:0.044609203035869294, throughput:3011
episode:130/300, sim_loss:8.838646
Episode 131 sim randomization params: {'headwayTime': 1.4711345158430218, 'minGap': 3.169309956633534, 'usualPosAcc': 1.6968107187467485, 'usualNegAcc': 2.6454373080298375, 'length': 5.0}
SIM_TRAIN step:131, travel time:71.20967207684664, q_loss:9.1361685, rewards:-2.8738884819878474, queue:0.44047619047619047, delay:0.051370584397088914, throughput:3012
episode:131/300, sim_loss:9.1361685
Episode 132 sim randomization params: {'headwayTime': 1.0408794868472782, 'minGap': 3.176162675567823, 'usualPosAcc': 5.882690968183846, 'usualNegAcc': 1.0696020423622343, 'length': 4.7}
SIM_TRAIN step:132, travel time:78.45385378762819, q_loss:8.505976, rewards:-4.128611246744792, queue:0.4257936507936508, delay:0.06728635515485491, throughput:3009
episode:132/300, sim_loss:8.505976
REAL_TEST step:132, travel time:372.2931968693558, q_loss:100, rewards:-26.836390516493054, queue:8.478174603174603, delay:0.2369840591672867, throughput:1411
Episode 133 sim randomization params: {'headwayTime': 4.082658741861533, 'minGap': 2.8477718589824392, 'usualPosAcc': 4.209082195717898, 'usualNegAcc': 2.1242997339126646, 'length': 5.0}
SIM_TRAIN step:133, travel time:185.30132450331126, q_loss:8.852739, rewards:-4.643333604600694, queue:0.7662698412698413, delay:0.08015025910877047, throughput:2842
episode:133/300, sim_loss:8.852739
Episode 134 sim randomization params: {'headwayTime': 1.833515317453565, 'minGap': 2.950533460234403, 'usualPosAcc': 3.0803177859152937, 'usualNegAcc': 1.7967900742567082, 'length': 4.7}
SIM_TRAIN step:134, travel time:70.52432969215492, q_loss:9.170454, rewards:-2.9599989149305554, queue:0.37817460317460316, delay:0.055205747816297744, throughput:3011
episode:134/300, sim_loss:9.170454
Episode 135 sim randomization params: {'headwayTime': 4.576661892204898, 'minGap': 3.005556936169144, 'usualPosAcc': 2.774631012815573, 'usualNegAcc': 3.631243432722857, 'length': 5.0}
SIM_TRAIN step:135, travel time:178.22634017207147, q_loss:8.262517, rewards:-4.0611114501953125, queue:0.6341269841269841, delay:0.0772011227077908, throughput:2859
episode:135/300, sim_loss:8.262517
REAL_TEST step:135, travel time:408.25534441805223, q_loss:100, rewards:-32.51944715711806, queue:9.936111111111112, delay:0.24514644562251983, throughput:1397
Episode 136 sim randomization params: {'headwayTime': 0.5, 'minGap': 2.540350160517656, 'usualPosAcc': 4.404131216200749, 'usualNegAcc': 3.9359893460815747, 'length': 5.0}
SIM_TRAIN step:136, travel time:66.13770274743463, q_loss:8.360839, rewards:-2.360833740234375, queue:0.3900793650793651, delay:0.04493392459929935, throughput:3012
episode:136/300, sim_loss:8.360839
Episode 137 sim randomization params: {'headwayTime': 1.0279747077493464, 'minGap': 3.39562113692935, 'usualPosAcc': 3.0995786312345457, 'usualNegAcc': 4.450743478030134, 'length': 5.0}
SIM_TRAIN step:137, travel time:64.65331125827815, q_loss:8.217312, rewards:-2.246110365125868, queue:0.41785714285714287, delay:0.044135535709441655, throughput:3012
episode:137/300, sim_loss:8.217312
Episode 138 sim randomization params: {'headwayTime': 0.6892936463113297, 'minGap': 2.228340489175978, 'usualPosAcc': 1.1682683727642607, 'usualNegAcc': 6.243615657522724, 'length': 5.0}
SIM_TRAIN step:138, travel time:61.11423841059602, q_loss:7.2361684, rewards:-1.4255560980902777, queue:0.3527777777777778, delay:0.034775004311213414, throughput:3012
episode:138/300, sim_loss:7.2361684
REAL_TEST step:138, travel time:445.2780548628429, q_loss:100, rewards:-25.9630615234375, queue:10.90515873015873, delay:0.2368317619202629, throughput:1295
Episode 139 sim randomization params: {'headwayTime': 1.4859491786789931, 'minGap': 2.7913965222669876, 'usualPosAcc': 4.03978399304076, 'usualNegAcc': 3.437280598504406, 'length': 4.7}
SIM_TRAIN step:139, travel time:65.16953642384107, q_loss:6.5011563, rewards:-2.346111551920573, queue:0.36706349206349204, delay:0.046345946902320495, throughput:3012
episode:139/300, sim_loss:6.5011563
Episode 140 sim randomization params: {'headwayTime': 4.340011273895206, 'minGap': 3.0717842880490154, 'usualPosAcc': 0.1, 'usualNegAcc': 3.211423435373391, 'length': 5.0}
SIM_TRAIN step:140, travel time:217.31591134634468, q_loss:6.5692987, rewards:-6.944165717230903, queue:0.5384920634920635, delay:0.08522135416666667, throughput:2788
episode:140/300, sim_loss:6.5692987
Episode 141 sim randomization params: {'headwayTime': 2.951806883894055, 'minGap': 2.9547744281521884, 'usualPosAcc': 1.7653911557486706, 'usualNegAcc': 3.51941589131322, 'length': 5.0}
SIM_TRAIN step:141, travel time:76.80523352103346, q_loss:6.381904, rewards:-3.178333197699653, queue:0.49007936507936506, delay:0.05914200676812066, throughput:3012
episode:141/300, sim_loss:6.381904
REAL_TEST step:141, travel time:365.7389749702026, q_loss:100, rewards:-29.636669921875, queue:7.567063492063492, delay:0.23097291976686507, throughput:1411
Episode 142 sim randomization params: {'headwayTime': 1.6256327684631904, 'minGap': 2.7661157409057653, 'usualPosAcc': 4.332834156584151, 'usualNegAcc': 2.223292010979967, 'length': 4.776343378489656}
SIM_TRAIN step:142, travel time:68.19735099337748, q_loss:6.402537, rewards:-2.737778557671441, queue:0.39285714285714285, delay:0.05185962253146702, throughput:3011
episode:142/300, sim_loss:6.402537
Episode 143 sim randomization params: {'headwayTime': 0.5, 'minGap': 3.0947491868425083, 'usualPosAcc': 3.756439665391764, 'usualNegAcc': 4.555639458850672, 'length': 5.0}
SIM_TRAIN step:143, travel time:65.39403973509934, q_loss:6.2836676, rewards:-2.221111043294271, queue:0.38452380952380955, delay:0.04303276728069971, throughput:3011
episode:143/300, sim_loss:6.2836676
Episode 144 sim randomization params: {'headwayTime': 2.880050938231503, 'minGap': 3.0233055407432285, 'usualPosAcc': 3.2745680111036983, 'usualNegAcc': 3.2829988461528883, 'length': 5.0}
SIM_TRAIN step:144, travel time:75.99900695134062, q_loss:6.3499293, rewards:-3.278888617621528, queue:0.5063492063492063, delay:0.06021495395236545, throughput:3011
episode:144/300, sim_loss:6.3499293
REAL_TEST step:144, travel time:232.27380952380952, q_loss:100, rewards:-21.550834147135415, queue:3.698015873015873, delay:0.19981202625093006, throughput:1925
Episode 145 sim randomization params: {'headwayTime': 1.4830274449249425, 'minGap': 2.3735533069441304, 'usualPosAcc': 3.785705714521093, 'usualNegAcc': 6.587096336724311, 'length': 4.7}
SIM_TRAIN step:145, travel time:64.64624047697913, q_loss:6.6690807, rewards:-2.2244442409939236, queue:0.46746031746031746, delay:0.04124786134750124, throughput:3012
episode:145/300, sim_loss:6.6690807
Episode 146 sim randomization params: {'headwayTime': 1.9201129006206439, 'minGap': 2.6532408761415103, 'usualPosAcc': 2.112406779826577, 'usualNegAcc': 3.7719050359762667, 'length': 4.7}
SIM_TRAIN step:146, travel time:64.37582781456953, q_loss:6.7146916, rewards:-2.202777099609375, queue:0.39206349206349206, delay:0.04407941727411179, throughput:3012
episode:146/300, sim_loss:6.7146916
Episode 147 sim randomization params: {'headwayTime': 1.6085530018569016, 'minGap': 2.3722517409023407, 'usualPosAcc': 1.8572104123995898, 'usualNegAcc': 1.8497313397810797, 'length': 4.7}
SIM_TRAIN step:147, travel time:68.23899371069183, q_loss:6.2997093, rewards:-2.9169440375434026, queue:0.38015873015873014, delay:0.052706509544735866, throughput:3011
episode:147/300, sim_loss:6.2997093
REAL_TEST step:147, travel time:206.83135182738883, q_loss:100, rewards:-19.628053114149306, queue:3.3853174603174603, delay:0.19365922231522817, throughput:2123
Episode 148 sim randomization params: {'headwayTime': 0.5, 'minGap': 3.338967651943748, 'usualPosAcc': 3.32232035524579, 'usualNegAcc': 1.0, 'length': 4.7}
SIM_TRAIN step:148, travel time:72.48560079443892, q_loss:6.2386355, rewards:-3.59999762641059, queue:0.3896825396825397, delay:0.0666656494140625, throughput:3011
episode:148/300, sim_loss:6.2386355
Episode 149 sim randomization params: {'headwayTime': 0.9133236781715592, 'minGap': 2.651260113859305, 'usualPosAcc': 0.6622384229231817, 'usualNegAcc': 4.87684172533479, 'length': 4.74664717727488}
SIM_TRAIN step:149, travel time:63.02880794701987, q_loss:6.277779, rewards:-2.3647216796875, queue:0.4119047619047619, delay:0.04128218756781684, throughput:3012
episode:149/300, sim_loss:6.277779
Episode 150 sim randomization params: {'headwayTime': 2.9286235697964393, 'minGap': 3.089632075459914, 'usualPosAcc': 4.500605623872406, 'usualNegAcc': 1.0, 'length': 5.0}
SIM_TRAIN step:150, travel time:160.67682119205298, q_loss:5.958965, rewards:-5.354721747504341, queue:0.513095238095238, delay:0.07987534053741939, throughput:2889
episode:150/300, sim_loss:5.958965
REAL_TEST step:150, travel time:210.13159060700045, q_loss:100, rewards:-18.573333062065974, queue:3.547222222222222, delay:0.18670963105701266, throughput:2114
Episode 151 sim randomization params: {'headwayTime': 4.345803034787478, 'minGap': 3.106303757240782, 'usualPosAcc': 5.871685431758398, 'usualNegAcc': 4.019766612766481, 'length': 5.0}
SIM_TRAIN step:151, travel time:209.2037098376946, q_loss:6.4576583, rewards:-5.035555013020834, queue:0.6571428571428571, delay:0.08027423071482825, throughput:2822
episode:151/300, sim_loss:6.4576583
Episode 152 sim randomization params: {'headwayTime': 0.7930072531557115, 'minGap': 3.308368666862658, 'usualPosAcc': 2.858243318822484, 'usualNegAcc': 2.9961277740245675, 'length': 5.0}
SIM_TRAIN step:152, travel time:66.32428855062872, q_loss:6.8380117, rewards:-2.4980560302734376, queue:0.4238095238095238, delay:0.047441718691871276, throughput:3011
episode:152/300, sim_loss:6.8380117
Episode 153 sim randomization params: {'headwayTime': 1.5605045937627278, 'minGap': 2.9031900779390662, 'usualPosAcc': 2.3616992580364653, 'usualNegAcc': 2.5211533753510893, 'length': 5.0}
SIM_TRAIN step:153, travel time:69.99403973509934, q_loss:6.692048, rewards:-2.7200015597873266, queue:0.38452380952380955, delay:0.05040113055516803, throughput:3012
episode:153/300, sim_loss:6.692048
REAL_TEST step:153, travel time:225.39857651245552, q_loss:100, rewards:-19.146663411458334, queue:4.664285714285715, delay:0.1936619349888393, throughput:2097
Episode 154 sim randomization params: {'headwayTime': 3.406984998606934, 'minGap': 3.027574109985941, 'usualPosAcc': 0.1, 'usualNegAcc': 5.272475325340013, 'length': 4.77584745611322}
SIM_TRAIN step:154, travel time:1254.928784365684, q_loss:7.8301167, rewards:-30.6, queue:15.278968253968253, delay:0.2749058799138145, throughput:1051
episode:154/300, sim_loss:7.8301167
Episode 155 sim randomization params: {'headwayTime': 0.5, 'minGap': 3.1171811452583507, 'usualPosAcc': 3.3954752117084537, 'usualNegAcc': 2.072805024441115, 'length': 5.0}
SIM_TRAIN step:155, travel time:74.76482278900298, q_loss:9.099351, rewards:-3.1463887532552084, queue:0.4496031746031746, delay:0.05775460742768787, throughput:3012
episode:155/300, sim_loss:9.099351
Episode 156 sim randomization params: {'headwayTime': 0.5, 'minGap': 2.276119026421596, 'usualPosAcc': 1.060326860234289, 'usualNegAcc': 5.9164477549085, 'length': 4.88745169554975}
SIM_TRAIN step:156, travel time:62.9708898445253, q_loss:9.045094, rewards:-2.1547225952148437, queue:0.4142857142857143, delay:0.03923515440925719, throughput:3012
episode:156/300, sim_loss:9.045094
REAL_TEST step:156, travel time:203.64215283483978, q_loss:100, rewards:-22.44638943142361, queue:4.011507936507937, delay:0.19988473559182787, throughput:2277
Episode 157 sim randomization params: {'headwayTime': 1.4414596625087008, 'minGap': 2.8776232203920022, 'usualPosAcc': 1.818605085233825, 'usualNegAcc': 2.62318907520977, 'length': 4.7}
SIM_TRAIN step:157, travel time:64.69049983449189, q_loss:8.713187, rewards:-2.3391676161024306, queue:0.36507936507936506, delay:0.046026214720710876, throughput:3011
episode:157/300, sim_loss:8.713187
Episode 158 sim randomization params: {'headwayTime': 3.3530812765373375, 'minGap': 3.2673641188417966, 'usualPosAcc': 1.1950741157034228, 'usualNegAcc': 4.07319563591189, 'length': 5.0}
SIM_TRAIN step:158, travel time:90.76233035418736, q_loss:9.003063, rewards:-3.522500271267361, queue:0.6047619047619047, delay:0.06580406673370846, throughput:3002
episode:158/300, sim_loss:9.003063
Episode 159 sim randomization params: {'headwayTime': 0.5, 'minGap': 2.7190760268738092, 'usualPosAcc': 1.2182327392573236, 'usualNegAcc': 1.6859954728931106, 'length': 5.0}
SIM_TRAIN step:159, travel time:68.76347998676812, q_loss:8.407748, rewards:-2.9166666666666665, queue:0.3484126984126984, delay:0.053834479195731026, throughput:3011
episode:159/300, sim_loss:8.407748
REAL_TEST step:159, travel time:239.9302752293578, q_loss:100, rewards:-22.88749728732639, queue:5.609920634920635, delay:0.21017613486638145, throughput:1984
Episode 160 sim randomization params: {'headwayTime': 0.7970457027456785, 'minGap': 3.1272064720920367, 'usualPosAcc': 2.589986185243187, 'usualNegAcc': 4.343698674119791, 'length': 4.812938935923282}
SIM_TRAIN step:160, travel time:63.45695364238411, q_loss:8.522044, rewards:-1.9652774386935763, queue:0.40595238095238095, delay:0.041976132468571736, throughput:3012
episode:160/300, sim_loss:8.522044
Episode 161 sim randomization params: {'headwayTime': 0.9760546328174291, 'minGap': 2.8673576713615585, 'usualPosAcc': 2.62320526282383, 'usualNegAcc': 2.598865428554073, 'length': 5.0}
SIM_TRAIN step:161, travel time:66.54072847682119, q_loss:8.424492, rewards:-2.548055182562934, queue:0.396031746031746, delay:0.047505787440708706, throughput:3011
episode:161/300, sim_loss:8.424492
Episode 162 sim randomization params: {'headwayTime': 3.4214728950783497, 'minGap': 2.9569097739191332, 'usualPosAcc': 4.960347608362122, 'usualNegAcc': 2.7135511449448835, 'length': 5.0}
SIM_TRAIN step:162, travel time:106.82378270950646, q_loss:8.497875, rewards:-3.7919440375434026, queue:0.5876984126984127, delay:0.07007244655064174, throughput:2983
episode:162/300, sim_loss:8.497875
REAL_TEST step:162, travel time:226.4426966292135, q_loss:100, rewards:-23.40000271267361, queue:4.362301587301587, delay:0.2081332494342138, throughput:2040
Episode 163 sim randomization params: {'headwayTime': 1.3765394030635623, 'minGap': 2.9844666213230933, 'usualPosAcc': 1.5012688981683648, 'usualNegAcc': 5.439592468689036, 'length': 5.0}
SIM_TRAIN step:163, travel time:62.463067240808215, q_loss:8.275597, rewards:-1.8161119249131945, queue:0.36468253968253966, delay:0.03772120400080605, throughput:3012
episode:163/300, sim_loss:8.275597
Episode 164 sim randomization params: {'headwayTime': 4.210272764244506, 'minGap': 2.4442055923434474, 'usualPosAcc': 1.9588193154869464, 'usualNegAcc': 2.307597351566209, 'length': 4.7}
SIM_TRAIN step:164, travel time:125.13633355393779, q_loss:8.316125, rewards:-4.486943901909722, queue:0.7857142857142857, delay:0.08005168854244171, throughput:2946
episode:164/300, sim_loss:8.316125
Episode 165 sim randomization params: {'headwayTime': 0.874080835981091, 'minGap': 2.8566052636565744, 'usualPosAcc': 2.606543884530134, 'usualNegAcc': 3.6360636110733626, 'length': 4.7}
SIM_TRAIN step:165, travel time:64.15894039735099, q_loss:9.016064, rewards:-2.0319451226128473, queue:0.3341269841269841, delay:0.04163466559516059, throughput:3012
episode:165/300, sim_loss:9.016064
REAL_TEST step:165, travel time:205.1521456436931, q_loss:100, rewards:-19.439998372395834, queue:4.0091269841269845, delay:0.19489903525700644, throughput:2173
Episode 166 sim randomization params: {'headwayTime': 2.431742564862943, 'minGap': 3.2152215783911244, 'usualPosAcc': 1.4029052302550646, 'usualNegAcc': 3.701386255002998, 'length': 4.952594630927436}
SIM_TRAIN step:166, travel time:91.61805555555556, q_loss:8.930558, rewards:-3.217500474717882, queue:0.4884920634920635, delay:0.055772072928292414, throughput:3012
episode:166/300, sim_loss:8.930558
Episode 167 sim randomization params: {'headwayTime': 2.92898770257606, 'minGap': 2.8770109094814447, 'usualPosAcc': 2.608695867110792, 'usualNegAcc': 2.1538905797241146, 'length': 5.0}
SIM_TRAIN step:167, travel time:132.50595632031767, q_loss:9.165834, rewards:-3.701388888888889, queue:0.478968253968254, delay:0.06562266879611545, throughput:2959
episode:167/300, sim_loss:9.165834
Episode 168 sim randomization params: {'headwayTime': 0.5, 'minGap': 3.0856535293390683, 'usualPosAcc': 2.4896222493703304, 'usualNegAcc': 3.7621791314788773, 'length': 4.7}
SIM_TRAIN step:168, travel time:63.579470198675494, q_loss:7.807395, rewards:-1.9216666327582466, queue:0.33015873015873015, delay:0.03981022304958767, throughput:3012
episode:168/300, sim_loss:7.807395
REAL_TEST step:168, travel time:276.8014888337469, q_loss:100, rewards:-31.626944986979165, queue:8.443253968253968, delay:0.24845990377759178, throughput:2193
Episode 169 sim randomization params: {'headwayTime': 3.5226509164967896, 'minGap': 3.1492330072155825, 'usualPosAcc': 3.8016725435077383, 'usualNegAcc': 7.0, 'length': 4.966387595332433}
SIM_TRAIN step:169, travel time:101.1566225165563, q_loss:7.037787, rewards:-3.125277031792535, queue:0.5535714285714286, delay:0.06280785817948599, throughput:2978
episode:169/300, sim_loss:7.037787
Episode 170 sim randomization params: {'headwayTime': 4.230023019379818, 'minGap': 2.8554219896873883, 'usualPosAcc': 3.165958722342805, 'usualNegAcc': 4.26992638707618, 'length': 5.0}
SIM_TRAIN step:170, travel time:141.01886168100594, q_loss:7.035823, rewards:-3.9322224934895833, queue:0.551984126984127, delay:0.07426507737901476, throughput:2915
episode:170/300, sim_loss:7.035823
Episode 171 sim randomization params: {'headwayTime': 3.2651134359810747, 'minGap': 2.7905829030778713, 'usualPosAcc': 2.6856679029508084, 'usualNegAcc': 4.535083049853226, 'length': 5.0}
SIM_TRAIN step:171, travel time:94.75, q_loss:6.8550224, rewards:-3.4430555555555555, queue:0.6107142857142858, delay:0.06295615907699342, throughput:2993
episode:171/300, sim_loss:6.8550224
REAL_TEST step:171, travel time:346.1919420552286, q_loss:100, rewards:-37.16637912326389, queue:10.226984126984126, delay:0.2637885926261781, throughput:1939
Episode 172 sim randomization params: {'headwayTime': 0.6090286959011313, 'minGap': 2.2497922566621513, 'usualPosAcc': 1.97164373203913, 'usualNegAcc': 3.840288355450027, 'length': 5.0}
SIM_TRAIN step:172, travel time:62.963245033112585, q_loss:7.2430563, rewards:-1.9844456990559896, queue:0.3535714285714286, delay:0.03970440758599175, throughput:3012
episode:172/300, sim_loss:7.2430563
Episode 173 sim randomization params: {'headwayTime': 2.26322548084252, 'minGap': 3.325804444164362, 'usualPosAcc': 3.957427718186077, 'usualNegAcc': 3.6231420682759783, 'length': 4.7}
SIM_TRAIN step:173, travel time:68.99371069182389, q_loss:7.2281947, rewards:-2.5372222900390624, queue:0.4511904761904762, delay:0.04845633431086464, throughput:3011
episode:173/300, sim_loss:7.2281947
Episode 174 sim randomization params: {'headwayTime': 1.4875642799529647, 'minGap': 2.7717305049262646, 'usualPosAcc': 2.3231847155937317, 'usualNegAcc': 1.246665123992928, 'length': 4.704933924068722}
SIM_TRAIN step:174, travel time:74.7411453161205, q_loss:7.1026196, rewards:-3.3749989827473956, queue:0.3888888888888889, delay:0.06140862116737971, throughput:3012
episode:174/300, sim_loss:7.1026196
REAL_TEST step:174, travel time:280.1765178930438, q_loss:100, rewards:-32.3086181640625, queue:8.58015873015873, delay:0.26397952125186014, throughput:2277
Episode 175 sim randomization params: {'headwayTime': 1.34796236230614, 'minGap': 2.8320030611487343, 'usualPosAcc': 2.284151983108632, 'usualNegAcc': 4.748331140938958, 'length': 4.7}
SIM_TRAIN step:175, travel time:61.9559748427673, q_loss:7.4566064, rewards:-1.7925001356336805, queue:0.33650793650793653, delay:0.03753626687186105, throughput:3011
episode:175/300, sim_loss:7.4566064
Episode 176 sim randomization params: {'headwayTime': 1.3237174684673385, 'minGap': 3.0950979516804944, 'usualPosAcc': 2.309971808427844, 'usualNegAcc': 4.037669373879254, 'length': 5.0}
SIM_TRAIN step:176, travel time:62.68940397350993, q_loss:7.247814, rewards:-1.90111083984375, queue:0.346031746031746, delay:0.03916442810543, throughput:3012
episode:176/300, sim_loss:7.247814
Episode 177 sim randomization params: {'headwayTime': 2.846886005757157, 'minGap': 2.9900584812743536, 'usualPosAcc': 2.362839481560885, 'usualNegAcc': 4.763754800825403, 'length': 5.0}
SIM_TRAIN step:177, travel time:70.97650562541364, q_loss:6.9258633, rewards:-2.475001017252604, queue:0.42936507936507934, delay:0.04869501628572979, throughput:3011
episode:177/300, sim_loss:6.9258633
REAL_TEST step:177, travel time:371.03801945181254, q_loss:100, rewards:-35.78138834635417, queue:11.296031746031746, delay:0.2801146734328497, throughput:1922
Episode 178 sim randomization params: {'headwayTime': 1.2064106306207054, 'minGap': 2.8457086926803563, 'usualPosAcc': 0.9733440468413577, 'usualNegAcc': 2.1999726803308164, 'length': 4.7}
SIM_TRAIN step:178, travel time:65.6646805693479, q_loss:6.704218, rewards:-2.4724999321831596, queue:0.3353174603174603, delay:0.04585277920677548, throughput:3011
episode:178/300, sim_loss:6.704218
Episode 179 sim randomization params: {'headwayTime': 0.8965214545557665, 'minGap': 3.380796351787118, 'usualPosAcc': 1.8731751776091754, 'usualNegAcc': 4.928563674680214, 'length': 4.997792093297407}
SIM_TRAIN step:179, travel time:63.38046357615894, q_loss:6.1299767, rewards:-2.009444173177083, queue:0.4027777777777778, delay:0.040030249338301405, throughput:3012
episode:179/300, sim_loss:6.1299767
Episode 180 sim randomization params: {'headwayTime': 0.860028583127985, 'minGap': 3.381780625446047, 'usualPosAcc': 3.4217999540594732, 'usualNegAcc': 1.0, 'length': 5.0}
SIM_TRAIN step:180, travel time:79.01653986106517, q_loss:6.1575236, rewards:-3.5908321804470487, queue:0.4027777777777778, delay:0.06806013924734933, throughput:3012
episode:180/300, sim_loss:6.1575236
REAL_TEST step:180, travel time:672.0721776681061, q_loss:100, rewards:-45.506947157118056, queue:17.583333333333332, delay:0.3272895934089782, throughput:1107
Episode 181 sim randomization params: {'headwayTime': 0.5, 'minGap': 2.835950979230253, 'usualPosAcc': 3.538634253490097, 'usualNegAcc': 3.2322290694652795, 'length': 5.0}
SIM_TRAIN step:181, travel time:68.02980132450331, q_loss:6.244935, rewards:-2.30138922797309, queue:0.4035714285714286, delay:0.0451797606453063, throughput:3012
episode:181/300, sim_loss:6.244935
Episode 182 sim randomization params: {'headwayTime': 3.4474368561082973, 'minGap': 2.3323247802246887, 'usualPosAcc': 1.9874895472500582, 'usualNegAcc': 4.140035023825329, 'length': 4.7}
SIM_TRAIN step:182, travel time:86.95331125827815, q_loss:6.423269, rewards:-3.7530554877387154, queue:0.6757936507936508, delay:0.06663775368342324, throughput:3009
episode:182/300, sim_loss:6.423269
Episode 183 sim randomization params: {'headwayTime': 1.7171905840593855, 'minGap': 3.1879225681000225, 'usualPosAcc': 3.0608225770894992, 'usualNegAcc': 2.263834305158419, 'length': 5.0}
SIM_TRAIN step:183, travel time:147.73311258278144, q_loss:6.912184, rewards:-3.3855553521050346, queue:0.5043650793650793, delay:0.05798585679796007, throughput:2918
episode:183/300, sim_loss:6.912184
REAL_TEST step:183, travel time:650.9723444374607, q_loss:100, rewards:-46.83361002604167, queue:17.227777777777778, delay:0.32422139001271083, throughput:1088
Episode 184 sim randomization params: {'headwayTime': 1.0162827458555264, 'minGap': 2.4625307506776366, 'usualPosAcc': 1.0931240439971905, 'usualNegAcc': 4.147650637877433, 'length': 4.98200722816412}
SIM_TRAIN step:184, travel time:64.11974859411181, q_loss:6.7089176, rewards:-2.2925008138020835, queue:0.3757936507936508, delay:0.04071189638168093, throughput:3012
episode:184/300, sim_loss:6.7089176
Episode 185 sim randomization params: {'headwayTime': 2.1096143011484134, 'minGap': 2.48736474276593, 'usualPosAcc': 2.3798558120168973, 'usualNegAcc': 2.0820185319114177, 'length': 4.7}
SIM_TRAIN step:185, travel time:109.44444444444444, q_loss:6.30503, rewards:-3.9638885498046874, queue:0.5694444444444444, delay:0.05953852335611979, throughput:2976
episode:185/300, sim_loss:6.30503
Episode 186 sim randomization params: {'headwayTime': 1.8077256404809248, 'minGap': 2.4019794375246213, 'usualPosAcc': 3.5402034822592716, 'usualNegAcc': 7.0, 'length': 5.0}
SIM_TRAIN step:186, travel time:67.10665783371978, q_loss:6.7139573, rewards:-1.9224995930989583, queue:0.45515873015873015, delay:0.04052997165256077, throughput:3012
episode:186/300, sim_loss:6.7139573
REAL_TEST step:186, travel time:700.6077428780131, q_loss:100, rewards:-35.693050130208334, queue:15.104761904761904, delay:0.27590840657552085, throughput:899
Episode 187 sim randomization params: {'headwayTime': 0.5, 'minGap': 2.802373214905465, 'usualPosAcc': 0.5146043967281564, 'usualNegAcc': 3.1109184451841347, 'length': 5.0}
SIM_TRAIN step:187, travel time:73.9139642620781, q_loss:7.0084853, rewards:-2.730555216471354, queue:0.44841269841269843, delay:0.04735065036349827, throughput:3007
episode:187/300, sim_loss:7.0084853
Episode 188 sim randomization params: {'headwayTime': 3.1432110361488173, 'minGap': 2.5285726086109643, 'usualPosAcc': 3.0368380887418094, 'usualNegAcc': 5.503996519008496, 'length': 5.0}
SIM_TRAIN step:188, travel time:94.69358041032429, q_loss:7.0790954, rewards:-3.542777845594618, queue:0.5607142857142857, delay:0.06330794077070932, throughput:2989
episode:188/300, sim_loss:7.0790954
Episode 189 sim randomization params: {'headwayTime': 0.8595930576232826, 'minGap': 2.588887995651458, 'usualPosAcc': 2.704005582003738, 'usualNegAcc': 1.0, 'length': 4.7}
SIM_TRAIN step:189, travel time:72.65882742630009, q_loss:6.98147, rewards:-3.378055148654514, queue:0.33214285714285713, delay:0.06301541404118613, throughput:3010
episode:189/300, sim_loss:6.98147
REAL_TEST step:189, travel time:677.5101744186046, q_loss:100, rewards:-31.306936306423612, queue:14.632142857142858, delay:0.2631648714580233, throughput:913
Episode 190 sim randomization params: {'headwayTime': 1.6203743043175498, 'minGap': 2.7346368844863607, 'usualPosAcc': 0.4759324096989692, 'usualNegAcc': 3.3169402719417422, 'length': 4.7}
SIM_TRAIN step:190, travel time:67.99304865938431, q_loss:6.9754214, rewards:-2.3094441731770834, queue:0.348015873015873, delay:0.043256096612839474, throughput:3011
episode:190/300, sim_loss:6.9754214
Episode 191 sim randomization params: {'headwayTime': 3.440745013470877, 'minGap': 2.5693490657278053, 'usualPosAcc': 2.246010623524712, 'usualNegAcc': 3.3366012368152913, 'length': 5.0}
SIM_TRAIN step:191, travel time:85.43528632903012, q_loss:7.1638045, rewards:-3.4716668023003474, queue:0.5214285714285715, delay:0.06742816501193577, throughput:3012
episode:191/300, sim_loss:7.1638045
Episode 192 sim randomization params: {'headwayTime': 0.5, 'minGap': 2.7773750231134398, 'usualPosAcc': 3.6630766030122, 'usualNegAcc': 3.1357663499265547, 'length': 4.7}
SIM_TRAIN step:192, travel time:66.59285004965243, q_loss:7.517811, rewards:-2.553611077202691, queue:0.3825396825396825, delay:0.04628042796301463, throughput:3012
episode:192/300, sim_loss:7.517811
REAL_TEST step:192, travel time:722.2928623988226, q_loss:100, rewards:-31.216107855902777, queue:15.109920634920634, delay:0.2738981216672867, throughput:884
Episode 193 sim randomization params: {'headwayTime': 2.6780787654736047, 'minGap': 3.021207286247663, 'usualPosAcc': 2.262134426938033, 'usualNegAcc': 1.890718696624901, 'length': 4.7}
SIM_TRAIN step:193, travel time:71.61151555261416, q_loss:7.277584, rewards:-3.318332248263889, queue:0.42063492063492064, delay:0.058424395606631326, throughput:3011
episode:193/300, sim_loss:7.277584
Episode 194 sim randomization params: {'headwayTime': 1.5446509791825245, 'minGap': 2.584808171927017, 'usualPosAcc': 0.1, 'usualNegAcc': 2.4999125936673856, 'length': 4.960483881938064}
SIM_TRAIN step:194, travel time:105.37835153922542, q_loss:6.9954653, rewards:-3.933334689670139, queue:0.3551587301587302, delay:0.05157434372674851, throughput:2922
episode:194/300, sim_loss:6.9954653
Episode 195 sim randomization params: {'headwayTime': 1.2025036808939482, 'minGap': 2.872793777910175, 'usualPosAcc': 2.7437748513895763, 'usualNegAcc': 5.09865778056834, 'length': 5.0}
SIM_TRAIN step:195, travel time:62.727393176548524, q_loss:7.2390523, rewards:-1.9316663953993056, queue:0.38492063492063494, delay:0.03869212922595796, throughput:3011
episode:195/300, sim_loss:7.2390523
REAL_TEST step:195, travel time:679.9313367421476, q_loss:100, rewards:-30.546931966145834, queue:14.451190476190476, delay:0.25987110440693206, throughput:906
Episode 196 sim randomization params: {'headwayTime': 3.395248547023739, 'minGap': 2.3944417232424215, 'usualPosAcc': 0.1, 'usualNegAcc': 3.5526390168758715, 'length': 5.0}
SIM_TRAIN step:196, travel time:156.70596026490065, q_loss:6.783741, rewards:-5.239722357855903, queue:0.5063492063492063, delay:0.07326582651289683, throughput:2880
episode:196/300, sim_loss:6.783741
Episode 197 sim randomization params: {'headwayTime': 0.5, 'minGap': 2.9979315693927466, 'usualPosAcc': 1.586962160498436, 'usualNegAcc': 4.3281647831393535, 'length': 4.79166836929803}
SIM_TRAIN step:197, travel time:64.31171409662475, q_loss:6.534011, rewards:-2.0788886176215278, queue:0.3896825396825397, delay:0.04085062723311167, throughput:3011
episode:197/300, sim_loss:6.534011
Episode 198 sim randomization params: {'headwayTime': 2.8035087855826104, 'minGap': 2.272449730122044, 'usualPosAcc': 2.0336850498649524, 'usualNegAcc': 3.468190229902829, 'length': 4.7}
SIM_TRAIN step:198, travel time:72.56632484287132, q_loss:6.311057, rewards:-3.102222357855903, queue:0.4746031746031746, delay:0.05441537887331039, throughput:3011
episode:198/300, sim_loss:6.311057
REAL_TEST step:198, travel time:706.409933283914, q_loss:100, rewards:-29.662215169270834, queue:14.348412698412698, delay:0.2666663760230655, throughput:889
Episode 199 sim randomization params: {'headwayTime': 5.0, 'minGap': 2.7053215716456114, 'usualPosAcc': 4.5203615514513915, 'usualNegAcc': 2.6636263378527305, 'length': 4.852818460492158}
SIM_TRAIN step:199, travel time:1222.4796290162305, q_loss:7.5013485, rewards:-30.1125, queue:15.878571428571428, delay:0.2525171915690104, throughput:1137
episode:199/300, sim_loss:7.5013485
Episode 200 sim randomization params: {'headwayTime': 4.195506383726736, 'minGap': 3.0093776642100054, 'usualPosAcc': 2.89119391639421, 'usualNegAcc': 4.1148717791549, 'length': 4.7}
SIM_TRAIN step:200, travel time:135.4180192116595, q_loss:8.4806185, rewards:-4.135555013020833, queue:0.5912698412698413, delay:0.07625934661380829, throughput:2951
episode:200/300, sim_loss:8.4806185
Episode 201 sim randomization params: {'headwayTime': 1.410490351660508, 'minGap': 2.555679564602589, 'usualPosAcc': 2.8984825671474685, 'usualNegAcc': 2.8513629165705368, 'length': 4.971802162240161}
SIM_TRAIN step:201, travel time:66.89076464746772, q_loss:8.442252, rewards:-2.454443868001302, queue:0.38055555555555554, delay:0.04648031507219587, throughput:3011
episode:201/300, sim_loss:8.442252
REAL_TEST step:201, travel time:703.0345572354212, q_loss:100, rewards:-33.93832194010417, queue:15.496428571428572, delay:0.2703436230856275, throughput:906
Episode 202 sim randomization params: {'headwayTime': 1.9631921630281324, 'minGap': 2.886906661434195, 'usualPosAcc': 2.5827439142003192, 'usualNegAcc': 2.6822901540415867, 'length': 4.7}
SIM_TRAIN step:202, travel time:71.3727242634889, q_loss:8.368593, rewards:-2.7361109415690104, queue:0.4607142857142857, delay:0.04958764333573599, throughput:3012
episode:202/300, sim_loss:8.368593
Episode 203 sim randomization params: {'headwayTime': 0.9240893324440829, 'minGap': 3.2857538026317132, 'usualPosAcc': 3.1388600567921996, 'usualNegAcc': 4.615650362523544, 'length': 5.0}
SIM_TRAIN step:203, travel time:65.14455838570956, q_loss:8.2311125, rewards:-2.1450003729926217, queue:0.4158730158730159, delay:0.042410578046526225, throughput:3012
episode:203/300, sim_loss:8.2311125
Episode 204 sim randomization params: {'headwayTime': 0.5, 'minGap': 3.0835828717334555, 'usualPosAcc': 1.1678992169242661, 'usualNegAcc': 3.178441145767655, 'length': 5.0}
SIM_TRAIN step:204, travel time:66.95827814569536, q_loss:8.257463, rewards:-2.4255550808376736, queue:0.4, delay:0.044716910710410465, throughput:3012
episode:204/300, sim_loss:8.257463
REAL_TEST step:204, travel time:927.4289793004997, q_loss:100, rewards:-56.052490234375, queue:21.877777777777776, delay:0.3402626400902158, throughput:807
Episode 205 sim randomization params: {'headwayTime': 4.957391122831471, 'minGap': 2.6184206207089322, 'usualPosAcc': 2.501077095112374, 'usualNegAcc': 5.503729414169671, 'length': 4.7}
SIM_TRAIN step:205, travel time:126.43962950711214, q_loss:8.081557, rewards:-4.686944580078125, queue:0.725, delay:0.08445032513330854, throughput:2962
episode:205/300, sim_loss:8.081557
Episode 206 sim randomization params: {'headwayTime': 2.7409398590306133, 'minGap': 2.7890198658567615, 'usualPosAcc': 1.4308948388007237, 'usualNegAcc': 3.9287440839948298, 'length': 5.0}
SIM_TRAIN step:206, travel time:74.00628722700199, q_loss:8.316722, rewards:-2.830554877387153, queue:0.4718253968253968, delay:0.05408704848516555, throughput:3012
episode:206/300, sim_loss:8.316722
Episode 207 sim randomization params: {'headwayTime': 0.5, 'minGap': 3.0367963214648266, 'usualPosAcc': 2.8657831858833323, 'usualNegAcc': 1.7627712426357658, 'length': 5.0}
SIM_TRAIN step:207, travel time:120.58722277391593, q_loss:8.572652, rewards:-3.726388210720486, queue:0.4797619047619048, delay:0.06276600550091456, throughput:2955
episode:207/300, sim_loss:8.572652
REAL_TEST step:207, travel time:331.3574950690335, q_loss:100, rewards:-40.285557725694446, queue:10.260317460317461, delay:0.26521732390873015, throughput:1772
Episode 208 sim randomization params: {'headwayTime': 4.029127725581658, 'minGap': 2.5904263707599173, 'usualPosAcc': 1.8321819994860493, 'usualNegAcc': 4.902417164646207, 'length': 4.7}
SIM_TRAIN step:208, travel time:104.67814569536424, q_loss:8.365969, rewards:-4.559445529513889, queue:0.803968253968254, delay:0.07956194801936074, throughput:3002
episode:208/300, sim_loss:8.365969
Episode 209 sim randomization params: {'headwayTime': 0.5, 'minGap': 3.2775975604642618, 'usualPosAcc': 2.6419427352334512, 'usualNegAcc': 6.674960857905271, 'length': 5.0}
SIM_TRAIN step:209, travel time:66.85936465916612, q_loss:8.937656, rewards:-2.0697228325737846, queue:0.39126984126984127, delay:0.03898148006863064, throughput:3012
episode:209/300, sim_loss:8.937656
Episode 210 sim randomization params: {'headwayTime': 2.438056706207933, 'minGap': 3.9348201733018873, 'usualPosAcc': 2.396260409506053, 'usualNegAcc': 2.2151674067920686, 'length': 5.0}
SIM_TRAIN step:210, travel time:85.51192052980133, q_loss:9.444521, rewards:-3.658889431423611, queue:0.5527777777777778, delay:0.06210503351120722, throughput:3009
episode:210/300, sim_loss:9.444521
REAL_TEST step:210, travel time:351.1933638443936, q_loss:100, rewards:-31.74001193576389, queue:9.958333333333334, delay:0.2354616195436508, throughput:1482
Episode 211 sim randomization params: {'headwayTime': 4.1102861783472875, 'minGap': 2.4805567480928854, 'usualPosAcc': 1.3947594513445791, 'usualNegAcc': 4.4016522734672305, 'length': 4.7}
SIM_TRAIN step:211, travel time:110.1396888447534, q_loss:10.070357, rewards:-4.771945190429688, queue:0.8142857142857143, delay:0.0823483421688988, throughput:2997
episode:211/300, sim_loss:10.070357
Episode 212 sim randomization params: {'headwayTime': 0.5, 'minGap': 3.186374269679145, 'usualPosAcc': 1.8320337140317893, 'usualNegAcc': 1.162686313001955, 'length': 5.0}
SIM_TRAIN step:212, travel time:78.79774908970539, q_loss:10.494291, rewards:-3.3669440375434028, queue:0.3761904761904762, delay:0.062034364730592755, throughput:3010
episode:212/300, sim_loss:10.494291
Episode 213 sim randomization params: {'headwayTime': 0.5, 'minGap': 2.7115884030944337, 'usualPosAcc': 2.123085160964654, 'usualNegAcc': 3.8297052546052144, 'length': 4.763516670781473}
SIM_TRAIN step:213, travel time:64.20761589403973, q_loss:8.72438, rewards:-2.166666497124566, queue:0.373015873015873, delay:0.041667196485731334, throughput:3011
episode:213/300, sim_loss:8.72438
REAL_TEST step:213, travel time:844.243853820598, q_loss:100, rewards:-53.039447699652776, queue:20.45277777777778, delay:0.34388626340835815, throughput:876
Episode 214 sim randomization params: {'headwayTime': 1.9566918109362155, 'minGap': 2.9206980484673273, 'usualPosAcc': 2.5121200568776647, 'usualNegAcc': 3.8455071914814574, 'length': 4.7}
SIM_TRAIN step:214, travel time:65.44606221045665, q_loss:8.196802, rewards:-2.228889634874132, queue:0.39325396825396824, delay:0.04376219492109995, throughput:3011
episode:214/300, sim_loss:8.196802
Episode 215 sim randomization params: {'headwayTime': 2.8806845150485874, 'minGap': 2.3943955887268267, 'usualPosAcc': 0.1, 'usualNegAcc': 5.8549027341262825, 'length': 4.7}
SIM_TRAIN step:215, travel time:79.51258278145696, q_loss:7.9566655, rewards:-4.011111111111111, queue:0.5206349206349207, delay:0.059077387007455975, throughput:3010
episode:215/300, sim_loss:7.9566655
Episode 216 sim randomization params: {'headwayTime': 2.41836831753895, 'minGap': 2.6218778646566436, 'usualPosAcc': 1.7072859464161918, 'usualNegAcc': 4.454501438988167, 'length': 4.7}
SIM_TRAIN step:216, travel time:68.9364448857994, q_loss:8.053486, rewards:-2.6036107381184896, queue:0.4492063492063492, delay:0.047829927716936387, throughput:3012
episode:216/300, sim_loss:8.053486
REAL_TEST step:216, travel time:497.54555028962614, q_loss:100, rewards:-33.22110731336806, queue:15.241666666666667, delay:0.3145076691158234, throughput:1429
Episode 217 sim randomization params: {'headwayTime': 2.7596334674845187, 'minGap': 3.037049291447483, 'usualPosAcc': 4.21364916295316, 'usualNegAcc': 3.1755073760246004, 'length': 5.0}
SIM_TRAIN step:217, travel time:93.14309373964889, q_loss:8.015878, rewards:-3.553889634874132, queue:0.5952380952380952, delay:0.06518602522592697, throughput:3005
episode:217/300, sim_loss:8.015878
Episode 218 sim randomization params: {'headwayTime': 5.0, 'minGap': 3.4712056205913675, 'usualPosAcc': 3.427064661236297, 'usualNegAcc': 4.400699072209247, 'length': 5.0}
SIM_TRAIN step:218, travel time:208.93942403177755, q_loss:8.566118, rewards:-6.251390245225695, queue:1.7384920634920635, delay:0.09778831724136594, throughput:2692
episode:218/300, sim_loss:8.566118
Episode 219 sim randomization params: {'headwayTime': 5.0, 'minGap': 2.6240177777208413, 'usualPosAcc': 3.8861082893384733, 'usualNegAcc': 4.6390564020191665, 'length': 5.0}
SIM_TRAIN step:219, travel time:160.68783068783068, q_loss:9.338371, rewards:-4.278054809570312, queue:0.5353174603174603, delay:0.08545132591610863, throughput:2907
episode:219/300, sim_loss:9.338371
REAL_TEST step:219, travel time:557.5582998276852, q_loss:100, rewards:-34.8066650390625, queue:13.949603174603174, delay:0.2987585642981151, throughput:1210
Episode 220 sim randomization params: {'headwayTime': 2.3713627676762075, 'minGap': 3.0756026404864327, 'usualPosAcc': 3.904807529168255, 'usualNegAcc': 4.0412809841765505, 'length': 5.0}
SIM_TRAIN step:220, travel time:75.22384105960265, q_loss:9.584566, rewards:-2.8588880750868055, queue:0.4738095238095238, delay:0.05282736278715588, throughput:3012
episode:220/300, sim_loss:9.584566
Episode 221 sim randomization params: {'headwayTime': 4.5640883560324745, 'minGap': 3.0143792876338527, 'usualPosAcc': 3.3712305751297906, 'usualNegAcc': 5.244758950663918, 'length': 5.0}
SIM_TRAIN step:221, travel time:231.30960264900662, q_loss:9.994358, rewards:-6.26361083984375, queue:2.0559523809523808, delay:0.0958938235328311, throughput:2622
episode:221/300, sim_loss:9.994358
Episode 222 sim randomization params: {'headwayTime': 4.271862444684704, 'minGap': 3.035797383017681, 'usualPosAcc': 2.912629017407447, 'usualNegAcc': 1.791178418551795, 'length': 5.0}
SIM_TRAIN step:222, travel time:178.10761589403972, q_loss:10.958796, rewards:-4.983054945203993, queue:0.801984126984127, delay:0.08642223297603546, throughput:2865
episode:222/300, sim_loss:10.958796
REAL_TEST step:222, travel time:525.3281938325991, q_loss:100, rewards:-30.2552734375, queue:13.868650793650794, delay:0.29656834678044397, throughput:1294
Episode 223 sim randomization params: {'headwayTime': 0.5, 'minGap': 2.5313458010543273, 'usualPosAcc': 3.5146921413579095, 'usualNegAcc': 3.543099593621823, 'length': 5.0}
SIM_TRAIN step:223, travel time:103.40364238410596, q_loss:10.941664, rewards:-2.8461123996310764, queue:0.4448412698412698, delay:0.049602662949335005, throughput:2934
episode:223/300, sim_loss:10.941664
Episode 224 sim randomization params: {'headwayTime': 0.990275282240942, 'minGap': 3.3324334426914186, 'usualPosAcc': 2.825530164876479, 'usualNegAcc': 5.552856190172445, 'length': 5.0}
SIM_TRAIN step:224, travel time:112.88311258278145, q_loss:10.637619, rewards:-2.5594451904296873, queue:0.46944444444444444, delay:0.04515716916038876, throughput:2885
episode:224/300, sim_loss:10.637619
Episode 225 sim randomization params: {'headwayTime': 2.392490798319632, 'minGap': 2.7277301320001404, 'usualPosAcc': 2.672850305602455, 'usualNegAcc': 4.991696357359128, 'length': 5.0}
SIM_TRAIN step:225, travel time:72.25165562913908, q_loss:10.151858, rewards:-2.6944451226128474, queue:0.5265873015873016, delay:0.050800335596478174, throughput:3012
episode:225/300, sim_loss:10.151858
REAL_TEST step:225, travel time:631.7057387057387, q_loss:100, rewards:-38.69833984375, queue:14.874206349206348, delay:0.29072178431919643, throughput:1076
Episode 226 sim randomization params: {'headwayTime': 0.5, 'minGap': 3.26924553898854, 'usualPosAcc': 2.339085199593853, 'usualNegAcc': 4.971811404766049, 'length': 4.7}
SIM_TRAIN step:226, travel time:63.027161311692616, q_loss:9.064307, rewards:-1.9605553521050347, queue:0.4095238095238095, delay:0.039242066277398006, throughput:3011
episode:226/300, sim_loss:9.064307
Episode 227 sim randomization params: {'headwayTime': 3.229003859152138, 'minGap': 2.6132269221825672, 'usualPosAcc': 2.8059252910565595, 'usualNegAcc': 3.235073501517347, 'length': 4.8172335572099785}
SIM_TRAIN step:227, travel time:82.41528788881536, q_loss:9.020211, rewards:-3.584721204969618, queue:0.6095238095238096, delay:0.06593272496783543, throughput:3011
episode:227/300, sim_loss:9.020211
Episode 228 sim randomization params: {'headwayTime': 1.0971405788440955, 'minGap': 2.8447115253498167, 'usualPosAcc': 0.262736821372211, 'usualNegAcc': 5.067495521706214, 'length': 5.0}
SIM_TRAIN step:228, travel time:65.03474520185308, q_loss:9.710894, rewards:-3.0705559624565972, queue:0.42896825396825394, delay:0.044286116342695935, throughput:3012
episode:228/300, sim_loss:9.710894
REAL_TEST step:228, travel time:619.8579988016777, q_loss:100, rewards:-41.121668836805554, queue:14.864682539682539, delay:0.30581749810112846, throughput:1085
Episode 229 sim randomization params: {'headwayTime': 1.3162902450608414, 'minGap': 2.4032883346731437, 'usualPosAcc': 1.750475393044424, 'usualNegAcc': 5.178278354328686, 'length': 5.0}
SIM_TRAIN step:229, travel time:63.601655629139074, q_loss:9.477939, rewards:-1.9686123318142361, queue:0.4158730158730159, delay:0.04060608394562252, throughput:3012
episode:229/300, sim_loss:9.477939
Episode 230 sim randomization params: {'headwayTime': 1.568374197173769, 'minGap': 3.22301892085061, 'usualPosAcc': 1.2135861713877734, 'usualNegAcc': 2.7442873234980536, 'length': 5.0}
SIM_TRAIN step:230, travel time:68.48626282687852, q_loss:9.382876, rewards:-2.4827772352430557, queue:0.35634920634920636, delay:0.04658746870737227, throughput:3012
episode:230/300, sim_loss:9.382876
Episode 231 sim randomization params: {'headwayTime': 1.9302334064231084, 'minGap': 2.6878787483041267, 'usualPosAcc': 0.1, 'usualNegAcc': 4.747097481994745, 'length': 5.0}
SIM_TRAIN step:231, travel time:88.36243386243386, q_loss:9.457921, rewards:-5.031667073567708, queue:0.6599206349206349, delay:0.06395491342695933, throughput:2990
episode:231/300, sim_loss:9.457921
REAL_TEST step:231, travel time:280.92892047978677, q_loss:100, rewards:-26.32944064670139, queue:6.832142857142857, delay:0.21773185124472966, throughput:1907
Episode 232 sim randomization params: {'headwayTime': 0.5, 'minGap': 3.1161172469990697, 'usualPosAcc': 2.610465288088322, 'usualNegAcc': 4.134982252703932, 'length': 5.0}
SIM_TRAIN step:232, travel time:65.41073203047367, q_loss:9.520828, rewards:-2.236944580078125, queue:0.3773809523809524, delay:0.04285564422607422, throughput:3012
episode:232/300, sim_loss:9.520828
Episode 233 sim randomization params: {'headwayTime': 0.7904003552396908, 'minGap': 3.156883117126088, 'usualPosAcc': 3.560041646697492, 'usualNegAcc': 4.887964553245877, 'length': 5.0}
SIM_TRAIN step:233, travel time:64.42833498841443, q_loss:8.379236, rewards:-2.053056844075521, queue:0.38412698412698415, delay:0.04106808919755239, throughput:3011
episode:233/300, sim_loss:8.379236
Episode 234 sim randomization params: {'headwayTime': 3.2659606716758134, 'minGap': 2.6978392242778924, 'usualPosAcc': 5.075802811388425, 'usualNegAcc': 1.9725924288565415, 'length': 4.703856899610871}
SIM_TRAIN step:234, travel time:101.35695364238411, q_loss:8.521247, rewards:-4.544721137152778, queue:0.6964285714285714, delay:0.07591349283854167, throughput:2964
episode:234/300, sim_loss:8.521247
REAL_TEST step:234, travel time:198.44121163810283, q_loss:100, rewards:-23.353887261284722, queue:4.030555555555556, delay:0.20232381669301835, throughput:2325
Episode 235 sim randomization params: {'headwayTime': 0.5, 'minGap': 2.8630061121649346, 'usualPosAcc': 4.101818225166083, 'usualNegAcc': 5.7245460926713125, 'length': 5.0}
SIM_TRAIN step:235, travel time:194.1752235839682, q_loss:8.257101, rewards:-1.8630555894639758, queue:0.3400793650793651, delay:0.03733624049595424, throughput:2787
episode:235/300, sim_loss:8.257101
Episode 236 sim randomization params: {'headwayTime': 1.021377817461192, 'minGap': 2.7006965846658075, 'usualPosAcc': 1.8096532541457113, 'usualNegAcc': 5.186431464424954, 'length': 4.7}
SIM_TRAIN step:236, travel time:61.84376034425687, q_loss:6.8500023, rewards:-1.7461117214626736, queue:0.34563492063492063, delay:0.036221961369590154, throughput:3012
episode:236/300, sim_loss:6.8500023
Episode 237 sim randomization params: {'headwayTime': 3.6302115074795633, 'minGap': 2.888266134215268, 'usualPosAcc': 2.8639894585346255, 'usualNegAcc': 6.058280678885049, 'length': 4.7}
SIM_TRAIN step:237, travel time:134.2793388429752, q_loss:6.131004, rewards:-3.296944851345486, queue:0.5273809523809524, delay:0.06257721431671627, throughput:2921
episode:237/300, sim_loss:6.131004
REAL_TEST step:237, travel time:679.4900449582531, q_loss:100, rewards:-38.9505615234375, queue:15.314285714285715, delay:0.3078979734390501, throughput:1011
Episode 238 sim randomization params: {'headwayTime': 5.0, 'minGap': 2.3925970426254786, 'usualPosAcc': 1.5083213762463559, 'usualNegAcc': 1.2377094111614468, 'length': 4.7}
SIM_TRAIN step:238, travel time:182.77947019867548, q_loss:6.321929, rewards:-6.093055555555556, queue:0.7023809523809523, delay:0.10254923502604167, throughput:2878
episode:238/300, sim_loss:6.321929
Episode 239 sim randomization params: {'headwayTime': 3.1317013120647506, 'minGap': 3.165582463386907, 'usualPosAcc': 3.0472144127246272, 'usualNegAcc': 4.116663460197945, 'length': 4.7}
SIM_TRAIN step:239, travel time:135.4268696227664, q_loss:7.0153413, rewards:-3.6144439697265627, queue:0.5603174603174603, delay:0.061912155151367186, throughput:2939
episode:239/300, sim_loss:7.0153413
Episode 240 sim randomization params: {'headwayTime': 0.5, 'minGap': 3.0094004026953196, 'usualPosAcc': 4.463017489136155, 'usualNegAcc': 3.131949773831035, 'length': 4.7}
SIM_TRAIN step:240, travel time:75.10033112582782, q_loss:7.4023857, rewards:-2.7847218831380207, queue:0.4150793650793651, delay:0.0490657715570359, throughput:3012
episode:240/300, sim_loss:7.4023857
REAL_TEST step:240, travel time:503.4504555808656, q_loss:100, rewards:-31.461664496527778, queue:10.91904761904762, delay:0.2696364145430308, throughput:1282
Episode 241 sim randomization params: {'headwayTime': 0.5, 'minGap': 2.654965382738983, 'usualPosAcc': 4.778179598149935, 'usualNegAcc': 3.375926321449438, 'length': 4.7}
SIM_TRAIN step:241, travel time:74.3859649122807, q_loss:7.155821, rewards:-2.668332756890191, queue:0.43253968253968256, delay:0.04786236778138176, throughput:3012
episode:241/300, sim_loss:7.155821
Episode 242 sim randomization params: {'headwayTime': 1.0212366058289595, 'minGap': 2.725923810330865, 'usualPosAcc': 2.991234244701517, 'usualNegAcc': 2.670374332422182, 'length': 4.7}
SIM_TRAIN step:242, travel time:71.94435243458099, q_loss:6.811381, rewards:-2.660833231608073, queue:0.3952380952380952, delay:0.04768736097547743, throughput:3012
episode:242/300, sim_loss:6.811381
Episode 243 sim randomization params: {'headwayTime': 1.7672099373589312, 'minGap': 3.06872131685464, 'usualPosAcc': 3.605179524383236, 'usualNegAcc': 4.558829945376828, 'length': 4.707201965010794}
SIM_TRAIN step:243, travel time:75.20516214427532, q_loss:6.926175, rewards:-2.3655554877387153, queue:0.4380952380952381, delay:0.04496074858165923, throughput:3012
episode:243/300, sim_loss:6.926175
REAL_TEST step:243, travel time:470.3393900064893, q_loss:100, rewards:-29.898621961805556, queue:11.365079365079366, delay:0.2512506394159226, throughput:1259
Episode 244 sim randomization params: {'headwayTime': 0.5, 'minGap': 2.6125341885642848, 'usualPosAcc': 3.0163506948554297, 'usualNegAcc': 1.6195289546045344, 'length': 5.0}
SIM_TRAIN step:244, travel time:71.34998346013893, q_loss:7.5758357, rewards:-2.914445326063368, queue:0.398015873015873, delay:0.05618403601267981, throughput:3011
episode:244/300, sim_loss:7.5758357
Episode 245 sim randomization params: {'headwayTime': 1.0557425699561027, 'minGap': 2.69042097673889, 'usualPosAcc': 4.1525295309101775, 'usualNegAcc': 4.0412229026105795, 'length': 5.0}
SIM_TRAIN step:245, travel time:70.13831899404369, q_loss:6.843874, rewards:-2.551943630642361, queue:0.44325396825396823, delay:0.04735741388230097, throughput:3011
episode:245/300, sim_loss:6.843874
Episode 246 sim randomization params: {'headwayTime': 0.5, 'minGap': 3.3070668291671046, 'usualPosAcc': 3.866349357929271, 'usualNegAcc': 1.0, 'length': 4.943506744467491}
SIM_TRAIN step:246, travel time:75.00099272005295, q_loss:6.6009636, rewards:-3.4402777777777778, queue:0.40714285714285714, delay:0.06698793078225757, throughput:3009
episode:246/300, sim_loss:6.6009636
REAL_TEST step:246, travel time:542.5753899480069, q_loss:100, rewards:-37.03582628038195, queue:12.478174603174603, delay:0.28307667081318205, throughput:1239
Episode 247 sim randomization params: {'headwayTime': 4.829737203794764, 'minGap': 3.1801006572204784, 'usualPosAcc': 2.0298032270675828, 'usualNegAcc': 3.3368469905519538, 'length': 4.7}
SIM_TRAIN step:247, travel time:1192.613448161643, q_loss:8.075342, rewards:-30.972219509548612, queue:15.05595238095238, delay:0.24369158063616073, throughput:1186
episode:247/300, sim_loss:8.075342
Episode 248 sim randomization params: {'headwayTime': 2.465137707406604, 'minGap': 2.254458050758837, 'usualPosAcc': 1.2491828281788324, 'usualNegAcc': 5.445896402326152, 'length': 4.986838371919793}
SIM_TRAIN step:248, travel time:88.43102877935826, q_loss:9.623272, rewards:-2.9997222900390623, queue:0.5297619047619048, delay:0.052080390566871276, throughput:3012
episode:248/300, sim_loss:9.623272
Episode 249 sim randomization params: {'headwayTime': 1.4567358934828325, 'minGap': 2.86187199570148, 'usualPosAcc': 6.358975856982595, 'usualNegAcc': 5.314893265582767, 'length': 4.7}
SIM_TRAIN step:249, travel time:68.94374586366645, q_loss:9.129074, rewards:-2.671944512261285, queue:0.523015873015873, delay:0.04755234188503689, throughput:3012
episode:249/300, sim_loss:9.129074
REAL_TEST step:249, travel time:856.3594436310395, q_loss:100, rewards:-51.90833333333333, queue:16.75357142857143, delay:0.3254868522522941, throughput:822
Episode 250 sim randomization params: {'headwayTime': 5.0, 'minGap': 2.86803382235292, 'usualPosAcc': 3.6360150293709106, 'usualNegAcc': 2.784856493684037, 'length': 4.7}
SIM_TRAIN step:250, travel time:186.4495200264813, q_loss:9.262723, rewards:-6.108333333333333, queue:2.2293650793650794, delay:0.10879278031606522, throughput:2733
episode:250/300, sim_loss:9.262723
Episode 251 sim randomization params: {'headwayTime': 3.5193854104227063, 'minGap': 2.6232007702280686, 'usualPosAcc': 1.5674073629225174, 'usualNegAcc': 5.10062150668836, 'length': 4.7}
SIM_TRAIN step:251, travel time:131.71911228883735, q_loss:11.030404, rewards:-5.597499254014757, queue:2.3666666666666667, delay:0.0883585914732918, throughput:2778
episode:251/300, sim_loss:11.030404
Episode 252 sim randomization params: {'headwayTime': 0.5, 'minGap': 3.096219582685998, 'usualPosAcc': 0.1, 'usualNegAcc': 2.527307975597979, 'length': 4.765986488319661}
SIM_TRAIN step:252, travel time:99.90897053955644, q_loss:12.054697, rewards:-5.04305657280816, queue:0.4444444444444444, delay:0.05541141449459015, throughput:2939
episode:252/300, sim_loss:12.054697
REAL_TEST step:252, travel time:594.8141646489104, q_loss:100, rewards:-35.88416341145833, queue:14.005952380952381, delay:0.3159213111514137, throughput:1137
Episode 253 sim randomization params: {'headwayTime': 0.5, 'minGap': 2.497739412294055, 'usualPosAcc': 3.5355871826715326, 'usualNegAcc': 4.156226783150416, 'length': 4.7}
SIM_TRAIN step:253, travel time:66.1290109163083, q_loss:11.603815, rewards:-2.1861114501953125, queue:0.35833333333333334, delay:0.04199697100926959, throughput:3012
episode:253/300, sim_loss:11.603815
Episode 254 sim randomization params: {'headwayTime': 3.037189451882112, 'minGap': 3.4469402387638395, 'usualPosAcc': 0.8859117784898414, 'usualNegAcc': 3.7955590399536265, 'length': 5.0}
SIM_TRAIN step:254, travel time:75.0681667769689, q_loss:11.391467, rewards:-3.0752773708767362, queue:0.5166666666666667, delay:0.05703025091262091, throughput:3012
episode:254/300, sim_loss:11.391467
Episode 255 sim randomization params: {'headwayTime': 3.181753003615702, 'minGap': 3.1928186446762483, 'usualPosAcc': 2.3577923681197896, 'usualNegAcc': 2.4551765404253163, 'length': 5.0}
SIM_TRAIN step:255, travel time:93.11221449851043, q_loss:11.661354, rewards:-3.7461107042100696, queue:0.5273809523809524, delay:0.06893882751464844, throughput:3008
episode:255/300, sim_loss:11.661354
REAL_TEST step:255, travel time:552.8460517584605, q_loss:100, rewards:-37.49833713107639, queue:13.11626984126984, delay:0.29474107045975945, throughput:1148
Episode 256 sim randomization params: {'headwayTime': 3.2570931511667958, 'minGap': 2.8814516533153265, 'usualPosAcc': 1.9971434142402704, 'usualNegAcc': 1.0, 'length': 5.0}
SIM_TRAIN step:256, travel time:156.05592322964924, q_loss:11.604349, rewards:-4.144445122612847, queue:0.49642857142857144, delay:0.07752592904227121, throughput:2908
episode:256/300, sim_loss:11.604349
Episode 257 sim randomization params: {'headwayTime': 0.8756684067221632, 'minGap': 2.852532463382822, 'usualPosAcc': 3.542526522584648, 'usualNegAcc': 4.979204220897628, 'length': 5.0}
SIM_TRAIN step:257, travel time:64.91426679907316, q_loss:11.624427, rewards:-2.172500271267361, queue:0.39365079365079364, delay:0.04267343188089038, throughput:3012
episode:257/300, sim_loss:11.624427
Episode 258 sim randomization params: {'headwayTime': 5.0, 'minGap': 3.319442670504854, 'usualPosAcc': 1.6153336809491237, 'usualNegAcc': 2.423448999266091, 'length': 5.0}
SIM_TRAIN step:258, travel time:168.9116479152879, q_loss:11.799619, rewards:-4.775832112630209, queue:0.5797619047619048, delay:0.08683580065530444, throughput:2891
episode:258/300, sim_loss:11.799619
REAL_TEST step:258, travel time:510.11884057971014, q_loss:100, rewards:-27.10749782986111, queue:12.311507936507937, delay:0.27856183733258927, throughput:1280
Episode 259 sim randomization params: {'headwayTime': 0.9259126998215363, 'minGap': 2.8841112766880608, 'usualPosAcc': 5.003008359348648, 'usualNegAcc': 6.375892764213127, 'length': 4.965035501335888}
SIM_TRAIN step:259, travel time:65.07582781456954, q_loss:11.941292, rewards:-2.1072223239474828, queue:0.4591269841269841, delay:0.04234019082690042, throughput:3012
episode:259/300, sim_loss:11.941292
Episode 260 sim randomization params: {'headwayTime': 2.5282392543238146, 'minGap': 2.3113606512509595, 'usualPosAcc': 1.3946457672899608, 'usualNegAcc': 3.1301957570289023, 'length': 4.9963774915272525}
SIM_TRAIN step:260, travel time:73.05524313595765, q_loss:11.403477, rewards:-2.7561108059353296, queue:0.4083333333333333, delay:0.0514952644469246, throughput:3012
episode:260/300, sim_loss:11.403477
Episode 261 sim randomization params: {'headwayTime': 1.52772275737897, 'minGap': 2.9548258333672632, 'usualPosAcc': 5.612074058897765, 'usualNegAcc': 4.424371743002485, 'length': 5.0}
SIM_TRAIN step:261, travel time:71.81688741721854, q_loss:10.193203, rewards:-2.4741668701171875, queue:0.4626984126984127, delay:0.047985219198559956, throughput:3011
episode:261/300, sim_loss:10.193203
REAL_TEST step:261, travel time:672.0104031209363, q_loss:100, rewards:-36.2977783203125, queue:14.466269841269842, delay:0.2855745103624132, throughput:992
Episode 262 sim randomization params: {'headwayTime': 2.103232649927808, 'minGap': 2.8381132622000815, 'usualPosAcc': 4.30680465628526, 'usualNegAcc': 2.153632168083828, 'length': 4.919629103957723}
SIM_TRAIN step:262, travel time:72.10460112545515, q_loss:9.486497, rewards:-2.974444580078125, queue:0.3996031746031746, delay:0.055541416955372645, throughput:3011
episode:262/300, sim_loss:9.486497
Episode 263 sim randomization params: {'headwayTime': 0.5, 'minGap': 2.931366692692422, 'usualPosAcc': 2.7919084382377353, 'usualNegAcc': 5.135990152656386, 'length': 5.0}
SIM_TRAIN step:263, travel time:63.20437230871149, q_loss:9.701857, rewards:-1.898611111111111, queue:0.3761904761904762, delay:0.03910119192940848, throughput:3012
episode:263/300, sim_loss:9.701857
Episode 264 sim randomization params: {'headwayTime': 3.273623869941282, 'minGap': 3.4840133433525278, 'usualPosAcc': 4.7903644444430205, 'usualNegAcc': 4.191959553366007, 'length': 5.0}
SIM_TRAIN step:264, travel time:130.2729380589599, q_loss:9.177545, rewards:-3.7172227647569445, queue:0.5428571428571428, delay:0.0669007800874256, throughput:2931
episode:264/300, sim_loss:9.177545
REAL_TEST step:264, travel time:593.980198019802, q_loss:100, rewards:-27.950279405381945, queue:12.38888888888889, delay:0.2636312817770337, throughput:1118
Episode 265 sim randomization params: {'headwayTime': 0.5, 'minGap': 3.0152875537019197, 'usualPosAcc': 2.6230754867261314, 'usualNegAcc': 1.065947469461754, 'length': 4.723912939621249}
SIM_TRAIN step:265, travel time:76.43973509933775, q_loss:7.2136345, rewards:-3.409999254014757, queue:0.37222222222222223, delay:0.0633116949172247, throughput:3011
episode:265/300, sim_loss:7.2136345
Episode 266 sim randomization params: {'headwayTime': 3.7946404211865863, 'minGap': 2.454041242525939, 'usualPosAcc': 4.388413583971205, 'usualNegAcc': 4.440686937231247, 'length': 4.853831622244132}
SIM_TRAIN step:266, travel time:119.47851949768672, q_loss:6.5591574, rewards:-3.6658335367838544, queue:0.5353174603174603, delay:0.07097863091362847, throughput:2971
episode:266/300, sim_loss:6.5591574
Episode 267 sim randomization params: {'headwayTime': 1.8480807016936667, 'minGap': 3.1987737575298376, 'usualPosAcc': 0.6833037798655341, 'usualNegAcc': 6.883588626239229, 'length': 4.7}
SIM_TRAIN step:267, travel time:61.18085458761179, q_loss:6.585054, rewards:-1.2583339267306857, queue:0.30634920634920637, delay:0.03206035069056919, throughput:3011
episode:267/300, sim_loss:6.585054
REAL_TEST step:267, travel time:411.4524111675127, q_loss:100, rewards:-34.75277777777778, queue:8.743650793650794, delay:0.2197265625, throughput:1364
Episode 268 sim randomization params: {'headwayTime': 0.7454486617536524, 'minGap': 3.339476550988142, 'usualPosAcc': 3.7044711756159514, 'usualNegAcc': 5.767611045213705, 'length': 5.0}
SIM_TRAIN step:268, travel time:70.06918238993711, q_loss:6.524534, rewards:-2.2244449191623263, queue:0.4523809523809524, delay:0.043513192070855036, throughput:3012
episode:268/300, sim_loss:6.524534
Episode 269 sim randomization params: {'headwayTime': 2.7662207939726633, 'minGap': 2.440501707215688, 'usualPosAcc': 1.98693772234741, 'usualNegAcc': 4.009565408809893, 'length': 4.989003154905381}
SIM_TRAIN step:269, travel time:81.22781456953642, q_loss:6.419606, rewards:-3.087221950954861, queue:0.5412698412698412, delay:0.05642241826133122, throughput:3012
episode:269/300, sim_loss:6.419606
Episode 270 sim randomization params: {'headwayTime': 0.5, 'minGap': 3.2759859293677955, 'usualPosAcc': 4.984353748281187, 'usualNegAcc': 5.983988509959457, 'length': 4.7}
SIM_TRAIN step:270, travel time:64.92977807220934, q_loss:6.009016, rewards:-2.1444444444444444, queue:0.4257936507936508, delay:0.04286161755758618, throughput:3011
episode:270/300, sim_loss:6.009016
REAL_TEST step:270, travel time:518.1769406392694, q_loss:100, rewards:-32.489727105034724, queue:12.28531746031746, delay:0.26838429768880206, throughput:1268
Episode 271 sim randomization params: {'headwayTime': 2.8716612001372224, 'minGap': 2.134460689549428, 'usualPosAcc': 4.928424673096937, 'usualNegAcc': 1.0, 'length': 5.0}
SIM_TRAIN step:271, travel time:114.53721468739663, q_loss:6.2222657, rewards:-4.784165785047743, queue:0.5968253968253968, delay:0.08069801936073909, throughput:2955
episode:271/300, sim_loss:6.2222657
Episode 272 sim randomization params: {'headwayTime': 4.1577660488628965, 'minGap': 3.3648758231350646, 'usualPosAcc': 3.0977999000095555, 'usualNegAcc': 1.4759859233934831, 'length': 4.935247492451658}
SIM_TRAIN step:272, travel time:210.48989731699237, q_loss:6.4219937, rewards:-7.002223036024305, queue:2.6694444444444443, delay:0.10577969021267361, throughput:2657
episode:272/300, sim_loss:6.4219937
Episode 273 sim randomization params: {'headwayTime': 1.625076300692641, 'minGap': 3.032609297256901, 'usualPosAcc': 3.973334538261419, 'usualNegAcc': 4.73278377640094, 'length': 5.0}
SIM_TRAIN step:273, travel time:71.15860927152318, q_loss:7.7853, rewards:-2.2361114501953123, queue:0.44325396825396823, delay:0.04624700394887773, throughput:3012
episode:273/300, sim_loss:7.7853
REAL_TEST step:273, travel time:694.6334745762712, q_loss:100, rewards:-37.15332845052083, queue:15.532539682539683, delay:0.28865291050502234, throughput:936
Episode 274 sim randomization params: {'headwayTime': 3.270060013566324, 'minGap': 2.760025697009882, 'usualPosAcc': 4.846772190937847, 'usualNegAcc': 3.209336218686327, 'length': 5.0}
SIM_TRAIN step:274, travel time:113.77623303541874, q_loss:7.4341016, rewards:-3.8266669379340277, queue:0.5742063492063492, delay:0.07013899182516431, throughput:2966
episode:274/300, sim_loss:7.4341016
Episode 275 sim randomization params: {'headwayTime': 2.419976929663578, 'minGap': 2.074436711008314, 'usualPosAcc': 3.0064751366570244, 'usualNegAcc': 4.1515263274609255, 'length': 4.865788764817676}
SIM_TRAIN step:275, travel time:69.19298245614036, q_loss:7.283018, rewards:-2.510555691189236, queue:0.39325396825396824, delay:0.0487899174765935, throughput:3012
episode:275/300, sim_loss:7.283018
Episode 276 sim randomization params: {'headwayTime': 1.8499220537912215, 'minGap': 2.437614742332135, 'usualPosAcc': 2.7421501000196846, 'usualNegAcc': 6.0445637587869046, 'length': 4.886547476472971}
SIM_TRAIN step:276, travel time:64.20899470899471, q_loss:6.806419, rewards:-2.0113894992404515, queue:0.3972222222222222, delay:0.039732300289093504, throughput:3012
episode:276/300, sim_loss:6.806419
REAL_TEST step:276, travel time:248.5103305785124, q_loss:100, rewards:-30.650830078125, queue:5.444047619047619, delay:0.2443788316514757, throughput:2261
Episode 277 sim randomization params: {'headwayTime': 1.175837419870541, 'minGap': 2.6812175978683634, 'usualPosAcc': 5.373239555134771, 'usualNegAcc': 1.5858201573517814, 'length': 5.0}
SIM_TRAIN step:277, travel time:88.63365352765817, q_loss:6.859055, rewards:-4.0669440375434025, queue:0.6253968253968254, delay:0.06770325918046255, throughput:3012
episode:277/300, sim_loss:6.859055
Episode 278 sim randomization params: {'headwayTime': 2.297198895109624, 'minGap': 3.5915227124445144, 'usualPosAcc': 4.413320972402288, 'usualNegAcc': 3.562223879499259, 'length': 4.7}
SIM_TRAIN step:278, travel time:74.1937727724412, q_loss:7.2872024, rewards:-3.019444783528646, queue:0.48095238095238096, delay:0.053033507816375246, throughput:3011
episode:278/300, sim_loss:7.2872024
Episode 279 sim randomization params: {'headwayTime': 4.630462522591279, 'minGap': 3.4248957203519685, 'usualPosAcc': 1.1273332874548945, 'usualNegAcc': 4.862564255640005, 'length': 4.7}
SIM_TRAIN step:279, travel time:1214.5866180854587, q_loss:8.110133, rewards:-29.143055555555556, queue:13.484126984126984, delay:0.2412195114862351, throughput:1103
episode:279/300, sim_loss:8.110133
REAL_TEST step:279, travel time:240.078184110971, q_loss:100, rewards:-27.656667751736112, queue:5.188492063492063, delay:0.23232523600260416, throughput:2208
Episode 280 sim randomization params: {'headwayTime': 0.7261431577346438, 'minGap': 2.320647169003024, 'usualPosAcc': 3.8987511093990648, 'usualNegAcc': 4.122960344714923, 'length': 5.0}
SIM_TRAIN step:280, travel time:64.85539377895434, q_loss:9.229348, rewards:-2.135000949435764, queue:0.39325396825396824, delay:0.04291634332566034, throughput:3012
episode:280/300, sim_loss:9.229348
Episode 281 sim randomization params: {'headwayTime': 4.670880638006359, 'minGap': 3.1407048691736543, 'usualPosAcc': 3.425005349297149, 'usualNegAcc': 4.868867251343994, 'length': 4.7}
SIM_TRAIN step:281, travel time:197.18491564670856, q_loss:8.652609, rewards:-4.70111083984375, queue:0.6595238095238095, delay:0.08717440650576637, throughput:2775
episode:281/300, sim_loss:8.652609
Episode 282 sim randomization params: {'headwayTime': 2.038996711730224, 'minGap': 2.4657458403273496, 'usualPosAcc': 1.406118169572901, 'usualNegAcc': 3.5567662576693406, 'length': 5.0}
SIM_TRAIN step:282, travel time:67.40833884844474, q_loss:8.649419, rewards:-2.369999016655816, queue:0.4150793650793651, delay:0.04597913348485553, throughput:3011
episode:282/300, sim_loss:8.649419
REAL_TEST step:282, travel time:215.51102204408818, q_loss:100, rewards:-26.839436848958332, queue:5.2595238095238095, delay:0.22958826943049354, throughput:2316
Episode 283 sim randomization params: {'headwayTime': 5.0, 'minGap': 2.50933046135869, 'usualPosAcc': 2.8657293662475363, 'usualNegAcc': 3.5893797195184236, 'length': 5.0}
SIM_TRAIN step:283, travel time:176.97285666997684, q_loss:9.633554, rewards:-4.892500474717882, queue:0.6214285714285714, delay:0.0917998783172123, throughput:2864
episode:283/300, sim_loss:9.633554
Episode 284 sim randomization params: {'headwayTime': 3.1308654916868726, 'minGap': 3.0304716191465344, 'usualPosAcc': 1.3146399022714301, 'usualNegAcc': 4.315693659806412, 'length': 5.0}
SIM_TRAIN step:284, travel time:78.70132450331126, q_loss:9.296618, rewards:-3.1838887532552085, queue:0.5694444444444444, delay:0.06145519074939546, throughput:3012
episode:284/300, sim_loss:9.296618
Episode 285 sim randomization params: {'headwayTime': 1.1912982265696908, 'minGap': 3.6121393724925936, 'usualPosAcc': 2.31051807255221, 'usualNegAcc': 2.711178091440438, 'length': 5.0}
SIM_TRAIN step:285, travel time:1236.974826101358, q_loss:10.573306, rewards:-26.895830620659723, queue:15.142063492063492, delay:0.23877476283482144, throughput:1084
episode:285/300, sim_loss:10.573306
REAL_TEST step:285, travel time:208.60566615620215, q_loss:100, rewards:-32.024997287326386, queue:5.154365079365079, delay:0.24039345393105158, throughput:2453
Episode 286 sim randomization params: {'headwayTime': 1.6440666130729151, 'minGap': 2.407817786922026, 'usualPosAcc': 2.594426770328763, 'usualNegAcc': 6.189295807801512, 'length': 5.0}
SIM_TRAIN step:286, travel time:63.92691798941799, q_loss:11.16841, rewards:-2.248333740234375, queue:0.4222222222222222, delay:0.04249604240296379, throughput:3012
episode:286/300, sim_loss:11.16841
Episode 287 sim randomization params: {'headwayTime': 1.0963366149314206, 'minGap': 3.2258988573110536, 'usualPosAcc': 2.8102400586001908, 'usualNegAcc': 4.142863142257597, 'length': 5.0}
SIM_TRAIN step:287, travel time:64.53079470198675, q_loss:10.400146, rewards:-2.2808324178059896, queue:0.4158730158730159, delay:0.044375026036822605, throughput:3011
episode:287/300, sim_loss:10.400146
Episode 288 sim randomization params: {'headwayTime': 3.6081666050716055, 'minGap': 2.955555349674137, 'usualPosAcc': 1.3669077714676292, 'usualNegAcc': 1.946589887157271, 'length': 4.959028409313719}
SIM_TRAIN step:288, travel time:113.15690168818271, q_loss:10.9034395, rewards:-4.584444851345486, queue:0.6404761904761904, delay:0.0794660901266431, throughput:2961
episode:288/300, sim_loss:10.9034395
REAL_TEST step:288, travel time:198.25500770416025, q_loss:100, rewards:-32.64249403211806, queue:5.753174603174603, delay:0.2303893074156746, throughput:2449
Episode 289 sim randomization params: {'headwayTime': 2.672795589616382, 'minGap': 3.081141881213267, 'usualPosAcc': 3.693478320590889, 'usualNegAcc': 5.228152800925025, 'length': 4.7}
SIM_TRAIN step:289, travel time:84.16572940787297, q_loss:10.936766, rewards:-3.0077772352430556, queue:0.5888888888888889, delay:0.057517466469416544, throughput:2997
episode:289/300, sim_loss:10.936766
Episode 290 sim randomization params: {'headwayTime': 3.6990893894624466, 'minGap': 2.522918800431011, 'usualPosAcc': 4.145133261669483, 'usualNegAcc': 4.2251651515899855, 'length': 5.0}
SIM_TRAIN step:290, travel time:111.37926465717125, q_loss:10.970903, rewards:-3.8847222222222224, queue:0.5662698412698413, delay:0.07248483082604787, throughput:2946
episode:290/300, sim_loss:10.970903
Episode 291 sim randomization params: {'headwayTime': 1.1425614256787848, 'minGap': 3.0017544756917736, 'usualPosAcc': 0.1, 'usualNegAcc': 5.408584722059137, 'length': 4.788263207269877}
SIM_TRAIN step:291, travel time:68.96193313472361, q_loss:11.18255, rewards:-3.513055419921875, queue:0.4988095238095238, delay:0.04758008321126302, throughput:3012
episode:291/300, sim_loss:11.18255
REAL_TEST step:291, travel time:220.7841048750512, q_loss:100, rewards:-31.627503797743056, queue:5.464285714285714, delay:0.2236143081907242, throughput:2276
Episode 292 sim randomization params: {'headwayTime': 0.5, 'minGap': 3.282134079317321, 'usualPosAcc': 4.910412268247246, 'usualNegAcc': 2.3332379544097437, 'length': 5.0}
SIM_TRAIN step:292, travel time:76.30871149387214, q_loss:11.852144, rewards:-3.2291663275824654, queue:0.5138888888888888, delay:0.05790015932113405, throughput:3011
episode:292/300, sim_loss:11.852144
Episode 293 sim randomization params: {'headwayTime': 0.7729328515310656, 'minGap': 2.0840525732242243, 'usualPosAcc': 2.1432662349801146, 'usualNegAcc': 4.208772865108978, 'length': 5.0}
SIM_TRAIN step:293, travel time:63.190271343481136, q_loss:10.88176, rewards:-2.0647230360243056, queue:0.37063492063492065, delay:0.04081500219920325, throughput:3012
episode:293/300, sim_loss:10.88176
Episode 294 sim randomization params: {'headwayTime': 2.283368370605515, 'minGap': 3.0067122287944343, 'usualPosAcc': 2.9245157025271307, 'usualNegAcc': 3.362980246605736, 'length': 4.7}
SIM_TRAIN step:294, travel time:69.22159655515071, q_loss:9.998458, rewards:-2.7997222900390626, queue:0.4666666666666667, delay:0.050414448692685083, throughput:3012
episode:294/300, sim_loss:9.998458
REAL_TEST step:294, travel time:214.50674603174602, q_loss:100, rewards:-31.0611083984375, queue:5.858333333333333, delay:0.21923319498697916, throughput:2364
Episode 295 sim randomization params: {'headwayTime': 1.629532499842306, 'minGap': 2.7733978761831097, 'usualPosAcc': 2.218025232128531, 'usualNegAcc': 1.9793926471946883, 'length': 4.7}
SIM_TRAIN step:295, travel time:68.29347466048361, q_loss:9.913066, rewards:-2.8533321804470484, queue:0.3523809523809524, delay:0.051878568861219616, throughput:3012
episode:295/300, sim_loss:9.913066
Episode 296 sim randomization params: {'headwayTime': 2.2455403541496533, 'minGap': 3.011390807757101, 'usualPosAcc': 2.542920631374591, 'usualNegAcc': 3.413490533792881, 'length': 5.0}
SIM_TRAIN step:296, travel time:75.74072847682119, q_loss:9.794367, rewards:-2.6841666327582465, queue:0.4623015873015873, delay:0.050184116666279144, throughput:3012
episode:296/300, sim_loss:9.794367
Episode 297 sim randomization params: {'headwayTime': 3.5416095292886265, 'minGap': 3.144828756332174, 'usualPosAcc': 0.25012364381670293, 'usualNegAcc': 2.9895680576431882, 'length': 5.0}
SIM_TRAIN step:297, travel time:165.21695925803246, q_loss:10.202865, rewards:-6.226943630642361, queue:0.7853174603174603, delay:0.08243413047185019, throughput:2887
episode:297/300, sim_loss:10.202865
REAL_TEST step:297, travel time:172.6478981874277, q_loss:100, rewards:-25.091387261284723, queue:4.026190476190476, delay:0.20040421258835567, throughput:2463
Episode 298 sim randomization params: {'headwayTime': 3.0122532629084158, 'minGap': 3.144731816469707, 'usualPosAcc': 3.0575180509064195, 'usualNegAcc': 2.3684825883941745, 'length': 5.0}
SIM_TRAIN step:298, travel time:103.22060284862538, q_loss:10.894749, rewards:-3.8319444444444444, queue:0.5595238095238095, delay:0.06552039252387153, throughput:2980
episode:298/300, sim_loss:10.894749
Episode 299 sim randomization params: {'headwayTime': 0.5, 'minGap': 3.2548728052725457, 'usualPosAcc': 2.6077298215127844, 'usualNegAcc': 1.402659410112805, 'length': 4.746458367645677}
SIM_TRAIN step:299, travel time:76.66799073154584, q_loss:9.505074, rewards:-3.5683336046006944, queue:0.39920634920634923, delay:0.061816030835348465, throughput:3012
episode:299/300, sim_loss:9.505074
REAL_TEST step:300, travel time:175.7108251324754, q_loss:100, rewards:-26.099446614583332, queue:4.483333333333333, delay:0.20689304896763394, throughput:2484
Total time taken: 6538.622756481171
