Sim Rollout episode:0/100, sim avg travel time:76.17839114527857, rewards:-28.83222113715278, queue:2.106076388888889, delay:0.21985632578531902, throughput:21330
Real rollout step:0/100, travel time:121.71492897346556, rewards:-152.53446180555557, queue:9.701736111111112, delay:0.27544547186957463, throughput:17939
forward model: training agent 0.
Epoch 0: forward train average loss 0.19689302643140158.
epoch 0: forward test average loss 0.27242953247494167.
Epoch 99: forward train average loss 0.058542040487130485.
epoch 99: forward test average loss 0.08921894762251112.
inverse model, training agent 0.
epoch 0: inverse train average loss 0.03634600341320038.
epoch 0: inverse test average loss 0.058222426308525935.
epoch 99: inverse train average loss 0.02245914687712987.
epoch 99: inverse test average loss 0.03712704612149133.
forward model: training agent 1.
Epoch 0: forward train average loss 0.06929805295334922.
epoch 0: forward test average loss 0.11209042867024739.
Epoch 99: forward train average loss 0.007041889346308178.
epoch 99: forward test average loss 0.01262677295340432.
inverse model, training agent 1.
epoch 0: inverse train average loss 0.02846652352147632.
epoch 0: inverse test average loss 0.045165778862105474.
epoch 99: inverse train average loss 0.020945916573206585.
epoch 99: inverse test average loss 0.03480281598038144.
forward model: training agent 2.
Epoch 0: forward train average loss 0.07356792522801293.
epoch 0: forward test average loss 0.12258092562357585.
Epoch 99: forward train average loss 0.004251727627383338.
epoch 99: forward test average loss 0.0070297544201215105.
inverse model, training agent 2.
epoch 0: inverse train average loss 0.02699141287141376.
epoch 0: inverse test average loss 0.042876591285069786.
epoch 99: inverse train average loss 0.01746615394949913.
epoch 99: inverse test average loss 0.02911354021893607.
forward model: training agent 3.
Epoch 0: forward train average loss 0.0002476646138044695.
epoch 0: forward test average loss 0.00038687121640476916.
Epoch 99: forward train average loss 3.263233601400215e-05.
epoch 99: forward test average loss 5.157796678961151e-05.
inverse model, training agent 3.
epoch 0: inverse train average loss 0.014148562318748899.
epoch 0: inverse test average loss 0.022624793152014416.
epoch 99: inverse train average loss 0.013088497643669447.
epoch 99: inverse test average loss 0.020934606591860454.
forward model: training agent 4.
Epoch 0: forward train average loss 0.08972138828701443.
epoch 0: forward test average loss 0.13945961660808986.
Epoch 99: forward train average loss 0.05598322716024187.
epoch 99: forward test average loss 0.08681760562790765.
inverse model, training agent 4.
epoch 0: inverse train average loss 0.011966365079085032.
epoch 0: inverse test average loss 0.019002329144212935.
epoch 99: inverse train average loss 0.011372678809695773.
epoch 99: inverse test average loss 0.01702923162115945.
forward model: training agent 5.
Epoch 0: forward train average loss 0.5080104470252991.
epoch 0: forward test average loss 0.7574874295128716.
Epoch 99: forward train average loss 0.01019688198963801.
epoch 99: forward test average loss 0.017185444633165996.
inverse model, training agent 5.
epoch 0: inverse train average loss 0.011644793881310357.
epoch 0: inverse test average loss 0.018557482295566134.
epoch 99: inverse train average loss 0.004535709662983815.
epoch 99: inverse test average loss 0.0062590717441505855.
forward model: training agent 6.
Epoch 0: forward train average loss 0.24612620141771105.
epoch 0: forward test average loss 0.3884452846315172.
Epoch 99: forward train average loss 0.01862206765347057.
epoch 99: forward test average loss 0.028574167026413813.
inverse model, training agent 6.
epoch 0: inverse train average loss 0.03601433502303229.
epoch 0: inverse test average loss 0.057320896122190684.
epoch 99: inverse train average loss 0.03249321091506216.
epoch 99: inverse test average loss 0.05253784027364519.
forward model: training agent 7.
Epoch 0: forward train average loss 0.1464769724342558.
epoch 0: forward test average loss 0.24155929353502062.
Epoch 99: forward train average loss 0.03242274953259362.
epoch 99: forward test average loss 0.05286986960305108.
inverse model, training agent 7.
epoch 0: inverse train average loss 0.03865815947453181.
epoch 0: inverse test average loss 0.06157137619124518.
epoch 99: inverse train average loss 0.03215148506893052.
epoch 99: inverse test average loss 0.05124016437265608.
forward model: training agent 8.
Epoch 0: forward train average loss 0.1248849630355835.
epoch 0: forward test average loss 0.23511188560061985.
Epoch 99: forward train average loss 0.005179515936308437.
epoch 99: forward test average loss 0.008896811968750425.
inverse model, training agent 8.
epoch 0: inverse train average loss 0.01372129718462626.
epoch 0: inverse test average loss 0.022109065618779924.
epoch 99: inverse train average loss 0.005826246924698353.
epoch 99: inverse test average loss 0.00739524948100249.
forward model: training agent 9.
Epoch 0: forward train average loss 0.14540981749693552.
epoch 0: forward test average loss 0.2523827287885878.
Epoch 99: forward train average loss 0.008991847539113628.
epoch 99: forward test average loss 0.013499707811408572.
inverse model, training agent 9.
epoch 0: inverse train average loss 0.020480636921193864.
epoch 0: inverse test average loss 0.03336657087008158.
epoch 99: inverse train average loss 0.014709486936529478.
epoch 99: inverse test average loss 0.02537606077061759.
forward model: training agent 10.
Epoch 0: forward train average loss 0.12036824888653225.
epoch 0: forward test average loss 0.20554127958085802.
Epoch 99: forward train average loss 0.04172041846646203.
epoch 99: forward test average loss 0.06776348418659633.
inverse model, training agent 10.
epoch 0: inverse train average loss 0.034053078956074186.
epoch 0: inverse test average loss 0.05414983961317274.
epoch 99: inverse train average loss 0.031092051830556657.
epoch 99: inverse test average loss 0.04987813035647074.
forward model: training agent 11.
Epoch 0: forward train average loss 0.14913360277811685.
epoch 0: forward test average loss 0.23226959175533718.
Epoch 99: forward train average loss 0.021633770730760362.
epoch 99: forward test average loss 0.03461831145816379.
inverse model, training agent 11.
epoch 0: inverse train average loss 0.035980600449774.
epoch 0: inverse test average loss 0.05754772822062174.
epoch 99: inverse train average loss 0.03277807061870893.
epoch 99: inverse test average loss 0.051726276675860085.
forward model: training agent 12.
Epoch 0: forward train average loss 0.059616102940506406.
epoch 0: forward test average loss 0.09762448734707302.
Epoch 99: forward train average loss 0.0017147354212486083.
epoch 99: forward test average loss 0.0024780048471358088.
inverse model, training agent 12.
epoch 0: inverse train average loss 0.0129413524021705.
epoch 0: inverse test average loss 0.020428228709432814.
epoch 99: inverse train average loss 0.00585764367133379.
epoch 99: inverse test average loss 0.009362286577622095.
forward model: training agent 13.
Epoch 0: forward train average loss 0.07717809908919865.
epoch 0: forward test average loss 0.1162910991244846.
Epoch 99: forward train average loss 0.005557512554029624.
epoch 99: forward test average loss 0.007889438834455278.
inverse model, training agent 13.
epoch 0: inverse train average loss 0.033740219142701894.
epoch 0: inverse test average loss 0.05391132500436571.
epoch 99: inverse train average loss 0.020492816550864115.
epoch 99: inverse test average loss 0.03276091814041138.
forward model: training agent 14.
Epoch 0: forward train average loss 0.5041580200195312.
epoch 0: forward test average loss 0.7548872629801432.
Epoch 99: forward train average loss 0.02671174332499504.
epoch 99: forward test average loss 0.04667122662067413.
inverse model, training agent 14.
epoch 0: inverse train average loss 0.011359820556309488.
epoch 0: inverse test average loss 0.018185410234663222.
epoch 99: inverse train average loss 0.008072059394584762.
epoch 99: inverse test average loss 0.01497068421708213.
forward model: training agent 15.
Epoch 0: forward train average loss 0.8448975086212158.
epoch 0: forward test average loss 1.0222994221581354.
Epoch 99: forward train average loss 0.04163761188586553.
epoch 99: forward test average loss 0.07127418120702107.
inverse model, training agent 15.
epoch 0: inverse train average loss 0.03667137689060635.
epoch 0: inverse test average loss 0.05842049585448371.
epoch 99: inverse train average loss 0.031721545590294734.
epoch 99: inverse test average loss 0.05227725373374091.
Policy training episode: 0, grounded actions taken: 5760, last two uncertainties: {0: [0.0], 1: [0.0], 2: [0.0], 3: [0.0], 4: [0.0], 5: [0.0], 6: [0.0], 7: [0.0], 8: [0.0], 9: [0.0], 10: [0.0], 11: [0.0], 12: [0.0], 13: [0.0], 14: [0.0], 15: [0.0]}, avg agent uncertainties: [0.0, 0.0, 0.0, 0.0, 0.0, 0.0, 0.0, 0.0, 0.0, 0.0, 0.0, 0.0, 0.0, 0.0, 0.0, 0.0], grounded actions by agent: [360, 360, 360, 360, 360, 360, 360, 360, 360, 360, 360, 360, 360, 360, 360, 360]
Policy training episode: 0, iteration 0/1, policy training avg travel time:688.9663270032422, q_loss:0, rewards:-1450.2967013888888, queue:131.46371527777777, delay:0.5616975572374132, throughput:13320
Sim Rollout episode:1/100, sim avg travel time:76.2331990181094, rewards:-28.88556586371528, queue:2.1265625, delay:0.2184080335828993, throughput:21328
Real rollout step:1/100, travel time:121.71492897346556, rewards:-152.53446180555557, queue:9.701736111111112, delay:0.27544547186957463, throughput:17939
forward model: training agent 0.
Epoch 0: forward train average loss 0.05767230358388689.
epoch 0: forward test average loss 0.09175549944241841.
Epoch 99: forward train average loss 0.007168385303682751.
epoch 99: forward test average loss 0.010784289903110929.
inverse model, training agent 0.
epoch 0: inverse train average loss 0.021969145370854273.
epoch 0: inverse test average loss 0.03519027431805929.
epoch 99: inverse train average loss 0.007303179241716862.
epoch 99: inverse test average loss 0.015709524353345234.
forward model: training agent 1.
Epoch 0: forward train average loss 0.006858282515572177.
epoch 0: forward test average loss 0.011898360732528899.
Epoch 99: forward train average loss 0.0033668065961036417.
epoch 99: forward test average loss 0.005561342876818445.
inverse model, training agent 1.
epoch 0: inverse train average loss 0.020608478950129613.
epoch 0: inverse test average loss 0.03292121820979648.
epoch 99: inverse train average loss 0.010927014673749605.
epoch 99: inverse test average loss 0.017859231266710494.
forward model: training agent 2.
Epoch 0: forward train average loss 0.004093271576695972.
epoch 0: forward test average loss 0.00607718610101276.
Epoch 99: forward train average loss 0.003309098279310597.
epoch 99: forward test average loss 0.0059799156669113375.
inverse model, training agent 2.
epoch 0: inverse train average loss 0.017149251989192434.
epoch 0: inverse test average loss 0.02758305850956175.
epoch 99: inverse train average loss 0.007350548067026668.
epoch 99: inverse test average loss 0.01679294514987204.
forward model: training agent 3.
Epoch 0: forward train average loss 3.197515858725334e-05.
epoch 0: forward test average loss 5.053724938382705e-05.
Epoch 99: forward train average loss 1.8540539864867849e-06.
epoch 99: forward test average loss 2.8622816898860037e-06.
inverse model, training agent 3.
epoch 0: inverse train average loss 0.013081203318304487.
epoch 0: inverse test average loss 0.020922890967792936.
epoch 99: inverse train average loss 0.01203591956032647.
epoch 99: inverse test average loss 0.019243256085448794.
forward model: training agent 4.
Epoch 0: forward train average loss 0.05542368938525518.
epoch 0: forward test average loss 0.08536543448766072.
Epoch 99: forward train average loss 0.03117156442668703.
epoch 99: forward test average loss 0.047920890980296664.
inverse model, training agent 4.
epoch 0: inverse train average loss 0.011276284025775062.
epoch 0: inverse test average loss 0.018415826890203688.
epoch 99: inverse train average loss 0.010398269734448858.
epoch 99: inverse test average loss 0.016861865917841595.
forward model: training agent 5.
Epoch 0: forward train average loss 0.009893942210409377.
epoch 0: forward test average loss 0.014413984699381722.
Epoch 99: forward train average loss 0.008169720052844949.
epoch 99: forward test average loss 0.011478940645853678.
inverse model, training agent 5.
epoch 0: inverse train average loss 0.004300863326837619.
epoch 0: inverse test average loss 0.008810683670971129.
epoch 99: inverse train average loss 0.0017747841840092507.
epoch 99: inverse test average loss 0.0026014319931467376.
forward model: training agent 6.
Epoch 0: forward train average loss 0.018365207231707044.
epoch 0: forward test average loss 0.03206825339131885.
Epoch 99: forward train average loss 0.00781842962735229.
epoch 99: forward test average loss 0.013546517739693323.
inverse model, training agent 6.
epoch 0: inverse train average loss 0.03247060295608309.
epoch 0: inverse test average loss 0.05108147694004907.
epoch 99: inverse train average loss 0.02729184925556183.
epoch 99: inverse test average loss 0.044907502002186246.
forward model: training agent 7.
Epoch 0: forward train average loss 0.03162628329462475.
epoch 0: forward test average loss 0.05103556149535709.
Epoch 99: forward train average loss 0.006771971782048543.
epoch 99: forward test average loss 0.011447108454174466.
inverse model, training agent 7.
epoch 0: inverse train average loss 0.03207317367196083.
epoch 0: inverse test average loss 0.050826620724466115.
epoch 99: inverse train average loss 0.02471106292472945.
epoch 99: inverse test average loss 0.03800632225142585.
forward model: training agent 8.
Epoch 0: forward train average loss 0.005268085023595227.
epoch 0: forward test average loss 0.008975375443696976.
Epoch 99: forward train average loss 0.00480336830433872.
epoch 99: forward test average loss 0.007237944545017349.
inverse model, training agent 8.
epoch 0: inverse train average loss 0.005944139893270201.
epoch 0: inverse test average loss 0.009213287383317947.
epoch 99: inverse train average loss 0.005343323263029258.
epoch 99: inverse test average loss 0.0046150726783606745.
forward model: training agent 9.
Epoch 0: forward train average loss 0.008871297248535685.
epoch 0: forward test average loss 0.01696638183461295.
Epoch 99: forward train average loss 0.007922473467058606.
epoch 99: forward test average loss 0.01421745659576522.
inverse model, training agent 9.
epoch 0: inverse train average loss 0.014916076842281554.
epoch 0: inverse test average loss 0.021794721484184265.
epoch 99: inverse train average loss 0.010413284930917952.
epoch 99: inverse test average loss 0.017489715582794614.
forward model: training agent 10.
Epoch 0: forward train average loss 0.04103559586736891.
epoch 0: forward test average loss 0.06607841451962788.
Epoch 99: forward train average loss 0.008623794445561038.
epoch 99: forward test average loss 0.01591687235567305.
inverse model, training agent 10.
epoch 0: inverse train average loss 0.030718780640098784.
epoch 0: inverse test average loss 0.050879581107033625.
epoch 99: inverse train average loss 0.026434848292006388.
epoch 99: inverse test average loss 0.04429927965005239.
forward model: training agent 11.
Epoch 0: forward train average loss 0.02132812390724818.
epoch 0: forward test average loss 0.035278444488843284.
Epoch 99: forward train average loss 0.006716649875872665.
epoch 99: forward test average loss 0.01166927938659986.
inverse model, training agent 11.
epoch 0: inverse train average loss 0.03283368589149581.
epoch 0: inverse test average loss 0.05203286972310808.
epoch 99: inverse train average loss 0.028886458939976163.
epoch 99: inverse test average loss 0.04689232839478387.
forward model: training agent 12.
Epoch 0: forward train average loss 0.0017012726101610395.
epoch 0: forward test average loss 0.0027202333634098372.
Epoch 99: forward train average loss 0.0016697536791778272.
epoch 99: forward test average loss 0.002838208754029539.
inverse model, training agent 12.
epoch 0: inverse train average loss 0.005838692498703797.
epoch 0: inverse test average loss 0.009037381245030297.
epoch 99: inverse train average loss 0.0014192873172255026.
epoch 99: inverse test average loss 0.002000845761762725.
forward model: training agent 13.
Epoch 0: forward train average loss 0.0054253412203656304.
epoch 0: forward test average loss 0.00910030429561933.
Epoch 99: forward train average loss 0.0037939464673399925.
epoch 99: forward test average loss 0.005903090660770734.
inverse model, training agent 13.
epoch 0: inverse train average loss 0.020075902342796326.
epoch 0: inverse test average loss 0.03422091239028507.
epoch 99: inverse train average loss 0.011184192159109645.
epoch 99: inverse test average loss 0.023158083359400432.
forward model: training agent 14.
Epoch 0: forward train average loss 0.026587678326500788.
epoch 0: forward test average loss 0.04859510064125061.
Epoch 99: forward train average loss 0.01657371719678243.
epoch 99: forward test average loss 0.02586895724137624.
inverse model, training agent 14.
epoch 0: inverse train average loss 0.007648528450065189.
epoch 0: inverse test average loss 0.014710872537559934.
epoch 99: inverse train average loss 0.007750797188944287.
epoch 99: inverse test average loss 0.009607920837071206.
forward model: training agent 15.
Epoch 0: forward train average loss 0.04116996377706528.
epoch 0: forward test average loss 0.07965005106396145.
Epoch 99: forward train average loss 0.03300251066684723.
epoch 99: forward test average loss 0.0640723705291748.
inverse model, training agent 15.
epoch 0: inverse train average loss 0.031568521840704813.
epoch 0: inverse test average loss 0.05251534283161163.
epoch 99: inverse train average loss 0.028833127684063382.
epoch 99: inverse test average loss 0.04546960691610972.
Policy training episode: 1, grounded actions taken: 5760, last two uncertainties: {0: [0.0, 0.0], 1: [0.0, 0.0], 2: [0.0, 0.0], 3: [0.0, 0.0], 4: [0.0, 0.0], 5: [0.0, 0.0], 6: [0.0, 0.0], 7: [0.0, 0.0], 8: [0.0, 0.0], 9: [0.0, 0.0], 10: [0.0, 0.0], 11: [0.0, 0.0], 12: [0.0, 0.0], 13: [0.0, 0.0], 14: [0.0, 0.0], 15: [0.0, 0.0]}, avg agent uncertainties: [0.0, 0.0, 0.0, 0.0, 0.0, 0.0, 0.0, 0.0, 0.0, 0.0, 0.0, 0.0, 0.0, 0.0, 0.0, 0.0], grounded actions by agent: [360, 360, 360, 360, 360, 360, 360, 360, 360, 360, 360, 360, 360, 360, 360, 360]
Policy training episode: 1, iteration 0/1, policy training avg travel time:646.2553152068183, q_loss:0, rewards:-1446.5102430555555, queue:124.18090277777777, delay:0.555573738945855, throughput:14125
Sim Rollout episode:2/100, sim avg travel time:76.1852280620514, rewards:-29.052772352430555, queue:2.118576388888889, delay:0.22019695705837675, throughput:21336
Real rollout step:2/100, travel time:121.71492897346556, rewards:-152.53446180555557, queue:9.701736111111112, delay:0.27544547186957463, throughput:17939
forward model: training agent 0.
Epoch 0: forward train average loss 0.007220180394748847.
epoch 0: forward test average loss 0.01132647113667594.
Epoch 99: forward train average loss 0.006706845429208543.
epoch 99: forward test average loss 0.011202633380889893.
inverse model, training agent 0.
epoch 0: inverse train average loss 0.00847332210590442.
epoch 0: inverse test average loss 0.008793532020515867.
epoch 99: inverse train average loss 0.007286109547648165.
epoch 99: inverse test average loss 0.006423782350288497.
forward model: training agent 1.
Epoch 0: forward train average loss 0.0033394992351531982.
epoch 0: forward test average loss 0.004924570520718892.
Epoch 99: forward train average loss 0.0032971857322586905.
epoch 99: forward test average loss 0.0057894837939076954.
inverse model, training agent 1.
epoch 0: inverse train average loss 0.011706843558284972.
epoch 0: inverse test average loss 0.016714260809951358.
epoch 99: inverse train average loss 0.007126907300617959.
epoch 99: inverse test average loss 0.021984195129738912.
forward model: training agent 2.
Epoch 0: forward train average loss 0.0033000450477831894.
epoch 0: forward test average loss 0.005217631037036578.
Epoch 99: forward train average loss 0.003245024114019341.
epoch 99: forward test average loss 0.005921782511803839.
inverse model, training agent 2.
epoch 0: inverse train average loss 0.0067862654104828835.
epoch 0: inverse test average loss 0.017996734629074734.
epoch 99: inverse train average loss 0.005383084528148174.
epoch 99: inverse test average loss 0.007814738899469376.
forward model: training agent 3.
Epoch 0: forward train average loss 1.7464904481635635e-06.
epoch 0: forward test average loss 2.693724228366692e-06.
Epoch 99: forward train average loss 3.1489109545177224e-11.
epoch 99: forward test average loss 8.632354090802134e-11.
inverse model, training agent 3.
epoch 0: inverse train average loss 0.01202108876572715.
epoch 0: inverse test average loss 0.019219454791810777.
epoch 99: inverse train average loss 0.010142279788851738.
epoch 99: inverse test average loss 0.016205089787642162.
forward model: training agent 4.
Epoch 0: forward train average loss 0.030829081104861364.
epoch 0: forward test average loss 0.047372216979662575.
Epoch 99: forward train average loss 0.016375854197475646.
epoch 99: forward test average loss 0.024591413637002308.
inverse model, training agent 4.
epoch 0: inverse train average loss 0.011072784869207276.
epoch 0: inverse test average loss 0.01727677219443851.
epoch 99: inverse train average loss 0.0100344427757793.
epoch 99: inverse test average loss 0.015273278372155296.
forward model: training agent 5.
Epoch 0: forward train average loss 0.008210325613617897.
epoch 0: forward test average loss 0.014471578101317087.
Epoch 99: forward train average loss 0.0074067336196700735.
epoch 99: forward test average loss 0.009201805831657516.
inverse model, training agent 5.
epoch 0: inverse train average loss 0.0016225042442480724.
epoch 0: inverse test average loss 0.0017389876819733116.
epoch 99: inverse train average loss 0.001309824499508573.
epoch 99: inverse test average loss 0.001478518462843365.
forward model: training agent 6.
Epoch 0: forward train average loss 0.007809383484224479.
epoch 0: forward test average loss 0.012076255761914782.
Epoch 99: forward train average loss 0.006599719532661968.
epoch 99: forward test average loss 0.011813160859876208.
inverse model, training agent 6.
epoch 0: inverse train average loss 0.027086915241347417.
epoch 0: inverse test average loss 0.04556694461239709.
epoch 99: inverse train average loss 0.025390043440792296.
epoch 99: inverse test average loss 0.04205631216367086.
forward model: training agent 7.
Epoch 0: forward train average loss 0.006771464107765092.
epoch 0: forward test average loss 0.011229423185189566.
Epoch 99: forward train average loss 0.006590675459139877.
epoch 99: forward test average loss 0.010353411651319928.
inverse model, training agent 7.
epoch 0: inverse train average loss 0.02544203442003992.
epoch 0: inverse test average loss 0.03869604402118259.
epoch 99: inverse train average loss 0.01830038366218408.
epoch 99: inverse test average loss 0.02701410237285826.
forward model: training agent 8.
Epoch 0: forward train average loss 0.0048251233788000215.
epoch 0: forward test average loss 0.00929452520277765.
Epoch 99: forward train average loss 0.004700700131555398.
epoch 99: forward test average loss 0.008219251616133584.
inverse model, training agent 8.
epoch 0: inverse train average loss 0.004907583248698049.
epoch 0: inverse test average loss 0.009019322279426787.
epoch 99: inverse train average loss 0.004824475178288089.
epoch 99: inverse test average loss 0.0054804930049512125.
forward model: training agent 9.
Epoch 0: forward train average loss 0.007771434469355477.
epoch 0: forward test average loss 0.0122655907438861.
Epoch 99: forward train average loss 0.0072767240926623344.
epoch 99: forward test average loss 0.011504789193471273.
inverse model, training agent 9.
epoch 0: inverse train average loss 0.010338780780633291.
epoch 0: inverse test average loss 0.014262745363844765.
epoch 99: inverse train average loss 0.008828806587391429.
epoch 99: inverse test average loss 0.013236198160383437.
forward model: training agent 10.
Epoch 0: forward train average loss 0.008557848632335663.
epoch 0: forward test average loss 0.01485827068487803.
Epoch 99: forward train average loss 0.007415514439344406.
epoch 99: forward test average loss 0.014051152186261283.
inverse model, training agent 10.
epoch 0: inverse train average loss 0.02743196777171559.
epoch 0: inverse test average loss 0.0432142135169771.
epoch 99: inverse train average loss 0.025180719792842865.
epoch 99: inverse test average loss 0.03899212678273519.
forward model: training agent 11.
Epoch 0: forward train average loss 0.006671309367650085.
epoch 0: forward test average loss 0.01208616379234526.
Epoch 99: forward train average loss 0.00554456106490559.
epoch 99: forward test average loss 0.009173861394325892.
inverse model, training agent 11.
epoch 0: inverse train average loss 0.028643088622225657.
epoch 0: inverse test average loss 0.04425949354966482.
epoch 99: inverse train average loss 0.024821265290180843.
epoch 99: inverse test average loss 0.04121460848384433.
forward model: training agent 12.
Epoch 0: forward train average loss 0.0016509797424077988.
epoch 0: forward test average loss 0.002939414439929856.
Epoch 99: forward train average loss 0.0016100089738352431.
epoch 99: forward test average loss 0.0026845507737663058.
inverse model, training agent 12.
epoch 0: inverse train average loss 0.0013265419337484571.
epoch 0: inverse test average loss 0.0018880431954231528.
epoch 99: inverse train average loss 0.0009846352234793205.
epoch 99: inverse test average loss 0.0012226664047274324.
forward model: training agent 13.
Epoch 0: forward train average loss 0.003761401710410913.
epoch 0: forward test average loss 0.005467182646195094.
Epoch 99: forward train average loss 0.003562518964625067.
epoch 99: forward test average loss 0.005523706061972512.
inverse model, training agent 13.
epoch 0: inverse train average loss 0.011409614959524738.
epoch 0: inverse test average loss 0.019473345743285284.
epoch 99: inverse train average loss 0.009244961767560907.
epoch 99: inverse test average loss 0.016671905087100133.
forward model: training agent 14.
Epoch 0: forward train average loss 0.016662102813522022.
epoch 0: forward test average loss 0.029910607470406428.
Epoch 99: forward train average loss 0.010863799187872145.
epoch 99: forward test average loss 0.015134094489945306.
inverse model, training agent 14.
epoch 0: inverse train average loss 0.007536562263137764.
epoch 0: inverse test average loss 0.01173334444562594.
epoch 99: inverse train average loss 0.007576531006230248.
epoch 99: inverse test average loss 0.013882491737604141.
forward model: training agent 15.
Epoch 0: forward train average loss 0.03308549978666835.
epoch 0: forward test average loss 0.0557611303197013.
Epoch 99: forward train average loss 0.02173674727479617.
epoch 99: forward test average loss 0.03796444171004825.
inverse model, training agent 15.
epoch 0: inverse train average loss 0.02936015733414226.
epoch 0: inverse test average loss 0.0429548571507136.
epoch 99: inverse train average loss 0.02777123161488109.
epoch 99: inverse test average loss 0.05097562736935086.
Policy training episode: 2, grounded actions taken: 5760, last two uncertainties: {0: [0.0, 0.0], 1: [0.0, 0.0], 2: [0.0, 0.0], 3: [0.0, 0.0], 4: [0.0, 0.0], 5: [0.0, 0.0], 6: [0.0, 0.0], 7: [0.0, 0.0], 8: [0.0, 0.0], 9: [0.0, 0.0], 10: [0.0, 0.0], 11: [0.0, 0.0], 12: [0.0, 0.0], 13: [0.0, 0.0], 14: [0.0, 0.0], 15: [0.0, 0.0]}, avg agent uncertainties: [0.0, 0.0, 0.0, 0.0, 0.0, 0.0, 0.0, 0.0, 0.0, 0.0, 0.0, 0.0, 0.0, 0.0, 0.0, 0.0], grounded actions by agent: [360, 360, 360, 360, 360, 360, 360, 360, 360, 360, 360, 360, 360, 360, 360, 360]
Policy training episode: 2, iteration 0/1, policy training avg travel time:604.6108949416342, q_loss:1605.5020751953125, rewards:-1347.7697916666666, queue:120.21440972222223, delay:0.5565328809950086, throughput:14694
Sim Rollout episode:3/100, sim avg travel time:435.1510884668828, rewards:-472.9568576388889, queue:76.42777777777778, delay:0.39384244283040365, throughput:17120
Real rollout step:3/100, travel time:370.40080545229245, rewards:-586.7023003472223, queue:69.04097222222222, delay:0.4246429443359375, throughput:14018
forward model: training agent 0.
Epoch 0: forward train average loss 0.0070945387706160545.
epoch 0: forward test average loss 0.009902767009205289.
Epoch 99: forward train average loss 0.004587218993239933.
epoch 99: forward test average loss 0.00691934944027.
inverse model, training agent 0.
epoch 0: inverse train average loss 0.0027133154217153788.
epoch 0: inverse test average loss 0.008542424688736597.
epoch 99: inverse train average loss 0.0021624232694092724.
epoch 99: inverse test average loss 0.003145202968476547.
forward model: training agent 1.
Epoch 0: forward train average loss 0.004288203859080871.
epoch 0: forward test average loss 0.007544277028905021.
Epoch 99: forward train average loss 0.003480406374567085.
epoch 99: forward test average loss 0.005641736504104402.
inverse model, training agent 1.
epoch 0: inverse train average loss 0.003070115629169676.
epoch 0: inverse test average loss 0.004730541879932086.
epoch 99: inverse train average loss 0.0010940960492007434.
epoch 99: inverse test average loss 0.0015096206528445084.
forward model: training agent 2.
Epoch 0: forward train average loss 0.13465086619059244.
epoch 0: forward test average loss 0.19130004114574856.
Epoch 99: forward train average loss 0.00690774754103687.
epoch 99: forward test average loss 0.012857972747749753.
inverse model, training agent 2.
epoch 0: inverse train average loss 0.009054973411063353.
epoch 0: inverse test average loss 0.01615917765431934.
epoch 99: inverse train average loss 0.00492998528190785.
epoch 99: inverse test average loss 0.011558292226658927.
forward model: training agent 3.
Epoch 0: forward train average loss 9.27067697300801e-11.
epoch 0: forward test average loss 2.2402053052101362e-10.
Epoch 99: forward train average loss 4.3597820377031894e-11.
epoch 99: forward test average loss 7.355351204650794e-11.
inverse model, training agent 3.
epoch 0: inverse train average loss 0.010118751476208368.
epoch 0: inverse test average loss 0.016167344318495855.
epoch 99: inverse train average loss 0.007384738988346524.
epoch 99: inverse test average loss 0.011786332560910119.
forward model: training agent 4.
Epoch 0: forward train average loss 2.8177777926127114.
epoch 0: forward test average loss 4.993231137593587.
Epoch 99: forward train average loss 0.18272438645362854.
epoch 99: forward test average loss 0.30190292994181317.
inverse model, training agent 4.
epoch 0: inverse train average loss 0.002936503125561608.
epoch 0: inverse test average loss 0.00435888808634546.
epoch 99: inverse train average loss 0.00033946983360995847.
epoch 99: inverse test average loss 0.0008884749323543576.
forward model: training agent 5.
Epoch 0: forward train average loss 0.6443522506290011.
epoch 0: forward test average loss 0.902869701385498.
Epoch 99: forward train average loss 0.01660527682138814.
epoch 99: forward test average loss 0.02896565943956375.
inverse model, training agent 5.
epoch 0: inverse train average loss 0.00014210336869129806.
epoch 0: inverse test average loss 4.818578923328055e-05.
epoch 99: inverse train average loss 0.00011704278141324822.
epoch 99: inverse test average loss 8.123394865025248e-05.
forward model: training agent 6.
Epoch 0: forward train average loss 0.014639281771249242.
epoch 0: forward test average loss 0.021313277383645374.
Epoch 99: forward train average loss 0.007380277539292972.
epoch 99: forward test average loss 0.01349476600686709.
inverse model, training agent 6.
epoch 0: inverse train average loss 0.030186412235101063.
epoch 0: inverse test average loss 0.05318149758709802.
epoch 99: inverse train average loss 0.024512410163879395.
epoch 99: inverse test average loss 0.04139737950430976.
forward model: training agent 7.
Epoch 0: forward train average loss 0.06344772378603618.
epoch 0: forward test average loss 0.09502527780003017.
Epoch 99: forward train average loss 0.008932905375129647.
epoch 99: forward test average loss 0.013780049979686737.
inverse model, training agent 7.
epoch 0: inverse train average loss 0.025223995248476665.
epoch 0: inverse test average loss 0.03626918958293067.
epoch 99: inverse train average loss 0.012914736444751421.
epoch 99: inverse test average loss 0.02269747604926427.
forward model: training agent 8.
Epoch 0: forward train average loss 0.0955893596013387.
epoch 0: forward test average loss 0.14450068606270683.
Epoch 99: forward train average loss 0.006530969817605283.
epoch 99: forward test average loss 0.012288015749719407.
inverse model, training agent 8.
epoch 0: inverse train average loss 0.0047013833601441644.
epoch 0: inverse test average loss 0.00966447095076243.
epoch 99: inverse train average loss 0.004136379652967055.
epoch 99: inverse test average loss 0.004970517009496689.
forward model: training agent 9.
Epoch 0: forward train average loss 0.007664554235008027.
epoch 0: forward test average loss 0.011289152834150527.
Epoch 99: forward train average loss 0.004239685212572415.
epoch 99: forward test average loss 0.007782564395003849.
inverse model, training agent 9.
epoch 0: inverse train average loss 0.00960924331512716.
epoch 0: inverse test average loss 0.01653259413109885.
epoch 99: inverse train average loss 0.007763916730052895.
epoch 99: inverse test average loss 0.012040903998745812.
forward model: training agent 10.
Epoch 0: forward train average loss 5.553679042392307.
epoch 0: forward test average loss 8.142586178249783.
Epoch 99: forward train average loss 0.1390289564927419.
epoch 99: forward test average loss 0.21020585298538208.
inverse model, training agent 10.
epoch 0: inverse train average loss 0.262307604153951.
epoch 0: inverse test average loss 0.32870638370513916.
epoch 99: inverse train average loss 0.022628504782915115.
epoch 99: inverse test average loss 0.03896200656890869.
forward model: training agent 11.
Epoch 0: forward train average loss 0.09739506575796339.
epoch 0: forward test average loss 0.12858629557821485.
Epoch 99: forward train average loss 0.007585798700650533.
epoch 99: forward test average loss 0.011976409703493118.
inverse model, training agent 11.
epoch 0: inverse train average loss 0.029359722303019628.
epoch 0: inverse test average loss 0.04351426329877642.
epoch 99: inverse train average loss 0.022478080872032378.
epoch 99: inverse test average loss 0.03233637329604891.
forward model: training agent 12.
Epoch 0: forward train average loss 6.798862457275391.
epoch 0: forward test average loss 9.686138153076172.
Epoch 99: forward train average loss 0.08814818329281277.
epoch 99: forward test average loss 0.174004680580563.
inverse model, training agent 12.
epoch 0: inverse train average loss 1.0293872223960028.
epoch 0: inverse test average loss 1.6595063739352756.
epoch 99: inverse train average loss 0.12574455307589638.
epoch 99: inverse test average loss 0.1959616012043423.
forward model: training agent 13.
Epoch 0: forward train average loss 2.8933183352152505.
epoch 0: forward test average loss 4.063002480400933.
Epoch 99: forward train average loss 0.0348339614768823.
epoch 99: forward test average loss 0.04691103514697817.
inverse model, training agent 13.
epoch 0: inverse train average loss 0.1893019609981113.
epoch 0: inverse test average loss 0.2839285929997762.
epoch 99: inverse train average loss 0.0003897003868284325.
epoch 99: inverse test average loss 0.00041159120155498385.
forward model: training agent 14.
Epoch 0: forward train average loss 5.166177749633789.
epoch 0: forward test average loss 5.658535003662109.
Epoch 99: forward train average loss 0.1225283361143536.
epoch 99: forward test average loss 0.2717789014180501.
inverse model, training agent 14.
epoch 0: inverse train average loss 0.00017669619733674658.
epoch 0: inverse test average loss 0.0007855944115565055.
epoch 99: inverse train average loss 8.909294737365532e-05.
epoch 99: inverse test average loss 8.896654190001148e-05.
forward model: training agent 15.
Epoch 0: forward train average loss 3.3529736730787487.
epoch 0: forward test average loss 4.4356566535101996.
Epoch 99: forward train average loss 0.1547645992702908.
epoch 99: forward test average loss 0.2886216772927178.
inverse model, training agent 15.
epoch 0: inverse train average loss 0.12156117459138234.
epoch 0: inverse test average loss 0.19621176852120292.
epoch 99: inverse train average loss 0.0269063301384449.
epoch 99: inverse test average loss 0.04720431235101488.
Policy training episode: 3, grounded actions taken: 5760, last two uncertainties: {0: [0.0, 0.0], 1: [0.0, 0.0], 2: [0.0, 0.0], 3: [0.0, 0.0], 4: [0.0, 0.0], 5: [0.0, 0.0], 6: [0.0, 0.0], 7: [0.0, 0.0], 8: [0.0, 0.0], 9: [0.0, 0.0], 10: [0.0, 0.0], 11: [0.0, 0.0], 12: [0.0, 0.0], 13: [0.0, 0.0], 14: [0.0, 0.0], 15: [0.0, 0.0]}, avg agent uncertainties: [0.0, 0.0, 0.0, 0.0, 0.0, 0.0, 0.0, 0.0, 0.0, 0.0, 0.0, 0.0, 0.0, 0.0, 0.0, 0.0], grounded actions by agent: [360, 360, 360, 360, 360, 360, 360, 360, 360, 360, 360, 360, 360, 360, 360, 360]
Policy training episode: 3, iteration 0/1, policy training avg travel time:1021.8364293324686, q_loss:1394.0833740234375, rewards:-1258.8033854166667, queue:193.77795138888888, delay:0.5879664103190104, throughput:10419
Sim Rollout episode:4/100, sim avg travel time:633.2074955989993, rewards:-1229.3458333333333, queue:141.88003472222223, delay:0.5228815290662977, throughput:14546
Real rollout step:4/100, travel time:481.0237636080871, rewards:-1132.62734375, queue:98.59166666666667, delay:0.5039000193277995, throughput:13060
forward model: training agent 0.
Epoch 0: forward train average loss 0.40745748413933647.
epoch 0: forward test average loss 0.48063623905181885.
Epoch 99: forward train average loss 0.0431064690152804.
epoch 99: forward test average loss 0.058912123243014015.
inverse model, training agent 0.
epoch 0: inverse train average loss 0.000165501119125919.
epoch 0: inverse test average loss 6.551136760258992e-05.
epoch 99: inverse train average loss 4.486663424864269e-05.
epoch 99: inverse test average loss 1.6429662840285648e-05.
forward model: training agent 1.
Epoch 0: forward train average loss 0.003970873956051137.
epoch 0: forward test average loss 0.006162964014543427.
Epoch 99: forward train average loss 0.0035203228601151043.
epoch 99: forward test average loss 0.006678881537583139.
inverse model, training agent 1.
epoch 0: inverse train average loss 0.001058718713466078.
epoch 0: inverse test average loss 0.0005368975301583608.
epoch 99: inverse train average loss 0.0011951666512888754.
epoch 99: inverse test average loss 0.00027428024138013524.
forward model: training agent 2.
Epoch 0: forward train average loss 0.08969856219159232.
epoch 0: forward test average loss 0.14449182483885023.
Epoch 99: forward train average loss 0.010551412589848042.
epoch 99: forward test average loss 0.014769745369752249.
inverse model, training agent 2.
epoch 0: inverse train average loss 0.0016248951562576825.
epoch 0: inverse test average loss 0.0022889462092684377.
epoch 99: inverse train average loss 9.798988240719255e-05.
epoch 99: inverse test average loss 0.00011242422947867049.
forward model: training agent 3.
Epoch 0: forward train average loss 1.3467549554964838e-05.
epoch 0: forward test average loss 1.1058200875090228e-05.
Epoch 99: forward train average loss 1.561384975393133e-18.
epoch 99: forward test average loss 3.431968317488406e-18.
inverse model, training agent 3.
epoch 0: inverse train average loss 0.018447238124079175.
epoch 0: inverse test average loss 0.029520448711183336.
epoch 99: inverse train average loss 0.014397152389089266.
epoch 99: inverse test average loss 0.023009734849135082.
forward model: training agent 4.
Epoch 0: forward train average loss 0.25078188710742527.
epoch 0: forward test average loss 0.34555738502078587.
Epoch 99: forward train average loss 0.009623783537083201.
epoch 99: forward test average loss 0.020402782493167453.
inverse model, training agent 4.
epoch 0: inverse train average loss 0.0001278996739226083.
epoch 0: inverse test average loss 8.5474652248902e-05.
epoch 99: inverse train average loss 3.379105548143949e-05.
epoch 99: inverse test average loss 1.9581696506065782e-05.
forward model: training agent 5.
Epoch 0: forward train average loss 0.14081147809823355.
epoch 0: forward test average loss 0.22176835272047254.
Epoch 99: forward train average loss 0.005971086211502552.
epoch 99: forward test average loss 0.011364394591914283.
inverse model, training agent 5.
epoch 0: inverse train average loss 4.523253129365104e-05.
epoch 0: inverse test average loss 0.00011978095871098858.
epoch 99: inverse train average loss 1.636789248019947e-05.
epoch 99: inverse test average loss 3.0874309433986327e-06.
forward model: training agent 6.
Epoch 0: forward train average loss 2.275592009226481.
epoch 0: forward test average loss 3.260150591532389.
Epoch 99: forward train average loss 0.04824896239572101.
epoch 99: forward test average loss 0.10140268339051141.
inverse model, training agent 6.
epoch 0: inverse train average loss 0.044554796483781606.
epoch 0: inverse test average loss 0.06536644697189331.
epoch 99: inverse train average loss 0.005399410819841756.
epoch 99: inverse test average loss 0.014797189997302162.
forward model: training agent 7.
Epoch 0: forward train average loss 0.7092979881498549.
epoch 0: forward test average loss 0.956135802798801.
Epoch 99: forward train average loss 0.03968221528662576.
epoch 99: forward test average loss 0.06694585084915161.
inverse model, training agent 7.
epoch 0: inverse train average loss 0.26353855927785236.
epoch 0: inverse test average loss 0.3798184394836426.
epoch 99: inverse train average loss 0.007881641387939453.
epoch 99: inverse test average loss 0.019133186174763575.
forward model: training agent 8.
Epoch 0: forward train average loss 0.2129579616917504.
epoch 0: forward test average loss 0.30235036214192706.
Epoch 99: forward train average loss 0.017604317102167342.
epoch 99: forward test average loss 0.03511939114994473.
inverse model, training agent 8.
epoch 0: inverse train average loss 0.00023482312745828595.
epoch 0: inverse test average loss 0.0003076208910594384.
epoch 99: inverse train average loss 0.00018113704896273298.
epoch 99: inverse test average loss 7.9664116330807e-05.
forward model: training agent 9.
Epoch 0: forward train average loss 0.003922093607899215.
epoch 0: forward test average loss 0.0058576257692443.
Epoch 99: forward train average loss 0.003522861852414078.
epoch 99: forward test average loss 0.0047289108236630755.
inverse model, training agent 9.
epoch 0: inverse train average loss 0.01848985192676385.
epoch 0: inverse test average loss 0.02853077815638648.
epoch 99: inverse train average loss 0.007626511673960421.
epoch 99: inverse test average loss 0.01127652120259073.
forward model: training agent 10.
Epoch 0: forward train average loss 3.2208718723720975.
epoch 0: forward test average loss 3.914358139038086.
Epoch 99: forward train average loss 0.17413703931702507.
epoch 99: forward test average loss 0.30523044533199734.
inverse model, training agent 10.
epoch 0: inverse train average loss 0.03841553876797358.
epoch 0: inverse test average loss 0.05437911053498586.
epoch 99: inverse train average loss 0.0017916225478984416.
epoch 99: inverse test average loss 0.0017402090856598483.
forward model: training agent 11.
Epoch 0: forward train average loss 2.2321219709184437.
epoch 0: forward test average loss 2.9498234854804144.
Epoch 99: forward train average loss 0.04159258140458001.
epoch 99: forward test average loss 0.06418689754274157.
inverse model, training agent 11.
epoch 0: inverse train average loss 0.28437397877375287.
epoch 0: inverse test average loss 0.39722104867299396.
epoch 99: inverse train average loss 0.027610273824797735.
epoch 99: inverse test average loss 0.038610436850123935.
forward model: training agent 12.
Epoch 0: forward train average loss 0.4080644514825609.
epoch 0: forward test average loss 0.7626522647009956.
Epoch 99: forward train average loss 0.01962462378044923.
epoch 99: forward test average loss 0.04886802865399255.
inverse model, training agent 12.
epoch 0: inverse train average loss 0.05947139279709922.
epoch 0: inverse test average loss 0.07390075590875414.
epoch 99: inverse train average loss 0.007664165045652125.
epoch 99: inverse test average loss 0.013216991391446855.
forward model: training agent 13.
Epoch 0: forward train average loss 0.8095536496904161.
epoch 0: forward test average loss 1.1174293624030218.
Epoch 99: forward train average loss 0.1152397013372845.
epoch 99: forward test average loss 0.21984822220272487.
inverse model, training agent 13.
epoch 0: inverse train average loss 0.5797948572370741.
epoch 0: inverse test average loss 0.9127302434709337.
epoch 99: inverse train average loss 0.07780882053905064.
epoch 99: inverse test average loss 0.1266967323091295.
forward model: training agent 14.
Epoch 0: forward train average loss 0.6821634769439697.
epoch 0: forward test average loss 0.8363744152916802.
Epoch 99: forward train average loss 0.033225191136201225.
epoch 99: forward test average loss 0.054786051313082375.
inverse model, training agent 14.
epoch 0: inverse train average loss 0.0031748766648686593.
epoch 0: inverse test average loss 0.012603039956755109.
epoch 99: inverse train average loss 0.0028293207029087674.
epoch 99: inverse test average loss 0.010825182828638289.
forward model: training agent 15.
Epoch 0: forward train average loss 0.3193773759735955.
epoch 0: forward test average loss 0.48851386706034344.
Epoch 99: forward train average loss 0.024708179550038442.
epoch 99: forward test average loss 0.04524174167050256.
inverse model, training agent 15.
epoch 0: inverse train average loss 0.030123850537670985.
epoch 0: inverse test average loss 0.04625509844885932.
epoch 99: inverse train average loss 0.020283556646770902.
epoch 99: inverse test average loss 0.029310979776912265.
Policy training episode: 4, grounded actions taken: 5760, last two uncertainties: {0: [0.0, 0.0], 1: [0.0, 0.0], 2: [0.0, 0.0], 3: [0.0, 0.0], 4: [0.0, 0.0], 5: [0.0, 0.0], 6: [0.0, 0.0], 7: [0.0, 0.0], 8: [0.0, 0.0], 9: [0.0, 0.0], 10: [0.0, 0.0], 11: [0.0, 0.0], 12: [0.0, 0.0], 13: [0.0, 0.0], 14: [0.0, 0.0], 15: [0.0, 0.0]}, avg agent uncertainties: [0.0, 0.0, 0.0, 0.0, 0.0, 0.0, 0.0, 0.0, 0.0, 0.0, 0.0, 0.0, 0.0, 0.0, 0.0, 0.0], grounded actions by agent: [360, 360, 360, 360, 360, 360, 360, 360, 360, 360, 360, 360, 360, 360, 360, 360]
Policy training episode: 4, iteration 0/1, policy training avg travel time:1005.350611450806, q_loss:660.63525390625, rewards:-1353.1453993055557, queue:212.7722222222222, delay:0.5784989251030817, throughput:10174
Sim Rollout episode:5/100, sim avg travel time:676.3946088648048, rewards:-920.7331597222222, queue:139.62118055555555, delay:0.5345624287923177, throughput:14787
Real rollout step:5/100, travel time:628.7133852190133, rewards:-1060.6703125, queue:118.30572916666667, delay:0.5509207831488715, throughput:11525
forward model: training agent 0.
Epoch 0: forward train average loss 0.09974556333488888.
epoch 0: forward test average loss 0.1902971069018046.
Epoch 99: forward train average loss 0.026047865135802165.
epoch 99: forward test average loss 0.04983097314834595.
inverse model, training agent 0.
epoch 0: inverse train average loss 0.00032007648273217154.
epoch 0: inverse test average loss 1.0161436623295433e-05.
epoch 99: inverse train average loss 0.00015288405827757541.
epoch 99: inverse test average loss 3.0208776782577235e-05.
forward model: training agent 1.
Epoch 0: forward train average loss 0.003759971664597591.
epoch 0: forward test average loss 0.005578456446528435.
Epoch 99: forward train average loss 0.003093413594696257.
epoch 99: forward test average loss 0.005420796987083223.
inverse model, training agent 1.
epoch 0: inverse train average loss 0.0009879993902157163.
epoch 0: inverse test average loss 0.0002557600512065821.
epoch 99: inverse train average loss 0.0011730344267562032.
epoch 99: inverse test average loss 0.0002710340389360984.
forward model: training agent 2.
Epoch 0: forward train average loss 0.07245541115601857.
epoch 0: forward test average loss 0.09433958927790324.
Epoch 99: forward train average loss 0.006487353290948603.
epoch 99: forward test average loss 0.012303025358253054.
inverse model, training agent 2.
epoch 0: inverse train average loss 0.10455988513098823.
epoch 0: inverse test average loss 0.15212305386861166.
epoch 99: inverse train average loss 0.011671842386325201.
epoch 99: inverse test average loss 0.017996870809131198.
forward model: training agent 3.
Epoch 0: forward train average loss 1.9334938972430555e-18.
epoch 0: forward test average loss 1.0226301564095073e-18.
Epoch 99: forward train average loss 6.186501928024452e-11.
epoch 99: forward test average loss 1.9726439000796367e-10.
inverse model, training agent 3.
epoch 0: inverse train average loss 0.014370420119828649.
epoch 0: inverse test average loss 0.02296712829007043.
epoch 99: inverse train average loss 0.012397472022308243.
epoch 99: inverse test average loss 0.019821760555108387.
forward model: training agent 4.
Epoch 0: forward train average loss 1.2225587368011475.
epoch 0: forward test average loss 1.7862539291381836.
Epoch 99: forward train average loss 0.027333045171366796.
epoch 99: forward test average loss 0.04250573946370019.
inverse model, training agent 4.
epoch 0: inverse train average loss 3.278818035647014e-05.
epoch 0: inverse test average loss 2.1588780022538697e-05.
epoch 99: inverse train average loss 9.544945972569016e-06.
epoch 99: inverse test average loss 4.537527476915986e-06.
forward model: training agent 5.
Epoch 0: forward train average loss 0.8464838266372681.
epoch 0: forward test average loss 0.9747874471876357.
Epoch 99: forward train average loss 0.0031248549930751324.
epoch 99: forward test average loss 0.006525370188885265.
inverse model, training agent 5.
epoch 0: inverse train average loss 1.4509459962964834e-05.
epoch 0: inverse test average loss 8.381566153224817e-07.
epoch 99: inverse train average loss 6.093504604077883e-06.
epoch 99: inverse test average loss 4.9070646607813415e-08.
forward model: training agent 6.
Epoch 0: forward train average loss 0.7448050048616197.
epoch 0: forward test average loss 1.1313110987345378.
Epoch 99: forward train average loss 0.1274627016650306.
epoch 99: forward test average loss 0.18031607071558634.
inverse model, training agent 6.
epoch 0: inverse train average loss 0.040539449287785426.
epoch 0: inverse test average loss 0.0733951363298628.
epoch 99: inverse train average loss 0.025102100024620693.
epoch 99: inverse test average loss 0.04203392399681939.
forward model: training agent 7.
Epoch 0: forward train average loss 1.9158045185936823.
epoch 0: forward test average loss 2.84280088212755.
Epoch 99: forward train average loss 0.062363021075725555.
epoch 99: forward test average loss 0.09361548225084941.
inverse model, training agent 7.
epoch 0: inverse train average loss 0.024156585335731506.
epoch 0: inverse test average loss 0.03864777088165283.
epoch 99: inverse train average loss 0.017414069424072903.
epoch 99: inverse test average loss 0.024896831976042852.
forward model: training agent 8.
Epoch 0: forward train average loss 2.4659843974643283.
epoch 0: forward test average loss 2.8385661443074546.
Epoch 99: forward train average loss 0.14011874794960022.
epoch 99: forward test average loss 0.23060090012020534.
inverse model, training agent 8.
epoch 0: inverse train average loss 0.0002745089889989079.
epoch 0: inverse test average loss 7.202495908131823e-05.
epoch 99: inverse train average loss 0.00016001931973935117.
epoch 99: inverse test average loss 0.00031039539963886555.
forward model: training agent 9.
Epoch 0: forward train average loss 3.467786365085178.
epoch 0: forward test average loss 4.080341339111328.
Epoch 99: forward train average loss 0.11653185387452443.
epoch 99: forward test average loss 0.12652207745446098.
inverse model, training agent 9.
epoch 0: inverse train average loss 0.09664445784356859.
epoch 0: inverse test average loss 0.14435586002137926.
epoch 99: inverse train average loss 0.009129747230973508.
epoch 99: inverse test average loss 0.012617242005136278.
forward model: training agent 10.
Epoch 0: forward train average loss 3.290349907345242.
epoch 0: forward test average loss 4.6251415676540795.
Epoch 99: forward train average loss 0.14944438636302948.
epoch 99: forward test average loss 0.2079672614733378.
inverse model, training agent 10.
epoch 0: inverse train average loss 0.1730263200071123.
epoch 0: inverse test average loss 0.24576298395792642.
epoch 99: inverse train average loss 0.014393020007345412.
epoch 99: inverse test average loss 0.03894694480631086.
forward model: training agent 11.
Epoch 0: forward train average loss 0.0730399058924781.
epoch 0: forward test average loss 0.11061820056703356.
Epoch 99: forward train average loss 0.02436128755410512.
epoch 99: forward test average loss 0.0464463084936142.
inverse model, training agent 11.
epoch 0: inverse train average loss 0.025360433177815542.
epoch 0: inverse test average loss 0.0356734875175688.
epoch 99: inverse train average loss 0.01267183923886882.
epoch 99: inverse test average loss 0.018849665919939678.
forward model: training agent 12.
Epoch 0: forward train average loss 0.33201128244400024.
epoch 0: forward test average loss 0.3007305992974175.
Epoch 99: forward train average loss 0.01172631337410874.
epoch 99: forward test average loss 0.016652118000719283.
inverse model, training agent 12.
epoch 0: inverse train average loss 0.01764899988969167.
epoch 0: inverse test average loss 0.022950818141301472.
epoch 99: inverse train average loss 0.00023035658887238242.
epoch 99: inverse test average loss 0.0003234047908335924.
forward model: training agent 13.
Epoch 0: forward train average loss 0.5050008495648702.
epoch 0: forward test average loss 0.6622245841556125.
Epoch 99: forward train average loss 0.025774885382917192.
epoch 99: forward test average loss 0.0395422445403205.
inverse model, training agent 13.
epoch 0: inverse train average loss 0.15729395217365688.
epoch 0: inverse test average loss 0.24862011273701987.
epoch 99: inverse train average loss 0.01899209287431505.
epoch 99: inverse test average loss 0.031666406326823764.
forward model: training agent 14.
Epoch 0: forward train average loss 3.2430788146124945.
epoch 0: forward test average loss 5.165724436442058.
Epoch 99: forward train average loss 0.028200838714838028.
epoch 99: forward test average loss 0.06287148925993177.
inverse model, training agent 14.
epoch 0: inverse train average loss 0.023745127022266388.
epoch 0: inverse test average loss 0.031599207056893244.
epoch 99: inverse train average loss 0.0005089896132833221.
epoch 99: inverse test average loss 0.0011556515884068278.
forward model: training agent 15.
Epoch 0: forward train average loss 7.615201950073242.
epoch 0: forward test average loss 11.040863460964626.
Epoch 99: forward train average loss 0.0671677076154285.
epoch 99: forward test average loss 0.1325958768526713.
inverse model, training agent 15.
epoch 0: inverse train average loss 0.09529848396778107.
epoch 0: inverse test average loss 0.150627507103814.
epoch 99: inverse train average loss 0.011952539285024008.
epoch 99: inverse test average loss 0.017492869661913976.
Policy training episode: 5, grounded actions taken: 5760, last two uncertainties: {0: [0.0, 0.0], 1: [0.0, 0.0], 2: [0.0, 0.0], 3: [0.0, 0.0], 4: [0.0, 0.0], 5: [0.0, 0.0], 6: [0.0, 0.0], 7: [0.0, 0.0], 8: [0.0, 0.0], 9: [0.0, 0.0], 10: [0.0, 0.0], 11: [0.0, 0.0], 12: [0.0, 0.0], 13: [0.0, 0.0], 14: [0.0, 0.0], 15: [0.0, 0.0]}, avg agent uncertainties: [0.0, 0.0, 0.0, 0.0, 0.0, 0.0, 0.0, 0.0, 0.0, 0.0, 0.0, 0.0, 0.0, 0.0, 0.0, 0.0], grounded actions by agent: [360, 360, 360, 360, 360, 360, 360, 360, 360, 360, 360, 360, 360, 360, 360, 360]
Policy training episode: 5, iteration 0/1, policy training avg travel time:754.4374044740864, q_loss:875.0494995117188, rewards:-1323.0076388888888, queue:161.80260416666667, delay:0.561639404296875, throughput:13245
Sim Rollout episode:6/100, sim avg travel time:692.3878543635353, rewards:-1049.0682291666667, queue:141.1809027777778, delay:0.5568942599826389, throughput:13718
Real rollout step:6/100, travel time:457.74802705749715, rewards:-752.7830729166667, queue:80.14756944444444, delay:0.5006003061930339, throughput:12700
forward model: training agent 0.
Epoch 0: forward train average loss 1.502497222688463.
epoch 0: forward test average loss 2.243052270677355.
Epoch 99: forward train average loss 0.013607084958089722.
epoch 99: forward test average loss 0.028362991081343755.
inverse model, training agent 0.
epoch 0: inverse train average loss 0.00016598922391292744.
epoch 0: inverse test average loss 1.9747944255262457e-05.
epoch 99: inverse train average loss 0.00014741777876123605.
epoch 99: inverse test average loss 2.8719627557115422e-05.
forward model: training agent 1.
Epoch 0: forward train average loss 0.0030406678819821942.
epoch 0: forward test average loss 0.0048441580600208705.
Epoch 99: forward train average loss 0.0028394291487832866.
epoch 99: forward test average loss 0.005023014835185475.
inverse model, training agent 1.
epoch 0: inverse train average loss 0.0004351948510803696.
epoch 0: inverse test average loss 0.002309554670419958.
epoch 99: inverse train average loss 0.0006378164042770448.
epoch 99: inverse test average loss 0.0026064461692132885.
forward model: training agent 2.
Epoch 0: forward train average loss 0.013846583043535551.
epoch 0: forward test average loss 0.017182214392556086.
Epoch 99: forward train average loss 0.0034947278391983774.
epoch 99: forward test average loss 0.005743166845705774.
inverse model, training agent 2.
epoch 0: inverse train average loss 0.009871809639864497.
epoch 0: inverse test average loss 0.015124834246105619.
epoch 99: inverse train average loss 0.0073220426630642675.
epoch 99: inverse test average loss 0.008719933736655448.
forward model: training agent 3.
Epoch 0: forward train average loss 9.553869269781264e-11.
epoch 0: forward test average loss 6.956111612647457e-12.
Epoch 99: forward train average loss 9.631246764624851e-11.
epoch 99: forward test average loss 4.3151734037868056e-10.
inverse model, training agent 3.
epoch 0: inverse train average loss 0.01238270683421029.
epoch 0: inverse test average loss 0.019798215064737532.
epoch 99: inverse train average loss 0.011309743962354131.
epoch 99: inverse test average loss 0.01808815035555098.
forward model: training agent 4.
Epoch 0: forward train average loss 0.5899120171864828.
epoch 0: forward test average loss 0.8808740244971381.
Epoch 99: forward train average loss 0.004849337300078737.
epoch 99: forward test average loss 0.008527725314100584.
inverse model, training agent 4.
epoch 0: inverse train average loss 2.7408109922867476e-05.
epoch 0: inverse test average loss 2.7403169143427578e-05.
epoch 99: inverse train average loss 1.9151892982133886e-06.
epoch 99: inverse test average loss 1.224202403843972e-06.
forward model: training agent 5.
Epoch 0: forward train average loss 0.08406172527207269.
epoch 0: forward test average loss 0.06550589866108364.
Epoch 99: forward train average loss 0.0026800474669370386.
epoch 99: forward test average loss 0.004494845039314694.
inverse model, training agent 5.
epoch 0: inverse train average loss 8.316239759559924e-06.
epoch 0: inverse test average loss 8.331268948798727e-08.
epoch 99: inverse train average loss 2.7736510822427995e-06.
epoch 99: inverse test average loss 3.570041447649904e-09.
forward model: training agent 6.
Epoch 0: forward train average loss 0.07475834422641331.
epoch 0: forward test average loss 0.11651324563556248.
Epoch 99: forward train average loss 0.017484679611192808.
epoch 99: forward test average loss 0.02901251448525323.
inverse model, training agent 6.
epoch 0: inverse train average loss 0.018353112869792514.
epoch 0: inverse test average loss 0.03053944143984053.
epoch 99: inverse train average loss 0.01595960081451469.
epoch 99: inverse test average loss 0.029348905715677474.
forward model: training agent 7.
Epoch 0: forward train average loss 0.09529382487138112.
epoch 0: forward test average loss 0.14028286933898926.
Epoch 99: forward train average loss 0.02114510577585962.
epoch 99: forward test average loss 0.03712226781580183.
inverse model, training agent 7.
epoch 0: inverse train average loss 0.034774437132808894.
epoch 0: inverse test average loss 0.03610264592700534.
epoch 99: inverse train average loss 0.010491687804460526.
epoch 99: inverse test average loss 0.014434781339433458.
forward model: training agent 8.
Epoch 0: forward train average loss 0.11438107987244923.
epoch 0: forward test average loss 0.16776246494717068.
Epoch 99: forward train average loss 0.025931847592194874.
epoch 99: forward test average loss 0.047308446632491216.
inverse model, training agent 8.
epoch 0: inverse train average loss 0.0003116459087727384.
epoch 0: inverse test average loss 0.0002555697250904308.
epoch 99: inverse train average loss 0.00019655605299501785.
epoch 99: inverse test average loss 7.38350305861483e-05.
forward model: training agent 9.
Epoch 0: forward train average loss 0.7042977280086942.
epoch 0: forward test average loss 0.9533694585164388.
Epoch 99: forward train average loss 0.007492942114671071.
epoch 99: forward test average loss 0.01148428147037824.
inverse model, training agent 9.
epoch 0: inverse train average loss 0.0164002308415042.
epoch 0: inverse test average loss 0.01733931650718053.
epoch 99: inverse train average loss 0.0035068776148060956.
epoch 99: inverse test average loss 0.004929497941500611.
forward model: training agent 10.
Epoch 0: forward train average loss 1.3507049878438313.
epoch 0: forward test average loss 1.6330346001519098.
Epoch 99: forward train average loss 0.09975902073913151.
epoch 99: forward test average loss 0.1415507131152683.
inverse model, training agent 10.
epoch 0: inverse train average loss 0.11132749915122986.
epoch 0: inverse test average loss 0.1687615911165873.
epoch 99: inverse train average loss 0.0032970496556825107.
epoch 99: inverse test average loss 0.005248021541370286.
forward model: training agent 11.
Epoch 0: forward train average loss 1.2169590791066487.
epoch 0: forward test average loss 1.35805172390408.
Epoch 99: forward train average loss 0.03185050065318743.
epoch 99: forward test average loss 0.05389675166871813.
inverse model, training agent 11.
epoch 0: inverse train average loss 0.044430960383680135.
epoch 0: inverse test average loss 0.06759814421335857.
epoch 99: inverse train average loss 0.007370412349700928.
epoch 99: inverse test average loss 0.00911853089928627.
forward model: training agent 12.
Epoch 0: forward train average loss 0.06277343051301108.
epoch 0: forward test average loss 0.049106455511516996.
Epoch 99: forward train average loss 0.004924267530441284.
epoch 99: forward test average loss 0.006436799963315328.
inverse model, training agent 12.
epoch 0: inverse train average loss 0.0002311577538623371.
epoch 0: inverse test average loss 0.0004765917935098211.
epoch 99: inverse train average loss 0.0001006030280324113.
epoch 99: inverse test average loss 8.944867618588937e-05.
forward model: training agent 13.
Epoch 0: forward train average loss 0.04667269852426317.
epoch 0: forward test average loss 0.0774108005894555.
Epoch 99: forward train average loss 0.010738457863529524.
epoch 99: forward test average loss 0.020333463946978252.
inverse model, training agent 13.
epoch 0: inverse train average loss 0.019056715899043612.
epoch 0: inverse test average loss 0.03313080966472626.
epoch 99: inverse train average loss 0.012263926987846693.
epoch 99: inverse test average loss 0.020785217483838398.
forward model: training agent 14.
Epoch 0: forward train average loss 0.15032660961151123.
epoch 0: forward test average loss 0.19849012957678902.
Epoch 99: forward train average loss 0.011469621418250931.
epoch 99: forward test average loss 0.021090184648831684.
inverse model, training agent 14.
epoch 0: inverse train average loss 0.0005624232580885291.
epoch 0: inverse test average loss 0.0009744143786115779.
epoch 99: inverse train average loss 0.00013467255080791397.
epoch 99: inverse test average loss 9.493131117071446e-05.
forward model: training agent 15.
Epoch 0: forward train average loss 1.4870009157392714.
epoch 0: forward test average loss 2.209462695651584.
Epoch 99: forward train average loss 0.08382097714477116.
epoch 99: forward test average loss 0.14798937241236368.
inverse model, training agent 15.
epoch 0: inverse train average loss 0.02987353006998698.
epoch 0: inverse test average loss 0.04043096800645193.
epoch 99: inverse train average loss 0.014481790156828033.
epoch 99: inverse test average loss 0.019646713303195104.
Policy training episode: 6, grounded actions taken: 5760, last two uncertainties: {0: [0.0, 0.0], 1: [0.0, 0.0], 2: [0.0, 0.0], 3: [0.0, 0.0], 4: [0.0, 0.0], 5: [0.0, 0.0], 6: [0.0, 0.0], 7: [0.0, 0.0], 8: [0.0, 0.0], 9: [0.0, 0.0], 10: [0.0, 0.0], 11: [0.0, 0.0], 12: [0.0, 0.0], 13: [0.0, 0.0], 14: [0.0, 0.0], 15: [0.0, 0.0]}, avg agent uncertainties: [0.0, 0.0, 0.0, 0.0, 0.0, 0.0, 0.0, 0.0, 0.0, 0.0, 0.0, 0.0, 0.0, 0.0, 0.0, 0.0], grounded actions by agent: [360, 360, 360, 360, 360, 360, 360, 360, 360, 360, 360, 360, 360, 360, 360, 360]
Policy training episode: 6, iteration 0/1, policy training avg travel time:987.9187274242845, q_loss:796.5811767578125, rewards:-1520.2541666666666, queue:189.94930555555555, delay:0.6125508626302083, throughput:10613
Sim Rollout episode:7/100, sim avg travel time:584.3911633938495, rewards:-861.3451388888889, queue:128.22378472222223, delay:0.5212066650390625, throughput:15122
Real rollout step:7/100, travel time:515.7888943549378, rewards:-849.6952256944444, queue:96.57222222222222, delay:0.50405396355523, throughput:12604
forward model: training agent 0.
Epoch 0: forward train average loss 0.3092537422974904.
epoch 0: forward test average loss 0.42591048611534965.
Epoch 99: forward train average loss 0.023755909668074712.
epoch 99: forward test average loss 0.03886532617939843.
inverse model, training agent 0.
epoch 0: inverse train average loss 0.00046424930688873347.
epoch 0: inverse test average loss 0.00014192215166985989.
epoch 99: inverse train average loss 0.00031661879014185007.
epoch 99: inverse test average loss 8.824743175258239e-05.
forward model: training agent 1.
Epoch 0: forward train average loss 0.01192101225670841.
epoch 0: forward test average loss 0.013425306934449408.
Epoch 99: forward train average loss 0.0041795033030211926.
epoch 99: forward test average loss 0.006360868612925212.
inverse model, training agent 1.
epoch 0: inverse train average loss 0.0014276263067990334.
epoch 0: inverse test average loss 0.0012514293484855443.
epoch 99: inverse train average loss 0.0017597370735731805.
epoch 99: inverse test average loss 0.0011661101856993304.
forward model: training agent 2.
Epoch 0: forward train average loss 0.04354467449916734.
epoch 0: forward test average loss 0.07365432381629944.
Epoch 99: forward train average loss 0.005203372902340359.
epoch 99: forward test average loss 0.010431663029723696.
inverse model, training agent 2.
epoch 0: inverse train average loss 0.009335474421580633.
epoch 0: inverse test average loss 0.016865882608625624.
epoch 99: inverse train average loss 0.008691470759610334.
epoch 99: inverse test average loss 0.01746861222717497.
forward model: training agent 3.
Epoch 0: forward train average loss 1.5794900617846804e-05.
epoch 0: forward test average loss 1.0145041515998957e-05.
Epoch 99: forward train average loss 1.0821943638778262e-18.
epoch 99: forward test average loss 1.873929701263356e-18.
inverse model, training agent 3.
epoch 0: inverse train average loss 0.01279652284251319.
epoch 0: inverse test average loss 0.020477241939968534.
epoch 99: inverse train average loss 0.011393895372748375.
epoch 99: inverse test average loss 0.01821166028579076.
forward model: training agent 4.
Epoch 0: forward train average loss 1.362153583102756.
epoch 0: forward test average loss 1.4234428405761719.
Epoch 99: forward train average loss 0.03814780670735571.
epoch 99: forward test average loss 0.07093824280632867.
inverse model, training agent 4.
epoch 0: inverse train average loss 9.957800075375032e-07.
epoch 0: inverse test average loss 1.384863455392941e-07.
epoch 99: inverse train average loss 3.3619984086500726e-07.
epoch 99: inverse test average loss 2.3334158704023544e-08.
forward model: training agent 5.
Epoch 0: forward train average loss 0.06824980510605706.
epoch 0: forward test average loss 0.058033006058798894.
Epoch 99: forward train average loss 0.0027835708525445727.
epoch 99: forward test average loss 0.005288368504908349.
inverse model, training agent 5.
epoch 0: inverse train average loss 2.593228577059866e-06.
epoch 0: inverse test average loss 2.6956406088777623e-08.
epoch 99: inverse train average loss 4.2086561011542597e-07.
epoch 99: inverse test average loss 1.5522037975933423e-10.
forward model: training agent 6.
Epoch 0: forward train average loss 0.24765636192427742.
epoch 0: forward test average loss 0.38738828235202366.
Epoch 99: forward train average loss 0.03729839954111311.
epoch 99: forward test average loss 0.04920429984728495.
inverse model, training agent 6.
epoch 0: inverse train average loss 0.01443972210917208.
epoch 0: inverse test average loss 0.026684934066401586.
epoch 99: inverse train average loss 0.013759715896513727.
epoch 99: inverse test average loss 0.027559979094399348.
forward model: training agent 7.
Epoch 0: forward train average loss 0.2197185622321235.
epoch 0: forward test average loss 0.22888402806388009.
Epoch 99: forward train average loss 0.029212947520944808.
epoch 99: forward test average loss 0.04390456113550398.
inverse model, training agent 7.
epoch 0: inverse train average loss 0.015953299072053697.
epoch 0: inverse test average loss 0.023105659418635897.
epoch 99: inverse train average loss 0.010508604761626985.
epoch 99: inverse test average loss 0.01685790717601776.
forward model: training agent 8.
Epoch 0: forward train average loss 1.8944776852925618.
epoch 0: forward test average loss 2.73602475060357.
Epoch 99: forward train average loss 0.04669330931372113.
epoch 99: forward test average loss 0.07222816016938952.
inverse model, training agent 8.
epoch 0: inverse train average loss 0.004522294808541321.
epoch 0: inverse test average loss 0.0001228042852340473.
epoch 99: inverse train average loss 0.0012495274131651968.
epoch 99: inverse test average loss 0.0005715127206510968.
forward model: training agent 9.
Epoch 0: forward train average loss 2.8211351235707602.
epoch 0: forward test average loss 3.7388023800320096.
Epoch 99: forward train average loss 0.07058074076970418.
epoch 99: forward test average loss 0.10287333197063869.
inverse model, training agent 9.
epoch 0: inverse train average loss 0.016808923954765003.
epoch 0: inverse test average loss 0.025044309596220653.
epoch 99: inverse train average loss 0.008388135789169205.
epoch 99: inverse test average loss 0.013536889106035233.
forward model: training agent 10.
Epoch 0: forward train average loss 3.182792822519938.
epoch 0: forward test average loss 4.307500627305773.
Epoch 99: forward train average loss 0.17419871356752184.
epoch 99: forward test average loss 0.2979993952645196.
inverse model, training agent 10.
epoch 0: inverse train average loss 0.13986250261465707.
epoch 0: inverse test average loss 0.1823729674021403.
epoch 99: inverse train average loss 0.00426803772441215.
epoch 99: inverse test average loss 0.005828209842244784.
forward model: training agent 11.
Epoch 0: forward train average loss 2.7531609535217285.
epoch 0: forward test average loss 3.771936204698351.
Epoch 99: forward train average loss 0.020581327378749847.
epoch 99: forward test average loss 0.03844008511967129.
inverse model, training agent 11.
epoch 0: inverse train average loss 0.2176550891664293.
epoch 0: inverse test average loss 0.3801979621251424.
epoch 99: inverse train average loss 0.020575965030325785.
epoch 99: inverse test average loss 0.028050038549635146.
forward model: training agent 12.
Epoch 0: forward train average loss 0.03291874544488059.
epoch 0: forward test average loss 0.049801909261279635.
Epoch 99: forward train average loss 0.002444597219841348.
epoch 99: forward test average loss 0.0037253439012500974.
inverse model, training agent 12.
epoch 0: inverse train average loss 0.0013817018415364954.
epoch 0: inverse test average loss 0.0021836012601852417.
epoch 99: inverse train average loss 0.0003388597502230874.
epoch 99: inverse test average loss 0.0012579975332806094.
forward model: training agent 13.
Epoch 0: forward train average loss 0.13605750931633842.
epoch 0: forward test average loss 0.1860121488571167.
Epoch 99: forward train average loss 0.003325441852211952.
epoch 99: forward test average loss 0.006003967589802212.
inverse model, training agent 13.
epoch 0: inverse train average loss 0.038403787546687655.
epoch 0: inverse test average loss 0.061089002423816256.
epoch 99: inverse train average loss 0.014104358851909637.
epoch 99: inverse test average loss 0.020966960324181452.
forward model: training agent 14.
Epoch 0: forward train average loss 0.30975914001464844.
epoch 0: forward test average loss 0.2680252657996284.
Epoch 99: forward train average loss 0.007546995042098893.
epoch 99: forward test average loss 0.013616832594076792.
inverse model, training agent 14.
epoch 0: inverse train average loss 0.06217634595102734.
epoch 0: inverse test average loss 0.11511443389786614.
epoch 99: inverse train average loss 0.0008805559805801345.
epoch 99: inverse test average loss 0.0023668898373014396.
forward model: training agent 15.
Epoch 0: forward train average loss 3.376188119252523.
epoch 0: forward test average loss 5.265498691134983.
Epoch 99: forward train average loss 0.02906521533926328.
epoch 99: forward test average loss 0.04928198456764221.
inverse model, training agent 15.
epoch 0: inverse train average loss 0.06799213919374678.
epoch 0: inverse test average loss 0.10591020517879063.
epoch 99: inverse train average loss 0.012812426313757896.
epoch 99: inverse test average loss 0.020208726326624554.
Policy training episode: 7, grounded actions taken: 5760, last two uncertainties: {0: [0.0, 0.0], 1: [0.0, 0.0], 2: [0.0, 0.0], 3: [0.0, 0.0], 4: [0.0, 0.0], 5: [0.0, 0.0], 6: [0.0, 0.0], 7: [0.0, 0.0], 8: [0.0, 0.0], 9: [0.0, 0.0], 10: [0.0, 0.0], 11: [0.0, 0.0], 12: [0.0, 0.0], 13: [0.0, 0.0], 14: [0.0, 0.0], 15: [0.0, 0.0]}, avg agent uncertainties: [0.0, 0.0, 0.0, 0.0, 0.0, 0.0, 0.0, 0.0, 0.0, 0.0, 0.0, 0.0, 0.0, 0.0, 0.0, 0.0], grounded actions by agent: [360, 360, 360, 360, 360, 360, 360, 360, 360, 360, 360, 360, 360, 360, 360, 360]
Policy training episode: 7, iteration 0/1, policy training avg travel time:775.8947855885895, q_loss:784.933837890625, rewards:-1277.2597222222223, queue:163.4217013888889, delay:0.5959051344129774, throughput:12965
Sim Rollout episode:8/100, sim avg travel time:1037.5528997591255, rewards:-1206.6565104166666, queue:203.74947916666667, delay:0.6130326588948568, throughput:9962
Real rollout step:8/100, travel time:713.581356405247, rewards:-963.0190972222222, queue:126.44270833333333, delay:0.5351288265652127, throughput:10254
forward model: training agent 0.
Epoch 0: forward train average loss 2.619886424806383.
epoch 0: forward test average loss 2.9805221557617188.
Epoch 99: forward train average loss 0.21216297480795118.
epoch 99: forward test average loss 0.3380383782916599.
inverse model, training agent 0.
epoch 0: inverse train average loss 0.00040875703846015476.
epoch 0: inverse test average loss 5.3352685224834e-06.
epoch 99: inverse train average loss 0.0002522718362646022.
epoch 99: inverse test average loss 0.00025241507197885465.
forward model: training agent 1.
Epoch 0: forward train average loss 0.023749716579914093.
epoch 0: forward test average loss 0.049104402462641396.
Epoch 99: forward train average loss 0.0034761853102180692.
epoch 99: forward test average loss 0.005850379044810931.
inverse model, training agent 1.
epoch 0: inverse train average loss 1.2453394730885823.
epoch 0: inverse test average loss 2.0237005021837025.
epoch 99: inverse train average loss 0.4402989347775777.
epoch 99: inverse test average loss 0.5660400390625.
forward model: training agent 2.
Epoch 0: forward train average loss 0.23516269856029087.
epoch 0: forward test average loss 0.27533890141381157.
Epoch 99: forward train average loss 0.012355206534266472.
epoch 99: forward test average loss 0.02209776888291041.
inverse model, training agent 2.
epoch 0: inverse train average loss 0.007464089948270056.
epoch 0: inverse test average loss 0.0117894204126464.
epoch 99: inverse train average loss 0.005445546004921198.
epoch 99: inverse test average loss 0.008997331890794966.
forward model: training agent 3.
Epoch 0: forward train average loss 8.431906684967948e-06.
epoch 0: forward test average loss 5.8709538279799744e-06.
Epoch 99: forward train average loss 6.357975575195765e-19.
epoch 99: forward test average loss 7.602800368343993e-19.
inverse model, training agent 3.
epoch 0: inverse train average loss 0.012715835952096514.
epoch 0: inverse test average loss 0.020352178149753146.
epoch 99: inverse train average loss 0.01141418247587151.
epoch 99: inverse test average loss 0.018254311548338994.
forward model: training agent 4.
Epoch 0: forward train average loss 0.33904751141866046.
epoch 0: forward test average loss 0.45365341504414874.
Epoch 99: forward train average loss 0.02422087060080634.
epoch 99: forward test average loss 0.03311818755335278.
inverse model, training agent 4.
epoch 0: inverse train average loss 7.432715728943822e-07.
epoch 0: inverse test average loss 2.7809534230982536e-08.
epoch 99: inverse train average loss 9.269844099692941e-08.
epoch 99: inverse test average loss 9.390812966753654e-09.
forward model: training agent 5.
Epoch 0: forward train average loss 1.204509112570021.
epoch 0: forward test average loss 1.3529262012905545.
Epoch 99: forward train average loss 0.0022080877744075325.
epoch 99: forward test average loss 0.004728622527586089.
inverse model, training agent 5.
epoch 0: inverse train average loss 3.088612665378163e-07.
epoch 0: inverse test average loss 2.0696047345028193e-10.
epoch 99: inverse train average loss 8.364503960455059e-08.
epoch 99: inverse test average loss 0.0.
forward model: training agent 6.
Epoch 0: forward train average loss 0.5148751868142022.
epoch 0: forward test average loss 0.761526346206665.
Epoch 99: forward train average loss 0.05455600470304489.
epoch 99: forward test average loss 0.10256728529930115.
inverse model, training agent 6.
epoch 0: inverse train average loss 0.060504559013578624.
epoch 0: inverse test average loss 0.05223515381415685.
epoch 99: inverse train average loss 0.009851015069418483.
epoch 99: inverse test average loss 0.014157682243320677.
forward model: training agent 7.
Epoch 0: forward train average loss 0.5139088961813185.
epoch 0: forward test average loss 0.633568286895752.
Epoch 99: forward train average loss 0.03301156105266677.
epoch 99: forward test average loss 0.04885434276527829.
inverse model, training agent 7.
epoch 0: inverse train average loss 0.22106487883461845.
epoch 0: inverse test average loss 0.3575494819217258.
epoch 99: inverse train average loss 0.005605430549217595.
epoch 99: inverse test average loss 0.008451130241155624.
forward model: training agent 8.
Epoch 0: forward train average loss 1.0767593913608127.
epoch 0: forward test average loss 1.2417220539516873.
Epoch 99: forward train average loss 0.04084899855984582.
epoch 99: forward test average loss 0.05166148808267382.
inverse model, training agent 8.
epoch 0: inverse train average loss 0.0026040808463423876.
epoch 0: inverse test average loss 5.820833353532685e-05.
epoch 99: inverse train average loss 0.00031535266963247623.
epoch 99: inverse test average loss 0.0002883424357883592.
forward model: training agent 9.
Epoch 0: forward train average loss 1.6508883635203044.
epoch 0: forward test average loss 2.3372926712036133.
Epoch 99: forward train average loss 0.023321070190933015.
epoch 99: forward test average loss 0.03681860201888614.
inverse model, training agent 9.
epoch 0: inverse train average loss 0.010192277737789683.
epoch 0: inverse test average loss 0.012602508068084717.
epoch 99: inverse train average loss 0.005877044258846177.
epoch 99: inverse test average loss 0.00627278857347038.
forward model: training agent 10.
Epoch 0: forward train average loss 5.014496538374159.
epoch 0: forward test average loss 7.146273507012261.
Epoch 99: forward train average loss 0.1410715960794025.
epoch 99: forward test average loss 0.2545293966929118.
inverse model, training agent 10.
epoch 0: inverse train average loss 0.16089688738187155.
epoch 0: inverse test average loss 0.22156335910161337.
epoch 99: inverse train average loss 0.005920110477341546.
epoch 99: inverse test average loss 0.010584299763043722.
forward model: training agent 11.
Epoch 0: forward train average loss 2.363446500566271.
epoch 0: forward test average loss 2.6641538408067493.
Epoch 99: forward train average loss 0.09444561931822035.
epoch 99: forward test average loss 0.1430532866054111.
inverse model, training agent 11.
epoch 0: inverse train average loss 0.1550454232427809.
epoch 0: inverse test average loss 0.23437449667188856.
epoch 99: inverse train average loss 0.008884066094954809.
epoch 99: inverse test average loss 0.011320068604416318.
forward model: training agent 12.
Epoch 0: forward train average loss 0.002054954749635524.
epoch 0: forward test average loss 0.0034989185838235747.
Epoch 99: forward train average loss 0.0017446949819309844.
epoch 99: forward test average loss 0.0033201522504289946.
inverse model, training agent 12.
epoch 0: inverse train average loss 0.0006292200754008567.
epoch 0: inverse test average loss 0.00014060768040104045.
epoch 99: inverse train average loss 0.0005578958969433896.
epoch 99: inverse test average loss 0.00013535474944445823.
forward model: training agent 13.
Epoch 0: forward train average loss 0.01308604454000791.
epoch 0: forward test average loss 0.021438164843453303.
Epoch 99: forward train average loss 0.0033868062309920788.
epoch 99: forward test average loss 0.006839886514676942.
inverse model, training agent 13.
epoch 0: inverse train average loss 0.013252812541193433.
epoch 0: inverse test average loss 0.019518490466806624.
epoch 99: inverse train average loss 0.004591856255299515.
epoch 99: inverse test average loss 0.004141159562600983.
forward model: training agent 14.
Epoch 0: forward train average loss 0.11127671599388123.
epoch 0: forward test average loss 0.1524926722049713.
Epoch 99: forward train average loss 0.007342830921212832.
epoch 99: forward test average loss 0.011815323183933893.
inverse model, training agent 14.
epoch 0: inverse train average loss 0.0004664955292052279.
epoch 0: inverse test average loss 0.0008513589596582784.
epoch 99: inverse train average loss 0.00020965437579434365.
epoch 99: inverse test average loss 0.00018695773395746882.
forward model: training agent 15.
Epoch 0: forward train average loss 1.8533557785881891.
epoch 0: forward test average loss 2.3728330400254993.
Epoch 99: forward train average loss 0.046839869684643216.
epoch 99: forward test average loss 0.09901053706804912.
inverse model, training agent 15.
epoch 0: inverse train average loss 0.15500140521261427.
epoch 0: inverse test average loss 0.25100766950183445.
epoch 99: inverse train average loss 0.0038999246899038553.
epoch 99: inverse test average loss 0.002887229435145855.
Policy training episode: 8, grounded actions taken: 5760, last two uncertainties: {0: [0.0, 0.0], 1: [0.0, 0.0], 2: [0.0, 0.0], 3: [0.0, 0.0], 4: [0.0, 0.0], 5: [0.0, 0.0], 6: [0.0, 0.0], 7: [0.0, 0.0], 8: [0.0, 0.0], 9: [0.0, 0.0], 10: [0.0, 0.0], 11: [0.0, 0.0], 12: [0.0, 0.0], 13: [0.0, 0.0], 14: [0.0, 0.0], 15: [0.0, 0.0]}, avg agent uncertainties: [0.0, 0.0, 0.0, 0.0, 0.0, 0.0, 0.0, 0.0, 0.0, 0.0, 0.0, 0.0, 0.0, 0.0, 0.0, 0.0], grounded actions by agent: [360, 360, 360, 360, 360, 360, 360, 360, 360, 360, 360, 360, 360, 360, 360, 360]
Policy training episode: 8, iteration 0/1, policy training avg travel time:1212.048086722876, q_loss:827.465087890625, rewards:-1595.94375, queue:242.13611111111112, delay:0.639872572157118, throughput:7495
Sim Rollout episode:9/100, sim avg travel time:864.9644742936545, rewards:-879.3198784722222, queue:161.5140625, delay:0.5875767178005642, throughput:12211
Real rollout step:9/100, travel time:371.8855824122434, rewards:-572.7392361111112, queue:67.52482638888888, delay:0.4822235107421875, throughput:14011
forward model: training agent 0.
Epoch 0: forward train average loss 0.24211505386564466.
epoch 0: forward test average loss 0.3159247504340278.
Epoch 99: forward train average loss 0.01889185193512175.
epoch 99: forward test average loss 0.03329338961177402.
inverse model, training agent 0.
epoch 0: inverse train average loss 0.0004189072507061711.
epoch 0: inverse test average loss 4.076433510312604e-05.
epoch 99: inverse train average loss 0.00031796276248188506.
epoch 99: inverse test average loss 4.1439818839232125e-05.
forward model: training agent 1.
Epoch 0: forward train average loss 0.013247207531498538.
epoch 0: forward test average loss 0.017126007626454037.
Epoch 99: forward train average loss 0.007137230080034997.
epoch 99: forward test average loss 0.008834530702895589.
inverse model, training agent 1.
epoch 0: inverse train average loss 0.6640927394231161.
epoch 0: inverse test average loss 0.9950919151306152.
epoch 99: inverse train average loss 0.09802313811249203.
epoch 99: inverse test average loss 0.13458632760577732.
forward model: training agent 2.
Epoch 0: forward train average loss 0.10797717836168078.
epoch 0: forward test average loss 0.12086718612247044.
Epoch 99: forward train average loss 0.012180616872178184.
epoch 99: forward test average loss 0.022625601126088038.
inverse model, training agent 2.
epoch 0: inverse train average loss 0.10795903205871582.
epoch 0: inverse test average loss 0.3805838492181566.
epoch 99: inverse train average loss 0.020679819501108594.
epoch 99: inverse test average loss 0.03619027054972119.
forward model: training agent 3.
Epoch 0: forward train average loss 5.80248932800755e-19.
epoch 0: forward test average loss 1.54733048746868e-18.
Epoch 99: forward train average loss 5.207762616205653e-11.
epoch 99: forward test average loss 6.418981858392748e-12.
inverse model, training agent 3.
epoch 0: inverse train average loss 0.01140547212627199.
epoch 0: inverse test average loss 0.01824044105079439.
epoch 99: inverse train average loss 0.010453810087508626.
epoch 99: inverse test average loss 0.01671268128686481.
forward model: training agent 4.
Epoch 0: forward train average loss 0.019194802062378988.
epoch 0: forward test average loss 0.03026955657535129.
Epoch 99: forward train average loss 0.005537068367832237.
epoch 99: forward test average loss 0.009437528335385852.
inverse model, training agent 4.
epoch 0: inverse train average loss 1.6609048891780276e-07.
epoch 0: inverse test average loss 9.26146626056834e-09.
epoch 99: inverse train average loss 3.2237503907091756e-08.
epoch 99: inverse test average loss 5.174013686628756e-11.
forward model: training agent 5.
Epoch 0: forward train average loss 0.021499134186241362.
epoch 0: forward test average loss 0.03853015601634979.
Epoch 99: forward train average loss 0.0038253525789413187.
epoch 99: forward test average loss 0.00632279800872008.
inverse model, training agent 5.
epoch 0: inverse train average loss 1.3457128631186618e-07.
epoch 0: inverse test average loss 0.0.
epoch 99: inverse train average loss 5.456576583127827e-08.
epoch 99: inverse test average loss 0.0.
forward model: training agent 6.
Epoch 0: forward train average loss 0.18770353330506218.
epoch 0: forward test average loss 0.4198739793565538.
Epoch 99: forward train average loss 0.05293567727009455.
epoch 99: forward test average loss 0.11049200759993659.
inverse model, training agent 6.
epoch 0: inverse train average loss 0.027135349810123444.
epoch 0: inverse test average loss 0.04935664766364627.
epoch 99: inverse train average loss 0.01366719686322742.
epoch 99: inverse test average loss 0.022291191750102572.
forward model: training agent 7.
Epoch 0: forward train average loss 0.9434985849592421.
epoch 0: forward test average loss 0.9515388011932373.
Epoch 99: forward train average loss 0.019780292279190488.
epoch 99: forward test average loss 0.03164830803871155.
inverse model, training agent 7.
epoch 0: inverse train average loss 0.29026663303375244.
epoch 0: inverse test average loss 0.4545418818791707.
epoch 99: inverse train average loss 0.0032489837354256045.
epoch 99: inverse test average loss 0.003456149250268936.
forward model: training agent 8.
Epoch 0: forward train average loss 1.356844915284051.
epoch 0: forward test average loss 1.7582513491312664.
Epoch 99: forward train average loss 0.018850276246666908.
epoch 99: forward test average loss 0.03762200309170617.
inverse model, training agent 8.
epoch 0: inverse train average loss 0.008470821111889867.
epoch 0: inverse test average loss 0.04240486447492407.
epoch 99: inverse train average loss 0.0015771971472228568.
epoch 99: inverse test average loss 0.0015198113138063087.
forward model: training agent 9.
Epoch 0: forward train average loss 0.04701539874076843.
epoch 0: forward test average loss 0.06677648425102234.
Epoch 99: forward train average loss 0.005376861120263736.
epoch 99: forward test average loss 0.008626833144161437.
inverse model, training agent 9.
epoch 0: inverse train average loss 0.026368681755330827.
epoch 0: inverse test average loss 0.052170188890563116.
epoch 99: inverse train average loss 0.0062495993657244574.
epoch 99: inverse test average loss 0.011344413376516767.
forward model: training agent 10.
Epoch 0: forward train average loss 0.03309799151288138.
epoch 0: forward test average loss 0.054815573824776545.
Epoch 99: forward train average loss 0.007670103468828731.
epoch 99: forward test average loss 0.01378255503045188.
inverse model, training agent 10.
epoch 0: inverse train average loss 0.09881848924689823.
epoch 0: inverse test average loss 0.1415021816889445.
epoch 99: inverse train average loss 0.019374248882134754.
epoch 99: inverse test average loss 0.035571293698416814.
forward model: training agent 11.
Epoch 0: forward train average loss 0.2823687791824341.
epoch 0: forward test average loss 0.29998645517561173.
Epoch 99: forward train average loss 0.009319250057968829.
epoch 99: forward test average loss 0.01761198126607471.
inverse model, training agent 11.
epoch 0: inverse train average loss 0.018160787514514394.
epoch 0: inverse test average loss 0.029875323176383972.
epoch 99: inverse train average loss 0.012025036952561803.
epoch 99: inverse test average loss 0.016635970109038882.
forward model: training agent 12.
Epoch 0: forward train average loss 0.002345787852795588.
epoch 0: forward test average loss 0.003206105592350165.
Epoch 99: forward train average loss 0.0019240062683820724.
epoch 99: forward test average loss 0.003159167451990975.
inverse model, training agent 12.
epoch 0: inverse train average loss 0.004609645406971039.
epoch 0: inverse test average loss 0.000129635044787493.
epoch 99: inverse train average loss 0.0009635535308108148.
epoch 99: inverse test average loss 0.00023912086099800136.
forward model: training agent 13.
Epoch 0: forward train average loss 0.002910143437070979.
epoch 0: forward test average loss 0.005351890913314289.
Epoch 99: forward train average loss 0.002516679155329863.
epoch 99: forward test average loss 0.004475980997085571.
inverse model, training agent 13.
epoch 0: inverse train average loss 0.0011011423129174444.
epoch 0: inverse test average loss 0.0013425240500105752.
epoch 99: inverse train average loss 0.00047233319977143157.
epoch 99: inverse test average loss 0.000162137410370633.
forward model: training agent 14.
Epoch 0: forward train average loss 0.6281293763054742.
epoch 0: forward test average loss 0.7205630938212076.
Epoch 99: forward train average loss 0.013336751403080093.
epoch 99: forward test average loss 0.021951518952846527.
inverse model, training agent 14.
epoch 0: inverse train average loss 0.010044272057712078.
epoch 0: inverse test average loss 0.014147900458839204.
epoch 99: inverse train average loss 0.0012438279809430242.
epoch 99: inverse test average loss 0.0009109163398130073.
forward model: training agent 15.
Epoch 0: forward train average loss 1.7227691279517279.
epoch 0: forward test average loss 1.994418780008952.
Epoch 99: forward train average loss 0.014010593709018495.
epoch 99: forward test average loss 0.02256697913010915.
inverse model, training agent 15.
epoch 0: inverse train average loss 0.08120094570848677.
epoch 0: inverse test average loss 0.12142656577958001.
epoch 99: inverse train average loss 0.0136477363606294.
epoch 99: inverse test average loss 0.02565715793106291.
Policy training episode: 9, grounded actions taken: 5760, last two uncertainties: {0: [0.0, 0.0], 1: [0.0, 0.0], 2: [0.0, 0.0], 3: [0.0, 0.0], 4: [0.0, 0.0], 5: [0.0, 0.0], 6: [0.0, 0.0], 7: [0.0, 0.0], 8: [0.0, 0.0], 9: [0.0, 0.0], 10: [0.0, 0.0], 11: [0.0, 0.0], 12: [0.0, 0.0], 13: [0.0, 0.0], 14: [0.0, 0.0], 15: [0.0, 0.0]}, avg agent uncertainties: [0.0, 0.0, 0.0, 0.0, 0.0, 0.0, 0.0, 0.0, 0.0, 0.0, 0.0, 0.0, 0.0, 0.0, 0.0, 0.0], grounded actions by agent: [360, 360, 360, 360, 360, 360, 360, 360, 360, 360, 360, 360, 360, 360, 360, 360]
Policy training episode: 9, iteration 0/1, policy training avg travel time:962.7089780413231, q_loss:814.8396606445312, rewards:-1371.3587673611112, queue:203.13038194444445, delay:0.6029911041259766, throughput:10343
Sim Rollout episode:10/100, sim avg travel time:778.4926576180109, rewards:-684.2355902777778, queue:143.67899305555557, delay:0.5549318949381511, throughput:13327
Real rollout step:10/100, travel time:412.310560169862, rewards:-456.44700520833334, queue:68.51145833333334, delay:0.4666495429144965, throughput:13713
forward model: training agent 0.
Epoch 0: forward train average loss 0.07102083994282617.
epoch 0: forward test average loss 0.06355182660950555.
Epoch 99: forward train average loss 0.013265857473015785.
epoch 99: forward test average loss 0.023252845638328128.
inverse model, training agent 0.
epoch 0: inverse train average loss 9.141702220167364e-05.
epoch 0: inverse test average loss 6.557882685835163e-05.
epoch 99: inverse train average loss 2.3060802680675687e-05.
epoch 99: inverse test average loss 4.967683910055914e-06.
forward model: training agent 1.
Epoch 0: forward train average loss 0.021677632712655596.
epoch 0: forward test average loss 0.0563130560848448.
Epoch 99: forward train average loss 0.010671993303630087.
epoch 99: forward test average loss 0.023311808705329895.
inverse model, training agent 1.
epoch 0: inverse train average loss 0.08546363810698192.
epoch 0: inverse test average loss 0.1381305456161499.
epoch 99: inverse train average loss 0.004328873318930467.
epoch 99: inverse test average loss 0.010320982171429528.
forward model: training agent 2.
Epoch 0: forward train average loss 0.029892916480700176.
epoch 0: forward test average loss 0.04481545752949185.
Epoch 99: forward train average loss 0.009665540522999234.
epoch 99: forward test average loss 0.015379658175839318.
inverse model, training agent 2.
epoch 0: inverse train average loss 0.019839187049203448.
epoch 0: inverse test average loss 0.03207372211747699.
epoch 99: inverse train average loss 0.007832213201456599.
epoch 99: inverse test average loss 0.006660085688862536.
forward model: training agent 3.
Epoch 0: forward train average loss 8.056084231544884e-12.
epoch 0: forward test average loss 5.4766644922802733e-11.
Epoch 99: forward train average loss 5.788481737602175e-11.
epoch 99: forward test average loss 4.716266883204096e-11.
inverse model, training agent 3.
epoch 0: inverse train average loss 0.010439719383915266.
epoch 0: inverse test average loss 0.016689791447586484.
epoch 99: inverse train average loss 0.00923607995112737.
epoch 99: inverse test average loss 0.014765956335597567.
forward model: training agent 4.
Epoch 0: forward train average loss 0.23227528068754408.
epoch 0: forward test average loss 0.2650613917244805.
Epoch 99: forward train average loss 0.0040014466891686125.
epoch 99: forward test average loss 0.005620364099740982.
inverse model, training agent 4.
epoch 0: inverse train average loss 2.8520730665674042e-08.
epoch 0: inverse test average loss 2.5870069975120202e-11.
epoch 99: inverse train average loss 6.344263978361495e-09.
epoch 99: inverse test average loss 0.0.
forward model: training agent 5.
Epoch 0: forward train average loss 0.11017723712656233.
epoch 0: forward test average loss 0.10150429937574598.
Epoch 99: forward train average loss 0.0046190183816684615.
epoch 99: forward test average loss 0.005943073373701837.
inverse model, training agent 5.
epoch 0: inverse train average loss 2.7376564225069695e-08.
epoch 0: inverse test average loss 0.0.
epoch 99: inverse train average loss 6.092059597525197e-09.
epoch 99: inverse test average loss 0.0.
forward model: training agent 6.
Epoch 0: forward train average loss 0.5254689322577583.
epoch 0: forward test average loss 0.6554200384351943.
Epoch 99: forward train average loss 0.0979163000981013.
epoch 99: forward test average loss 0.1952393651008606.
inverse model, training agent 6.
epoch 0: inverse train average loss 0.13493132591247559.
epoch 0: inverse test average loss 0.17991070614920723.
epoch 99: inverse train average loss 0.013236288395192888.
epoch 99: inverse test average loss 0.02220003389649921.
forward model: training agent 7.
Epoch 0: forward train average loss 0.7372173799408807.
epoch 0: forward test average loss 0.9194700453016493.
Epoch 99: forward train average loss 0.03985349751181073.
epoch 99: forward test average loss 0.07033630874421862.
inverse model, training agent 7.
epoch 0: inverse train average loss 0.06615287148290211.
epoch 0: inverse test average loss 0.09074932667944166.
epoch 99: inverse train average loss 0.016893805729018316.
epoch 99: inverse test average loss 0.028785458869404264.
forward model: training agent 8.
Epoch 0: forward train average loss 0.1739143662982517.
epoch 0: forward test average loss 0.2609744469324748.
Epoch 99: forward train average loss 0.026008635759353638.
epoch 99: forward test average loss 0.05530861682362027.
inverse model, training agent 8.
epoch 0: inverse train average loss 0.0031642597168684006.
epoch 0: inverse test average loss 0.002075110083549387.
epoch 99: inverse train average loss 0.0018691480832381381.
epoch 99: inverse test average loss 0.0017313109710812569.
forward model: training agent 9.
Epoch 0: forward train average loss 0.020650191853443783.
epoch 0: forward test average loss 0.026338123199012544.
Epoch 99: forward train average loss 0.006183640927904182.
epoch 99: forward test average loss 0.010079258845912086.
inverse model, training agent 9.
epoch 0: inverse train average loss 0.007685475051403046.
epoch 0: inverse test average loss 0.009151878456274668.
epoch 99: inverse train average loss 0.005606232417954339.
epoch 99: inverse test average loss 0.008055735793378618.
forward model: training agent 10.
Epoch 0: forward train average loss 0.00783181863112582.
epoch 0: forward test average loss 0.012437755448950661.
Epoch 99: forward train average loss 0.005176517905460464.
epoch 99: forward test average loss 0.008701057897673713.
inverse model, training agent 10.
epoch 0: inverse train average loss 0.025618320124016866.
epoch 0: inverse test average loss 0.041458379891183644.
epoch 99: inverse train average loss 0.01977111440565851.
epoch 99: inverse test average loss 0.03695043921470642.
forward model: training agent 11.
Epoch 0: forward train average loss 0.35344744390911526.
epoch 0: forward test average loss 0.4058310455746121.
Epoch 99: forward train average loss 0.01402585580945015.
epoch 99: forward test average loss 0.027487196856074862.
inverse model, training agent 11.
epoch 0: inverse train average loss 0.031068595747152965.
epoch 0: inverse test average loss 0.04453406400150723.
epoch 99: inverse train average loss 0.009957767919533782.
epoch 99: inverse test average loss 0.015611824889977774.
forward model: training agent 12.
Epoch 0: forward train average loss 0.0023424437838710016.
epoch 0: forward test average loss 0.0039155372521943515.
Epoch 99: forward train average loss 0.0018743839528825548.
epoch 99: forward test average loss 0.0028388772366775405.
inverse model, training agent 12.
epoch 0: inverse train average loss 0.0006955813344878455.
epoch 0: inverse test average loss 0.0006371457905819019.
epoch 99: inverse train average loss 0.0005015389356736301.
epoch 99: inverse test average loss 0.00018157583609637286.
forward model: training agent 13.
Epoch 0: forward train average loss 0.0028089542045361465.
epoch 0: forward test average loss 0.004222089631689919.
Epoch 99: forward train average loss 0.002574500006934007.
epoch 99: forward test average loss 0.004265252500772476.
inverse model, training agent 13.
epoch 0: inverse train average loss 0.004289803586693274.
epoch 0: inverse test average loss 0.01903010408083598.
epoch 99: inverse train average loss 0.0029396573857714734.
epoch 99: inverse test average loss 0.008184729350937737.
forward model: training agent 14.
Epoch 0: forward train average loss 0.08067487180233002.
epoch 0: forward test average loss 0.09971091151237488.
Epoch 99: forward train average loss 0.015486137320597967.
epoch 99: forward test average loss 0.024302312069469027.
inverse model, training agent 14.
epoch 0: inverse train average loss 0.0046103474580579335.
epoch 0: inverse test average loss 0.0023600454118827153.
epoch 99: inverse train average loss 0.0032111340616312292.
epoch 99: inverse test average loss 0.003493846497601933.
forward model: training agent 15.
Epoch 0: forward train average loss 0.3503876328468323.
epoch 0: forward test average loss 0.46811162100897896.
Epoch 99: forward train average loss 0.029290416174464755.
epoch 99: forward test average loss 0.04218109283182356.
inverse model, training agent 15.
epoch 0: inverse train average loss 0.07350441647900476.
epoch 0: inverse test average loss 0.1218647493256463.
epoch 99: inverse train average loss 0.011369902433620559.
epoch 99: inverse test average loss 0.011313648687468635.
Policy training episode: 10, grounded actions taken: 5760, last two uncertainties: {0: [0.0, 0.0], 1: [0.0, 0.0], 2: [0.0, 0.0], 3: [0.0, 0.0], 4: [0.0, 0.0], 5: [0.0, 0.0], 6: [0.0, 0.0], 7: [0.0, 0.0], 8: [0.0, 0.0], 9: [0.0, 0.0], 10: [0.0, 0.0], 11: [0.0, 0.0], 12: [0.0, 0.0], 13: [0.0, 0.0], 14: [0.0, 0.0], 15: [0.0, 0.0]}, avg agent uncertainties: [0.0, 0.0, 0.0, 0.0, 0.0, 0.0, 0.0, 0.0, 0.0, 0.0, 0.0, 0.0, 0.0, 0.0, 0.0, 0.0], grounded actions by agent: [360, 360, 360, 360, 360, 360, 360, 360, 360, 360, 360, 360, 360, 360, 360, 360]
Policy training episode: 10, iteration 0/1, policy training avg travel time:1099.6601658405523, q_loss:802.6605834960938, rewards:-1344.0887152777777, queue:194.07743055555557, delay:0.6145331488715278, throughput:8908
Sim Rollout episode:11/100, sim avg travel time:708.4545033572587, rewards:-675.9195746527778, queue:126.42256944444445, delay:0.5285105387369792, throughput:13583
Real rollout step:11/100, travel time:461.1707413509061, rewards:-482.2305121527778, queue:83.46996527777777, delay:0.4959286159939236, throughput:12386
forward model: training agent 0.
Epoch 0: forward train average loss 0.08302436106734806.
epoch 0: forward test average loss 0.0991912153032091.
Epoch 99: forward train average loss 0.01557118549115128.
epoch 99: forward test average loss 0.02401625116666158.
inverse model, training agent 0.
epoch 0: inverse train average loss 2.084923723878597e-05.
epoch 0: inverse test average loss 3.4910836903792288e-06.
epoch 99: inverse train average loss 8.030336330764084e-06.
epoch 99: inverse test average loss 1.3873543357097635e-06.
forward model: training agent 1.
Epoch 0: forward train average loss 2.013010263442993.
epoch 0: forward test average loss 2.8815177281697593.
Epoch 99: forward train average loss 0.029524856557448704.
epoch 99: forward test average loss 0.05995236006047991.
inverse model, training agent 1.
epoch 0: inverse train average loss 0.007471134368744161.
epoch 0: inverse test average loss 0.009084533486101363.
epoch 99: inverse train average loss 0.0003417517501576286.
epoch 99: inverse test average loss 0.000405765300254441.
forward model: training agent 2.
Epoch 0: forward train average loss 1.136155194706387.
epoch 0: forward test average loss 1.369606335957845.
Epoch 99: forward train average loss 0.016305237594578.
epoch 99: forward test average loss 0.023729571865664587.
inverse model, training agent 2.
epoch 0: inverse train average loss 0.24365379412968954.
epoch 0: inverse test average loss 0.3726475503709581.
epoch 99: inverse train average loss 0.016613912251260545.
epoch 99: inverse test average loss 0.027321383357048035.
forward model: training agent 3.
Epoch 0: forward train average loss 3.6453082703722293e-11.
epoch 0: forward test average loss 2.5656179341520473e-11.
Epoch 99: forward train average loss 2.560901770349967e-12.
epoch 99: forward test average loss 2.433230893007633e-12.
inverse model, training agent 3.
epoch 0: inverse train average loss 0.009223828092217445.
epoch 0: inverse test average loss 0.014746705691019693.
epoch 99: inverse train average loss 0.007988063618540764.
epoch 99: inverse test average loss 0.0127667093442546.
forward model: training agent 4.
Epoch 0: forward train average loss 0.0035281673384209475.
epoch 0: forward test average loss 0.006662232387397025.
Epoch 99: forward train average loss 0.0022688422145115007.
epoch 99: forward test average loss 0.004401590675115585.
inverse model, training agent 4.
epoch 0: inverse train average loss 9.700411534986476e-09.
epoch 0: inverse test average loss 0.0.
epoch 99: inverse train average loss 1.668593954365052e-09.
epoch 99: inverse test average loss 0.0.
forward model: training agent 5.
Epoch 0: forward train average loss 0.5342449148495992.
epoch 0: forward test average loss 0.7059050136142306.
Epoch 99: forward train average loss 0.003632635706000858.
epoch 99: forward test average loss 0.004432382269038094.
inverse model, training agent 5.
epoch 0: inverse train average loss 0.0033747032542418894.
epoch 0: inverse test average loss 0.0.
epoch 99: inverse train average loss 0.002410929653079775.
epoch 99: inverse test average loss 0.0.
forward model: training agent 6.
Epoch 0: forward train average loss 0.4067053596178691.
epoch 0: forward test average loss 0.47104358673095703.
Epoch 99: forward train average loss 0.019328568544652727.
epoch 99: forward test average loss 0.039496799310048424.
inverse model, training agent 6.
epoch 0: inverse train average loss 0.006733660068776872.
epoch 0: inverse test average loss 0.013813250594668917.
epoch 99: inverse train average loss 0.0024751854879367682.
epoch 99: inverse test average loss 0.004266277783446842.
forward model: training agent 7.
Epoch 0: forward train average loss 0.5331490702099271.
epoch 0: forward test average loss 0.5414950052897135.
Epoch 99: forward train average loss 0.010512858422266113.
epoch 99: forward test average loss 0.018585239847501118.
inverse model, training agent 7.
epoch 0: inverse train average loss 0.010509991604420874.
epoch 0: inverse test average loss 0.02868080221944385.
epoch 99: inverse train average loss 0.005744354230248266.
epoch 99: inverse test average loss 0.007462324988510873.
forward model: training agent 8.
Epoch 0: forward train average loss 0.292601787381702.
epoch 0: forward test average loss 0.2951514853371514.
Epoch 99: forward train average loss 0.008634992254277071.
epoch 99: forward test average loss 0.018296583659119077.
inverse model, training agent 8.
epoch 0: inverse train average loss 0.0010132574890222815.
epoch 0: inverse test average loss 0.0006815763319739037.
epoch 99: inverse train average loss 0.0005790756646698961.
epoch 99: inverse test average loss 0.00031712397079293925.
forward model: training agent 9.
Epoch 0: forward train average loss 0.10844220055474176.
epoch 0: forward test average loss 0.08357592754893833.
Epoch 99: forward train average loss 0.008316800101763673.
epoch 99: forward test average loss 0.013997264620330598.
inverse model, training agent 9.
epoch 0: inverse train average loss 0.007623373427324825.
epoch 0: inverse test average loss 0.0138502423134115.
epoch 99: inverse train average loss 0.006069628107878897.
epoch 99: inverse test average loss 0.009384279449780783.
forward model: training agent 10.
Epoch 0: forward train average loss 0.06148514896631241.
epoch 0: forward test average loss 0.09758895966741774.
Epoch 99: forward train average loss 0.008813556283712387.
epoch 99: forward test average loss 0.01793681995736228.
inverse model, training agent 10.
epoch 0: inverse train average loss 0.017552634908093348.
epoch 0: inverse test average loss 0.026016620298226673.
epoch 99: inverse train average loss 0.014992207288742065.
epoch 99: inverse test average loss 0.019811124437385134.
forward model: training agent 11.
Epoch 0: forward train average loss 0.25417838162846035.
epoch 0: forward test average loss 0.3455378082063463.
Epoch 99: forward train average loss 0.007690253771013684.
epoch 99: forward test average loss 0.015666842460632324.
inverse model, training agent 11.
epoch 0: inverse train average loss 0.03182385447952482.
epoch 0: inverse test average loss 0.043308849136034645.
epoch 99: inverse train average loss 0.01020143698487017.
epoch 99: inverse test average loss 0.020753482977549236.
forward model: training agent 12.
Epoch 0: forward train average loss 0.0022017765635003648.
epoch 0: forward test average loss 0.0039867448310057325.
Epoch 99: forward train average loss 0.001855666542218791.
epoch 99: forward test average loss 0.003211540997856193.
inverse model, training agent 12.
epoch 0: inverse train average loss 0.0003606223342810861.
epoch 0: inverse test average loss 0.0001856337314368122.
epoch 99: inverse train average loss 0.00029942971175639995.
epoch 99: inverse test average loss 7.790013074150516e-05.
forward model: training agent 13.
Epoch 0: forward train average loss 0.0026064860220584604.
epoch 0: forward test average loss 0.00365401700966888.
Epoch 99: forward train average loss 0.002458659621576468.
epoch 99: forward test average loss 0.003813883496655358.
inverse model, training agent 13.
epoch 0: inverse train average loss 0.004162223181790776.
epoch 0: inverse test average loss 0.0095358288122548.
epoch 99: inverse train average loss 0.0021574629677666556.
epoch 99: inverse test average loss 0.003113542993863424.
forward model: training agent 14.
Epoch 0: forward train average loss 1.0292777750227187.
epoch 0: forward test average loss 1.158873822953966.
Epoch 99: forward train average loss 0.015963653516438272.
epoch 99: forward test average loss 0.026991734074221715.
inverse model, training agent 14.
epoch 0: inverse train average loss 0.0047493272254036534.
epoch 0: inverse test average loss 0.007414241631825765.
epoch 99: inverse train average loss 0.002658357714406318.
epoch 99: inverse test average loss 0.00463501601997349.
forward model: training agent 15.
Epoch 0: forward train average loss 2.3705149491628013.
epoch 0: forward test average loss 3.036799324883355.
Epoch 99: forward train average loss 0.06283233728673723.
epoch 99: forward test average loss 0.11606832014189826.
inverse model, training agent 15.
epoch 0: inverse train average loss 0.03184028839071592.
epoch 0: inverse test average loss 0.05044488112131754.
epoch 99: inverse train average loss 0.020486599041355982.
epoch 99: inverse test average loss 0.03248559600777096.
Policy training episode: 11, grounded actions taken: 5760, last two uncertainties: {0: [0.0, 0.0], 1: [0.0, 0.0], 2: [0.0, 0.0], 3: [0.0, 0.0], 4: [0.0, 0.0], 5: [0.0, 0.0], 6: [0.0, 0.0], 7: [0.0, 0.0], 8: [0.0, 0.0], 9: [0.0, 0.0], 10: [0.0, 0.0], 11: [0.0, 0.0], 12: [0.0, 0.0], 13: [0.0, 0.0], 14: [0.0, 0.0], 15: [0.0, 0.0]}, avg agent uncertainties: [0.0, 0.0, 0.0, 0.0, 0.0, 0.0, 0.0, 0.0, 0.0, 0.0, 0.0, 0.0, 0.0, 0.0, 0.0, 0.0], grounded actions by agent: [360, 360, 360, 360, 360, 360, 360, 360, 360, 360, 360, 360, 360, 360, 360, 360]
Policy training episode: 11, iteration 0/1, policy training avg travel time:1030.3541618416787, q_loss:798.5828247070312, rewards:-1082.1322048611112, queue:183.58246527777777, delay:0.5816355387369792, throughput:10004
Sim Rollout episode:12/100, sim avg travel time:264.65692585560134, rewards:-501.59639756944443, queue:46.844791666666666, delay:0.4383398267957899, throughput:18642
Real rollout step:12/100, travel time:256.01056765028585, rewards:-516.2925347222222, queue:48.67916666666667, delay:0.44020974900987414, throughput:15685
forward model: training agent 0.
Epoch 0: forward train average loss 0.2900112138854133.
epoch 0: forward test average loss 0.3473283714718289.
Epoch 99: forward train average loss 0.015763330997692213.
epoch 99: forward test average loss 0.024449943668312497.
inverse model, training agent 0.
epoch 0: inverse train average loss 4.856027012451531e-06.
epoch 0: inverse test average loss 2.0810495647714964e-07.
epoch 99: inverse train average loss 9.394336567917586e-07.
epoch 99: inverse test average loss 6.004340017622894e-08.
forward model: training agent 1.
Epoch 0: forward train average loss 0.02832845639851358.
epoch 0: forward test average loss 0.03626617954836951.
Epoch 99: forward train average loss 0.004584746487024758.
epoch 99: forward test average loss 0.007447017149792777.
inverse model, training agent 1.
epoch 0: inverse train average loss 0.0077318910302387345.
epoch 0: inverse test average loss 0.012641576015286975.
epoch 99: inverse train average loss 0.001002643192704353.
epoch 99: inverse test average loss 0.0007611552201625374.
forward model: training agent 2.
Epoch 0: forward train average loss 0.19505397975444794.
epoch 0: forward test average loss 0.19163327084647286.
Epoch 99: forward train average loss 0.007745731725460953.
epoch 99: forward test average loss 0.011960852891206741.
inverse model, training agent 2.
epoch 0: inverse train average loss 0.023258470826678805.
epoch 0: inverse test average loss 0.0358010729153951.
epoch 99: inverse train average loss 0.0103563302093082.
epoch 99: inverse test average loss 0.016862870918379888.
forward model: training agent 3.
Epoch 0: forward train average loss 3.775882336351202e-12.
epoch 0: forward test average loss 5.707408311393812e-12.
Epoch 99: forward train average loss 1.0922343409247427e-11.
epoch 99: forward test average loss 6.926294414554156e-11.
inverse model, training agent 3.
epoch 0: inverse train average loss 0.007973256934848096.
epoch 0: inverse test average loss 0.012742929988437228.
epoch 99: inverse train average loss 0.006309691092206372.
epoch 99: inverse test average loss 0.010077398270368576.
forward model: training agent 4.
Epoch 0: forward train average loss 0.004826077001376284.
epoch 0: forward test average loss 0.006949512081013786.
Epoch 99: forward train average loss 0.002683617847247256.
epoch 99: forward test average loss 0.004409778449270461.
inverse model, training agent 4.
epoch 0: inverse train average loss 8.019662958405307e-10.
epoch 0: inverse test average loss 0.0.
epoch 99: inverse train average loss 2.5870009838039704e-10.
epoch 99: inverse test average loss 0.0.
forward model: training agent 5.
Epoch 0: forward train average loss 0.007650507924457391.
epoch 0: forward test average loss 0.024133726126617856.
Epoch 99: forward train average loss 0.004868917011966308.
epoch 99: forward test average loss 0.015511158025927015.
inverse model, training agent 5.
epoch 0: inverse train average loss 0.0031028166055067333.
epoch 0: inverse test average loss 0.0.
epoch 99: inverse train average loss 0.002093011153520915.
epoch 99: inverse test average loss 5.69141129286916e-10.
forward model: training agent 6.
Epoch 0: forward train average loss 0.9767054584291246.
epoch 0: forward test average loss 1.2365809546576605.
Epoch 99: forward train average loss 0.027036025292343564.
epoch 99: forward test average loss 0.04322873718208737.
inverse model, training agent 6.
epoch 0: inverse train average loss 0.26759565538830227.
epoch 0: inverse test average loss 0.4056896898481581.
epoch 99: inverse train average loss 0.01580350949532456.
epoch 99: inverse test average loss 0.019606496310896344.
forward model: training agent 7.
Epoch 0: forward train average loss 0.40836650795406765.
epoch 0: forward test average loss 0.4523598617977566.
Epoch 99: forward train average loss 0.009108943761222892.
epoch 99: forward test average loss 0.015541393723752763.
inverse model, training agent 7.
epoch 0: inverse train average loss 0.05965297089682685.
epoch 0: inverse test average loss 0.09678127037154304.
epoch 99: inverse train average loss 0.010537996060318418.
epoch 99: inverse test average loss 0.015304146541489495.
forward model: training agent 8.
Epoch 0: forward train average loss 0.05855667177173826.
epoch 0: forward test average loss 0.07384968797365825.
Epoch 99: forward train average loss 0.008028582462833988.
epoch 99: forward test average loss 0.010359177986780802.
inverse model, training agent 8.
epoch 0: inverse train average loss 0.0002160783074537499.
epoch 0: inverse test average loss 0.0004086648372726308.
epoch 99: inverse train average loss 0.00014435243519983487.
epoch 99: inverse test average loss 0.0002469599292251385.
forward model: training agent 9.
Epoch 0: forward train average loss 0.008370717987418175.
epoch 0: forward test average loss 0.010486372643046908.
Epoch 99: forward train average loss 0.004519268404692411.
epoch 99: forward test average loss 0.00620994365049733.
inverse model, training agent 9.
epoch 0: inverse train average loss 0.004514851348681582.
epoch 0: inverse test average loss 0.006216575081149737.
epoch 99: inverse train average loss 0.002986613298869795.
epoch 99: inverse test average loss 0.005749608390033245.
forward model: training agent 10.
Epoch 0: forward train average loss 0.011886527554856407.
epoch 0: forward test average loss 0.016664348542690277.
Epoch 99: forward train average loss 0.005193916770319144.
epoch 99: forward test average loss 0.008396668980518976.
inverse model, training agent 10.
epoch 0: inverse train average loss 0.023817747003502317.
epoch 0: inverse test average loss 0.03870969679620531.
epoch 99: inverse train average loss 0.02030755289726787.
epoch 99: inverse test average loss 0.03064094318283929.
forward model: training agent 11.
Epoch 0: forward train average loss 0.7822702063454522.
epoch 0: forward test average loss 1.0684144232008193.
Epoch 99: forward train average loss 0.014066568058398034.
epoch 99: forward test average loss 0.029405403468343947.
inverse model, training agent 11.
epoch 0: inverse train average loss 0.03306871197289891.
epoch 0: inverse test average loss 0.05663476553228167.
epoch 99: inverse train average loss 0.014805086784892611.
epoch 99: inverse test average loss 0.02362985908985138.
forward model: training agent 12.
Epoch 0: forward train average loss 0.001968440936050481.
epoch 0: forward test average loss 0.0028249576894773375.
Epoch 99: forward train average loss 0.001785518860237466.
epoch 99: forward test average loss 0.0036057622896300424.
inverse model, training agent 12.
epoch 0: inverse train average loss 0.00035415089627753734.
epoch 0: inverse test average loss 8.329663412748939e-05.
epoch 99: inverse train average loss 0.0003048254374233592.
epoch 99: inverse test average loss 8.331904084318214e-05.
forward model: training agent 13.
Epoch 0: forward train average loss 0.0026567145768139097.
epoch 0: forward test average loss 0.004189679192172157.
Epoch 99: forward train average loss 0.0025190915912389755.
epoch 99: forward test average loss 0.00407445306579272.
inverse model, training agent 13.
epoch 0: inverse train average loss 0.004507095035579469.
epoch 0: inverse test average loss 0.009387448016140196.
epoch 99: inverse train average loss 0.00225575537317329.
epoch 99: inverse test average loss 0.0036262976419594553.
forward model: training agent 14.
Epoch 0: forward train average loss 0.036652311268779963.
epoch 0: forward test average loss 0.06450929906633165.
Epoch 99: forward train average loss 0.010353826089865632.
epoch 99: forward test average loss 0.01454926903049151.
inverse model, training agent 14.
epoch 0: inverse train average loss 0.004088903001199166.
epoch 0: inverse test average loss 0.010756553875075446.
epoch 99: inverse train average loss 0.0034438185393810272.
epoch 99: inverse test average loss 0.007227401145630413.
forward model: training agent 15.
Epoch 0: forward train average loss 0.13492329087522295.
epoch 0: forward test average loss 0.14101729459232754.
Epoch 99: forward train average loss 0.02708802330825064.
epoch 99: forward test average loss 0.06237110164430407.
inverse model, training agent 15.
epoch 0: inverse train average loss 0.020994403296046786.
epoch 0: inverse test average loss 0.03808006147543589.
epoch 99: inverse train average loss 0.017958997438351314.
epoch 99: inverse test average loss 0.032655687795745.
Policy training episode: 12, grounded actions taken: 5760, last two uncertainties: {0: [0.0, 0.0], 1: [0.0, 0.0], 2: [0.0, 0.0], 3: [0.0, 0.0], 4: [0.0, 0.0], 5: [0.0, 0.0], 6: [0.0, 0.0], 7: [0.0, 0.0], 8: [0.0, 0.0], 9: [0.0, 0.0], 10: [0.0, 0.0], 11: [0.0, 0.0], 12: [0.0, 0.0], 13: [0.0, 0.0], 14: [0.0, 0.0], 15: [0.0, 0.0]}, avg agent uncertainties: [0.0, 0.0, 0.0, 0.0, 0.0, 0.0, 0.0, 0.0, 0.0, 0.0, 0.0, 0.0, 0.0, 0.0, 0.0, 0.0], grounded actions by agent: [360, 360, 360, 360, 360, 360, 360, 360, 360, 360, 360, 360, 360, 360, 360, 360]
Policy training episode: 12, iteration 0/1, policy training avg travel time:881.3092602028998, q_loss:799.4219360351562, rewards:-1466.657986111111, queue:169.63194444444446, delay:0.5728380839029948, throughput:11728
Sim Rollout episode:13/100, sim avg travel time:622.3191124698907, rewards:-948.0092013888889, queue:123.53177083333334, delay:0.5076627943250868, throughput:14840
Real rollout step:13/100, travel time:475.81708860759494, rewards:-886.6557291666667, queue:94.36041666666667, delay:0.5096035427517361, throughput:12744
forward model: training agent 0.
Epoch 0: forward train average loss 0.027852280272377863.
epoch 0: forward test average loss 0.041381718383895025.
Epoch 99: forward train average loss 0.012451307227214178.
epoch 99: forward test average loss 0.014909014519717958.
inverse model, training agent 0.
epoch 0: inverse train average loss 1.3924293145574208e-06.
epoch 0: inverse test average loss 1.810897703396424e-09.
epoch 99: inverse train average loss 2.815634658759336e-07.
epoch 99: inverse test average loss 2.5870069975120202e-11.
forward model: training agent 1.
Epoch 0: forward train average loss 0.005561950409577953.
epoch 0: forward test average loss 0.00793241916431321.
Epoch 99: forward train average loss 0.0033216471266415385.
epoch 99: forward test average loss 0.005759356957342889.
inverse model, training agent 1.
epoch 0: inverse train average loss 0.0030026029174526534.
epoch 0: inverse test average loss 0.0015414198860526085.
epoch 99: inverse train average loss 0.0027243849407467577.
epoch 99: inverse test average loss 0.0007600989710125658.
forward model: training agent 2.
Epoch 0: forward train average loss 0.02118489622241921.
epoch 0: forward test average loss 0.021509420540597703.
Epoch 99: forward train average loss 0.0059171005462606745.
epoch 99: forward test average loss 0.009274846563736597.
inverse model, training agent 2.
epoch 0: inverse train average loss 0.014250260467330614.
epoch 0: inverse test average loss 0.0192348998453882.
epoch 99: inverse train average loss 0.010883625389801132.
epoch 99: inverse test average loss 0.018446038166681927.
forward model: training agent 3.
Epoch 0: forward train average loss 6.132532599018642e-11.
epoch 0: forward test average loss 1.0129002574959461e-10.
Epoch 99: forward train average loss 6.15182241567622e-11.
epoch 99: forward test average loss 1.400005173519187e-10.
inverse model, training agent 3.
epoch 0: inverse train average loss 0.006290731330712636.
epoch 0: inverse test average loss 0.010046834746996561.
epoch 99: inverse train average loss 0.004298567202770048.
epoch 99: inverse test average loss 0.006858181001411544.
forward model: training agent 4.
Epoch 0: forward train average loss 0.011872140276763175.
epoch 0: forward test average loss 0.01647128951218393.
Epoch 99: forward train average loss 0.0027860955645640693.
epoch 99: forward test average loss 0.004244133623109924.
inverse model, training agent 4.
epoch 0: inverse train average loss 3.143168096168362e-09.
epoch 0: inverse test average loss 0.0.
epoch 99: inverse train average loss 3.233749317704198e-10.
epoch 99: inverse test average loss 0.0.
forward model: training agent 5.
Epoch 0: forward train average loss 0.013349818893604808.
epoch 0: forward test average loss 0.01427409052848816.
Epoch 99: forward train average loss 0.002677482294125689.
epoch 99: forward test average loss 0.003938933213551839.
inverse model, training agent 5.
epoch 0: inverse train average loss 0.00197423320867745.
epoch 0: inverse test average loss 0.0044864751398563385.
epoch 99: inverse train average loss 0.0007362398644442041.
epoch 99: inverse test average loss 0.0033858720626740693.
forward model: training agent 6.
Epoch 0: forward train average loss 2.1804032060835095.
epoch 0: forward test average loss 2.2885905371771917.
Epoch 99: forward train average loss 0.04312516086631351.
epoch 99: forward test average loss 0.07430582245190938.
inverse model, training agent 6.
epoch 0: inverse train average loss 0.3907080226474338.
epoch 0: inverse test average loss 0.5900246037377251.
epoch 99: inverse train average loss 0.007811922683484024.
epoch 99: inverse test average loss 0.01825392163462109.
forward model: training agent 7.
Epoch 0: forward train average loss 1.2509060435824924.
epoch 0: forward test average loss 1.2381378279791937.
Epoch 99: forward train average loss 0.03302847180101606.
epoch 99: forward test average loss 0.04718918104966482.
inverse model, training agent 7.
epoch 0: inverse train average loss 0.22738107376628452.
epoch 0: inverse test average loss 0.32221051057179767.
epoch 99: inverse train average loss 0.006468386699755986.
epoch 99: inverse test average loss 0.013031456619501114.
forward model: training agent 8.
Epoch 0: forward train average loss 0.11906267702579498.
epoch 0: forward test average loss 0.1251428657107883.
Epoch 99: forward train average loss 0.01236949260863993.
epoch 99: forward test average loss 0.017950090269247692.
inverse model, training agent 8.
epoch 0: inverse train average loss 0.005857522482175328.
epoch 0: inverse test average loss 0.006297618499957025.
epoch 99: inverse train average loss 0.001315772429936462.
epoch 99: inverse test average loss 0.001907990107105838.
forward model: training agent 9.
Epoch 0: forward train average loss 0.015227549191978242.
epoch 0: forward test average loss 0.015165193213356866.
Epoch 99: forward train average loss 0.005236366556750404.
epoch 99: forward test average loss 0.009929316739241282.
inverse model, training agent 9.
epoch 0: inverse train average loss 0.23391648795869616.
epoch 0: inverse test average loss 0.35271936655044556.
epoch 99: inverse train average loss 0.034721554153495364.
epoch 99: inverse test average loss 0.07240163617663914.
forward model: training agent 10.
Epoch 0: forward train average loss 0.022747998850213155.
epoch 0: forward test average loss 0.030124538474612765.
Epoch 99: forward train average loss 0.005482079254256355.
epoch 99: forward test average loss 0.011311794734663434.
inverse model, training agent 10.
epoch 0: inverse train average loss 0.0460765916440222.
epoch 0: inverse test average loss 0.059621698326534696.
epoch 99: inverse train average loss 0.014066704652375646.
epoch 99: inverse test average loss 0.022336471411916945.
forward model: training agent 11.
Epoch 0: forward train average loss 1.7725807560814753.
epoch 0: forward test average loss 1.6714048385620117.
Epoch 99: forward train average loss 0.11503608690367804.
epoch 99: forward test average loss 0.1740635699696011.
inverse model, training agent 11.
epoch 0: inverse train average loss 0.03513942120803727.
epoch 0: inverse test average loss 0.03606753216849433.
epoch 99: inverse train average loss 0.014669654476973746.
epoch 99: inverse test average loss 0.02209389954805374.
forward model: training agent 12.
Epoch 0: forward train average loss 2.9307389789157443.
epoch 0: forward test average loss 4.0944629245334205.
Epoch 99: forward train average loss 0.016023568602071867.
epoch 99: forward test average loss 0.024981181654665206.
inverse model, training agent 12.
epoch 0: inverse train average loss 0.003466907490544852.
epoch 0: inverse test average loss 0.007060936754435766.
epoch 99: inverse train average loss 0.0006624469856938554.
epoch 99: inverse test average loss 0.0010851908785601456.
forward model: training agent 13.
Epoch 0: forward train average loss 1.016684227519565.
epoch 0: forward test average loss 1.440127478705512.
Epoch 99: forward train average loss 0.007634644603563679.
epoch 99: forward test average loss 0.012899053593476614.
inverse model, training agent 13.
epoch 0: inverse train average loss 0.2414558231830597.
epoch 0: inverse test average loss 0.37281668186187744.
epoch 99: inverse train average loss 0.0016446262727388078.
epoch 99: inverse test average loss 0.0037805335596203804.
forward model: training agent 14.
Epoch 0: forward train average loss 0.1364386338326666.
epoch 0: forward test average loss 0.15031833781136406.
Epoch 99: forward train average loss 0.008420572616159916.
epoch 99: forward test average loss 0.013386848486132093.
inverse model, training agent 14.
epoch 0: inverse train average loss 0.002636208871586455.
epoch 0: inverse test average loss 0.010958854109048843.
epoch 99: inverse train average loss 0.001950521513612734.
epoch 99: inverse test average loss 0.008353171663151847.
forward model: training agent 15.
Epoch 0: forward train average loss 0.22324954138861763.
epoch 0: forward test average loss 0.26290639241536456.
Epoch 99: forward train average loss 0.01596207833952374.
epoch 99: forward test average loss 0.03040868540604909.
inverse model, training agent 15.
epoch 0: inverse train average loss 0.01979018251101176.
epoch 0: inverse test average loss 0.027536390556229487.
epoch 99: inverse train average loss 0.01817162065870232.
epoch 99: inverse test average loss 0.031088658505015902.
Policy training episode: 13, grounded actions taken: 5760, last two uncertainties: {0: [0.0, 0.0], 1: [0.0, 0.0], 2: [0.0, 0.0], 3: [0.0, 0.0], 4: [0.0, 0.0], 5: [0.0, 0.0], 6: [0.0, 0.0], 7: [0.0, 0.0], 8: [0.0, 0.0], 9: [0.0, 0.0], 10: [0.0, 0.0], 11: [0.0, 0.0], 12: [0.0, 0.0], 13: [0.0, 0.0], 14: [0.0, 0.0], 15: [0.0, 0.0]}, avg agent uncertainties: [0.0, 0.0, 0.0, 0.0, 0.0, 0.0, 0.0, 0.0, 0.0, 0.0, 0.0, 0.0, 0.0, 0.0, 0.0, 0.0], grounded actions by agent: [360, 360, 360, 360, 360, 360, 360, 360, 360, 360, 360, 360, 360, 360, 360, 360]
Policy training episode: 13, iteration 0/1, policy training avg travel time:807.1334290477955, q_loss:835.4475708007812, rewards:-1283.6829861111112, queue:168.1592013888889, delay:0.56886232164171, throughput:12632
Sim Rollout episode:14/100, sim avg travel time:219.94955297169594, rewards:-355.2169487847222, queue:38.19201388888889, delay:0.4283289591471354, throughput:19608
Real rollout step:14/100, travel time:382.524856479785, rewards:-582.5630208333333, queue:70.73385416666666, delay:0.4959294213189019, throughput:13586
forward model: training agent 0.
Epoch 0: forward train average loss 0.25788690315352547.
epoch 0: forward test average loss 0.27580927477942574.
Epoch 99: forward train average loss 0.03802902541226811.
epoch 99: forward test average loss 0.07138579090436299.
inverse model, training agent 0.
epoch 0: inverse train average loss 4.035006339917244e-07.
epoch 0: inverse test average loss 1.0348026139676374e-10.
epoch 99: inverse train average loss 6.425726311536866e-08.
epoch 99: inverse test average loss 0.0.
forward model: training agent 1.
Epoch 0: forward train average loss 0.0044597329882284.
epoch 0: forward test average loss 0.008223223603434034.
Epoch 99: forward train average loss 0.0033439194990528952.
epoch 99: forward test average loss 0.00584266045027309.
inverse model, training agent 1.
epoch 0: inverse train average loss 0.054359434379471674.
epoch 0: inverse test average loss 0.06134775777657827.
epoch 99: inverse train average loss 0.007396008508900802.
epoch 99: inverse test average loss 0.011731088989310794.
forward model: training agent 2.
Epoch 0: forward train average loss 0.03594185122185283.
epoch 0: forward test average loss 0.04548904796441396.
Epoch 99: forward train average loss 0.007566748083465629.
epoch 99: forward test average loss 0.018828436732292175.
inverse model, training agent 2.
epoch 0: inverse train average loss 0.01777411748965581.
epoch 0: inverse test average loss 0.02642328954405255.
epoch 99: inverse train average loss 0.009990022103819583.
epoch 99: inverse test average loss 0.015978135996394686.
forward model: training agent 3.
Epoch 0: forward train average loss 6.899246297721441e-11.
epoch 0: forward test average loss 2.2796212448581186e-11.
Epoch 99: forward train average loss 1.2127189915858397e-10.
epoch 99: forward test average loss 1.5188172941549283e-10.
inverse model, training agent 3.
epoch 0: inverse train average loss 0.004278229135606024.
epoch 0: inverse test average loss 0.006825650110840797.
epoch 99: inverse train average loss 0.00241625914350152.
epoch 99: inverse test average loss 0.003850159752700064.
forward model: training agent 4.
Epoch 0: forward train average loss 0.0826943533288108.
epoch 0: forward test average loss 0.09412096937497456.
Epoch 99: forward train average loss 0.00663114245980978.
epoch 99: forward test average loss 0.013984582490391202.
inverse model, training agent 4.
epoch 0: inverse train average loss 5.174011836257048e-11.
epoch 0: inverse test average loss 0.0.
epoch 99: inverse train average loss 3.233758014451224e-11.
epoch 99: inverse test average loss 0.0.
forward model: training agent 5.
Epoch 0: forward train average loss 0.005359397787186835.
epoch 0: forward test average loss 0.008838996084200012.
Epoch 99: forward train average loss 0.0037360869658490023.
epoch 99: forward test average loss 0.020392560503549047.
inverse model, training agent 5.
epoch 0: inverse train average loss 0.001643448762881879.
epoch 0: inverse test average loss 3.567409834204227e-08.
epoch 99: inverse train average loss 0.0010115437436171407.
epoch 99: inverse test average loss 2.9620477006473166e-06.
forward model: training agent 6.
Epoch 0: forward train average loss 0.43853667709562516.
epoch 0: forward test average loss 0.45461653338538277.
Epoch 99: forward train average loss 0.015641139820218086.
epoch 99: forward test average loss 0.02421256485912535.
inverse model, training agent 6.
epoch 0: inverse train average loss 0.035798334827025734.
epoch 0: inverse test average loss 0.060106350315941706.
epoch 99: inverse train average loss 0.0216323331826263.
epoch 99: inverse test average loss 0.031556300818920135.
forward model: training agent 7.
Epoch 0: forward train average loss 0.8560372326109145.
epoch 0: forward test average loss 0.9976001315646701.
Epoch 99: forward train average loss 0.009740467700693343.
epoch 99: forward test average loss 0.017116478747791715.
inverse model, training agent 7.
epoch 0: inverse train average loss 0.030854610519276723.
epoch 0: inverse test average loss 0.05395558145311144.
epoch 99: inverse train average loss 0.01916740338007609.
epoch 99: inverse test average loss 0.04121769302421146.
forward model: training agent 8.
Epoch 0: forward train average loss 0.46880277660157943.
epoch 0: forward test average loss 0.4027546246846517.
Epoch 99: forward train average loss 0.016884608194231987.
epoch 99: forward test average loss 0.028489096297158137.
inverse model, training agent 8.
epoch 0: inverse train average loss 0.00270688585523102.
epoch 0: inverse test average loss 0.0036514786382516227.
epoch 99: inverse train average loss 0.00153587499840392.
epoch 99: inverse test average loss 0.001339583657681942.
forward model: training agent 9.
Epoch 0: forward train average loss 1.918204254574246.
epoch 0: forward test average loss 2.0934086905585394.
Epoch 99: forward train average loss 0.020989387813541625.
epoch 99: forward test average loss 0.028858167429765064.
inverse model, training agent 9.
epoch 0: inverse train average loss 0.005978005420830514.
epoch 0: inverse test average loss 0.008759430713123746.
epoch 99: inverse train average loss 0.0031328860980769.
epoch 99: inverse test average loss 0.003954303140441577.
forward model: training agent 10.
Epoch 0: forward train average loss 1.0481566455629137.
epoch 0: forward test average loss 2.3985096083747015.
Epoch 99: forward train average loss 0.026887576199240155.
epoch 99: forward test average loss 0.04504067367977566.
inverse model, training agent 10.
epoch 0: inverse train average loss 0.02291446054975192.
epoch 0: inverse test average loss 0.033269731534851923.
epoch 99: inverse train average loss 0.020046940280331507.
epoch 99: inverse test average loss 0.03260462648338742.
forward model: training agent 11.
Epoch 0: forward train average loss 0.2740640838940938.
epoch 0: forward test average loss 0.3888208866119385.
Epoch 99: forward train average loss 0.04430905977884928.
epoch 99: forward test average loss 0.06426666511429681.
inverse model, training agent 11.
epoch 0: inverse train average loss 0.016090108081698418.
epoch 0: inverse test average loss 0.022833349804083507.
epoch 99: inverse train average loss 0.010523074410027929.
epoch 99: inverse test average loss 0.015820593883593876.
forward model: training agent 12.
Epoch 0: forward train average loss 0.024211289154158697.
epoch 0: forward test average loss 0.026716164416737027.
Epoch 99: forward train average loss 0.0034214544316960704.
epoch 99: forward test average loss 0.0047548191828860175.
inverse model, training agent 12.
epoch 0: inverse train average loss 0.007081095025771194.
epoch 0: inverse test average loss 0.01840935813056098.
epoch 99: inverse train average loss 0.0020586420367989275.
epoch 99: inverse test average loss 0.0013914632404016124.
forward model: training agent 13.
Epoch 0: forward train average loss 0.011409268404046694.
epoch 0: forward test average loss 0.014389607227510877.
Epoch 99: forward train average loss 0.0037109641772177485.
epoch 99: forward test average loss 0.0075201959245734746.
inverse model, training agent 13.
epoch 0: inverse train average loss 0.0017240630566245979.
epoch 0: inverse test average loss 0.005563800533612569.
epoch 99: inverse train average loss 0.0005206407610482225.
epoch 99: inverse test average loss 0.001066181614684562.
forward model: training agent 14.
Epoch 0: forward train average loss 0.03602737850613064.
epoch 0: forward test average loss 0.042882232202423945.
Epoch 99: forward train average loss 0.007808157035873996.
epoch 99: forward test average loss 0.011785045680072572.
inverse model, training agent 14.
epoch 0: inverse train average loss 0.002834936629773842.
epoch 0: inverse test average loss 0.0020665728694034945.
epoch 99: inverse train average loss 0.002164429131274422.
epoch 99: inverse test average loss 0.004502284961442153.
forward model: training agent 15.
Epoch 0: forward train average loss 0.09409423172473907.
epoch 0: forward test average loss 0.11007952027850681.
Epoch 99: forward train average loss 0.013854763781030973.
epoch 99: forward test average loss 0.029823956390221912.
inverse model, training agent 15.
epoch 0: inverse train average loss 0.018291169570551977.
epoch 0: inverse test average loss 0.02612901892926958.
epoch 99: inverse train average loss 0.01731827130748166.
epoch 99: inverse test average loss 0.02547364930311839.
Policy training episode: 14, grounded actions taken: 5760, last two uncertainties: {0: [0.0, 0.0], 1: [0.0, 0.0], 2: [0.0, 0.0], 3: [0.0, 0.0], 4: [0.0, 0.0], 5: [0.0, 0.0], 6: [0.0, 0.0], 7: [0.0, 0.0], 8: [0.0, 0.0], 9: [0.0, 0.0], 10: [0.0, 0.0], 11: [0.0, 0.0], 12: [0.0, 0.0], 13: [0.0, 0.0], 14: [0.0, 0.0], 15: [0.0, 0.0]}, avg agent uncertainties: [0.0, 0.0, 0.0, 0.0, 0.0, 0.0, 0.0, 0.0, 0.0, 0.0, 0.0, 0.0, 0.0, 0.0, 0.0, 0.0], grounded actions by agent: [360, 360, 360, 360, 360, 360, 360, 360, 360, 360, 360, 360, 360, 360, 360, 360]
Policy training episode: 14, iteration 0/1, policy training avg travel time:635.0779990736452, q_loss:882.3406372070312, rewards:-1151.6256944444444, queue:133.5623263888889, delay:0.5580609215630425, throughput:15199
Sim Rollout episode:15/100, sim avg travel time:192.23463764760362, rewards:-262.68250868055554, queue:30.447743055555556, delay:0.38940387301974827, throughput:20043
Real rollout step:15/100, travel time:278.1606169546562, rewards:-448.8030815972222, queue:51.15625, delay:0.4313499026828342, throughput:15569
forward model: training agent 0.
Epoch 0: forward train average loss 0.06006770498222775.
epoch 0: forward test average loss 0.11059028241369459.
Epoch 99: forward train average loss 0.019017027277085517.
epoch 99: forward test average loss 0.036510878139071994.
inverse model, training agent 0.
epoch 0: inverse train average loss 6.073899262522429e-08.
epoch 0: inverse test average loss 0.0.
epoch 99: inverse train average loss 6.945672876352344e-09.
epoch 99: inverse test average loss 0.0.
forward model: training agent 1.
Epoch 0: forward train average loss 0.0034571101682053674.
epoch 0: forward test average loss 0.004695668609605895.
Epoch 99: forward train average loss 0.002916904787222544.
epoch 99: forward test average loss 0.004375361320045259.
inverse model, training agent 1.
epoch 0: inverse train average loss 0.00827452933622731.
epoch 0: inverse test average loss 0.01217324131478866.
epoch 99: inverse train average loss 0.0024578531738370657.
epoch 99: inverse test average loss 0.004080973979499605.
forward model: training agent 2.
Epoch 0: forward train average loss 0.012749793835812144.
epoch 0: forward test average loss 0.014730634788672129.
Epoch 99: forward train average loss 0.0054655903950333595.
epoch 99: forward test average loss 0.007992093140880266.
inverse model, training agent 2.
epoch 0: inverse train average loss 0.010401454547213184.
epoch 0: inverse test average loss 0.016744366122616663.
epoch 99: inverse train average loss 0.005919225513935089.
epoch 99: inverse test average loss 0.011688911666472753.
forward model: training agent 3.
Epoch 0: forward train average loss 7.326781881094606e-11.
epoch 0: forward test average loss 6.014235405989628e-11.
Epoch 99: forward train average loss 3.999481263148061e-11.
epoch 99: forward test average loss 8.877361808619828e-11.
inverse model, training agent 3.
epoch 0: inverse train average loss 0.0023997585910061994.
epoch 0: inverse test average loss 0.0038238161553939185.
epoch 99: inverse train average loss 0.0010859668125501936.
epoch 99: inverse test average loss 0.0017280043102800846.
forward model: training agent 4.
Epoch 0: forward train average loss 0.01582220569252968.
epoch 0: forward test average loss 0.023272255228625402.
Epoch 99: forward train average loss 0.002768042911258009.
epoch 99: forward test average loss 0.00417315194176303.
inverse model, training agent 4.
epoch 0: inverse train average loss 1.1641519846882097e-10.
epoch 0: inverse test average loss 0.0.
epoch 99: inverse train average loss 4.5272606651202016e-11.
epoch 99: inverse test average loss 0.0.
forward model: training agent 5.
Epoch 0: forward train average loss 0.008534318767488003.
epoch 0: forward test average loss 0.010541430364052454.
Epoch 99: forward train average loss 0.003810184904270702.
epoch 99: forward test average loss 0.005432109244995647.
inverse model, training agent 5.
epoch 0: inverse train average loss 0.001407234225856276.
epoch 0: inverse test average loss 7.415124653359979e-06.
epoch 99: inverse train average loss 0.0006870986722383855.
epoch 99: inverse test average loss 7.4420641693804e-05.
forward model: training agent 6.
Epoch 0: forward train average loss 0.04126537839571635.
epoch 0: forward test average loss 0.05203630361292097.
Epoch 99: forward train average loss 0.013129437135325538.
epoch 99: forward test average loss 0.022487692534923553.
inverse model, training agent 6.
epoch 0: inverse train average loss 0.026771472973956004.
epoch 0: inverse test average loss 0.05142123831642999.
epoch 99: inverse train average loss 0.0191373692618476.
epoch 99: inverse test average loss 0.030458647343847487.
forward model: training agent 7.
Epoch 0: forward train average loss 0.04417277541425493.
epoch 0: forward test average loss 0.03730797270933787.
Epoch 99: forward train average loss 0.008116210914320417.
epoch 99: forward test average loss 0.013943099313312106.
inverse model, training agent 7.
epoch 0: inverse train average loss 0.019217366973559063.
epoch 0: inverse test average loss 0.023635205295350816.
epoch 99: inverse train average loss 0.016515668481588364.
epoch 99: inverse test average loss 0.02458693418237898.
forward model: training agent 8.
Epoch 0: forward train average loss 0.033437959021992154.
epoch 0: forward test average loss 0.04562355743514167.
Epoch 99: forward train average loss 0.004176696348521445.
epoch 99: forward test average loss 0.008565780189302232.
inverse model, training agent 8.
epoch 0: inverse train average loss 0.0020931363364474643.
epoch 0: inverse test average loss 0.0007868472279773818.
epoch 99: inverse train average loss 0.0013364177041997511.
epoch 99: inverse test average loss 0.0003737782632621626.
forward model: training agent 9.
Epoch 0: forward train average loss 0.049965370860364705.
epoch 0: forward test average loss 0.058867447906070285.
Epoch 99: forward train average loss 0.006470051594078541.
epoch 99: forward test average loss 0.01092292285627789.
inverse model, training agent 9.
epoch 0: inverse train average loss 0.003219767887559202.
epoch 0: inverse test average loss 0.0033845637614528337.
epoch 99: inverse train average loss 0.0013013581434885662.
epoch 99: inverse test average loss 0.0013011091699202855.
forward model: training agent 10.
Epoch 0: forward train average loss 0.04781917565398746.
epoch 0: forward test average loss 0.0619409614139133.
Epoch 99: forward train average loss 0.010041198175814416.
epoch 99: forward test average loss 0.015453678038385179.
inverse model, training agent 10.
epoch 0: inverse train average loss 0.01815427943236298.
epoch 0: inverse test average loss 0.03000659743944804.
epoch 99: inverse train average loss 0.016031206481986575.
epoch 99: inverse test average loss 0.022532454795307584.
forward model: training agent 11.
Epoch 0: forward train average loss 0.045718417399459414.
epoch 0: forward test average loss 0.08100614945093791.
Epoch 99: forward train average loss 0.03304436430335045.
epoch 99: forward test average loss 0.07385899954371983.
inverse model, training agent 11.
epoch 0: inverse train average loss 0.012197967618703842.
epoch 0: inverse test average loss 0.02071921444601483.
epoch 99: inverse train average loss 0.010802952779663933.
epoch 99: inverse test average loss 0.019086741738849215.
forward model: training agent 12.
Epoch 0: forward train average loss 0.021679401811626222.
epoch 0: forward test average loss 0.03223396837711334.
Epoch 99: forward train average loss 0.0018914856482297182.
epoch 99: forward test average loss 0.0031861275848415163.
inverse model, training agent 12.
epoch 0: inverse train average loss 0.0007544699797613753.
epoch 0: inverse test average loss 0.000712643222262462.
epoch 99: inverse train average loss 0.0005350242750460489.
epoch 99: inverse test average loss 0.0002190880865479509.
forward model: training agent 13.
Epoch 0: forward train average loss 0.01736197517149978.
epoch 0: forward test average loss 0.025520623558097415.
Epoch 99: forward train average loss 0.0025477400049567223.
epoch 99: forward test average loss 0.0041002751224570805.
inverse model, training agent 13.
epoch 0: inverse train average loss 0.013145153721173605.
epoch 0: inverse test average loss 0.022253392471207514.
epoch 99: inverse train average loss 0.002683411611037122.
epoch 99: inverse test average loss 0.006424691735042466.
forward model: training agent 14.
Epoch 0: forward train average loss 0.007575004672010739.
epoch 0: forward test average loss 0.011789199792676501.
Epoch 99: forward train average loss 0.0055596429026789134.
epoch 99: forward test average loss 0.009236115548345778.
inverse model, training agent 14.
epoch 0: inverse train average loss 0.002343661708032919.
epoch 0: inverse test average loss 0.003983269962999556.
epoch 99: inverse train average loss 0.0014467108477320936.
epoch 99: inverse test average loss 0.001687399861920211.
forward model: training agent 15.
Epoch 0: forward train average loss 0.2511602242787679.
epoch 0: forward test average loss 0.33437544769710964.
Epoch 99: forward train average loss 0.011367992601460881.
epoch 99: forward test average loss 0.021532804601722293.
inverse model, training agent 15.
epoch 0: inverse train average loss 0.01646041414803929.
epoch 0: inverse test average loss 0.025995332333776686.
epoch 99: inverse train average loss 0.01493065059185028.
epoch 99: inverse test average loss 0.024420095814598933.
Policy training episode: 15, grounded actions taken: 5760, last two uncertainties: {0: [0.0, 0.0], 1: [0.0, 0.0], 2: [0.0, 0.0], 3: [0.0, 0.0], 4: [0.0, 0.0], 5: [0.0, 0.0], 6: [0.0, 0.0], 7: [0.0, 0.0], 8: [0.0, 0.0], 9: [0.0, 0.0], 10: [0.0, 0.0], 11: [0.0, 0.0], 12: [0.0, 0.0], 13: [0.0, 0.0], 14: [0.0, 0.0], 15: [0.0, 0.0]}, avg agent uncertainties: [0.0, 0.0, 0.0, 0.0, 0.0, 0.0, 0.0, 0.0, 0.0, 0.0, 0.0, 0.0, 0.0, 0.0, 0.0, 0.0], grounded actions by agent: [360, 360, 360, 360, 360, 360, 360, 360, 360, 360, 360, 360, 360, 360, 360, 360]
Policy training episode: 15, iteration 0/1, policy training avg travel time:439.30533432117056, q_loss:951.4468994140625, rewards:-1041.1060763888888, queue:98.76371527777778, delay:0.5082215203179253, throughput:17476
Sim Rollout episode:16/100, sim avg travel time:195.16351764378993, rewards:-260.55889756944447, queue:30.63767361111111, delay:0.4072100321451823, throughput:20182
Real rollout step:16/100, travel time:153.1038764712234, rewards:-269.05303819444447, queue:21.015104166666667, delay:0.38674956427680124, throughput:17585
forward model: training agent 0.
Epoch 0: forward train average loss 0.02864565493332015.
epoch 0: forward test average loss 0.033880286746554904.
Epoch 99: forward train average loss 0.018278447290261585.
epoch 99: forward test average loss 0.021494930817021266.
inverse model, training agent 0.
epoch 0: inverse train average loss 0.041994745623216825.
epoch 0: inverse test average loss 0.3747017714712355.
epoch 99: inverse train average loss 0.020870344938884955.
epoch 99: inverse test average loss 0.06624436378479004.
forward model: training agent 1.
Epoch 0: forward train average loss 0.0032515194680955675.
epoch 0: forward test average loss 0.005072324433260494.
Epoch 99: forward train average loss 0.0028464140680929026.
epoch 99: forward test average loss 0.004561864046586884.
inverse model, training agent 1.
epoch 0: inverse train average loss 0.00395561299390263.
epoch 0: inverse test average loss 0.009532462598548995.
epoch 99: inverse train average loss 0.0033509456552565098.
epoch 99: inverse test average loss 0.023665491491556168.
forward model: training agent 2.
Epoch 0: forward train average loss 0.008471633307635784.
epoch 0: forward test average loss 0.012307598772976134.
Epoch 99: forward train average loss 0.004807160339421696.
epoch 99: forward test average loss 0.0076302836338679.
inverse model, training agent 2.
epoch 0: inverse train average loss 0.00764143622169892.
epoch 0: inverse test average loss 0.01605698549085193.
epoch 99: inverse train average loss 0.006095605695413219.
epoch 99: inverse test average loss 0.00691998874147733.
forward model: training agent 3.
Epoch 0: forward train average loss 2.741165276054194e-11.
epoch 0: forward test average loss 2.9538874432885915e-11.
Epoch 99: forward train average loss 2.1188650997727092e-11.
epoch 99: forward test average loss 9.106328037312829e-11.
inverse model, training agent 3.
epoch 0: inverse train average loss 0.0010760455366431011.
epoch 0: inverse test average loss 0.0017121957821978463.
epoch 99: inverse train average loss 0.00038780174347468547.
epoch 99: inverse test average loss 0.0006162436265084478.
forward model: training agent 4.
Epoch 0: forward train average loss 0.0028157984941369956.
epoch 0: forward test average loss 0.00491251072121991.
Epoch 99: forward train average loss 0.002508296941717466.
epoch 99: forward test average loss 0.004256037581298087.
inverse model, training agent 4.
epoch 0: inverse train average loss 1.293503421657189e-11.
epoch 0: inverse test average loss 0.0.
epoch 99: inverse train average loss 6.4675174937800506e-12.
epoch 99: inverse test average loss 0.0.
forward model: training agent 5.
Epoch 0: forward train average loss 0.004160568480276399.
epoch 0: forward test average loss 0.006131512423356374.
Epoch 99: forward train average loss 0.0033477780202196706.
epoch 99: forward test average loss 0.004864027309748862.
inverse model, training agent 5.
epoch 0: inverse train average loss 0.00035518227620438364.
epoch 0: inverse test average loss 0.0013390267332498399.
epoch 99: inverse train average loss 0.0003364561198395677.
epoch 99: inverse test average loss 0.0012706438331709553.
forward model: training agent 6.
Epoch 0: forward train average loss 0.008368734787735675.
epoch 0: forward test average loss 0.013373526020182503.
Epoch 99: forward train average loss 0.005561186311145623.
epoch 99: forward test average loss 0.009661196420590082.
inverse model, training agent 6.
epoch 0: inverse train average loss 0.018095301257239446.
epoch 0: inverse test average loss 0.030697604020436604.
epoch 99: inverse train average loss 0.017065143833557766.
epoch 99: inverse test average loss 0.02570294009314643.
forward model: training agent 7.
Epoch 0: forward train average loss 0.01431287680235174.
epoch 0: forward test average loss 0.021569976376162633.
Epoch 99: forward train average loss 0.006416612511707677.
epoch 99: forward test average loss 0.01311002340581682.
inverse model, training agent 7.
epoch 0: inverse train average loss 0.015462799618641535.
epoch 0: inverse test average loss 0.0328415400452084.
epoch 99: inverse train average loss 0.014215767797496583.
epoch 99: inverse test average loss 0.031260003646214805.
forward model: training agent 8.
Epoch 0: forward train average loss 0.013057027219070328.
epoch 0: forward test average loss 0.02089053061273363.
Epoch 99: forward train average loss 0.003578644711524248.
epoch 99: forward test average loss 0.006012761344512303.
inverse model, training agent 8.
epoch 0: inverse train average loss 0.0011377913178876042.
epoch 0: inverse test average loss 0.0012710441628264056.
epoch 99: inverse train average loss 0.0007722841498131553.
epoch 99: inverse test average loss 0.0006678224955168036.
forward model: training agent 9.
Epoch 0: forward train average loss 0.008301687012943957.
epoch 0: forward test average loss 0.01397845231824451.
Epoch 99: forward train average loss 0.005018433969881799.
epoch 99: forward test average loss 0.008764046761724684.
inverse model, training agent 9.
epoch 0: inverse train average loss 0.0010698630164066951.
epoch 0: inverse test average loss 0.0015703971601194805.
epoch 99: inverse train average loss 0.00045281178447314433.
epoch 99: inverse test average loss 0.0008546946208096213.
forward model: training agent 10.
Epoch 0: forward train average loss 0.010515271996458372.
epoch 0: forward test average loss 0.01706872632106145.
Epoch 99: forward train average loss 0.0054087017973264056.
epoch 99: forward test average loss 0.009136782338221868.
inverse model, training agent 10.
epoch 0: inverse train average loss 0.015488599944445822.
epoch 0: inverse test average loss 0.02294419374730852.
epoch 99: inverse train average loss 0.01325748467610942.
epoch 99: inverse test average loss 0.022138039271036785.
forward model: training agent 11.
Epoch 0: forward train average loss 0.02728807595041063.
epoch 0: forward test average loss 0.03150162266360389.
Epoch 99: forward train average loss 0.014983854153090052.
epoch 99: forward test average loss 0.022076815366744995.
inverse model, training agent 11.
epoch 0: inverse train average loss 0.010401311433977552.
epoch 0: inverse test average loss 0.01587192714214325.
epoch 99: inverse train average loss 0.00806337563941876.
epoch 99: inverse test average loss 0.011714107874366973.
forward model: training agent 12.
Epoch 0: forward train average loss 0.001823688650296794.
epoch 0: forward test average loss 0.003192356684141689.
Epoch 99: forward train average loss 0.001642212685611513.
epoch 99: forward test average loss 0.0038429172709584236.
inverse model, training agent 12.
epoch 0: inverse train average loss 0.0004883084944190665.
epoch 0: inverse test average loss 0.00017771193395472236.
epoch 99: inverse train average loss 0.00040505307778302167.
epoch 99: inverse test average loss 0.00012391232626719607.
forward model: training agent 13.
Epoch 0: forward train average loss 0.002417893252438969.
epoch 0: forward test average loss 0.00402095148132907.
Epoch 99: forward train average loss 0.002333499646435181.
epoch 99: forward test average loss 0.004136698113547431.
inverse model, training agent 13.
epoch 0: inverse train average loss 0.002698789480038815.
epoch 0: inverse test average loss 0.0040147557026810115.
epoch 99: inverse train average loss 0.0018379229586571455.
epoch 99: inverse test average loss 0.004525892126063506.
forward model: training agent 14.
Epoch 0: forward train average loss 0.006262167563868893.
epoch 0: forward test average loss 0.010789711028337479.
Epoch 99: forward train average loss 0.005386075004935265.
epoch 99: forward test average loss 0.009036256621281305.
inverse model, training agent 14.
epoch 0: inverse train average loss 0.0016060045195950402.
epoch 0: inverse test average loss 0.002120605255994532.
epoch 99: inverse train average loss 0.0010390864918008447.
epoch 99: inverse test average loss 0.0012894250297298033.
forward model: training agent 15.
Epoch 0: forward train average loss 0.011071284198098712.
epoch 0: forward test average loss 0.01660057819551892.
Epoch 99: forward train average loss 0.0056725988785425825.
epoch 99: forward test average loss 0.010346198247538673.
inverse model, training agent 15.
epoch 0: inverse train average loss 0.015268311732345156.
epoch 0: inverse test average loss 0.020864549610349867.
epoch 99: inverse train average loss 0.013746517399946848.
epoch 99: inverse test average loss 0.019927370879385207.
Policy training episode: 16, grounded actions taken: 5760, last two uncertainties: {0: [0.0, 0.0], 1: [0.0, 0.0], 2: [0.0, 0.0], 3: [0.0, 0.0], 4: [0.0, 0.0], 5: [0.0, 0.0], 6: [0.0, 0.0], 7: [0.0, 0.0], 8: [0.0, 0.0], 9: [0.0, 0.0], 10: [0.0, 0.0], 11: [0.0, 0.0], 12: [0.0, 0.0], 13: [0.0, 0.0], 14: [0.0, 0.0], 15: [0.0, 0.0]}, avg agent uncertainties: [0.0, 0.0, 0.0, 0.0, 0.0, 0.0, 0.0, 0.0, 0.0, 0.0, 0.0, 0.0, 0.0, 0.0, 0.0, 0.0], grounded actions by agent: [360, 360, 360, 360, 360, 360, 360, 360, 360, 360, 360, 360, 360, 360, 360, 360]
Policy training episode: 16, iteration 0/1, policy training avg travel time:587.5625028947246, q_loss:966.41015625, rewards:-981.9894097222223, queue:138.88368055555554, delay:0.5375252617730035, throughput:15194
Sim Rollout episode:17/100, sim avg travel time:209.70252373234544, rewards:-222.56080729166666, queue:27.902430555555554, delay:0.401036622789171, throughput:19914
Real rollout step:17/100, travel time:289.9237466401776, rewards:-386.38940972222224, queue:50.993923611111114, delay:0.45222235785590276, throughput:15182
forward model: training agent 0.
Epoch 0: forward train average loss 0.14393223490979937.
epoch 0: forward test average loss 0.15723859601550633.
Epoch 99: forward train average loss 0.015461550818549262.
epoch 99: forward test average loss 0.025233599874708388.
inverse model, training agent 0.
epoch 0: inverse train average loss 4.265547023497697e-07.
epoch 0: inverse test average loss 2.638733676008087e-09.
epoch 99: inverse train average loss 3.762703863050153e-07.
epoch 99: inverse test average loss 2.224816479194184e-09.
forward model: training agent 1.
Epoch 0: forward train average loss 0.22883820533752441.
epoch 0: forward test average loss 0.19778448343276978.
Epoch 99: forward train average loss 0.009114979973269833.
epoch 99: forward test average loss 0.013218539870447583.
inverse model, training agent 1.
epoch 0: inverse train average loss 0.0002122814184859736.
epoch 0: inverse test average loss 0.0004372725572636682.
epoch 99: inverse train average loss 0.0002909090524272844.
epoch 99: inverse test average loss 0.0004745393972472003.
forward model: training agent 2.
Epoch 0: forward train average loss 0.18180934753682879.
epoch 0: forward test average loss 0.16712895366880628.
Epoch 99: forward train average loss 0.010571659232179323.
epoch 99: forward test average loss 0.01630422804090712.
inverse model, training agent 2.
epoch 0: inverse train average loss 0.014873012486431334.
epoch 0: inverse test average loss 0.016533554428153567.
epoch 99: inverse train average loss 0.004273859732266929.
epoch 99: inverse test average loss 0.005500973098807865.
forward model: training agent 3.
Epoch 0: forward train average loss 8.692652449503334e-06.
epoch 0: forward test average loss 4.166349147756894e-06.
Epoch 99: forward train average loss 1.046054314438882e-18.
epoch 99: forward test average loss 1.0922332690527818e-18.
inverse model, training agent 3.
epoch 0: inverse train average loss 0.066204734146595.
epoch 0: inverse test average loss 0.10558484660254584.
epoch 99: inverse train average loss 0.04487368878391054.
epoch 99: inverse test average loss 0.07165761457549201.
forward model: training agent 4.
Epoch 0: forward train average loss 0.003919353863845269.
epoch 0: forward test average loss 0.007260686200526025.
Epoch 99: forward train average loss 0.002571655540830559.
epoch 99: forward test average loss 0.004379748677213986.
inverse model, training agent 4.
epoch 0: inverse train average loss 0.0.
epoch 0: inverse test average loss 0.0.
epoch 99: inverse train average loss 0.0.
epoch 99: inverse test average loss 0.0.
forward model: training agent 5.
Epoch 0: forward train average loss 0.017930729935566585.
epoch 0: forward test average loss 0.019742074112097423.
Epoch 99: forward train average loss 0.003419286416222652.
epoch 99: forward test average loss 0.00799110738767518.
inverse model, training agent 5.
epoch 0: inverse train average loss 0.0007570779287359781.
epoch 0: inverse test average loss 3.452833657825572e-05.
epoch 99: inverse train average loss 0.0006109801066082178.
epoch 99: inverse test average loss 0.0001486401953217056.
forward model: training agent 6.
Epoch 0: forward train average loss 0.055417179233498044.
epoch 0: forward test average loss 0.07405401931868659.
Epoch 99: forward train average loss 0.011984689368142022.
epoch 99: forward test average loss 0.02325592852301068.
inverse model, training agent 6.
epoch 0: inverse train average loss 0.020342482460869685.
epoch 0: inverse test average loss 0.029621620972951252.
epoch 99: inverse train average loss 0.014809684827923775.
epoch 99: inverse test average loss 0.023900041149722204.
forward model: training agent 7.
Epoch 0: forward train average loss 0.16173720525370705.
epoch 0: forward test average loss 0.1271034081776937.
Epoch 99: forward train average loss 0.006403840043478542.
epoch 99: forward test average loss 0.011641596340470843.
inverse model, training agent 7.
epoch 0: inverse train average loss 0.01394067145884037.
epoch 0: inverse test average loss 0.018618037303288777.
epoch 99: inverse train average loss 0.01237110731502374.
epoch 99: inverse test average loss 0.017914981891711552.
forward model: training agent 8.
Epoch 0: forward train average loss 0.19799237615532345.
epoch 0: forward test average loss 0.17465654346677992.
Epoch 99: forward train average loss 0.003425659922262033.
epoch 99: forward test average loss 0.0071367673161957.
inverse model, training agent 8.
epoch 0: inverse train average loss 0.0007665888988412917.
epoch 0: inverse test average loss 0.0009087454656966858.
epoch 99: inverse train average loss 0.00045878967891136807.
epoch 99: inverse test average loss 0.0007333437808685832.
forward model: training agent 9.
Epoch 0: forward train average loss 0.0441536121070385.
epoch 0: forward test average loss 0.036095187067985535.
Epoch 99: forward train average loss 0.006327763613727357.
epoch 99: forward test average loss 0.009479163421524895.
inverse model, training agent 9.
epoch 0: inverse train average loss 0.0005162715937735306.
epoch 0: inverse test average loss 0.0010348742879513237.
epoch 99: inverse train average loss 0.00017932685861726187.
epoch 99: inverse test average loss 0.0002070139032892055.
forward model: training agent 10.
Epoch 0: forward train average loss 0.05242727200190226.
epoch 0: forward test average loss 0.07687991526391771.
Epoch 99: forward train average loss 0.006638849671516154.
epoch 99: forward test average loss 0.010527870721287198.
inverse model, training agent 10.
epoch 0: inverse train average loss 0.012902662571933534.
epoch 0: inverse test average loss 0.025826945073074765.
epoch 99: inverse train average loss 0.010817803856399324.
epoch 99: inverse test average loss 0.02218674619992574.
forward model: training agent 11.
Epoch 0: forward train average loss 0.12348905702431996.
epoch 0: forward test average loss 0.13965188132392037.
Epoch 99: forward train average loss 0.008100767102506425.
epoch 99: forward test average loss 0.013064557479487525.
inverse model, training agent 11.
epoch 0: inverse train average loss 0.01600661501288414.
epoch 0: inverse test average loss 0.024930179946952395.
epoch 99: inverse train average loss 0.010915361758735444.
epoch 99: inverse test average loss 0.0210514763991038.
forward model: training agent 12.
Epoch 0: forward train average loss 0.0017517174387143718.
epoch 0: forward test average loss 0.0025095606429709327.
Epoch 99: forward train average loss 0.0015712441462609503.
epoch 99: forward test average loss 0.0028078947216272354.
inverse model, training agent 12.
epoch 0: inverse train average loss 0.00027131277763853886.
epoch 0: inverse test average loss 0.0009885640853705506.
epoch 99: inverse train average loss 0.0001997408528243088.
epoch 99: inverse test average loss 0.001060348479465271.
forward model: training agent 13.
Epoch 0: forward train average loss 0.002477244008332491.
epoch 0: forward test average loss 0.0038798321038484573.
Epoch 99: forward train average loss 0.0023668513943751654.
epoch 99: forward test average loss 0.0035423575383093622.
inverse model, training agent 13.
epoch 0: inverse train average loss 0.0017272255952573484.
epoch 0: inverse test average loss 0.0023081122587124505.
epoch 99: inverse train average loss 0.0012895699797405137.
epoch 99: inverse test average loss 0.0015310733320398463.
forward model: training agent 14.
Epoch 0: forward train average loss 0.009557703820367655.
epoch 0: forward test average loss 0.011579560736815134.
Epoch 99: forward train average loss 0.0057518429433306055.
epoch 99: forward test average loss 0.007437996359335052.
inverse model, training agent 14.
epoch 0: inverse train average loss 0.0011431016157277757.
epoch 0: inverse test average loss 0.0026112674838966793.
epoch 99: inverse train average loss 0.0007178744999691844.
epoch 99: inverse test average loss 0.0017607510607275697.
forward model: training agent 15.
Epoch 0: forward train average loss 0.10987512270609538.
epoch 0: forward test average loss 0.10458555155330235.
Epoch 99: forward train average loss 0.010667210030886862.
epoch 99: forward test average loss 0.017699162165323894.
inverse model, training agent 15.
epoch 0: inverse train average loss 0.01471559496389495.
epoch 0: inverse test average loss 0.02430261340406206.
epoch 99: inverse train average loss 0.012457104813721444.
epoch 99: inverse test average loss 0.02587829116317961.
Policy training episode: 17, grounded actions taken: 5760, last two uncertainties: {0: [0.0, 0.0], 1: [0.0, 0.0], 2: [0.0, 0.0], 3: [0.0, 0.0], 4: [0.0, 0.0], 5: [0.0, 0.0], 6: [0.0, 0.0], 7: [0.0, 0.0], 8: [0.0, 0.0], 9: [0.0, 0.0], 10: [0.0, 0.0], 11: [0.0, 0.0], 12: [0.0, 0.0], 13: [0.0, 0.0], 14: [0.0, 0.0], 15: [0.0, 0.0]}, avg agent uncertainties: [0.0, 0.0, 0.0, 0.0, 0.0, 0.0, 0.0, 0.0, 0.0, 0.0, 0.0, 0.0, 0.0, 0.0, 0.0, 0.0], grounded actions by agent: [360, 360, 360, 360, 360, 360, 360, 360, 360, 360, 360, 360, 360, 360, 360, 360]
Policy training episode: 17, iteration 0/1, policy training avg travel time:281.30071775874046, q_loss:970.3167724609375, rewards:-588.3068576388889, queue:62.416493055555556, delay:0.4839200337727865, throughput:19018
Sim Rollout episode:18/100, sim avg travel time:219.06683030752131, rewards:-224.3396701388889, queue:28.752256944444444, delay:0.39833204481336804, throughput:19738
Real rollout step:18/100, travel time:242.41109922890752, rewards:-311.8054904513889, queue:41.3609375, delay:0.420251719156901, throughput:15990
forward model: training agent 0.
Epoch 0: forward train average loss 0.019441478782229953.
epoch 0: forward test average loss 0.030459822879897222.
Epoch 99: forward train average loss 0.006862424107061492.
epoch 99: forward test average loss 0.012731152276198069.
inverse model, training agent 0.
epoch 0: inverse train average loss 4.38875016322498e-07.
epoch 0: inverse test average loss 5.1998306894852755e-09.
epoch 99: inverse train average loss 3.3016117287034933e-07.
epoch 99: inverse test average loss 5.0446396689570365e-09.
forward model: training agent 1.
Epoch 0: forward train average loss 0.005225822950402896.
epoch 0: forward test average loss 0.0064327820307678646.
Epoch 99: forward train average loss 0.0029620457337134415.
epoch 99: forward test average loss 0.00454713362786505.
inverse model, training agent 1.
epoch 0: inverse train average loss 0.00030321155443541734.
epoch 0: inverse test average loss 0.0032271983832793515.
epoch 99: inverse train average loss 0.0002703207351765337.
epoch 99: inverse test average loss 0.0003717130619062598.
forward model: training agent 2.
Epoch 0: forward train average loss 0.008001338380078474.
epoch 0: forward test average loss 0.01175027671787474.
Epoch 99: forward train average loss 0.003184869781964355.
epoch 99: forward test average loss 0.005257268746693929.
inverse model, training agent 2.
epoch 0: inverse train average loss 0.005874310050987535.
epoch 0: inverse test average loss 0.009470783587959077.
epoch 99: inverse train average loss 0.003454364241204328.
epoch 99: inverse test average loss 0.01042914804485109.
forward model: training agent 3.
Epoch 0: forward train average loss 1.0714862351214564e-18.
epoch 0: forward test average loss 1.740077540354992e-18.
Epoch 99: forward train average loss 3.2336407977403498e-12.
epoch 99: forward test average loss 1.5875911696383582e-12.
inverse model, training agent 3.
epoch 0: inverse train average loss 0.044727707074748144.
epoch 0: inverse test average loss 0.07142460677358839.
epoch 99: inverse train average loss 0.03288661605781979.
epoch 99: inverse test average loss 0.05252622399065229.
forward model: training agent 4.
Epoch 0: forward train average loss 0.015819504236181576.
epoch 0: forward test average loss 0.016140547891457874.
Epoch 99: forward train average loss 0.002950719092041254.
epoch 99: forward test average loss 0.0036557535123493937.
inverse model, training agent 4.
epoch 0: inverse train average loss 0.0.
epoch 0: inverse test average loss 0.0.
epoch 99: inverse train average loss 0.0.
epoch 99: inverse test average loss 0.0.
forward model: training agent 5.
Epoch 0: forward train average loss 0.00488058239635494.
epoch 0: forward test average loss 0.007933836844232347.
Epoch 99: forward train average loss 0.0037264503642088836.
epoch 99: forward test average loss 0.005467348628573948.
inverse model, training agent 5.
epoch 0: inverse train average loss 0.0003607194020231772.
epoch 0: inverse test average loss 0.0010715801230010886.
epoch 99: inverse train average loss 0.00031498416016499203.
epoch 99: inverse test average loss 0.0010721284488681704.
forward model: training agent 6.
Epoch 0: forward train average loss 0.01736273326807552.
epoch 0: forward test average loss 0.02323755704694324.
Epoch 99: forward train average loss 0.010459815048509173.
epoch 99: forward test average loss 0.01622295876344045.
inverse model, training agent 6.
epoch 0: inverse train average loss 0.014210008084774017.
epoch 0: inverse test average loss 0.02938038359085719.
epoch 99: inverse train average loss 0.013147358472148577.
epoch 99: inverse test average loss 0.022854467233022053.
forward model: training agent 7.
Epoch 0: forward train average loss 0.03565846590532197.
epoch 0: forward test average loss 0.03094637890656789.
Epoch 99: forward train average loss 0.005956114787194464.
epoch 99: forward test average loss 0.010711019651757346.
inverse model, training agent 7.
epoch 0: inverse train average loss 0.010847894060942862.
epoch 0: inverse test average loss 0.018174450430605147.
epoch 99: inverse train average loss 0.00881235684371657.
epoch 99: inverse test average loss 0.012135207653045654.
forward model: training agent 8.
Epoch 0: forward train average loss 0.022400830768876605.
epoch 0: forward test average loss 0.026471114820904203.
Epoch 99: forward train average loss 0.0057225338079863125.
epoch 99: forward test average loss 0.009999555432134204.
inverse model, training agent 8.
epoch 0: inverse train average loss 0.0016925418490750922.
epoch 0: inverse test average loss 0.00016383302863687277.
epoch 99: inverse train average loss 0.0009630505487115846.
epoch 99: inverse test average loss 0.00033439435840894777.
forward model: training agent 9.
Epoch 0: forward train average loss 0.05215459979242749.
epoch 0: forward test average loss 0.05607827504475912.
Epoch 99: forward train average loss 0.006553778631819619.
epoch 99: forward test average loss 0.011710340778032938.
inverse model, training agent 9.
epoch 0: inverse train average loss 0.00021212422062591132.
epoch 0: inverse test average loss 0.00023048867781956991.
epoch 99: inverse train average loss 6.230644875257794e-05.
epoch 99: inverse test average loss 4.1319086449220777e-05.
forward model: training agent 10.
Epoch 0: forward train average loss 0.055452446142832436.
epoch 0: forward test average loss 0.055531717009014554.
Epoch 99: forward train average loss 0.0073077936346332235.
epoch 99: forward test average loss 0.01194351828760571.
inverse model, training agent 10.
epoch 0: inverse train average loss 0.010688350018527772.
epoch 0: inverse test average loss 0.0178535713089837.
epoch 99: inverse train average loss 0.008884133150180181.
epoch 99: inverse test average loss 0.015511569463544421.
forward model: training agent 11.
Epoch 0: forward train average loss 0.026079956856038835.
epoch 0: forward test average loss 0.0329540189769533.
Epoch 99: forward train average loss 0.005400984237591426.
epoch 99: forward test average loss 0.009461423175202476.
inverse model, training agent 11.
epoch 0: inverse train average loss 0.010473412151137987.
epoch 0: inverse test average loss 0.012598552637630038.
epoch 99: inverse train average loss 0.007988146195809046.
epoch 99: inverse test average loss 0.01214402417341868.
forward model: training agent 12.
Epoch 0: forward train average loss 0.001626035715970728.
epoch 0: forward test average loss 0.0027763572418027455.
Epoch 99: forward train average loss 0.0015113033975164096.
epoch 99: forward test average loss 0.0019681241052846112.
inverse model, training agent 12.
epoch 0: inverse train average loss 0.0005726934137379026.
epoch 0: inverse test average loss 5.780148138809535e-05.
epoch 99: inverse train average loss 0.0005954236645872394.
epoch 99: inverse test average loss 0.0001289372610497392.
forward model: training agent 13.
Epoch 0: forward train average loss 0.00248813789544834.
epoch 0: forward test average loss 0.004035509708854888.
Epoch 99: forward train average loss 0.002389323173297776.
epoch 99: forward test average loss 0.003946244923604859.
inverse model, training agent 13.
epoch 0: inverse train average loss 0.001744430900240938.
epoch 0: inverse test average loss 0.0011773565525396003.
epoch 99: inverse train average loss 0.0011284609920241767.
epoch 99: inverse test average loss 0.0009370938771300846.
forward model: training agent 14.
Epoch 0: forward train average loss 0.005783925971223248.
epoch 0: forward test average loss 0.009585736526383294.
Epoch 99: forward train average loss 0.005273570410079426.
epoch 99: forward test average loss 0.009002103987667296.
inverse model, training agent 14.
epoch 0: inverse train average loss 0.000871572533570644.
epoch 0: inverse test average loss 0.0022196448925468656.
epoch 99: inverse train average loss 0.00040003744975870685.
epoch 99: inverse test average loss 0.0013183028851118353.
forward model: training agent 15.
Epoch 0: forward train average loss 0.04721948421663708.
epoch 0: forward test average loss 0.056932783789104886.
Epoch 99: forward train average loss 0.007492200057539675.
epoch 99: forward test average loss 0.012775822232166925.
inverse model, training agent 15.
epoch 0: inverse train average loss 0.013735683634877205.
epoch 0: inverse test average loss 0.02376823044485516.
epoch 99: inverse train average loss 0.011887248812450303.
epoch 99: inverse test average loss 0.020813736650678847.
Policy training episode: 18, grounded actions taken: 5760, last two uncertainties: {0: [0.0, 0.0], 1: [0.0, 0.0], 2: [0.0, 0.0], 3: [0.0, 0.0], 4: [0.0, 0.0], 5: [0.0, 0.0], 6: [0.0, 0.0], 7: [0.0, 0.0], 8: [0.0, 0.0], 9: [0.0, 0.0], 10: [0.0, 0.0], 11: [0.0, 0.0], 12: [0.0, 0.0], 13: [0.0, 0.0], 14: [0.0, 0.0], 15: [0.0, 0.0]}, avg agent uncertainties: [0.0, 0.0, 0.0, 0.0, 0.0, 0.0, 0.0, 0.0, 0.0, 0.0, 0.0, 0.0, 0.0, 0.0, 0.0, 0.0], grounded actions by agent: [360, 360, 360, 360, 360, 360, 360, 360, 360, 360, 360, 360, 360, 360, 360, 360]
Policy training episode: 18, iteration 0/1, policy training avg travel time:322.20930555555555, q_loss:960.8001708984375, rewards:-723.1901909722222, queue:75.95590277777778, delay:0.5024784935845269, throughput:18419
Sim Rollout episode:19/100, sim avg travel time:282.70994628634935, rewards:-299.8227864583333, queue:38.53611111111111, delay:0.42354439629448787, throughput:18966
Real rollout step:19/100, travel time:279.43886588451807, rewards:-375.5171875, queue:47.99375, delay:0.43153516981336804, throughput:15362
forward model: training agent 0.
Epoch 0: forward train average loss 0.011172846787505679.
epoch 0: forward test average loss 0.01597913768556383.
Epoch 99: forward train average loss 0.007329391729500558.
epoch 99: forward test average loss 0.01124983612034056.
inverse model, training agent 0.
epoch 0: inverse train average loss 0.4702252613173591.
epoch 0: inverse test average loss 1.0886393123202853.
epoch 99: inverse train average loss 0.14845634334617192.
epoch 99: inverse test average loss 0.13350806907692458.
forward model: training agent 1.
Epoch 0: forward train average loss 0.0030512908577091163.
epoch 0: forward test average loss 0.004526554296414058.
Epoch 99: forward train average loss 0.0027317008934915066.
epoch 99: forward test average loss 0.005117906671431329.
inverse model, training agent 1.
epoch 0: inverse train average loss 0.00041712444873256673.
epoch 0: inverse test average loss 0.00039253518399260144.
epoch 99: inverse train average loss 0.00032076366268382926.
epoch 99: inverse test average loss 0.0020200543674743837.
forward model: training agent 2.
Epoch 0: forward train average loss 0.0034358868789341715.
epoch 0: forward test average loss 0.005759994188944499.
Epoch 99: forward train average loss 0.003133017983701494.
epoch 99: forward test average loss 0.005424445495009422.
inverse model, training agent 2.
epoch 0: inverse train average loss 0.014626754499557946.
epoch 0: inverse test average loss 0.04835392948653963.
epoch 99: inverse train average loss 0.004813917964282963.
epoch 99: inverse test average loss 0.01273082983162668.
forward model: training agent 3.
Epoch 0: forward train average loss 4.649966033159419e-06.
epoch 0: forward test average loss 2.051989213214256e-06.
Epoch 99: forward train average loss 3.4667699542303804e-19.
epoch 99: forward test average loss 6.264279218805137e-19.
inverse model, training agent 3.
epoch 0: inverse train average loss 0.0028458908200263977.
epoch 0: inverse test average loss 0.004563940895928277.
epoch 99: inverse train average loss 0.0020270333625376225.
epoch 99: inverse test average loss 0.003230429564913114.
forward model: training agent 4.
Epoch 0: forward train average loss 0.07076651851336162.
epoch 0: forward test average loss 0.06286891384257211.
Epoch 99: forward train average loss 0.0033578681242134836.
epoch 99: forward test average loss 0.006045980999867122.
inverse model, training agent 4.
epoch 0: inverse train average loss 4.203870338257174e-10.
epoch 0: inverse test average loss 0.0.
epoch 99: inverse train average loss 1.2288270401228374e-10.
epoch 99: inverse test average loss 0.0.
forward model: training agent 5.
Epoch 0: forward train average loss 0.06725222617387772.
epoch 0: forward test average loss 0.08507308695051405.
Epoch 99: forward train average loss 0.0035272658699088627.
epoch 99: forward test average loss 0.006106162443757057.
inverse model, training agent 5.
epoch 0: inverse train average loss 2.3074235691132748e-05.
epoch 0: inverse test average loss 2.027978027601623e-05.
epoch 99: inverse train average loss 5.650248315052724e-06.
epoch 99: inverse test average loss 2.2156548690569857e-06.
forward model: training agent 6.
Epoch 0: forward train average loss 0.10619527432653639.
epoch 0: forward test average loss 0.1187476482656267.
Epoch 99: forward train average loss 0.02308992710378435.
epoch 99: forward test average loss 0.037925735116004944.
inverse model, training agent 6.
epoch 0: inverse train average loss 0.030412928097777896.
epoch 0: inverse test average loss 0.041035867399639554.
epoch 99: inverse train average loss 0.01219370485179954.
epoch 99: inverse test average loss 0.02216997163163291.
forward model: training agent 7.
Epoch 0: forward train average loss 0.031603109712402024.
epoch 0: forward test average loss 0.025573681626054976.
Epoch 99: forward train average loss 0.005740496536923779.
epoch 99: forward test average loss 0.010890379134151671.
inverse model, training agent 7.
epoch 0: inverse train average loss 0.00725389261626535.
epoch 0: inverse test average loss 0.011846009641885757.
epoch 99: inverse train average loss 0.006043980105055703.
epoch 99: inverse test average loss 0.010294332686397765.
forward model: training agent 8.
Epoch 0: forward train average loss 0.007806931001444657.
epoch 0: forward test average loss 0.008849266502592299.
Epoch 99: forward train average loss 0.0029256430247591603.
epoch 99: forward test average loss 0.007659808629088932.
inverse model, training agent 8.
epoch 0: inverse train average loss 0.000671987958614611.
epoch 0: inverse test average loss 0.0007795101781893107.
epoch 99: inverse train average loss 0.00035485698996732634.
epoch 99: inverse test average loss 0.0006918541880117522.
forward model: training agent 9.
Epoch 0: forward train average loss 0.013434134837653901.
epoch 0: forward test average loss 0.01917420244879193.
Epoch 99: forward train average loss 0.006145176995131705.
epoch 99: forward test average loss 0.009600411272711225.
inverse model, training agent 9.
epoch 0: inverse train average loss 6.922938054129999e-05.
epoch 0: inverse test average loss 7.860514193048907e-05.
epoch 99: inverse train average loss 2.177903984880282e-05.
epoch 99: inverse test average loss 5.7668380678579626e-05.
forward model: training agent 10.
Epoch 0: forward train average loss 0.011780810231963793.
epoch 0: forward test average loss 0.015365595618883768.
Epoch 99: forward train average loss 0.006946616806089878.
epoch 99: forward test average loss 0.012435634930928549.
inverse model, training agent 10.
epoch 0: inverse train average loss 0.010165578996141752.
epoch 0: inverse test average loss 0.021317739453580644.
epoch 99: inverse train average loss 0.00856066257175472.
epoch 99: inverse test average loss 0.011966764512989257.
forward model: training agent 11.
Epoch 0: forward train average loss 0.010048448832498657.
epoch 0: forward test average loss 0.015156431330574883.
Epoch 99: forward train average loss 0.006096859462559223.
epoch 99: forward test average loss 0.009655143651697371.
inverse model, training agent 11.
epoch 0: inverse train average loss 0.09557068679067823.
epoch 0: inverse test average loss 0.14712807204988268.
epoch 99: inverse train average loss 0.016214378385080233.
epoch 99: inverse test average loss 0.031078642441166773.
forward model: training agent 12.
Epoch 0: forward train average loss 0.0015991341529621019.
epoch 0: forward test average loss 0.0019070000077287357.
Epoch 99: forward train average loss 0.0014778988487604591.
epoch 99: forward test average loss 0.0027877135823170343.
inverse model, training agent 12.
epoch 0: inverse train average loss 0.0002164537242303292.
epoch 0: inverse test average loss 0.000842037035100576.
epoch 99: inverse train average loss 0.00012496399560606934.
epoch 99: inverse test average loss 0.0009020846870650227.
forward model: training agent 13.
Epoch 0: forward train average loss 0.002517914321894447.
epoch 0: forward test average loss 0.004278722322649426.
Epoch 99: forward train average loss 0.002426671924897366.
epoch 99: forward test average loss 0.0038729506648249095.
inverse model, training agent 13.
epoch 0: inverse train average loss 0.0007809704531812005.
epoch 0: inverse test average loss 0.0005262917838990688.
epoch 99: inverse train average loss 0.000461283133416954.
epoch 99: inverse test average loss 0.000253331588788165.
forward model: training agent 14.
Epoch 0: forward train average loss 0.005727446224126551.
epoch 0: forward test average loss 0.009107484171787897.
Epoch 99: forward train average loss 0.005206287217636903.
epoch 99: forward test average loss 0.007950255440341102.
inverse model, training agent 14.
epoch 0: inverse train average loss 0.0004462576244906005.
epoch 0: inverse test average loss 0.0013036122286899223.
epoch 99: inverse train average loss 0.0001915739024601256.
epoch 99: inverse test average loss 0.0006867707706987858.
forward model: training agent 15.
Epoch 0: forward train average loss 0.3021714687347412.
epoch 0: forward test average loss 0.35223498609330917.
Epoch 99: forward train average loss 0.008110760090251764.
epoch 99: forward test average loss 0.013959879676500956.
inverse model, training agent 15.
epoch 0: inverse train average loss 0.011712714615795348.
epoch 0: inverse test average loss 0.016789936357074313.
epoch 99: inverse train average loss 0.009635940090649657.
epoch 99: inverse test average loss 0.016166206863191392.
Policy training episode: 19, grounded actions taken: 5760, last two uncertainties: {0: [0.0, 0.0], 1: [0.0, 0.0], 2: [0.0, 0.0], 3: [0.0, 0.0], 4: [0.0, 0.0], 5: [0.0, 0.0], 6: [0.0, 0.0], 7: [0.0, 0.0], 8: [0.0, 0.0], 9: [0.0, 0.0], 10: [0.0, 0.0], 11: [0.0, 0.0], 12: [0.0, 0.0], 13: [0.0, 0.0], 14: [0.0, 0.0], 15: [0.0, 0.0]}, avg agent uncertainties: [0.0, 0.0, 0.0, 0.0, 0.0, 0.0, 0.0, 0.0, 0.0, 0.0, 0.0, 0.0, 0.0, 0.0, 0.0, 0.0], grounded actions by agent: [360, 360, 360, 360, 360, 360, 360, 360, 360, 360, 360, 360, 360, 360, 360, 360]
Policy training episode: 19, iteration 0/1, policy training avg travel time:463.995600426064, q_loss:989.704345703125, rewards:-759.4462673611112, queue:109.35190972222222, delay:0.521655019124349, throughput:16379
Sim Rollout episode:20/100, sim avg travel time:249.3842093077101, rewards:-248.16037326388889, queue:31.310590277777777, delay:0.4019166734483507, throughput:19369
Real rollout step:20/100, travel time:158.90010354787728, rewards:-263.4255642361111, queue:20.515104166666667, delay:0.38524212307400174, throughput:17320
forward model: training agent 0.
Epoch 0: forward train average loss 0.02308066685994466.
epoch 0: forward test average loss 0.025403596460819244.
Epoch 99: forward train average loss 0.008286915926469697.
epoch 99: forward test average loss 0.011161219742563035.
inverse model, training agent 0.
epoch 0: inverse train average loss 3.0688912172788856e-05.
epoch 0: inverse test average loss 1.2456679744193227e-05.
epoch 99: inverse train average loss 3.6894522155408697e-05.
epoch 99: inverse test average loss 9.540599421598017e-06.
forward model: training agent 1.
Epoch 0: forward train average loss 0.003270371144430505.
epoch 0: forward test average loss 0.004816671212514241.
Epoch 99: forward train average loss 0.002836470336963733.
epoch 99: forward test average loss 0.004439558626876937.
inverse model, training agent 1.
epoch 0: inverse train average loss 0.0002665605582781912.
epoch 0: inverse test average loss 0.0002703005446594236.
epoch 99: inverse train average loss 0.0003603365263996751.
epoch 99: inverse test average loss 0.00011959778551802931.
forward model: training agent 2.
Epoch 0: forward train average loss 0.0034800118559764493.
epoch 0: forward test average loss 0.005000479105446074.
Epoch 99: forward train average loss 0.0031189359724521637.
epoch 99: forward test average loss 0.00489028212096956.
inverse model, training agent 2.
epoch 0: inverse train average loss 0.007392782097061475.
epoch 0: inverse test average loss 0.006870560761955049.
epoch 99: inverse train average loss 0.005938300655947791.
epoch 99: inverse test average loss 0.0063036613994174534.
forward model: training agent 3.
Epoch 0: forward train average loss 7.181166190155186e-19.
epoch 0: forward test average loss 1.595517250690258e-18.
Epoch 99: forward train average loss 1.9147561776862906e-10.
epoch 99: forward test average loss 3.0947761637318333e-10.
inverse model, training agent 3.
epoch 0: inverse train average loss 0.002013688725936744.
epoch 0: inverse test average loss 0.003209106106725004.
epoch 99: inverse train average loss 0.000883705293138822.
epoch 99: inverse test average loss 0.0014057700108322832.
forward model: training agent 4.
Epoch 0: forward train average loss 0.012828440715869268.
epoch 0: forward test average loss 0.01886837515566084.
Epoch 99: forward train average loss 0.0037421520488957563.
epoch 99: forward test average loss 0.006286574113700125.
inverse model, training agent 4.
epoch 0: inverse train average loss 6.4675174937800506e-12.
epoch 0: inverse test average loss 0.0.
epoch 99: inverse train average loss 6.4675174937800506e-12.
epoch 99: inverse test average loss 0.0.
forward model: training agent 5.
Epoch 0: forward train average loss 0.007717396236128277.
epoch 0: forward test average loss 0.009391026364432441.
Epoch 99: forward train average loss 0.004078631392783589.
epoch 99: forward test average loss 0.007815440081887774.
inverse model, training agent 5.
epoch 0: inverse train average loss 0.00044012793508348597.
epoch 0: inverse test average loss 0.0015027698419645377.
epoch 99: inverse train average loss 0.0003420840528431452.
epoch 99: inverse test average loss 0.0012002762232441455.
forward model: training agent 6.
Epoch 0: forward train average loss 0.021142670263846714.
epoch 0: forward test average loss 0.033073362376954824.
Epoch 99: forward train average loss 0.006424656758705775.
epoch 99: forward test average loss 0.010423080374797186.
inverse model, training agent 6.
epoch 0: inverse train average loss 0.013946873653266165.
epoch 0: inverse test average loss 0.0227773313721021.
epoch 99: inverse train average loss 0.012106514846285185.
epoch 99: inverse test average loss 0.024779815640714433.
forward model: training agent 7.
Epoch 0: forward train average loss 0.055932100448343486.
epoch 0: forward test average loss 0.06305325693554348.
Epoch 99: forward train average loss 0.005511078880065017.
epoch 99: forward test average loss 0.008947760694556765.
inverse model, training agent 7.
epoch 0: inverse train average loss 0.009145828584829966.
epoch 0: inverse test average loss 0.011017577515708076.
epoch 99: inverse train average loss 0.0071115510331259835.
epoch 99: inverse test average loss 0.008718190093835195.
forward model: training agent 8.
Epoch 0: forward train average loss 0.004187432583421469.
epoch 0: forward test average loss 0.006346564532981979.
Epoch 99: forward train average loss 0.0031658803216285175.
epoch 99: forward test average loss 0.005260606192880207.
inverse model, training agent 8.
epoch 0: inverse train average loss 0.0007948836880839533.
epoch 0: inverse test average loss 0.0007964073835561672.
epoch 99: inverse train average loss 0.00043598346463922.
epoch 99: inverse test average loss 0.00351913508752154.
forward model: training agent 9.
Epoch 0: forward train average loss 0.03395390551951197.
epoch 0: forward test average loss 0.04086802734269036.
Epoch 99: forward train average loss 0.005425330147975021.
epoch 99: forward test average loss 0.011685310138596429.
inverse model, training agent 9.
epoch 0: inverse train average loss 8.3206111917712e-05.
epoch 0: inverse test average loss 3.705142484654466e-05.
epoch 99: inverse train average loss 2.2011298016069406e-05.
epoch 99: inverse test average loss 1.0409715186041365e-05.
forward model: training agent 10.
Epoch 0: forward train average loss 0.0476863541536861.
epoch 0: forward test average loss 0.061238394843207464.
Epoch 99: forward train average loss 0.005603785523109966.
epoch 99: forward test average loss 0.00822801681028472.
inverse model, training agent 10.
epoch 0: inverse train average loss 0.011882353987958696.
epoch 0: inverse test average loss 0.01488094942437278.
epoch 99: inverse train average loss 0.008549856228960885.
epoch 99: inverse test average loss 0.011538280795017878.
forward model: training agent 11.
Epoch 0: forward train average loss 0.030832029051250882.
epoch 0: forward test average loss 0.040573431385887995.
Epoch 99: forward train average loss 0.006871795178287559.
epoch 99: forward test average loss 0.012641412102513842.
inverse model, training agent 11.
epoch 0: inverse train average loss 0.010427764513426356.
epoch 0: inverse test average loss 0.015609209736188253.
epoch 99: inverse train average loss 0.006178757589724328.
epoch 99: inverse test average loss 0.01005861245923572.
forward model: training agent 12.
Epoch 0: forward train average loss 0.0014765655828846826.
epoch 0: forward test average loss 0.002201363547808594.
Epoch 99: forward train average loss 0.0013959466272758113.
epoch 99: forward test average loss 0.002673682239320543.
inverse model, training agent 12.
epoch 0: inverse train average loss 0.00021605959449920597.
epoch 0: inverse test average loss 0.0008578395855794144.
epoch 99: inverse train average loss 0.00013138613333770385.
epoch 99: inverse test average loss 0.0007958746735110051.
forward model: training agent 13.
Epoch 0: forward train average loss 0.0024145756227274737.
epoch 0: forward test average loss 0.003325202502310276.
Epoch 99: forward train average loss 0.002306846332632833.
epoch 99: forward test average loss 0.003958294375075234.
inverse model, training agent 13.
epoch 0: inverse train average loss 0.0016308669130214387.
epoch 0: inverse test average loss 0.001258585136383772.
epoch 99: inverse train average loss 0.0009264871995482179.
epoch 99: inverse test average loss 0.0008247099790929093.
forward model: training agent 14.
Epoch 0: forward train average loss 0.005319961553646458.
epoch 0: forward test average loss 0.009477530916531881.
Epoch 99: forward train average loss 0.004993634815845225.
epoch 99: forward test average loss 0.00873756574259864.
inverse model, training agent 14.
epoch 0: inverse train average loss 0.00031940645809906226.
epoch 0: inverse test average loss 0.00019398621386951872.
epoch 99: inverse train average loss 0.00012043524354036587.
epoch 99: inverse test average loss 4.71863911823473e-05.
forward model: training agent 15.
Epoch 0: forward train average loss 0.058707472350862294.
epoch 0: forward test average loss 0.06187018586529626.
Epoch 99: forward train average loss 0.006365005754762226.
epoch 99: forward test average loss 0.009418750388754739.
inverse model, training agent 15.
epoch 0: inverse train average loss 0.010693741548392508.
epoch 0: inverse test average loss 0.02287821637259589.
epoch 99: inverse train average loss 0.008621641538209386.
epoch 99: inverse test average loss 0.01855706423521042.
Policy training episode: 20, grounded actions taken: 5760, last two uncertainties: {0: [0.0, 0.0], 1: [0.0, 0.0], 2: [0.0, 0.0], 3: [0.0, 0.0], 4: [0.0, 0.0], 5: [0.0, 0.0], 6: [0.0, 0.0], 7: [0.0, 0.0], 8: [0.0, 0.0], 9: [0.0, 0.0], 10: [0.0, 0.0], 11: [0.0, 0.0], 12: [0.0, 0.0], 13: [0.0, 0.0], 14: [0.0, 0.0], 15: [0.0, 0.0]}, avg agent uncertainties: [0.0, 0.0, 0.0, 0.0, 0.0, 0.0, 0.0, 0.0, 0.0, 0.0, 0.0, 0.0, 0.0, 0.0, 0.0, 0.0], grounded actions by agent: [360, 360, 360, 360, 360, 360, 360, 360, 360, 360, 360, 360, 360, 360, 360, 360]
Policy training episode: 20, iteration 0/1, policy training avg travel time:474.16789402991986, q_loss:994.3041381835938, rewards:-824.8266493055555, queue:117.92326388888888, delay:0.531384531656901, throughput:16693
Sim Rollout episode:21/100, sim avg travel time:265.16756956984767, rewards:-278.72925347222224, queue:36.318576388888886, delay:0.42169053819444446, throughput:18965
Real rollout step:21/100, travel time:192.30202106461712, rewards:-363.2342013888889, queue:28.376041666666666, delay:0.4200319078233507, throughput:16414
forward model: training agent 0.
Epoch 0: forward train average loss 0.13931515316168466.
epoch 0: forward test average loss 0.15925351116392347.
Epoch 99: forward train average loss 0.006841360798312558.
epoch 99: forward test average loss 0.012752926184071435.
inverse model, training agent 0.
epoch 0: inverse train average loss 3.0322145044515815e-05.
epoch 0: inverse test average loss 1.743068504664633e-05.
epoch 99: inverse train average loss 2.1878433610961816e-05.
epoch 99: inverse test average loss 1.1353617272410096e-05.
forward model: training agent 1.
Epoch 0: forward train average loss 0.2909557653797997.
epoch 0: forward test average loss 0.19236614306767783.
Epoch 99: forward train average loss 0.0023605902679264545.
epoch 99: forward test average loss 0.003925096243619919.
inverse model, training agent 1.
epoch 0: inverse train average loss 0.0003444762228923537.
epoch 0: inverse test average loss 0.00013850210232943836.
epoch 99: inverse train average loss 0.00024360165896775143.
epoch 99: inverse test average loss 0.00037910177828356.
forward model: training agent 2.
Epoch 0: forward train average loss 0.16495200991630554.
epoch 0: forward test average loss 0.14741742610931396.
Epoch 99: forward train average loss 0.0054381344881322645.
epoch 99: forward test average loss 0.010276618517107435.
inverse model, training agent 2.
epoch 0: inverse train average loss 0.005174346837318606.
epoch 0: inverse test average loss 0.006552880215975974.
epoch 99: inverse train average loss 0.004032401316281822.
epoch 99: inverse test average loss 0.004044474309517277.
forward model: training agent 3.
Epoch 0: forward train average loss 8.857344341720878e-11.
epoch 0: forward test average loss 2.2796311751862833e-10.
Epoch 99: forward train average loss 1.7663343299575047e-12.
epoch 99: forward test average loss 9.507997013170745e-12.
inverse model, training agent 3.
epoch 0: inverse train average loss 0.0008752227165839738.
epoch 0: inverse test average loss 0.001392258641620477.
epoch 99: inverse train average loss 0.00029978552548628714.
epoch 99: inverse test average loss 0.0004762282284597556.
forward model: training agent 4.
Epoch 0: forward train average loss 0.003332919389423397.
epoch 0: forward test average loss 0.005402774653500981.
Epoch 99: forward train average loss 0.00236122436924941.
epoch 99: forward test average loss 0.004098901318179237.
inverse model, training agent 4.
epoch 0: inverse train average loss 1.940255055386962e-11.
epoch 0: inverse test average loss 0.0.
epoch 99: inverse train average loss 1.293503421657189e-11.
epoch 99: inverse test average loss 0.0.
forward model: training agent 5.
Epoch 0: forward train average loss 0.004611171212875181.
epoch 0: forward test average loss 0.007371181415186988.
Epoch 99: forward train average loss 0.003991151383767526.
epoch 99: forward test average loss 0.007244966924190521.
inverse model, training agent 5.
epoch 0: inverse train average loss 0.000664058320883972.
epoch 0: inverse test average loss 6.18940426243676e-05.
epoch 99: inverse train average loss 0.0005786314997951397.
epoch 99: inverse test average loss 0.00013888477244310908.
forward model: training agent 6.
Epoch 0: forward train average loss 0.010328026902344491.
epoch 0: forward test average loss 0.016721600459681615.
Epoch 99: forward train average loss 0.006616883807712131.
epoch 99: forward test average loss 0.011345453146431182.
inverse model, training agent 6.
epoch 0: inverse train average loss 0.013484407630231645.
epoch 0: inverse test average loss 0.01858112050427331.
epoch 99: inverse train average loss 0.011263069800204702.
epoch 99: inverse test average loss 0.018188934359285567.
forward model: training agent 7.
Epoch 0: forward train average loss 0.008052033061782518.
epoch 0: forward test average loss 0.01269008426202668.
Epoch 99: forward train average loss 0.005246128576497237.
epoch 99: forward test average loss 0.007835957325167127.
inverse model, training agent 7.
epoch 0: inverse train average loss 0.007626010415454705.
epoch 0: inverse test average loss 0.009787284251716401.
epoch 99: inverse train average loss 0.0060899400980108315.
epoch 99: inverse test average loss 0.009460972828997506.
forward model: training agent 8.
Epoch 0: forward train average loss 0.003296084598534637.
epoch 0: forward test average loss 0.004680466527740161.
Epoch 99: forward train average loss 0.0029620730007688203.
epoch 99: forward test average loss 0.004888376221060753.
inverse model, training agent 8.
epoch 0: inverse train average loss 0.0006489485127127005.
epoch 0: inverse test average loss 0.0005533523702373108.
epoch 99: inverse train average loss 0.00015363244811952527.
epoch 99: inverse test average loss 8.010623019395603e-05.
forward model: training agent 9.
Epoch 0: forward train average loss 0.007196469646361139.
epoch 0: forward test average loss 0.011268590473466449.
Epoch 99: forward train average loss 0.006001572642061446.
epoch 99: forward test average loss 0.008316226303577423.
inverse model, training agent 9.
epoch 0: inverse train average loss 2.003686000130579e-05.
epoch 0: inverse test average loss 0.00016883517512016825.
epoch 99: inverse train average loss 5.600182450709528e-06.
epoch 99: inverse test average loss 9.08287261154328e-05.
forward model: training agent 10.
Epoch 0: forward train average loss 0.007604015059769154.
epoch 0: forward test average loss 0.011759493499994278.
Epoch 99: forward train average loss 0.0056741345259878374.
epoch 99: forward test average loss 0.009531875865326988.
inverse model, training agent 10.
epoch 0: inverse train average loss 0.009403755577901999.
epoch 0: inverse test average loss 0.007540147751569748.
epoch 99: inverse train average loss 0.007838562544849183.
epoch 99: inverse test average loss 0.006818286246723599.
forward model: training agent 11.
Epoch 0: forward train average loss 0.2230228086312612.
epoch 0: forward test average loss 0.2517619795269436.
Epoch 99: forward train average loss 0.006499680276546214.
epoch 99: forward test average loss 0.011432876189549765.
inverse model, training agent 11.
epoch 0: inverse train average loss 0.03740117326378822.
epoch 0: inverse test average loss 0.06049343281322055.
epoch 99: inverse train average loss 0.012921401403016515.
epoch 99: inverse test average loss 0.013810664001438353.
forward model: training agent 12.
Epoch 0: forward train average loss 0.0015875894524570969.
epoch 0: forward test average loss 0.0025509209889504644.
Epoch 99: forward train average loss 0.0014704186469316483.
epoch 99: forward test average loss 0.0021234601218667296.
inverse model, training agent 12.
epoch 0: inverse train average loss 0.00013349314394872636.
epoch 0: inverse test average loss 0.006064381240220327.
epoch 99: inverse train average loss 6.426527963614919e-05.
epoch 99: inverse test average loss 0.0008996914451320966.
forward model: training agent 13.
Epoch 0: forward train average loss 0.002474517406274875.
epoch 0: forward test average loss 0.00395018710858292.
Epoch 99: forward train average loss 0.0023515961753825345.
epoch 99: forward test average loss 0.003389103234642082.
inverse model, training agent 13.
epoch 0: inverse train average loss 0.0007049508987822466.
epoch 0: inverse test average loss 0.0005558641989611917.
epoch 99: inverse train average loss 0.0002609332214989182.
epoch 99: inverse test average loss 0.00032611290549135045.
forward model: training agent 14.
Epoch 0: forward train average loss 0.012470523102415932.
epoch 0: forward test average loss 0.012320969667699602.
Epoch 99: forward train average loss 0.005056483257148001.
epoch 99: forward test average loss 0.007148026592201657.
inverse model, training agent 14.
epoch 0: inverse train average loss 0.0003217252702193542.
epoch 0: inverse test average loss 0.0006144349916010267.
epoch 99: inverse train average loss 4.099315447092522e-05.
epoch 99: inverse test average loss 9.474343258059687e-05.
forward model: training agent 15.
Epoch 0: forward train average loss 0.0099693706466092.
epoch 0: forward test average loss 0.013406624810563194.
Epoch 99: forward train average loss 0.005823134444653988.
epoch 99: forward test average loss 0.010340289523204168.
inverse model, training agent 15.
epoch 0: inverse train average loss 0.009483747908638583.
epoch 0: inverse test average loss 0.016170787314573925.
epoch 99: inverse train average loss 0.008354377932846546.
epoch 99: inverse test average loss 0.011277454594771067.
Policy training episode: 21, grounded actions taken: 5760, last two uncertainties: {0: [0.0, 0.0], 1: [0.0, 0.0], 2: [0.0, 0.0], 3: [0.0, 0.0], 4: [0.0, 0.0], 5: [0.0, 0.0], 6: [0.0, 0.0], 7: [0.0, 0.0], 8: [0.0, 0.0], 9: [0.0, 0.0], 10: [0.0, 0.0], 11: [0.0, 0.0], 12: [0.0, 0.0], 13: [0.0, 0.0], 14: [0.0, 0.0], 15: [0.0, 0.0]}, avg agent uncertainties: [0.0, 0.0, 0.0, 0.0, 0.0, 0.0, 0.0, 0.0, 0.0, 0.0, 0.0, 0.0, 0.0, 0.0, 0.0, 0.0], grounded actions by agent: [360, 360, 360, 360, 360, 360, 360, 360, 360, 360, 360, 360, 360, 360, 360, 360]
Policy training episode: 21, iteration 0/1, policy training avg travel time:550.2969292760872, q_loss:977.951416015625, rewards:-766.8723958333334, queue:118.30069444444445, delay:0.5348452674018012, throughput:15768
Sim Rollout episode:22/100, sim avg travel time:261.716211208893, rewards:-316.3790798611111, queue:35.81527777777778, delay:0.43363333808051213, throughput:19297
Real rollout step:22/100, travel time:185.1431640409827, rewards:-388.4644965277778, queue:28.36111111111111, delay:0.43941629197862414, throughput:16981
forward model: training agent 0.
Epoch 0: forward train average loss 0.013591210254364543.
epoch 0: forward test average loss 0.02021386639939414.
Epoch 99: forward train average loss 0.006793180480599403.
epoch 99: forward test average loss 0.011252285291751226.
inverse model, training agent 0.
epoch 0: inverse train average loss 1.5926232997781004e-05.
epoch 0: inverse test average loss 5.776096922242384e-06.
epoch 99: inverse train average loss 6.506897082777148e-06.
epoch 99: inverse test average loss 1.6186473254088519e-06.
forward model: training agent 1.
Epoch 0: forward train average loss 0.04291695521937476.
epoch 0: forward test average loss 0.04537947641478644.
Epoch 99: forward train average loss 0.007263809442520142.
epoch 99: forward test average loss 0.010800167918205261.
inverse model, training agent 1.
epoch 0: inverse train average loss 0.0003235102625309436.
epoch 0: inverse test average loss 0.00015472270183636283.
epoch 99: inverse train average loss 0.00020991465603335967.
epoch 99: inverse test average loss 2.0209154980774554e-05.
forward model: training agent 2.
Epoch 0: forward train average loss 0.07664169785049227.
epoch 0: forward test average loss 0.07087034318182203.
Epoch 99: forward train average loss 0.006608189290596379.
epoch 99: forward test average loss 0.00930750783946779.
inverse model, training agent 2.
epoch 0: inverse train average loss 0.009940111492243078.
epoch 0: inverse test average loss 0.007285798175467385.
epoch 99: inverse train average loss 0.00510495166397757.
epoch 99: inverse test average loss 0.005534501746296883.
forward model: training agent 3.
Epoch 0: forward train average loss 5.143328078500215e-06.
epoch 0: forward test average loss 1.6669149671441928e-06.
Epoch 99: forward train average loss 1.2823033184715503e-18.
epoch 99: forward test average loss 2.8483730944512856e-18.
inverse model, training agent 3.
epoch 0: inverse train average loss 0.07062482833862305.
epoch 0: inverse test average loss 0.11262818177541097.
epoch 99: inverse train average loss 0.04775623232126236.
epoch 99: inverse test average loss 0.07625890771547954.
forward model: training agent 4.
Epoch 0: forward train average loss 0.00700179621991184.
epoch 0: forward test average loss 0.011418592598703172.
Epoch 99: forward train average loss 0.0018602688020716112.
epoch 99: forward test average loss 0.0032195940406786073.
inverse model, training agent 4.
epoch 0: inverse train average loss 6.467514178530741e-11.
epoch 0: inverse test average loss 0.0.
epoch 99: inverse train average loss 3.233758014451224e-11.
epoch 99: inverse test average loss 0.0.
forward model: training agent 5.
Epoch 0: forward train average loss 0.0053916797041893005.
epoch 0: forward test average loss 0.01077175016204516.
Epoch 99: forward train average loss 0.0037895631976425648.
epoch 99: forward test average loss 0.007421706078781022.
inverse model, training agent 5.
epoch 0: inverse train average loss 0.0005493999277758929.
epoch 0: inverse test average loss 0.00025990239292797115.
epoch 99: inverse train average loss 0.0006336618971545249.
epoch 99: inverse test average loss 0.00012629546432031525.
forward model: training agent 6.
Epoch 0: forward train average loss 0.008649517885512777.
epoch 0: forward test average loss 0.01483540857831637.
Epoch 99: forward train average loss 0.005616810483237107.
epoch 99: forward test average loss 0.009360381298595004.
inverse model, training agent 6.
epoch 0: inverse train average loss 0.012043293358551132.
epoch 0: inverse test average loss 0.026139260994063482.
epoch 99: inverse train average loss 0.010377036821511056.
epoch 99: inverse test average loss 0.019545538557900324.
forward model: training agent 7.
Epoch 0: forward train average loss 0.012535422212547727.
epoch 0: forward test average loss 0.014475711103942659.
Epoch 99: forward train average loss 0.0048270561835832065.
epoch 99: forward test average loss 0.007719897147681978.
inverse model, training agent 7.
epoch 0: inverse train average loss 0.022331334857477084.
epoch 0: inverse test average loss 0.027393904825051624.
epoch 99: inverse train average loss 0.00460600195866492.
epoch 99: inverse test average loss 0.009699792911609014.
forward model: training agent 8.
Epoch 0: forward train average loss 0.026412779258357152.
epoch 0: forward test average loss 0.024410870340135362.
Epoch 99: forward train average loss 0.0051315488914648695.
epoch 99: forward test average loss 0.008305181231763627.
inverse model, training agent 8.
epoch 0: inverse train average loss 2.015977063112789e-05.
epoch 0: inverse test average loss 5.759184791208504e-05.
epoch 99: inverse train average loss 3.2797926002735444e-06.
epoch 99: inverse test average loss 3.582286682204641e-06.
forward model: training agent 9.
Epoch 0: forward train average loss 0.00769595926006635.
epoch 0: forward test average loss 0.01101813299788369.
Epoch 99: forward train average loss 0.006197652055157555.
epoch 99: forward test average loss 0.010491527203056548.
inverse model, training agent 9.
epoch 0: inverse train average loss 8.42356500167322e-06.
epoch 0: inverse test average loss 0.0012867304645220025.
epoch 99: inverse train average loss 2.649582281972269e-06.
epoch 99: inverse test average loss 0.00017242312444270484.
forward model: training agent 10.
Epoch 0: forward train average loss 0.023555628541443083.
epoch 0: forward test average loss 0.029681868851184845.
Epoch 99: forward train average loss 0.006347741207314862.
epoch 99: forward test average loss 0.009562080105145773.
inverse model, training agent 10.
epoch 0: inverse train average loss 0.012590948906209733.
epoch 0: inverse test average loss 0.01171540841460228.
epoch 99: inverse train average loss 0.008472254189352194.
epoch 99: inverse test average loss 0.013231378048658371.
forward model: training agent 11.
Epoch 0: forward train average loss 0.012675308105018403.
epoch 0: forward test average loss 0.01735067947043313.
Epoch 99: forward train average loss 0.005339251313772466.
epoch 99: forward test average loss 0.009178121470742755.
inverse model, training agent 11.
epoch 0: inverse train average loss 0.014884158968925476.
epoch 0: inverse test average loss 0.018733766343858507.
epoch 99: inverse train average loss 0.009991108543343015.
epoch 99: inverse test average loss 0.018185375465287104.
forward model: training agent 12.
Epoch 0: forward train average loss 0.001585907768458128.
epoch 0: forward test average loss 0.0029604503264029822.
Epoch 99: forward train average loss 0.0015004917772279845.
epoch 99: forward test average loss 0.002249313828845819.
inverse model, training agent 12.
epoch 0: inverse train average loss 0.0004804074916238379.
epoch 0: inverse test average loss 2.4658154870849103e-05.
epoch 99: inverse train average loss 0.00013454489655689232.
epoch 99: inverse test average loss 5.931930112031599e-05.
forward model: training agent 13.
Epoch 0: forward train average loss 0.002298186481412914.
epoch 0: forward test average loss 0.004235394299030304.
Epoch 99: forward train average loss 0.002202846808359027.
epoch 99: forward test average loss 0.0038991570472717285.
inverse model, training agent 13.
epoch 0: inverse train average loss 0.00029828854733043246.
epoch 0: inverse test average loss 0.000291083092128651.
epoch 99: inverse train average loss 0.00016951873355234662.
epoch 99: inverse test average loss 0.0004953455257539948.
forward model: training agent 14.
Epoch 0: forward train average loss 0.012331905878252454.
epoch 0: forward test average loss 0.015398837625980377.
Epoch 99: forward train average loss 0.005463174337314235.
epoch 99: forward test average loss 0.00831936713722017.
inverse model, training agent 14.
epoch 0: inverse train average loss 0.00010633406095116193.
epoch 0: inverse test average loss 5.483110241281489e-05.
epoch 99: inverse train average loss 2.0623255649196733e-05.
epoch 99: inverse test average loss 8.07655760581838e-06.
forward model: training agent 15.
Epoch 0: forward train average loss 0.01082691146681706.
epoch 0: forward test average loss 0.013278752979305055.
Epoch 99: forward train average loss 0.005250318596760432.
epoch 99: forward test average loss 0.008234722746743096.
inverse model, training agent 15.
epoch 0: inverse train average loss 0.00841812634219726.
epoch 0: inverse test average loss 0.012096132669183943.
epoch 99: inverse train average loss 0.0068846942029065555.
epoch 99: inverse test average loss 0.008450715492169062.
Policy training episode: 22, grounded actions taken: 5760, last two uncertainties: {0: [0.0, 0.0], 1: [0.0, 0.0], 2: [0.0, 0.0], 3: [0.0, 0.0], 4: [0.0, 0.0], 5: [0.0, 0.0], 6: [0.0, 0.0], 7: [0.0, 0.0], 8: [0.0, 0.0], 9: [0.0, 0.0], 10: [0.0, 0.0], 11: [0.0, 0.0], 12: [0.0, 0.0], 13: [0.0, 0.0], 14: [0.0, 0.0], 15: [0.0, 0.0]}, avg agent uncertainties: [0.0, 0.0, 0.0, 0.0, 0.0, 0.0, 0.0, 0.0, 0.0, 0.0, 0.0, 0.0, 0.0, 0.0, 0.0, 0.0], grounded actions by agent: [360, 360, 360, 360, 360, 360, 360, 360, 360, 360, 360, 360, 360, 360, 360, 360]
Policy training episode: 22, iteration 0/1, policy training avg travel time:377.6735828084476, q_loss:873.6412963867188, rewards:-748.3786458333333, queue:88.26545138888889, delay:0.5169111463758681, throughput:17730
Sim Rollout episode:23/100, sim avg travel time:226.57033709946288, rewards:-236.61223958333332, queue:29.079166666666666, delay:0.40802688598632814, throughput:19691
Real rollout step:23/100, travel time:169.30831084430247, rewards:-284.89006076388887, queue:23.599479166666665, delay:0.4170922173394097, throughput:17149
forward model: training agent 0.
Epoch 0: forward train average loss 0.008466456292404069.
epoch 0: forward test average loss 0.014810538954204984.
Epoch 99: forward train average loss 0.007142509333789349.
epoch 99: forward test average loss 0.013180864767895805.
inverse model, training agent 0.
epoch 0: inverse train average loss 7.606610621577501e-06.
epoch 0: inverse test average loss 7.302630567412254e-06.
epoch 99: inverse train average loss 1.3751361550326833e-06.
epoch 99: inverse test average loss 6.122998128274857e-08.
forward model: training agent 1.
Epoch 0: forward train average loss 0.009396381158795621.
epoch 0: forward test average loss 0.013773817982938554.
Epoch 99: forward train average loss 0.007129637834926446.
epoch 99: forward test average loss 0.009939287685685687.
inverse model, training agent 1.
epoch 0: inverse train average loss 0.000505186555929941.
epoch 0: inverse test average loss 0.008906266341606775.
epoch 99: inverse train average loss 0.0003197210850582024.
epoch 99: inverse test average loss 0.0017978940159082413.
forward model: training agent 2.
Epoch 0: forward train average loss 0.008212266593343683.
epoch 0: forward test average loss 0.012221025509966744.
Epoch 99: forward train average loss 0.006328639160427783.
epoch 99: forward test average loss 0.009056642651557922.
inverse model, training agent 2.
epoch 0: inverse train average loss 0.008140171981520124.
epoch 0: inverse test average loss 0.00997088249358866.
epoch 99: inverse train average loss 0.0038413594528618786.
epoch 99: inverse test average loss 0.004996094490504927.
forward model: training agent 3.
Epoch 0: forward train average loss 3.822816533593693e-18.
epoch 0: forward test average loss 1.890527392744686e-17.
Epoch 99: forward train average loss 1.7769869873402518e-11.
epoch 99: forward test average loss 1.3463973763055352e-11.
inverse model, training agent 3.
epoch 0: inverse train average loss 0.047599042455355324.
epoch 0: inverse test average loss 0.07600800858603583.
epoch 99: inverse train average loss 0.03478715320428213.
epoch 99: inverse test average loss 0.05555904573864407.
forward model: training agent 4.
Epoch 0: forward train average loss 0.009903041025002798.
epoch 0: forward test average loss 0.00990772909588284.
Epoch 99: forward train average loss 0.0017472390706340473.
epoch 99: forward test average loss 0.0025261323899030685.
inverse model, training agent 4.
epoch 0: inverse train average loss 0.0.
epoch 0: inverse test average loss 0.0.
epoch 99: inverse train average loss 0.0.
epoch 99: inverse test average loss 0.0.
forward model: training agent 5.
Epoch 0: forward train average loss 0.0034333422986997496.
epoch 0: forward test average loss 0.004771283517281215.
Epoch 99: forward train average loss 0.002960318182077673.
epoch 99: forward test average loss 0.004345784170760049.
inverse model, training agent 5.
epoch 0: inverse train average loss 0.0006004208019779375.
epoch 0: inverse test average loss 0.0001516277099856072.
epoch 99: inverse train average loss 0.0005454760862954168.
epoch 99: inverse test average loss 0.00019387950629202856.
forward model: training agent 6.
Epoch 0: forward train average loss 0.016556948216425046.
epoch 0: forward test average loss 0.023725603189733293.
Epoch 99: forward train average loss 0.006454181650446521.
epoch 99: forward test average loss 0.011640489515331056.
inverse model, training agent 6.
epoch 0: inverse train average loss 0.015194622178872427.
epoch 0: inverse test average loss 0.02528518107202318.
epoch 99: inverse train average loss 0.009837396753331026.
epoch 99: inverse test average loss 0.015859194099903107.
forward model: training agent 7.
Epoch 0: forward train average loss 0.013220277097490098.
epoch 0: forward test average loss 0.020362344053056505.
Epoch 99: forward train average loss 0.005904586468305852.
epoch 99: forward test average loss 0.01125976401898596.
inverse model, training agent 7.
epoch 0: inverse train average loss 0.011184290154940553.
epoch 0: inverse test average loss 0.011864449001020856.
epoch 99: inverse train average loss 0.004159459533790748.
epoch 99: inverse test average loss 0.005606822255584929.
forward model: training agent 8.
Epoch 0: forward train average loss 0.0037681336721612346.
epoch 0: forward test average loss 0.00643303535050816.
Epoch 99: forward train average loss 0.002831972928510772.
epoch 99: forward test average loss 0.004271506228380733.
inverse model, training agent 8.
epoch 0: inverse train average loss 0.0008150388526296916.
epoch 0: inverse test average loss 1.3771188150712987e-05.
epoch 99: inverse train average loss 6.018977809516299e-05.
epoch 99: inverse test average loss 0.00017593623488210142.
forward model: training agent 9.
Epoch 0: forward train average loss 0.007996564420560995.
epoch 0: forward test average loss 0.011352082093556723.
Epoch 99: forward train average loss 0.005306465033855703.
epoch 99: forward test average loss 0.00784647547536426.
inverse model, training agent 9.
epoch 0: inverse train average loss 0.000161049728123746.
epoch 0: inverse test average loss 1.764482457626097e-06.
epoch 99: inverse train average loss 1.2084770029711459e-05.
epoch 99: inverse test average loss 4.135627427280673e-06.
forward model: training agent 10.
Epoch 0: forward train average loss 0.025157957441276975.
epoch 0: forward test average loss 0.029017373919487.
Epoch 99: forward train average loss 0.005841926050682862.
epoch 99: forward test average loss 0.010362580418586731.
inverse model, training agent 10.
epoch 0: inverse train average loss 0.009374618840714296.
epoch 0: inverse test average loss 0.020940143201086257.
epoch 99: inverse train average loss 0.006400445062253211.
epoch 99: inverse test average loss 0.010616871217886606.
forward model: training agent 11.
Epoch 0: forward train average loss 0.007650551489657826.
epoch 0: forward test average loss 0.012315166079335742.
Epoch 99: forward train average loss 0.004372733593400981.
epoch 99: forward test average loss 0.007037890868054496.
inverse model, training agent 11.
epoch 0: inverse train average loss 0.007944192530380355.
epoch 0: inverse test average loss 0.012414762129386267.
epoch 99: inverse train average loss 0.003533273521396849.
epoch 99: inverse test average loss 0.005842619161638949.
forward model: training agent 12.
Epoch 0: forward train average loss 0.0014805903192609549.
epoch 0: forward test average loss 0.0024425917201571995.
Epoch 99: forward train average loss 0.00135859955723087.
epoch 99: forward test average loss 0.0022139973524543974.
inverse model, training agent 12.
epoch 0: inverse train average loss 3.4227573552117166e-05.
epoch 0: inverse test average loss 0.0005992907164100972.
epoch 99: inverse train average loss 1.3440909090907855e-06.
epoch 99: inverse test average loss 0.008594494519962205.
forward model: training agent 13.
Epoch 0: forward train average loss 0.0023922757763001653.
epoch 0: forward test average loss 0.003559062050448524.
Epoch 99: forward train average loss 0.0022022618860420254.
epoch 99: forward test average loss 0.0034730261605646876.
inverse model, training agent 13.
epoch 0: inverse train average loss 0.0042060015516148675.
epoch 0: inverse test average loss 0.007531488107310401.
epoch 99: inverse train average loss 0.0010496361776151592.
epoch 99: inverse test average loss 0.005158992173771064.
forward model: training agent 14.
Epoch 0: forward train average loss 0.01611627721124225.
epoch 0: forward test average loss 0.018508367240428925.
Epoch 99: forward train average loss 0.004782106416920821.
epoch 99: forward test average loss 0.006669020487202538.
inverse model, training agent 14.
epoch 0: inverse train average loss 0.00047140829600620136.
epoch 0: inverse test average loss 0.00043814629316329956.
epoch 99: inverse train average loss 1.830236396926921e-05.
epoch 99: inverse test average loss 6.550541163758478e-05.
forward model: training agent 15.
Epoch 0: forward train average loss 0.03646549044383897.
epoch 0: forward test average loss 0.03348244312736723.
Epoch 99: forward train average loss 0.005048560289045175.
epoch 99: forward test average loss 0.008308166017134985.
inverse model, training agent 15.
epoch 0: inverse train average loss 0.007501067283252875.
epoch 0: inverse test average loss 0.010180414964755377.
epoch 99: inverse train average loss 0.0067095112883382374.
epoch 99: inverse test average loss 0.00670660783847173.
Policy training episode: 23, grounded actions taken: 5760, last two uncertainties: {0: [0.0, 0.0], 1: [0.0, 0.0], 2: [0.0, 0.0], 3: [0.0, 0.0], 4: [0.0, 0.0], 5: [0.0, 0.0], 6: [0.0, 0.0], 7: [0.0, 0.0], 8: [0.0, 0.0], 9: [0.0, 0.0], 10: [0.0, 0.0], 11: [0.0, 0.0], 12: [0.0, 0.0], 13: [0.0, 0.0], 14: [0.0, 0.0], 15: [0.0, 0.0]}, avg agent uncertainties: [0.0, 0.0, 0.0, 0.0, 0.0, 0.0, 0.0, 0.0, 0.0, 0.0, 0.0, 0.0, 0.0, 0.0, 0.0, 0.0], grounded actions by agent: [360, 360, 360, 360, 360, 360, 360, 360, 360, 360, 360, 360, 360, 360, 360, 360]
Policy training episode: 23, iteration 0/1, policy training avg travel time:416.96776733200574, q_loss:823.4103393554688, rewards:-795.4997395833333, queue:102.76753472222222, delay:0.5314140319824219, throughput:17475
Sim Rollout episode:24/100, sim avg travel time:244.68542187644715, rewards:-265.20416666666665, queue:34.50069444444444, delay:0.41578568352593315, throughput:19392
Real rollout step:24/100, travel time:208.81965664759153, rewards:-375.42161458333334, queue:32.648090277777776, delay:0.4476947784423828, throughput:16585
forward model: training agent 0.
Epoch 0: forward train average loss 0.02447621151804924.
epoch 0: forward test average loss 0.05060685674349467.
Epoch 99: forward train average loss 0.011362431156966422.
epoch 99: forward test average loss 0.020755805903010897.
inverse model, training agent 0.
epoch 0: inverse train average loss 9.977607166157377e-07.
epoch 0: inverse test average loss 8.088769871190178e-08.
epoch 99: inverse train average loss 1.6675624964752735e-07.
epoch 99: inverse test average loss 3.1561347116040554e-09.
forward model: training agent 1.
Epoch 0: forward train average loss 0.018055773236685328.
epoch 0: forward test average loss 0.024313689933882818.
Epoch 99: forward train average loss 0.006978462346725994.
epoch 99: forward test average loss 0.009061131005485853.
inverse model, training agent 1.
epoch 0: inverse train average loss 0.005235697524363382.
epoch 0: inverse test average loss 0.0017578846050633325.
epoch 99: inverse train average loss 0.0021801891788426372.
epoch 99: inverse test average loss 0.001478602514705724.
forward model: training agent 2.
Epoch 0: forward train average loss 0.0181277630229791.
epoch 0: forward test average loss 0.03221716980139414.
Epoch 99: forward train average loss 0.0076375145258175.
epoch 99: forward test average loss 0.013673317515187793.
inverse model, training agent 2.
epoch 0: inverse train average loss 0.019308235289322004.
epoch 0: inverse test average loss 0.019751606716050044.
epoch 99: inverse train average loss 0.0027315703531106315.
epoch 99: inverse test average loss 0.008226965657538839.
forward model: training agent 3.
Epoch 0: forward train average loss 5.149089536307969e-12.
epoch 0: forward test average loss 2.7957212162594343e-11.
Epoch 99: forward train average loss 1.564124169690157e-10.
epoch 99: forward test average loss 2.001497979699075e-10.
inverse model, training agent 3.
epoch 0: inverse train average loss 0.03468260003460778.
epoch 0: inverse test average loss 0.05539195239543915.
epoch 99: inverse train average loss 0.02629408323102527.
epoch 99: inverse test average loss 0.042006275720066495.
forward model: training agent 4.
Epoch 0: forward train average loss 0.005449682060215209.
epoch 0: forward test average loss 0.005848834498061074.
Epoch 99: forward train average loss 0.002504900563508272.
epoch 99: forward test average loss 0.00499409582051966.
inverse model, training agent 4.
epoch 0: inverse train average loss 6.4675174937800506e-12.
epoch 0: inverse test average loss 0.0.
epoch 99: inverse train average loss 0.0.
epoch 99: inverse test average loss 0.0.
forward model: training agent 5.
Epoch 0: forward train average loss 0.003575503256999784.
epoch 0: forward test average loss 0.0052141644474532865.
Epoch 99: forward train average loss 0.0032506554594470393.
epoch 99: forward test average loss 0.005916466936469078.
inverse model, training agent 5.
epoch 0: inverse train average loss 0.0006565180778529288.
epoch 0: inverse test average loss 0.00020011714918331968.
epoch 99: inverse train average loss 0.0003252617728624803.
epoch 99: inverse test average loss 8.791151534145077e-05.
forward model: training agent 6.
Epoch 0: forward train average loss 0.16277162896262276.
epoch 0: forward test average loss 0.22851643959681192.
Epoch 99: forward train average loss 0.015965294713775318.
epoch 99: forward test average loss 0.027970389359527163.
inverse model, training agent 6.
epoch 0: inverse train average loss 0.034335167043738894.
epoch 0: inverse test average loss 0.03861591551038954.
epoch 99: inverse train average loss 0.01276155850953526.
epoch 99: inverse test average loss 0.0188148890932401.
forward model: training agent 7.
Epoch 0: forward train average loss 0.16694417430294883.
epoch 0: forward test average loss 0.1922401785850525.
Epoch 99: forward train average loss 0.012166655105021264.
epoch 99: forward test average loss 0.018931876454088423.
inverse model, training agent 7.
epoch 0: inverse train average loss 0.0012647375309218962.
epoch 0: inverse test average loss 0.0015597758400771352.
epoch 99: inverse train average loss 0.0006046840830499099.
epoch 99: inverse test average loss 0.0008329063809166352.
forward model: training agent 8.
Epoch 0: forward train average loss 0.012362240296271112.
epoch 0: forward test average loss 0.012063168817096286.
Epoch 99: forward train average loss 0.0018676699449618657.
epoch 99: forward test average loss 0.0024880297068092558.
inverse model, training agent 8.
epoch 0: inverse train average loss 0.000167336930139249.
epoch 0: inverse test average loss 0.00011104371191726791.
epoch 99: inverse train average loss 3.7596065390567266e-05.
epoch 99: inverse test average loss 5.51937038027164e-05.
forward model: training agent 9.
Epoch 0: forward train average loss 0.007722171851330333.
epoch 0: forward test average loss 0.010499675654702716.
Epoch 99: forward train average loss 0.005186816677451134.
epoch 99: forward test average loss 0.008802044308847852.
inverse model, training agent 9.
epoch 0: inverse train average loss 3.315113584297554e-05.
epoch 0: inverse test average loss 6.027360238173666e-06.
epoch 99: inverse train average loss 3.6356371235039355e-06.
epoch 99: inverse test average loss 2.1490642312629563e-07.
forward model: training agent 10.
Epoch 0: forward train average loss 0.008829474449157715.
epoch 0: forward test average loss 0.011936249418391122.
Epoch 99: forward train average loss 0.004919455490178532.
epoch 99: forward test average loss 0.007768043627341588.
inverse model, training agent 10.
epoch 0: inverse train average loss 0.006145144709282451.
epoch 0: inverse test average loss 0.009360556801160177.
epoch 99: inverse train average loss 0.004695384297519922.
epoch 99: inverse test average loss 0.006837896381815274.
forward model: training agent 11.
Epoch 0: forward train average loss 0.012211667580737008.
epoch 0: forward test average loss 0.01845267828967836.
Epoch 99: forward train average loss 0.005013020191755559.
epoch 99: forward test average loss 0.008590032243066363.
inverse model, training agent 11.
epoch 0: inverse train average loss 0.005499445833265781.
epoch 0: inverse test average loss 0.003977511905961567.
epoch 99: inverse train average loss 0.002652572649013665.
epoch 99: inverse test average loss 0.002597952934188975.
forward model: training agent 12.
Epoch 0: forward train average loss 0.001508376147184107.
epoch 0: forward test average loss 0.0019335137266251775.
Epoch 99: forward train average loss 0.0014498861920502451.
epoch 99: forward test average loss 0.0017204173944062656.
inverse model, training agent 12.
epoch 0: inverse train average loss 0.00040527849493325146.
epoch 0: inverse test average loss 0.0010154837893626084.
epoch 99: inverse train average loss 9.706377143932816e-05.
epoch 99: inverse test average loss 0.0002670112306885939.
forward model: training agent 13.
Epoch 0: forward train average loss 0.0023852650386591754.
epoch 0: forward test average loss 0.00375600749005874.
Epoch 99: forward train average loss 0.0022539671044796705.
epoch 99: forward test average loss 0.0033370008071263633.
inverse model, training agent 13.
epoch 0: inverse train average loss 0.005422823156954514.
epoch 0: inverse test average loss 0.0031381588843133715.
epoch 99: inverse train average loss 0.0027276181305448213.
epoch 99: inverse test average loss 0.002199742529127333.
forward model: training agent 14.
Epoch 0: forward train average loss 0.005362304548422496.
epoch 0: forward test average loss 0.007604474408759011.
Epoch 99: forward train average loss 0.004873090734084447.
epoch 99: forward test average loss 0.00715605148838626.
inverse model, training agent 14.
epoch 0: inverse train average loss 0.00019415807926432334.
epoch 0: inverse test average loss 0.00025004090245298965.
epoch 99: inverse train average loss 3.891836341709778e-05.
epoch 99: inverse test average loss 6.4007046199145e-05.
forward model: training agent 15.
Epoch 0: forward train average loss 0.016541249222225614.
epoch 0: forward test average loss 0.018550231224960752.
Epoch 99: forward train average loss 0.005227883449859089.
epoch 99: forward test average loss 0.008158027297920652.
inverse model, training agent 15.
epoch 0: inverse train average loss 0.0062099820416834615.
epoch 0: inverse test average loss 0.009049497958686616.
epoch 99: inverse train average loss 0.005631922847694821.
epoch 99: inverse test average loss 0.007391164286269082.
Policy training episode: 24, grounded actions taken: 5760, last two uncertainties: {0: [0.0, 0.0], 1: [0.0, 0.0], 2: [0.0, 0.0], 3: [0.0, 0.0], 4: [0.0, 0.0], 5: [0.0, 0.0], 6: [0.0, 0.0], 7: [0.0, 0.0], 8: [0.0, 0.0], 9: [0.0, 0.0], 10: [0.0, 0.0], 11: [0.0, 0.0], 12: [0.0, 0.0], 13: [0.0, 0.0], 14: [0.0, 0.0], 15: [0.0, 0.0]}, avg agent uncertainties: [0.0, 0.0, 0.0, 0.0, 0.0, 0.0, 0.0, 0.0, 0.0, 0.0, 0.0, 0.0, 0.0, 0.0, 0.0, 0.0], grounded actions by agent: [360, 360, 360, 360, 360, 360, 360, 360, 360, 360, 360, 360, 360, 360, 360, 360]
Policy training episode: 24, iteration 0/1, policy training avg travel time:463.9974062065771, q_loss:814.4619750976562, rewards:-777.1380208333334, queue:103.60260416666667, delay:0.5227328830295139, throughput:16308
Sim Rollout episode:25/100, sim avg travel time:251.88073734426382, rewards:-255.56048177083332, queue:32.72673611111111, delay:0.4178166707356771, throughput:19319
Real rollout step:25/100, travel time:203.06858542559706, rewards:-360.53919270833336, queue:31.875520833333333, delay:0.4441456264919705, throughput:16573
forward model: training agent 0.
Epoch 0: forward train average loss 0.009639620573984252.
epoch 0: forward test average loss 0.014718022611406114.
Epoch 99: forward train average loss 0.006782853044569492.
epoch 99: forward test average loss 0.012390551467736563.
inverse model, training agent 0.
epoch 0: inverse train average loss 4.1485489502927447e-07.
epoch 0: inverse test average loss 4.889400834823871e-09.
epoch 99: inverse train average loss 4.905596316816406e-08.
epoch 99: inverse test average loss 7.761020221547849e-11.
forward model: training agent 1.
Epoch 0: forward train average loss 0.01685076206922531.
epoch 0: forward test average loss 0.018176360262764826.
Epoch 99: forward train average loss 0.008224729552037187.
epoch 99: forward test average loss 0.013493854138586257.
inverse model, training agent 1.
epoch 0: inverse train average loss 0.0023386442286816114.
epoch 0: inverse test average loss 0.0015394273484869497.
epoch 99: inverse train average loss 0.0008449432465972172.
epoch 99: inverse test average loss 0.0022167229197091525.
forward model: training agent 2.
Epoch 0: forward train average loss 0.016935584238833852.
epoch 0: forward test average loss 0.020345808731185064.
Epoch 99: forward train average loss 0.006799347905649079.
epoch 99: forward test average loss 0.008713344318999184.
inverse model, training agent 2.
epoch 0: inverse train average loss 0.006560857821669843.
epoch 0: inverse test average loss 0.01816727469364802.
epoch 99: inverse train average loss 0.003639743145969179.
epoch 99: inverse test average loss 0.010533796002467474.
forward model: training agent 3.
Epoch 0: forward train average loss 3.0743659004252145e-06.
epoch 0: forward test average loss 8.274368054925516e-07.
Epoch 99: forward train average loss 2.715859495591946e-18.
epoch 99: forward test average loss 1.5312682943341254e-18.
inverse model, training agent 3.
epoch 0: inverse train average loss 0.0043287027316788835.
epoch 0: inverse test average loss 0.006936940261059337.
epoch 99: inverse train average loss 0.003082272700137562.
epoch 99: inverse test average loss 0.0049144600828488665.
forward model: training agent 4.
Epoch 0: forward train average loss 0.0029648844049208695.
epoch 0: forward test average loss 0.004486299430330594.
Epoch 99: forward train average loss 0.0027021575822598403.
epoch 99: forward test average loss 0.004937488378749954.
inverse model, training agent 4.
epoch 0: inverse train average loss 0.0.
epoch 0: inverse test average loss 0.0.
epoch 99: inverse train average loss 0.0.
epoch 99: inverse test average loss 0.0.
forward model: training agent 5.
Epoch 0: forward train average loss 0.002995067379540867.
epoch 0: forward test average loss 0.004728397975365321.
Epoch 99: forward train average loss 0.00267221721717053.
epoch 99: forward test average loss 0.004878348981340726.
inverse model, training agent 5.
epoch 0: inverse train average loss 0.0002977321718289103.
epoch 0: inverse test average loss 9.163223310477204e-05.
epoch 99: inverse train average loss 0.0002625804029068806.
epoch 99: inverse test average loss 6.726228619097835e-05.
forward model: training agent 6.
Epoch 0: forward train average loss 0.02733706972665257.
epoch 0: forward test average loss 0.03922786480850644.
Epoch 99: forward train average loss 0.010452597091595331.
epoch 99: forward test average loss 0.018432861400975123.
inverse model, training agent 6.
epoch 0: inverse train average loss 0.014335120303763283.
epoch 0: inverse test average loss 0.020175797243913014.
epoch 99: inverse train average loss 0.012011043520437347.
epoch 99: inverse test average loss 0.016771530939473048.
forward model: training agent 7.
Epoch 0: forward train average loss 0.016091465743051633.
epoch 0: forward test average loss 0.024586800899770524.
Epoch 99: forward train average loss 0.007007852300173706.
epoch 99: forward test average loss 0.012023327251275381.
inverse model, training agent 7.
epoch 0: inverse train average loss 0.0004456468450371176.
epoch 0: inverse test average loss 0.0005625427972214917.
epoch 99: inverse train average loss 0.00034000017250137817.
epoch 99: inverse test average loss 0.0021611316155435312.
forward model: training agent 8.
Epoch 0: forward train average loss 0.0020550504689001376.
epoch 0: forward test average loss 0.003546905807322926.
Epoch 99: forward train average loss 0.0019147797849857146.
epoch 99: forward test average loss 0.0032525548918379676.
inverse model, training agent 8.
epoch 0: inverse train average loss 2.1015548352604834e-05.
epoch 0: inverse test average loss 4.2962696170434356e-05.
epoch 99: inverse train average loss 7.080982262171649e-06.
epoch 99: inverse test average loss 1.5240426970801005e-05.
forward model: training agent 9.
Epoch 0: forward train average loss 0.0054675057116482.
epoch 0: forward test average loss 0.00934533609284295.
Epoch 99: forward train average loss 0.004839713064332803.
epoch 99: forward test average loss 0.008393415974246131.
inverse model, training agent 9.
epoch 0: inverse train average loss 5.1625003588166386e-05.
epoch 0: inverse test average loss 3.987135086289426e-07.
epoch 99: inverse train average loss 3.111413554456198e-06.
epoch 99: inverse test average loss 2.505942309956784e-07.
forward model: training agent 10.
Epoch 0: forward train average loss 0.005555305423008071.
epoch 0: forward test average loss 0.008427501138713624.
Epoch 99: forward train average loss 0.0047905270217193496.
epoch 99: forward test average loss 0.008383405291371875.
inverse model, training agent 10.
epoch 0: inverse train average loss 0.005399724365108543.
epoch 0: inverse test average loss 0.013203941699531343.
epoch 99: inverse train average loss 0.00446885275757975.
epoch 99: inverse test average loss 0.005769521515402529.
forward model: training agent 11.
Epoch 0: forward train average loss 0.006048073681692283.
epoch 0: forward test average loss 0.008582132558027903.
Epoch 99: forward train average loss 0.004290236263639397.
epoch 99: forward test average loss 0.0067973749505148996.
inverse model, training agent 11.
epoch 0: inverse train average loss 0.003867066568798489.
epoch 0: inverse test average loss 0.006776740567551719.
epoch 99: inverse train average loss 0.0025967714997629323.
epoch 99: inverse test average loss 0.005222134292125702.
forward model: training agent 12.
Epoch 0: forward train average loss 0.001465995382103655.
epoch 0: forward test average loss 0.003110405264629258.
Epoch 99: forward train average loss 0.001399743293101589.
epoch 99: forward test average loss 0.0019753542211320666.
inverse model, training agent 12.
epoch 0: inverse train average loss 0.00011566581007274281.
epoch 0: inverse test average loss 0.0005471513933217567.
epoch 99: inverse train average loss 4.875023296335712e-05.
epoch 99: inverse test average loss 0.00035243234580977715.
forward model: training agent 13.
Epoch 0: forward train average loss 0.0024972190666529867.
epoch 0: forward test average loss 0.003817124292254448.
Epoch 99: forward train average loss 0.002262799431466394.
epoch 99: forward test average loss 0.0036228297071324456.
inverse model, training agent 13.
epoch 0: inverse train average loss 0.03552219230267736.
epoch 0: inverse test average loss 0.04575781855318281.
epoch 99: inverse train average loss 0.006892992700967524.
epoch 99: inverse test average loss 0.013547090192635855.
forward model: training agent 14.
Epoch 0: forward train average loss 0.005411676752070586.
epoch 0: forward test average loss 0.007278445073299938.
Epoch 99: forward train average loss 0.004557302325136132.
epoch 99: forward test average loss 0.007856479535500208.
inverse model, training agent 14.
epoch 0: inverse train average loss 0.00038280618415835005.
epoch 0: inverse test average loss 0.013882318433995048.
epoch 99: inverse train average loss 5.0759245116043734e-05.
epoch 99: inverse test average loss 0.007977846089892814.
forward model: training agent 15.
Epoch 0: forward train average loss 0.008178431540727615.
epoch 0: forward test average loss 0.011911741975280974.
Epoch 99: forward train average loss 0.004464273082299365.
epoch 99: forward test average loss 0.0076274507575564915.
inverse model, training agent 15.
epoch 0: inverse train average loss 0.005268015070921845.
epoch 0: inverse test average loss 0.011624283260769315.
epoch 99: inverse train average loss 0.004566156305372715.
epoch 99: inverse test average loss 0.012497021506230036.
Policy training episode: 25, grounded actions taken: 5760, last two uncertainties: {0: [0.0, 0.0], 1: [0.0, 0.0], 2: [0.0, 0.0], 3: [0.0, 0.0], 4: [0.0, 0.0], 5: [0.0, 0.0], 6: [0.0, 0.0], 7: [0.0, 0.0], 8: [0.0, 0.0], 9: [0.0, 0.0], 10: [0.0, 0.0], 11: [0.0, 0.0], 12: [0.0, 0.0], 13: [0.0, 0.0], 14: [0.0, 0.0], 15: [0.0, 0.0]}, avg agent uncertainties: [0.0, 0.0, 0.0, 0.0, 0.0, 0.0, 0.0, 0.0, 0.0, 0.0, 0.0, 0.0, 0.0, 0.0, 0.0, 0.0], grounded actions by agent: [360, 360, 360, 360, 360, 360, 360, 360, 360, 360, 360, 360, 360, 360, 360, 360]
Policy training episode: 25, iteration 0/1, policy training avg travel time:418.7335834027971, q_loss:780.744873046875, rewards:-721.6830729166667, queue:90.51440972222223, delay:0.5214102851019965, throughput:16839
Sim Rollout episode:26/100, sim avg travel time:219.26617272516788, rewards:-240.4927517361111, queue:29.954340277777778, delay:0.40835211012098527, throughput:20040
Real rollout step:26/100, travel time:160.76771739130436, rewards:-296.29778645833335, queue:21.745833333333334, delay:0.4081688774956597, throughput:17215
forward model: training agent 0.
Epoch 0: forward train average loss 0.019047804590728547.
epoch 0: forward test average loss 0.023834642436769273.
Epoch 99: forward train average loss 0.006918297149240971.
epoch 99: forward test average loss 0.012998532089922164.
inverse model, training agent 0.
epoch 0: inverse train average loss 0.005556181331882392.
epoch 0: inverse test average loss 1.5522037975933423e-10.
epoch 99: inverse train average loss 0.0027835655362165776.
epoch 99: inverse test average loss 1.019864915482079e-07.
forward model: training agent 1.
Epoch 0: forward train average loss 0.007992935780849721.
epoch 0: forward test average loss 0.010121555791960822.
Epoch 99: forward train average loss 0.00330266413382358.
epoch 99: forward test average loss 0.0057962385730610955.
inverse model, training agent 1.
epoch 0: inverse train average loss 0.0287570854028066.
epoch 0: inverse test average loss 0.06592393749290043.
epoch 99: inverse train average loss 0.0015889513354826097.
epoch 99: inverse test average loss 0.0012399955497433741.
forward model: training agent 2.
Epoch 0: forward train average loss 0.0043895369292133385.
epoch 0: forward test average loss 0.006833839954601394.
Epoch 99: forward train average loss 0.003030977574073606.
epoch 99: forward test average loss 0.004657624082432853.
inverse model, training agent 2.
epoch 0: inverse train average loss 0.018664644617173407.
epoch 0: inverse test average loss 0.04505647056632572.
epoch 99: inverse train average loss 0.004475319240656164.
epoch 99: inverse test average loss 0.005248534596628613.
forward model: training agent 3.
Epoch 0: forward train average loss 1.7655094840148057e-18.
epoch 0: forward test average loss 2.4200462898352686e-18.
Epoch 99: forward train average loss 8.140484404424596e-12.
epoch 99: forward test average loss 2.746469101527143e-11.
inverse model, training agent 3.
epoch 0: inverse train average loss 0.0030643812173770536.
epoch 0: inverse test average loss 0.00488583536611663.
epoch 99: inverse train average loss 0.00151326903142035.
epoch 99: inverse test average loss 0.00240917866014772.
forward model: training agent 4.
Epoch 0: forward train average loss 0.0027950964868068695.
epoch 0: forward test average loss 0.0055854107356733745.
Epoch 99: forward train average loss 0.002486403358893262.
epoch 99: forward test average loss 0.003204124462273386.
inverse model, training agent 4.
epoch 0: inverse train average loss 0.0.
epoch 0: inverse test average loss 0.0.
epoch 99: inverse train average loss 0.0.
epoch 99: inverse test average loss 0.0.
forward model: training agent 5.
Epoch 0: forward train average loss 0.0029106103918618625.
epoch 0: forward test average loss 0.004089927714731958.
Epoch 99: forward train average loss 0.0025785828733609784.
epoch 99: forward test average loss 0.004064473633964856.
inverse model, training agent 5.
epoch 0: inverse train average loss 0.0007520377779049644.
epoch 0: inverse test average loss 4.362276781143414e-05.
epoch 99: inverse train average loss 0.0006121310386030624.
epoch 99: inverse test average loss 0.00011493651416256196.
forward model: training agent 6.
Epoch 0: forward train average loss 0.01959270445836915.
epoch 0: forward test average loss 0.021946710844834644.
Epoch 99: forward train average loss 0.009004986844956875.
epoch 99: forward test average loss 0.011668509079350365.
inverse model, training agent 6.
epoch 0: inverse train average loss 0.014872093995412191.
epoch 0: inverse test average loss 0.02725599788957172.
epoch 99: inverse train average loss 0.011820757968558205.
epoch 99: inverse test average loss 0.022311319907506306.
forward model: training agent 7.
Epoch 0: forward train average loss 0.01741878791815705.
epoch 0: forward test average loss 0.02470803095234765.
Epoch 99: forward train average loss 0.006634908314380381.
epoch 99: forward test average loss 0.008753044116828177.
inverse model, training agent 7.
epoch 0: inverse train average loss 0.0010549280454546937.
epoch 0: inverse test average loss 0.0009291343934213122.
epoch 99: inverse train average loss 0.0007848693833996853.
epoch 99: inverse test average loss 0.00048420313784289546.
forward model: training agent 8.
Epoch 0: forward train average loss 0.001995412865653634.
epoch 0: forward test average loss 0.003355760437746843.
Epoch 99: forward train average loss 0.001935050408873293.
epoch 99: forward test average loss 0.0033348817378282547.
inverse model, training agent 8.
epoch 0: inverse train average loss 5.5458981983570586e-05.
epoch 0: inverse test average loss 3.067766720555988e-06.
epoch 99: inverse train average loss 8.622853884945573e-06.
epoch 99: inverse test average loss 2.251729862715971e-06.
forward model: training agent 9.
Epoch 0: forward train average loss 0.005378545365399784.
epoch 0: forward test average loss 0.007987226049105326.
Epoch 99: forward train average loss 0.004918215278950002.
epoch 99: forward test average loss 0.007839714073472552.
inverse model, training agent 9.
epoch 0: inverse train average loss 1.4116595568541217e-05.
epoch 0: inverse test average loss 8.088075588198585e-05.
epoch 99: inverse train average loss 1.6640567095136148e-06.
epoch 99: inverse test average loss 0.0005318710041643095.
forward model: training agent 10.
Epoch 0: forward train average loss 0.008384609905381998.
epoch 0: forward test average loss 0.013074553261200586.
Epoch 99: forward train average loss 0.004876019329660469.
epoch 99: forward test average loss 0.0082103055384424.
inverse model, training agent 10.
epoch 0: inverse train average loss 0.012932474207546975.
epoch 0: inverse test average loss 0.01793252842293845.
epoch 99: inverse train average loss 0.006241662324302726.
epoch 99: inverse test average loss 0.00786603656080034.
forward model: training agent 11.
Epoch 0: forward train average loss 0.012113281422191195.
epoch 0: forward test average loss 0.015914293626944225.
Epoch 99: forward train average loss 0.0052609021464983625.
epoch 99: forward test average loss 0.008360524144437578.
inverse model, training agent 11.
epoch 0: inverse train average loss 0.0018616247301300366.
epoch 0: inverse test average loss 0.004962840220994419.
epoch 99: inverse train average loss 0.0012338662054389715.
epoch 99: inverse test average loss 0.0023538156722982726.
forward model: training agent 12.
Epoch 0: forward train average loss 0.001321366470721033.
epoch 0: forward test average loss 0.0021634965928064454.
Epoch 99: forward train average loss 0.0012693384455309974.
epoch 99: forward test average loss 0.002068028992248906.
inverse model, training agent 12.
epoch 0: inverse train average loss 3.840752611318344e-05.
epoch 0: inverse test average loss 0.0001621560481402816.
epoch 99: inverse train average loss 1.24993462628077e-05.
epoch 99: inverse test average loss 0.00017491164726379793.
forward model: training agent 13.
Epoch 0: forward train average loss 0.002322051596517364.
epoch 0: forward test average loss 0.0037143335988124213.
Epoch 99: forward train average loss 0.002153348151801361.
epoch 99: forward test average loss 0.0040366385752956075.
inverse model, training agent 13.
epoch 0: inverse train average loss 0.004760753570331467.
epoch 0: inverse test average loss 0.006555328145623207.
epoch 99: inverse train average loss 0.0003838301345240325.
epoch 99: inverse test average loss 0.0004649622747415884.
forward model: training agent 14.
Epoch 0: forward train average loss 0.006312663149502542.
epoch 0: forward test average loss 0.010444862147172293.
Epoch 99: forward train average loss 0.004609721040146219.
epoch 99: forward test average loss 0.006762794736358855.
inverse model, training agent 14.
epoch 0: inverse train average loss 0.00018042556378835192.
epoch 0: inverse test average loss 0.0008565564704541531.
epoch 99: inverse train average loss 5.3037684160194156e-05.
epoch 99: inverse test average loss 0.0004081020514503406.
forward model: training agent 15.
Epoch 0: forward train average loss 0.05004147067666054.
epoch 0: forward test average loss 0.05766412284639147.
Epoch 99: forward train average loss 0.004987601915167438.
epoch 99: forward test average loss 0.008655149075720046.
inverse model, training agent 15.
epoch 0: inverse train average loss 0.005593221272445387.
epoch 0: inverse test average loss 0.011085777440004878.
epoch 99: inverse train average loss 0.004486028467201524.
epoch 99: inverse test average loss 0.009348714103301367.
Policy training episode: 26, grounded actions taken: 5760, last two uncertainties: {0: [0.0, 0.0], 1: [0.0, 0.0], 2: [0.0, 0.0], 3: [0.0, 0.0], 4: [0.0, 0.0], 5: [0.0, 0.0], 6: [0.0, 0.0], 7: [0.0, 0.0], 8: [0.0, 0.0], 9: [0.0, 0.0], 10: [0.0, 0.0], 11: [0.0, 0.0], 12: [0.0, 0.0], 13: [0.0, 0.0], 14: [0.0, 0.0], 15: [0.0, 0.0]}, avg agent uncertainties: [0.0, 0.0, 0.0, 0.0, 0.0, 0.0, 0.0, 0.0, 0.0, 0.0, 0.0, 0.0, 0.0, 0.0, 0.0, 0.0], grounded actions by agent: [360, 360, 360, 360, 360, 360, 360, 360, 360, 360, 360, 360, 360, 360, 360, 360]
Policy training episode: 26, iteration 0/1, policy training avg travel time:290.6752813672363, q_loss:775.0307006835938, rewards:-601.9563368055556, queue:66.90572916666666, delay:0.4907522413465712, throughput:18725
Sim Rollout episode:27/100, sim avg travel time:234.72069652202103, rewards:-255.83752170138888, queue:33.08020833333333, delay:0.41517567104763453, throughput:19440
Real rollout step:27/100, travel time:158.40835114252835, rewards:-315.3880642361111, queue:21.69826388888889, delay:0.4070413377549913, throughput:17163
forward model: training agent 0.
Epoch 0: forward train average loss 0.010543749564223819.
epoch 0: forward test average loss 0.013652811033858193.
Epoch 99: forward train average loss 0.0055156619184547.
epoch 99: forward test average loss 0.008339467354946666.
inverse model, training agent 0.
epoch 0: inverse train average loss 1.096557394417472e-06.
epoch 0: inverse test average loss 1.0545234137756172e-07.
epoch 99: inverse train average loss 9.665044845933817e-07.
epoch 99: inverse test average loss 8.778864765998959e-08.
forward model: training agent 1.
Epoch 0: forward train average loss 0.06539088322056665.
epoch 0: forward test average loss 0.0532768749528461.
Epoch 99: forward train average loss 0.004761976966013511.
epoch 99: forward test average loss 0.0070572058773703044.
inverse model, training agent 1.
epoch 0: inverse train average loss 0.2290368311935001.
epoch 0: inverse test average loss 0.3202360471089681.
epoch 99: inverse train average loss 0.01185993581182427.
epoch 99: inverse test average loss 0.02000740584399965.
forward model: training agent 2.
Epoch 0: forward train average loss 0.0397606525156233.
epoch 0: forward test average loss 0.05079950392246246.
Epoch 99: forward train average loss 0.0040780457978447275.
epoch 99: forward test average loss 0.006603482903705703.
inverse model, training agent 2.
epoch 0: inverse train average loss 0.006178869244952996.
epoch 0: inverse test average loss 0.014757604234748416.
epoch 99: inverse train average loss 0.0026789457123312685.
epoch 99: inverse test average loss 0.00544059369713068.
forward model: training agent 3.
Epoch 0: forward train average loss 7.025957615182377e-12.
epoch 0: forward test average loss 7.222966052427498e-12.
Epoch 99: forward train average loss 8.434078589846115e-11.
epoch 99: forward test average loss 1.281841546487941e-10.
inverse model, training agent 3.
epoch 0: inverse train average loss 0.0015007324982434511.
epoch 0: inverse test average loss 0.0023891862688793074.
epoch 99: inverse train average loss 0.0005872381928687295.
epoch 99: inverse test average loss 0.0009336122829053137.
forward model: training agent 4.
Epoch 0: forward train average loss 0.0029117889288398954.
epoch 0: forward test average loss 0.003831627054346932.
Epoch 99: forward train average loss 0.00269859346250693.
epoch 99: forward test average loss 0.002961298968229029.
inverse model, training agent 4.
epoch 0: inverse train average loss 0.0.
epoch 0: inverse test average loss 0.0.
epoch 99: inverse train average loss 0.0.
epoch 99: inverse test average loss 0.0.
forward model: training agent 5.
Epoch 0: forward train average loss 0.0029613803554740217.
epoch 0: forward test average loss 0.004822621122002602.
Epoch 99: forward train average loss 0.0025556257201565635.
epoch 99: forward test average loss 0.004357027303841379.
inverse model, training agent 5.
epoch 0: inverse train average loss 0.00031325113377533853.
epoch 0: inverse test average loss 0.007045913785178628.
epoch 99: inverse train average loss 0.00025243586585727625.
epoch 99: inverse test average loss 0.007834010379156098.
forward model: training agent 6.
Epoch 0: forward train average loss 0.030740718460745282.
epoch 0: forward test average loss 0.04058777623706394.
Epoch 99: forward train average loss 0.010515358919898668.
epoch 99: forward test average loss 0.01972468528482649.
inverse model, training agent 6.
epoch 0: inverse train average loss 0.015568271693256166.
epoch 0: inverse test average loss 0.020067779554261103.
epoch 99: inverse train average loss 0.012395622829596201.
epoch 99: inverse test average loss 0.019721907046106126.
forward model: training agent 7.
Epoch 0: forward train average loss 0.016526242511139974.
epoch 0: forward test average loss 0.022260803315374587.
Epoch 99: forward train average loss 0.005956094194617536.
epoch 99: forward test average loss 0.009669990175300174.
inverse model, training agent 7.
epoch 0: inverse train average loss 0.0005031666660215706.
epoch 0: inverse test average loss 0.0007503033719129033.
epoch 99: inverse train average loss 0.00045257899586835667.
epoch 99: inverse test average loss 0.0004160751511032383.
forward model: training agent 8.
Epoch 0: forward train average loss 0.002094588837482863.
epoch 0: forward test average loss 0.002804508846667078.
Epoch 99: forward train average loss 0.0020472963547541034.
epoch 99: forward test average loss 0.0036028273817565707.
inverse model, training agent 8.
epoch 0: inverse train average loss 0.000184801613916837.
epoch 0: inverse test average loss 6.479415686852816e-06.
epoch 99: inverse train average loss 1.910111263391122e-05.
epoch 99: inverse test average loss 6.59553491762684e-06.
forward model: training agent 9.
Epoch 0: forward train average loss 0.0053198081958625056.
epoch 0: forward test average loss 0.007530211574501461.
Epoch 99: forward train average loss 0.004807530902326107.
epoch 99: forward test average loss 0.007638241681787703.
inverse model, training agent 9.
epoch 0: inverse train average loss 5.0083867967663944e-05.
epoch 0: inverse test average loss 0.00024068616843603903.
epoch 99: inverse train average loss 8.847380665126062e-06.
epoch 99: inverse test average loss 0.0001956573877477139.
forward model: training agent 10.
Epoch 0: forward train average loss 0.005209042069812615.
epoch 0: forward test average loss 0.007584933191537857.
Epoch 99: forward train average loss 0.004763395008113649.
epoch 99: forward test average loss 0.007437860800160302.
inverse model, training agent 10.
epoch 0: inverse train average loss 0.01020932901236746.
epoch 0: inverse test average loss 0.009768310520384047.
epoch 99: inverse train average loss 0.00472189811989665.
epoch 99: inverse test average loss 0.01282268762588501.
forward model: training agent 11.
Epoch 0: forward train average loss 0.009446433745324612.
epoch 0: forward test average loss 0.012084778398275375.
Epoch 99: forward train average loss 0.004211074465678798.
epoch 99: forward test average loss 0.006981321300069491.
inverse model, training agent 11.
epoch 0: inverse train average loss 0.0026745161352058253.
epoch 0: inverse test average loss 0.0022261858814292485.
epoch 99: inverse train average loss 0.0013408264559176234.
epoch 99: inverse test average loss 0.002240350056025717.
forward model: training agent 12.
Epoch 0: forward train average loss 0.0014894490337206258.
epoch 0: forward test average loss 0.002129275869164202.
Epoch 99: forward train average loss 0.0014258758164942265.
epoch 99: forward test average loss 0.0024885059230857426.
inverse model, training agent 12.
epoch 0: inverse train average loss 5.475475164631563e-06.
epoch 0: inverse test average loss 0.0003757674749067519.
epoch 99: inverse train average loss 1.7647253653447277e-07.
epoch 99: inverse test average loss 0.0012129494500704317.
forward model: training agent 13.
Epoch 0: forward train average loss 0.0024216904615362487.
epoch 0: forward test average loss 0.0035763472939531007.
Epoch 99: forward train average loss 0.002225887030363083.
epoch 99: forward test average loss 0.0032800964804159272.
inverse model, training agent 13.
epoch 0: inverse train average loss 0.0012362854193068212.
epoch 0: inverse test average loss 0.0002798339862945593.
epoch 99: inverse train average loss 0.0006902534547003193.
epoch 99: inverse test average loss 0.0007065855380561617.
forward model: training agent 14.
Epoch 0: forward train average loss 0.005241685443454319.
epoch 0: forward test average loss 0.009944984896315468.
Epoch 99: forward train average loss 0.004461190921978818.
epoch 99: forward test average loss 0.007827561762597825.
inverse model, training agent 14.
epoch 0: inverse train average loss 0.002873778045694861.
epoch 0: inverse test average loss 0.002538522052216447.
epoch 99: inverse train average loss 0.000985271331753918.
epoch 99: inverse test average loss 0.0019168238359270617.
forward model: training agent 15.
Epoch 0: forward train average loss 0.01749677790535821.
epoch 0: forward test average loss 0.01759812980890274.
Epoch 99: forward train average loss 0.004699703926841418.
epoch 99: forward test average loss 0.00856196963124805.
inverse model, training agent 15.
epoch 0: inverse train average loss 0.005498568216959636.
epoch 0: inverse test average loss 0.009588554087612364.
epoch 99: inverse train average loss 0.004825101285758946.
epoch 99: inverse test average loss 0.006308854868014653.
Policy training episode: 27, grounded actions taken: 5760, last two uncertainties: {0: [0.0, 0.0], 1: [0.0, 0.0], 2: [0.0, 0.0], 3: [0.0, 0.0], 4: [0.0, 0.0], 5: [0.0, 0.0], 6: [0.0, 0.0], 7: [0.0, 0.0], 8: [0.0, 0.0], 9: [0.0, 0.0], 10: [0.0, 0.0], 11: [0.0, 0.0], 12: [0.0, 0.0], 13: [0.0, 0.0], 14: [0.0, 0.0], 15: [0.0, 0.0]}, avg agent uncertainties: [0.0, 0.0, 0.0, 0.0, 0.0, 0.0, 0.0, 0.0, 0.0, 0.0, 0.0, 0.0, 0.0, 0.0, 0.0, 0.0], grounded actions by agent: [360, 360, 360, 360, 360, 360, 360, 360, 360, 360, 360, 360, 360, 360, 360, 360]
Policy training episode: 27, iteration 0/1, policy training avg travel time:333.60444547348925, q_loss:770.0656127929688, rewards:-512.9842013888889, queue:62.59461805555556, delay:0.49267717997233074, throughput:17878
Sim Rollout episode:28/100, sim avg travel time:409.6984899017973, rewards:-369.14383680555557, queue:73.95555555555555, delay:0.4569279988606771, throughput:17063
Real rollout step:28/100, travel time:139.71286428882124, rewards:-256.44055989583336, queue:16.761111111111113, delay:0.3811436547173394, throughput:17476
forward model: training agent 0.
Epoch 0: forward train average loss 0.008310969918966293.
epoch 0: forward test average loss 0.01367282412118382.
Epoch 99: forward train average loss 0.005483866151836183.
epoch 99: forward test average loss 0.009410916517178217.
inverse model, training agent 0.
epoch 0: inverse train average loss 0.0015315914604359352.
epoch 0: inverse test average loss 0.0030731324933870813.
epoch 99: inverse train average loss 0.0007042622995262112.
epoch 99: inverse test average loss 0.0015195030007614857.
forward model: training agent 1.
Epoch 0: forward train average loss 0.004940319599376785.
epoch 0: forward test average loss 0.007761980924341414.
Epoch 99: forward train average loss 0.003278185613453388.
epoch 99: forward test average loss 0.005360651554332839.
inverse model, training agent 1.
epoch 0: inverse train average loss 0.015348908594912954.
epoch 0: inverse test average loss 0.02474495851331287.
epoch 99: inverse train average loss 0.012172470490137735.
epoch 99: inverse test average loss 0.020988292164272733.
forward model: training agent 2.
Epoch 0: forward train average loss 0.00367595162242651.
epoch 0: forward test average loss 0.005227077131470044.
Epoch 99: forward train average loss 0.0031081417885919413.
epoch 99: forward test average loss 0.005014417899979485.
inverse model, training agent 2.
epoch 0: inverse train average loss 0.007491384322444598.
epoch 0: inverse test average loss 0.010445177141163085.
epoch 99: inverse train average loss 0.004044396802783012.
epoch 99: inverse test average loss 0.003064106632437971.
forward model: training agent 3.
Epoch 0: forward train average loss 5.2985071962657275e-11.
epoch 0: forward test average loss 9.027945829181365e-12.
Epoch 99: forward train average loss 6.793710535300658e-12.
epoch 99: forward test average loss 3.018173095707214e-12.
inverse model, training agent 3.
epoch 0: inverse train average loss 0.0005810351188605031.
epoch 0: inverse test average loss 0.0009237388148903847.
epoch 99: inverse train average loss 0.00018109021281513074.
epoch 99: inverse test average loss 0.00028751328742752474.
forward model: training agent 4.
Epoch 0: forward train average loss 0.002585015337293347.
epoch 0: forward test average loss 0.0036270662935243714.
Epoch 99: forward train average loss 0.0025527095422148705.
epoch 99: forward test average loss 0.0038954083704286152.
inverse model, training agent 4.
epoch 0: inverse train average loss 0.0.
epoch 0: inverse test average loss 0.0.
epoch 99: inverse train average loss 0.0.
epoch 99: inverse test average loss 0.0.
forward model: training agent 5.
Epoch 0: forward train average loss 0.0028398610754973358.
epoch 0: forward test average loss 0.00408939996527301.
Epoch 99: forward train average loss 0.0024733001676698527.
epoch 99: forward test average loss 0.004319470789697435.
inverse model, training agent 5.
epoch 0: inverse train average loss 2.9982124753284247e-06.
epoch 0: inverse test average loss 1.4260379733362545e-06.
epoch 99: inverse train average loss 1.3961357833775562e-06.
epoch 99: inverse test average loss 1.450302433012338e-06.
forward model: training agent 6.
Epoch 0: forward train average loss 0.02648873792754279.
epoch 0: forward test average loss 0.03629461261961195.
Epoch 99: forward train average loss 0.007013346689442794.
epoch 99: forward test average loss 0.011524996409813562.
inverse model, training agent 6.
epoch 0: inverse train average loss 0.016112590208649635.
epoch 0: inverse test average loss 0.019796043634414673.
epoch 99: inverse train average loss 0.007966899830434058.
epoch 99: inverse test average loss 0.0099281734890408.
forward model: training agent 7.
Epoch 0: forward train average loss 0.013350135543280177.
epoch 0: forward test average loss 0.01593490234679646.
Epoch 99: forward train average loss 0.004709211178123951.
epoch 99: forward test average loss 0.007408891907996601.
inverse model, training agent 7.
epoch 0: inverse train average loss 0.000580745265728587.
epoch 0: inverse test average loss 0.0006288858906676372.
epoch 99: inverse train average loss 0.0003318381511942587.
epoch 99: inverse test average loss 0.0007330518112414413.
forward model: training agent 8.
Epoch 0: forward train average loss 0.003515636755360497.
epoch 0: forward test average loss 0.00513708239628209.
Epoch 99: forward train average loss 0.0024122662014431423.
epoch 99: forward test average loss 0.004128441421522034.
inverse model, training agent 8.
epoch 0: inverse train average loss 1.2198741185582347e-05.
epoch 0: inverse test average loss 4.1353819445551686e-05.
epoch 99: inverse train average loss 3.6625532528786507e-06.
epoch 99: inverse test average loss 3.562759755166351e-06.
forward model: training agent 9.
Epoch 0: forward train average loss 0.00505500855959124.
epoch 0: forward test average loss 0.00704685246778859.
Epoch 99: forward train average loss 0.004866668126649327.
epoch 99: forward test average loss 0.0068944475303093595.
inverse model, training agent 9.
epoch 0: inverse train average loss 0.00011975783935566951.
epoch 0: inverse test average loss 8.605169003001518e-05.
epoch 99: inverse train average loss 1.6201116403004158e-05.
epoch 99: inverse test average loss 4.582432706633376e-05.
forward model: training agent 10.
Epoch 0: forward train average loss 0.004848647655712234.
epoch 0: forward test average loss 0.0076991067164474064.
Epoch 99: forward train average loss 0.00458445901879006.
epoch 99: forward test average loss 0.0077080751458803816.
inverse model, training agent 10.
epoch 0: inverse train average loss 0.0057221704887019265.
epoch 0: inverse test average loss 0.007368748386700948.
epoch 99: inverse train average loss 0.004356572663204538.
epoch 99: inverse test average loss 0.006599278913603889.
forward model: training agent 11.
Epoch 0: forward train average loss 0.008555750155614482.
epoch 0: forward test average loss 0.013052254915237427.
Epoch 99: forward train average loss 0.004261234878665871.
epoch 99: forward test average loss 0.007662515673372481.
inverse model, training agent 11.
epoch 0: inverse train average loss 0.0015327732544392347.
epoch 0: inverse test average loss 0.0018635259992960426.
epoch 99: inverse train average loss 0.0010539980786335138.
epoch 99: inverse test average loss 0.0017388005120058854.
forward model: training agent 12.
Epoch 0: forward train average loss 0.0014073777840369278.
epoch 0: forward test average loss 0.002056088609000047.
Epoch 99: forward train average loss 0.0013098641712632445.
epoch 99: forward test average loss 0.002529934152132935.
inverse model, training agent 12.
epoch 0: inverse train average loss 0.010121284157874931.
epoch 0: inverse test average loss 8.186898917807007e-07.
epoch 99: inverse train average loss 0.00013897231191448454.
epoch 99: inverse test average loss 0.00013666166341863573.
forward model: training agent 13.
Epoch 0: forward train average loss 0.0022607778664678335.
epoch 0: forward test average loss 0.004070130073361927.
Epoch 99: forward train average loss 0.002118785943215092.
epoch 99: forward test average loss 0.003996727160281605.
inverse model, training agent 13.
epoch 0: inverse train average loss 0.2892700599299537.
epoch 0: inverse test average loss 0.3536860015657213.
epoch 99: inverse train average loss 0.005013648110131423.
epoch 99: inverse test average loss 0.00500829704105854.
forward model: training agent 14.
Epoch 0: forward train average loss 0.005144315978719128.
epoch 0: forward test average loss 0.008647546586063173.
Epoch 99: forward train average loss 0.004677704276723994.
epoch 99: forward test average loss 0.006507171731856134.
inverse model, training agent 14.
epoch 0: inverse train average loss 0.0005900817870426857.
epoch 0: inverse test average loss 0.0005366725898865196.
epoch 99: inverse train average loss 0.0003467822542755843.
epoch 99: inverse test average loss 0.00017401958919233747.
forward model: training agent 15.
Epoch 0: forward train average loss 0.009380153794255521.
epoch 0: forward test average loss 0.013091752098666297.
Epoch 99: forward train average loss 0.004630959334058894.
epoch 99: forward test average loss 0.008931110302607218.
inverse model, training agent 15.
epoch 0: inverse train average loss 0.06063697818252775.
epoch 0: inverse test average loss 0.06802069809701708.
epoch 99: inverse train average loss 0.005091183353215456.
epoch 99: inverse test average loss 0.009776992309424613.
Policy training episode: 28, grounded actions taken: 5760, last two uncertainties: {0: [0.0, 0.0], 1: [0.0, 0.0], 2: [0.0, 0.0], 3: [0.0, 0.0], 4: [0.0, 0.0], 5: [0.0, 0.0], 6: [0.0, 0.0], 7: [0.0, 0.0], 8: [0.0, 0.0], 9: [0.0, 0.0], 10: [0.0, 0.0], 11: [0.0, 0.0], 12: [0.0, 0.0], 13: [0.0, 0.0], 14: [0.0, 0.0], 15: [0.0, 0.0]}, avg agent uncertainties: [0.0, 0.0, 0.0, 0.0, 0.0, 0.0, 0.0, 0.0, 0.0, 0.0, 0.0, 0.0, 0.0, 0.0, 0.0, 0.0], grounded actions by agent: [360, 360, 360, 360, 360, 360, 360, 360, 360, 360, 360, 360, 360, 360, 360, 360]
Policy training episode: 28, iteration 0/1, policy training avg travel time:310.42027508914924, q_loss:735.7042236328125, rewards:-512.2237847222223, queue:53.6203125, delay:0.4729488796657986, throughput:18369
Sim Rollout episode:29/100, sim avg travel time:383.00361311839913, rewards:-347.5952256944444, queue:69.09513888888888, delay:0.4435295104980469, throughput:17395
Real rollout step:29/100, travel time:154.9086755507207, rewards:-274.63910590277777, queue:21.016493055555557, delay:0.38318820529513886, throughput:17287
forward model: training agent 0.
Epoch 0: forward train average loss 0.024667411628696654.
epoch 0: forward test average loss 0.03001494540108575.
Epoch 99: forward train average loss 0.00730648719602161.
epoch 99: forward test average loss 0.011086583965354495.
inverse model, training agent 0.
epoch 0: inverse train average loss 0.0010987425377809107.
epoch 0: inverse test average loss 0.0015468483745482648.
epoch 99: inverse train average loss 0.0005338867841702369.
epoch 99: inverse test average loss 0.001105924111066593.
forward model: training agent 1.
Epoch 0: forward train average loss 0.0033912002626392576.
epoch 0: forward test average loss 0.006270957696768973.
Epoch 99: forward train average loss 0.0029201841292281947.
epoch 99: forward test average loss 0.0048107196473413045.
inverse model, training agent 1.
epoch 0: inverse train average loss 0.013295787903997634.
epoch 0: inverse test average loss 0.02466089775164922.
epoch 99: inverse train average loss 0.012439156985945173.
epoch 99: inverse test average loss 0.01933119197686513.
forward model: training agent 2.
Epoch 0: forward train average loss 0.0033006973357664216.
epoch 0: forward test average loss 0.006013590014643139.
Epoch 99: forward train average loss 0.002944156527519226.
epoch 99: forward test average loss 0.005206526360578007.
inverse model, training agent 2.
epoch 0: inverse train average loss 0.002349979839184218.
epoch 0: inverse test average loss 0.004470670802725686.
epoch 99: inverse train average loss 0.001497852797102597.
epoch 99: inverse test average loss 0.0013621914097004468.
forward model: training agent 3.
Epoch 0: forward train average loss 3.743976651659733e-12.
epoch 0: forward test average loss 1.0125791409058374e-11.
Epoch 99: forward train average loss 1.0883458919965413e-11.
epoch 99: forward test average loss 4.733407724419634e-12.
inverse model, training agent 3.
epoch 0: inverse train average loss 0.00017877196336889433.
epoch 0: inverse test average loss 0.0002838261166794433.
epoch 99: inverse train average loss 4.4967642881804044e-05.
epoch 99: inverse test average loss 7.130483411149018e-05.
forward model: training agent 4.
Epoch 0: forward train average loss 0.006975090752045314.
epoch 0: forward test average loss 0.008398309970895449.
Epoch 99: forward train average loss 0.0021696769011517367.
epoch 99: forward test average loss 0.002850755842195617.
inverse model, training agent 4.
epoch 0: inverse train average loss 0.0.
epoch 0: inverse test average loss 0.0.
epoch 99: inverse train average loss 0.0.
epoch 99: inverse test average loss 0.0.
forward model: training agent 5.
Epoch 0: forward train average loss 0.0027260405218435656.
epoch 0: forward test average loss 0.004380856330196063.
Epoch 99: forward train average loss 0.0021652255155560044.
epoch 99: forward test average loss 0.00397720519039366.
inverse model, training agent 5.
epoch 0: inverse train average loss 1.8221946902485797e-06.
epoch 0: inverse test average loss 1.0293500609906105e-06.
epoch 99: inverse train average loss 3.176190767185795e-07.
epoch 99: inverse test average loss 1.232134536621743e-07.
forward model: training agent 6.
Epoch 0: forward train average loss 0.01456532378991445.
epoch 0: forward test average loss 0.017871581845813327.
Epoch 99: forward train average loss 0.006722460293935405.
epoch 99: forward test average loss 0.011127340710825391.
inverse model, training agent 6.
epoch 0: inverse train average loss 0.007914305043717226.
epoch 0: inverse test average loss 0.00962847512629297.
epoch 99: inverse train average loss 0.006939133008321126.
epoch 99: inverse test average loss 0.010540722144974602.
forward model: training agent 7.
Epoch 0: forward train average loss 0.006445784949594074.
epoch 0: forward test average loss 0.01058879577451282.
Epoch 99: forward train average loss 0.004840225498709414.
epoch 99: forward test average loss 0.007644637177387874.
inverse model, training agent 7.
epoch 0: inverse train average loss 0.0006976157375093964.
epoch 0: inverse test average loss 0.0014612212414956754.
epoch 99: inverse train average loss 0.0004802919025274201.
epoch 99: inverse test average loss 0.0006815285111467043.
forward model: training agent 8.
Epoch 0: forward train average loss 0.00237353208164374.
epoch 0: forward test average loss 0.0033507514744997025.
Epoch 99: forward train average loss 0.002140448868481649.
epoch 99: forward test average loss 0.004165717504090733.
inverse model, training agent 8.
epoch 0: inverse train average loss 8.906408025824121e-05.
epoch 0: inverse test average loss 1.318022603097941e-05.
epoch 99: inverse train average loss 4.965507552393926e-06.
epoch 99: inverse test average loss 3.3329658120824965e-06.
forward model: training agent 9.
Epoch 0: forward train average loss 0.006139042787253857.
epoch 0: forward test average loss 0.011080928146839142.
Epoch 99: forward train average loss 0.004469436903794606.
epoch 99: forward test average loss 0.0069765593442651964.
inverse model, training agent 9.
epoch 0: inverse train average loss 0.00045817975943565316.
epoch 0: inverse test average loss 0.0008036436354612104.
epoch 99: inverse train average loss 3.986288316405585e-05.
epoch 99: inverse test average loss 0.0005796071316126472.
forward model: training agent 10.
Epoch 0: forward train average loss 0.01387686427268717.
epoch 0: forward test average loss 0.014573536813259125.
Epoch 99: forward train average loss 0.004322870013614495.
epoch 99: forward test average loss 0.0067837414228253895.
inverse model, training agent 10.
epoch 0: inverse train average loss 0.010410945241649946.
epoch 0: inverse test average loss 0.015024944725963805.
epoch 99: inverse train average loss 0.0032515335155444015.
epoch 99: inverse test average loss 0.00595130067732599.
forward model: training agent 11.
Epoch 0: forward train average loss 0.02413764430416955.
epoch 0: forward test average loss 0.03102915320131514.
Epoch 99: forward train average loss 0.005208328469759888.
epoch 99: forward test average loss 0.009456455707550049.
inverse model, training agent 11.
epoch 0: inverse train average loss 0.0015092664268902605.
epoch 0: inverse test average loss 0.0011782793121205436.
epoch 99: inverse train average loss 0.0008901625405997038.
epoch 99: inverse test average loss 0.0011376925330195162.
forward model: training agent 12.
Epoch 0: forward train average loss 0.0014456838317629364.
epoch 0: forward test average loss 0.0018583062208361095.
Epoch 99: forward train average loss 0.0013746744176993768.
epoch 99: forward test average loss 0.0027610653390487037.
inverse model, training agent 12.
epoch 0: inverse train average loss 2.145852643783049e-05.
epoch 0: inverse test average loss 5.236209189105365e-05.
epoch 99: inverse train average loss 2.012641642876487e-06.
epoch 99: inverse test average loss 7.613658993932404e-05.
forward model: training agent 13.
Epoch 0: forward train average loss 0.002328817784372303.
epoch 0: forward test average loss 0.0036546593118045065.
Epoch 99: forward train average loss 0.002157696859083242.
epoch 99: forward test average loss 0.0036623256487978827.
inverse model, training agent 13.
epoch 0: inverse train average loss 0.12378373742103577.
epoch 0: inverse test average loss 0.1287800669670105.
epoch 99: inverse train average loss 0.005486140545043681.
epoch 99: inverse test average loss 0.01248267251584265.
forward model: training agent 14.
Epoch 0: forward train average loss 0.004536251899682813.
epoch 0: forward test average loss 0.007347751408815384.
Epoch 99: forward train average loss 0.004315841684324874.
epoch 99: forward test average loss 0.007234296037091149.
inverse model, training agent 14.
epoch 0: inverse train average loss 0.0006074968324456778.
epoch 0: inverse test average loss 0.0002303263172507286.
epoch 99: inverse train average loss 4.546596099001358e-05.
epoch 99: inverse test average loss 0.0024071113180576097.
forward model: training agent 15.
Epoch 0: forward train average loss 0.009454369338022338.
epoch 0: forward test average loss 0.015414815809991624.
Epoch 99: forward train average loss 0.00476265393404497.
epoch 99: forward test average loss 0.008206408470869064.
inverse model, training agent 15.
epoch 0: inverse train average loss 0.034100722107622355.
epoch 0: inverse test average loss 0.021595406035582226.
epoch 99: inverse train average loss 0.011130278412666585.
epoch 99: inverse test average loss 0.009965631696912978.
Policy training episode: 29, grounded actions taken: 5760, last two uncertainties: {0: [0.0, 0.0], 1: [0.0, 0.0], 2: [0.0, 0.0], 3: [0.0, 0.0], 4: [0.0, 0.0], 5: [0.0, 0.0], 6: [0.0, 0.0], 7: [0.0, 0.0], 8: [0.0, 0.0], 9: [0.0, 0.0], 10: [0.0, 0.0], 11: [0.0, 0.0], 12: [0.0, 0.0], 13: [0.0, 0.0], 14: [0.0, 0.0], 15: [0.0, 0.0]}, avg agent uncertainties: [0.0, 0.0, 0.0, 0.0, 0.0, 0.0, 0.0, 0.0, 0.0, 0.0, 0.0, 0.0, 0.0, 0.0, 0.0, 0.0], grounded actions by agent: [360, 360, 360, 360, 360, 360, 360, 360, 360, 360, 360, 360, 360, 360, 360, 360]
Policy training episode: 29, iteration 0/1, policy training avg travel time:308.4785347103228, q_loss:681.4879150390625, rewards:-517.8212673611112, queue:52.742534722222224, delay:0.47790951199001735, throughput:18427
Sim Rollout episode:30/100, sim avg travel time:442.20150981845126, rewards:-388.72309027777777, queue:77.73350694444444, delay:0.4406028323703342, throughput:16632
Real rollout step:30/100, travel time:151.20284890991138, rewards:-281.0169270833333, queue:19.924479166666668, delay:0.3855734083387587, throughput:17362
forward model: training agent 0.
Epoch 0: forward train average loss 0.010338077942530314.
epoch 0: forward test average loss 0.014001698957549201.
Epoch 99: forward train average loss 0.00698692827588982.
epoch 99: forward test average loss 0.010819080389208265.
inverse model, training agent 0.
epoch 0: inverse train average loss 0.00034819082389326976.
epoch 0: inverse test average loss 0.0018536368540177743.
epoch 99: inverse train average loss 0.0003041910337439428.
epoch 99: inverse test average loss 0.0019136306655127555.
forward model: training agent 1.
Epoch 0: forward train average loss 0.003300661997248729.
epoch 0: forward test average loss 0.005008533803953065.
Epoch 99: forward train average loss 0.0029511538127230275.
epoch 99: forward test average loss 0.004673762246966362.
inverse model, training agent 1.
epoch 0: inverse train average loss 0.01100755027598805.
epoch 0: inverse test average loss 0.019654850992891524.
epoch 99: inverse train average loss 0.009636643963555494.
epoch 99: inverse test average loss 0.016299895114368863.
forward model: training agent 2.
Epoch 0: forward train average loss 0.003137590622322427.
epoch 0: forward test average loss 0.004948788839909766.
Epoch 99: forward train average loss 0.0028741040474010836.
epoch 99: forward test average loss 0.00490696272916264.
inverse model, training agent 2.
epoch 0: inverse train average loss 0.003775091790076759.
epoch 0: inverse test average loss 0.00449375226162374.
epoch 99: inverse train average loss 0.003258444342969192.
epoch 99: inverse test average loss 0.009263193855683008.
forward model: training agent 3.
Epoch 0: forward train average loss 7.73976771465617e-12.
epoch 0: forward test average loss 2.9684746173498488e-12.
Epoch 99: forward train average loss 2.0933340058477503e-12.
epoch 99: forward test average loss 9.087455903518856e-13.
inverse model, training agent 3.
epoch 0: inverse train average loss 4.430046182177547e-05.
epoch 0: inverse test average loss 7.024789617086451e-05.
epoch 99: inverse train average loss 9.232125093048024e-06.
epoch 99: inverse test average loss 1.4625775899427632e-05.
forward model: training agent 4.
Epoch 0: forward train average loss 0.0021564557941423524.
epoch 0: forward test average loss 0.0028789021695653596.
Epoch 99: forward train average loss 0.001964930160385039.
epoch 99: forward test average loss 0.002807199541065428.
inverse model, training agent 4.
epoch 0: inverse train average loss 0.0.
epoch 0: inverse test average loss 0.0.
epoch 99: inverse train average loss 0.0.
epoch 99: inverse test average loss 0.0.
forward model: training agent 5.
Epoch 0: forward train average loss 0.0033874412895076806.
epoch 0: forward test average loss 0.006776698554555575.
Epoch 99: forward train average loss 0.0025984346349206236.
epoch 99: forward test average loss 0.004879140812489722.
inverse model, training agent 5.
epoch 0: inverse train average loss 3.173779153560948e-07.
epoch 0: inverse test average loss 5.973049610474845e-08.
epoch 99: inverse train average loss 1.1775905509973465e-07.
epoch 99: inverse test average loss 3.4148328609262535e-09.
forward model: training agent 6.
Epoch 0: forward train average loss 0.023342946751250163.
epoch 0: forward test average loss 0.030825018882751465.
Epoch 99: forward train average loss 0.006849732663896348.
epoch 99: forward test average loss 0.011493194434377883.
inverse model, training agent 6.
epoch 0: inverse train average loss 0.008688594421578778.
epoch 0: inverse test average loss 0.013583840595351325.
epoch 99: inverse train average loss 0.0070354341425829464.
epoch 99: inverse test average loss 0.014945070362753339.
forward model: training agent 7.
Epoch 0: forward train average loss 0.009045350779261854.
epoch 0: forward test average loss 0.0114446303082837.
Epoch 99: forward train average loss 0.004339170124795701.
epoch 99: forward test average loss 0.0058405956046448815.
inverse model, training agent 7.
epoch 0: inverse train average loss 0.0005582308998176208.
epoch 0: inverse test average loss 0.004482569069498115.
epoch 99: inverse train average loss 0.0003667342405404068.
epoch 99: inverse test average loss 0.0020958431867054766.
forward model: training agent 8.
Epoch 0: forward train average loss 0.005277103847927517.
epoch 0: forward test average loss 0.007471777498722076.
Epoch 99: forward train average loss 0.0019981329743232992.
epoch 99: forward test average loss 0.003162645941807164.
inverse model, training agent 8.
epoch 0: inverse train average loss 7.417352453013375e-05.
epoch 0: inverse test average loss 5.773092273860433e-07.
epoch 99: inverse train average loss 2.7314185394465717e-06.
epoch 99: inverse test average loss 1.6789201203614034e-06.
forward model: training agent 9.
Epoch 0: forward train average loss 0.00499178950364391.
epoch 0: forward test average loss 0.006564074713322852.
Epoch 99: forward train average loss 0.004610236320230696.
epoch 99: forward test average loss 0.007546915362278621.
inverse model, training agent 9.
epoch 0: inverse train average loss 0.0019196984422807065.
epoch 0: inverse test average loss 0.0002322546299385269.
epoch 99: inverse train average loss 0.0005562714181400628.
epoch 99: inverse test average loss 0.00044499886118703417.
forward model: training agent 10.
Epoch 0: forward train average loss 0.005411339820259147.
epoch 0: forward test average loss 0.007243439969089296.
Epoch 99: forward train average loss 0.004364375956356525.
epoch 99: forward test average loss 0.007440205249521468.
inverse model, training agent 10.
epoch 0: inverse train average loss 0.005289530381560326.
epoch 0: inverse test average loss 0.002917977256907357.
epoch 99: inverse train average loss 0.0030351762866808307.
epoch 99: inverse test average loss 0.0033523740453852546.
forward model: training agent 11.
Epoch 0: forward train average loss 0.007026898053785165.
epoch 0: forward test average loss 0.011834047734737396.
Epoch 99: forward train average loss 0.004814535275929504.
epoch 99: forward test average loss 0.008510087099340227.
inverse model, training agent 11.
epoch 0: inverse train average loss 0.0010460796895333463.
epoch 0: inverse test average loss 0.0009778397313008706.
epoch 99: inverse train average loss 0.0006578075893533727.
epoch 99: inverse test average loss 0.001967156564609872.
forward model: training agent 12.
Epoch 0: forward train average loss 0.001425767576114999.
epoch 0: forward test average loss 0.0021178393831683528.
Epoch 99: forward train average loss 0.0013151535919557016.
epoch 99: forward test average loss 0.002335906649629275.
inverse model, training agent 12.
epoch 0: inverse train average loss 0.1026881883541743.
epoch 0: inverse test average loss 0.06907508787920354.
epoch 99: inverse train average loss 0.004810861984474791.
epoch 99: inverse test average loss 0.009850270632240508.
forward model: training agent 13.
Epoch 0: forward train average loss 0.002293058360616366.
epoch 0: forward test average loss 0.003630888130929735.
Epoch 99: forward train average loss 0.002148765708423323.
epoch 99: forward test average loss 0.003792417132192188.
inverse model, training agent 13.
epoch 0: inverse train average loss 0.01956029733022054.
epoch 0: inverse test average loss 0.01923884456563327.
epoch 99: inverse train average loss 0.004581242334097624.
epoch 99: inverse test average loss 0.00967012925280465.
forward model: training agent 14.
Epoch 0: forward train average loss 0.0047931839815444416.
epoch 0: forward test average loss 0.00802267011668947.
Epoch 99: forward train average loss 0.004328306609143813.
epoch 99: forward test average loss 0.007951618896590339.
inverse model, training agent 14.
epoch 0: inverse train average loss 0.05452218486203088.
epoch 0: inverse test average loss 0.05114037129614088.
epoch 99: inverse train average loss 7.031199158922006e-05.
epoch 99: inverse test average loss 0.009688838281564848.
forward model: training agent 15.
Epoch 0: forward train average loss 0.014541734630862871.
epoch 0: forward test average loss 0.014673530227608152.
Epoch 99: forward train average loss 0.0045118968312939005.
epoch 99: forward test average loss 0.008074810107549032.
inverse model, training agent 15.
epoch 0: inverse train average loss 0.008393445776568519.
epoch 0: inverse test average loss 0.011802867468860414.
epoch 99: inverse train average loss 0.0060243697630034555.
epoch 99: inverse test average loss 0.008469567323724428.
Policy training episode: 30, grounded actions taken: 5760, last two uncertainties: {0: [0.0, 0.0], 1: [0.0, 0.0], 2: [0.0, 0.0], 3: [0.0, 0.0], 4: [0.0, 0.0], 5: [0.0, 0.0], 6: [0.0, 0.0], 7: [0.0, 0.0], 8: [0.0, 0.0], 9: [0.0, 0.0], 10: [0.0, 0.0], 11: [0.0, 0.0], 12: [0.0, 0.0], 13: [0.0, 0.0], 14: [0.0, 0.0], 15: [0.0, 0.0]}, avg agent uncertainties: [0.0, 0.0, 0.0, 0.0, 0.0, 0.0, 0.0, 0.0, 0.0, 0.0, 0.0, 0.0, 0.0, 0.0, 0.0, 0.0], grounded actions by agent: [360, 360, 360, 360, 360, 360, 360, 360, 360, 360, 360, 360, 360, 360, 360, 360]
Policy training episode: 30, iteration 0/1, policy training avg travel time:241.69889784199316, q_loss:658.1647338867188, rewards:-474.4131076388889, queue:42.30833333333333, delay:0.45661239624023436, throughput:19112
Sim Rollout episode:31/100, sim avg travel time:546.6232917959883, rewards:-472.22013888888887, queue:94.10746527777778, delay:0.49036636352539065, throughput:15390
Real rollout step:31/100, travel time:194.05095322608346, rewards:-328.24134114583336, queue:29.01736111111111, delay:0.39899783664279515, throughput:16298
forward model: training agent 0.
Epoch 0: forward train average loss 0.01030851486656401.
epoch 0: forward test average loss 0.018001840346389346.
Epoch 99: forward train average loss 0.005646632156438298.
epoch 99: forward test average loss 0.01053326204419136.
inverse model, training agent 0.
epoch 0: inverse train average loss 0.16252893871731228.
epoch 0: inverse test average loss 0.28938274913363987.
epoch 99: inverse train average loss 0.004619950583825509.
epoch 99: inverse test average loss 0.006112324073910713.
forward model: training agent 1.
Epoch 0: forward train average loss 0.7300968633757697.
epoch 0: forward test average loss 0.4777722756067912.
Epoch 99: forward train average loss 0.0024612414029737315.
epoch 99: forward test average loss 0.003925821433464686.
inverse model, training agent 1.
epoch 0: inverse train average loss 0.21596174438794455.
epoch 0: inverse test average loss 0.435885230700175.
epoch 99: inverse train average loss 0.012268995659218894.
epoch 99: inverse test average loss 0.024540526171525318.
forward model: training agent 2.
Epoch 0: forward train average loss 0.7022133138444688.
epoch 0: forward test average loss 0.6562639342414008.
Epoch 99: forward train average loss 0.004060498490515683.
epoch 99: forward test average loss 0.006964777906735738.
inverse model, training agent 2.
epoch 0: inverse train average loss 0.3462188508775499.
epoch 0: inverse test average loss 0.7178492016262479.
epoch 99: inverse train average loss 0.014556400891807344.
epoch 99: inverse test average loss 0.02026498317718506.
forward model: training agent 3.
Epoch 0: forward train average loss 6.532355373733207e-13.
epoch 0: forward test average loss 2.7462292663692368e-12.
Epoch 99: forward train average loss 1.3420277379738105e-12.
epoch 99: forward test average loss 4.517500185658502e-12.
inverse model, training agent 3.
epoch 0: inverse train average loss 9.079882147489116e-06.
epoch 0: inverse test average loss 1.438086393237528e-05.
epoch 99: inverse train average loss 1.6100785716035816e-06.
epoch 99: inverse test average loss 2.5463262621390945e-06.
forward model: training agent 4.
Epoch 0: forward train average loss 0.0026427965818179976.
epoch 0: forward test average loss 0.0042072561466031605.
Epoch 99: forward train average loss 0.002459416295298272.
epoch 99: forward test average loss 0.004195012152194977.
inverse model, training agent 4.
epoch 0: inverse train average loss 0.0.
epoch 0: inverse test average loss 0.0.
epoch 99: inverse train average loss 0.0.
epoch 99: inverse test average loss 0.0.
forward model: training agent 5.
Epoch 0: forward train average loss 0.002699224381811089.
epoch 0: forward test average loss 0.0057573871066172915.
Epoch 99: forward train average loss 0.0023916883187161554.
epoch 99: forward test average loss 0.005354737862944603.
inverse model, training agent 5.
epoch 0: inverse train average loss 7.075404371035019e-08.
epoch 0: inverse test average loss 9.054509043772264e-09.
epoch 99: inverse train average loss 1.27525519823874e-08.
epoch 99: inverse test average loss 5.1740139950240405e-11.
forward model: training agent 6.
Epoch 0: forward train average loss 0.022189215653472476.
epoch 0: forward test average loss 0.02582328932152854.
Epoch 99: forward train average loss 0.006545922822422451.
epoch 99: forward test average loss 0.011798451758093305.
inverse model, training agent 6.
epoch 0: inverse train average loss 0.007261766017311149.
epoch 0: inverse test average loss 0.008677100762724876.
epoch 99: inverse train average loss 0.006059789409240087.
epoch 99: inverse test average loss 0.011350296437740326.
forward model: training agent 7.
Epoch 0: forward train average loss 0.010715143548117744.
epoch 0: forward test average loss 0.014013244873947568.
Epoch 99: forward train average loss 0.004569642452730073.
epoch 99: forward test average loss 0.00760871958401468.
inverse model, training agent 7.
epoch 0: inverse train average loss 0.0007535548130464223.
epoch 0: inverse test average loss 0.0008443298801365825.
epoch 99: inverse train average loss 0.0004817505897436705.
epoch 99: inverse test average loss 0.0009243292992727624.
forward model: training agent 8.
Epoch 0: forward train average loss 0.003189171767897076.
epoch 0: forward test average loss 0.004464797882570161.
Epoch 99: forward train average loss 0.002229975355375144.
epoch 99: forward test average loss 0.0036559075944953496.
inverse model, training agent 8.
epoch 0: inverse train average loss 1.4602455091032123e-06.
epoch 0: inverse test average loss 3.998373440734011e-06.
epoch 99: inverse train average loss 3.082403247213329e-07.
epoch 99: inverse test average loss 1.132268228805818e-06.
forward model: training agent 9.
Epoch 0: forward train average loss 0.004524381210406621.
epoch 0: forward test average loss 0.006625813535518116.
Epoch 99: forward train average loss 0.004077610611501668.
epoch 99: forward test average loss 0.006283060337106387.
inverse model, training agent 9.
epoch 0: inverse train average loss 0.0012654767552804616.
epoch 0: inverse test average loss 0.001514266341574613.
epoch 99: inverse train average loss 0.000592554696292306.
epoch 99: inverse test average loss 0.0027931882068514824.
forward model: training agent 10.
Epoch 0: forward train average loss 0.005211561090416378.
epoch 0: forward test average loss 0.008630232678519355.
Epoch 99: forward train average loss 0.004458535876539018.
epoch 99: forward test average loss 0.008202201790279813.
inverse model, training agent 10.
epoch 0: inverse train average loss 0.0051144515681597925.
epoch 0: inverse test average loss 0.005882797866231865.
epoch 99: inverse train average loss 0.002705070216001736.
epoch 99: inverse test average loss 0.005453767254948616.
forward model: training agent 11.
Epoch 0: forward train average loss 0.005470520713263088.
epoch 0: forward test average loss 0.009723019268777635.
Epoch 99: forward train average loss 0.004227185207936499.
epoch 99: forward test average loss 0.007856172406011157.
inverse model, training agent 11.
epoch 0: inverse train average loss 0.0009615093392009536.
epoch 0: inverse test average loss 0.002123087178915739.
epoch 99: inverse train average loss 0.00060947694712215.
epoch 99: inverse test average loss 0.0010672410329182942.
forward model: training agent 12.
Epoch 0: forward train average loss 0.0014569547881061833.
epoch 0: forward test average loss 0.0023186011239886284.
Epoch 99: forward train average loss 0.0013597374005864065.
epoch 99: forward test average loss 0.002366073429584503.
inverse model, training agent 12.
epoch 0: inverse train average loss 0.000755720646894689.
epoch 0: inverse test average loss 0.00021241201548289409.
epoch 99: inverse train average loss 0.00032428527548391785.
epoch 99: inverse test average loss 0.00013831826800014824.
forward model: training agent 13.
Epoch 0: forward train average loss 0.002331859613251355.
epoch 0: forward test average loss 0.003937989059421752.
Epoch 99: forward train average loss 0.0021199091699802214.
epoch 99: forward test average loss 0.003368174967666467.
inverse model, training agent 13.
epoch 0: inverse train average loss 0.039389212098386556.
epoch 0: inverse test average loss 0.06235494712988535.
epoch 99: inverse train average loss 0.0009084897400397393.
epoch 99: inverse test average loss 0.006261895371911426.
forward model: training agent 14.
Epoch 0: forward train average loss 0.006095927312142319.
epoch 0: forward test average loss 0.008963303433524238.
Epoch 99: forward train average loss 0.004425065178010199.
epoch 99: forward test average loss 0.007580028225978215.
inverse model, training agent 14.
epoch 0: inverse train average loss 0.00025710944035179127.
epoch 0: inverse test average loss 0.0015184349483913845.
epoch 99: inverse train average loss 6.417651633859715e-05.
epoch 99: inverse test average loss 0.011761796634850687.
forward model: training agent 15.
Epoch 0: forward train average loss 0.0061836206457681125.
epoch 0: forward test average loss 0.0105121239191956.
Epoch 99: forward train average loss 0.004249585378501151.
epoch 99: forward test average loss 0.007926918980148103.
inverse model, training agent 15.
epoch 0: inverse train average loss 0.0059983693063259125.
epoch 0: inverse test average loss 0.008428182452917099.
epoch 99: inverse train average loss 0.002359061708880795.
epoch 99: inverse test average loss 0.005182916712429788.
Policy training episode: 31, grounded actions taken: 5760, last two uncertainties: {0: [0.0, 0.0], 1: [0.0, 0.0], 2: [0.0, 0.0], 3: [0.0, 0.0], 4: [0.0, 0.0], 5: [0.0, 0.0], 6: [0.0, 0.0], 7: [0.0, 0.0], 8: [0.0, 0.0], 9: [0.0, 0.0], 10: [0.0, 0.0], 11: [0.0, 0.0], 12: [0.0, 0.0], 13: [0.0, 0.0], 14: [0.0, 0.0], 15: [0.0, 0.0]}, avg agent uncertainties: [0.0, 0.0, 0.0, 0.0, 0.0, 0.0, 0.0, 0.0, 0.0, 0.0, 0.0, 0.0, 0.0, 0.0, 0.0, 0.0], grounded actions by agent: [360, 360, 360, 360, 360, 360, 360, 360, 360, 360, 360, 360, 360, 360, 360, 360]
Policy training episode: 31, iteration 0/1, policy training avg travel time:277.3130817318824, q_loss:616.8091430664062, rewards:-540.3327690972222, queue:50.81197916666667, delay:0.488714345296224, throughput:18674
Sim Rollout episode:32/100, sim avg travel time:539.4230003242092, rewards:-477.1658420138889, queue:90.65399305555556, delay:0.4834883371988932, throughput:15511
Real rollout step:32/100, travel time:199.46744612563043, rewards:-350.50529513888887, queue:29.34548611111111, delay:0.4253888871934679, throughput:16230
forward model: training agent 0.
Epoch 0: forward train average loss 0.02026728271610207.
epoch 0: forward test average loss 0.026105288830068376.
Epoch 99: forward train average loss 0.006337406010263496.
epoch 99: forward test average loss 0.011726099997758865.
inverse model, training agent 0.
epoch 0: inverse train average loss 0.002012644170059098.
epoch 0: inverse test average loss 0.0025559289173947442.
epoch 99: inverse train average loss 0.0008235125537289099.
epoch 99: inverse test average loss 0.00021596878327222334.
forward model: training agent 1.
Epoch 0: forward train average loss 0.022271048381096788.
epoch 0: forward test average loss 0.014551096492343478.
Epoch 99: forward train average loss 0.0021102666440937254.
epoch 99: forward test average loss 0.003982534839047326.
inverse model, training agent 1.
epoch 0: inverse train average loss 0.011003866377804015.
epoch 0: inverse test average loss 0.012716662552621629.
epoch 99: inverse train average loss 0.0066652050655749105.
epoch 99: inverse test average loss 0.014109964585966535.
forward model: training agent 2.
Epoch 0: forward train average loss 0.015315495224462615.
epoch 0: forward test average loss 0.01878826982445187.
Epoch 99: forward train average loss 0.0036848200381629998.
epoch 99: forward test average loss 0.00811234095858203.
inverse model, training agent 2.
epoch 0: inverse train average loss 0.02425262290570471.
epoch 0: inverse test average loss 0.03883293436633216.
epoch 99: inverse train average loss 0.0022043834129969278.
epoch 99: inverse test average loss 0.002486235669089688.
forward model: training agent 3.
Epoch 0: forward train average loss 2.1039347781331985e-11.
epoch 0: forward test average loss 2.061864876365702e-10.
Epoch 99: forward train average loss 3.737819082028082e-11.
epoch 99: forward test average loss 7.945414696545565e-11.
inverse model, training agent 3.
epoch 0: inverse train average loss 1.580692848316782e-06.
epoch 0: inverse test average loss 2.503282101113453e-06.
epoch 99: inverse train average loss 2.450395647378577e-07.
epoch 99: inverse test average loss 3.8742746255593374e-07.
forward model: training agent 4.
Epoch 0: forward train average loss 0.0030483504653804833.
epoch 0: forward test average loss 0.005426976622806655.
Epoch 99: forward train average loss 0.0026207175881912312.
epoch 99: forward test average loss 0.004367023292515013.
inverse model, training agent 4.
epoch 0: inverse train average loss 1.940255055386962e-11.
epoch 0: inverse test average loss 0.0.
epoch 99: inverse train average loss 1.293503421657189e-11.
epoch 99: inverse test average loss 0.0.
forward model: training agent 5.
Epoch 0: forward train average loss 0.004375437533275949.
epoch 0: forward test average loss 0.006903007005651792.
Epoch 99: forward train average loss 0.0023424633416450685.
epoch 99: forward test average loss 0.005066746638880836.
inverse model, training agent 5.
epoch 0: inverse train average loss 1.892753666145176e-08.
epoch 0: inverse test average loss 2.0696055980096162e-10.
epoch 99: inverse train average loss 3.007317456788567e-09.
epoch 99: inverse test average loss 0.0.
forward model: training agent 6.
Epoch 0: forward train average loss 0.0270969457924366.
epoch 0: forward test average loss 0.02999007370736864.
Epoch 99: forward train average loss 0.005917283292445872.
epoch 99: forward test average loss 0.010690682464175753.
inverse model, training agent 6.
epoch 0: inverse train average loss 0.012212393391463492.
epoch 0: inverse test average loss 0.017896686991055805.
epoch 99: inverse train average loss 0.0027051851049893433.
epoch 99: inverse test average loss 0.0071005020290613174.
forward model: training agent 7.
Epoch 0: forward train average loss 0.02121629731522666.
epoch 0: forward test average loss 0.028096395234266918.
Epoch 99: forward train average loss 0.004698119229740567.
epoch 99: forward test average loss 0.007535422427786721.
inverse model, training agent 7.
epoch 0: inverse train average loss 0.0005592129827063116.
epoch 0: inverse test average loss 0.000564808928174898.
epoch 99: inverse train average loss 0.0004098130803969171.
epoch 99: inverse test average loss 0.0005992108231617345.
forward model: training agent 8.
Epoch 0: forward train average loss 0.002480766787711117.
epoch 0: forward test average loss 0.004343761338127984.
Epoch 99: forward train average loss 0.0022657074085954162.
epoch 99: forward test average loss 0.004310307196444935.
inverse model, training agent 8.
epoch 0: inverse train average loss 1.5361208180032627e-06.
epoch 0: inverse test average loss 1.0588508416731202e-06.
epoch 99: inverse train average loss 1.9444472343366215e-07.
epoch 99: inverse test average loss 1.4423238867935752e-06.
forward model: training agent 9.
Epoch 0: forward train average loss 0.0043193261242575115.
epoch 0: forward test average loss 0.005532317070497407.
Epoch 99: forward train average loss 0.004050545446160767.
epoch 99: forward test average loss 0.00595876926349269.
inverse model, training agent 9.
epoch 0: inverse train average loss 0.004091866883552737.
epoch 0: inverse test average loss 0.0035931350559824044.
epoch 99: inverse train average loss 0.0020397677370864484.
epoch 99: inverse test average loss 0.0012996490630838606.
forward model: training agent 10.
Epoch 0: forward train average loss 0.004778931434783671.
epoch 0: forward test average loss 0.006650781879822413.
Epoch 99: forward train average loss 0.00430670768643419.
epoch 99: forward test average loss 0.007686162988344829.
inverse model, training agent 10.
epoch 0: inverse train average loss 0.006727515823311276.
epoch 0: inverse test average loss 0.008530259132385254.
epoch 99: inverse train average loss 0.003060780931264162.
epoch 99: inverse test average loss 0.0037223598402407435.
forward model: training agent 11.
Epoch 0: forward train average loss 0.00849529117759731.
epoch 0: forward test average loss 0.011767774406406615.
Epoch 99: forward train average loss 0.0046699936501681805.
epoch 99: forward test average loss 0.007939489351378547.
inverse model, training agent 11.
epoch 0: inverse train average loss 0.0009651710602661802.
epoch 0: inverse test average loss 0.0003598656880462335.
epoch 99: inverse train average loss 0.000477835096211897.
epoch 99: inverse test average loss 0.001487954571429226.
forward model: training agent 12.
Epoch 0: forward train average loss 0.0014485881094717318.
epoch 0: forward test average loss 0.0024486230686306953.
Epoch 99: forward train average loss 0.0014415262525694238.
epoch 99: forward test average loss 0.0023927371948957443.
inverse model, training agent 12.
epoch 0: inverse train average loss 0.032040721426407494.
epoch 0: inverse test average loss 0.038558254639307656.
epoch 99: inverse train average loss 5.970018416216286e-05.
epoch 99: inverse test average loss 0.0002987398474942893.
forward model: training agent 13.
Epoch 0: forward train average loss 0.002333139276338948.
epoch 0: forward test average loss 0.003688113143046697.
Epoch 99: forward train average loss 0.0021564397288279403.
epoch 99: forward test average loss 0.003588774965869056.
inverse model, training agent 13.
epoch 0: inverse train average loss 0.120896824532085.
epoch 0: inverse test average loss 0.1566392050849067.
epoch 99: inverse train average loss 0.006291360697812504.
epoch 99: inverse test average loss 0.0047824399338828195.
forward model: training agent 14.
Epoch 0: forward train average loss 0.005242748496433099.
epoch 0: forward test average loss 0.007039507230122884.
Epoch 99: forward train average loss 0.0044013128822876346.
epoch 99: forward test average loss 0.006804394639200634.
inverse model, training agent 14.
epoch 0: inverse train average loss 9.46045401456609e-05.
epoch 0: inverse test average loss 0.00012897556745075336.
epoch 99: inverse train average loss 3.247269963436223e-05.
epoch 99: inverse test average loss 1.102101911480228e-05.
forward model: training agent 15.
Epoch 0: forward train average loss 0.014022827976279788.
epoch 0: forward test average loss 0.018907686074574787.
Epoch 99: forward train average loss 0.004689141331861417.
epoch 99: forward test average loss 0.007210697564813826.
inverse model, training agent 15.
epoch 0: inverse train average loss 0.004274921491742134.
epoch 0: inverse test average loss 0.004796410134683053.
epoch 99: inverse train average loss 0.003044070831189553.
epoch 99: inverse test average loss 0.004589869123366144.
Policy training episode: 32, grounded actions taken: 5760, last two uncertainties: {0: [0.0, 0.0], 1: [0.0, 0.0], 2: [0.0, 0.0], 3: [0.0, 0.0], 4: [0.0, 0.0], 5: [0.0, 0.0], 6: [0.0, 0.0], 7: [0.0, 0.0], 8: [0.0, 0.0], 9: [0.0, 0.0], 10: [0.0, 0.0], 11: [0.0, 0.0], 12: [0.0, 0.0], 13: [0.0, 0.0], 14: [0.0, 0.0], 15: [0.0, 0.0]}, avg agent uncertainties: [0.0, 0.0, 0.0, 0.0, 0.0, 0.0, 0.0, 0.0, 0.0, 0.0, 0.0, 0.0, 0.0, 0.0, 0.0, 0.0], grounded actions by agent: [360, 360, 360, 360, 360, 360, 360, 360, 360, 360, 360, 360, 360, 360, 360, 360]
Policy training episode: 32, iteration 0/1, policy training avg travel time:170.33285489397167, q_loss:607.4087524414062, rewards:-363.56942274305555, queue:28.425173611111113, delay:0.44604996575249567, throughput:20241
Sim Rollout episode:33/100, sim avg travel time:564.0621207208042, rewards:-497.56080729166666, queue:95.94635416666667, delay:0.5040292527940539, throughput:15148
Real rollout step:33/100, travel time:400.6912921896339, rewards:-503.7862847222222, queue:65.41267361111112, delay:0.4559265560574002, throughput:12965
forward model: training agent 0.
Epoch 0: forward train average loss 0.0076616499572992325.
epoch 0: forward test average loss 0.010506891955931982.
Epoch 99: forward train average loss 0.0044314371835854315.
epoch 99: forward test average loss 0.007676847692992952.
inverse model, training agent 0.
epoch 0: inverse train average loss 0.00040577544778999355.
epoch 0: inverse test average loss 0.009800526210003428.
epoch 99: inverse train average loss 0.00029735421170092496.
epoch 99: inverse test average loss 0.0023636348390330872.
forward model: training agent 1.
Epoch 0: forward train average loss 0.04257697860399882.
epoch 0: forward test average loss 0.02611955420838462.
Epoch 99: forward train average loss 0.0021774584375735787.
epoch 99: forward test average loss 0.004721398568815655.
inverse model, training agent 1.
epoch 0: inverse train average loss 0.01522424320379893.
epoch 0: inverse test average loss 0.034220269984669156.
epoch 99: inverse train average loss 0.010373417081104385.
epoch 99: inverse test average loss 0.015004009008407593.
forward model: training agent 2.
Epoch 0: forward train average loss 0.06704668369558123.
epoch 0: forward test average loss 0.07166702548662822.
Epoch 99: forward train average loss 0.0031961440626117918.
epoch 99: forward test average loss 0.005043216256631745.
inverse model, training agent 2.
epoch 0: inverse train average loss 0.0027099864091724157.
epoch 0: inverse test average loss 0.0037987341897355188.
epoch 99: inverse train average loss 0.0008698101608186132.
epoch 99: inverse test average loss 0.0014632554957643151.
forward model: training agent 3.
Epoch 0: forward train average loss 9.22175214277152e-11.
epoch 0: forward test average loss 1.714156779482797e-10.
Epoch 99: forward train average loss 7.856752049382693e-13.
epoch 99: forward test average loss 8.202821138386045e-13.
inverse model, training agent 3.
epoch 0: inverse train average loss 2.4048649215223526e-07.
epoch 0: inverse test average loss 3.8080488846187814e-07.
epoch 99: inverse train average loss 3.3113659962206533e-08.
epoch 99: inverse test average loss 5.2981855939530455e-08.
forward model: training agent 4.
Epoch 0: forward train average loss 0.09971558882130517.
epoch 0: forward test average loss 0.1347159809536404.
Epoch 99: forward train average loss 0.0030250560699237716.
epoch 99: forward test average loss 0.005909937123457591.
inverse model, training agent 4.
epoch 0: inverse train average loss 0.0.
epoch 0: inverse test average loss 0.0.
epoch 99: inverse train average loss 0.0.
epoch 99: inverse test average loss 0.0.
forward model: training agent 5.
Epoch 0: forward train average loss 0.3407618006070455.
epoch 0: forward test average loss 0.3413178126017253.
Epoch 99: forward train average loss 0.003652766088230742.
epoch 99: forward test average loss 0.00610830614136325.
inverse model, training agent 5.
epoch 0: inverse train average loss 4.915291383787866e-10.
epoch 0: inverse test average loss 0.0.
epoch 99: inverse train average loss 2.2636265701376285e-10.
epoch 99: inverse test average loss 0.0.
forward model: training agent 6.
Epoch 0: forward train average loss 0.047288280394342214.
epoch 0: forward test average loss 0.07894784212112427.
Epoch 99: forward train average loss 0.006389698738025295.
epoch 99: forward test average loss 0.00996068740884463.
inverse model, training agent 6.
epoch 0: inverse train average loss 0.007644056083841456.
epoch 0: inverse test average loss 0.03116935056944688.
epoch 99: inverse train average loss 0.002767781080264184.
epoch 99: inverse test average loss 0.0022964037230445277.
forward model: training agent 7.
Epoch 0: forward train average loss 0.011571324637366666.
epoch 0: forward test average loss 0.013389183001385795.
Epoch 99: forward train average loss 0.004469045903533697.
epoch 99: forward test average loss 0.006489207968115807.
inverse model, training agent 7.
epoch 0: inverse train average loss 0.0026664568059560326.
epoch 0: inverse test average loss 0.0027841486347218356.
epoch 99: inverse train average loss 0.0009136221940732665.
epoch 99: inverse test average loss 0.0024986048746440145.
forward model: training agent 8.
Epoch 0: forward train average loss 0.002498315129843023.
epoch 0: forward test average loss 0.004477510435713662.
Epoch 99: forward train average loss 0.0022304699652724797.
epoch 99: forward test average loss 0.004010163868467013.
inverse model, training agent 8.
epoch 0: inverse train average loss 1.862225263475163e-05.
epoch 0: inverse test average loss 1.5743828245540215e-06.
epoch 99: inverse train average loss 2.0952809462768426e-07.
epoch 99: inverse test average loss 1.4878124198326582e-06.
forward model: training agent 9.
Epoch 0: forward train average loss 0.004366303069723977.
epoch 0: forward test average loss 0.006787563777632183.
Epoch 99: forward train average loss 0.004024864588346746.
epoch 99: forward test average loss 0.00721789730919732.
inverse model, training agent 9.
epoch 0: inverse train average loss 0.0037876785111924014.
epoch 0: inverse test average loss 0.005870486557897594.
epoch 99: inverse train average loss 0.002306771800956792.
epoch 99: inverse test average loss 0.003490235527149505.
forward model: training agent 10.
Epoch 0: forward train average loss 0.004586047596401638.
epoch 0: forward test average loss 0.0067858219974570805.
Epoch 99: forward train average loss 0.004189279913488362.
epoch 99: forward test average loss 0.007242228007978863.
inverse model, training agent 10.
epoch 0: inverse train average loss 0.007402414559490151.
epoch 0: inverse test average loss 0.007966100548704466.
epoch 99: inverse train average loss 0.0031113733227054277.
epoch 99: inverse test average loss 0.005409172425667445.
forward model: training agent 11.
Epoch 0: forward train average loss 0.02297234038511912.
epoch 0: forward test average loss 0.029228566421402827.
Epoch 99: forward train average loss 0.004211688310735756.
epoch 99: forward test average loss 0.0064629556404219735.
inverse model, training agent 11.
epoch 0: inverse train average loss 0.0005324008913400272.
epoch 0: inverse test average loss 0.0004238567392652233.
epoch 99: inverse train average loss 0.0003419516498171207.
epoch 99: inverse test average loss 0.00021022849573960734.
forward model: training agent 12.
Epoch 0: forward train average loss 1.9674588574303522.
epoch 0: forward test average loss 2.8291779624091253.
Epoch 99: forward train average loss 0.005091067144854201.
epoch 99: forward test average loss 0.009402110758754943.
inverse model, training agent 12.
epoch 0: inverse train average loss 0.0007136821731200547.
epoch 0: inverse test average loss 1.860570591816213e-06.
epoch 99: inverse train average loss 0.00010747190875311692.
epoch 99: inverse test average loss 2.399596441035909e-05.
forward model: training agent 13.
Epoch 0: forward train average loss 4.813128365410699.
epoch 0: forward test average loss 5.41821649339464.
Epoch 99: forward train average loss 0.008296665218141343.
epoch 99: forward test average loss 0.019434751735793218.
inverse model, training agent 13.
epoch 0: inverse train average loss 0.364184922642178.
epoch 0: inverse test average loss 0.5253099335564507.
epoch 99: inverse train average loss 0.0011132809126542674.
epoch 99: inverse test average loss 0.003435917664319277.
forward model: training agent 14.
Epoch 0: forward train average loss 9.706495496961805.
epoch 0: forward test average loss 11.327682071261936.
Epoch 99: forward train average loss 0.09660912387900883.
epoch 99: forward test average loss 0.1900645891825358.
inverse model, training agent 14.
epoch 0: inverse train average loss 0.26742494768566555.
epoch 0: inverse test average loss 0.5718137820561727.
epoch 99: inverse train average loss 0.001015203716411703.
epoch 99: inverse test average loss 0.0031375521519092014.
forward model: training agent 15.
Epoch 0: forward train average loss 2.807570563422309.
epoch 0: forward test average loss 3.759136093987359.
Epoch 99: forward train average loss 0.022415013776885137.
epoch 99: forward test average loss 0.037561741140153676.
inverse model, training agent 15.
epoch 0: inverse train average loss 0.004691286322971185.
epoch 0: inverse test average loss 0.0064040300332837636.
epoch 99: inverse train average loss 0.003121627235992087.
epoch 99: inverse test average loss 0.006304760773976644.
Policy training episode: 33, grounded actions taken: 5760, last two uncertainties: {0: [0.0, 0.0], 1: [0.0, 0.0], 2: [0.0, 0.0], 3: [0.0, 0.0], 4: [0.0, 0.0], 5: [0.0, 0.0], 6: [0.0, 0.0], 7: [0.0, 0.0], 8: [0.0, 0.0], 9: [0.0, 0.0], 10: [0.0, 0.0], 11: [0.0, 0.0], 12: [0.0, 0.0], 13: [0.0, 0.0], 14: [0.0, 0.0], 15: [0.0, 0.0]}, avg agent uncertainties: [0.0, 0.0, 0.0, 0.0, 0.0, 0.0, 0.0, 0.0, 0.0, 0.0, 0.0, 0.0, 0.0, 0.0, 0.0, 0.0], grounded actions by agent: [360, 360, 360, 360, 360, 360, 360, 360, 360, 360, 360, 360, 360, 360, 360, 360]
Policy training episode: 33, iteration 0/1, policy training avg travel time:432.3047283841986, q_loss:591.0962524414062, rewards:-468.46875, queue:60.73090277777778, delay:0.4923614501953125, throughput:17125
Sim Rollout episode:34/100, sim avg travel time:511.1356309060589, rewards:-468.7309895833333, queue:91.47725694444445, delay:0.4710411071777344, throughput:15753
Real rollout step:34/100, travel time:165.1118460944821, rewards:-297.27024739583334, queue:23.72222222222222, delay:0.39016278584798175, throughput:17041
forward model: training agent 0.
Epoch 0: forward train average loss 0.020776497821013134.
epoch 0: forward test average loss 0.02371701846520106.
Epoch 99: forward train average loss 0.006622219561702675.
epoch 99: forward test average loss 0.01120885420176718.
inverse model, training agent 0.
epoch 0: inverse train average loss 0.0005845169192374063.
epoch 0: inverse test average loss 0.0008756413654838172.
epoch 99: inverse train average loss 0.00044541139019808423.
epoch 99: inverse test average loss 0.0006190686221493201.
forward model: training agent 1.
Epoch 0: forward train average loss 0.125155003534423.
epoch 0: forward test average loss 0.08246743347909716.
Epoch 99: forward train average loss 0.0063186949118971825.
epoch 99: forward test average loss 0.012608360913064744.
inverse model, training agent 1.
epoch 0: inverse train average loss 0.011433445641563999.
epoch 0: inverse test average loss 0.01979544096522861.
epoch 99: inverse train average loss 0.006602524262335565.
epoch 99: inverse test average loss 0.01033017784357071.
forward model: training agent 2.
Epoch 0: forward train average loss 0.28183652295006645.
epoch 0: forward test average loss 0.3247925837834676.
Epoch 99: forward train average loss 0.005495893768966198.
epoch 99: forward test average loss 0.01132338907983568.
inverse model, training agent 2.
epoch 0: inverse train average loss 0.07016038397947948.
epoch 0: inverse test average loss 0.09505958027309841.
epoch 99: inverse train average loss 0.015887986454698775.
epoch 99: inverse test average loss 0.024328457812468212.
forward model: training agent 3.
Epoch 0: forward train average loss 6.036022075198309e-13.
epoch 0: forward test average loss 1.2537199287991167e-12.
Epoch 99: forward train average loss 3.0530883377011264e-11.
epoch 99: forward test average loss 7.194360847802746e-11.
inverse model, training agent 3.
epoch 0: inverse train average loss 3.3113659962206533e-08.
epoch 0: inverse test average loss 5.2981855939530455e-08.
epoch 99: inverse train average loss 4.139211196019232e-09.
epoch 99: inverse test average loss 6.622737913630772e-09.
forward model: training agent 4.
Epoch 0: forward train average loss 0.0031157396216359404.
epoch 0: forward test average loss 0.0035720024671819475.
Epoch 99: forward train average loss 0.0028941757563087675.
epoch 99: forward test average loss 0.003663865849375725.
inverse model, training agent 4.
epoch 0: inverse train average loss 0.0.
epoch 0: inverse test average loss 0.0.
epoch 99: inverse train average loss 0.0.
epoch 99: inverse test average loss 0.0.
forward model: training agent 5.
Epoch 0: forward train average loss 0.004633604134950373.
epoch 0: forward test average loss 0.00660485608710183.
Epoch 99: forward train average loss 0.0030760267335507604.
epoch 99: forward test average loss 0.004865069149268998.
inverse model, training agent 5.
epoch 0: inverse train average loss 2.5870009838039704e-10.
epoch 0: inverse test average loss 0.0.
epoch 99: inverse train average loss 9.054517629496989e-11.
epoch 99: inverse test average loss 0.0.
forward model: training agent 6.
Epoch 0: forward train average loss 0.20212553607092965.
epoch 0: forward test average loss 0.20789290799034965.
Epoch 99: forward train average loss 0.01203673891723156.
epoch 99: forward test average loss 0.018796716299321916.
inverse model, training agent 6.
epoch 0: inverse train average loss 0.08895087738831838.
epoch 0: inverse test average loss 0.1368362738026513.
epoch 99: inverse train average loss 0.007555725259913338.
epoch 99: inverse test average loss 0.010885224160220888.
forward model: training agent 7.
Epoch 0: forward train average loss 0.02694229781627655.
epoch 0: forward test average loss 0.02736921774016486.
Epoch 99: forward train average loss 0.006042803327242534.
epoch 99: forward test average loss 0.009122378296322294.
inverse model, training agent 7.
epoch 0: inverse train average loss 0.0077687568134731716.
epoch 0: inverse test average loss 0.003565282250444094.
epoch 99: inverse train average loss 0.0004093810922414478.
epoch 99: inverse test average loss 0.0007998013687837455.
forward model: training agent 8.
Epoch 0: forward train average loss 0.0025364041535390746.
epoch 0: forward test average loss 0.0044294603996806675.
Epoch 99: forward train average loss 0.0022856409454511274.
epoch 99: forward test average loss 0.003959297926889526.
inverse model, training agent 8.
epoch 0: inverse train average loss 0.0004323626858927633.
epoch 0: inverse test average loss 3.39558820187966e-05.
epoch 99: inverse train average loss 1.8050384518038715e-05.
epoch 99: inverse test average loss 0.00015139522858693196.
forward model: training agent 9.
Epoch 0: forward train average loss 0.004287774726334546.
epoch 0: forward test average loss 0.005747854916585816.
Epoch 99: forward train average loss 0.00402800961294108.
epoch 99: forward test average loss 0.006509234093957477.
inverse model, training agent 9.
epoch 0: inverse train average loss 0.0003014133176798674.
epoch 0: inverse test average loss 0.00017760839546099305.
epoch 99: inverse train average loss 3.717015473133264e-05.
epoch 99: inverse test average loss 0.0001257400585422551.
forward model: training agent 10.
Epoch 0: forward train average loss 0.004636464743978447.
epoch 0: forward test average loss 0.006940024801426464.
Epoch 99: forward train average loss 0.004371211708833774.
epoch 99: forward test average loss 0.007442831372221311.
inverse model, training agent 10.
epoch 0: inverse train average loss 0.003505075867805216.
epoch 0: inverse test average loss 0.005152647486991352.
epoch 99: inverse train average loss 0.002363229196311699.
epoch 99: inverse test average loss 0.004489000472757552.
forward model: training agent 11.
Epoch 0: forward train average loss 0.006862825921012295.
epoch 0: forward test average loss 0.009945024218824174.
Epoch 99: forward train average loss 0.004048602759010262.
epoch 99: forward test average loss 0.006728864792320464.
inverse model, training agent 11.
epoch 0: inverse train average loss 0.0007357010844215336.
epoch 0: inverse test average loss 0.0005191027238551113.
epoch 99: inverse train average loss 0.0003382001887075603.
epoch 99: inverse test average loss 0.0005703192178366913.
forward model: training agent 12.
Epoch 0: forward train average loss 0.01915522664785385.
epoch 0: forward test average loss 0.029960749877823725.
Epoch 99: forward train average loss 0.0015624530561682251.
epoch 99: forward test average loss 0.002668508431977696.
inverse model, training agent 12.
epoch 0: inverse train average loss 0.00011164594616275281.
epoch 0: inverse test average loss 6.602351398517688e-05.
epoch 99: inverse train average loss 4.443806732170843e-06.
epoch 99: inverse test average loss 8.351898436052984e-07.
forward model: training agent 13.
Epoch 0: forward train average loss 0.01323406377600299.
epoch 0: forward test average loss 0.02089892245001263.
Epoch 99: forward train average loss 0.0023113380496700606.
epoch 99: forward test average loss 0.0035653685530026755.
inverse model, training agent 13.
epoch 0: inverse train average loss 0.047732383012771606.
epoch 0: inverse test average loss 0.03475643280479643.
epoch 99: inverse train average loss 0.0032487978848318257.
epoch 99: inverse test average loss 0.0043836844464143114.
forward model: training agent 14.
Epoch 0: forward train average loss 0.17158418893814087.
epoch 0: forward test average loss 0.22779859436882866.
Epoch 99: forward train average loss 0.004996950634651714.
epoch 99: forward test average loss 0.007690890795654721.
inverse model, training agent 14.
epoch 0: inverse train average loss 0.0008013204068851557.
epoch 0: inverse test average loss 4.4068330813236876e-05.
epoch 99: inverse train average loss 0.000501508821748252.
epoch 99: inverse test average loss 0.0007296857527560658.
forward model: training agent 15.
Epoch 0: forward train average loss 0.47585729095670914.
epoch 0: forward test average loss 0.5463308758205838.
Epoch 99: forward train average loss 0.005142364961405595.
epoch 99: forward test average loss 0.009420094390710195.
inverse model, training agent 15.
epoch 0: inverse train average loss 0.003670051564565963.
epoch 0: inverse test average loss 0.013776022113031812.
epoch 99: inverse train average loss 0.0023343229355911412.
epoch 99: inverse test average loss 0.00585251363615195.
Policy training episode: 34, grounded actions taken: 5760, last two uncertainties: {0: [0.0, 0.0], 1: [0.0, 0.0], 2: [0.0, 0.0], 3: [0.0, 0.0], 4: [0.0, 0.0], 5: [0.0, 0.0], 6: [0.0, 0.0], 7: [0.0, 0.0], 8: [0.0, 0.0], 9: [0.0, 0.0], 10: [0.0, 0.0], 11: [0.0, 0.0], 12: [0.0, 0.0], 13: [0.0, 0.0], 14: [0.0, 0.0], 15: [0.0, 0.0]}, avg agent uncertainties: [0.0, 0.0, 0.0, 0.0, 0.0, 0.0, 0.0, 0.0, 0.0, 0.0, 0.0, 0.0, 0.0, 0.0, 0.0, 0.0], grounded actions by agent: [360, 360, 360, 360, 360, 360, 360, 360, 360, 360, 360, 360, 360, 360, 360, 360]
Policy training episode: 34, iteration 0/1, policy training avg travel time:191.0244986801278, q_loss:543.4170532226562, rewards:-454.40303819444443, queue:36.41736111111111, delay:0.45446637471516926, throughput:19665
Sim Rollout episode:35/100, sim avg travel time:490.99898091532333, rewards:-446.1780815972222, queue:84.19461805555555, delay:0.4738196478949653, throughput:16130
Real rollout step:35/100, travel time:173.10092351932755, rewards:-306.4833550347222, queue:26.423090277777778, delay:0.40488238864474824, throughput:16904
forward model: training agent 0.
Epoch 0: forward train average loss 0.011712217289540503.
epoch 0: forward test average loss 0.017420911954508886.
Epoch 99: forward train average loss 0.006927050339678924.
epoch 99: forward test average loss 0.014302357617351744.
inverse model, training agent 0.
epoch 0: inverse train average loss 0.00022139576180456465.
epoch 0: inverse test average loss 0.0006914377057303985.
epoch 99: inverse train average loss 0.00018177916455089062.
epoch 99: inverse test average loss 0.0004242949491728925.
forward model: training agent 1.
Epoch 0: forward train average loss 0.007181252973775069.
epoch 0: forward test average loss 0.012910945547951592.
Epoch 99: forward train average loss 0.0045052288721005125.
epoch 99: forward test average loss 0.009039269553290473.
inverse model, training agent 1.
epoch 0: inverse train average loss 0.00430822160301937.
epoch 0: inverse test average loss 0.005271481350064278.
epoch 99: inverse train average loss 0.0017292395932599902.
epoch 99: inverse test average loss 0.002245142176333401.
forward model: training agent 2.
Epoch 0: forward train average loss 0.011535631182293097.
epoch 0: forward test average loss 0.01504968148138788.
Epoch 99: forward train average loss 0.004892956568962998.
epoch 99: forward test average loss 0.008879964550336203.
inverse model, training agent 2.
epoch 0: inverse train average loss 0.025808872034152348.
epoch 0: inverse test average loss 0.03999492360485925.
epoch 99: inverse train average loss 0.007278745476570394.
epoch 99: inverse test average loss 0.008465302073293261.
forward model: training agent 3.
Epoch 0: forward train average loss 2.1513041300155435e-11.
epoch 0: forward test average loss 3.240573704438927e-11.
Epoch 99: forward train average loss 3.61805554651953e-11.
epoch 99: forward test average loss 2.1120278365711126e-10.
inverse model, training agent 3.
epoch 0: inverse train average loss 4.139211196019232e-09.
epoch 0: inverse test average loss 6.622737913630772e-09.
epoch 99: inverse train average loss 0.0.
epoch 99: inverse test average loss 0.0.
forward model: training agent 4.
Epoch 0: forward train average loss 0.0029105225370989907.
epoch 0: forward test average loss 0.002980722217924065.
Epoch 99: forward train average loss 0.0026493773071302306.
epoch 99: forward test average loss 0.0038680428018172583.
inverse model, training agent 4.
epoch 0: inverse train average loss 0.0.
epoch 0: inverse test average loss 0.0.
epoch 99: inverse train average loss 0.0.
epoch 99: inverse test average loss 0.0.
forward model: training agent 5.
Epoch 0: forward train average loss 0.010523467428154416.
epoch 0: forward test average loss 0.01333991727895207.
Epoch 99: forward train average loss 0.002918576304283407.
epoch 99: forward test average loss 0.00572900701728132.
inverse model, training agent 5.
epoch 0: inverse train average loss 2.845700943406489e-10.
epoch 0: inverse test average loss 0.0.
epoch 99: inverse train average loss 8.407767653391869e-11.
epoch 99: inverse test average loss 0.0.
forward model: training agent 6.
Epoch 0: forward train average loss 0.03616296003262202.
epoch 0: forward test average loss 0.04778374400403765.
Epoch 99: forward train average loss 0.006326842121779919.
epoch 99: forward test average loss 0.010387775384717517.
inverse model, training agent 6.
epoch 0: inverse train average loss 0.013023518646756807.
epoch 0: inverse test average loss 0.016029742028978135.
epoch 99: inverse train average loss 0.0036507143328587213.
epoch 99: inverse test average loss 0.006006898565424813.
forward model: training agent 7.
Epoch 0: forward train average loss 0.008532085869875219.
epoch 0: forward test average loss 0.009954688863621818.
Epoch 99: forward train average loss 0.003798501410832008.
epoch 99: forward test average loss 0.005988166150119569.
inverse model, training agent 7.
epoch 0: inverse train average loss 0.0008389663675593005.
epoch 0: inverse test average loss 0.0018612818482021491.
epoch 99: inverse train average loss 0.0005169045697483751.
epoch 99: inverse test average loss 0.0035700293050871957.
forward model: training agent 8.
Epoch 0: forward train average loss 0.0034376433533098963.
epoch 0: forward test average loss 0.005617020858658684.
Epoch 99: forward train average loss 0.002997792274173763.
epoch 99: forward test average loss 0.005049991938802931.
inverse model, training agent 8.
epoch 0: inverse train average loss 0.000607939410024806.
epoch 0: inverse test average loss 2.687866324575023e-08.
epoch 99: inverse train average loss 1.867331106571631e-05.
epoch 99: inverse test average loss 1.907797114755441e-06.
forward model: training agent 9.
Epoch 0: forward train average loss 0.005397637685139974.
epoch 0: forward test average loss 0.009382666813002693.
Epoch 99: forward train average loss 0.004732886743214395.
epoch 99: forward test average loss 0.00888468987411923.
inverse model, training agent 9.
epoch 0: inverse train average loss 0.0006745391449132714.
epoch 0: inverse test average loss 0.00010155734424996708.
epoch 99: inverse train average loss 0.0003702305467514735.
epoch 99: inverse test average loss 0.00029805037775076926.
forward model: training agent 10.
Epoch 0: forward train average loss 0.004568114255865415.
epoch 0: forward test average loss 0.007409927745660146.
Epoch 99: forward train average loss 0.004108390460411708.
epoch 99: forward test average loss 0.006346189106504123.
inverse model, training agent 10.
epoch 0: inverse train average loss 0.005801134277135134.
epoch 0: inverse test average loss 0.02101208207507928.
epoch 99: inverse train average loss 0.0030144076380464765.
epoch 99: inverse test average loss 0.005627994736035665.
forward model: training agent 11.
Epoch 0: forward train average loss 0.005786861913899581.
epoch 0: forward test average loss 0.009460967861943774.
Epoch 99: forward train average loss 0.004461669621782171.
epoch 99: forward test average loss 0.007695185641447703.
inverse model, training agent 11.
epoch 0: inverse train average loss 0.00042507680740931793.
epoch 0: inverse test average loss 0.0008861346222046348.
epoch 99: inverse train average loss 0.00020473925299787274.
epoch 99: inverse test average loss 0.00027900246075458.
forward model: training agent 12.
Epoch 0: forward train average loss 0.0016315481366796626.
epoch 0: forward test average loss 0.0023077369357148805.
Epoch 99: forward train average loss 0.0014287496968689892.
epoch 99: forward test average loss 0.0021058635579215158.
inverse model, training agent 12.
epoch 0: inverse train average loss 5.6309409867733644e-05.
epoch 0: inverse test average loss 0.0001940762913869144.
epoch 99: inverse train average loss 4.303725518184365e-06.
epoch 99: inverse test average loss 0.0003068172130345677.
forward model: training agent 13.
Epoch 0: forward train average loss 0.002285140825228559.
epoch 0: forward test average loss 0.0036249260107676187.
Epoch 99: forward train average loss 0.002110624090871877.
epoch 99: forward test average loss 0.003145451553993755.
inverse model, training agent 13.
epoch 0: inverse train average loss 0.04140383501847585.
epoch 0: inverse test average loss 0.034513639079199895.
epoch 99: inverse train average loss 0.0010822198754693898.
epoch 99: inverse test average loss 0.0017395636273754968.
forward model: training agent 14.
Epoch 0: forward train average loss 0.014034491446283128.
epoch 0: forward test average loss 0.019367149306668177.
Epoch 99: forward train average loss 0.004474918047587077.
epoch 99: forward test average loss 0.008099063403076597.
inverse model, training agent 14.
epoch 0: inverse train average loss 3.2113780940158497e-05.
epoch 0: inverse test average loss 7.598524815774807e-07.
epoch 99: inverse train average loss 6.896176500940469e-06.
epoch 99: inverse test average loss 1.0066240873938013e-06.
forward model: training agent 15.
Epoch 0: forward train average loss 0.08286373151673211.
epoch 0: forward test average loss 0.0930177370707194.
Epoch 99: forward train average loss 0.005408738739788532.
epoch 99: forward test average loss 0.009586010956101947.
inverse model, training agent 15.
epoch 0: inverse train average loss 0.00672539952211082.
epoch 0: inverse test average loss 0.008166297028462092.
epoch 99: inverse train average loss 0.003916819579899311.
epoch 99: inverse test average loss 0.011703423948751556.
Policy training episode: 35, grounded actions taken: 5760, last two uncertainties: {0: [0.0, 0.0], 1: [0.0, 0.0], 2: [0.0, 0.0], 3: [0.0, 0.0], 4: [0.0, 0.0], 5: [0.0, 0.0], 6: [0.0, 0.0], 7: [0.0, 0.0], 8: [0.0, 0.0], 9: [0.0, 0.0], 10: [0.0, 0.0], 11: [0.0, 0.0], 12: [0.0, 0.0], 13: [0.0, 0.0], 14: [0.0, 0.0], 15: [0.0, 0.0]}, avg agent uncertainties: [0.0, 0.0, 0.0, 0.0, 0.0, 0.0, 0.0, 0.0, 0.0, 0.0, 0.0, 0.0, 0.0, 0.0, 0.0, 0.0], grounded actions by agent: [360, 360, 360, 360, 360, 360, 360, 360, 360, 360, 360, 360, 360, 360, 360, 360]
Policy training episode: 35, iteration 0/1, policy training avg travel time:491.73146218331715, q_loss:505.6217956542969, rewards:-512.528125, queue:85.37326388888889, delay:0.48244684007432725, throughput:16297
Sim Rollout episode:36/100, sim avg travel time:583.6176361615413, rewards:-660.6111111111111, queue:101.6529513888889, delay:0.4885065714518229, throughput:15010
Real rollout step:36/100, travel time:415.2790304056096, rewards:-679.8285590277778, queue:85.14253472222222, delay:0.4970661163330078, throughput:13344
forward model: training agent 0.
Epoch 0: forward train average loss 0.011542611238029268.
epoch 0: forward test average loss 0.018757420281569164.
Epoch 99: forward train average loss 0.006010250809291999.
epoch 99: forward test average loss 0.012436044298940234.
inverse model, training agent 0.
epoch 0: inverse train average loss 0.00045628073005193274.
epoch 0: inverse test average loss 0.000502196448198649.
epoch 99: inverse train average loss 0.00023421840038887845.
epoch 99: inverse test average loss 0.0007872306224372652.
forward model: training agent 1.
Epoch 0: forward train average loss 0.005492213699552748.
epoch 0: forward test average loss 0.00775233366423183.
Epoch 99: forward train average loss 0.004434005046884219.
epoch 99: forward test average loss 0.008359741419553757.
inverse model, training agent 1.
epoch 0: inverse train average loss 0.007709037202099959.
epoch 0: inverse test average loss 0.008673054476579031.
epoch 99: inverse train average loss 0.004605724734978544.
epoch 99: inverse test average loss 0.005566589534282684.
forward model: training agent 2.
Epoch 0: forward train average loss 0.010989344782299466.
epoch 0: forward test average loss 0.012874066829681396.
Epoch 99: forward train average loss 0.005184578398863475.
epoch 99: forward test average loss 0.008293077763583925.
inverse model, training agent 2.
epoch 0: inverse train average loss 0.00705045885923836.
epoch 0: inverse test average loss 0.012661515838570066.
epoch 99: inverse train average loss 0.0060403865451614065.
epoch 99: inverse test average loss 0.008221658567587534.
forward model: training agent 3.
Epoch 0: forward train average loss 2.1305968100904238e-10.
epoch 0: forward test average loss 7.63317187235657e-11.
Epoch 99: forward train average loss 1.0075262443883576e-12.
epoch 99: forward test average loss 1.2204468145969748e-11.
inverse model, training agent 3.
epoch 0: inverse train average loss 0.0.
epoch 0: inverse test average loss 0.0.
epoch 99: inverse train average loss 0.0.
epoch 99: inverse test average loss 0.0.
forward model: training agent 4.
Epoch 0: forward train average loss 0.6467915111117892.
epoch 0: forward test average loss 0.8117382526397705.
Epoch 99: forward train average loss 0.015758592117991712.
epoch 99: forward test average loss 0.04852181838618384.
inverse model, training agent 4.
epoch 0: inverse train average loss 0.0.
epoch 0: inverse test average loss 0.0.
epoch 99: inverse train average loss 0.0.
epoch 99: inverse test average loss 0.0.
forward model: training agent 5.
Epoch 0: forward train average loss 0.0028688905553685296.
epoch 0: forward test average loss 0.005436026594705052.
Epoch 99: forward train average loss 0.0022846459307604367.
epoch 99: forward test average loss 0.004442337072557873.
inverse model, training agent 5.
epoch 0: inverse train average loss 0.0011099695240975162.
epoch 0: inverse test average loss 0.0.
epoch 99: inverse train average loss 0.0005936389724247901.
epoch 99: inverse test average loss 3.932246910803233e-09.
forward model: training agent 6.
Epoch 0: forward train average loss 2.717322137620714.
epoch 0: forward test average loss 3.485544628567166.
Epoch 99: forward train average loss 0.050766506128840976.
epoch 99: forward test average loss 0.10642703043089972.
inverse model, training agent 6.
epoch 0: inverse train average loss 0.10435598260826534.
epoch 0: inverse test average loss 0.13840284612443712.
epoch 99: inverse train average loss 0.002065172005030844.
epoch 99: inverse test average loss 0.0036489953183465535.
forward model: training agent 7.
Epoch 0: forward train average loss 1.8663366900549994.
epoch 0: forward test average loss 1.7947727309332953.
Epoch 99: forward train average loss 0.007490209924678008.
epoch 99: forward test average loss 0.014177129086520936.
inverse model, training agent 7.
epoch 0: inverse train average loss 0.054247127225001655.
epoch 0: inverse test average loss 0.05042380094528198.
epoch 99: inverse train average loss 0.0016537261350701253.
epoch 99: inverse test average loss 0.0058407508250739835.
forward model: training agent 8.
Epoch 0: forward train average loss 3.560589631398519.
epoch 0: forward test average loss 4.362097634209527.
Epoch 99: forward train average loss 0.01845348978208171.
epoch 99: forward test average loss 0.025615538160006206.
inverse model, training agent 8.
epoch 0: inverse train average loss 2.1974239349365234.
epoch 0: inverse test average loss 3.041614532470703.
epoch 99: inverse train average loss 5.622007000925954e-07.
epoch 99: inverse test average loss 3.4732378000828453e-07.
forward model: training agent 9.
Epoch 0: forward train average loss 5.891111056009929.
epoch 0: forward test average loss 8.303384145100912.
Epoch 99: forward train average loss 0.020542905148532655.
epoch 99: forward test average loss 0.03692514035436842.
inverse model, training agent 9.
epoch 0: inverse train average loss 0.0008815296128455129.
epoch 0: inverse test average loss 4.829599775904272e-07.
epoch 99: inverse train average loss 0.00022340916667771025.
epoch 99: inverse test average loss 2.770555710185363e-06.
forward model: training agent 10.
Epoch 0: forward train average loss 3.2998362647162542.
epoch 0: forward test average loss 3.291904025607639.
Epoch 99: forward train average loss 0.1096457044283549.
epoch 99: forward test average loss 0.16061697403589884.
inverse model, training agent 10.
epoch 0: inverse train average loss 0.9422280920876397.
epoch 0: inverse test average loss 1.4345599280463324.
epoch 99: inverse train average loss 0.014267992642190721.
epoch 99: inverse test average loss 0.019396811309787963.
forward model: training agent 11.
Epoch 0: forward train average loss 0.1577266901731491.
epoch 0: forward test average loss 0.1700578596856859.
Epoch 99: forward train average loss 0.006321840712593662.
epoch 99: forward test average loss 0.010206661704513762.
inverse model, training agent 11.
epoch 0: inverse train average loss 0.0006131872004415426.
epoch 0: inverse test average loss 0.0006767983884654111.
epoch 99: inverse train average loss 0.00020251910771346756.
epoch 99: inverse test average loss 0.0004951630188669595.
forward model: training agent 12.
Epoch 0: forward train average loss 0.0014393301939384805.
epoch 0: forward test average loss 0.001727593027883106.
Epoch 99: forward train average loss 0.001343448180705309.
epoch 99: forward test average loss 0.0016441867790288394.
inverse model, training agent 12.
epoch 0: inverse train average loss 8.616881363978892e-05.
epoch 0: inverse test average loss 0.001983018957920043.
epoch 99: inverse train average loss 8.385638617861938e-06.
epoch 99: inverse test average loss 9.769617342196095e-05.
forward model: training agent 13.
Epoch 0: forward train average loss 0.002336333014277948.
epoch 0: forward test average loss 0.003815118947790729.
Epoch 99: forward train average loss 0.0021930247183061307.
epoch 99: forward test average loss 0.0033470160431332057.
inverse model, training agent 13.
epoch 0: inverse train average loss 0.0038073396103249658.
epoch 0: inverse test average loss 0.0029149457243167693.
epoch 99: inverse train average loss 0.0023160020096434485.
epoch 99: inverse test average loss 0.00199884424606959.
forward model: training agent 14.
Epoch 0: forward train average loss 0.044797216852506004.
epoch 0: forward test average loss 0.06881150106589.
Epoch 99: forward train average loss 0.004608942195773125.
epoch 99: forward test average loss 0.007212103241019779.
inverse model, training agent 14.
epoch 0: inverse train average loss 0.02883655909034941.
epoch 0: inverse test average loss 0.05183869765864478.
epoch 99: inverse train average loss 0.0005306710623295254.
epoch 99: inverse test average loss 0.002287201842086183.
forward model: training agent 15.
Epoch 0: forward train average loss 0.047865461144182414.
epoch 0: forward test average loss 0.03805184364318848.
Epoch 99: forward train average loss 0.004445300903171301.
epoch 99: forward test average loss 0.007577221426698897.
inverse model, training agent 15.
epoch 0: inverse train average loss 0.006981811796625455.
epoch 0: inverse test average loss 0.011175901525550418.
epoch 99: inverse train average loss 0.004502510962386926.
epoch 99: inverse test average loss 0.006008520929349793.
Policy training episode: 36, grounded actions taken: 5760, last two uncertainties: {0: [0.0, 0.0], 1: [0.0, 0.0], 2: [0.0, 0.0], 3: [0.0, 0.0], 4: [0.0, 0.0], 5: [0.0, 0.0], 6: [0.0, 0.0], 7: [0.0, 0.0], 8: [0.0, 0.0], 9: [0.0, 0.0], 10: [0.0, 0.0], 11: [0.0, 0.0], 12: [0.0, 0.0], 13: [0.0, 0.0], 14: [0.0, 0.0], 15: [0.0, 0.0]}, avg agent uncertainties: [0.0, 0.0, 0.0, 0.0, 0.0, 0.0, 0.0, 0.0, 0.0, 0.0, 0.0, 0.0, 0.0, 0.0, 0.0, 0.0], grounded actions by agent: [360, 360, 360, 360, 360, 360, 360, 360, 360, 360, 360, 360, 360, 360, 360, 360]
Policy training episode: 36, iteration 0/1, policy training avg travel time:480.8899384173728, q_loss:467.9031677246094, rewards:-706.485546875, queue:89.73506944444445, delay:0.49180289374457464, throughput:16215
Sim Rollout episode:37/100, sim avg travel time:278.9299212598425, rewards:-308.31809895833334, queue:41.13489583333333, delay:0.4482098049587674, throughput:18513
Real rollout step:37/100, travel time:171.31022139002093, rewards:-330.35338541666664, queue:26.35121527777778, delay:0.4217042711046007, throughput:17054
forward model: training agent 0.
Epoch 0: forward train average loss 0.007681118841800425.
epoch 0: forward test average loss 0.012550096131033368.
Epoch 99: forward train average loss 0.006557226491471131.
epoch 99: forward test average loss 0.010382735894785987.
inverse model, training agent 0.
epoch 0: inverse train average loss 0.17537441518571642.
epoch 0: inverse test average loss 0.24422409799363878.
epoch 99: inverse train average loss 0.000720083823479298.
epoch 99: inverse test average loss 0.001485147616929478.
forward model: training agent 1.
Epoch 0: forward train average loss 0.0056644803326990865.
epoch 0: forward test average loss 0.006669391774468952.
Epoch 99: forward train average loss 0.005383293040924602.
epoch 99: forward test average loss 0.007258747186925676.
inverse model, training agent 1.
epoch 0: inverse train average loss 0.012175807729363441.
epoch 0: inverse test average loss 0.017678715702560212.
epoch 99: inverse train average loss 0.006218903077145417.
epoch 99: inverse test average loss 0.006823799883325894.
forward model: training agent 2.
Epoch 0: forward train average loss 0.005657609552145004.
epoch 0: forward test average loss 0.007239438386427032.
Epoch 99: forward train average loss 0.004825572276280986.
epoch 99: forward test average loss 0.006352039260996712.
inverse model, training agent 2.
epoch 0: inverse train average loss 0.1657609310415056.
epoch 0: inverse test average loss 0.2538614140616523.
epoch 99: inverse train average loss 0.0022234240702042976.
epoch 99: inverse test average loss 0.0033872496957580247.
forward model: training agent 3.
Epoch 0: forward train average loss 1.3178817402725246e-10.
epoch 0: forward test average loss 9.740810627236998e-10.
Epoch 99: forward train average loss 3.775448067603696e-11.
epoch 99: forward test average loss 2.7871476731494087e-11.
inverse model, training agent 3.
epoch 0: inverse train average loss 0.0.
epoch 0: inverse test average loss 0.0.
epoch 99: inverse train average loss 0.0.
epoch 99: inverse test average loss 0.0.
forward model: training agent 4.
Epoch 0: forward train average loss 0.004992185781399409.
epoch 0: forward test average loss 0.006322714189688365.
Epoch 99: forward train average loss 0.002381290645442075.
epoch 99: forward test average loss 0.0035956892081432873.
inverse model, training agent 4.
epoch 0: inverse train average loss 0.0.
epoch 0: inverse test average loss 0.0.
epoch 99: inverse train average loss 0.0.
epoch 99: inverse test average loss 0.0.
forward model: training agent 5.
Epoch 0: forward train average loss 0.006480003086229165.
epoch 0: forward test average loss 0.007250199508335855.
Epoch 99: forward train average loss 0.003095483821299341.
epoch 99: forward test average loss 0.0041479381422201795.
inverse model, training agent 5.
epoch 0: inverse train average loss 0.0006937407564512949.
epoch 0: inverse test average loss 0.0026216980897706163.
epoch 99: inverse train average loss 0.0003498124638983629.
epoch 99: inverse test average loss 0.0013838622413055014.
forward model: training agent 6.
Epoch 0: forward train average loss 0.05541903111669752.
epoch 0: forward test average loss 0.07556835810343425.
Epoch 99: forward train average loss 0.006933233907653226.
epoch 99: forward test average loss 0.011977367517020967.
inverse model, training agent 6.
epoch 0: inverse train average loss 0.004943881701264117.
epoch 0: inverse test average loss 0.007657347040043937.
epoch 99: inverse train average loss 0.0035326052974495622.
epoch 99: inverse test average loss 0.009563790013392767.
forward model: training agent 7.
Epoch 0: forward train average loss 0.13437853753566742.
epoch 0: forward test average loss 0.13511478238635594.
Epoch 99: forward train average loss 0.004082962611897124.
epoch 99: forward test average loss 0.0077440631058481.
inverse model, training agent 7.
epoch 0: inverse train average loss 0.06370605693923102.
epoch 0: inverse test average loss 0.09398735894097222.
epoch 99: inverse train average loss 0.002446825926502546.
epoch 99: inverse test average loss 0.006143442458576626.
forward model: training agent 8.
Epoch 0: forward train average loss 0.13077135549651253.
epoch 0: forward test average loss 0.13958674006991917.
Epoch 99: forward train average loss 0.003016538866278198.
epoch 99: forward test average loss 0.0043744465543164145.
inverse model, training agent 8.
epoch 0: inverse train average loss 0.003715867047301597.
epoch 0: inverse test average loss 0.008819613864438402.
epoch 99: inverse train average loss 0.0013979958298856825.
epoch 99: inverse test average loss 0.02428359393444326.
forward model: training agent 9.
Epoch 0: forward train average loss 0.027736418777041964.
epoch 0: forward test average loss 0.03960307935873667.
Epoch 99: forward train average loss 0.004107338635043966.
epoch 99: forward test average loss 0.007957407583793005.
inverse model, training agent 9.
epoch 0: inverse train average loss 0.0005240978530815078.
epoch 0: inverse test average loss 0.0005718182914683388.
epoch 99: inverse train average loss 0.00020539853398481177.
epoch 99: inverse test average loss 0.0003514376053822667.
forward model: training agent 10.
Epoch 0: forward train average loss 0.05080818384885788.
epoch 0: forward test average loss 0.061744827363226146.
Epoch 99: forward train average loss 0.00467715324420068.
epoch 99: forward test average loss 0.008044836835728751.
inverse model, training agent 10.
epoch 0: inverse train average loss 0.008900690513352552.
epoch 0: inverse test average loss 0.012846353153387705.
epoch 99: inverse train average loss 0.0026674998096293872.
epoch 99: inverse test average loss 0.004633014711240928.
forward model: training agent 11.
Epoch 0: forward train average loss 0.005066282322837247.
epoch 0: forward test average loss 0.007604434672329161.
Epoch 99: forward train average loss 0.003930183748404185.
epoch 99: forward test average loss 0.006140599441197183.
inverse model, training agent 11.
epoch 0: inverse train average loss 0.04676208355360561.
epoch 0: inverse test average loss 0.04411453463964992.
epoch 99: inverse train average loss 0.0025822824746784237.
epoch 99: inverse test average loss 0.016221672710445192.
forward model: training agent 12.
Epoch 0: forward train average loss 0.0013287711578110855.
epoch 0: forward test average loss 0.00220406831552585.
Epoch 99: forward train average loss 0.00127613862665991.
epoch 99: forward test average loss 0.0018874515468875568.
inverse model, training agent 12.
epoch 0: inverse train average loss 0.00011937261959044715.
epoch 0: inverse test average loss 3.7779284361426515e-05.
epoch 99: inverse train average loss 1.3220191602967032e-05.
epoch 99: inverse test average loss 1.7342091571966495e-05.
forward model: training agent 13.
Epoch 0: forward train average loss 0.002191605589662989.
epoch 0: forward test average loss 0.003878558985888958.
Epoch 99: forward train average loss 0.0020345833359493148.
epoch 99: forward test average loss 0.0036766964735256303.
inverse model, training agent 13.
epoch 0: inverse train average loss 0.0007081698665084938.
epoch 0: inverse test average loss 0.00041646020124769874.
epoch 99: inverse train average loss 0.0004085136655097206.
epoch 99: inverse test average loss 0.0002912570618920856.
forward model: training agent 14.
Epoch 0: forward train average loss 0.037409750951661006.
epoch 0: forward test average loss 0.05237959656450483.
Epoch 99: forward train average loss 0.006525606123937501.
epoch 99: forward test average loss 0.010831084102392197.
inverse model, training agent 14.
epoch 0: inverse train average loss 0.0008434705216334098.
epoch 0: inverse test average loss 0.000538222916980481.
epoch 99: inverse train average loss 0.00022983082130344378.
epoch 99: inverse test average loss 2.905031659692112e-05.
forward model: training agent 15.
Epoch 0: forward train average loss 0.04651918841732873.
epoch 0: forward test average loss 0.11074179742071363.
Epoch 99: forward train average loss 0.011200154200196266.
epoch 99: forward test average loss 0.015010488530000051.
inverse model, training agent 15.
epoch 0: inverse train average loss 0.005102625530627038.
epoch 0: inverse test average loss 0.00728534824318356.
epoch 99: inverse train average loss 0.0042886641393933035.
epoch 99: inverse test average loss 0.006098332297470834.
Policy training episode: 37, grounded actions taken: 5760, last two uncertainties: {0: [0.0, 0.0], 1: [0.0, 0.0], 2: [0.0, 0.0], 3: [0.0, 0.0], 4: [0.0, 0.0], 5: [0.0, 0.0], 6: [0.0, 0.0], 7: [0.0, 0.0], 8: [0.0, 0.0], 9: [0.0, 0.0], 10: [0.0, 0.0], 11: [0.0, 0.0], 12: [0.0, 0.0], 13: [0.0, 0.0], 14: [0.0, 0.0], 15: [0.0, 0.0]}, avg agent uncertainties: [0.0, 0.0, 0.0, 0.0, 0.0, 0.0, 0.0, 0.0, 0.0, 0.0, 0.0, 0.0, 0.0, 0.0, 0.0, 0.0], grounded actions by agent: [360, 360, 360, 360, 360, 360, 360, 360, 360, 360, 360, 360, 360, 360, 360, 360]
Policy training episode: 37, iteration 0/1, policy training avg travel time:374.63257838914365, q_loss:447.6249084472656, rewards:-596.4282986111111, queue:69.74496527777778, delay:0.47818925645616317, throughput:17188
Sim Rollout episode:38/100, sim avg travel time:213.31129017319626, rewards:-259.39559461805555, queue:30.077083333333334, delay:0.40249676174587673, throughput:19292
Real rollout step:38/100, travel time:150.08946179694817, rewards:-285.32172309027777, queue:19.641493055555557, delay:0.3869214375813802, throughput:17197
forward model: training agent 0.
Epoch 0: forward train average loss 0.008029339835047722.
epoch 0: forward test average loss 0.011342073894209333.
Epoch 99: forward train average loss 0.005799515069358879.
epoch 99: forward test average loss 0.00844217050406668.
inverse model, training agent 0.
epoch 0: inverse train average loss 0.0025031136659284434.
epoch 0: inverse test average loss 0.003557925836907493.
epoch 99: inverse train average loss 0.0008871365506719383.
epoch 99: inverse test average loss 0.0012515737649260296.
forward model: training agent 1.
Epoch 0: forward train average loss 0.0049561999427775545.
epoch 0: forward test average loss 0.007053131444586648.
Epoch 99: forward train average loss 0.004241671464923356.
epoch 99: forward test average loss 0.006851266448696454.
inverse model, training agent 1.
epoch 0: inverse train average loss 0.010521064098510478.
epoch 0: inverse test average loss 0.012130365189578798.
epoch 99: inverse train average loss 0.004471087776538398.
epoch 99: inverse test average loss 0.0070037562400102615.
forward model: training agent 2.
Epoch 0: forward train average loss 0.008487058182557424.
epoch 0: forward test average loss 0.012548571659459008.
Epoch 99: forward train average loss 0.004197159471611182.
epoch 99: forward test average loss 0.008328648077117072.
inverse model, training agent 2.
epoch 0: inverse train average loss 0.028729055904679827.
epoch 0: inverse test average loss 0.04757004313998752.
epoch 99: inverse train average loss 0.008834603242576122.
epoch 99: inverse test average loss 0.014300988780127631.
forward model: training agent 3.
Epoch 0: forward train average loss 2.4693546879352005e-11.
epoch 0: forward test average loss 6.994710366470258e-12.
Epoch 99: forward train average loss 8.074192934618788e-12.
epoch 99: forward test average loss 2.240607853575148e-11.
inverse model, training agent 3.
epoch 0: inverse train average loss 0.0.
epoch 0: inverse test average loss 0.0.
epoch 99: inverse train average loss 0.0.
epoch 99: inverse test average loss 0.0.
forward model: training agent 4.
Epoch 0: forward train average loss 0.001961320095385114.
epoch 0: forward test average loss 0.0034601399675011635.
Epoch 99: forward train average loss 0.0017115502980434233.
epoch 99: forward test average loss 0.003584205483396848.
inverse model, training agent 4.
epoch 0: inverse train average loss 0.0.
epoch 0: inverse test average loss 0.0.
epoch 99: inverse train average loss 0.0.
epoch 99: inverse test average loss 0.0.
forward model: training agent 5.
Epoch 0: forward train average loss 0.004484595368719763.
epoch 0: forward test average loss 0.0072237346321344376.
Epoch 99: forward train average loss 0.0032047261483967304.
epoch 99: forward test average loss 0.005317595476905505.
inverse model, training agent 5.
epoch 0: inverse train average loss 1.1174236078659305e-06.
epoch 0: inverse test average loss 0.012072499377104072.
epoch 99: inverse train average loss 6.24179961050686e-07.
epoch 99: inverse test average loss 0.013257768942973295.
forward model: training agent 6.
Epoch 0: forward train average loss 0.012602175689405866.
epoch 0: forward test average loss 0.01883834434880151.
Epoch 99: forward train average loss 0.006780768330726359.
epoch 99: forward test average loss 0.010149473117457496.
inverse model, training agent 6.
epoch 0: inverse train average loss 0.0045030684106879765.
epoch 0: inverse test average loss 0.006654903085695373.
epoch 99: inverse train average loss 0.0035465416084561083.
epoch 99: inverse test average loss 0.008887987169954512.
forward model: training agent 7.
Epoch 0: forward train average loss 0.007055394248002105.
epoch 0: forward test average loss 0.009281891915533278.
Epoch 99: forward train average loss 0.004465403500944376.
epoch 99: forward test average loss 0.007338633139928182.
inverse model, training agent 7.
epoch 0: inverse train average loss 0.0027519849439462027.
epoch 0: inverse test average loss 0.0033453800715506077.
epoch 99: inverse train average loss 0.001987269989007877.
epoch 99: inverse test average loss 0.005107605001992649.
forward model: training agent 8.
Epoch 0: forward train average loss 0.012271717190742493.
epoch 0: forward test average loss 0.016402461462550692.
Epoch 99: forward train average loss 0.0045687114923364585.
epoch 99: forward test average loss 0.007327512320544984.
inverse model, training agent 8.
epoch 0: inverse train average loss 0.004747159572111236.
epoch 0: inverse test average loss 0.033095024112198085.
epoch 99: inverse train average loss 0.0019875748936707773.
epoch 99: inverse test average loss 0.004160184490804871.
forward model: training agent 9.
Epoch 0: forward train average loss 0.006972030839986271.
epoch 0: forward test average loss 0.010371372103691101.
Epoch 99: forward train average loss 0.005420854315161705.
epoch 99: forward test average loss 0.008463160031371646.
inverse model, training agent 9.
epoch 0: inverse train average loss 0.0049212482085244525.
epoch 0: inverse test average loss 0.005758015024993155.
epoch 99: inverse train average loss 0.0009554020006261352.
epoch 99: inverse test average loss 0.0013454650696884426.
forward model: training agent 10.
Epoch 0: forward train average loss 0.006341539840731356.
epoch 0: forward test average loss 0.009254084279139837.
Epoch 99: forward train average loss 0.004465898188451926.
epoch 99: forward test average loss 0.007256682962179184.
inverse model, training agent 10.
epoch 0: inverse train average loss 0.007108972614838017.
epoch 0: inverse test average loss 0.006620546388957236.
epoch 99: inverse train average loss 0.0019773125596758393.
epoch 99: inverse test average loss 0.005228232385383712.
forward model: training agent 11.
Epoch 0: forward train average loss 0.004049225710332394.
epoch 0: forward test average loss 0.006559288543131616.
Epoch 99: forward train average loss 0.0036242352281179693.
epoch 99: forward test average loss 0.006298216680685679.
inverse model, training agent 11.
epoch 0: inverse train average loss 0.001521413693101042.
epoch 0: inverse test average loss 0.0017727550326122178.
epoch 99: inverse train average loss 0.0010861323551378315.
epoch 99: inverse test average loss 0.0037507761476768386.
forward model: training agent 12.
Epoch 0: forward train average loss 0.001669040493046244.
epoch 0: forward test average loss 0.0022570305607385105.
Epoch 99: forward train average loss 0.0015396092397471268.
epoch 99: forward test average loss 0.0025880984548065397.
inverse model, training agent 12.
epoch 0: inverse train average loss 1.1163037116703992e-05.
epoch 0: inverse test average loss 5.361859035070261e-05.
epoch 99: inverse train average loss 2.225918339920301e-06.
epoch 99: inverse test average loss 0.00019616219313118362.
forward model: training agent 13.
Epoch 0: forward train average loss 0.0023678974765870306.
epoch 0: forward test average loss 0.003492346757815944.
Epoch 99: forward train average loss 0.0021541495548768174.
epoch 99: forward test average loss 0.003339863796201017.
inverse model, training agent 13.
epoch 0: inverse train average loss 0.0006769150560204354.
epoch 0: inverse test average loss 0.005451467573746211.
epoch 99: inverse train average loss 2.5094770131141155e-05.
epoch 99: inverse test average loss 2.1431913157559596e-05.
forward model: training agent 14.
Epoch 0: forward train average loss 0.0061978839544786345.
epoch 0: forward test average loss 0.008541246255238851.
Epoch 99: forward train average loss 0.004797956388857629.
epoch 99: forward test average loss 0.007505304283565945.
inverse model, training agent 14.
epoch 0: inverse train average loss 0.0007604768653537678.
epoch 0: inverse test average loss 0.0013562255545467553.
epoch 99: inverse train average loss 0.00025726384248830273.
epoch 99: inverse test average loss 0.0003239641535199351.
forward model: training agent 15.
Epoch 0: forward train average loss 0.0525307415260209.
epoch 0: forward test average loss 0.04625124235947927.
Epoch 99: forward train average loss 0.005237454134556983.
epoch 99: forward test average loss 0.009174099812904993.
inverse model, training agent 15.
epoch 0: inverse train average loss 0.008020588817695776.
epoch 0: inverse test average loss 0.008586246934201982.
epoch 99: inverse train average loss 0.003010001913126972.
epoch 99: inverse test average loss 0.0027259129306508433.
Policy training episode: 38, grounded actions taken: 5760, last two uncertainties: {0: [0.0, 0.0], 1: [0.0, 0.0], 2: [0.0, 0.0], 3: [0.0, 0.0], 4: [0.0, 0.0], 5: [0.0, 0.0], 6: [0.0, 0.0], 7: [0.0, 0.0], 8: [0.0, 0.0], 9: [0.0, 0.0], 10: [0.0, 0.0], 11: [0.0, 0.0], 12: [0.0, 0.0], 13: [0.0, 0.0], 14: [0.0, 0.0], 15: [0.0, 0.0]}, avg agent uncertainties: [0.0, 0.0, 0.0, 0.0, 0.0, 0.0, 0.0, 0.0, 0.0, 0.0, 0.0, 0.0, 0.0, 0.0, 0.0, 0.0], grounded actions by agent: [360, 360, 360, 360, 360, 360, 360, 360, 360, 360, 360, 360, 360, 360, 360, 360]
Policy training episode: 38, iteration 0/1, policy training avg travel time:316.792004447121, q_loss:401.1043701171875, rewards:-510.8244357638889, queue:56.42621527777778, delay:0.47320399814181857, throughput:17704
Sim Rollout episode:39/100, sim avg travel time:162.97544932369834, rewards:-224.66219618055555, queue:21.408854166666668, delay:0.36956651475694446, throughput:20107
Real rollout step:39/100, travel time:139.74456879526005, rewards:-268.7439236111111, queue:16.475520833333334, delay:0.3784470028347439, throughput:17320
forward model: training agent 0.
Epoch 0: forward train average loss 0.0063414741307497025.
epoch 0: forward test average loss 0.009716171771287918.
Epoch 99: forward train average loss 0.00542464479804039.
epoch 99: forward test average loss 0.010057842151986228.
inverse model, training agent 0.
epoch 0: inverse train average loss 0.0015171626841442452.
epoch 0: inverse test average loss 0.0013189602953692277.
epoch 99: inverse train average loss 0.0006204551253985199.
epoch 99: inverse test average loss 0.0006178411163596644.
forward model: training agent 1.
Epoch 0: forward train average loss 0.005797070037159655.
epoch 0: forward test average loss 0.008865737666686377.
Epoch 99: forward train average loss 0.004007138260122802.
epoch 99: forward test average loss 0.006443372203244103.
inverse model, training agent 1.
epoch 0: inverse train average loss 0.004786737159722381.
epoch 0: inverse test average loss 0.010630086064338684.
epoch 99: inverse train average loss 0.002804527266157998.
epoch 99: inverse test average loss 0.0039040339696738455.
forward model: training agent 2.
Epoch 0: forward train average loss 0.005979164089593623.
epoch 0: forward test average loss 0.00898471474647522.
Epoch 99: forward train average loss 0.003616780301349031.
epoch 99: forward test average loss 0.006738174085815747.
inverse model, training agent 2.
epoch 0: inverse train average loss 0.017607881584101252.
epoch 0: inverse test average loss 0.01879623532295227.
epoch 99: inverse train average loss 0.007537812098032898.
epoch 99: inverse test average loss 0.009301153735982047.
forward model: training agent 3.
Epoch 0: forward train average loss 5.003929331078479e-11.
epoch 0: forward test average loss 3.0286314197288294e-10.
Epoch 99: forward train average loss 6.305854835211536e-11.
epoch 99: forward test average loss 1.1663648442134583e-10.
inverse model, training agent 3.
epoch 0: inverse train average loss 0.0.
epoch 0: inverse test average loss 0.0.
epoch 99: inverse train average loss 0.0.
epoch 99: inverse test average loss 0.0.
forward model: training agent 4.
Epoch 0: forward train average loss 0.0019913838089754186.
epoch 0: forward test average loss 0.0039916569367051125.
Epoch 99: forward train average loss 0.0019081297796219587.
epoch 99: forward test average loss 0.0037983456212613317.
inverse model, training agent 4.
epoch 0: inverse train average loss 0.0.
epoch 0: inverse test average loss 0.0.
epoch 99: inverse train average loss 0.0.
epoch 99: inverse test average loss 0.0.
forward model: training agent 5.
Epoch 0: forward train average loss 0.0031171378990014396.
epoch 0: forward test average loss 0.005259984069400364.
Epoch 99: forward train average loss 0.0027594478904373115.
epoch 99: forward test average loss 0.005398662967814339.
inverse model, training agent 5.
epoch 0: inverse train average loss 5.623040174719386e-07.
epoch 0: inverse test average loss 0.0013682007095212612.
epoch 99: inverse train average loss 1.1121947412422944e-07.
epoch 99: inverse test average loss 0.0016996024370301813.
forward model: training agent 6.
Epoch 0: forward train average loss 0.008393554534349177.
epoch 0: forward test average loss 0.015091320706738366.
Epoch 99: forward train average loss 0.006082036946382787.
epoch 99: forward test average loss 0.011544075277116563.
inverse model, training agent 6.
epoch 0: inverse train average loss 0.0039015088437332045.
epoch 0: inverse test average loss 0.0035298982014258704.
epoch 99: inverse train average loss 0.002798474212694499.
epoch 99: inverse test average loss 0.002434095109088553.
forward model: training agent 7.
Epoch 0: forward train average loss 0.004964464551044835.
epoch 0: forward test average loss 0.00760187953710556.
Epoch 99: forward train average loss 0.003921600783036815.
epoch 99: forward test average loss 0.006382458532849948.
inverse model, training agent 7.
epoch 0: inverse train average loss 0.00809405723379718.
epoch 0: inverse test average loss 0.009080961760547426.
epoch 99: inverse train average loss 0.004603082728054788.
epoch 99: inverse test average loss 0.00478775261176957.
forward model: training agent 8.
Epoch 0: forward train average loss 0.004303973219874833.
epoch 0: forward test average loss 0.006101267205344306.
Epoch 99: forward train average loss 0.003597873883942763.
epoch 99: forward test average loss 0.00662101660337713.
inverse model, training agent 8.
epoch 0: inverse train average loss 0.058060110443168216.
epoch 0: inverse test average loss 0.09967465864287482.
epoch 99: inverse train average loss 0.017389610616697207.
epoch 99: inverse test average loss 0.04471161630418566.
forward model: training agent 9.
Epoch 0: forward train average loss 0.006745550678008133.
epoch 0: forward test average loss 0.01042138495379024.
Epoch 99: forward train average loss 0.005706312755743663.
epoch 99: forward test average loss 0.009660620242357254.
inverse model, training agent 9.
epoch 0: inverse train average loss 0.0005357975476524896.
epoch 0: inverse test average loss 8.874135851834177e-06.
epoch 99: inverse train average loss 0.000288392668557612.
epoch 99: inverse test average loss 3.460169864411e-06.
forward model: training agent 10.
Epoch 0: forward train average loss 0.005308202778299649.
epoch 0: forward test average loss 0.00896632174650828.
Epoch 99: forward train average loss 0.004319175043039852.
epoch 99: forward test average loss 0.007373689777321286.
inverse model, training agent 10.
epoch 0: inverse train average loss 0.007766070361766551.
epoch 0: inverse test average loss 0.012408677074644301.
epoch 99: inverse train average loss 0.0024761673994362354.
epoch 99: inverse test average loss 0.005814374114076297.
forward model: training agent 11.
Epoch 0: forward train average loss 0.00398948033236795.
epoch 0: forward test average loss 0.006849175319075584.
Epoch 99: forward train average loss 0.0036707522554530036.
epoch 99: forward test average loss 0.00580092685090171.
inverse model, training agent 11.
epoch 0: inverse train average loss 0.0009113302286196914.
epoch 0: inverse test average loss 0.0009305491112172604.
epoch 99: inverse train average loss 0.0004543978106489198.
epoch 99: inverse test average loss 0.0008532486131621732.
forward model: training agent 12.
Epoch 0: forward train average loss 0.0015380594931128952.
epoch 0: forward test average loss 0.002501954324543476.
Epoch 99: forward train average loss 0.0013633858050323194.
epoch 99: forward test average loss 0.0016916760036514865.
inverse model, training agent 12.
epoch 0: inverse train average loss 6.018547019771681e-07.
epoch 0: inverse test average loss 1.243110207522275e-05.
epoch 99: inverse train average loss 2.3489409627251867e-08.
epoch 99: inverse test average loss 0.0004689013197397192.
forward model: training agent 13.
Epoch 0: forward train average loss 0.0024091279548075465.
epoch 0: forward test average loss 0.003980519250035286.
Epoch 99: forward train average loss 0.0021698487560368246.
epoch 99: forward test average loss 0.003756995830270979.
inverse model, training agent 13.
epoch 0: inverse train average loss 0.0025453830344809424.
epoch 0: inverse test average loss 0.015846956417792372.
epoch 99: inverse train average loss 0.00031572213305884763.
epoch 99: inverse test average loss 0.0011054486106634915.
forward model: training agent 14.
Epoch 0: forward train average loss 0.005613853223621845.
epoch 0: forward test average loss 0.009272265351480909.
Epoch 99: forward train average loss 0.004770779775248634.
epoch 99: forward test average loss 0.00860310263103909.
inverse model, training agent 14.
epoch 0: inverse train average loss 0.0003847147777883543.
epoch 0: inverse test average loss 0.0005274506272851593.
epoch 99: inverse train average loss 0.00010445465078292828.
epoch 99: inverse test average loss 0.00015093192471087806.
forward model: training agent 15.
Epoch 0: forward train average loss 0.006168210982448525.
epoch 0: forward test average loss 0.011247348454263475.
Epoch 99: forward train average loss 0.004599550790670846.
epoch 99: forward test average loss 0.009021975100040436.
inverse model, training agent 15.
epoch 0: inverse train average loss 0.0035815684952669674.
epoch 0: inverse test average loss 0.0038412469956609937.
epoch 99: inverse train average loss 0.0029890466636667648.
epoch 99: inverse test average loss 0.00494090612563822.
Policy training episode: 39, grounded actions taken: 5760, last two uncertainties: {0: [0.0, 0.0], 1: [0.0, 0.0], 2: [0.0, 0.0], 3: [0.0, 0.0], 4: [0.0, 0.0], 5: [0.0, 0.0], 6: [0.0, 0.0], 7: [0.0, 0.0], 8: [0.0, 0.0], 9: [0.0, 0.0], 10: [0.0, 0.0], 11: [0.0, 0.0], 12: [0.0, 0.0], 13: [0.0, 0.0], 14: [0.0, 0.0], 15: [0.0, 0.0]}, avg agent uncertainties: [0.0, 0.0, 0.0, 0.0, 0.0, 0.0, 0.0, 0.0, 0.0, 0.0, 0.0, 0.0, 0.0, 0.0, 0.0, 0.0], grounded actions by agent: [360, 360, 360, 360, 360, 360, 360, 360, 360, 360, 360, 360, 360, 360, 360, 360]
Policy training episode: 39, iteration 0/1, policy training avg travel time:186.97749166357912, q_loss:367.339111328125, rewards:-344.07690972222224, queue:36.77482638888889, delay:0.43459773593478734, throughput:19615
Sim Rollout episode:40/100, sim avg travel time:123.47733271590646, rewards:-153.74304470486112, queue:12.780208333333333, delay:0.3365507337782118, throughput:20820
Real rollout step:40/100, travel time:140.33824492468892, rewards:-289.37669270833334, queue:17.718576388888888, delay:0.3433534834120009, throughput:17397
forward model: training agent 0.
Epoch 0: forward train average loss 0.005015540143681897.
epoch 0: forward test average loss 0.00806696547402276.
Epoch 99: forward train average loss 0.00416939871178733.
epoch 99: forward test average loss 0.007196151547961765.
inverse model, training agent 0.
epoch 0: inverse train average loss 0.0012248813485105832.
epoch 0: inverse test average loss 0.002788397664618161.
epoch 99: inverse train average loss 0.001101356090253426.
epoch 99: inverse test average loss 0.007645382442408138.
forward model: training agent 1.
Epoch 0: forward train average loss 0.0032653260148233837.
epoch 0: forward test average loss 0.0047027963317102855.
Epoch 99: forward train average loss 0.002703913746194707.
epoch 99: forward test average loss 0.004551995545625687.
inverse model, training agent 1.
epoch 0: inverse train average loss 0.002696968666795227.
epoch 0: inverse test average loss 0.005428946577012539.
epoch 99: inverse train average loss 0.0006590077520943143.
epoch 99: inverse test average loss 0.00302295463754692.
forward model: training agent 2.
Epoch 0: forward train average loss 0.004097010474652052.
epoch 0: forward test average loss 0.00619610274831454.
Epoch 99: forward train average loss 0.002662767604407337.
epoch 99: forward test average loss 0.004232031810614798.
inverse model, training agent 2.
epoch 0: inverse train average loss 0.01029391038335032.
epoch 0: inverse test average loss 0.015274381472004784.
epoch 99: inverse train average loss 0.001264421107609653.
epoch 99: inverse test average loss 0.0019778725949840415.
forward model: training agent 3.
Epoch 0: forward train average loss 4.5780004787054907e-11.
epoch 0: forward test average loss 5.708686918243839e-11.
Epoch 99: forward train average loss 2.5462494833225723e-11.
epoch 99: forward test average loss 1.0792898673549366e-10.
inverse model, training agent 3.
epoch 0: inverse train average loss 0.0.
epoch 0: inverse test average loss 0.0.
epoch 99: inverse train average loss 0.0.
epoch 99: inverse test average loss 0.0.
forward model: training agent 4.
Epoch 0: forward train average loss 0.002126333484840062.
epoch 0: forward test average loss 0.002675862465467718.
Epoch 99: forward train average loss 0.002058799844235182.
epoch 99: forward test average loss 0.003136829680038823.
inverse model, training agent 4.
epoch 0: inverse train average loss 0.0.
epoch 0: inverse test average loss 0.0.
epoch 99: inverse train average loss 0.0.
epoch 99: inverse test average loss 0.0.
forward model: training agent 5.
Epoch 0: forward train average loss 0.006873565932942761.
epoch 0: forward test average loss 0.009078760527902179.
Epoch 99: forward train average loss 0.0028722467314865855.
epoch 99: forward test average loss 0.004412386566400528.
inverse model, training agent 5.
epoch 0: inverse train average loss 0.0004762677367895978.
epoch 0: inverse test average loss 1.8396010798622027e-07.
epoch 99: inverse train average loss 0.0003900619930290203.
epoch 99: inverse test average loss 2.7226767593270375e-05.
forward model: training agent 6.
Epoch 0: forward train average loss 0.007823897111747.
epoch 0: forward test average loss 0.011502079665660858.
Epoch 99: forward train average loss 0.005981362528271145.
epoch 99: forward test average loss 0.009140418221553167.
inverse model, training agent 6.
epoch 0: inverse train average loss 0.004062535060155723.
epoch 0: inverse test average loss 0.0029000680272777877.
epoch 99: inverse train average loss 0.0028678615474038655.
epoch 99: inverse test average loss 0.0023184875026345253.
forward model: training agent 7.
Epoch 0: forward train average loss 0.003911035704529948.
epoch 0: forward test average loss 0.007114649439851443.
Epoch 99: forward train average loss 0.003448607348319557.
epoch 99: forward test average loss 0.005758576715985934.
inverse model, training agent 7.
epoch 0: inverse train average loss 0.007071386815773116.
epoch 0: inverse test average loss 0.007221518653548426.
epoch 99: inverse train average loss 0.005024632801198297.
epoch 99: inverse test average loss 0.007679519140058094.
forward model: training agent 8.
Epoch 0: forward train average loss 0.0031702652987506655.
epoch 0: forward test average loss 0.004581975233223703.
Epoch 99: forward train average loss 0.002757475866625706.
epoch 99: forward test average loss 0.004575028601619933.
inverse model, training agent 8.
epoch 0: inverse train average loss 0.027044081025653414.
epoch 0: inverse test average loss 0.029040013750394184.
epoch 99: inverse train average loss 0.0066899994595183265.
epoch 99: inverse test average loss 0.008446169396241507.
forward model: training agent 9.
Epoch 0: forward train average loss 0.006287232144839234.
epoch 0: forward test average loss 0.01120037544104788.
Epoch 99: forward train average loss 0.005453094736569458.
epoch 99: forward test average loss 0.009551258964671029.
inverse model, training agent 9.
epoch 0: inverse train average loss 0.000269097702888151.
epoch 0: inverse test average loss 0.000333318881732541.
epoch 99: inverse train average loss 5.067369016210755e-05.
epoch 99: inverse test average loss 7.454291456573021e-05.
forward model: training agent 10.
Epoch 0: forward train average loss 0.004932562613652812.
epoch 0: forward test average loss 0.0074580878847175175.
Epoch 99: forward train average loss 0.004351756225029628.
epoch 99: forward test average loss 0.007437889360719257.
inverse model, training agent 10.
epoch 0: inverse train average loss 0.003660208907806211.
epoch 0: inverse test average loss 0.004711918532848358.
epoch 99: inverse train average loss 0.0024761203159060744.
epoch 99: inverse test average loss 0.0030157086956832144.
forward model: training agent 11.
Epoch 0: forward train average loss 0.003944150172173977.
epoch 0: forward test average loss 0.00751432403922081.
Epoch 99: forward train average loss 0.0034790479888518653.
epoch 99: forward test average loss 0.007081493528352844.
inverse model, training agent 11.
epoch 0: inverse train average loss 0.0016865069693368343.
epoch 0: inverse test average loss 0.0012102715360621612.
epoch 99: inverse train average loss 0.0007917852813584937.
epoch 99: inverse test average loss 0.00233992085688644.
forward model: training agent 12.
Epoch 0: forward train average loss 0.0015498380590644148.
epoch 0: forward test average loss 0.0018171452813678319.
Epoch 99: forward train average loss 0.0014170945311586063.
epoch 99: forward test average loss 0.002202283694512314.
inverse model, training agent 12.
epoch 0: inverse train average loss 0.0001964203475871192.
epoch 0: inverse test average loss 0.0004545205479667105.
epoch 99: inverse train average loss 4.245745483583758e-06.
epoch 99: inverse test average loss 3.792930318821972e-05.
forward model: training agent 13.
Epoch 0: forward train average loss 0.002370118318746487.
epoch 0: forward test average loss 0.004370609505308999.
Epoch 99: forward train average loss 0.002157649542722437.
epoch 99: forward test average loss 0.003615338665743669.
inverse model, training agent 13.
epoch 0: inverse train average loss 0.002363212684738553.
epoch 0: inverse test average loss 0.001955529998263551.
epoch 99: inverse train average loss 0.0012582929953674062.
epoch 99: inverse test average loss 0.0018928310212989647.
forward model: training agent 14.
Epoch 0: forward train average loss 0.017017422036992177.
epoch 0: forward test average loss 0.01920294264952342.
Epoch 99: forward train average loss 0.004700237678156959.
epoch 99: forward test average loss 0.006858460398183929.
inverse model, training agent 14.
epoch 0: inverse train average loss 0.002369469884554418.
epoch 0: inverse test average loss 6.373754332697799e-05.
epoch 99: inverse train average loss 7.7992664349343e-05.
epoch 99: inverse test average loss 3.348405092159131e-05.
forward model: training agent 15.
Epoch 0: forward train average loss 0.09716441647873984.
epoch 0: forward test average loss 0.06801543136437734.
Epoch 99: forward train average loss 0.005716499251623948.
epoch 99: forward test average loss 0.009441179119878344.
inverse model, training agent 15.
epoch 0: inverse train average loss 0.006141892841292752.
epoch 0: inverse test average loss 0.008471693015760846.
epoch 99: inverse train average loss 0.0031105618820422226.
epoch 99: inverse test average loss 0.00365707842219207.
Policy training episode: 40, grounded actions taken: 5760, last two uncertainties: {0: [0.0, 0.0], 1: [0.0, 0.0], 2: [0.0, 0.0], 3: [0.0, 0.0], 4: [0.0, 0.0], 5: [0.0, 0.0], 6: [0.0, 0.0], 7: [0.0, 0.0], 8: [0.0, 0.0], 9: [0.0, 0.0], 10: [0.0, 0.0], 11: [0.0, 0.0], 12: [0.0, 0.0], 13: [0.0, 0.0], 14: [0.0, 0.0], 15: [0.0, 0.0]}, avg agent uncertainties: [0.0, 0.0, 0.0, 0.0, 0.0, 0.0, 0.0, 0.0, 0.0, 0.0, 0.0, 0.0, 0.0, 0.0, 0.0, 0.0], grounded actions by agent: [360, 360, 360, 360, 360, 360, 360, 360, 360, 360, 360, 360, 360, 360, 360, 360]
Policy training episode: 40, iteration 0/1, policy training avg travel time:302.67498842056506, q_loss:350.1128845214844, rewards:-617.9935763888889, queue:65.41944444444445, delay:0.4479757944742839, throughput:18127
Sim Rollout episode:41/100, sim avg travel time:122.46131048853901, rewards:-154.44055989583333, queue:12.491666666666667, delay:0.3362028969658746, throughput:20832
Real rollout step:41/100, travel time:154.1178671655753, rewards:-268.04852430555553, queue:20.181597222222223, delay:0.3711324055989583, throughput:17188
forward model: training agent 0.
Epoch 0: forward train average loss 0.014495746336049505.
epoch 0: forward test average loss 0.0137768035961522.
Epoch 99: forward train average loss 0.005085594434705045.
epoch 99: forward test average loss 0.008040640089246962.
inverse model, training agent 0.
epoch 0: inverse train average loss 0.001342152209771383.
epoch 0: inverse test average loss 0.0026241811509761545.
epoch 99: inverse train average loss 0.0011140075576905576.
epoch 99: inverse test average loss 0.0020407891909902296.
forward model: training agent 1.
Epoch 0: forward train average loss 0.037342596178253494.
epoch 0: forward test average loss 0.014071041925085915.
Epoch 99: forward train average loss 0.004303939950962861.
epoch 99: forward test average loss 0.006289799387256305.
inverse model, training agent 1.
epoch 0: inverse train average loss 0.0015096931828237656.
epoch 0: inverse test average loss 0.00014348610744087232.
epoch 99: inverse train average loss 0.0010928048124899054.
epoch 99: inverse test average loss 0.00026666612312611606.
forward model: training agent 2.
Epoch 0: forward train average loss 0.0240270398143265.
epoch 0: forward test average loss 0.015863279501597088.
Epoch 99: forward train average loss 0.00401451557667719.
epoch 99: forward test average loss 0.006261344585153792.
inverse model, training agent 2.
epoch 0: inverse train average loss 0.0012814269672768812.
epoch 0: inverse test average loss 0.007303697781430351.
epoch 99: inverse train average loss 0.0007860649234822227.
epoch 99: inverse test average loss 0.002749033272266388.
forward model: training agent 3.
Epoch 0: forward train average loss 4.383207329116617e-11.
epoch 0: forward test average loss 7.564147514368033e-13.
Epoch 99: forward train average loss 2.108511258146052e-11.
epoch 99: forward test average loss 4.8728604484793436e-11.
inverse model, training agent 3.
epoch 0: inverse train average loss 0.0.
epoch 0: inverse test average loss 0.0.
epoch 99: inverse train average loss 0.0.
epoch 99: inverse test average loss 0.0.
forward model: training agent 4.
Epoch 0: forward train average loss 0.001982645028167301.
epoch 0: forward test average loss 0.0026614712551236153.
Epoch 99: forward train average loss 0.0018818200203693574.
epoch 99: forward test average loss 0.002665501398344835.
inverse model, training agent 4.
epoch 0: inverse train average loss 6.4675174937800506e-12.
epoch 0: inverse test average loss 0.0.
epoch 99: inverse train average loss 6.4675174937800506e-12.
epoch 99: inverse test average loss 0.0.
forward model: training agent 5.
Epoch 0: forward train average loss 0.005663795344945457.
epoch 0: forward test average loss 0.00827788644366794.
Epoch 99: forward train average loss 0.002629554623530971.
epoch 99: forward test average loss 0.004495040617055363.
inverse model, training agent 5.
epoch 0: inverse train average loss 1.1265818304511615e-05.
epoch 0: inverse test average loss 0.0008589677009796207.
epoch 99: inverse train average loss 1.271650792962949e-06.
epoch 99: inverse test average loss 0.0012499843102583934.
forward model: training agent 6.
Epoch 0: forward train average loss 0.008939209911558364.
epoch 0: forward test average loss 0.01344813323683209.
Epoch 99: forward train average loss 0.005415959283709526.
epoch 99: forward test average loss 0.007227815687656403.
inverse model, training agent 6.
epoch 0: inverse train average loss 0.0026002217394610247.
epoch 0: inverse test average loss 0.005542900206314193.
epoch 99: inverse train average loss 0.0016450087876162594.
epoch 99: inverse test average loss 0.002878631258176433.
forward model: training agent 7.
Epoch 0: forward train average loss 0.003785521671589878.
epoch 0: forward test average loss 0.006208836618396971.
Epoch 99: forward train average loss 0.0033984907074934905.
epoch 99: forward test average loss 0.005852816212508414.
inverse model, training agent 7.
epoch 0: inverse train average loss 0.005420146354784568.
epoch 0: inverse test average loss 0.00852797677119573.
epoch 99: inverse train average loss 0.0045687924656603075.
epoch 99: inverse test average loss 0.0037698421834243667.
forward model: training agent 8.
Epoch 0: forward train average loss 0.0029922272078692913.
epoch 0: forward test average loss 0.004144830008347829.
Epoch 99: forward train average loss 0.0027461016757620704.
epoch 99: forward test average loss 0.004147418671184116.
inverse model, training agent 8.
epoch 0: inverse train average loss 0.006955677488197883.
epoch 0: inverse test average loss 0.00655090156942606.
epoch 99: inverse train average loss 0.004368456934268276.
epoch 99: inverse test average loss 0.006602761439151234.
forward model: training agent 9.
Epoch 0: forward train average loss 0.009603980100817151.
epoch 0: forward test average loss 0.014406232370270623.
Epoch 99: forward train average loss 0.006163671198818419.
epoch 99: forward test average loss 0.00937281714545356.
inverse model, training agent 9.
epoch 0: inverse train average loss 0.001523796300817695.
epoch 0: inverse test average loss 0.0017306134234079057.
epoch 99: inverse train average loss 5.691528753636198e-05.
epoch 99: inverse test average loss 0.0002547586078031196.
forward model: training agent 10.
Epoch 0: forward train average loss 0.010133320258723365.
epoch 0: forward test average loss 0.010620634175009198.
Epoch 99: forward train average loss 0.005610154631237189.
epoch 99: forward test average loss 0.009116090420219634.
inverse model, training agent 10.
epoch 0: inverse train average loss 0.0034943847244398463.
epoch 0: inverse test average loss 0.004967935072878997.
epoch 99: inverse train average loss 0.002294354373589158.
epoch 99: inverse test average loss 0.004179666336211894.
forward model: training agent 11.
Epoch 0: forward train average loss 0.0036867009475827217.
epoch 0: forward test average loss 0.005398280504677031.
Epoch 99: forward train average loss 0.003366391122755077.
epoch 99: forward test average loss 0.006166594309939278.
inverse model, training agent 11.
epoch 0: inverse train average loss 0.0010119186610811287.
epoch 0: inverse test average loss 0.0009989615646190941.
epoch 99: inverse train average loss 0.0004684066969073481.
epoch 99: inverse test average loss 0.0010499489791173902.
forward model: training agent 12.
Epoch 0: forward train average loss 0.0014720387601604064.
epoch 0: forward test average loss 0.0018579913303256035.
Epoch 99: forward train average loss 0.001361694290406174.
epoch 99: forward test average loss 0.0017669813500510321.
inverse model, training agent 12.
epoch 0: inverse train average loss 2.8607546381762302e-05.
epoch 0: inverse test average loss 1.5162671742372267e-06.
epoch 99: inverse train average loss 2.610618758404194e-06.
epoch 99: inverse test average loss 1.6541442972892482e-06.
forward model: training agent 13.
Epoch 0: forward train average loss 0.002421773116414746.
epoch 0: forward test average loss 0.0032021190143293804.
Epoch 99: forward train average loss 0.00223180858625306.
epoch 99: forward test average loss 0.0034257014178567463.
inverse model, training agent 13.
epoch 0: inverse train average loss 0.0012826067007457216.
epoch 0: inverse test average loss 0.0002626996914235254.
epoch 99: inverse train average loss 0.0001260299411822214.
epoch 99: inverse test average loss 3.3238642370431786e-05.
forward model: training agent 14.
Epoch 0: forward train average loss 0.004647093618081676.
epoch 0: forward test average loss 0.007301390584972169.
Epoch 99: forward train average loss 0.00411000366633137.
epoch 99: forward test average loss 0.007382463249895308.
inverse model, training agent 14.
epoch 0: inverse train average loss 0.0017030600352477955.
epoch 0: inverse test average loss 0.0037935530352923605.
epoch 99: inverse train average loss 0.0002526750710482399.
epoch 99: inverse test average loss 0.0006339110485795471.
forward model: training agent 15.
Epoch 0: forward train average loss 0.058872484498553805.
epoch 0: forward test average loss 0.05145059360398187.
Epoch 99: forward train average loss 0.004154630212320222.
epoch 99: forward test average loss 0.006439162004325125.
inverse model, training agent 15.
epoch 0: inverse train average loss 0.004450628999620676.
epoch 0: inverse test average loss 0.00432488022165166.
epoch 99: inverse train average loss 0.0029467241062472263.
epoch 99: inverse test average loss 0.004827409154838986.
Policy training episode: 41, grounded actions taken: 5760, last two uncertainties: {0: [0.0, 0.0], 1: [0.0, 0.0], 2: [0.0, 0.0], 3: [0.0, 0.0], 4: [0.0, 0.0], 5: [0.0, 0.0], 6: [0.0, 0.0], 7: [0.0, 0.0], 8: [0.0, 0.0], 9: [0.0, 0.0], 10: [0.0, 0.0], 11: [0.0, 0.0], 12: [0.0, 0.0], 13: [0.0, 0.0], 14: [0.0, 0.0], 15: [0.0, 0.0]}, avg agent uncertainties: [0.0, 0.0, 0.0, 0.0, 0.0, 0.0, 0.0, 0.0, 0.0, 0.0, 0.0, 0.0, 0.0, 0.0, 0.0, 0.0], grounded actions by agent: [360, 360, 360, 360, 360, 360, 360, 360, 360, 360, 360, 360, 360, 360, 360, 360]
Policy training episode: 41, iteration 0/1, policy training avg travel time:418.5904691335155, q_loss:351.4225769042969, rewards:-797.8067708333333, queue:82.25885416666667, delay:0.47283176845974395, throughput:17052
Sim Rollout episode:42/100, sim avg travel time:122.8871961102107, rewards:-171.1675021701389, queue:12.736458333333333, delay:0.33991069793701173, throughput:20812
Real rollout step:42/100, travel time:165.29817960493554, rewards:-300.52565104166666, queue:22.514409722222222, delay:0.39412951999240453, throughput:17104
forward model: training agent 0.
Epoch 0: forward train average loss 0.007768189638025231.
epoch 0: forward test average loss 0.011230789124965668.
Epoch 99: forward train average loss 0.005569174989230103.
epoch 99: forward test average loss 0.009080333842171563.
inverse model, training agent 0.
epoch 0: inverse train average loss 0.0016927990493261153.
epoch 0: inverse test average loss 0.001098828183280097.
epoch 99: inverse train average loss 0.0016017365431050873.
epoch 99: inverse test average loss 0.0027402396727767256.
forward model: training agent 1.
Epoch 0: forward train average loss 0.006873989063832495.
epoch 0: forward test average loss 0.010071303695440292.
Epoch 99: forward train average loss 0.004165250187118848.
epoch 99: forward test average loss 0.008372250944375992.
inverse model, training agent 1.
epoch 0: inverse train average loss 0.000845675262907106.
epoch 0: inverse test average loss 0.0012746693682856858.
epoch 99: inverse train average loss 0.000731154901182486.
epoch 99: inverse test average loss 0.0011519369177727236.
forward model: training agent 2.
Epoch 0: forward train average loss 0.006590450906919109.
epoch 0: forward test average loss 0.01134563320212894.
Epoch 99: forward train average loss 0.004006156956570016.
epoch 99: forward test average loss 0.006962636071774695.
inverse model, training agent 2.
epoch 0: inverse train average loss 0.0006732005373730013.
epoch 0: inverse test average loss 0.00514580381827222.
epoch 99: inverse train average loss 0.00037842875786332623.
epoch 99: inverse test average loss 0.005376764262715976.
forward model: training agent 3.
Epoch 0: forward train average loss 1.3227878524402832e-11.
epoch 0: forward test average loss 3.0356100349453956e-11.
Epoch 99: forward train average loss 1.3018444925467283e-11.
epoch 99: forward test average loss 6.4517068385258926e-12.
inverse model, training agent 3.
epoch 0: inverse train average loss 0.0.
epoch 0: inverse test average loss 0.0.
epoch 99: inverse train average loss 0.0.
epoch 99: inverse test average loss 0.0.
forward model: training agent 4.
Epoch 0: forward train average loss 0.002615427960538202.
epoch 0: forward test average loss 0.004668838447994656.
Epoch 99: forward train average loss 0.0020322259774224628.
epoch 99: forward test average loss 0.0031207168681754004.
inverse model, training agent 4.
epoch 0: inverse train average loss 0.0.
epoch 0: inverse test average loss 0.0.
epoch 99: inverse train average loss 0.0.
epoch 99: inverse test average loss 0.0.
forward model: training agent 5.
Epoch 0: forward train average loss 0.003932289779186249.
epoch 0: forward test average loss 0.006443581854303678.
Epoch 99: forward train average loss 0.0027771732873386806.
epoch 99: forward test average loss 0.006029416082633866.
inverse model, training agent 5.
epoch 0: inverse train average loss 0.00034351187544719625.
epoch 0: inverse test average loss 2.014190512353606e-06.
epoch 99: inverse train average loss 0.00016397624211903248.
epoch 99: inverse test average loss 3.371307846262223e-05.
forward model: training agent 6.
Epoch 0: forward train average loss 0.010970705292291112.
epoch 0: forward test average loss 0.01711947139766481.
Epoch 99: forward train average loss 0.005154793978565269.
epoch 99: forward test average loss 0.009017497715022828.
inverse model, training agent 6.
epoch 0: inverse train average loss 0.0038025800863073934.
epoch 0: inverse test average loss 0.004366074378291766.
epoch 99: inverse train average loss 0.002236519759106967.
epoch 99: inverse test average loss 0.0023093389140235055.
forward model: training agent 7.
Epoch 0: forward train average loss 0.003570137648946709.
epoch 0: forward test average loss 0.006060747429728508.
Epoch 99: forward train average loss 0.0031964725090397727.
epoch 99: forward test average loss 0.0060772036926613916.
inverse model, training agent 7.
epoch 0: inverse train average loss 0.0054684534875882995.
epoch 0: inverse test average loss 0.015924381092190742.
epoch 99: inverse train average loss 0.003795728294385804.
epoch 99: inverse test average loss 0.009988071189986335.
forward model: training agent 8.
Epoch 0: forward train average loss 0.00267196757098039.
epoch 0: forward test average loss 0.004238859646850162.
Epoch 99: forward train average loss 0.0023999297473993567.
epoch 99: forward test average loss 0.003722772416141298.
inverse model, training agent 8.
epoch 0: inverse train average loss 0.0053847249493830735.
epoch 0: inverse test average loss 0.011281371116638184.
epoch 99: inverse train average loss 0.003827424202528265.
epoch 99: inverse test average loss 0.007174452352854941.
forward model: training agent 9.
Epoch 0: forward train average loss 0.008677584015660815.
epoch 0: forward test average loss 0.01417854055762291.
Epoch 99: forward train average loss 0.005599733131627242.
epoch 99: forward test average loss 0.01044182355205218.
inverse model, training agent 9.
epoch 0: inverse train average loss 0.00019250241328134306.
epoch 0: inverse test average loss 1.3890633150973978e-05.
epoch 99: inverse train average loss 5.223764876265907e-05.
epoch 99: inverse test average loss 6.244830021589425e-06.
forward model: training agent 10.
Epoch 0: forward train average loss 0.011795967817306519.
epoch 0: forward test average loss 0.019517511129379272.
Epoch 99: forward train average loss 0.005501329381432798.
epoch 99: forward test average loss 0.009912583149141736.
inverse model, training agent 10.
epoch 0: inverse train average loss 0.0035778171796765593.
epoch 0: inverse test average loss 0.006368124236663182.
epoch 99: inverse train average loss 0.001963991801150971.
epoch 99: inverse test average loss 0.00682380816174878.
forward model: training agent 11.
Epoch 0: forward train average loss 0.0038388618785474035.
epoch 0: forward test average loss 0.005921807554033067.
Epoch 99: forward train average loss 0.0034703688385585942.
epoch 99: forward test average loss 0.005848259561591678.
inverse model, training agent 11.
epoch 0: inverse train average loss 0.0005906212997312347.
epoch 0: inverse test average loss 0.002195864243225919.
epoch 99: inverse train average loss 0.00030412230666519865.
epoch 99: inverse test average loss 0.0009879749009592666.
forward model: training agent 12.
Epoch 0: forward train average loss 0.0014959164998597568.
epoch 0: forward test average loss 0.002394098271098402.
Epoch 99: forward train average loss 0.0013822560302085346.
epoch 99: forward test average loss 0.002508272727330526.
inverse model, training agent 12.
epoch 0: inverse train average loss 1.1960143410760793e-05.
epoch 0: inverse test average loss 3.91208484668621e-06.
epoch 99: inverse train average loss 1.0990915326500626e-06.
epoch 99: inverse test average loss 5.568747888497051e-07.
forward model: training agent 13.
Epoch 0: forward train average loss 0.0022961743331203857.
epoch 0: forward test average loss 0.003843410975403256.
Epoch 99: forward train average loss 0.0021151257937567104.
epoch 99: forward test average loss 0.0038551294969187844.
inverse model, training agent 13.
epoch 0: inverse train average loss 0.00010075740647152998.
epoch 0: inverse test average loss 2.649799070139933e-05.
epoch 99: inverse train average loss 1.5142743197631919e-05.
epoch 99: inverse test average loss 1.3352147056543294e-05.
forward model: training agent 14.
Epoch 0: forward train average loss 0.004921560072236591.
epoch 0: forward test average loss 0.006523712641663021.
Epoch 99: forward train average loss 0.0044957295888000065.
epoch 99: forward test average loss 0.007283021178510454.
inverse model, training agent 14.
epoch 0: inverse train average loss 0.0011562234916103382.
epoch 0: inverse test average loss 0.00021043591550551355.
epoch 99: inverse train average loss 0.00033820227448207635.
epoch 99: inverse test average loss 0.0006390930632025831.
forward model: training agent 15.
Epoch 0: forward train average loss 0.014521130878064368.
epoch 0: forward test average loss 0.017047545148266688.
Epoch 99: forward train average loss 0.004473032429814339.
epoch 99: forward test average loss 0.008173601494895088.
inverse model, training agent 15.
epoch 0: inverse train average loss 0.005519747423628966.
epoch 0: inverse test average loss 0.006745552540653282.
epoch 99: inverse train average loss 0.0022132904786202642.
epoch 99: inverse test average loss 0.003974987297422356.
Policy training episode: 42, grounded actions taken: 5760, last two uncertainties: {0: [0.0, 0.0], 1: [0.0, 0.0], 2: [0.0, 0.0], 3: [0.0, 0.0], 4: [0.0, 0.0], 5: [0.0, 0.0], 6: [0.0, 0.0], 7: [0.0, 0.0], 8: [0.0, 0.0], 9: [0.0, 0.0], 10: [0.0, 0.0], 11: [0.0, 0.0], 12: [0.0, 0.0], 13: [0.0, 0.0], 14: [0.0, 0.0], 15: [0.0, 0.0]}, avg agent uncertainties: [0.0, 0.0, 0.0, 0.0, 0.0, 0.0, 0.0, 0.0, 0.0, 0.0, 0.0, 0.0, 0.0, 0.0, 0.0, 0.0], grounded actions by agent: [360, 360, 360, 360, 360, 360, 360, 360, 360, 360, 360, 360, 360, 360, 360, 360]
Policy training episode: 42, iteration 0/1, policy training avg travel time:402.8972114137484, q_loss:344.1885070800781, rewards:-789.3015625, queue:78.06145833333333, delay:0.46663496229383683, throughput:17100
Sim Rollout episode:43/100, sim avg travel time:127.1019406234079, rewards:-210.17200520833333, queue:14.366319444444445, delay:0.33706885443793405, throughput:20747
Real rollout step:43/100, travel time:233.1279429117267, rewards:-426.05425347222223, queue:39.79739583333333, delay:0.4137388441297743, throughput:15781
forward model: training agent 0.
Epoch 0: forward train average loss 0.006171840036080943.
epoch 0: forward test average loss 0.009428086794084974.
Epoch 99: forward train average loss 0.00559976583139764.
epoch 99: forward test average loss 0.0085468753758404.
inverse model, training agent 0.
epoch 0: inverse train average loss 0.0017929701457938387.
epoch 0: inverse test average loss 0.0003409796368537678.
epoch 99: inverse train average loss 0.0010308195487596095.
epoch 99: inverse test average loss 0.0004197180452239182.
forward model: training agent 1.
Epoch 0: forward train average loss 0.005087378848758008.
epoch 0: forward test average loss 0.009089984827571444.
Epoch 99: forward train average loss 0.00442427567516764.
epoch 99: forward test average loss 0.00774038541648123.
inverse model, training agent 1.
epoch 0: inverse train average loss 0.0010653652312208174.
epoch 0: inverse test average loss 0.00024050844108892811.
epoch 99: inverse train average loss 0.0006828695736152844.
epoch 99: inverse test average loss 0.0003145785303786397.
forward model: training agent 2.
Epoch 0: forward train average loss 0.0058078934542006916.
epoch 0: forward test average loss 0.007243723091151979.
Epoch 99: forward train average loss 0.0040931506599817015.
epoch 99: forward test average loss 0.005868864556153615.
inverse model, training agent 2.
epoch 0: inverse train average loss 0.0009548295072616182.
epoch 0: inverse test average loss 0.0036617891035146182.
epoch 99: inverse train average loss 0.0006013047208802567.
epoch 99: inverse test average loss 0.0005838379988239871.
forward model: training agent 3.
Epoch 0: forward train average loss 3.5864556646648177e-12.
epoch 0: forward test average loss 1.934016218779138e-11.
Epoch 99: forward train average loss 3.254639536271537e-11.
epoch 99: forward test average loss 4.902672403852806e-11.
inverse model, training agent 3.
epoch 0: inverse train average loss 0.0.
epoch 0: inverse test average loss 0.0.
epoch 99: inverse train average loss 0.0.
epoch 99: inverse test average loss 0.0.
forward model: training agent 4.
Epoch 0: forward train average loss 0.15111874706215328.
epoch 0: forward test average loss 0.18093854851192898.
Epoch 99: forward train average loss 0.002430299167624778.
epoch 99: forward test average loss 0.004400503097309006.
inverse model, training agent 4.
epoch 0: inverse train average loss 0.0.
epoch 0: inverse test average loss 0.0.
epoch 99: inverse train average loss 0.0.
epoch 99: inverse test average loss 0.0.
forward model: training agent 5.
Epoch 0: forward train average loss 0.1706107904513677.
epoch 0: forward test average loss 0.19863983657624987.
Epoch 99: forward train average loss 0.0025326177063915464.
epoch 99: forward test average loss 0.004038352312313186.
inverse model, training agent 5.
epoch 0: inverse train average loss 0.0003082397844183207.
epoch 0: inverse test average loss 5.335691255620784e-05.
epoch 99: inverse train average loss 9.850107603092006e-05.
epoch 99: inverse test average loss 2.3442877540623562e-05.
forward model: training agent 6.
Epoch 0: forward train average loss 0.010539778197805086.
epoch 0: forward test average loss 0.013176136546664767.
Epoch 99: forward train average loss 0.004966196190151904.
epoch 99: forward test average loss 0.008477853818072213.
inverse model, training agent 6.
epoch 0: inverse train average loss 0.0023632540315803555.
epoch 0: inverse test average loss 0.004837636111511124.
epoch 99: inverse train average loss 0.0016250724826628964.
epoch 99: inverse test average loss 0.006085744955473476.
forward model: training agent 7.
Epoch 0: forward train average loss 0.004288071093873845.
epoch 0: forward test average loss 0.008503500372171402.
Epoch 99: forward train average loss 0.0037153613132735095.
epoch 99: forward test average loss 0.006333539055453407.
inverse model, training agent 7.
epoch 0: inverse train average loss 0.004452879074960947.
epoch 0: inverse test average loss 0.009610231965780258.
epoch 99: inverse train average loss 0.003800739999860525.
epoch 99: inverse test average loss 0.012443572282791138.
forward model: training agent 8.
Epoch 0: forward train average loss 0.07367973277966182.
epoch 0: forward test average loss 0.15071269538667467.
Epoch 99: forward train average loss 0.0033961613145139483.
epoch 99: forward test average loss 0.00592580603228675.
inverse model, training agent 8.
epoch 0: inverse train average loss 0.00460265985586577.
epoch 0: inverse test average loss 0.0061937713374694186.
epoch 99: inverse train average loss 0.0032163550042443806.
epoch 99: inverse test average loss 0.009212037548422813.
forward model: training agent 9.
Epoch 0: forward train average loss 0.11187284688154857.
epoch 0: forward test average loss 0.13404306438234118.
Epoch 99: forward train average loss 0.007068033226662212.
epoch 99: forward test average loss 0.010649887637959586.
inverse model, training agent 9.
epoch 0: inverse train average loss 0.00046882005052692775.
epoch 0: inverse test average loss 0.0011545838529451026.
epoch 99: inverse train average loss 1.331080870335831e-05.
epoch 99: inverse test average loss 0.004386259630943338.
forward model: training agent 10.
Epoch 0: forward train average loss 0.05833505756325192.
epoch 0: forward test average loss 0.05506587111287647.
Epoch 99: forward train average loss 0.012597546602288881.
epoch 99: forward test average loss 0.01846317036284341.
inverse model, training agent 10.
epoch 0: inverse train average loss 0.0026189123487306964.
epoch 0: inverse test average loss 0.0022452657317949664.
epoch 99: inverse train average loss 0.0018350288996265994.
epoch 99: inverse test average loss 0.0054364897724654936.
forward model: training agent 11.
Epoch 0: forward train average loss 0.0037725686302615535.
epoch 0: forward test average loss 0.006366621082027753.
Epoch 99: forward train average loss 0.0033370409057372147.
epoch 99: forward test average loss 0.0056544267055061125.
inverse model, training agent 11.
epoch 0: inverse train average loss 0.0005823584700313708.
epoch 0: inverse test average loss 0.00019680018562616574.
epoch 99: inverse train average loss 0.0002397855633818027.
epoch 99: inverse test average loss 0.00015951713107319342.
forward model: training agent 12.
Epoch 0: forward train average loss 0.0038866916567915017.
epoch 0: forward test average loss 0.005680941459205415.
Epoch 99: forward train average loss 0.0022875568829476833.
epoch 99: forward test average loss 0.004054022745953666.
inverse model, training agent 12.
epoch 0: inverse train average loss 5.640952546552095e-07.
epoch 0: inverse test average loss 3.983966709913349e-06.
epoch 99: inverse train average loss 1.2662258323340817e-07.
epoch 99: inverse test average loss 1.2046756047033745e-05.
forward model: training agent 13.
Epoch 0: forward train average loss 0.00393535853880975.
epoch 0: forward test average loss 0.0058492862929900484.
Epoch 99: forward train average loss 0.002538415655079815.
epoch 99: forward test average loss 0.003947376584013303.
inverse model, training agent 13.
epoch 0: inverse train average loss 0.16243826846281686.
epoch 0: inverse test average loss 0.24541332324345908.
epoch 99: inverse train average loss 0.011299234504501024.
epoch 99: inverse test average loss 0.021320319837994046.
forward model: training agent 14.
Epoch 0: forward train average loss 0.004995899999307262.
epoch 0: forward test average loss 0.006386064199937714.
Epoch 99: forward train average loss 0.003970431267387337.
epoch 99: forward test average loss 0.00669518547753493.
inverse model, training agent 14.
epoch 0: inverse train average loss 0.0023292035548365675.
epoch 0: inverse test average loss 4.235166276581973e-05.
epoch 99: inverse train average loss 0.000471641709737014.
epoch 99: inverse test average loss 3.8495541957672685e-05.
forward model: training agent 15.
Epoch 0: forward train average loss 0.24614508946736655.
epoch 0: forward test average loss 0.06906746493445502.
Epoch 99: forward train average loss 0.007344171094397704.
epoch 99: forward test average loss 0.012398471848832237.
inverse model, training agent 15.
epoch 0: inverse train average loss 0.019018341269758012.
epoch 0: inverse test average loss 0.036388984984821744.
epoch 99: inverse train average loss 0.00754180920517279.
epoch 99: inverse test average loss 0.01083805701798863.
Policy training episode: 43, grounded actions taken: 5760, last two uncertainties: {0: [0.0, 0.0], 1: [0.0, 0.0], 2: [0.0, 0.0], 3: [0.0, 0.0], 4: [0.0, 0.0], 5: [0.0, 0.0], 6: [0.0, 0.0], 7: [0.0, 0.0], 8: [0.0, 0.0], 9: [0.0, 0.0], 10: [0.0, 0.0], 11: [0.0, 0.0], 12: [0.0, 0.0], 13: [0.0, 0.0], 14: [0.0, 0.0], 15: [0.0, 0.0]}, avg agent uncertainties: [0.0, 0.0, 0.0, 0.0, 0.0, 0.0, 0.0, 0.0, 0.0, 0.0, 0.0, 0.0, 0.0, 0.0, 0.0, 0.0], grounded actions by agent: [360, 360, 360, 360, 360, 360, 360, 360, 360, 360, 360, 360, 360, 360, 360, 360]
Policy training episode: 43, iteration 0/1, policy training avg travel time:402.28067250243157, q_loss:340.2290344238281, rewards:-782.0430555555556, queue:81.72517361111112, delay:0.4881004333496094, throughput:16822
Sim Rollout episode:44/100, sim avg travel time:125.78070012965364, rewards:-204.5524956597222, queue:13.935416666666667, delay:0.3365499496459961, throughput:20775
Real rollout step:44/100, travel time:238.38753183607315, rewards:-353.6697699652778, queue:39.22291666666667, delay:0.40534930759006077, throughput:15572
forward model: training agent 0.
Epoch 0: forward train average loss 0.007831260665423341.
epoch 0: forward test average loss 0.013150725927617814.
Epoch 99: forward train average loss 0.005646033833424251.
epoch 99: forward test average loss 0.009180916680230035.
inverse model, training agent 0.
epoch 0: inverse train average loss 0.0015023541378064288.
epoch 0: inverse test average loss 0.001569428610511952.
epoch 99: inverse train average loss 0.0010425325211447973.
epoch 99: inverse test average loss 0.009260060550231073.
forward model: training agent 1.
Epoch 0: forward train average loss 0.004657822143700387.
epoch 0: forward test average loss 0.00838919190896882.
Epoch 99: forward train average loss 0.004365505909340249.
epoch 99: forward test average loss 0.008730189253886541.
inverse model, training agent 1.
epoch 0: inverse train average loss 0.000921486201049346.
epoch 0: inverse test average loss 0.0010508386314743096.
epoch 99: inverse train average loss 0.000762785380680321.
epoch 99: inverse test average loss 0.000995379484569033.
forward model: training agent 2.
Epoch 0: forward train average loss 0.0053717658544580145.
epoch 0: forward test average loss 0.007826820636789003.
Epoch 99: forward train average loss 0.004361838361041414.
epoch 99: forward test average loss 0.007029543113377359.
inverse model, training agent 2.
epoch 0: inverse train average loss 0.0007987601808660353.
epoch 0: inverse test average loss 0.0006643454544246197.
epoch 99: inverse train average loss 0.0005249907165610542.
epoch 99: inverse test average loss 0.0005353687188795044.
forward model: training agent 3.
Epoch 0: forward train average loss 3.0409093067692204e-11.
epoch 0: forward test average loss 3.6944358066608944e-11.
Epoch 99: forward train average loss 6.675352785966303e-12.
epoch 99: forward test average loss 4.5503223103063005e-12.
inverse model, training agent 3.
epoch 0: inverse train average loss 0.0.
epoch 0: inverse test average loss 0.0.
epoch 99: inverse train average loss 0.0.
epoch 99: inverse test average loss 0.0.
forward model: training agent 4.
Epoch 0: forward train average loss 0.02015675273206499.
epoch 0: forward test average loss 0.013239607214927673.
Epoch 99: forward train average loss 0.002034788097565373.
epoch 99: forward test average loss 0.0036333853171931375.
inverse model, training agent 4.
epoch 0: inverse train average loss 2.5870065349190934e-11.
epoch 0: inverse test average loss 0.0.
epoch 99: inverse train average loss 2.587006843314378e-11.
epoch 99: inverse test average loss 0.0.
forward model: training agent 5.
Epoch 0: forward train average loss 0.1827541771862242.
epoch 0: forward test average loss 0.06674615210956997.
Epoch 99: forward train average loss 0.0016245644850035508.
epoch 99: forward test average loss 0.0035976063874032763.
inverse model, training agent 5.
epoch 0: inverse train average loss 0.00013184114565471342.
epoch 0: inverse test average loss 9.621617613851817e-06.
epoch 99: inverse train average loss 0.00012063085634710862.
epoch 99: inverse test average loss 7.1359364584269415e-06.
forward model: training agent 6.
Epoch 0: forward train average loss 0.0048230186932616765.
epoch 0: forward test average loss 0.008479839811722437.
Epoch 99: forward train average loss 0.0044168356495598955.
epoch 99: forward test average loss 0.008095889041821161.
inverse model, training agent 6.
epoch 0: inverse train average loss 0.0036471621909489236.
epoch 0: inverse test average loss 0.0059736329648229815.
epoch 99: inverse train average loss 0.0025497920966396728.
epoch 99: inverse test average loss 0.005233037078546153.
forward model: training agent 7.
Epoch 0: forward train average loss 0.003489132918831375.
epoch 0: forward test average loss 0.005770936608314514.
Epoch 99: forward train average loss 0.0031294114887714386.
epoch 99: forward test average loss 0.005833649800883399.
inverse model, training agent 7.
epoch 0: inverse train average loss 0.004401199312673675.
epoch 0: inverse test average loss 0.011974582448601723.
epoch 99: inverse train average loss 0.0034743645487146247.
epoch 99: inverse test average loss 0.004371911080347167.
forward model: training agent 8.
Epoch 0: forward train average loss 0.0030865338113572863.
epoch 0: forward test average loss 0.004577807668182585.
Epoch 99: forward train average loss 0.002697819016045994.
epoch 99: forward test average loss 0.004333432349893782.
inverse model, training agent 8.
epoch 0: inverse train average loss 0.004518260972367393.
epoch 0: inverse test average loss 0.0036546287851201165.
epoch 99: inverse train average loss 0.0031938274235775075.
epoch 99: inverse test average loss 0.0028001347867151103.
forward model: training agent 9.
Epoch 0: forward train average loss 0.0071173786289162105.
epoch 0: forward test average loss 0.010953820414013334.
Epoch 99: forward train average loss 0.005914610086215867.
epoch 99: forward test average loss 0.010532572451565001.
inverse model, training agent 9.
epoch 0: inverse train average loss 0.0003219160316803027.
epoch 0: inverse test average loss 3.733421585315632e-05.
epoch 99: inverse train average loss 5.339255545146039e-05.
epoch 99: inverse test average loss 1.727264983249673e-05.
forward model: training agent 10.
Epoch 0: forward train average loss 0.006982350928915871.
epoch 0: forward test average loss 0.01132155085603396.
Epoch 99: forward train average loss 0.004925416575537788.
epoch 99: forward test average loss 0.008911334806018405.
inverse model, training agent 10.
epoch 0: inverse train average loss 0.0025597416226648623.
epoch 0: inverse test average loss 0.0018265585466805431.
epoch 99: inverse train average loss 0.0015661788379980458.
epoch 99: inverse test average loss 0.0031300578266382217.
forward model: training agent 11.
Epoch 0: forward train average loss 0.00381056291775571.
epoch 0: forward test average loss 0.00620439855588807.
Epoch 99: forward train average loss 0.003468295093625784.
epoch 99: forward test average loss 0.005944310584002071.
inverse model, training agent 11.
epoch 0: inverse train average loss 0.0005618765329321226.
epoch 0: inverse test average loss 0.001501637653240727.
epoch 99: inverse train average loss 0.0001823757387076815.
epoch 99: inverse test average loss 0.00022098633780842647.
forward model: training agent 12.
Epoch 0: forward train average loss 0.002311268692008323.
epoch 0: forward test average loss 0.003364464888970057.
Epoch 99: forward train average loss 0.002006344393723541.
epoch 99: forward test average loss 0.003326583653688431.
inverse model, training agent 12.
epoch 0: inverse train average loss 6.2685566089015765e-06.
epoch 0: inverse test average loss 3.2809250427590086e-07.
epoch 99: inverse train average loss 3.5334740920865846e-07.
epoch 99: inverse test average loss 1.3650481744459992e-06.
forward model: training agent 13.
Epoch 0: forward train average loss 0.0036065924602250257.
epoch 0: forward test average loss 0.006302957733472188.
Epoch 99: forward train average loss 0.0024629605209661853.
epoch 99: forward test average loss 0.004262911362780465.
inverse model, training agent 13.
epoch 0: inverse train average loss 0.011204373815821277.
epoch 0: inverse test average loss 0.01381636866264873.
epoch 99: inverse train average loss 0.007915120985772874.
epoch 99: inverse test average loss 0.010903676350911459.
forward model: training agent 14.
Epoch 0: forward train average loss 1.1117813719643488.
epoch 0: forward test average loss 1.5876454777187772.
Epoch 99: forward train average loss 0.009832675258318583.
epoch 99: forward test average loss 0.02093197488122516.
inverse model, training agent 14.
epoch 0: inverse train average loss 0.0008092239925948282.
epoch 0: inverse test average loss 0.0044384414019684.
epoch 99: inverse train average loss 0.0001892557047540322.
epoch 99: inverse test average loss 0.0017863000264494782.
forward model: training agent 15.
Epoch 0: forward train average loss 1.577837758594089.
epoch 0: forward test average loss 1.6549903551737468.
Epoch 99: forward train average loss 0.007687436727186044.
epoch 99: forward test average loss 0.013229516645272573.
inverse model, training agent 15.
epoch 0: inverse train average loss 0.01629545581009653.
epoch 0: inverse test average loss 0.02807249708308114.
epoch 99: inverse train average loss 0.00545788530467285.
epoch 99: inverse test average loss 0.009981867339875963.
Policy training episode: 44, grounded actions taken: 5760, last two uncertainties: {0: [0.0, 0.0], 1: [0.0, 0.0], 2: [0.0, 0.0], 3: [0.0, 0.0], 4: [0.0, 0.0], 5: [0.0, 0.0], 6: [0.0, 0.0], 7: [0.0, 0.0], 8: [0.0, 0.0], 9: [0.0, 0.0], 10: [0.0, 0.0], 11: [0.0, 0.0], 12: [0.0, 0.0], 13: [0.0, 0.0], 14: [0.0, 0.0], 15: [0.0, 0.0]}, avg agent uncertainties: [0.0, 0.0, 0.0, 0.0, 0.0, 0.0, 0.0, 0.0, 0.0, 0.0, 0.0, 0.0, 0.0, 0.0, 0.0, 0.0], grounded actions by agent: [360, 360, 360, 360, 360, 360, 360, 360, 360, 360, 360, 360, 360, 360, 360, 360]
Policy training episode: 44, iteration 0/1, policy training avg travel time:359.8309559095961, q_loss:348.0789794921875, rewards:-578.7340711805556, queue:66.5109375, delay:0.4682671864827474, throughput:16917
Sim Rollout episode:45/100, sim avg travel time:319.5578196637799, rewards:-299.36206597222224, queue:57.37690972222222, delay:0.3854489220513238, throughput:18544
Real rollout step:45/100, travel time:413.4880556581702, rewards:-548.8809027777778, queue:71.27534722222222, delay:0.4896312289767795, throughput:13537
forward model: training agent 0.
Epoch 0: forward train average loss 0.0072559319022629.
epoch 0: forward test average loss 0.010939331104358038.
Epoch 99: forward train average loss 0.005975930330653985.
epoch 99: forward test average loss 0.008487871123684777.
inverse model, training agent 0.
epoch 0: inverse train average loss 0.0009424030787259755.
epoch 0: inverse test average loss 0.001039776058557133.
epoch 99: inverse train average loss 0.0005927132539606342.
epoch 99: inverse test average loss 0.0019949223949677413.
forward model: training agent 1.
Epoch 0: forward train average loss 0.0048876445636981064.
epoch 0: forward test average loss 0.008474047813150618.
Epoch 99: forward train average loss 0.00410077322481407.
epoch 99: forward test average loss 0.007687463528580136.
inverse model, training agent 1.
epoch 0: inverse train average loss 0.002573000060187446.
epoch 0: inverse test average loss 0.0002977035344681806.
epoch 99: inverse train average loss 0.0019595511516349185.
epoch 99: inverse test average loss 0.0008905366477039126.
forward model: training agent 2.
Epoch 0: forward train average loss 0.0054422591088546645.
epoch 0: forward test average loss 0.007985341880056594.
Epoch 99: forward train average loss 0.004149586014035676.
epoch 99: forward test average loss 0.006992216118507915.
inverse model, training agent 2.
epoch 0: inverse train average loss 0.0008587618067394942.
epoch 0: inverse test average loss 0.0008017444439853231.
epoch 99: inverse train average loss 0.0006013887856776515.
epoch 99: inverse test average loss 0.0015971891375051604.
forward model: training agent 3.
Epoch 0: forward train average loss 8.014252070618098e-12.
epoch 0: forward test average loss 4.0164216088791865e-11.
Epoch 99: forward train average loss 2.38027571526961e-13.
epoch 99: forward test average loss 5.182378446131094e-13.
inverse model, training agent 3.
epoch 0: inverse train average loss 0.0.
epoch 0: inverse test average loss 0.0.
epoch 99: inverse train average loss 0.0.
epoch 99: inverse test average loss 0.0.
forward model: training agent 4.
Epoch 0: forward train average loss 0.0365845805241002.
epoch 0: forward test average loss 0.04072625603940752.
Epoch 99: forward train average loss 0.004872806991140048.
epoch 99: forward test average loss 0.006478249198860592.
inverse model, training agent 4.
epoch 0: inverse train average loss 0.0.
epoch 0: inverse test average loss 0.0.
epoch 99: inverse train average loss 0.0.
epoch 99: inverse test average loss 0.0.
forward model: training agent 5.
Epoch 0: forward train average loss 0.19906794279813766.
epoch 0: forward test average loss 0.06766175561481053.
Epoch 99: forward train average loss 0.0012003512173477146.
epoch 99: forward test average loss 0.00225688884448674.
inverse model, training agent 5.
epoch 0: inverse train average loss 1.2643671492500946e-08.
epoch 0: inverse test average loss 1.8109030324669422e-09.
epoch 99: inverse train average loss 1.2417346805114626e-08.
epoch 99: inverse test average loss 4.785958296338322e-09.
forward model: training agent 6.
Epoch 0: forward train average loss 0.04720237520005968.
epoch 0: forward test average loss 0.08116281032562256.
Epoch 99: forward train average loss 0.005108576267957687.
epoch 99: forward test average loss 0.008427457676993476.
inverse model, training agent 6.
epoch 0: inverse train average loss 0.0019858760190092856.
epoch 0: inverse test average loss 0.0030924376721183458.
epoch 99: inverse train average loss 0.0013900439565380414.
epoch 99: inverse test average loss 0.0026552087316910424.
forward model: training agent 7.
Epoch 0: forward train average loss 0.5067117810249329.
epoch 0: forward test average loss 0.5153481165568033.
Epoch 99: forward train average loss 0.004509301080058019.
epoch 99: forward test average loss 0.0077041151622931165.
inverse model, training agent 7.
epoch 0: inverse train average loss 0.003931600290040175.
epoch 0: inverse test average loss 0.007337653595540259.
epoch 99: inverse train average loss 0.003432679326376981.
epoch 99: inverse test average loss 0.0033090956923034457.
forward model: training agent 8.
Epoch 0: forward train average loss 0.29046517941686845.
epoch 0: forward test average loss 0.2121836543083191.
Epoch 99: forward train average loss 0.004119493532925844.
epoch 99: forward test average loss 0.006495998344487614.
inverse model, training agent 8.
epoch 0: inverse train average loss 0.002998092548093862.
epoch 0: inverse test average loss 0.0033621625560853216.
epoch 99: inverse train average loss 0.0018240332137793303.
epoch 99: inverse test average loss 0.004088532386554612.
forward model: training agent 9.
Epoch 0: forward train average loss 0.077594217326906.
epoch 0: forward test average loss 0.055135933889283076.
Epoch 99: forward train average loss 0.005033927141792244.
epoch 99: forward test average loss 0.008696213364601135.
inverse model, training agent 9.
epoch 0: inverse train average loss 0.0009063411659250656.
epoch 0: inverse test average loss 0.0002008640165311388.
epoch 99: inverse train average loss 0.00014108795221545734.
epoch 99: inverse test average loss 1.3670133992289064e-05.
forward model: training agent 10.
Epoch 0: forward train average loss 0.1499418748749627.
epoch 0: forward test average loss 0.1910518142912123.
Epoch 99: forward train average loss 0.01072289463546541.
epoch 99: forward test average loss 0.016826074570417404.
inverse model, training agent 10.
epoch 0: inverse train average loss 0.002107180719677773.
epoch 0: inverse test average loss 0.003553615106890599.
epoch 99: inverse train average loss 0.0013984122003118198.
epoch 99: inverse test average loss 0.00438267985979716.
forward model: training agent 11.
Epoch 0: forward train average loss 0.0037215549188355603.
epoch 0: forward test average loss 0.006024486074844996.
Epoch 99: forward train average loss 0.0034409341816273.
epoch 99: forward test average loss 0.005823690651191605.
inverse model, training agent 11.
epoch 0: inverse train average loss 0.000657914555631578.
epoch 0: inverse test average loss 0.0014075769738863325.
epoch 99: inverse train average loss 0.00010192798557303225.
epoch 99: inverse test average loss 0.0012749614737307031.
forward model: training agent 12.
Epoch 0: forward train average loss 0.00529578747227788.
epoch 0: forward test average loss 0.00793109130528238.
Epoch 99: forward train average loss 0.0015909237942347925.
epoch 99: forward test average loss 0.0034639303468995625.
inverse model, training agent 12.
epoch 0: inverse train average loss 3.0276153337480434e-07.
epoch 0: inverse test average loss 0.0007799900734918689.
epoch 99: inverse train average loss 4.5276463565989566e-08.
epoch 99: inverse test average loss 0.00022395620019070397.
forward model: training agent 13.
Epoch 0: forward train average loss 0.11387294282515843.
epoch 0: forward test average loss 0.10015715161959331.
Epoch 99: forward train average loss 0.002754275014417039.
epoch 99: forward test average loss 0.004446886272894012.
inverse model, training agent 13.
epoch 0: inverse train average loss 0.057148909403218165.
epoch 0: inverse test average loss 0.08796541227234735.
epoch 99: inverse train average loss 0.0026688072313037184.
epoch 99: inverse test average loss 0.0062369112856686115.
forward model: training agent 14.
Epoch 0: forward train average loss 0.5988653832011752.
epoch 0: forward test average loss 0.5934695535235934.
Epoch 99: forward train average loss 0.03949750711520513.
epoch 99: forward test average loss 0.0839869115087721.
inverse model, training agent 14.
epoch 0: inverse train average loss 1.634824071711844e-05.
epoch 0: inverse test average loss 0.014019626089267965.
epoch 99: inverse train average loss 6.995483570588274e-06.
epoch 99: inverse test average loss 0.1247579958031161.
forward model: training agent 15.
Epoch 0: forward train average loss 0.6261999739540948.
epoch 0: forward test average loss 0.6026539537641737.
Epoch 99: forward train average loss 0.011077850643131468.
epoch 99: forward test average loss 0.022877926627794903.
inverse model, training agent 15.
epoch 0: inverse train average loss 0.5016505718231201.
epoch 0: inverse test average loss 0.7835273742675781.
epoch 99: inverse train average loss 0.045316942036151886.
epoch 99: inverse test average loss 0.0757528609699673.
Policy training episode: 45, grounded actions taken: 5760, last two uncertainties: {0: [0.0, 0.0], 1: [0.0, 0.0], 2: [0.0, 0.0], 3: [0.0, 0.0], 4: [0.0, 0.0], 5: [0.0, 0.0], 6: [0.0, 0.0], 7: [0.0, 0.0], 8: [0.0, 0.0], 9: [0.0, 0.0], 10: [0.0, 0.0], 11: [0.0, 0.0], 12: [0.0, 0.0], 13: [0.0, 0.0], 14: [0.0, 0.0], 15: [0.0, 0.0]}, avg agent uncertainties: [0.0, 0.0, 0.0, 0.0, 0.0, 0.0, 0.0, 0.0, 0.0, 0.0, 0.0, 0.0, 0.0, 0.0, 0.0, 0.0], grounded actions by agent: [360, 360, 360, 360, 360, 360, 360, 360, 360, 360, 360, 360, 360, 360, 360, 360]
Policy training episode: 45, iteration 0/1, policy training avg travel time:249.82223559918503, q_loss:347.367919921875, rewards:-469.20633680555557, queue:45.06684027777778, delay:0.4409744686550564, throughput:19105
Sim Rollout episode:46/100, sim avg travel time:125.80712399833249, rewards:-210.9934027777778, queue:13.97829861111111, delay:0.3213621563381619, throughput:20757
Real rollout step:46/100, travel time:303.41622760800846, rewards:-506.3020833333333, queue:52.86440972222222, delay:0.45921635097927516, throughput:15001
forward model: training agent 0.
Epoch 0: forward train average loss 0.005791853906379806.
epoch 0: forward test average loss 0.007653451007273462.
Epoch 99: forward train average loss 0.005347212569581138.
epoch 99: forward test average loss 0.008193218045764498.
inverse model, training agent 0.
epoch 0: inverse train average loss 0.0003429051010041601.
epoch 0: inverse test average loss 0.0025533916325204903.
epoch 99: inverse train average loss 0.00012042508751619607.
epoch 99: inverse test average loss 0.0024122452369839367.
forward model: training agent 1.
Epoch 0: forward train average loss 0.004468476451519463.
epoch 0: forward test average loss 0.007447411202722126.
Epoch 99: forward train average loss 0.004069379530847073.
epoch 99: forward test average loss 0.006782875499791569.
inverse model, training agent 1.
epoch 0: inverse train average loss 0.0011676183461935984.
epoch 0: inverse test average loss 0.0013432769208318656.
epoch 99: inverse train average loss 0.0007085947048229476.
epoch 99: inverse test average loss 0.0024945304806654653.
forward model: training agent 2.
Epoch 0: forward train average loss 0.0038322403302623164.
epoch 0: forward test average loss 0.0055676061246130205.
Epoch 99: forward train average loss 0.0033979412271744674.
epoch 99: forward test average loss 0.005798383512430721.
inverse model, training agent 2.
epoch 0: inverse train average loss 0.002125122532662418.
epoch 0: inverse test average loss 0.0026239402359351516.
epoch 99: inverse train average loss 0.0016715865478747422.
epoch 99: inverse test average loss 0.0020377883014993537.
forward model: training agent 3.
Epoch 0: forward train average loss 8.547348725304758e-13.
epoch 0: forward test average loss 8.617437010885156e-12.
Epoch 99: forward train average loss 1.4545479250073334e-10.
epoch 99: forward test average loss 1.3169032531124003e-10.
inverse model, training agent 3.
epoch 0: inverse train average loss 0.0.
epoch 0: inverse test average loss 0.0.
epoch 99: inverse train average loss 0.0.
epoch 99: inverse test average loss 0.0.
forward model: training agent 4.
Epoch 0: forward train average loss 0.018346293932861753.
epoch 0: forward test average loss 0.017533046503861744.
Epoch 99: forward train average loss 0.003616942610177729.
epoch 99: forward test average loss 0.005072254480587112.
inverse model, training agent 4.
epoch 0: inverse train average loss 0.0.
epoch 0: inverse test average loss 0.0.
epoch 99: inverse train average loss 0.0.
epoch 99: inverse test average loss 0.0.
forward model: training agent 5.
Epoch 0: forward train average loss 0.007377359705666701.
epoch 0: forward test average loss 0.010849201844798194.
Epoch 99: forward train average loss 0.0035171908740368155.
epoch 99: forward test average loss 0.0051087964740064405.
inverse model, training agent 5.
epoch 0: inverse train average loss 0.00023261703811133176.
epoch 0: inverse test average loss 4.639643884729594e-05.
epoch 99: inverse train average loss 0.00010540451411442418.
epoch 99: inverse test average loss 7.58468902656912e-05.
forward model: training agent 6.
Epoch 0: forward train average loss 0.00556569370544619.
epoch 0: forward test average loss 0.008799799200561311.
Epoch 99: forward train average loss 0.004612845161722766.
epoch 99: forward test average loss 0.007194153550598357.
inverse model, training agent 6.
epoch 0: inverse train average loss 0.0035253999133904776.
epoch 0: inverse test average loss 0.012879756589730581.
epoch 99: inverse train average loss 0.002351944050234225.
epoch 99: inverse test average loss 0.0032295947894454002.
forward model: training agent 7.
Epoch 0: forward train average loss 0.004683229399638044.
epoch 0: forward test average loss 0.0069212646534045534.
Epoch 99: forward train average loss 0.003575999444971482.
epoch 99: forward test average loss 0.006178707091344727.
inverse model, training agent 7.
epoch 0: inverse train average loss 0.003820160093406836.
epoch 0: inverse test average loss 0.0028492286801338196.
epoch 99: inverse train average loss 0.003025604308479362.
epoch 99: inverse test average loss 0.005933615172074901.
forward model: training agent 8.
Epoch 0: forward train average loss 0.00507144754131635.
epoch 0: forward test average loss 0.0067955003016524846.
Epoch 99: forward train average loss 0.002647337865912252.
epoch 99: forward test average loss 0.004941179727514585.
inverse model, training agent 8.
epoch 0: inverse train average loss 0.003840198792103264.
epoch 0: inverse test average loss 0.007856987002823088.
epoch 99: inverse train average loss 0.002651615210601853.
epoch 99: inverse test average loss 0.004041169045699967.
forward model: training agent 9.
Epoch 0: forward train average loss 0.007954153542717298.
epoch 0: forward test average loss 0.010619957000017166.
Epoch 99: forward train average loss 0.00302489898684952.
epoch 99: forward test average loss 0.007984861524568664.
inverse model, training agent 9.
epoch 0: inverse train average loss 0.000954661663046055.
epoch 0: inverse test average loss 0.000470702258300864.
epoch 99: inverse train average loss 3.8470600379191135e-05.
epoch 99: inverse test average loss 0.00012726678849301406.
forward model: training agent 10.
Epoch 0: forward train average loss 0.0331625925997893.
epoch 0: forward test average loss 0.04673720233970218.
Epoch 99: forward train average loss 0.006988280452787876.
epoch 99: forward test average loss 0.01174527034163475.
inverse model, training agent 10.
epoch 0: inverse train average loss 0.0017429792270478276.
epoch 0: inverse test average loss 0.0011319102098544438.
epoch 99: inverse train average loss 0.001028561408424543.
epoch 99: inverse test average loss 0.0008919324544775817.
forward model: training agent 11.
Epoch 0: forward train average loss 0.0035106221006976236.
epoch 0: forward test average loss 0.00527605124645763.
Epoch 99: forward train average loss 0.0033098289536105264.
epoch 99: forward test average loss 0.0047938962363534504.
inverse model, training agent 11.
epoch 0: inverse train average loss 0.00024326200461170325.
epoch 0: inverse test average loss 3.345756219156707e-05.
epoch 99: inverse train average loss 9.588631332412155e-05.
epoch 99: inverse test average loss 2.137925265641469e-05.
forward model: training agent 12.
Epoch 0: forward train average loss 0.0015366581630789572.
epoch 0: forward test average loss 0.002869092341926363.
Epoch 99: forward train average loss 0.0013662951532751322.
epoch 99: forward test average loss 0.00239855930623081.
inverse model, training agent 12.
epoch 0: inverse train average loss 4.994858894886218e-07.
epoch 0: inverse test average loss 1.0232433803973133e-07.
epoch 99: inverse train average loss 3.206257994905728e-08.
epoch 99: inverse test average loss 9.557876662963989e-08.
forward model: training agent 13.
Epoch 0: forward train average loss 0.002481216099113226.
epoch 0: forward test average loss 0.004129349771473143.
Epoch 99: forward train average loss 0.002203386820231875.
epoch 99: forward test average loss 0.004206528059310383.
inverse model, training agent 13.
epoch 0: inverse train average loss 0.0037062493049436146.
epoch 0: inverse test average loss 0.009349294420745637.
epoch 99: inverse train average loss 0.001821439545084205.
epoch 99: inverse test average loss 0.006174319320254856.
forward model: training agent 14.
Epoch 0: forward train average loss 0.019055486139323976.
epoch 0: forward test average loss 0.028237861891587574.
Epoch 99: forward train average loss 0.007051787960032622.
epoch 99: forward test average loss 0.012389407803614935.
inverse model, training agent 14.
epoch 0: inverse train average loss 0.0005921167370009547.
epoch 0: inverse test average loss 0.002446620493881508.
epoch 99: inverse train average loss 4.591598190017976e-05.
epoch 99: inverse test average loss 0.003361244634207752.
forward model: training agent 15.
Epoch 0: forward train average loss 0.26609699262513054.
epoch 0: forward test average loss 0.2167417605717977.
Epoch 99: forward train average loss 0.010358516747752825.
epoch 99: forward test average loss 0.01856285250849194.
inverse model, training agent 15.
epoch 0: inverse train average loss 0.008603249055643877.
epoch 0: inverse test average loss 0.012141006688276926.
epoch 99: inverse train average loss 0.003239003682716025.
epoch 99: inverse test average loss 0.016561532186137304.
Policy training episode: 46, grounded actions taken: 5760, last two uncertainties: {0: [0.0, 0.0], 1: [0.0, 0.0], 2: [0.0, 0.0], 3: [0.0, 0.0], 4: [0.0, 0.0], 5: [0.0, 0.0], 6: [0.0, 0.0], 7: [0.0, 0.0], 8: [0.0, 0.0], 9: [0.0, 0.0], 10: [0.0, 0.0], 11: [0.0, 0.0], 12: [0.0, 0.0], 13: [0.0, 0.0], 14: [0.0, 0.0], 15: [0.0, 0.0]}, avg agent uncertainties: [0.0, 0.0, 0.0, 0.0, 0.0, 0.0, 0.0, 0.0, 0.0, 0.0, 0.0, 0.0, 0.0, 0.0, 0.0, 0.0], grounded actions by agent: [360, 360, 360, 360, 360, 360, 360, 360, 360, 360, 360, 360, 360, 360, 360, 360]
Policy training episode: 46, iteration 0/1, policy training avg travel time:239.32939705473743, q_loss:341.5079345703125, rewards:-432.05946180555554, queue:44.79913194444445, delay:0.4468486785888672, throughput:19159
Sim Rollout episode:47/100, sim avg travel time:125.18139728691143, rewards:-205.66082899305556, queue:13.674305555555556, delay:0.31816349029541013, throughput:20763
Real rollout step:47/100, travel time:261.7498119104115, rewards:-452.22699652777777, queue:45.106944444444444, delay:0.42318640814887154, throughput:15441
forward model: training agent 0.
Epoch 0: forward train average loss 0.005901951549781693.
epoch 0: forward test average loss 0.01036190034614669.
Epoch 99: forward train average loss 0.005065520294010639.
epoch 99: forward test average loss 0.010677720937463973.
inverse model, training agent 0.
epoch 0: inverse train average loss 0.0011834373476126024.
epoch 0: inverse test average loss 0.0011802739463746548.
epoch 99: inverse train average loss 0.00068481549129097.
epoch 99: inverse test average loss 0.0004651595534394599.
forward model: training agent 1.
Epoch 0: forward train average loss 0.004891907796263695.
epoch 0: forward test average loss 0.007367570367124345.
Epoch 99: forward train average loss 0.004070586473163631.
epoch 99: forward test average loss 0.007627828874521785.
inverse model, training agent 1.
epoch 0: inverse train average loss 0.004155955794784758.
epoch 0: inverse test average loss 0.0027861093145070803.
epoch 99: inverse train average loss 0.0013168130535632372.
epoch 99: inverse test average loss 0.00115003969727291.
forward model: training agent 2.
Epoch 0: forward train average loss 0.0045730747903386755.
epoch 0: forward test average loss 0.008570637553930283.
Epoch 99: forward train average loss 0.0034624055648843446.
epoch 99: forward test average loss 0.007610254196657075.
inverse model, training agent 2.
epoch 0: inverse train average loss 0.0027703227889206675.
epoch 0: inverse test average loss 0.0028525927207536167.
epoch 99: inverse train average loss 0.0019726324503103066.
epoch 99: inverse test average loss 0.003017104748222563.
forward model: training agent 3.
Epoch 0: forward train average loss 7.656615233806205e-11.
epoch 0: forward test average loss 7.003230402998402e-11.
Epoch 99: forward train average loss 1.0431294319354172e-12.
epoch 99: forward test average loss 2.6699624378684955e-12.
inverse model, training agent 3.
epoch 0: inverse train average loss 0.0.
epoch 0: inverse test average loss 0.0.
epoch 99: inverse train average loss 0.0.
epoch 99: inverse test average loss 0.0.
forward model: training agent 4.
Epoch 0: forward train average loss 0.005604430981394317.
epoch 0: forward test average loss 0.007912473960055245.
Epoch 99: forward train average loss 0.0031067277304828167.
epoch 99: forward test average loss 0.004749478979243172.
inverse model, training agent 4.
epoch 0: inverse train average loss 2.5870065349190934e-11.
epoch 0: inverse test average loss 0.0.
epoch 99: inverse train average loss 1.940255055386962e-11.
epoch 99: inverse test average loss 0.0.
forward model: training agent 5.
Epoch 0: forward train average loss 0.004430416350563367.
epoch 0: forward test average loss 0.008817618505822288.
Epoch 99: forward train average loss 0.0033907571083141696.
epoch 99: forward test average loss 0.005829571435848872.
inverse model, training agent 5.
epoch 0: inverse train average loss 0.00013044336755127815.
epoch 0: inverse test average loss 4.123858970059599e-06.
epoch 99: inverse train average loss 5.156419926303594e-05.
epoch 99: inverse test average loss 5.897012265955305e-06.
forward model: training agent 6.
Epoch 0: forward train average loss 0.005367651685244507.
epoch 0: forward test average loss 0.008701867113510767.
Epoch 99: forward train average loss 0.004634748109512859.
epoch 99: forward test average loss 0.007595812694893943.
inverse model, training agent 6.
epoch 0: inverse train average loss 0.006501684689687358.
epoch 0: inverse test average loss 0.0038372899612618815.
epoch 99: inverse train average loss 0.0046580140478909016.
epoch 99: inverse test average loss 0.007886171133981811.
forward model: training agent 7.
Epoch 0: forward train average loss 0.004142427661766608.
epoch 0: forward test average loss 0.0064498620728651685.
Epoch 99: forward train average loss 0.0035287042976253563.
epoch 99: forward test average loss 0.0063258082502418095.
inverse model, training agent 7.
epoch 0: inverse train average loss 0.004198356479820278.
epoch 0: inverse test average loss 0.0029801524554689727.
epoch 99: inverse train average loss 0.003157914253986544.
epoch 99: inverse test average loss 0.005686023789975379.
forward model: training agent 8.
Epoch 0: forward train average loss 0.004215512528187699.
epoch 0: forward test average loss 0.005569410406880909.
Epoch 99: forward train average loss 0.0031408430594536993.
epoch 99: forward test average loss 0.005809243768453598.
inverse model, training agent 8.
epoch 0: inverse train average loss 0.0018407341299785508.
epoch 0: inverse test average loss 0.006657678840888871.
epoch 99: inverse train average loss 0.001308004656392667.
epoch 99: inverse test average loss 0.011319031318028768.
forward model: training agent 9.
Epoch 0: forward train average loss 0.012826943356129859.
epoch 0: forward test average loss 0.014311152613825269.
Epoch 99: forward train average loss 0.0036102752718660566.
epoch 99: forward test average loss 0.007488879478640026.
inverse model, training agent 9.
epoch 0: inverse train average loss 0.00018725281228802892.
epoch 0: inverse test average loss 5.362395960004404e-05.
epoch 99: inverse train average loss 1.818726893058435e-05.
epoch 99: inverse test average loss 4.810376978841507e-05.
forward model: training agent 10.
Epoch 0: forward train average loss 0.03914123152693113.
epoch 0: forward test average loss 0.03381085395812988.
Epoch 99: forward train average loss 0.006184642410112752.
epoch 99: forward test average loss 0.011798204233249029.
inverse model, training agent 10.
epoch 0: inverse train average loss 0.0038211707853608662.
epoch 0: inverse test average loss 0.0033431916187206903.
epoch 99: inverse train average loss 0.0013084762419263523.
epoch 99: inverse test average loss 0.0015432785989509688.
forward model: training agent 11.
Epoch 0: forward train average loss 0.003556258976459503.
epoch 0: forward test average loss 0.005519285177191098.
Epoch 99: forward train average loss 0.0033230751545892823.
epoch 99: forward test average loss 0.005747181259923511.
inverse model, training agent 11.
epoch 0: inverse train average loss 0.0002940108970506117.
epoch 0: inverse test average loss 0.0007888552758635746.
epoch 99: inverse train average loss 0.00010416154044732038.
epoch 99: inverse test average loss 0.0019853217203894425.
forward model: training agent 12.
Epoch 0: forward train average loss 0.001977100839010543.
epoch 0: forward test average loss 0.003657208445171515.
Epoch 99: forward train average loss 0.0016938848162276878.
epoch 99: forward test average loss 0.0029290784150362015.
inverse model, training agent 12.
epoch 0: inverse train average loss 5.459938150980608e-08.
epoch 0: inverse test average loss 1.1224940542496773e-07.
epoch 99: inverse train average loss 1.1155998302616846e-08.
epoch 99: inverse test average loss 2.4430884574636974e-07.
forward model: training agent 13.
Epoch 0: forward train average loss 0.0025090876345833144.
epoch 0: forward test average loss 0.004090916158424484.
Epoch 99: forward train average loss 0.0022455990935365358.
epoch 99: forward test average loss 0.0035986233916547564.
inverse model, training agent 13.
epoch 0: inverse train average loss 0.006922778207808733.
epoch 0: inverse test average loss 0.011827731298075782.
epoch 99: inverse train average loss 0.003785026621901327.
epoch 99: inverse test average loss 0.004691398961262571.
forward model: training agent 14.
Epoch 0: forward train average loss 0.005818632120887439.
epoch 0: forward test average loss 0.009987306677632861.
Epoch 99: forward train average loss 0.004493781831115484.
epoch 99: forward test average loss 0.0075323519607385.
inverse model, training agent 14.
epoch 0: inverse train average loss 0.001631573783621813.
epoch 0: inverse test average loss 0.0010000540084244374.
epoch 99: inverse train average loss 0.0003416042293085613.
epoch 99: inverse test average loss 0.0005858727381564677.
forward model: training agent 15.
Epoch 0: forward train average loss 0.06544961035251617.
epoch 0: forward test average loss 0.07027895583046807.
Epoch 99: forward train average loss 0.006737352141903507.
epoch 99: forward test average loss 0.011679489993386798.
inverse model, training agent 15.
epoch 0: inverse train average loss 0.009521006916960081.
epoch 0: inverse test average loss 0.012642244497934977.
epoch 99: inverse train average loss 0.0028513498190376493.
epoch 99: inverse test average loss 0.0034117316827178.
Policy training episode: 47, grounded actions taken: 5760, last two uncertainties: {0: [0.0, 0.0], 1: [0.0, 0.0], 2: [0.0, 0.0], 3: [0.0, 0.0], 4: [0.0, 0.0], 5: [0.0, 0.0], 6: [0.0, 0.0], 7: [0.0, 0.0], 8: [0.0, 0.0], 9: [0.0, 0.0], 10: [0.0, 0.0], 11: [0.0, 0.0], 12: [0.0, 0.0], 13: [0.0, 0.0], 14: [0.0, 0.0], 15: [0.0, 0.0]}, avg agent uncertainties: [0.0, 0.0, 0.0, 0.0, 0.0, 0.0, 0.0, 0.0, 0.0, 0.0, 0.0, 0.0, 0.0, 0.0, 0.0, 0.0], grounded actions by agent: [360, 360, 360, 360, 360, 360, 360, 360, 360, 360, 360, 360, 360, 360, 360, 360]
Policy training episode: 47, iteration 0/1, policy training avg travel time:201.0493238236384, q_loss:337.0363464355469, rewards:-386.35442708333335, queue:40.9515625, delay:0.4355383978949653, throughput:19425
Sim Rollout episode:48/100, sim avg travel time:126.77475224599426, rewards:-210.46610243055557, queue:14.317881944444444, delay:0.3304669698079427, throughput:20749
Real rollout step:48/100, travel time:248.75858690640848, rewards:-471.58342013888887, queue:43.160243055555554, delay:0.4084246741400825, throughput:15696
forward model: training agent 0.
Epoch 0: forward train average loss 0.004873015710877048.
epoch 0: forward test average loss 0.009370316647821002.
Epoch 99: forward train average loss 0.004326382910625802.
epoch 99: forward test average loss 0.008485842082235549.
inverse model, training agent 0.
epoch 0: inverse train average loss 0.00039111153132075234.
epoch 0: inverse test average loss 0.0007043267445017894.
epoch 99: inverse train average loss 0.00031753681590392563.
epoch 99: inverse test average loss 0.0005938153093059858.
forward model: training agent 1.
Epoch 0: forward train average loss 0.0038920739251706335.
epoch 0: forward test average loss 0.0056509992314709555.
Epoch 99: forward train average loss 0.0030232791064514052.
epoch 99: forward test average loss 0.005029318647252189.
inverse model, training agent 1.
epoch 0: inverse train average loss 0.002140328249273201.
epoch 0: inverse test average loss 0.001929093592075838.
epoch 99: inverse train average loss 0.0018209186317916545.
epoch 99: inverse test average loss 0.0013948497750485938.
forward model: training agent 2.
Epoch 0: forward train average loss 0.003048159854693545.
epoch 0: forward test average loss 0.0047019221302535795.
Epoch 99: forward train average loss 0.002683809544477198.
epoch 99: forward test average loss 0.0045813628368907506.
inverse model, training agent 2.
epoch 0: inverse train average loss 0.011630890890955925.
epoch 0: inverse test average loss 0.025199551549222734.
epoch 99: inverse train average loss 0.005823419532842106.
epoch 99: inverse test average loss 0.008929587072796293.
forward model: training agent 3.
Epoch 0: forward train average loss 1.4476368478762312e-12.
epoch 0: forward test average loss 1.8938714649385173e-13.
Epoch 99: forward train average loss 1.8256087902975466e-11.
epoch 99: forward test average loss 5.5057739231953756e-11.
inverse model, training agent 3.
epoch 0: inverse train average loss 0.0.
epoch 0: inverse test average loss 0.0.
epoch 99: inverse train average loss 0.0.
epoch 99: inverse test average loss 0.0.
forward model: training agent 4.
Epoch 0: forward train average loss 0.003356956411153078.
epoch 0: forward test average loss 0.004756467623843087.
Epoch 99: forward train average loss 0.0026920712552964687.
epoch 99: forward test average loss 0.003931193612515926.
inverse model, training agent 4.
epoch 0: inverse train average loss 1.293503421657189e-11.
epoch 0: inverse test average loss 0.0.
epoch 99: inverse train average loss 6.4675174937800506e-12.
epoch 99: inverse test average loss 0.0.
forward model: training agent 5.
Epoch 0: forward train average loss 0.0038769664242863655.
epoch 0: forward test average loss 0.006626497540209029.
Epoch 99: forward train average loss 0.003381638735946682.
epoch 99: forward test average loss 0.00684458969367875.
inverse model, training agent 5.
epoch 0: inverse train average loss 0.00022701518853157014.
epoch 0: inverse test average loss 1.80990435991488e-06.
epoch 99: inverse train average loss 4.3944297026933375e-05.
epoch 99: inverse test average loss 1.5403181047683272e-05.
forward model: training agent 6.
Epoch 0: forward train average loss 0.005555842796133624.
epoch 0: forward test average loss 0.0085003562271595.
Epoch 99: forward train average loss 0.0045394547697570585.
epoch 99: forward test average loss 0.00749716783563296.
inverse model, training agent 6.
epoch 0: inverse train average loss 0.003223675380771359.
epoch 0: inverse test average loss 0.006548247817489836.
epoch 99: inverse train average loss 0.0022584712132811546.
epoch 99: inverse test average loss 0.003001788527601295.
forward model: training agent 7.
Epoch 0: forward train average loss 0.00428029035942422.
epoch 0: forward test average loss 0.005698177135652966.
Epoch 99: forward train average loss 0.003330034152087238.
epoch 99: forward test average loss 0.005191395266188515.
inverse model, training agent 7.
epoch 0: inverse train average loss 0.003302292691336738.
epoch 0: inverse test average loss 0.004178960497180621.
epoch 99: inverse train average loss 0.002500473159468836.
epoch 99: inverse test average loss 0.003339851895968119.
forward model: training agent 8.
Epoch 0: forward train average loss 0.013474605563614104.
epoch 0: forward test average loss 0.010615641044245826.
Epoch 99: forward train average loss 0.002509143798508578.
epoch 99: forward test average loss 0.004955858613053958.
inverse model, training agent 8.
epoch 0: inverse train average loss 0.0035125843973623384.
epoch 0: inverse test average loss 0.0061973534110519625.
epoch 99: inverse train average loss 0.002514873139767183.
epoch 99: inverse test average loss 0.0038382932543754578.
forward model: training agent 9.
Epoch 0: forward train average loss 0.015385716532667479.
epoch 0: forward test average loss 0.015117001202371385.
Epoch 99: forward train average loss 0.0024295571881035962.
epoch 99: forward test average loss 0.00536994884411494.
inverse model, training agent 9.
epoch 0: inverse train average loss 0.0004488886382508402.
epoch 0: inverse test average loss 0.001021550450887945.
epoch 99: inverse train average loss 1.005532299637303e-05.
epoch 99: inverse test average loss 1.1253056852764428e-05.
forward model: training agent 10.
Epoch 0: forward train average loss 0.02484873847828971.
epoch 0: forward test average loss 0.026712025205294292.
Epoch 99: forward train average loss 0.005872692188454999.
epoch 99: forward test average loss 0.009535261326366.
inverse model, training agent 10.
epoch 0: inverse train average loss 0.0012995843620349963.
epoch 0: inverse test average loss 0.002220155360798041.
epoch 99: inverse train average loss 0.0007388769881799817.
epoch 99: inverse test average loss 0.0028356143997775186.
forward model: training agent 11.
Epoch 0: forward train average loss 0.005091843402220143.
epoch 0: forward test average loss 0.007425231652127372.
Epoch 99: forward train average loss 0.003504405056850778.
epoch 99: forward test average loss 0.005849571277697881.
inverse model, training agent 11.
epoch 0: inverse train average loss 0.0010076672123331162.
epoch 0: inverse test average loss 0.0030871754926111964.
epoch 99: inverse train average loss 0.0001763864064640883.
epoch 99: inverse test average loss 0.002908041700720787.
forward model: training agent 12.
Epoch 0: forward train average loss 0.0029222816228866577.
epoch 0: forward test average loss 0.005521291452977393.
Epoch 99: forward train average loss 0.002236370669884814.
epoch 99: forward test average loss 0.004164376192622715.
inverse model, training agent 12.
epoch 0: inverse train average loss 2.929700929385801e-08.
epoch 0: inverse test average loss 1.4195320529905884e-06.
epoch 99: inverse train average loss 1.6686056475577624e-09.
epoch 99: inverse test average loss 4.850103449724783e-08.
forward model: training agent 13.
Epoch 0: forward train average loss 0.0026288750684923595.
epoch 0: forward test average loss 0.00414318260219362.
Epoch 99: forward train average loss 0.0022552235362430415.
epoch 99: forward test average loss 0.0038176958138744035.
inverse model, training agent 13.
epoch 0: inverse train average loss 0.016042115373743907.
epoch 0: inverse test average loss 0.021247074007987976.
epoch 99: inverse train average loss 0.00643031071457598.
epoch 99: inverse test average loss 0.014937918219301436.
forward model: training agent 14.
Epoch 0: forward train average loss 0.004682126972410414.
epoch 0: forward test average loss 0.006974586182170444.
Epoch 99: forward train average loss 0.004261094921578963.
epoch 99: forward test average loss 0.006931438421209653.
inverse model, training agent 14.
epoch 0: inverse train average loss 0.0003184733278531995.
epoch 0: inverse test average loss 0.00016629632510658767.
epoch 99: inverse train average loss 4.1502653402858414e-05.
epoch 99: inverse test average loss 1.1204827589810722e-05.
forward model: training agent 15.
Epoch 0: forward train average loss 0.017463635446296796.
epoch 0: forward test average loss 0.020705877906746335.
Epoch 99: forward train average loss 0.005296837021079328.
epoch 99: forward test average loss 0.009512526707516776.
inverse model, training agent 15.
epoch 0: inverse train average loss 0.004968454906096061.
epoch 0: inverse test average loss 0.004759484488103125.
epoch 99: inverse train average loss 0.0034157969057559967.
epoch 99: inverse test average loss 0.003615372245096498.
Policy training episode: 48, grounded actions taken: 5760, last two uncertainties: {0: [0.0, 0.0], 1: [0.0, 0.0], 2: [0.0, 0.0], 3: [0.0, 0.0], 4: [0.0, 0.0], 5: [0.0, 0.0], 6: [0.0, 0.0], 7: [0.0, 0.0], 8: [0.0, 0.0], 9: [0.0, 0.0], 10: [0.0, 0.0], 11: [0.0, 0.0], 12: [0.0, 0.0], 13: [0.0, 0.0], 14: [0.0, 0.0], 15: [0.0, 0.0]}, avg agent uncertainties: [0.0, 0.0, 0.0, 0.0, 0.0, 0.0, 0.0, 0.0, 0.0, 0.0, 0.0, 0.0, 0.0, 0.0, 0.0, 0.0], grounded actions by agent: [360, 360, 360, 360, 360, 360, 360, 360, 360, 360, 360, 360, 360, 360, 360, 360]
Policy training episode: 48, iteration 0/1, policy training avg travel time:286.34031219602576, q_loss:348.5490417480469, rewards:-509.72339409722224, queue:55.55920138888889, delay:0.45326809353298614, throughput:18178
Sim Rollout episode:49/100, sim avg travel time:125.55510279681423, rewards:-207.92111545138889, queue:13.760590277777778, delay:0.31392553117540145, throughput:20754
Real rollout step:49/100, travel time:251.80764140629495, rewards:-471.89774305555557, queue:43.96649305555555, delay:0.40198440551757814, throughput:15681
forward model: training agent 0.
Epoch 0: forward train average loss 0.004870879670812024.
epoch 0: forward test average loss 0.007945955627494387.
Epoch 99: forward train average loss 0.00423946138471365.
epoch 99: forward test average loss 0.007294778194692399.
inverse model, training agent 0.
epoch 0: inverse train average loss 0.0006371847218057761.
epoch 0: inverse test average loss 0.00036478503574875905.
epoch 99: inverse train average loss 0.0003951566808003311.
epoch 99: inverse test average loss 0.00038588737273433554.
forward model: training agent 1.
Epoch 0: forward train average loss 0.003194968837002913.
epoch 0: forward test average loss 0.004867404078443845.
Epoch 99: forward train average loss 0.002741350016246239.
epoch 99: forward test average loss 0.005219346119297875.
inverse model, training agent 1.
epoch 0: inverse train average loss 0.026109294758902654.
epoch 0: inverse test average loss 0.030011625753508672.
epoch 99: inverse train average loss 0.008228245708677504.
epoch 99: inverse test average loss 0.01171120587322447.
forward model: training agent 2.
Epoch 0: forward train average loss 0.0031768978676862186.
epoch 0: forward test average loss 0.006320596362153689.
Epoch 99: forward train average loss 0.002827695519145992.
epoch 99: forward test average loss 0.004406624370151096.
inverse model, training agent 2.
epoch 0: inverse train average loss 0.0038997906053231824.
epoch 0: inverse test average loss 0.005170833526386155.
epoch 99: inverse train average loss 0.0007635525414823658.
epoch 99: inverse test average loss 0.0014529103516704505.
forward model: training agent 3.
Epoch 0: forward train average loss 1.9197610226044198e-11.
epoch 0: forward test average loss 2.1725043831811855e-11.
Epoch 99: forward train average loss 3.6665082621246806e-11.
epoch 99: forward test average loss 1.384956902248133e-10.
inverse model, training agent 3.
epoch 0: inverse train average loss 0.0.
epoch 0: inverse test average loss 0.0.
epoch 99: inverse train average loss 0.0.
epoch 99: inverse test average loss 0.0.
forward model: training agent 4.
Epoch 0: forward train average loss 0.005071797718604405.
epoch 0: forward test average loss 0.005985824391245842.
Epoch 99: forward train average loss 0.0023817907139245006.
epoch 99: forward test average loss 0.00367604558252626.
inverse model, training agent 4.
epoch 0: inverse train average loss 0.04531471762392256.
epoch 0: inverse test average loss 0.02058566278881497.
epoch 99: inverse train average loss 0.019291373176707163.
epoch 99: inverse test average loss 0.009775462249914805.
forward model: training agent 5.
Epoch 0: forward train average loss 0.004116776140613688.
epoch 0: forward test average loss 0.0069159650140338475.
Epoch 99: forward train average loss 0.0034009824093017313.
epoch 99: forward test average loss 0.007668255517880122.
inverse model, training agent 5.
epoch 0: inverse train average loss 0.00013917271765725067.
epoch 0: inverse test average loss 5.562843418576651e-05.
epoch 99: inverse train average loss 5.311838701042385e-05.
epoch 99: inverse test average loss 4.646479081000305e-06.
forward model: training agent 6.
Epoch 0: forward train average loss 0.008142791998883089.
epoch 0: forward test average loss 0.013642863266997866.
Epoch 99: forward train average loss 0.00448971733243929.
epoch 99: forward test average loss 0.007795451829830806.
inverse model, training agent 6.
epoch 0: inverse train average loss 0.0039016038386358153.
epoch 0: inverse test average loss 0.0019402916594925853.
epoch 99: inverse train average loss 0.002595823879043261.
epoch 99: inverse test average loss 0.0024727492903669677.
forward model: training agent 7.
Epoch 0: forward train average loss 0.00503924416585101.
epoch 0: forward test average loss 0.008563845521873899.
Epoch 99: forward train average loss 0.003286020364612341.
epoch 99: forward test average loss 0.005435330172379811.
inverse model, training agent 7.
epoch 0: inverse train average loss 0.0026841473300009966.
epoch 0: inverse test average loss 0.00393553435181578.
epoch 99: inverse train average loss 0.0021562767991175256.
epoch 99: inverse test average loss 0.006192952394485474.
forward model: training agent 8.
Epoch 0: forward train average loss 0.006071811231474082.
epoch 0: forward test average loss 0.00661617186334398.
Epoch 99: forward train average loss 0.0025707782349652713.
epoch 99: forward test average loss 0.00386193860322237.
inverse model, training agent 8.
epoch 0: inverse train average loss 0.0029682019570221505.
epoch 0: inverse test average loss 0.003236548768149482.
epoch 99: inverse train average loss 0.002148708380344841.
epoch 99: inverse test average loss 0.0024199261743989256.
forward model: training agent 9.
Epoch 0: forward train average loss 0.00634065404948261.
epoch 0: forward test average loss 0.00794970989227295.
Epoch 99: forward train average loss 0.0026234031861854922.
epoch 99: forward test average loss 0.0044341666830910575.
inverse model, training agent 9.
epoch 0: inverse train average loss 8.436303925110324e-05.
epoch 0: inverse test average loss 0.00011424502008594573.
epoch 99: inverse train average loss 1.2961761045618106e-05.
epoch 99: inverse test average loss 0.0002297490920884431.
forward model: training agent 10.
Epoch 0: forward train average loss 0.012083282073338827.
epoch 0: forward test average loss 0.013336149768696891.
Epoch 99: forward train average loss 0.00487637369790011.
epoch 99: forward test average loss 0.008889318340354495.
inverse model, training agent 10.
epoch 0: inverse train average loss 0.0022309289003411927.
epoch 0: inverse test average loss 0.0010629156281033324.
epoch 99: inverse train average loss 0.0012095108007391293.
epoch 99: inverse test average loss 0.0030035561261077723.
forward model: training agent 11.
Epoch 0: forward train average loss 0.0035990836719671884.
epoch 0: forward test average loss 0.00604626764025953.
Epoch 99: forward train average loss 0.0033457717444333765.
epoch 99: forward test average loss 0.0062923069215483135.
inverse model, training agent 11.
epoch 0: inverse train average loss 0.0013006283487710687.
epoch 0: inverse test average loss 0.008336357772350311.
epoch 99: inverse train average loss 0.00029223576550268463.
epoch 99: inverse test average loss 0.002454476249921653.
forward model: training agent 12.
Epoch 0: forward train average loss 0.0024107188607255616.
epoch 0: forward test average loss 0.0041414497213231195.
Epoch 99: forward train average loss 0.0022441072958625024.
epoch 99: forward test average loss 0.0028976614897449813.
inverse model, training agent 12.
epoch 0: inverse train average loss 2.8498910679239066e-06.
epoch 0: inverse test average loss 2.3283062977608182e-10.
epoch 99: inverse train average loss 4.3448888314361824e-08.
epoch 99: inverse test average loss 1.1900230800776512e-09.
forward model: training agent 13.
Epoch 0: forward train average loss 0.002757216493288676.
epoch 0: forward test average loss 0.004794332509239514.
Epoch 99: forward train average loss 0.0024682355837689508.
epoch 99: forward test average loss 0.004097527720861965.
inverse model, training agent 13.
epoch 0: inverse train average loss 0.007202646695077419.
epoch 0: inverse test average loss 0.013701961272292666.
epoch 99: inverse train average loss 0.0052159261475834585.
epoch 99: inverse test average loss 0.00717969611287117.
forward model: training agent 14.
Epoch 0: forward train average loss 0.005039375585814317.
epoch 0: forward test average loss 0.007667469895548291.
Epoch 99: forward train average loss 0.004735034528291888.
epoch 99: forward test average loss 0.007317616293827693.
inverse model, training agent 14.
epoch 0: inverse train average loss 0.01710765663948324.
epoch 0: inverse test average loss 0.033913258049223155.
epoch 99: inverse train average loss 0.003513799462881353.
epoch 99: inverse test average loss 0.004006326806524562.
forward model: training agent 15.
Epoch 0: forward train average loss 0.010874289915793471.
epoch 0: forward test average loss 0.01324646630220943.
Epoch 99: forward train average loss 0.005258351564407349.
epoch 99: forward test average loss 0.009217222531636557.
inverse model, training agent 15.
epoch 0: inverse train average loss 0.0034348106839590603.
epoch 0: inverse test average loss 0.006623783666226599.
epoch 99: inverse train average loss 0.0026865219179954794.
epoch 99: inverse test average loss 0.005021768725580639.
Policy training episode: 49, grounded actions taken: 5760, last two uncertainties: {0: [0.0, 0.0], 1: [0.0, 0.0], 2: [0.0, 0.0], 3: [0.0, 0.0], 4: [0.0, 0.0], 5: [0.0, 0.0], 6: [0.0, 0.0], 7: [0.0, 0.0], 8: [0.0, 0.0], 9: [0.0, 0.0], 10: [0.0, 0.0], 11: [0.0, 0.0], 12: [0.0, 0.0], 13: [0.0, 0.0], 14: [0.0, 0.0], 15: [0.0, 0.0]}, avg agent uncertainties: [0.0, 0.0, 0.0, 0.0, 0.0, 0.0, 0.0, 0.0, 0.0, 0.0, 0.0, 0.0, 0.0, 0.0, 0.0, 0.0], grounded actions by agent: [360, 360, 360, 360, 360, 360, 360, 360, 360, 360, 360, 360, 360, 360, 360, 360]
Policy training episode: 49, iteration 0/1, policy training avg travel time:188.52236939607263, q_loss:358.03570556640625, rewards:-383.093359375, queue:35.25277777777778, delay:0.4412427690294054, throughput:19583
Sim Rollout episode:50/100, sim avg travel time:125.73109516091688, rewards:-212.0755859375, queue:13.919444444444444, delay:0.321532228257921, throughput:20740
Real rollout step:50/100, travel time:242.81019342248752, rewards:-470.0390625, queue:41.22430555555555, delay:0.3976837158203125, throughput:15838
forward model: training agent 0.
Epoch 0: forward train average loss 0.004982005183895429.
epoch 0: forward test average loss 0.007608686470323139.
Epoch 99: forward train average loss 0.004487736150622368.
epoch 99: forward test average loss 0.006957716825935576.
inverse model, training agent 0.
epoch 0: inverse train average loss 0.0002875069848313514.
epoch 0: inverse test average loss 0.0006359676190186292.
epoch 99: inverse train average loss 0.000167102123668883.
epoch 99: inverse test average loss 0.0008107815713932117.
forward model: training agent 1.
Epoch 0: forward train average loss 0.003117081036584245.
epoch 0: forward test average loss 0.004809192071358363.
Epoch 99: forward train average loss 0.0027450457629230288.
epoch 99: forward test average loss 0.004912910362084706.
inverse model, training agent 1.
epoch 0: inverse train average loss 0.006909696695705255.
epoch 0: inverse test average loss 0.015100436906019846.
epoch 99: inverse train average loss 0.005270190278275145.
epoch 99: inverse test average loss 0.009252749383449554.
forward model: training agent 2.
Epoch 0: forward train average loss 0.0030555895840128264.
epoch 0: forward test average loss 0.005129530611965392.
Epoch 99: forward train average loss 0.002787711357490884.
epoch 99: forward test average loss 0.004900193048848046.
inverse model, training agent 2.
epoch 0: inverse train average loss 0.0007907593907374474.
epoch 0: inverse test average loss 0.00050844674761821.
epoch 99: inverse train average loss 0.00040327639888144203.
epoch 99: inverse test average loss 0.00077383352133135.
forward model: training agent 3.
Epoch 0: forward train average loss 3.7264951974896876e-11.
epoch 0: forward test average loss 4.241359424166862e-11.
Epoch 99: forward train average loss 2.1720487315575004e-11.
epoch 99: forward test average loss 3.474245582582272e-11.
inverse model, training agent 3.
epoch 0: inverse train average loss 0.0.
epoch 0: inverse test average loss 0.0.
epoch 99: inverse train average loss 0.0.
epoch 99: inverse test average loss 0.0.
forward model: training agent 4.
Epoch 0: forward train average loss 0.003940164370255338.
epoch 0: forward test average loss 0.005402713807092773.
Epoch 99: forward train average loss 0.002103760295237104.
epoch 99: forward test average loss 0.002992010778850979.
inverse model, training agent 4.
epoch 0: inverse train average loss 0.24220896429485744.
epoch 0: inverse test average loss 0.28539495997958714.
epoch 99: inverse train average loss 0.02884532490538226.
epoch 99: inverse test average loss 0.04924370514021979.
forward model: training agent 5.
Epoch 0: forward train average loss 0.004470802740090423.
epoch 0: forward test average loss 0.007474412106805378.
Epoch 99: forward train average loss 0.0034014122664100593.
epoch 99: forward test average loss 0.0054287562767664594.
inverse model, training agent 5.
epoch 0: inverse train average loss 8.4526070875452e-05.
epoch 0: inverse test average loss 5.0394090875569316e-05.
epoch 99: inverse train average loss 1.906753017048383e-05.
epoch 99: inverse test average loss 1.580956248087912e-06.
forward model: training agent 6.
Epoch 0: forward train average loss 0.0068041251765357125.
epoch 0: forward test average loss 0.009767803053061167.
Epoch 99: forward train average loss 0.0051564375559488935.
epoch 99: forward test average loss 0.009973425832059648.
inverse model, training agent 6.
epoch 0: inverse train average loss 0.0035016080364584923.
epoch 0: inverse test average loss 0.003996790076295535.
epoch 99: inverse train average loss 0.0029016574586017262.
epoch 99: inverse test average loss 0.0020223561570876175.
forward model: training agent 7.
Epoch 0: forward train average loss 0.009703567872444788.
epoch 0: forward test average loss 0.012999672442674637.
Epoch 99: forward train average loss 0.005208785645663738.
epoch 99: forward test average loss 0.007317597046494484.
inverse model, training agent 7.
epoch 0: inverse train average loss 0.003224119362938735.
epoch 0: inverse test average loss 0.0029248024026552835.
epoch 99: inverse train average loss 0.003021820681169629.
epoch 99: inverse test average loss 0.00686505354113049.
forward model: training agent 8.
Epoch 0: forward train average loss 0.028556775715616014.
epoch 0: forward test average loss 0.03363350364896986.
Epoch 99: forward train average loss 0.005972165924807389.
epoch 99: forward test average loss 0.008822869095537398.
inverse model, training agent 8.
epoch 0: inverse train average loss 0.0025293047074228525.
epoch 0: inverse test average loss 0.002206267103449338.
epoch 99: inverse train average loss 0.0017505420966901714.
epoch 99: inverse test average loss 0.0020901188771757814.
forward model: training agent 9.
Epoch 0: forward train average loss 0.023896909836265776.
epoch 0: forward test average loss 0.026600740022129483.
Epoch 99: forward train average loss 0.005881505500939157.
epoch 99: forward test average loss 0.013496586018138461.
inverse model, training agent 9.
epoch 0: inverse train average loss 0.0004230070899969481.
epoch 0: inverse test average loss 4.723371840024508e-06.
epoch 99: inverse train average loss 4.272396159245141e-05.
epoch 99: inverse test average loss 2.4140501207309877e-05.
forward model: training agent 10.
Epoch 0: forward train average loss 0.020616531785991456.
epoch 0: forward test average loss 0.023514667318926916.
Epoch 99: forward train average loss 0.0045011465230749715.
epoch 99: forward test average loss 0.007335849934154087.
inverse model, training agent 10.
epoch 0: inverse train average loss 0.003067045576042599.
epoch 0: inverse test average loss 0.0024899604743243093.
epoch 99: inverse train average loss 0.0013254269336660702.
epoch 99: inverse test average loss 0.0024028816777798864.
forward model: training agent 11.
Epoch 0: forward train average loss 0.003634056386848291.
epoch 0: forward test average loss 0.005653320501248042.
Epoch 99: forward train average loss 0.00334590839015113.
epoch 99: forward test average loss 0.006362677034404542.
inverse model, training agent 11.
epoch 0: inverse train average loss 0.0016166702844202518.
epoch 0: inverse test average loss 0.0014170937033163176.
epoch 99: inverse train average loss 0.0005179750442039222.
epoch 99: inverse test average loss 0.0006878174737923675.
forward model: training agent 12.
Epoch 0: forward train average loss 0.002181169447592563.
epoch 0: forward test average loss 0.004116949521832996.
Epoch 99: forward train average loss 0.0019110392313450575.
epoch 99: forward test average loss 0.004045403045084741.
inverse model, training agent 12.
epoch 0: inverse train average loss 1.9081363475701193e-07.
epoch 0: inverse test average loss 1.7332904494398664e-09.
epoch 99: inverse train average loss 2.2040610324501763e-08.
epoch 99: inverse test average loss 2.4576514157104157e-09.
forward model: training agent 13.
Epoch 0: forward train average loss 0.0025382528288496863.
epoch 0: forward test average loss 0.003919230567084419.
Epoch 99: forward train average loss 0.002305439854454663.
epoch 99: forward test average loss 0.004052384032143487.
inverse model, training agent 13.
epoch 0: inverse train average loss 0.00470138310144345.
epoch 0: inverse test average loss 0.00785702880885866.
epoch 99: inverse train average loss 0.0038225751680632434.
epoch 99: inverse test average loss 0.00596401116086377.
forward model: training agent 14.
Epoch 0: forward train average loss 0.004672017983264393.
epoch 0: forward test average loss 0.0075624105003145.
Epoch 99: forward train average loss 0.0043934194060663385.
epoch 99: forward test average loss 0.007250934632288085.
inverse model, training agent 14.
epoch 0: inverse train average loss 0.001804694830853906.
epoch 0: inverse test average loss 0.006662751858433087.
epoch 99: inverse train average loss 0.0001776050153744614.
epoch 99: inverse test average loss 0.001980411005206406.
forward model: training agent 15.
Epoch 0: forward train average loss 0.007411710710989105.
epoch 0: forward test average loss 0.009545820454756418.
Epoch 99: forward train average loss 0.0047757938090297915.
epoch 99: forward test average loss 0.007502973286641968.
inverse model, training agent 15.
epoch 0: inverse train average loss 0.0028921772156738574.
epoch 0: inverse test average loss 0.0040659718215465546.
epoch 99: inverse train average loss 0.0016278158355918196.
epoch 99: inverse test average loss 0.0026054619294073847.
Policy training episode: 50, grounded actions taken: 5760, last two uncertainties: {0: [0.0, 0.0], 1: [0.0, 0.0], 2: [0.0, 0.0], 3: [0.0, 0.0], 4: [0.0, 0.0], 5: [0.0, 0.0], 6: [0.0, 0.0], 7: [0.0, 0.0], 8: [0.0, 0.0], 9: [0.0, 0.0], 10: [0.0, 0.0], 11: [0.0, 0.0], 12: [0.0, 0.0], 13: [0.0, 0.0], 14: [0.0, 0.0], 15: [0.0, 0.0]}, avg agent uncertainties: [0.0, 0.0, 0.0, 0.0, 0.0, 0.0, 0.0, 0.0, 0.0, 0.0, 0.0, 0.0, 0.0, 0.0, 0.0, 0.0], grounded actions by agent: [360, 360, 360, 360, 360, 360, 360, 360, 360, 360, 360, 360, 360, 360, 360, 360]
Policy training episode: 50, iteration 0/1, policy training avg travel time:260.54681422485646, q_loss:371.89703369140625, rewards:-501.93628472222224, queue:49.93385416666667, delay:0.4320955064561632, throughput:18713
Sim Rollout episode:51/100, sim avg travel time:125.460010188487, rewards:-213.99223090277778, queue:13.744270833333333, delay:0.30886039733886717, throughput:20751
Real rollout step:51/100, travel time:230.9766492206821, rewards:-463.3639322916667, queue:37.59861111111111, delay:0.3941230773925781, throughput:15940
forward model: training agent 0.
Epoch 0: forward train average loss 0.004646847128040261.
epoch 0: forward test average loss 0.008082583132717345.
Epoch 99: forward train average loss 0.004297575551188654.
epoch 99: forward test average loss 0.008203999863730537.
inverse model, training agent 0.
epoch 0: inverse train average loss 7.309793484940504e-05.
epoch 0: inverse test average loss 0.00019713282947325043.
epoch 99: inverse train average loss 2.6597662933151394e-05.
epoch 99: inverse test average loss 7.994364972950684e-05.
forward model: training agent 1.
Epoch 0: forward train average loss 0.0032642867105702558.
epoch 0: forward test average loss 0.004821337345573638.
Epoch 99: forward train average loss 0.0026968582015898493.
epoch 99: forward test average loss 0.004423935587207477.
inverse model, training agent 1.
epoch 0: inverse train average loss 0.008172942532433404.
epoch 0: inverse test average loss 0.017418384965923097.
epoch 99: inverse train average loss 0.0007664062860486512.
epoch 99: inverse test average loss 0.0015800477089619057.
forward model: training agent 2.
Epoch 0: forward train average loss 0.002773516500989596.
epoch 0: forward test average loss 0.004868330020043585.
Epoch 99: forward train average loss 0.00249058711859915.
epoch 99: forward test average loss 0.0042867449422677355.
inverse model, training agent 2.
epoch 0: inverse train average loss 0.0007562961481097671.
epoch 0: inverse test average loss 0.0010723837444351779.
epoch 99: inverse train average loss 0.0005760387672732273.
epoch 99: inverse test average loss 0.00037262189127634175.
forward model: training agent 3.
Epoch 0: forward train average loss 1.7329458277321526e-11.
epoch 0: forward test average loss 1.0877127902079545e-11.
Epoch 99: forward train average loss 6.287579928160931e-12.
epoch 99: forward test average loss 1.8932071188526578e-11.
inverse model, training agent 3.
epoch 0: inverse train average loss 0.0.
epoch 0: inverse test average loss 0.0.
epoch 99: inverse train average loss 0.0.
epoch 99: inverse test average loss 0.0.
forward model: training agent 4.
Epoch 0: forward train average loss 0.004465951584279537.
epoch 0: forward test average loss 0.006676422018143866.
Epoch 99: forward train average loss 0.002445693334771527.
epoch 99: forward test average loss 0.0035961326211690903.
inverse model, training agent 4.
epoch 0: inverse train average loss 0.04831683966848585.
epoch 0: inverse test average loss 0.06877594192822774.
epoch 99: inverse train average loss 0.010232550505962636.
epoch 99: inverse test average loss 0.017873410549428728.
forward model: training agent 5.
Epoch 0: forward train average loss 0.005504598530630271.
epoch 0: forward test average loss 0.007584185649951299.
Epoch 99: forward train average loss 0.003357180187271701.
epoch 99: forward test average loss 0.005561502236458991.
inverse model, training agent 5.
epoch 0: inverse train average loss 5.0036224315085244e-05.
epoch 0: inverse test average loss 2.1406405418626187e-06.
epoch 99: inverse train average loss 1.2683582819287645e-05.
epoch 99: inverse test average loss 3.4332872347578007e-07.
forward model: training agent 6.
Epoch 0: forward train average loss 0.008943445463147428.
epoch 0: forward test average loss 0.01374260253376431.
Epoch 99: forward train average loss 0.0043510560256739455.
epoch 99: forward test average loss 0.007113622294531928.
inverse model, training agent 6.
epoch 0: inverse train average loss 0.0025658978977137143.
epoch 0: inverse test average loss 0.0030189860198232862.
epoch 99: inverse train average loss 0.0019243759775741233.
epoch 99: inverse test average loss 0.0020932338924871553.
forward model: training agent 7.
Epoch 0: forward train average loss 0.004521298998345931.
epoch 0: forward test average loss 0.006389498917592896.
Epoch 99: forward train average loss 0.003431672437323464.
epoch 99: forward test average loss 0.005994323227140639.
inverse model, training agent 7.
epoch 0: inverse train average loss 0.002654901369371348.
epoch 0: inverse test average loss 0.00274688812593619.
epoch 99: inverse train average loss 0.0020356475530813136.
epoch 99: inverse test average loss 0.006363511085510254.
forward model: training agent 8.
Epoch 0: forward train average loss 0.009121101660033068.
epoch 0: forward test average loss 0.010047813256581625.
Epoch 99: forward train average loss 0.002461587492790487.
epoch 99: forward test average loss 0.0032425144066413245.
inverse model, training agent 8.
epoch 0: inverse train average loss 0.0017939872082529797.
epoch 0: inverse test average loss 0.0018057626891984707.
epoch 99: inverse train average loss 0.001134332560468465.
epoch 99: inverse test average loss 0.002676094623489512.
forward model: training agent 9.
Epoch 0: forward train average loss 0.032463355610768.
epoch 0: forward test average loss 0.025929590894116297.
Epoch 99: forward train average loss 0.002584004904040032.
epoch 99: forward test average loss 0.006277160305115912.
inverse model, training agent 9.
epoch 0: inverse train average loss 0.00014871638581502743.
epoch 0: inverse test average loss 3.522684791177097e-05.
epoch 99: inverse train average loss 4.6066550933371924e-05.
epoch 99: inverse test average loss 6.884553861002334e-05.
forward model: training agent 10.
Epoch 0: forward train average loss 0.05331859985987345.
epoch 0: forward test average loss 0.06868620713551839.
Epoch 99: forward train average loss 0.00432569207623601.
epoch 99: forward test average loss 0.006929691880941391.
inverse model, training agent 10.
epoch 0: inverse train average loss 0.002877766214725044.
epoch 0: inverse test average loss 0.004934361928866969.
epoch 99: inverse train average loss 0.0008110165492528015.
epoch 99: inverse test average loss 0.0019663776167564923.
forward model: training agent 11.
Epoch 0: forward train average loss 0.003827684403707584.
epoch 0: forward test average loss 0.00650517601105902.
Epoch 99: forward train average loss 0.0033905828992525735.
epoch 99: forward test average loss 0.005957597245772679.
inverse model, training agent 11.
epoch 0: inverse train average loss 0.0008876977630683945.
epoch 0: inverse test average loss 0.001479626335721049.
epoch 99: inverse train average loss 0.00039797678214704827.
epoch 99: inverse test average loss 0.0012279858039821396.
forward model: training agent 12.
Epoch 0: forward train average loss 0.001964847505506542.
epoch 0: forward test average loss 0.0035930179680387178.
Epoch 99: forward train average loss 0.0017455481768896182.
epoch 99: forward test average loss 0.0029720361861917707.
inverse model, training agent 12.
epoch 0: inverse train average loss 4.119789750086274e-09.
epoch 0: inverse test average loss 3.673542248172623e-09.
epoch 99: inverse train average loss 1.4551866810307166e-09.
epoch 99: inverse test average loss 8.278419801518074e-10.
forward model: training agent 13.
Epoch 0: forward train average loss 0.0025340497183303037.
epoch 0: forward test average loss 0.003769705899887615.
Epoch 99: forward train average loss 0.002275054860446188.
epoch 99: forward test average loss 0.0036307842367225224.
inverse model, training agent 13.
epoch 0: inverse train average loss 0.004958445568465524.
epoch 0: inverse test average loss 0.006199582997295592.
epoch 99: inverse train average loss 0.004069460245470206.
epoch 99: inverse test average loss 0.004972025027705563.
forward model: training agent 14.
Epoch 0: forward train average loss 0.004684563364005751.
epoch 0: forward test average loss 0.0070414044376876615.
Epoch 99: forward train average loss 0.004378354901240932.
epoch 99: forward test average loss 0.006261459241310756.
inverse model, training agent 14.
epoch 0: inverse train average loss 0.016842575950755015.
epoch 0: inverse test average loss 0.023445365329583485.
epoch 99: inverse train average loss 0.006150158329142464.
epoch 99: inverse test average loss 0.006385621925195058.
forward model: training agent 15.
Epoch 0: forward train average loss 0.018202428602510028.
epoch 0: forward test average loss 0.021401621401309967.
Epoch 99: forward train average loss 0.004869883776538902.
epoch 99: forward test average loss 0.008268341422080994.
inverse model, training agent 15.
epoch 0: inverse train average loss 0.0025309653331836066.
epoch 0: inverse test average loss 0.007662042044103146.
epoch 99: inverse train average loss 0.0013587579079386261.
epoch 99: inverse test average loss 0.003948275206817521.
Policy training episode: 51, grounded actions taken: 5760, last two uncertainties: {0: [0.0, 0.0], 1: [0.0, 0.0], 2: [0.0, 0.0], 3: [0.0, 0.0], 4: [0.0, 0.0], 5: [0.0, 0.0], 6: [0.0, 0.0], 7: [0.0, 0.0], 8: [0.0, 0.0], 9: [0.0, 0.0], 10: [0.0, 0.0], 11: [0.0, 0.0], 12: [0.0, 0.0], 13: [0.0, 0.0], 14: [0.0, 0.0], 15: [0.0, 0.0]}, avg agent uncertainties: [0.0, 0.0, 0.0, 0.0, 0.0, 0.0, 0.0, 0.0, 0.0, 0.0, 0.0, 0.0, 0.0, 0.0, 0.0, 0.0], grounded actions by agent: [360, 360, 360, 360, 360, 360, 360, 360, 360, 360, 360, 360, 360, 360, 360, 360]
Policy training episode: 51, iteration 0/1, policy training avg travel time:305.6202584410171, q_loss:371.6943664550781, rewards:-597.9703993055556, queue:54.63298611111111, delay:0.4319716559516059, throughput:18053
Sim Rollout episode:52/100, sim avg travel time:123.69295970356647, rewards:-190.29140625, queue:12.871180555555556, delay:0.3102715810139974, throughput:20737
Real rollout step:52/100, travel time:231.29965576592082, rewards:-454.45611979166665, queue:37.15486111111111, delay:0.40759531656901044, throughput:15897
forward model: training agent 0.
Epoch 0: forward train average loss 0.004459037445485592.
epoch 0: forward test average loss 0.007181177122725381.
Epoch 99: forward train average loss 0.0040587313576704925.
epoch 99: forward test average loss 0.007241407616270913.
inverse model, training agent 0.
epoch 0: inverse train average loss 0.0038566356395474738.
epoch 0: inverse test average loss 0.001794514058726943.
epoch 99: inverse train average loss 0.0011057248145031433.
epoch 99: inverse test average loss 0.002088408606747786.
forward model: training agent 1.
Epoch 0: forward train average loss 0.0030509386625554827.
epoch 0: forward test average loss 0.004730945453047752.
Epoch 99: forward train average loss 0.0026367207368214927.
epoch 99: forward test average loss 0.0041425335738394.
inverse model, training agent 1.
epoch 0: inverse train average loss 0.0007203192670001752.
epoch 0: inverse test average loss 0.001020058420383268.
epoch 99: inverse train average loss 0.0001880345508753736.
epoch 99: inverse test average loss 0.0007289238451954185.
forward model: training agent 2.
Epoch 0: forward train average loss 0.0026822006329894066.
epoch 0: forward test average loss 0.004482745710346434.
Epoch 99: forward train average loss 0.002362810954865482.
epoch 99: forward test average loss 0.005077757562200229.
inverse model, training agent 2.
epoch 0: inverse train average loss 0.001024712265158693.
epoch 0: inverse test average loss 0.006173606651524703.
epoch 99: inverse train average loss 0.0006386903163123255.
epoch 99: inverse test average loss 0.0018820632507817613.
forward model: training agent 3.
Epoch 0: forward train average loss 7.636679362758088e-12.
epoch 0: forward test average loss 3.811957693944379e-12.
Epoch 99: forward train average loss 3.647718315674058e-11.
epoch 99: forward test average loss 4.01329987761064e-11.
inverse model, training agent 3.
epoch 0: inverse train average loss 0.0.
epoch 0: inverse test average loss 0.0.
epoch 99: inverse train average loss 0.0.
epoch 99: inverse test average loss 0.0.
forward model: training agent 4.
Epoch 0: forward train average loss 0.003007038806875547.
epoch 0: forward test average loss 0.004567320148150126.
Epoch 99: forward train average loss 0.0020008545575870406.
epoch 99: forward test average loss 0.003282487495905823.
inverse model, training agent 4.
epoch 0: inverse train average loss 0.011341844581895404.
epoch 0: inverse test average loss 0.018327592975563474.
epoch 99: inverse train average loss 0.006513029750850465.
epoch 99: inverse test average loss 0.00708513210217158.
forward model: training agent 5.
Epoch 0: forward train average loss 0.005500458905266391.
epoch 0: forward test average loss 0.008571717888116837.
Epoch 99: forward train average loss 0.0031407873353196513.
epoch 99: forward test average loss 0.005921736773517396.
inverse model, training agent 5.
epoch 0: inverse train average loss 5.1089420298843104e-05.
epoch 0: inverse test average loss 1.7790200483129107e-07.
epoch 99: inverse train average loss 7.108191937277297e-06.
epoch 99: inverse test average loss 1.999285817393886e-07.
forward model: training agent 6.
Epoch 0: forward train average loss 0.015119259556134542.
epoch 0: forward test average loss 0.023661274049017165.
Epoch 99: forward train average loss 0.004977898879183663.
epoch 99: forward test average loss 0.009656098567777209.
inverse model, training agent 6.
epoch 0: inverse train average loss 0.002663209465228849.
epoch 0: inverse test average loss 0.003155846873091327.
epoch 99: inverse train average loss 0.002089432932229506.
epoch 99: inverse test average loss 0.00297890520758099.
forward model: training agent 7.
Epoch 0: forward train average loss 0.01774175071881877.
epoch 0: forward test average loss 0.022850092086527083.
Epoch 99: forward train average loss 0.005399632681575086.
epoch 99: forward test average loss 0.011380576011207368.
inverse model, training agent 7.
epoch 0: inverse train average loss 0.0023676236418800223.
epoch 0: inverse test average loss 0.000985113334738546.
epoch 99: inverse train average loss 0.0014036239719846183.
epoch 99: inverse test average loss 0.0006988185664845838.
forward model: training agent 8.
Epoch 0: forward train average loss 0.04460114116470019.
epoch 0: forward test average loss 0.0427332470814387.
Epoch 99: forward train average loss 0.007958292443719175.
epoch 99: forward test average loss 0.011350135008494059.
inverse model, training agent 8.
epoch 0: inverse train average loss 0.0017155313139988317.
epoch 0: inverse test average loss 0.0033500633305973476.
epoch 99: inverse train average loss 0.0012219590522969763.
epoch 99: inverse test average loss 0.0047765729121036.
forward model: training agent 9.
Epoch 0: forward train average loss 0.018749690718121.
epoch 0: forward test average loss 0.018706799381309085.
Epoch 99: forward train average loss 0.0037607530959778363.
epoch 99: forward test average loss 0.005648017343547609.
inverse model, training agent 9.
epoch 0: inverse train average loss 0.0006257673282258717.
epoch 0: inverse test average loss 9.856907625918312e-05.
epoch 99: inverse train average loss 3.755683519557351e-05.
epoch 99: inverse test average loss 1.398445837076502e-05.
forward model: training agent 10.
Epoch 0: forward train average loss 0.06113205270634757.
epoch 0: forward test average loss 0.0714701513449351.
Epoch 99: forward train average loss 0.004412573089616166.
epoch 99: forward test average loss 0.007300989081462224.
inverse model, training agent 10.
epoch 0: inverse train average loss 0.0017178851153908505.
epoch 0: inverse test average loss 0.0023118407051596376.
epoch 99: inverse train average loss 0.0007594682133963539.
epoch 99: inverse test average loss 0.001731922487831778.
forward model: training agent 11.
Epoch 0: forward train average loss 0.003680434077978134.
epoch 0: forward test average loss 0.005078328773379326.
Epoch 99: forward train average loss 0.0033460728720658356.
epoch 99: forward test average loss 0.005537446381317245.
inverse model, training agent 11.
epoch 0: inverse train average loss 0.00053639802677531.
epoch 0: inverse test average loss 0.0005741269964750649.
epoch 99: inverse train average loss 0.00016859882776366753.
epoch 99: inverse test average loss 0.00045426662028249766.
forward model: training agent 12.
Epoch 0: forward train average loss 0.0031968701837791335.
epoch 0: forward test average loss 0.004790879579053985.
Epoch 99: forward train average loss 0.00223913103238576.
epoch 99: forward test average loss 0.005177272690667046.
inverse model, training agent 12.
epoch 0: inverse train average loss 2.192461810866951e-09.
epoch 0: inverse test average loss 1.8109042660480806e-10.
epoch 99: inverse train average loss 3.6864812784210954e-10.
epoch 99: inverse test average loss 7.761020221547849e-11.
forward model: training agent 13.
Epoch 0: forward train average loss 0.003837999939504597.
epoch 0: forward test average loss 0.005633944438563453.
Epoch 99: forward train average loss 0.003037871534211768.
epoch 99: forward test average loss 0.005015262713034947.
inverse model, training agent 13.
epoch 0: inverse train average loss 0.009304896721409427.
epoch 0: inverse test average loss 0.024355671058098476.
epoch 99: inverse train average loss 0.004783349111676216.
epoch 99: inverse test average loss 0.021050705884893734.
forward model: training agent 14.
Epoch 0: forward train average loss 0.04837922131021818.
epoch 0: forward test average loss 0.0468607892592748.
Epoch 99: forward train average loss 0.006686978456046846.
epoch 99: forward test average loss 0.010549846622678969.
inverse model, training agent 14.
epoch 0: inverse train average loss 0.019241227871841855.
epoch 0: inverse test average loss 0.016393610172801547.
epoch 99: inverse train average loss 0.006832316931751039.
epoch 99: inverse test average loss 0.012981553044584062.
forward model: training agent 15.
Epoch 0: forward train average loss 0.04476642277505663.
epoch 0: forward test average loss 0.039765160944726735.
Epoch 99: forward train average loss 0.007630848429269261.
epoch 99: forward test average loss 0.013105143275525834.
inverse model, training agent 15.
epoch 0: inverse train average loss 0.015712479336394206.
epoch 0: inverse test average loss 0.03251411931382285.
epoch 99: inverse train average loss 0.0014337462942219442.
epoch 99: inverse test average loss 0.0019057901032889883.
Policy training episode: 52, grounded actions taken: 5760, last two uncertainties: {0: [0.0, 0.0], 1: [0.0, 0.0], 2: [0.0, 0.0], 3: [0.0, 0.0], 4: [0.0, 0.0], 5: [0.0, 0.0], 6: [0.0, 0.0], 7: [0.0, 0.0], 8: [0.0, 0.0], 9: [0.0, 0.0], 10: [0.0, 0.0], 11: [0.0, 0.0], 12: [0.0, 0.0], 13: [0.0, 0.0], 14: [0.0, 0.0], 15: [0.0, 0.0]}, avg agent uncertainties: [0.0, 0.0, 0.0, 0.0, 0.0, 0.0, 0.0, 0.0, 0.0, 0.0, 0.0, 0.0, 0.0, 0.0, 0.0, 0.0], grounded actions by agent: [360, 360, 360, 360, 360, 360, 360, 360, 360, 360, 360, 360, 360, 360, 360, 360]
Policy training episode: 52, iteration 0/1, policy training avg travel time:135.92812818375475, q_loss:350.9140930175781, rewards:-249.84500868055557, queue:17.596527777777776, delay:0.3632372114393446, throughput:20661
Sim Rollout episode:53/100, sim avg travel time:119.09001666975365, rewards:-170.26112196180554, queue:11.155729166666667, delay:0.3127802954779731, throughput:20835
Real rollout step:53/100, travel time:223.1850068775791, rewards:-451.30651041666664, queue:35.490451388888886, delay:0.39552014668782554, throughput:15956
forward model: training agent 0.
Epoch 0: forward train average loss 0.004401882023861011.
epoch 0: forward test average loss 0.006776247173547745.
Epoch 99: forward train average loss 0.003965021938913398.
epoch 99: forward test average loss 0.006671668754683601.
inverse model, training agent 0.
epoch 0: inverse train average loss 0.0006036884927501281.
epoch 0: inverse test average loss 0.0006529746266702811.
epoch 99: inverse train average loss 2.6814563473938808e-05.
epoch 99: inverse test average loss 0.0018584848055777708.
forward model: training agent 1.
Epoch 0: forward train average loss 0.0029174493004878363.
epoch 0: forward test average loss 0.003962299683027797.
Epoch 99: forward train average loss 0.0025863441535168225.
epoch 99: forward test average loss 0.0037582705004347693.
inverse model, training agent 1.
epoch 0: inverse train average loss 0.0009883146526085006.
epoch 0: inverse test average loss 0.0017579397778414811.
epoch 99: inverse train average loss 0.0003974810194146509.
epoch 99: inverse test average loss 0.0013342841638303879.
forward model: training agent 2.
Epoch 0: forward train average loss 0.0025647693934539952.
epoch 0: forward test average loss 0.0044236692289511366.
Epoch 99: forward train average loss 0.0023534472307397258.
epoch 99: forward test average loss 0.004701596995194753.
inverse model, training agent 2.
epoch 0: inverse train average loss 0.0015184441193317373.
epoch 0: inverse test average loss 0.0029804101343163187.
epoch 99: inverse train average loss 0.0011905894433665606.
epoch 99: inverse test average loss 0.0026324062815143.
forward model: training agent 3.
Epoch 0: forward train average loss 2.023355036758397e-11.
epoch 0: forward test average loss 3.5676606730600864e-11.
Epoch 99: forward train average loss 9.098564060736983e-12.
epoch 99: forward test average loss 1.1873340273934238e-11.
inverse model, training agent 3.
epoch 0: inverse train average loss 0.0.
epoch 0: inverse test average loss 0.0.
epoch 99: inverse train average loss 0.0.
epoch 99: inverse test average loss 0.0.
forward model: training agent 4.
Epoch 0: forward train average loss 0.005758722416228718.
epoch 0: forward test average loss 0.005197300265232722.
Epoch 99: forward train average loss 0.0015106982706735532.
epoch 99: forward test average loss 0.002154719498422411.
inverse model, training agent 4.
epoch 0: inverse train average loss 0.019852747312850423.
epoch 0: inverse test average loss 0.025728736486699846.
epoch 99: inverse train average loss 0.009640730710493194.
epoch 99: inverse test average loss 0.01972727643118964.
forward model: training agent 5.
Epoch 0: forward train average loss 0.0040208748541772366.
epoch 0: forward test average loss 0.009055597914589776.
Epoch 99: forward train average loss 0.003275066821111573.
epoch 99: forward test average loss 0.005743390777044826.
inverse model, training agent 5.
epoch 0: inverse train average loss 0.00018004651865845113.
epoch 0: inverse test average loss 0.0003081278408545687.
epoch 99: inverse train average loss 1.553211793887183e-05.
epoch 99: inverse test average loss 5.863620981472195e-05.
forward model: training agent 6.
Epoch 0: forward train average loss 0.011406581124497784.
epoch 0: forward test average loss 0.020925962262683444.
Epoch 99: forward train average loss 0.005068760675688584.
epoch 99: forward test average loss 0.009589360819922553.
inverse model, training agent 6.
epoch 0: inverse train average loss 0.0027790979689194095.
epoch 0: inverse test average loss 0.0011374521483149794.
epoch 99: inverse train average loss 0.0019364610521329774.
epoch 99: inverse test average loss 0.0009532798560232752.
forward model: training agent 7.
Epoch 0: forward train average loss 0.00828687608655956.
epoch 0: forward test average loss 0.009828774879376093.
Epoch 99: forward train average loss 0.004315366968512535.
epoch 99: forward test average loss 0.007083340030577447.
inverse model, training agent 7.
epoch 0: inverse train average loss 0.0024752368529637656.
epoch 0: inverse test average loss 0.0029451891572939027.
epoch 99: inverse train average loss 0.0017532434883630937.
epoch 99: inverse test average loss 0.0028174821960015427.
forward model: training agent 8.
Epoch 0: forward train average loss 0.01904879862235652.
epoch 0: forward test average loss 0.03051481892665227.
Epoch 99: forward train average loss 0.005757465648154418.
epoch 99: forward test average loss 0.008544455799791548.
inverse model, training agent 8.
epoch 0: inverse train average loss 0.0019202975996045603.
epoch 0: inverse test average loss 0.004129046160313819.
epoch 99: inverse train average loss 0.0004892090138229025.
epoch 99: inverse test average loss 0.0006930753459326095.
forward model: training agent 9.
Epoch 0: forward train average loss 0.029123870035012562.
epoch 0: forward test average loss 0.02640613251262241.
Epoch 99: forward train average loss 0.004575889661080307.
epoch 99: forward test average loss 0.006619228464033868.
inverse model, training agent 9.
epoch 0: inverse train average loss 0.0009063837157251934.
epoch 0: inverse test average loss 7.866159366029833e-05.
epoch 99: inverse train average loss 7.1224876592168584e-06.
epoch 99: inverse test average loss 0.0016021411234356088.
forward model: training agent 10.
Epoch 0: forward train average loss 0.0466602784064081.
epoch 0: forward test average loss 0.04503037201033698.
Epoch 99: forward train average loss 0.005582854151725769.
epoch 99: forward test average loss 0.008958759407202402.
inverse model, training agent 10.
epoch 0: inverse train average loss 0.001041838252503011.
epoch 0: inverse test average loss 0.007213477873139911.
epoch 99: inverse train average loss 0.00044695764598954056.
epoch 99: inverse test average loss 0.0024307267093617055.
forward model: training agent 11.
Epoch 0: forward train average loss 0.003791518716348542.
epoch 0: forward test average loss 0.006354659174879392.
Epoch 99: forward train average loss 0.003353009776522716.
epoch 99: forward test average loss 0.005476574723919232.
inverse model, training agent 11.
epoch 0: inverse train average loss 0.0014655292422200243.
epoch 0: inverse test average loss 0.0001389784851603003.
epoch 99: inverse train average loss 0.0005054235872295168.
epoch 99: inverse test average loss 0.0004796438560232572.
forward model: training agent 12.
Epoch 0: forward train average loss 0.0016631448330978553.
epoch 0: forward test average loss 0.00223008186245958.
Epoch 99: forward train average loss 0.0013403603030989568.
epoch 99: forward test average loss 0.0024476775692568887.
inverse model, training agent 12.
epoch 0: inverse train average loss 4.4236986354121805e-09.
epoch 0: inverse test average loss 0.0.
epoch 99: inverse train average loss 4.850630391178217e-10.
epoch 99: inverse test average loss 0.0.
forward model: training agent 13.
Epoch 0: forward train average loss 0.0024921074509620667.
epoch 0: forward test average loss 0.00422741679681672.
Epoch 99: forward train average loss 0.002146521427979072.
epoch 99: forward test average loss 0.0041162607570489245.
inverse model, training agent 13.
epoch 0: inverse train average loss 0.007043760373360581.
epoch 0: inverse test average loss 0.029322465260823567.
epoch 99: inverse train average loss 0.0038777941630946267.
epoch 99: inverse test average loss 0.007456685468140576.
forward model: training agent 14.
Epoch 0: forward train average loss 0.0056588611462050015.
epoch 0: forward test average loss 0.00859644470943345.
Epoch 99: forward train average loss 0.004799060213069121.
epoch 99: forward test average loss 0.008213480313618978.
inverse model, training agent 14.
epoch 0: inverse train average loss 0.00671182210660643.
epoch 0: inverse test average loss 0.00781364780333307.
epoch 99: inverse train average loss 0.0052418240035573644.
epoch 99: inverse test average loss 0.005168858398165967.
forward model: training agent 15.
Epoch 0: forward train average loss 0.0264685797608561.
epoch 0: forward test average loss 0.02486649403969447.
Epoch 99: forward train average loss 0.005137795789374245.
epoch 99: forward test average loss 0.008339900937345292.
inverse model, training agent 15.
epoch 0: inverse train average loss 0.0048647423843956655.
epoch 0: inverse test average loss 0.00815878166920609.
epoch 99: inverse train average loss 0.0017101984445212616.
epoch 99: inverse test average loss 0.005432965854803721.
Policy training episode: 53, grounded actions taken: 5760, last two uncertainties: {0: [0.0, 0.0], 1: [0.0, 0.0], 2: [0.0, 0.0], 3: [0.0, 0.0], 4: [0.0, 0.0], 5: [0.0, 0.0], 6: [0.0, 0.0], 7: [0.0, 0.0], 8: [0.0, 0.0], 9: [0.0, 0.0], 10: [0.0, 0.0], 11: [0.0, 0.0], 12: [0.0, 0.0], 13: [0.0, 0.0], 14: [0.0, 0.0], 15: [0.0, 0.0]}, avg agent uncertainties: [0.0, 0.0, 0.0, 0.0, 0.0, 0.0, 0.0, 0.0, 0.0, 0.0, 0.0, 0.0, 0.0, 0.0, 0.0, 0.0], grounded actions by agent: [360, 360, 360, 360, 360, 360, 360, 360, 360, 360, 360, 360, 360, 360, 360, 360]
Policy training episode: 53, iteration 0/1, policy training avg travel time:471.1290113452188, q_loss:360.9168701171875, rewards:-953.1307291666667, queue:98.66701388888889, delay:0.47648760477701824, throughput:15540
Sim Rollout episode:54/100, sim avg travel time:116.91702167067976, rewards:-153.82442491319443, queue:10.343229166666667, delay:0.3123472425672743, throughput:20846
Real rollout step:54/100, travel time:241.4746260069045, rewards:-526.5354166666667, queue:42.25434027777778, delay:0.40566910637749565, throughput:15842
forward model: training agent 0.
Epoch 0: forward train average loss 0.005710161498023404.
epoch 0: forward test average loss 0.008859903034236696.
Epoch 99: forward train average loss 0.004353232733491395.
epoch 99: forward test average loss 0.0075429752469062805.
inverse model, training agent 0.
epoch 0: inverse train average loss 0.002308197115932368.
epoch 0: inverse test average loss 0.0025296394760516705.
epoch 99: inverse train average loss 0.00098644737024895.
epoch 99: inverse test average loss 0.0011933385394513607.
forward model: training agent 1.
Epoch 0: forward train average loss 0.0031063820545872054.
epoch 0: forward test average loss 0.005044344398710463.
Epoch 99: forward train average loss 0.0028406691013111007.
epoch 99: forward test average loss 0.004526420806845029.
inverse model, training agent 1.
epoch 0: inverse train average loss 0.0005282677933185672.
epoch 0: inverse test average loss 8.330355437162022e-05.
epoch 99: inverse train average loss 0.0003974018198075808.
epoch 99: inverse test average loss 0.0002494201633251376.
forward model: training agent 2.
Epoch 0: forward train average loss 0.0026693964997927346.
epoch 0: forward test average loss 0.004571982141998079.
Epoch 99: forward train average loss 0.00246046157553792.
epoch 99: forward test average loss 0.004688947978946898.
inverse model, training agent 2.
epoch 0: inverse train average loss 0.002617322425875399.
epoch 0: inverse test average loss 0.0027048702662189803.
epoch 99: inverse train average loss 0.0018931486022969086.
epoch 99: inverse test average loss 0.00312264615462886.
forward model: training agent 3.
Epoch 0: forward train average loss 5.863306368203425e-12.
epoch 0: forward test average loss 1.489287088713493e-11.
Epoch 99: forward train average loss 2.8714048114528466e-11.
epoch 99: forward test average loss 3.2841248239397675e-10.
inverse model, training agent 3.
epoch 0: inverse train average loss 0.0.
epoch 0: inverse test average loss 0.0.
epoch 99: inverse train average loss 0.0.
epoch 99: inverse test average loss 0.0.
forward model: training agent 4.
Epoch 0: forward train average loss 0.03205949688951174.
epoch 0: forward test average loss 0.015065536316898134.
Epoch 99: forward train average loss 0.002545359027054575.
epoch 99: forward test average loss 0.004545628610584471.
inverse model, training agent 4.
epoch 0: inverse train average loss 0.015340528554386564.
epoch 0: inverse test average loss 0.02446112698978848.
epoch 99: inverse train average loss 0.0016810192028060555.
epoch 99: inverse test average loss 0.005471572383410401.
forward model: training agent 5.
Epoch 0: forward train average loss 0.003843233817153507.
epoch 0: forward test average loss 0.00499512358672089.
Epoch 99: forward train average loss 0.002917294752680593.
epoch 99: forward test average loss 0.0047865549309386145.
inverse model, training agent 5.
epoch 0: inverse train average loss 0.00025197503272364783.
epoch 0: inverse test average loss 5.3208795076642446e-06.
epoch 99: inverse train average loss 5.98635229430834e-05.
epoch 99: inverse test average loss 2.929976148556711e-05.
forward model: training agent 6.
Epoch 0: forward train average loss 0.005991732080777486.
epoch 0: forward test average loss 0.009306821144289441.
Epoch 99: forward train average loss 0.0048266614062918555.
epoch 99: forward test average loss 0.007695616119437748.
inverse model, training agent 6.
epoch 0: inverse train average loss 0.0011010643793269992.
epoch 0: inverse test average loss 0.0026277427872021994.
epoch 99: inverse train average loss 0.0005368368001654744.
epoch 99: inverse test average loss 0.002882735493282477.
forward model: training agent 7.
Epoch 0: forward train average loss 0.007616285027729141.
epoch 0: forward test average loss 0.008042389320002662.
Epoch 99: forward train average loss 0.0033787013962864876.
epoch 99: forward test average loss 0.006019790760344929.
inverse model, training agent 7.
epoch 0: inverse train average loss 0.0029423853072027364.
epoch 0: inverse test average loss 0.003617756896548801.
epoch 99: inverse train average loss 0.0021702580981784398.
epoch 99: inverse test average loss 0.0031336211702889865.
forward model: training agent 8.
Epoch 0: forward train average loss 0.0378536002503501.
epoch 0: forward test average loss 0.037393507030275136.
Epoch 99: forward train average loss 0.0020159048597431844.
epoch 99: forward test average loss 0.0034645048694478143.
inverse model, training agent 8.
epoch 0: inverse train average loss 0.002292975447037154.
epoch 0: inverse test average loss 0.004174312990572717.
epoch 99: inverse train average loss 0.0012814491961358322.
epoch 99: inverse test average loss 0.0030440407313613426.
forward model: training agent 9.
Epoch 0: forward train average loss 0.05724518497784933.
epoch 0: forward test average loss 0.07237756252288818.
Epoch 99: forward train average loss 0.0024200364843838746.
epoch 99: forward test average loss 0.0058251019153330065.
inverse model, training agent 9.
epoch 0: inverse train average loss 0.00024558544100727886.
epoch 0: inverse test average loss 0.0009998144491368698.
epoch 99: inverse train average loss 8.152474341234969e-06.
epoch 99: inverse test average loss 0.0003272492285759654.
forward model: training agent 10.
Epoch 0: forward train average loss 1.6687390009562175.
epoch 0: forward test average loss 1.790544244978163.
Epoch 99: forward train average loss 0.024577161504162684.
epoch 99: forward test average loss 0.047030243608686656.
inverse model, training agent 10.
epoch 0: inverse train average loss 0.0014425799955562171.
epoch 0: inverse test average loss 0.0018036697163350051.
epoch 99: inverse train average loss 0.0006597821904708528.
epoch 99: inverse test average loss 0.0006669892205132379.
forward model: training agent 11.
Epoch 0: forward train average loss 0.003761559880028168.
epoch 0: forward test average loss 0.005666676287849744.
Epoch 99: forward train average loss 0.003169860069950422.
epoch 99: forward test average loss 0.0062116821193032795.
inverse model, training agent 11.
epoch 0: inverse train average loss 0.0008176390676655703.
epoch 0: inverse test average loss 0.0005544203773347868.
epoch 99: inverse train average loss 0.00038126972180584236.
epoch 99: inverse test average loss 0.0003405081224627793.
forward model: training agent 12.
Epoch 0: forward train average loss 0.0017713196575641632.
epoch 0: forward test average loss 0.003433841798040602.
Epoch 99: forward train average loss 0.0015629675342804855.
epoch 99: forward test average loss 0.002514837309718132.
inverse model, training agent 12.
epoch 0: inverse train average loss 6.467516838440071e-11.
epoch 0: inverse test average loss 4.822546644245307e-07.
epoch 99: inverse train average loss 0.0.
epoch 99: inverse test average loss 4.1270088028492563e-07.
forward model: training agent 13.
Epoch 0: forward train average loss 0.0026268289010557863.
epoch 0: forward test average loss 0.004262125119566917.
Epoch 99: forward train average loss 0.0023432166522575747.
epoch 99: forward test average loss 0.0048446086131864125.
inverse model, training agent 13.
epoch 0: inverse train average loss 0.005337281514787012.
epoch 0: inverse test average loss 0.014811163147290548.
epoch 99: inverse train average loss 0.0037563186552789477.
epoch 99: inverse test average loss 0.005107098879913489.
forward model: training agent 14.
Epoch 0: forward train average loss 0.0053384677610463565.
epoch 0: forward test average loss 0.00858364419804679.
Epoch 99: forward train average loss 0.004733479685253567.
epoch 99: forward test average loss 0.007727462384435866.
inverse model, training agent 14.
epoch 0: inverse train average loss 0.004267235027833117.
epoch 0: inverse test average loss 0.005152151816421085.
epoch 99: inverse train average loss 0.0031603011820051405.
epoch 99: inverse test average loss 0.004768141855796178.
forward model: training agent 15.
Epoch 0: forward train average loss 0.011701799515220854.
epoch 0: forward test average loss 0.01788703269428677.
Epoch 99: forward train average loss 0.005605592392385006.
epoch 99: forward test average loss 0.008489291701051924.
inverse model, training agent 15.
epoch 0: inverse train average loss 0.00255987749228047.
epoch 0: inverse test average loss 0.006493077509933048.
epoch 99: inverse train average loss 0.0014820209730209576.
epoch 99: inverse test average loss 0.009147080696291394.
Policy training episode: 54, grounded actions taken: 5760, last two uncertainties: {0: [0.0, 0.0], 1: [0.0, 0.0], 2: [0.0, 0.0], 3: [0.0, 0.0], 4: [0.0, 0.0], 5: [0.0, 0.0], 6: [0.0, 0.0], 7: [0.0, 0.0], 8: [0.0, 0.0], 9: [0.0, 0.0], 10: [0.0, 0.0], 11: [0.0, 0.0], 12: [0.0, 0.0], 13: [0.0, 0.0], 14: [0.0, 0.0], 15: [0.0, 0.0]}, avg agent uncertainties: [0.0, 0.0, 0.0, 0.0, 0.0, 0.0, 0.0, 0.0, 0.0, 0.0, 0.0, 0.0, 0.0, 0.0, 0.0, 0.0], grounded actions by agent: [360, 360, 360, 360, 360, 360, 360, 360, 360, 360, 360, 360, 360, 360, 360, 360]
Policy training episode: 54, iteration 0/1, policy training avg travel time:149.37449055205633, q_loss:354.3024597167969, rewards:-307.19587673611113, queue:19.998958333333334, delay:0.36617711385091145, throughput:20466
Sim Rollout episode:55/100, sim avg travel time:117.51282763730666, rewards:-157.78387586805556, queue:10.621180555555556, delay:0.3008827845255534, throughput:20842
Real rollout step:55/100, travel time:253.53735036832413, rewards:-555.5367621527778, queue:45.563541666666666, delay:0.4037646823459201, throughput:15679
forward model: training agent 0.
Epoch 0: forward train average loss 0.005435945155719916.
epoch 0: forward test average loss 0.0077357155581315356.
Epoch 99: forward train average loss 0.004658247602896558.
epoch 99: forward test average loss 0.0075057438678211635.
inverse model, training agent 0.
epoch 0: inverse train average loss 0.0005423851350011925.
epoch 0: inverse test average loss 0.0006142320796950824.
epoch 99: inverse train average loss 0.000262879614132948.
epoch 99: inverse test average loss 0.001038797393751641.
forward model: training agent 1.
Epoch 0: forward train average loss 0.003076555673032999.
epoch 0: forward test average loss 0.004306168398923344.
Epoch 99: forward train average loss 0.0026161158457398415.
epoch 99: forward test average loss 0.004093316280179554.
inverse model, training agent 1.
epoch 0: inverse train average loss 0.003952892471311821.
epoch 0: inverse test average loss 0.0036178533369416576.
epoch 99: inverse train average loss 0.0015066079795360565.
epoch 99: inverse test average loss 0.0029481535570489038.
forward model: training agent 2.
Epoch 0: forward train average loss 0.002789055514666769.
epoch 0: forward test average loss 0.004338006592459149.
Epoch 99: forward train average loss 0.0025515411980450153.
epoch 99: forward test average loss 0.003788065682682726.
inverse model, training agent 2.
epoch 0: inverse train average loss 0.002246168131629626.
epoch 0: inverse test average loss 0.0023673444779382814.
epoch 99: inverse train average loss 0.00066124201597025.
epoch 99: inverse test average loss 0.001589377776124618.
forward model: training agent 3.
Epoch 0: forward train average loss 4.2718770187910593e-10.
epoch 0: forward test average loss 7.831096265281051e-11.
Epoch 99: forward train average loss 6.164595531574532e-11.
epoch 99: forward test average loss 2.0426717107903236e-10.
inverse model, training agent 3.
epoch 0: inverse train average loss 0.0.
epoch 0: inverse test average loss 0.0.
epoch 99: inverse train average loss 0.0.
epoch 99: inverse test average loss 0.0.
forward model: training agent 4.
Epoch 0: forward train average loss 0.0036677870795958573.
epoch 0: forward test average loss 0.004377915420465999.
Epoch 99: forward train average loss 0.002580750837094254.
epoch 99: forward test average loss 0.0036050694891148144.
inverse model, training agent 4.
epoch 0: inverse train average loss 0.0018585037776372498.
epoch 0: inverse test average loss 0.0013157440245979363.
epoch 99: inverse train average loss 0.0013910886417660448.
epoch 99: inverse test average loss 0.0011071130219433042.
forward model: training agent 5.
Epoch 0: forward train average loss 0.0042196934421857195.
epoch 0: forward test average loss 0.006899293098184798.
Epoch 99: forward train average loss 0.0031157281870643296.
epoch 99: forward test average loss 0.005198558999432458.
inverse model, training agent 5.
epoch 0: inverse train average loss 4.3993827906282e-05.
epoch 0: inverse test average loss 2.9512596787147533e-05.
epoch 99: inverse train average loss 9.40031585135633e-06.
epoch 99: inverse test average loss 5.257769306609027e-05.
forward model: training agent 6.
Epoch 0: forward train average loss 0.02903547344936265.
epoch 0: forward test average loss 0.03192202581299676.
Epoch 99: forward train average loss 0.005585240096681648.
epoch 99: forward test average loss 0.009200463692347208.
inverse model, training agent 6.
epoch 0: inverse train average loss 0.0011962304771360424.
epoch 0: inverse test average loss 0.002928083607306083.
epoch 99: inverse train average loss 0.0006815591283763448.
epoch 99: inverse test average loss 0.0022267595761352116.
forward model: training agent 7.
Epoch 0: forward train average loss 0.01792836520406935.
epoch 0: forward test average loss 0.020760832561386958.
Epoch 99: forward train average loss 0.0041555253685348565.
epoch 99: forward test average loss 0.00824551491273774.
inverse model, training agent 7.
epoch 0: inverse train average loss 0.004677815052370231.
epoch 0: inverse test average loss 0.0025005444056457942.
epoch 99: inverse train average loss 0.004227890374345912.
epoch 99: inverse test average loss 0.0020778453326784074.
forward model: training agent 8.
Epoch 0: forward train average loss 0.020375981719957456.
epoch 0: forward test average loss 0.02064887930949529.
Epoch 99: forward train average loss 0.004946493129763339.
epoch 99: forward test average loss 0.007935927973853217.
inverse model, training agent 8.
epoch 0: inverse train average loss 0.003485922973292569.
epoch 0: inverse test average loss 0.0010988632630970743.
epoch 99: inverse train average loss 0.001841150702805155.
epoch 99: inverse test average loss 0.0014346902155213887.
forward model: training agent 9.
Epoch 0: forward train average loss 0.011941336302293671.
epoch 0: forward test average loss 0.010426833397812314.
Epoch 99: forward train average loss 0.002030653956656655.
epoch 99: forward test average loss 0.004481837360395325.
inverse model, training agent 9.
epoch 0: inverse train average loss 5.831269473491021e-05.
epoch 0: inverse test average loss 1.0594065303040326e-05.
epoch 99: inverse train average loss 1.665002911168914e-05.
epoch 99: inverse test average loss 2.0686191520427303e-05.
forward model: training agent 10.
Epoch 0: forward train average loss 0.06031084888511234.
epoch 0: forward test average loss 0.07485368185573155.
Epoch 99: forward train average loss 0.01672109133667416.
epoch 99: forward test average loss 0.019969619810581207.
inverse model, training agent 10.
epoch 0: inverse train average loss 0.0005846446502902028.
epoch 0: inverse test average loss 0.0008144468431257539.
epoch 99: inverse train average loss 0.00030463560283856676.
epoch 99: inverse test average loss 0.0002197573040676717.
forward model: training agent 11.
Epoch 0: forward train average loss 0.004440776227662961.
epoch 0: forward test average loss 0.007046983887751897.
Epoch 99: forward train average loss 0.003554494275401036.
epoch 99: forward test average loss 0.006589710919393433.
inverse model, training agent 11.
epoch 0: inverse train average loss 0.0009106046280875388.
epoch 0: inverse test average loss 0.0009436200279095727.
epoch 99: inverse train average loss 0.00015463415830810036.
epoch 99: inverse test average loss 0.00013087733855677975.
forward model: training agent 12.
Epoch 0: forward train average loss 0.0018875029248495896.
epoch 0: forward test average loss 0.003357856741382016.
Epoch 99: forward train average loss 0.0016683912318613795.
epoch 99: forward test average loss 0.0031043196924858624.
inverse model, training agent 12.
epoch 0: inverse train average loss 6.467516452945965e-11.
epoch 0: inverse test average loss 1.817905462707535e-07.
epoch 99: inverse train average loss 2.5870065349190934e-11.
epoch 99: inverse test average loss 3.52374652518645e-07.
forward model: training agent 13.
Epoch 0: forward train average loss 0.0027868999685678217.
epoch 0: forward test average loss 0.004669055756595399.
Epoch 99: forward train average loss 0.0025195635648237336.
epoch 99: forward test average loss 0.004815767208735148.
inverse model, training agent 13.
epoch 0: inverse train average loss 0.00287403696630564.
epoch 0: inverse test average loss 0.0064455336994595.
epoch 99: inverse train average loss 0.0022533869681258998.
epoch 99: inverse test average loss 0.006010594363841746.
forward model: training agent 14.
Epoch 0: forward train average loss 0.005008831413255798.
epoch 0: forward test average loss 0.00842202827334404.
Epoch 99: forward train average loss 0.004618267011311319.
epoch 99: forward test average loss 0.00837939977645874.
inverse model, training agent 14.
epoch 0: inverse train average loss 0.004062479879293177.
epoch 0: inverse test average loss 0.006033787710799111.
epoch 99: inverse train average loss 0.0023681459068838093.
epoch 99: inverse test average loss 0.004542793250746197.
forward model: training agent 15.
Epoch 0: forward train average loss 0.007330693097578155.
epoch 0: forward test average loss 0.010401713765329786.
Epoch 99: forward train average loss 0.005102770609988106.
epoch 99: forward test average loss 0.009880922320816252.
inverse model, training agent 15.
epoch 0: inverse train average loss 0.0022707690174380937.
epoch 0: inverse test average loss 0.003685563388797972.
epoch 99: inverse train average loss 0.0016891222912818193.
epoch 99: inverse test average loss 0.002597369977997409.
Policy training episode: 55, grounded actions taken: 5760, last two uncertainties: {0: [0.0, 0.0], 1: [0.0, 0.0], 2: [0.0, 0.0], 3: [0.0, 0.0], 4: [0.0, 0.0], 5: [0.0, 0.0], 6: [0.0, 0.0], 7: [0.0, 0.0], 8: [0.0, 0.0], 9: [0.0, 0.0], 10: [0.0, 0.0], 11: [0.0, 0.0], 12: [0.0, 0.0], 13: [0.0, 0.0], 14: [0.0, 0.0], 15: [0.0, 0.0]}, avg agent uncertainties: [0.0, 0.0, 0.0, 0.0, 0.0, 0.0, 0.0, 0.0, 0.0, 0.0, 0.0, 0.0, 0.0, 0.0, 0.0, 0.0], grounded actions by agent: [360, 360, 360, 360, 360, 360, 360, 360, 360, 360, 360, 360, 360, 360, 360, 360]
Policy training episode: 55, iteration 0/1, policy training avg travel time:134.61815235008103, q_loss:335.0705871582031, rewards:-256.1597873263889, queue:17.263715277777777, delay:0.364798821343316, throughput:20643
Sim Rollout episode:56/100, sim avg travel time:118.31410048622367, rewards:-160.40889756944443, queue:10.874652777777778, delay:0.30681824154324, throughput:20825
Real rollout step:56/100, travel time:256.83338127840744, rewards:-560.9069878472222, queue:46.4828125, delay:0.4011349148220486, throughput:15654
forward model: training agent 0.
Epoch 0: forward train average loss 0.005291598642037975.
epoch 0: forward test average loss 0.007024090323183272.
Epoch 99: forward train average loss 0.004579710825863812.
epoch 99: forward test average loss 0.006584376096725464.
inverse model, training agent 0.
epoch 0: inverse train average loss 0.002241562275836865.
epoch 0: inverse test average loss 8.628244136667086e-05.
epoch 99: inverse train average loss 0.0013306621306886275.
epoch 99: inverse test average loss 0.00044967199210077524.
forward model: training agent 1.
Epoch 0: forward train average loss 0.0028513086338837943.
epoch 0: forward test average loss 0.004186818583144082.
Epoch 99: forward train average loss 0.002693469636142254.
epoch 99: forward test average loss 0.004485347411698765.
inverse model, training agent 1.
epoch 0: inverse train average loss 0.0011448490840848535.
epoch 0: inverse test average loss 0.004050759443392356.
epoch 99: inverse train average loss 0.0008855486036433528.
epoch 99: inverse test average loss 0.0007721236712920169.
forward model: training agent 2.
Epoch 0: forward train average loss 0.002710461306075255.
epoch 0: forward test average loss 0.004480401260985268.
Epoch 99: forward train average loss 0.002501374421020349.
epoch 99: forward test average loss 0.004554625393615829.
inverse model, training agent 2.
epoch 0: inverse train average loss 0.0012429162678826186.
epoch 0: inverse test average loss 0.002649480476975441.
epoch 99: inverse train average loss 0.00038263195246044133.
epoch 99: inverse test average loss 0.0010467529193394715.
forward model: training agent 3.
Epoch 0: forward train average loss 1.0055409514301654e-10.
epoch 0: forward test average loss 1.1757598367134747e-11.
Epoch 99: forward train average loss 1.739847612407368e-11.
epoch 99: forward test average loss 2.4061968467097787e-11.
inverse model, training agent 3.
epoch 0: inverse train average loss 0.0.
epoch 0: inverse test average loss 0.0.
epoch 99: inverse train average loss 0.0.
epoch 99: inverse test average loss 0.0.
forward model: training agent 4.
Epoch 0: forward train average loss 0.002909945375803444.
epoch 0: forward test average loss 0.004350210436516338.
Epoch 99: forward train average loss 0.002569674565974209.
epoch 99: forward test average loss 0.0037053871072000926.
inverse model, training agent 4.
epoch 0: inverse train average loss 0.0021333719810677897.
epoch 0: inverse test average loss 0.0023871372039947244.
epoch 99: inverse train average loss 0.0018986807360003393.
epoch 99: inverse test average loss 0.003846133438249429.
forward model: training agent 5.
Epoch 0: forward train average loss 0.0037708809702760642.
epoch 0: forward test average loss 0.005827646702528.
Epoch 99: forward train average loss 0.0032778834510180685.
epoch 99: forward test average loss 0.006459759962227609.
inverse model, training agent 5.
epoch 0: inverse train average loss 1.963685784605534e-05.
epoch 0: inverse test average loss 2.0217237559134246e-06.
epoch 99: inverse train average loss 7.85907735058168e-06.
epoch 99: inverse test average loss 3.1901491738385425e-07.
forward model: training agent 6.
Epoch 0: forward train average loss 0.007396951421267456.
epoch 0: forward test average loss 0.010620133330424627.
Epoch 99: forward train average loss 0.006105651665065024.
epoch 99: forward test average loss 0.009644498427708944.
inverse model, training agent 6.
epoch 0: inverse train average loss 0.0011450638477173117.
epoch 0: inverse test average loss 0.0011198204786827166.
epoch 99: inverse train average loss 0.0005262127378955483.
epoch 99: inverse test average loss 0.0007926907661991814.
forward model: training agent 7.
Epoch 0: forward train average loss 0.008804756320185132.
epoch 0: forward test average loss 0.00996488912238015.
Epoch 99: forward train average loss 0.005393609404563904.
epoch 99: forward test average loss 0.008006875299745135.
inverse model, training agent 7.
epoch 0: inverse train average loss 0.1107512033647961.
epoch 0: inverse test average loss 0.17137743367089164.
epoch 99: inverse train average loss 0.021351291487614315.
epoch 99: inverse test average loss 0.03984195490678152.
forward model: training agent 8.
Epoch 0: forward train average loss 0.010058943389190568.
epoch 0: forward test average loss 0.00903214348687066.
Epoch 99: forward train average loss 0.005056100483569834.
epoch 99: forward test average loss 0.007363356028993924.
inverse model, training agent 8.
epoch 0: inverse train average loss 0.002216024259622726.
epoch 0: inverse test average loss 0.003194846212863922.
epoch 99: inverse train average loss 0.0014364540758025316.
epoch 99: inverse test average loss 0.0023347396118980315.
forward model: training agent 9.
Epoch 0: forward train average loss 0.0036586259181300798.
epoch 0: forward test average loss 0.005333162844181061.
Epoch 99: forward train average loss 0.002030095551162958.
epoch 99: forward test average loss 0.0034534216134084594.
inverse model, training agent 9.
epoch 0: inverse train average loss 1.2552337561070695e-05.
epoch 0: inverse test average loss 0.000644017307043517.
epoch 99: inverse train average loss 1.6393607388130881e-06.
epoch 99: inverse test average loss 0.008242005111242179.
forward model: training agent 10.
Epoch 0: forward train average loss 0.03319999451438586.
epoch 0: forward test average loss 0.035909892784224615.
Epoch 99: forward train average loss 0.02240653418832355.
epoch 99: forward test average loss 0.022969351046615176.
inverse model, training agent 10.
epoch 0: inverse train average loss 0.0005727161705080005.
epoch 0: inverse test average loss 0.0012558264036973317.
epoch 99: inverse train average loss 0.0003312636140940918.
epoch 99: inverse test average loss 0.0006734277897824844.
forward model: training agent 11.
Epoch 0: forward train average loss 0.00385695964925819.
epoch 0: forward test average loss 0.005984823943840133.
Epoch 99: forward train average loss 0.003510850222988261.
epoch 99: forward test average loss 0.006013423825303714.
inverse model, training agent 11.
epoch 0: inverse train average loss 0.0013472465280857352.
epoch 0: inverse test average loss 0.0010677756638162667.
epoch 99: inverse train average loss 0.00027984262609000626.
epoch 99: inverse test average loss 0.0004588795980251032.
forward model: training agent 12.
Epoch 0: forward train average loss 0.0019588974666678244.
epoch 0: forward test average loss 0.0023621393160687554.
Epoch 99: forward train average loss 0.0017517303737501304.
epoch 99: forward test average loss 0.002186549258314901.
inverse model, training agent 12.
epoch 0: inverse train average loss 2.7744949046559775e-09.
epoch 0: inverse test average loss 3.104407101754229e-10.
epoch 99: inverse train average loss 7.761020067350206e-11.
epoch 99: inverse test average loss 2.3283059431062408e-10.
forward model: training agent 13.
Epoch 0: forward train average loss 0.00279099830529756.
epoch 0: forward test average loss 0.003986823476023144.
Epoch 99: forward train average loss 0.0024839030164811346.
epoch 99: forward test average loss 0.0039929283989800345.
inverse model, training agent 13.
epoch 0: inverse train average loss 0.003265096831859814.
epoch 0: inverse test average loss 0.00968218201564418.
epoch 99: inverse train average loss 0.002488118570504917.
epoch 99: inverse test average loss 0.005657169553968642.
forward model: training agent 14.
Epoch 0: forward train average loss 0.0050467014209263856.
epoch 0: forward test average loss 0.007472701784637239.
Epoch 99: forward train average loss 0.004788778929246796.
epoch 99: forward test average loss 0.008047104295757081.
inverse model, training agent 14.
epoch 0: inverse train average loss 0.006027362723317411.
epoch 0: inverse test average loss 0.006433907689319717.
epoch 99: inverse train average loss 0.004501946529166566.
epoch 99: inverse test average loss 0.007316195302539402.
forward model: training agent 15.
Epoch 0: forward train average loss 0.0065073079119126005.
epoch 0: forward test average loss 0.010239973664283752.
Epoch 99: forward train average loss 0.005552246442271603.
epoch 99: forward test average loss 0.008207267357243432.
inverse model, training agent 15.
epoch 0: inverse train average loss 0.0016676975517637199.
epoch 0: inverse test average loss 0.0028934370622866684.
epoch 99: inverse train average loss 0.0012243850441235635.
epoch 99: inverse test average loss 0.00456324675016933.
Policy training episode: 56, grounded actions taken: 5760, last two uncertainties: {0: [0.0, 0.0], 1: [0.0, 0.0], 2: [0.0, 0.0], 3: [0.0, 0.0], 4: [0.0, 0.0], 5: [0.0, 0.0], 6: [0.0, 0.0], 7: [0.0, 0.0], 8: [0.0, 0.0], 9: [0.0, 0.0], 10: [0.0, 0.0], 11: [0.0, 0.0], 12: [0.0, 0.0], 13: [0.0, 0.0], 14: [0.0, 0.0], 15: [0.0, 0.0]}, avg agent uncertainties: [0.0, 0.0, 0.0, 0.0, 0.0, 0.0, 0.0, 0.0, 0.0, 0.0, 0.0, 0.0, 0.0, 0.0, 0.0, 0.0], grounded actions by agent: [360, 360, 360, 360, 360, 360, 360, 360, 360, 360, 360, 360, 360, 360, 360, 360]
Policy training episode: 56, iteration 0/1, policy training avg travel time:152.946798166412, q_loss:331.0937194824219, rewards:-312.90193142361113, queue:20.49357638888889, delay:0.3688022189670139, throughput:20440
Sim Rollout episode:57/100, sim avg travel time:116.71699161765387, rewards:-156.7032986111111, queue:10.31857638888889, delay:0.29509769015842013, throughput:20853
Real rollout step:57/100, travel time:252.17047350555205, rewards:-559.0063368055555, queue:44.68697916666667, delay:0.39733590020073783, throughput:15784
forward model: training agent 0.
Epoch 0: forward train average loss 0.0050675277080800794.
epoch 0: forward test average loss 0.008030226247178184.
Epoch 99: forward train average loss 0.004320097104128864.
epoch 99: forward test average loss 0.00978612071937985.
inverse model, training agent 0.
epoch 0: inverse train average loss 0.004330764628118939.
epoch 0: inverse test average loss 0.003683634102344513.
epoch 99: inverse train average loss 0.0031097172242071894.
epoch 99: inverse test average loss 0.003798521434267362.
forward model: training agent 1.
Epoch 0: forward train average loss 0.002638193882173962.
epoch 0: forward test average loss 0.004703129745191998.
Epoch 99: forward train average loss 0.002373875765543845.
epoch 99: forward test average loss 0.005160081303781933.
inverse model, training agent 1.
epoch 0: inverse train average loss 0.003704965321554078.
epoch 0: inverse test average loss 0.0028958642441365453.
epoch 99: inverse train average loss 0.0021916686479623118.
epoch 99: inverse test average loss 0.002055938666065534.
forward model: training agent 2.
Epoch 0: forward train average loss 0.0025457429389158883.
epoch 0: forward test average loss 0.00430080315305127.
Epoch 99: forward train average loss 0.0023503981582406494.
epoch 99: forward test average loss 0.0050840746197435595.
inverse model, training agent 2.
epoch 0: inverse train average loss 0.0018252779910754827.
epoch 0: inverse test average loss 0.0010032803078906403.
epoch 99: inverse train average loss 0.000943430240214285.
epoch 99: inverse test average loss 0.0008635781964080201.
forward model: training agent 3.
Epoch 0: forward train average loss 2.379876774045226e-11.
epoch 0: forward test average loss 1.744524740714897e-11.
Epoch 99: forward train average loss 1.5730467661481364e-11.
epoch 99: forward test average loss 1.116521381522912e-11.
inverse model, training agent 3.
epoch 0: inverse train average loss 0.0.
epoch 0: inverse test average loss 0.0.
epoch 99: inverse train average loss 0.0.
epoch 99: inverse test average loss 0.0.
forward model: training agent 4.
Epoch 0: forward train average loss 0.0027196546499099997.
epoch 0: forward test average loss 0.0031652825160159003.
Epoch 99: forward train average loss 0.002639545282969872.
epoch 99: forward test average loss 0.0037067352483669915.
inverse model, training agent 4.
epoch 0: inverse train average loss 0.0024735090426272815.
epoch 0: inverse test average loss 0.0014895889908075333.
epoch 99: inverse train average loss 0.0018930602560026778.
epoch 99: inverse test average loss 0.0013357766955677005.
forward model: training agent 5.
Epoch 0: forward train average loss 0.006115418082724015.
epoch 0: forward test average loss 0.006568052702479892.
Epoch 99: forward train average loss 0.0032496038410398695.
epoch 99: forward test average loss 0.00545138596660561.
inverse model, training agent 5.
epoch 0: inverse train average loss 0.00033311783881294506.
epoch 0: inverse test average loss 0.0017994101411507775.
epoch 99: inverse train average loss 6.0429140098171454e-05.
epoch 99: inverse test average loss 6.336666410788894e-05.
forward model: training agent 6.
Epoch 0: forward train average loss 0.007159439846873283.
epoch 0: forward test average loss 0.012513358559873369.
Epoch 99: forward train average loss 0.005108245648443699.
epoch 99: forward test average loss 0.008330753280056847.
inverse model, training agent 6.
epoch 0: inverse train average loss 0.0015410488962920175.
epoch 0: inverse test average loss 0.0016924482770264149.
epoch 99: inverse train average loss 0.0006597210045179559.
epoch 99: inverse test average loss 0.0010326976189389825.
forward model: training agent 7.
Epoch 0: forward train average loss 0.011202216562297609.
epoch 0: forward test average loss 0.013590416560570398.
Epoch 99: forward train average loss 0.004160164493239588.
epoch 99: forward test average loss 0.007283413989676369.
inverse model, training agent 7.
epoch 0: inverse train average loss 0.009908235838843716.
epoch 0: inverse test average loss 0.011316375393006537.
epoch 99: inverse train average loss 0.006731464010145929.
epoch 99: inverse test average loss 0.012112292150656382.
forward model: training agent 8.
Epoch 0: forward train average loss 0.008454849943518639.
epoch 0: forward test average loss 0.008751259495814642.
Epoch 99: forward train average loss 0.00210294750933018.
epoch 99: forward test average loss 0.0037969729552666345.
inverse model, training agent 8.
epoch 0: inverse train average loss 0.0016325290392463405.
epoch 0: inverse test average loss 0.002773685794737604.
epoch 99: inverse train average loss 0.0004923381622777217.
epoch 99: inverse test average loss 0.0005945737809977598.
forward model: training agent 9.
Epoch 0: forward train average loss 0.003949706960055564.
epoch 0: forward test average loss 0.005558875699838002.
Epoch 99: forward train average loss 0.0020104316321925986.
epoch 99: forward test average loss 0.004014919408493572.
inverse model, training agent 9.
epoch 0: inverse train average loss 0.00025802911012659833.
epoch 0: inverse test average loss 2.987851621504155e-05.
epoch 99: inverse train average loss 3.146655209699626e-05.
epoch 99: inverse test average loss 9.160435325207395e-05.
forward model: training agent 10.
Epoch 0: forward train average loss 0.01828603943188985.
epoch 0: forward test average loss 0.01688737256659402.
Epoch 99: forward train average loss 0.012694320951898893.
epoch 99: forward test average loss 0.013832417213254504.
inverse model, training agent 10.
epoch 0: inverse train average loss 0.0005684451187132961.
epoch 0: inverse test average loss 0.0028023303085420695.
epoch 99: inverse train average loss 0.0002785297628078196.
epoch 99: inverse test average loss 0.0027830454895997215.
forward model: training agent 11.
Epoch 0: forward train average loss 0.003823452422188388.
epoch 0: forward test average loss 0.005792240301767985.
Epoch 99: forward train average loss 0.0033972528763115406.
epoch 99: forward test average loss 0.00594714056286547.
inverse model, training agent 11.
epoch 0: inverse train average loss 0.0011583351167953676.
epoch 0: inverse test average loss 0.0004278718002347483.
epoch 99: inverse train average loss 0.0005422980369379123.
epoch 99: inverse test average loss 0.0007466713949624035.
forward model: training agent 12.
Epoch 0: forward train average loss 0.0015382745768874884.
epoch 0: forward test average loss 0.0023136429695619475.
Epoch 99: forward train average loss 0.0013275935780256987.
epoch 99: forward test average loss 0.002013565455045965.
inverse model, training agent 12.
epoch 0: inverse train average loss 1.746228408785713e-10.
epoch 0: inverse test average loss 1.0348026139676374e-10.
epoch 99: inverse train average loss 4.527261243361361e-11.
epoch 99: inverse test average loss 1.0348026139676374e-10.
forward model: training agent 13.
Epoch 0: forward train average loss 0.002431732395456897.
epoch 0: forward test average loss 0.004071037181549602.
Epoch 99: forward train average loss 0.0021327551350825364.
epoch 99: forward test average loss 0.0037488991187678445.
inverse model, training agent 13.
epoch 0: inverse train average loss 0.002088057950863408.
epoch 0: inverse test average loss 0.0031265935653613675.
epoch 99: inverse train average loss 0.0010936606558971107.
epoch 99: inverse test average loss 0.001628390154413258.
forward model: training agent 14.
Epoch 0: forward train average loss 0.004784623264438576.
epoch 0: forward test average loss 0.007078445413046413.
Epoch 99: forward train average loss 0.004444558121677902.
epoch 99: forward test average loss 0.00711030223303371.
inverse model, training agent 14.
epoch 0: inverse train average loss 0.0026247993163350555.
epoch 0: inverse test average loss 0.0072255611626638305.
epoch 99: inverse train average loss 0.0019087930106454426.
epoch 99: inverse test average loss 0.006509796612792545.
forward model: training agent 15.
Epoch 0: forward train average loss 0.010622401204374101.
epoch 0: forward test average loss 0.011946656223800447.
Epoch 99: forward train average loss 0.004639417191760408.
epoch 99: forward test average loss 0.00828510108921263.
inverse model, training agent 15.
epoch 0: inverse train average loss 0.0025702218214670816.
epoch 0: inverse test average loss 0.006171757976214091.
epoch 99: inverse train average loss 0.0010646294815362329.
epoch 99: inverse test average loss 0.0036948751658201218.
Policy training episode: 57, grounded actions taken: 5760, last two uncertainties: {0: [0.0, 0.0], 1: [0.0, 0.0], 2: [0.0, 0.0], 3: [0.0, 0.0], 4: [0.0, 0.0], 5: [0.0, 0.0], 6: [0.0, 0.0], 7: [0.0, 0.0], 8: [0.0, 0.0], 9: [0.0, 0.0], 10: [0.0, 0.0], 11: [0.0, 0.0], 12: [0.0, 0.0], 13: [0.0, 0.0], 14: [0.0, 0.0], 15: [0.0, 0.0]}, avg agent uncertainties: [0.0, 0.0, 0.0, 0.0, 0.0, 0.0, 0.0, 0.0, 0.0, 0.0, 0.0, 0.0, 0.0, 0.0, 0.0, 0.0], grounded actions by agent: [360, 360, 360, 360, 360, 360, 360, 360, 360, 360, 360, 360, 360, 360, 360, 360]
Policy training episode: 57, iteration 0/1, policy training avg travel time:225.54684822379696, q_loss:326.1286315917969, rewards:-520.4095486111111, queue:38.164409722222224, delay:0.39502749972873263, throughput:19248
Sim Rollout episode:58/100, sim avg travel time:124.83351856997314, rewards:-194.81473524305557, queue:13.365972222222222, delay:0.3177604251437717, throughput:20778
Real rollout step:58/100, travel time:317.5257573063015, rewards:-651.4176215277778, queue:58.62708333333333, delay:0.430259280734592, throughput:14686
forward model: training agent 0.
Epoch 0: forward train average loss 0.5030162069532607.
epoch 0: forward test average loss 0.5382772816552056.
Epoch 99: forward train average loss 0.023120021654499903.
epoch 99: forward test average loss 0.03411539726787143.
inverse model, training agent 0.
epoch 0: inverse train average loss 0.003906320573555099.
epoch 0: inverse test average loss 0.003958774523602592.
epoch 99: inverse train average loss 0.002686691729144918.
epoch 99: inverse test average loss 0.002711879619811144.
forward model: training agent 1.
Epoch 0: forward train average loss 0.0031380089931190014.
epoch 0: forward test average loss 0.0036570457741618156.
Epoch 99: forward train average loss 0.002531412368019422.
epoch 99: forward test average loss 0.0033365701221757466.
inverse model, training agent 1.
epoch 0: inverse train average loss 0.0027311373398535782.
epoch 0: inverse test average loss 0.004460550223787625.
epoch 99: inverse train average loss 0.0019688127665883964.
epoch 99: inverse test average loss 0.0026053257493509185.
forward model: training agent 2.
Epoch 0: forward train average loss 0.008987723435792658.
epoch 0: forward test average loss 0.008521029104789099.
Epoch 99: forward train average loss 0.0030454955995082855.
epoch 99: forward test average loss 0.005046109979351361.
inverse model, training agent 2.
epoch 0: inverse train average loss 0.0009776775130174225.
epoch 0: inverse test average loss 0.000996506048573388.
epoch 99: inverse train average loss 0.00027564123148396093.
epoch 99: inverse test average loss 0.00016968309581797157.
forward model: training agent 3.
Epoch 0: forward train average loss 5.764911985284282e-12.
epoch 0: forward test average loss 2.2003423774366284e-11.
Epoch 99: forward train average loss 3.978242291918171e-11.
epoch 99: forward test average loss 2.892384356714375e-10.
inverse model, training agent 3.
epoch 0: inverse train average loss 0.0.
epoch 0: inverse test average loss 0.0.
epoch 99: inverse train average loss 0.0.
epoch 99: inverse test average loss 0.0.
forward model: training agent 4.
Epoch 0: forward train average loss 0.0026506290564106572.
epoch 0: forward test average loss 0.0036502394618259538.
Epoch 99: forward train average loss 0.002169935679477122.
epoch 99: forward test average loss 0.0037154965102672577.
inverse model, training agent 4.
epoch 0: inverse train average loss 0.013558719721105363.
epoch 0: inverse test average loss 0.02936329444249471.
epoch 99: inverse train average loss 0.006749342195689678.
epoch 99: inverse test average loss 0.013918361730045743.
forward model: training agent 5.
Epoch 0: forward train average loss 0.004277446824643347.
epoch 0: forward test average loss 0.007849410590198305.
Epoch 99: forward train average loss 0.0032656417331761783.
epoch 99: forward test average loss 0.006226448756125238.
inverse model, training agent 5.
epoch 0: inverse train average loss 2.7312522636040943e-05.
epoch 0: inverse test average loss 7.628056917181109e-06.
epoch 99: inverse train average loss 3.421455037116377e-06.
epoch 99: inverse test average loss 2.929497339894856e-07.
forward model: training agent 6.
Epoch 0: forward train average loss 0.02211462085445722.
epoch 0: forward test average loss 0.03240518271923065.
Epoch 99: forward train average loss 0.006350230011675093.
epoch 99: forward test average loss 0.011252169393830828.
inverse model, training agent 6.
epoch 0: inverse train average loss 0.0021603031006331244.
epoch 0: inverse test average loss 0.0025935639730758136.
epoch 99: inverse train average loss 0.0008182886651613646.
epoch 99: inverse test average loss 0.0017047396136654748.
forward model: training agent 7.
Epoch 0: forward train average loss 0.03244327629605929.
epoch 0: forward test average loss 0.04439407421482934.
Epoch 99: forward train average loss 0.006046102278762394.
epoch 99: forward test average loss 0.011133183621697955.
inverse model, training agent 7.
epoch 0: inverse train average loss 0.02030368025104205.
epoch 0: inverse test average loss 0.020635463297367096.
epoch 99: inverse train average loss 0.007966189852191342.
epoch 99: inverse test average loss 0.010995979938242171.
forward model: training agent 8.
Epoch 0: forward train average loss 0.01134009886946943.
epoch 0: forward test average loss 0.01296558603644371.
Epoch 99: forward train average loss 0.004258691540194882.
epoch 99: forward test average loss 0.007521521713998582.
inverse model, training agent 8.
epoch 0: inverse train average loss 0.0024821607706447444.
epoch 0: inverse test average loss 0.0014447378408577708.
epoch 99: inverse train average loss 0.0011910736664301818.
epoch 99: inverse test average loss 0.0042050663226594525.
forward model: training agent 9.
Epoch 0: forward train average loss 0.005663150248842107.
epoch 0: forward test average loss 0.006553478125068877.
Epoch 99: forward train average loss 0.0018070528231975106.
epoch 99: forward test average loss 0.003827274673514896.
inverse model, training agent 9.
epoch 0: inverse train average loss 1.5795360670583454e-05.
epoch 0: inverse test average loss 0.0001442822912254529.
epoch 99: inverse train average loss 3.0955325200920925e-06.
epoch 99: inverse test average loss 0.00023288378077839726.
forward model: training agent 10.
Epoch 0: forward train average loss 0.029096813251574833.
epoch 0: forward test average loss 0.02992713451385498.
Epoch 99: forward train average loss 0.012901687580678198.
epoch 99: forward test average loss 0.015397380623552535.
inverse model, training agent 10.
epoch 0: inverse train average loss 0.0004415762862966706.
epoch 0: inverse test average loss 0.004547911101124353.
epoch 99: inverse train average loss 0.00015019909834437486.
epoch 99: inverse test average loss 0.0041836754729350405.
forward model: training agent 11.
Epoch 0: forward train average loss 0.374039974477556.
epoch 0: forward test average loss 0.4028555949529012.
Epoch 99: forward train average loss 0.02099656644794676.
epoch 99: forward test average loss 0.030376702547073364.
inverse model, training agent 11.
epoch 0: inverse train average loss 0.08569531639417012.
epoch 0: inverse test average loss 0.10662233167224461.
epoch 99: inverse train average loss 0.0004941129461965627.
epoch 99: inverse test average loss 0.0009231830546115008.
forward model: training agent 12.
Epoch 0: forward train average loss 0.001752823849933015.
epoch 0: forward test average loss 0.003074508677754137.
Epoch 99: forward train average loss 0.0015123760741617945.
epoch 99: forward test average loss 0.0026202800994118056.
inverse model, training agent 12.
epoch 0: inverse train average loss 2.056631605758715e-09.
epoch 0: inverse test average loss 1.8109045127643084e-10.
epoch 99: inverse train average loss 3.233758669791204e-11.
epoch 99: inverse test average loss 2.7680802835069094e-09.
forward model: training agent 13.
Epoch 0: forward train average loss 0.0024661642706228625.
epoch 0: forward test average loss 0.00431412189371056.
Epoch 99: forward train average loss 0.002199160633608699.
epoch 99: forward test average loss 0.004257219326164987.
inverse model, training agent 13.
epoch 0: inverse train average loss 0.006249508613513576.
epoch 0: inverse test average loss 0.0037946905682070386.
epoch 99: inverse train average loss 0.0024618205562647846.
epoch 99: inverse test average loss 0.00280182756897476.
forward model: training agent 14.
Epoch 0: forward train average loss 0.004702918904109133.
epoch 0: forward test average loss 0.0073096611433558995.
Epoch 99: forward train average loss 0.0045054772765272194.
epoch 99: forward test average loss 0.008187228606806861.
inverse model, training agent 14.
epoch 0: inverse train average loss 0.0028080662402013936.
epoch 0: inverse test average loss 0.005301149355040656.
epoch 99: inverse train average loss 0.001561695114812917.
epoch 99: inverse test average loss 0.003361042278508345.
forward model: training agent 15.
Epoch 0: forward train average loss 0.005724085391395622.
epoch 0: forward test average loss 0.01025477796792984.
Epoch 99: forward train average loss 0.004828889233370622.
epoch 99: forward test average loss 0.008713898559411367.
inverse model, training agent 15.
epoch 0: inverse train average loss 0.0016277731111687091.
epoch 0: inverse test average loss 0.0035649253469374445.
epoch 99: inverse train average loss 0.0011398323565824991.
epoch 99: inverse test average loss 0.0016281775509317715.
Policy training episode: 58, grounded actions taken: 5760, last two uncertainties: {0: [0.0, 0.0], 1: [0.0, 0.0], 2: [0.0, 0.0], 3: [0.0, 0.0], 4: [0.0, 0.0], 5: [0.0, 0.0], 6: [0.0, 0.0], 7: [0.0, 0.0], 8: [0.0, 0.0], 9: [0.0, 0.0], 10: [0.0, 0.0], 11: [0.0, 0.0], 12: [0.0, 0.0], 13: [0.0, 0.0], 14: [0.0, 0.0], 15: [0.0, 0.0]}, avg agent uncertainties: [0.0, 0.0, 0.0, 0.0, 0.0, 0.0, 0.0, 0.0, 0.0, 0.0, 0.0, 0.0, 0.0, 0.0, 0.0, 0.0], grounded actions by agent: [360, 360, 360, 360, 360, 360, 360, 360, 360, 360, 360, 360, 360, 360, 360, 360]
Policy training episode: 58, iteration 0/1, policy training avg travel time:230.86271241376116, q_loss:307.8956298828125, rewards:-457.8388454861111, queue:32.64392361111111, delay:0.4218812730577257, throughput:19493
Sim Rollout episode:59/100, sim avg travel time:228.32788403649332, rewards:-326.0450954861111, queue:35.900868055555556, delay:0.3644810994466146, throughput:19177
Real rollout step:59/100, travel time:363.47088206627683, rewards:-728.0385850694445, queue:67.19965277777777, delay:0.444411129421658, throughput:14047
forward model: training agent 0.
Epoch 0: forward train average loss 0.4250920083787706.
epoch 0: forward test average loss 0.578906880484687.
Epoch 99: forward train average loss 0.012773586023184989.
epoch 99: forward test average loss 0.0242880384127299.
inverse model, training agent 0.
epoch 0: inverse train average loss 0.00010447773168683246.
epoch 0: inverse test average loss 1.7480125178634706e-05.
epoch 99: inverse train average loss 5.1856052809600645e-05.
epoch 99: inverse test average loss 1.1567180990823545e-06.
forward model: training agent 1.
Epoch 0: forward train average loss 1.864625612894694.
epoch 0: forward test average loss 2.357981469896105.
Epoch 99: forward train average loss 0.0030036308388743135.
epoch 99: forward test average loss 0.005358377057645056.
inverse model, training agent 1.
epoch 0: inverse train average loss 0.0007070070924884123.
epoch 0: inverse test average loss 0.00033170174962530535.
epoch 99: inverse train average loss 0.00028377592095946765.
epoch 99: inverse test average loss 3.603119532474213e-05.
forward model: training agent 2.
Epoch 0: forward train average loss 1.8627304765913222.
epoch 0: forward test average loss 2.595319006178114.
Epoch 99: forward train average loss 0.012896443406740824.
epoch 99: forward test average loss 0.024786269499195948.
inverse model, training agent 2.
epoch 0: inverse train average loss 1.833954279935786e-05.
epoch 0: inverse test average loss 3.500018728017393e-05.
epoch 99: inverse train average loss 4.6572662818612625e-06.
epoch 99: inverse test average loss 4.105239389041849e-05.
forward model: training agent 3.
Epoch 0: forward train average loss 2.7428144015277195e-10.
epoch 0: forward test average loss 1.7515460532586185e-12.
Epoch 99: forward train average loss 2.3193175466593471e-10.
epoch 99: forward test average loss 1.6827401200853526e-10.
inverse model, training agent 3.
epoch 0: inverse train average loss 0.0.
epoch 0: inverse test average loss 0.0.
epoch 99: inverse train average loss 0.0.
epoch 99: inverse test average loss 0.0.
forward model: training agent 4.
Epoch 0: forward train average loss 0.0023482938090132344.
epoch 0: forward test average loss 0.0035915671744280392.
Epoch 99: forward train average loss 0.0021609298160506617.
epoch 99: forward test average loss 0.003611110978656345.
inverse model, training agent 4.
epoch 0: inverse train average loss 0.03147715371516016.
epoch 0: inverse test average loss 0.051509867111841835.
epoch 99: inverse train average loss 0.001438711841021561.
epoch 99: inverse test average loss 0.00022806193576090864.
forward model: training agent 5.
Epoch 0: forward train average loss 0.0038499990995559427.
epoch 0: forward test average loss 0.005692690196964476.
Epoch 99: forward train average loss 0.003207820208950175.
epoch 99: forward test average loss 0.005467420236931907.
inverse model, training agent 5.
epoch 0: inverse train average loss 8.843261297562954e-07.
epoch 0: inverse test average loss 0.00021860914097891914.
epoch 99: inverse train average loss 2.6799142399052616e-08.
epoch 99: inverse test average loss 0.0008137259218427747.
forward model: training agent 6.
Epoch 0: forward train average loss 0.009446958907776408.
epoch 0: forward test average loss 0.013610921386215422.
Epoch 99: forward train average loss 0.0051538631733920835.
epoch 99: forward test average loss 0.008369817501968808.
inverse model, training agent 6.
epoch 0: inverse train average loss 0.0015932907634932133.
epoch 0: inverse test average loss 0.005767349153757095.
epoch 99: inverse train average loss 0.000717073083958692.
epoch 99: inverse test average loss 0.004530521109700203.
forward model: training agent 7.
Epoch 0: forward train average loss 0.010389535273942683.
epoch 0: forward test average loss 0.012796016616953744.
Epoch 99: forward train average loss 0.00375011180424028.
epoch 99: forward test average loss 0.007476994146903356.
inverse model, training agent 7.
epoch 0: inverse train average loss 0.0075594353386097485.
epoch 0: inverse test average loss 0.01766072751747237.
epoch 99: inverse train average loss 0.006364198608530892.
epoch 99: inverse test average loss 0.016413269771469965.
forward model: training agent 8.
Epoch 0: forward train average loss 0.006766015042861302.
epoch 0: forward test average loss 0.008479780620998807.
Epoch 99: forward train average loss 0.001970089144176907.
epoch 99: forward test average loss 0.004765149412883652.
inverse model, training agent 8.
epoch 0: inverse train average loss 0.006909828736550278.
epoch 0: inverse test average loss 0.0066090962953037685.
epoch 99: inverse train average loss 0.003109939887912737.
epoch 99: inverse test average loss 0.004558784421533346.
forward model: training agent 9.
Epoch 0: forward train average loss 0.004615502742429574.
epoch 0: forward test average loss 0.005795782224999534.
Epoch 99: forward train average loss 0.0017412268142733309.
epoch 99: forward test average loss 0.00374351493600342.
inverse model, training agent 9.
epoch 0: inverse train average loss 6.534766857334439e-05.
epoch 0: inverse test average loss 0.00031475434338466986.
epoch 99: inverse train average loss 5.685122586227307e-06.
epoch 99: inverse test average loss 0.00023533862203193066.
forward model: training agent 10.
Epoch 0: forward train average loss 0.02130820043385029.
epoch 0: forward test average loss 0.025149605340427823.
Epoch 99: forward train average loss 0.01070857834484842.
epoch 99: forward test average loss 0.02290720409817166.
inverse model, training agent 10.
epoch 0: inverse train average loss 0.0006147711861154272.
epoch 0: inverse test average loss 0.0005871511659481459.
epoch 99: inverse train average loss 0.0002532877729714124.
epoch 99: inverse test average loss 0.0011000827782683903.
forward model: training agent 11.
Epoch 0: forward train average loss 0.08549325664838155.
epoch 0: forward test average loss 0.1103228661749098.
Epoch 99: forward train average loss 0.010617190971970558.
epoch 99: forward test average loss 0.020058642658922408.
inverse model, training agent 11.
epoch 0: inverse train average loss 0.032740929474433265.
epoch 0: inverse test average loss 0.015201048518065363.
epoch 99: inverse train average loss 0.00017059557217180554.
epoch 99: inverse test average loss 0.0008871165030844471.
forward model: training agent 12.
Epoch 0: forward train average loss 0.0015942780818376276.
epoch 0: forward test average loss 0.002173041407432821.
Epoch 99: forward train average loss 0.0014309865267326434.
epoch 99: forward test average loss 0.0021621233059300315.
inverse model, training agent 12.
epoch 0: inverse train average loss 7.114268125225148e-11.
epoch 0: inverse test average loss 2.5870069975120202e-11.
epoch 99: inverse train average loss 1.9402552481340152e-11.
epoch 99: inverse test average loss 0.0.
forward model: training agent 13.
Epoch 0: forward train average loss 0.0023240759554836485.
epoch 0: forward test average loss 0.0035957093867990705.
Epoch 99: forward train average loss 0.0020142685001095137.
epoch 99: forward test average loss 0.0036354849321974646.
inverse model, training agent 13.
epoch 0: inverse train average loss 0.002873974878133999.
epoch 0: inverse test average loss 0.00458232116782003.
epoch 99: inverse train average loss 0.0015494029762016402.
epoch 99: inverse test average loss 0.0035387249663472176.
forward model: training agent 14.
Epoch 0: forward train average loss 0.004512518696073029.
epoch 0: forward test average loss 0.007443465292453766.
Epoch 99: forward train average loss 0.00410302531801992.
epoch 99: forward test average loss 0.006762164127495553.
inverse model, training agent 14.
epoch 0: inverse train average loss 0.0027282018887086045.
epoch 0: inverse test average loss 0.0021014794086416564.
epoch 99: inverse train average loss 0.002027416912217935.
epoch 99: inverse test average loss 0.0012136656377050611.
forward model: training agent 15.
Epoch 0: forward train average loss 0.005527791153225634.
epoch 0: forward test average loss 0.008579125006993612.
Epoch 99: forward train average loss 0.004624290495283074.
epoch 99: forward test average loss 0.00819753979643186.
inverse model, training agent 15.
epoch 0: inverse train average loss 0.0017150524589750501.
epoch 0: inverse test average loss 0.0012665620177156394.
epoch 99: inverse train average loss 0.0009768885081737405.
epoch 99: inverse test average loss 0.0015962232654500338.
Policy training episode: 59, grounded actions taken: 5760, last two uncertainties: {0: [0.0, 0.0], 1: [0.0, 0.0], 2: [0.0, 0.0], 3: [0.0, 0.0], 4: [0.0, 0.0], 5: [0.0, 0.0], 6: [0.0, 0.0], 7: [0.0, 0.0], 8: [0.0, 0.0], 9: [0.0, 0.0], 10: [0.0, 0.0], 11: [0.0, 0.0], 12: [0.0, 0.0], 13: [0.0, 0.0], 14: [0.0, 0.0], 15: [0.0, 0.0]}, avg agent uncertainties: [0.0, 0.0, 0.0, 0.0, 0.0, 0.0, 0.0, 0.0, 0.0, 0.0, 0.0, 0.0, 0.0, 0.0, 0.0, 0.0], grounded actions by agent: [360, 360, 360, 360, 360, 360, 360, 360, 360, 360, 360, 360, 360, 360, 360, 360]
Policy training episode: 59, iteration 0/1, policy training avg travel time:309.2748911734741, q_loss:303.40838623046875, rewards:-521.2022569444445, queue:50.212673611111114, delay:0.4287111070421007, throughput:18577
Sim Rollout episode:60/100, sim avg travel time:370.3874299476634, rewards:-434.20299479166664, queue:76.06302083333334, delay:0.3721705118815104, throughput:17908
Real rollout step:60/100, travel time:194.36046642000224, rewards:-387.17508680555557, queue:29.907465277777778, delay:0.3899029201931424, throughput:16607
forward model: training agent 0.
Epoch 0: forward train average loss 0.0952502836783727.
epoch 0: forward test average loss 0.11202831069628398.
Epoch 99: forward train average loss 0.010888614174392488.
epoch 99: forward test average loss 0.01993196623192893.
inverse model, training agent 0.
epoch 0: inverse train average loss 0.0016070884293084317.
epoch 0: inverse test average loss 1.5997804894141154e-05.
epoch 99: inverse train average loss 9.645287637896318e-05.
epoch 99: inverse test average loss 0.00015417070244438946.
forward model: training agent 1.
Epoch 0: forward train average loss 0.0035139748619662393.
epoch 0: forward test average loss 0.004944493994116783.
Epoch 99: forward train average loss 0.002524016321533256.
epoch 99: forward test average loss 0.004468703642487526.
inverse model, training agent 1.
epoch 0: inverse train average loss 0.0026952007966529992.
epoch 0: inverse test average loss 0.0022874829462832874.
epoch 99: inverse train average loss 0.0011505838677597542.
epoch 99: inverse test average loss 0.0008863329777442333.
forward model: training agent 2.
Epoch 0: forward train average loss 0.04944268696837955.
epoch 0: forward test average loss 0.05957340697447459.
Epoch 99: forward train average loss 0.004746855391810338.
epoch 99: forward test average loss 0.007131873112585809.
inverse model, training agent 2.
epoch 0: inverse train average loss 0.0002717515053518582.
epoch 0: inverse test average loss 0.003431278539614545.
epoch 99: inverse train average loss 9.91223120460442e-05.
epoch 99: inverse test average loss 0.003362922706097985.
forward model: training agent 3.
Epoch 0: forward train average loss 1.0567389478898113e-10.
epoch 0: forward test average loss 2.0787225027716102e-10.
Epoch 99: forward train average loss 8.41527084320516e-12.
epoch 99: forward test average loss 9.658975008708381e-12.
inverse model, training agent 3.
epoch 0: inverse train average loss 0.0.
epoch 0: inverse test average loss 0.0.
epoch 99: inverse train average loss 0.0.
epoch 99: inverse test average loss 0.0.
forward model: training agent 4.
Epoch 0: forward train average loss 0.02223093021247122.
epoch 0: forward test average loss 0.013284929096698761.
Epoch 99: forward train average loss 0.0022889369995229775.
epoch 99: forward test average loss 0.003815516105128659.
inverse model, training agent 4.
epoch 0: inverse train average loss 0.0010992961882341963.
epoch 0: inverse test average loss 0.0018832920597762698.
epoch 99: inverse train average loss 0.0005040660390578625.
epoch 99: inverse test average loss 0.002036838067902459.
forward model: training agent 5.
Epoch 0: forward train average loss 0.003658413059181637.
epoch 0: forward test average loss 0.004746100968784756.
Epoch 99: forward train average loss 0.003346995554036564.
epoch 99: forward test average loss 0.0041975271370675825.
inverse model, training agent 5.
epoch 0: inverse train average loss 0.0011208067878243355.
epoch 0: inverse test average loss 5.432681835257666e-09.
epoch 99: inverse train average loss 7.043905972952618e-05.
epoch 99: inverse test average loss 3.23666493689719e-05.
forward model: training agent 6.
Epoch 0: forward train average loss 0.017852753607763186.
epoch 0: forward test average loss 0.028429208530320063.
Epoch 99: forward train average loss 0.006302721694939666.
epoch 99: forward test average loss 0.011572725656959746.
inverse model, training agent 6.
epoch 0: inverse train average loss 0.8839301930533515.
epoch 0: inverse test average loss 0.9194663630591499.
epoch 99: inverse train average loss 0.00557823520567682.
epoch 99: inverse test average loss 0.01071649334496922.
forward model: training agent 7.
Epoch 0: forward train average loss 0.013501824190219244.
epoch 0: forward test average loss 0.025215505725807615.
Epoch 99: forward train average loss 0.004743601919876205.
epoch 99: forward test average loss 0.00885466155078676.
inverse model, training agent 7.
epoch 0: inverse train average loss 0.10031647317939335.
epoch 0: inverse test average loss 0.19827147324879965.
epoch 99: inverse train average loss 0.0018381498133142788.
epoch 99: inverse test average loss 0.0026057732886531288.
forward model: training agent 8.
Epoch 0: forward train average loss 0.005327251429359118.
epoch 0: forward test average loss 0.011000992523299323.
Epoch 99: forward train average loss 0.0034986953768465254.
epoch 99: forward test average loss 0.006917667264739673.
inverse model, training agent 8.
epoch 0: inverse train average loss 0.0317815997534328.
epoch 0: inverse test average loss 0.01790775193108453.
epoch 99: inverse train average loss 0.0010328041712960436.
epoch 99: inverse test average loss 0.0024232354060384547.
forward model: training agent 9.
Epoch 0: forward train average loss 0.00824559386819601.
epoch 0: forward test average loss 0.011687578426467048.
Epoch 99: forward train average loss 0.005129257320529885.
epoch 99: forward test average loss 0.007921051234006882.
inverse model, training agent 9.
epoch 0: inverse train average loss 0.35611431466208565.
epoch 0: inverse test average loss 0.4434966378741794.
epoch 99: inverse train average loss 0.002676112784279717.
epoch 99: inverse test average loss 0.005153010314744379.
forward model: training agent 10.
Epoch 0: forward train average loss 0.05490041938092974.
epoch 0: forward test average loss 0.05763472616672516.
Epoch 99: forward train average loss 0.004751219103733699.
epoch 99: forward test average loss 0.007968690246343613.
inverse model, training agent 10.
epoch 0: inverse train average loss 0.06104623029629389.
epoch 0: inverse test average loss 0.04250231587017576.
epoch 99: inverse train average loss 0.0048000374291506075.
epoch 99: inverse test average loss 0.0046194082953863675.
forward model: training agent 11.
Epoch 0: forward train average loss 0.053470896350012884.
epoch 0: forward test average loss 0.08071016603045994.
Epoch 99: forward train average loss 0.008450576414664587.
epoch 99: forward test average loss 0.013825443469815783.
inverse model, training agent 11.
epoch 0: inverse train average loss 0.0011357430905465865.
epoch 0: inverse test average loss 0.0005047891560631493.
epoch 99: inverse train average loss 0.00012602477121011665.
epoch 99: inverse test average loss 0.00024852838072951674.
forward model: training agent 12.
Epoch 0: forward train average loss 0.001513896949796213.
epoch 0: forward test average loss 0.002356582114266025.
Epoch 99: forward train average loss 0.0013678082420180242.
epoch 99: forward test average loss 0.002605648504363166.
inverse model, training agent 12.
epoch 0: inverse train average loss 9.388231491256092e-05.
epoch 0: inverse test average loss 7.761020838338419e-11.
epoch 99: inverse train average loss 2.4694355668344573e-07.
epoch 99: inverse test average loss 2.6128706975825366e-09.
forward model: training agent 13.
Epoch 0: forward train average loss 0.00225794217031863.
epoch 0: forward test average loss 0.004051850487788518.
Epoch 99: forward train average loss 0.001985069467789597.
epoch 99: forward test average loss 0.003931937532292472.
inverse model, training agent 13.
epoch 0: inverse train average loss 0.0022661491271315348.
epoch 0: inverse test average loss 0.003797730547375977.
epoch 99: inverse train average loss 0.0014372300227276152.
epoch 99: inverse test average loss 0.0033782717461387315.
forward model: training agent 14.
Epoch 0: forward train average loss 0.004738555445025365.
epoch 0: forward test average loss 0.007656529131862853.
Epoch 99: forward train average loss 0.004465248125294845.
epoch 99: forward test average loss 0.007467328674263424.
inverse model, training agent 14.
epoch 0: inverse train average loss 0.0033112678728583786.
epoch 0: inverse test average loss 0.008744424415959252.
epoch 99: inverse train average loss 0.0016338059083662098.
epoch 99: inverse test average loss 0.003175474082430204.
forward model: training agent 15.
Epoch 0: forward train average loss 0.007315134629607201.
epoch 0: forward test average loss 0.009850074847539267.
Epoch 99: forward train average loss 0.004765673695753018.
epoch 99: forward test average loss 0.00887350696656439.
inverse model, training agent 15.
epoch 0: inverse train average loss 0.0015559887332427832.
epoch 0: inverse test average loss 0.0018309226983951197.
epoch 99: inverse train average loss 0.0008252276198214127.
epoch 99: inverse test average loss 0.0013981818531950314.
Policy training episode: 60, grounded actions taken: 5760, last two uncertainties: {0: [0.0, 0.0], 1: [0.0, 0.0], 2: [0.0, 0.0], 3: [0.0, 0.0], 4: [0.0, 0.0], 5: [0.0, 0.0], 6: [0.0, 0.0], 7: [0.0, 0.0], 8: [0.0, 0.0], 9: [0.0, 0.0], 10: [0.0, 0.0], 11: [0.0, 0.0], 12: [0.0, 0.0], 13: [0.0, 0.0], 14: [0.0, 0.0], 15: [0.0, 0.0]}, avg agent uncertainties: [0.0, 0.0, 0.0, 0.0, 0.0, 0.0, 0.0, 0.0, 0.0, 0.0, 0.0, 0.0, 0.0, 0.0, 0.0, 0.0], grounded actions by agent: [360, 360, 360, 360, 360, 360, 360, 360, 360, 360, 360, 360, 360, 360, 360, 360]
Policy training episode: 60, iteration 0/1, policy training avg travel time:176.61782820097244, q_loss:294.85626220703125, rewards:-347.094921875, queue:28.975694444444443, delay:0.37849769592285154, throughput:20395
Sim Rollout episode:61/100, sim avg travel time:120.42336002962826, rewards:-168.75581597222222, queue:12.011631944444444, delay:0.3176309373643663, throughput:20832
Real rollout step:61/100, travel time:148.71770856022653, rewards:-308.7994357638889, queue:20.392881944444444, delay:0.35705668131510415, throughput:17409
forward model: training agent 0.
Epoch 0: forward train average loss 0.005780600425269868.
epoch 0: forward test average loss 0.009446273661322065.
Epoch 99: forward train average loss 0.0045322746348877745.
epoch 99: forward test average loss 0.007530736219551828.
inverse model, training agent 0.
epoch 0: inverse train average loss 0.0005721371772880149.
epoch 0: inverse test average loss 0.00018986136678399311.
epoch 99: inverse train average loss 7.748133288664071e-05.
epoch 99: inverse test average loss 5.799169129103474e-06.
forward model: training agent 1.
Epoch 0: forward train average loss 0.0027256357069644663.
epoch 0: forward test average loss 0.004336427069372601.
Epoch 99: forward train average loss 0.0024711198380423915.
epoch 99: forward test average loss 0.003954797362287839.
inverse model, training agent 1.
epoch 0: inverse train average loss 0.038889546361234456.
epoch 0: inverse test average loss 0.0558485123846266.
epoch 99: inverse train average loss 0.0062961625970072215.
epoch 99: inverse test average loss 0.008380748538507355.
forward model: training agent 2.
Epoch 0: forward train average loss 0.003034262659235133.
epoch 0: forward test average loss 0.004937139650185903.
Epoch 99: forward train average loss 0.00251166724289457.
epoch 99: forward test average loss 0.0052063630686865914.
inverse model, training agent 2.
epoch 0: inverse train average loss 3.1154494637222444e-05.
epoch 0: inverse test average loss 1.930624335323551e-05.
epoch 99: inverse train average loss 1.2593438239289551e-05.
epoch 99: inverse test average loss 1.045344739244077e-05.
forward model: training agent 3.
Epoch 0: forward train average loss 7.426321132116461e-12.
epoch 0: forward test average loss 4.000289605738456e-11.
Epoch 99: forward train average loss 2.5055945045419144e-11.
epoch 99: forward test average loss 4.729736355655076e-11.
inverse model, training agent 3.
epoch 0: inverse train average loss 0.0.
epoch 0: inverse test average loss 0.0.
epoch 99: inverse train average loss 0.0.
epoch 99: inverse test average loss 0.0.
forward model: training agent 4.
Epoch 0: forward train average loss 0.003814056981354952.
epoch 0: forward test average loss 0.0043281881759564085.
Epoch 99: forward train average loss 0.002237332415663534.
epoch 99: forward test average loss 0.0028927775306834113.
inverse model, training agent 4.
epoch 0: inverse train average loss 0.002401036923401989.
epoch 0: inverse test average loss 0.005147315778433242.
epoch 99: inverse train average loss 0.001797211311188423.
epoch 99: inverse test average loss 0.011616781560911072.
forward model: training agent 5.
Epoch 0: forward train average loss 0.0033562107322116694.
epoch 0: forward test average loss 0.0053047920680708354.
Epoch 99: forward train average loss 0.0028512117245958913.
epoch 99: forward test average loss 0.004634270341032081.
inverse model, training agent 5.
epoch 0: inverse train average loss 0.00021633348064319257.
epoch 0: inverse test average loss 1.4667900460254816e-05.
epoch 99: inverse train average loss 2.0389386918395758e-05.
epoch 99: inverse test average loss 2.4121720419619428e-06.
forward model: training agent 6.
Epoch 0: forward train average loss 0.010173050479756461.
epoch 0: forward test average loss 0.01559942877954907.
Epoch 99: forward train average loss 0.005089464493923717.
epoch 99: forward test average loss 0.009396761241886351.
inverse model, training agent 6.
epoch 0: inverse train average loss 0.0011456799176004198.
epoch 0: inverse test average loss 0.0020769574782914585.
epoch 99: inverse train average loss 0.0005531121730907924.
epoch 99: inverse test average loss 0.0007863123642487659.
forward model: training agent 7.
Epoch 0: forward train average loss 0.007836660059789816.
epoch 0: forward test average loss 0.014991103774971433.
Epoch 99: forward train average loss 0.0038807127728230422.
epoch 99: forward test average loss 0.008641146123409271.
inverse model, training agent 7.
epoch 0: inverse train average loss 0.03813734567827649.
epoch 0: inverse test average loss 0.05220576458507114.
epoch 99: inverse train average loss 0.005556171553002464.
epoch 99: inverse test average loss 0.015242574943436516.
forward model: training agent 8.
Epoch 0: forward train average loss 0.0034732983137170472.
epoch 0: forward test average loss 0.006064486172464158.
Epoch 99: forward train average loss 0.003008302973790301.
epoch 99: forward test average loss 0.006318194998635186.
inverse model, training agent 8.
epoch 0: inverse train average loss 0.0033943269453528854.
epoch 0: inverse test average loss 0.0028879924987753234.
epoch 99: inverse train average loss 0.0016553932154137227.
epoch 99: inverse test average loss 0.0013929985062633124.
forward model: training agent 9.
Epoch 0: forward train average loss 0.008423289904991785.
epoch 0: forward test average loss 0.011063725998004278.
Epoch 99: forward train average loss 0.005099890960587395.
epoch 99: forward test average loss 0.008636985801988177.
inverse model, training agent 9.
epoch 0: inverse train average loss 0.0003179147073145335.
epoch 0: inverse test average loss 0.0007301743348683153.
epoch 99: inverse train average loss 1.054700579869758e-05.
epoch 99: inverse test average loss 5.3806268965672643e-05.
forward model: training agent 10.
Epoch 0: forward train average loss 0.008071388117969036.
epoch 0: forward test average loss 0.009531793081098132.
Epoch 99: forward train average loss 0.004946894633273284.
epoch 99: forward test average loss 0.007039299441708459.
inverse model, training agent 10.
epoch 0: inverse train average loss 0.004956708858824438.
epoch 0: inverse test average loss 0.015400985876719156.
epoch 99: inverse train average loss 0.0012254929622738725.
epoch 99: inverse test average loss 0.005626226464907329.
forward model: training agent 11.
Epoch 0: forward train average loss 0.07151092837254207.
epoch 0: forward test average loss 0.105763574441274.
Epoch 99: forward train average loss 0.004051938032110532.
epoch 99: forward test average loss 0.007302804539601008.
inverse model, training agent 11.
epoch 0: inverse train average loss 0.00040838083481907635.
epoch 0: inverse test average loss 0.00042245685795529024.
epoch 99: inverse train average loss 2.7658903895321095e-05.
epoch 99: inverse test average loss 9.981092524766509e-05.
forward model: training agent 12.
Epoch 0: forward train average loss 0.001377744289735953.
epoch 0: forward test average loss 0.0017730672326352862.
Epoch 99: forward train average loss 0.0012447820303754674.
epoch 99: forward test average loss 0.001869952099190818.
inverse model, training agent 12.
epoch 0: inverse train average loss 1.5618959409775042e-07.
epoch 0: inverse test average loss 2.7111086511568928e-08.
epoch 99: inverse train average loss 3.031017017389602e-08.
epoch 99: inverse test average loss 6.720591094744321e-08.
forward model: training agent 13.
Epoch 0: forward train average loss 0.002303073467272851.
epoch 0: forward test average loss 0.0038826182070705625.
Epoch 99: forward train average loss 0.0020598587838725913.
epoch 99: forward test average loss 0.0034381642730699647.
inverse model, training agent 13.
epoch 0: inverse train average loss 0.0015012557398424381.
epoch 0: inverse test average loss 0.0022508553746673795.
epoch 99: inverse train average loss 0.00043232509698201384.
epoch 99: inverse test average loss 0.0007433818520641782.
forward model: training agent 14.
Epoch 0: forward train average loss 0.005380072217020724.
epoch 0: forward test average loss 0.00812004879117012.
Epoch 99: forward train average loss 0.004398645574433936.
epoch 99: forward test average loss 0.007210918598704868.
inverse model, training agent 14.
epoch 0: inverse train average loss 0.0033268095252828467.
epoch 0: inverse test average loss 0.0022456814121041033.
epoch 99: inverse train average loss 0.0018286530911508533.
epoch 99: inverse test average loss 0.0054011158645153046.
forward model: training agent 15.
Epoch 0: forward train average loss 0.01578330559035142.
epoch 0: forward test average loss 0.015769306156370375.
Epoch 99: forward train average loss 0.004400643468317058.
epoch 99: forward test average loss 0.008410898761616813.
inverse model, training agent 15.
epoch 0: inverse train average loss 0.0011123002429182331.
epoch 0: inverse test average loss 0.0006735517591651943.
epoch 99: inverse train average loss 0.0006292776314593437.
epoch 99: inverse test average loss 0.0008910432225093246.
Policy training episode: 61, grounded actions taken: 5760, last two uncertainties: {0: [0.0, 0.0], 1: [0.0, 0.0], 2: [0.0, 0.0], 3: [0.0, 0.0], 4: [0.0, 0.0], 5: [0.0, 0.0], 6: [0.0, 0.0], 7: [0.0, 0.0], 8: [0.0, 0.0], 9: [0.0, 0.0], 10: [0.0, 0.0], 11: [0.0, 0.0], 12: [0.0, 0.0], 13: [0.0, 0.0], 14: [0.0, 0.0], 15: [0.0, 0.0]}, avg agent uncertainties: [0.0, 0.0, 0.0, 0.0, 0.0, 0.0, 0.0, 0.0, 0.0, 0.0, 0.0, 0.0, 0.0, 0.0, 0.0, 0.0], grounded actions by agent: [360, 360, 360, 360, 360, 360, 360, 360, 360, 360, 360, 360, 360, 360, 360, 360]
Policy training episode: 61, iteration 0/1, policy training avg travel time:232.09082488073736, q_loss:240.01666259765625, rewards:-402.51197916666666, queue:43.1875, delay:0.4426640828450521, throughput:19228
Sim Rollout episode:62/100, sim avg travel time:116.68717877482983, rewards:-165.76111111111112, queue:11.18576388888889, delay:0.31018583509657116, throughput:20856
Real rollout step:62/100, travel time:139.5399564507349, rewards:-290.10755208333336, queue:17.588368055555556, delay:0.34949345058865017, throughput:17507
forward model: training agent 0.
Epoch 0: forward train average loss 0.004360741935670376.
epoch 0: forward test average loss 0.006401271041896608.
Epoch 99: forward train average loss 0.004061278317951494.
epoch 99: forward test average loss 0.006124479903115166.
inverse model, training agent 0.
epoch 0: inverse train average loss 0.000379306283220002.
epoch 0: inverse test average loss 0.002911004030870067.
epoch 99: inverse train average loss 4.988869477529079e-05.
epoch 99: inverse test average loss 0.007621495054788991.
forward model: training agent 1.
Epoch 0: forward train average loss 0.002703376631769869.
epoch 0: forward test average loss 0.0038634629713164437.
Epoch 99: forward train average loss 0.002405632313133942.
epoch 99: forward test average loss 0.003918524003691143.
inverse model, training agent 1.
epoch 0: inverse train average loss 0.007544150679475731.
epoch 0: inverse test average loss 0.010213051405217912.
epoch 99: inverse train average loss 0.0016490515230947898.
epoch 99: inverse test average loss 0.0011735932073659366.
forward model: training agent 2.
Epoch 0: forward train average loss 0.0027454588562250137.
epoch 0: forward test average loss 0.004033610224723816.
Epoch 99: forward train average loss 0.002426407817337248.
epoch 99: forward test average loss 0.0041684771163596045.
inverse model, training agent 2.
epoch 0: inverse train average loss 6.05844781805192e-05.
epoch 0: inverse test average loss 2.1052075478817438e-05.
epoch 99: inverse train average loss 1.0641569815561525e-05.
epoch 99: inverse test average loss 7.183701099064719e-06.
forward model: training agent 3.
Epoch 0: forward train average loss 1.470537675763424e-11.
epoch 0: forward test average loss 2.3012804624874168e-11.
Epoch 99: forward train average loss 9.140463656027227e-12.
epoch 99: forward test average loss 1.8541116028691288e-13.
inverse model, training agent 3.
epoch 0: inverse train average loss 0.0.
epoch 0: inverse test average loss 0.0.
epoch 99: inverse train average loss 0.0.
epoch 99: inverse test average loss 0.0.
forward model: training agent 4.
Epoch 0: forward train average loss 0.002959971678339773.
epoch 0: forward test average loss 0.004675072928269704.
Epoch 99: forward train average loss 0.00222153146751225.
epoch 99: forward test average loss 0.0036726040351721975.
inverse model, training agent 4.
epoch 0: inverse train average loss 0.008697625146143965.
epoch 0: inverse test average loss 0.013320828063620461.
epoch 99: inverse train average loss 0.005899435737066799.
epoch 99: inverse test average loss 0.01268328188194169.
forward model: training agent 5.
Epoch 0: forward train average loss 0.003386770219852527.
epoch 0: forward test average loss 0.005173335058821572.
Epoch 99: forward train average loss 0.0029228990897536278.
epoch 99: forward test average loss 0.004762200017770131.
inverse model, training agent 5.
epoch 0: inverse train average loss 3.2189742645035345e-05.
epoch 0: inverse test average loss 3.6859203823445976e-05.
epoch 99: inverse train average loss 6.927902278322209e-06.
epoch 99: inverse test average loss 4.440700844870409e-06.
forward model: training agent 6.
Epoch 0: forward train average loss 0.00722863535500235.
epoch 0: forward test average loss 0.010347527348332934.
Epoch 99: forward train average loss 0.004536907550775343.
epoch 99: forward test average loss 0.00772828319006496.
inverse model, training agent 6.
epoch 0: inverse train average loss 0.0021265470422804356.
epoch 0: inverse test average loss 0.002410142785973019.
epoch 99: inverse train average loss 0.0007230078723902503.
epoch 99: inverse test average loss 0.0005413940590288904.
forward model: training agent 7.
Epoch 0: forward train average loss 0.004228350395957629.
epoch 0: forward test average loss 0.007716284857855903.
Epoch 99: forward train average loss 0.003333323842121495.
epoch 99: forward test average loss 0.0067624698082606.
inverse model, training agent 7.
epoch 0: inverse train average loss 0.010104311940570673.
epoch 0: inverse test average loss 0.01758586863676707.
epoch 99: inverse train average loss 0.006333549041301012.
epoch 99: inverse test average loss 0.011939910550912222.
forward model: training agent 8.
Epoch 0: forward train average loss 0.0030164867122140196.
epoch 0: forward test average loss 0.004831168386671279.
Epoch 99: forward train average loss 0.002719475111613671.
epoch 99: forward test average loss 0.004840524660216438.
inverse model, training agent 8.
epoch 0: inverse train average loss 0.0008149126531659729.
epoch 0: inverse test average loss 0.0009055351838469505.
epoch 99: inverse train average loss 0.00023407222599618964.
epoch 99: inverse test average loss 0.00021121820383187797.
forward model: training agent 9.
Epoch 0: forward train average loss 0.0056634069316917.
epoch 0: forward test average loss 0.00804468947980139.
Epoch 99: forward train average loss 0.004771730034715599.
epoch 99: forward test average loss 0.008476858337720236.
inverse model, training agent 9.
epoch 0: inverse train average loss 3.276033807095599e-05.
epoch 0: inverse test average loss 1.0403563363878575e-06.
epoch 99: inverse train average loss 1.0599070050274248e-05.
epoch 99: inverse test average loss 1.5279044368475702e-06.
forward model: training agent 10.
Epoch 0: forward train average loss 0.005073518699242009.
epoch 0: forward test average loss 0.007795188162061904.
Epoch 99: forward train average loss 0.004350673821237352.
epoch 99: forward test average loss 0.008185281107823053.
inverse model, training agent 10.
epoch 0: inverse train average loss 0.0015454164111158913.
epoch 0: inverse test average loss 0.0018923633938862218.
epoch 99: inverse train average loss 0.0006391365831303927.
epoch 99: inverse test average loss 0.0034149494022130966.
forward model: training agent 11.
Epoch 0: forward train average loss 0.0052146825732456315.
epoch 0: forward test average loss 0.008147026929590438.
Epoch 99: forward train average loss 0.003441686121126016.
epoch 99: forward test average loss 0.0057487889296478694.
inverse model, training agent 11.
epoch 0: inverse train average loss 0.00022612578727097975.
epoch 0: inverse test average loss 6.140243911229643e-05.
epoch 99: inverse train average loss 2.3343672890203176e-05.
epoch 99: inverse test average loss 9.152709390036762e-05.
forward model: training agent 12.
Epoch 0: forward train average loss 0.001528713826297058.
epoch 0: forward test average loss 0.0017485697236326006.
Epoch 99: forward train average loss 0.0014006549285517798.
epoch 99: forward test average loss 0.002156111929151747.
inverse model, training agent 12.
epoch 0: inverse train average loss 1.3581783151842922e-10.
epoch 0: inverse test average loss 2.5870069975120202e-11.
epoch 99: inverse train average loss 1.2288280269877483e-10.
epoch 99: inverse test average loss 2.5870069975120202e-11.
forward model: training agent 13.
Epoch 0: forward train average loss 0.0023656610606445205.
epoch 0: forward test average loss 0.004254545188612408.
Epoch 99: forward train average loss 0.0021103029656741354.
epoch 99: forward test average loss 0.00372201907965872.
inverse model, training agent 13.
epoch 0: inverse train average loss 0.0010088913962439012.
epoch 0: inverse test average loss 0.007079221722152498.
epoch 99: inverse train average loss 0.00039184145053796883.
epoch 99: inverse test average loss 0.007594283256265853.
forward model: training agent 14.
Epoch 0: forward train average loss 0.004623768540720145.
epoch 0: forward test average loss 0.006807766854763031.
Epoch 99: forward train average loss 0.004266825608081288.
epoch 99: forward test average loss 0.007527170495854484.
inverse model, training agent 14.
epoch 0: inverse train average loss 0.0030144843686785963.
epoch 0: inverse test average loss 0.0033434933672348657.
epoch 99: inverse train average loss 0.001317275325871176.
epoch 99: inverse test average loss 0.0012030795155118944.
forward model: training agent 15.
Epoch 0: forward train average loss 0.005416940069860882.
epoch 0: forward test average loss 0.008435864829354815.
Epoch 99: forward train average loss 0.004573178063664172.
epoch 99: forward test average loss 0.008109417640500598.
inverse model, training agent 15.
epoch 0: inverse train average loss 0.0010949046958962248.
epoch 0: inverse test average loss 0.0016437051817774773.
epoch 99: inverse train average loss 0.000739034530448003.
epoch 99: inverse test average loss 0.0015582028621186812.
Policy training episode: 62, grounded actions taken: 5760, last two uncertainties: {0: [0.0, 0.0], 1: [0.0, 0.0], 2: [0.0, 0.0], 3: [0.0, 0.0], 4: [0.0, 0.0], 5: [0.0, 0.0], 6: [0.0, 0.0], 7: [0.0, 0.0], 8: [0.0, 0.0], 9: [0.0, 0.0], 10: [0.0, 0.0], 11: [0.0, 0.0], 12: [0.0, 0.0], 13: [0.0, 0.0], 14: [0.0, 0.0], 15: [0.0, 0.0]}, avg agent uncertainties: [0.0, 0.0, 0.0, 0.0, 0.0, 0.0, 0.0, 0.0, 0.0, 0.0, 0.0, 0.0, 0.0, 0.0, 0.0, 0.0], grounded actions by agent: [360, 360, 360, 360, 360, 360, 360, 360, 360, 360, 360, 360, 360, 360, 360, 360]
Policy training episode: 62, iteration 0/1, policy training avg travel time:166.52744453193756, q_loss:212.4210662841797, rewards:-350.44574652777777, queue:23.162847222222222, delay:0.39969957139756945, throughput:20258
Sim Rollout episode:63/100, sim avg travel time:111.44526257293693, rewards:-171.38385416666668, queue:11.346701388888889, delay:0.2864947213066949, throughput:20859
Real rollout step:63/100, travel time:295.7038626609442, rewards:-591.4854166666667, queue:54.522222222222226, delay:0.4176720937093099, throughput:15051
forward model: training agent 0.
Epoch 0: forward train average loss 0.14451611704296535.
epoch 0: forward test average loss 0.10089063313272265.
Epoch 99: forward train average loss 0.012310805834001966.
epoch 99: forward test average loss 0.021959327161312103.
inverse model, training agent 0.
epoch 0: inverse train average loss 0.00023021482300262304.
epoch 0: inverse test average loss 0.00033655025628023496.
epoch 99: inverse train average loss 9.157603689244651e-05.
epoch 99: inverse test average loss 0.00023603946920047747.
forward model: training agent 1.
Epoch 0: forward train average loss 0.002499634606970681.
epoch 0: forward test average loss 0.004207011105285751.
Epoch 99: forward train average loss 0.002347271087475949.
epoch 99: forward test average loss 0.00499252871506744.
inverse model, training agent 1.
epoch 0: inverse train average loss 0.005898993155117043.
epoch 0: inverse test average loss 0.008199983328166936.
epoch 99: inverse train average loss 0.004822902640120851.
epoch 99: inverse test average loss 0.008993004759152731.
forward model: training agent 2.
Epoch 0: forward train average loss 0.004519090625560946.
epoch 0: forward test average loss 0.009410896235042147.
Epoch 99: forward train average loss 0.0026636281982064247.
epoch 99: forward test average loss 0.005328962786330117.
inverse model, training agent 2.
epoch 0: inverse train average loss 0.0005330502673738616.
epoch 0: inverse test average loss 4.7810703954888195e-06.
epoch 99: inverse train average loss 8.606507536670606e-05.
epoch 99: inverse test average loss 1.5188858216990613e-05.
forward model: training agent 3.
Epoch 0: forward train average loss 5.968185082724805e-12.
epoch 0: forward test average loss 1.2459052886604205e-12.
Epoch 99: forward train average loss 1.538275274906267e-11.
epoch 99: forward test average loss 1.872288127005264e-11.
inverse model, training agent 3.
epoch 0: inverse train average loss 0.0.
epoch 0: inverse test average loss 0.0.
epoch 99: inverse train average loss 0.0.
epoch 99: inverse test average loss 0.0.
forward model: training agent 4.
Epoch 0: forward train average loss 0.14718900124231973.
epoch 0: forward test average loss 0.08212772342893812.
Epoch 99: forward train average loss 0.0023090671747922897.
epoch 99: forward test average loss 0.005065350689821773.
inverse model, training agent 4.
epoch 0: inverse train average loss 0.0029503259445644086.
epoch 0: inverse test average loss 0.004875025298032496.
epoch 99: inverse train average loss 0.0013093573248220815.
epoch 99: inverse test average loss 0.003656452870927751.
forward model: training agent 5.
Epoch 0: forward train average loss 0.003906623667312993.
epoch 0: forward test average loss 0.0063206588642464746.
Epoch 99: forward train average loss 0.00291826907131407.
epoch 99: forward test average loss 0.005458250020941098.
inverse model, training agent 5.
epoch 0: inverse train average loss 1.5287398178366453e-05.
epoch 0: inverse test average loss 5.152923348658886e-06.
epoch 99: inverse train average loss 4.325893772268626e-07.
epoch 99: inverse test average loss 1.83415633298662e-08.
forward model: training agent 6.
Epoch 0: forward train average loss 0.006092955565287007.
epoch 0: forward test average loss 0.008731703377432294.
Epoch 99: forward train average loss 0.004764179285201762.
epoch 99: forward test average loss 0.0073381457477808.
inverse model, training agent 6.
epoch 0: inverse train average loss 0.0012060266195072068.
epoch 0: inverse test average loss 0.0021355246297187274.
epoch 99: inverse train average loss 0.0006069860343510906.
epoch 99: inverse test average loss 0.0016606548387143347.
forward model: training agent 7.
Epoch 0: forward train average loss 0.1585523502694236.
epoch 0: forward test average loss 0.13106725613276163.
Epoch 99: forward train average loss 0.004214525740179751.
epoch 99: forward test average loss 0.0065879906631178325.
inverse model, training agent 7.
epoch 0: inverse train average loss 0.009978559075130356.
epoch 0: inverse test average loss 0.02095636311504576.
epoch 99: inverse train average loss 0.007323827180597518.
epoch 99: inverse test average loss 0.016593582100338407.
forward model: training agent 8.
Epoch 0: forward train average loss 0.08046222809288237.
epoch 0: forward test average loss 0.057229184442096286.
Epoch 99: forward train average loss 0.0027689901697966787.
epoch 99: forward test average loss 0.0047845834245284396.
inverse model, training agent 8.
epoch 0: inverse train average loss 0.0006831444851640197.
epoch 0: inverse test average loss 0.0010910930779775502.
epoch 99: inverse train average loss 0.0002415143195927764.
epoch 99: inverse test average loss 0.0013369142284823789.
forward model: training agent 9.
Epoch 0: forward train average loss 0.2905934618579017.
epoch 0: forward test average loss 0.18925525744756064.
Epoch 99: forward train average loss 0.0020081124578913054.
epoch 99: forward test average loss 0.004672792843646473.
inverse model, training agent 9.
epoch 0: inverse train average loss 3.4397266745145316e-05.
epoch 0: inverse test average loss 8.157933936874745e-05.
epoch 99: inverse train average loss 6.038275058825901e-06.
epoch 99: inverse test average loss 8.882899676463139e-05.
forward model: training agent 10.
Epoch 0: forward train average loss 0.18477401468488905.
epoch 0: forward test average loss 0.1576564179526435.
Epoch 99: forward train average loss 0.004895846152471172.
epoch 99: forward test average loss 0.007845461782481935.
inverse model, training agent 10.
epoch 0: inverse train average loss 0.0020542541104886266.
epoch 0: inverse test average loss 0.0039194171420402.
epoch 99: inverse train average loss 0.001020123406002919.
epoch 99: inverse test average loss 0.004291172372177243.
forward model: training agent 11.
Epoch 0: forward train average loss 0.36713335249159074.
epoch 0: forward test average loss 0.5400384532080756.
Epoch 99: forward train average loss 0.007993618543777201.
epoch 99: forward test average loss 0.01382522905866305.
inverse model, training agent 11.
epoch 0: inverse train average loss 0.00012134847141472467.
epoch 0: inverse test average loss 2.7448517761917577e-05.
epoch 99: inverse train average loss 7.982117141283299e-06.
epoch 99: inverse test average loss 2.8973308669972335e-05.
forward model: training agent 12.
Epoch 0: forward train average loss 0.0015416117643730508.
epoch 0: forward test average loss 0.002858065172202057.
Epoch 99: forward train average loss 0.0013570462922669118.
epoch 99: forward test average loss 0.002775641261703438.
inverse model, training agent 12.
epoch 0: inverse train average loss 3.213312086383338e-07.
epoch 0: inverse test average loss 3.761470177307855e-08.
epoch 99: inverse train average loss 4.2300146965018603e-08.
epoch 99: inverse test average loss 3.337223337180401e-09.
forward model: training agent 13.
Epoch 0: forward train average loss 0.002346368610031075.
epoch 0: forward test average loss 0.004054298624396324.
Epoch 99: forward train average loss 0.0020751111312872833.
epoch 99: forward test average loss 0.004015308701329761.
inverse model, training agent 13.
epoch 0: inverse train average loss 0.0015057283194942607.
epoch 0: inverse test average loss 0.004622754330436389.
epoch 99: inverse train average loss 0.0009297630814318028.
epoch 99: inverse test average loss 0.015100077622466616.
forward model: training agent 14.
Epoch 0: forward train average loss 0.005045345570478175.
epoch 0: forward test average loss 0.009346819172302881.
Epoch 99: forward train average loss 0.004579511988494132.
epoch 99: forward test average loss 0.00739104404217667.
inverse model, training agent 14.
epoch 0: inverse train average loss 0.0021370754370258916.
epoch 0: inverse test average loss 0.0012837225157353613.
epoch 99: inverse train average loss 0.0014880367865165074.
epoch 99: inverse test average loss 0.003904671925637457.
forward model: training agent 15.
Epoch 0: forward train average loss 0.009933649562299252.
epoch 0: forward test average loss 0.012777665423022376.
Epoch 99: forward train average loss 0.0045859529119398855.
epoch 99: forward test average loss 0.008856728259060118.
inverse model, training agent 15.
epoch 0: inverse train average loss 0.002608634971289171.
epoch 0: inverse test average loss 0.004566586654012402.
epoch 99: inverse train average loss 0.0008215159371805688.
epoch 99: inverse test average loss 0.0005654936604615715.
Policy training episode: 63, grounded actions taken: 5760, last two uncertainties: {0: [0.0, 0.0], 1: [0.0, 0.0], 2: [0.0, 0.0], 3: [0.0, 0.0], 4: [0.0, 0.0], 5: [0.0, 0.0], 6: [0.0, 0.0], 7: [0.0, 0.0], 8: [0.0, 0.0], 9: [0.0, 0.0], 10: [0.0, 0.0], 11: [0.0, 0.0], 12: [0.0, 0.0], 13: [0.0, 0.0], 14: [0.0, 0.0], 15: [0.0, 0.0]}, avg agent uncertainties: [0.0, 0.0, 0.0, 0.0, 0.0, 0.0, 0.0, 0.0, 0.0, 0.0, 0.0, 0.0, 0.0, 0.0, 0.0, 0.0], grounded actions by agent: [360, 360, 360, 360, 360, 360, 360, 360, 360, 360, 360, 360, 360, 360, 360, 360]
Policy training episode: 63, iteration 0/1, policy training avg travel time:179.4011113683723, q_loss:178.06138610839844, rewards:-402.69895833333334, queue:27.881944444444443, delay:0.4029374016655816, throughput:20103
Sim Rollout episode:64/100, sim avg travel time:115.38575859993519, rewards:-178.87863498263889, queue:11.748611111111112, delay:0.2885551452636719, throughput:20834
Real rollout step:64/100, travel time:167.7405052794516, rewards:-393.34583333333336, queue:25.266840277777778, delay:0.37418908013237845, throughput:16711
forward model: training agent 0.
Epoch 0: forward train average loss 0.013964417080084482.
epoch 0: forward test average loss 0.017473931113878887.
Epoch 99: forward train average loss 0.006347871178554164.
epoch 99: forward test average loss 0.010375317600038316.
inverse model, training agent 0.
epoch 0: inverse train average loss 0.00037202561644436274.
epoch 0: inverse test average loss 0.0001715872818345411.
epoch 99: inverse train average loss 0.00019494226904094426.
epoch 99: inverse test average loss 7.792885783904542e-05.
forward model: training agent 1.
Epoch 0: forward train average loss 0.002718299265123076.
epoch 0: forward test average loss 0.004656066704127524.
Epoch 99: forward train average loss 0.0023809519285957017.
epoch 99: forward test average loss 0.005079020435611407.
inverse model, training agent 1.
epoch 0: inverse train average loss 0.007719229182435406.
epoch 0: inverse test average loss 0.0070787326743205385.
epoch 99: inverse train average loss 0.0029681866419398123.
epoch 99: inverse test average loss 0.00790996766752667.
forward model: training agent 2.
Epoch 0: forward train average loss 0.0027457979611224597.
epoch 0: forward test average loss 0.00439601122505135.
Epoch 99: forward train average loss 0.0023938919831481245.
epoch 99: forward test average loss 0.004317606488863627.
inverse model, training agent 2.
epoch 0: inverse train average loss 0.0022729733803619943.
epoch 0: inverse test average loss 0.0076989419758319855.
epoch 99: inverse train average loss 0.0008480755366488463.
epoch 99: inverse test average loss 0.0021923078424555976.
forward model: training agent 3.
Epoch 0: forward train average loss 1.0933031679057533e-11.
epoch 0: forward test average loss 2.4307427984007448e-11.
Epoch 99: forward train average loss 1.5773762022633056e-12.
epoch 99: forward test average loss 2.369624269181624e-12.
inverse model, training agent 3.
epoch 0: inverse train average loss 0.0.
epoch 0: inverse test average loss 0.0.
epoch 99: inverse train average loss 0.0.
epoch 99: inverse test average loss 0.0.
forward model: training agent 4.
Epoch 0: forward train average loss 0.004863577687905895.
epoch 0: forward test average loss 0.004518592730164528.
Epoch 99: forward train average loss 0.0024177824250525897.
epoch 99: forward test average loss 0.004242045183976491.
inverse model, training agent 4.
epoch 0: inverse train average loss 0.003718607567457689.
epoch 0: inverse test average loss 0.016290988359186385.
epoch 99: inverse train average loss 0.0029051394796826774.
epoch 99: inverse test average loss 0.008983142260048125.
forward model: training agent 5.
Epoch 0: forward train average loss 0.01031440868973732.
epoch 0: forward test average loss 0.009580990506543053.
Epoch 99: forward train average loss 0.003079691073960728.
epoch 99: forward test average loss 0.0058377693510717815.
inverse model, training agent 5.
epoch 0: inverse train average loss 2.344465173109711e-07.
epoch 0: inverse test average loss 2.0166204800868095e-06.
epoch 99: inverse train average loss 3.919276310900462e-09.
epoch 99: inverse test average loss 6.946431110065198e-05.
forward model: training agent 6.
Epoch 0: forward train average loss 0.005509549648397499.
epoch 0: forward test average loss 0.009794750561316809.
Epoch 99: forward train average loss 0.004494272482891877.
epoch 99: forward test average loss 0.007635625700155894.
inverse model, training agent 6.
epoch 0: inverse train average loss 0.0013531911342094343.
epoch 0: inverse test average loss 0.0008574483605722586.
epoch 99: inverse train average loss 0.0005164109235112038.
epoch 99: inverse test average loss 0.001086394302546978.
forward model: training agent 7.
Epoch 0: forward train average loss 0.004663261998858716.
epoch 0: forward test average loss 0.006872049429350429.
Epoch 99: forward train average loss 0.0036184420395228597.
epoch 99: forward test average loss 0.005702069650093715.
inverse model, training agent 7.
epoch 0: inverse train average loss 0.0075552113768127226.
epoch 0: inverse test average loss 0.014805850883324942.
epoch 99: inverse train average loss 0.006652953413625558.
epoch 99: inverse test average loss 0.006875633676018979.
forward model: training agent 8.
Epoch 0: forward train average loss 0.0029727393864757484.
epoch 0: forward test average loss 0.004282995644542906.
Epoch 99: forward train average loss 0.002580102222661177.
epoch 99: forward test average loss 0.0036181864432162708.
inverse model, training agent 8.
epoch 0: inverse train average loss 0.00038144164298298873.
epoch 0: inverse test average loss 0.002264847228717473.
epoch 99: inverse train average loss 8.08931743247538e-05.
epoch 99: inverse test average loss 0.00028858083533123136.
forward model: training agent 9.
Epoch 0: forward train average loss 0.006422311067581177.
epoch 0: forward test average loss 0.009256406790680356.
Epoch 99: forward train average loss 0.004467468812233872.
epoch 99: forward test average loss 0.007447479085789787.
inverse model, training agent 9.
epoch 0: inverse train average loss 4.192788304003949e-06.
epoch 0: inverse test average loss 2.025487431309456e-06.
epoch 99: inverse train average loss 6.066273614793419e-07.
epoch 99: inverse test average loss 9.721986003401955e-07.
forward model: training agent 10.
Epoch 0: forward train average loss 0.013726782260669602.
epoch 0: forward test average loss 0.015874368449052174.
Epoch 99: forward train average loss 0.004490145792563756.
epoch 99: forward test average loss 0.0066111091938283705.
inverse model, training agent 10.
epoch 0: inverse train average loss 0.0015988773925022946.
epoch 0: inverse test average loss 0.0008767118884457482.
epoch 99: inverse train average loss 0.0009657110915415817.
epoch 99: inverse test average loss 0.0004970970977511671.
forward model: training agent 11.
Epoch 0: forward train average loss 0.07400927692651749.
epoch 0: forward test average loss 0.13441086477703518.
Epoch 99: forward train average loss 0.006146379643016391.
epoch 99: forward test average loss 0.010884510146247016.
inverse model, training agent 11.
epoch 0: inverse train average loss 7.39890634172803e-05.
epoch 0: inverse test average loss 1.1882415694546782e-05.
epoch 99: inverse train average loss 6.7750592178425804e-06.
epoch 99: inverse test average loss 7.103806132767608e-06.
forward model: training agent 12.
Epoch 0: forward train average loss 0.0014405547537737423.
epoch 0: forward test average loss 0.0019641386138068307.
Epoch 99: forward train average loss 0.0012920275071842803.
epoch 99: forward test average loss 0.001708923735552364.
inverse model, training agent 12.
epoch 0: inverse train average loss 3.7187559382176634e-09.
epoch 0: inverse test average loss 2.8457071267319456e-10.
epoch 99: inverse train average loss 1.8367694028551293e-09.
epoch 99: inverse test average loss 1.5522040443095697e-10.
forward model: training agent 13.
Epoch 0: forward train average loss 0.002393746308775412.
epoch 0: forward test average loss 0.003396182424492306.
Epoch 99: forward train average loss 0.0021858571304215323.
epoch 99: forward test average loss 0.0034514284796184963.
inverse model, training agent 13.
epoch 0: inverse train average loss 0.0010474228248414067.
epoch 0: inverse test average loss 0.0029400484507075613.
epoch 99: inverse train average loss 0.0003815176573375033.
epoch 99: inverse test average loss 0.002427883513317081.
forward model: training agent 14.
Epoch 0: forward train average loss 0.004768623142606682.
epoch 0: forward test average loss 0.008337371465232637.
Epoch 99: forward train average loss 0.004233912513073947.
epoch 99: forward test average loss 0.007976696309116151.
inverse model, training agent 14.
epoch 0: inverse train average loss 0.0033686220671774614.
epoch 0: inverse test average loss 0.004233879088941548.
epoch 99: inverse train average loss 0.0019262946314281887.
epoch 99: inverse test average loss 0.002291472473492225.
forward model: training agent 15.
Epoch 0: forward train average loss 0.02800540750225385.
epoch 0: forward test average loss 0.039621591567993164.
Epoch 99: forward train average loss 0.004531542511863841.
epoch 99: forward test average loss 0.008135892036888335.
inverse model, training agent 15.
epoch 0: inverse train average loss 0.00389059917587373.
epoch 0: inverse test average loss 0.002784743801587158.
epoch 99: inverse train average loss 0.0011076439146159424.
epoch 99: inverse test average loss 0.0012200581841170788.
Policy training episode: 64, grounded actions taken: 5760, last two uncertainties: {0: [0.0, 0.0], 1: [0.0, 0.0], 2: [0.0, 0.0], 3: [0.0, 0.0], 4: [0.0, 0.0], 5: [0.0, 0.0], 6: [0.0, 0.0], 7: [0.0, 0.0], 8: [0.0, 0.0], 9: [0.0, 0.0], 10: [0.0, 0.0], 11: [0.0, 0.0], 12: [0.0, 0.0], 13: [0.0, 0.0], 14: [0.0, 0.0], 15: [0.0, 0.0]}, avg agent uncertainties: [0.0, 0.0, 0.0, 0.0, 0.0, 0.0, 0.0, 0.0, 0.0, 0.0, 0.0, 0.0, 0.0, 0.0, 0.0, 0.0], grounded actions by agent: [360, 360, 360, 360, 360, 360, 360, 360, 360, 360, 360, 360, 360, 360, 360, 360]
Policy training episode: 64, iteration 0/1, policy training avg travel time:187.66161966939853, q_loss:165.14120483398438, rewards:-455.36883680555553, queue:30.962847222222223, delay:0.4101221720377604, throughput:19736
Sim Rollout episode:65/100, sim avg travel time:113.04983557963966, rewards:-181.73251953125, queue:12.021006944444444, delay:0.29649658203125, throughput:20852
Real rollout step:65/100, travel time:147.922210738182, rewards:-350.409375, queue:20.04253472222222, delay:0.35730200873480905, throughput:17407
forward model: training agent 0.
Epoch 0: forward train average loss 0.008900242961115308.
epoch 0: forward test average loss 0.013670317000812955.
Epoch 99: forward train average loss 0.00500702816579077.
epoch 99: forward test average loss 0.00828492765625318.
inverse model, training agent 0.
epoch 0: inverse train average loss 0.00204186764474596.
epoch 0: inverse test average loss 4.641176019504201e-06.
epoch 99: inverse train average loss 0.0006258351430814299.
epoch 99: inverse test average loss 3.5984684978353064e-05.
forward model: training agent 1.
Epoch 0: forward train average loss 0.002618484664708376.
epoch 0: forward test average loss 0.003887685119277901.
Epoch 99: forward train average loss 0.002352796288000213.
epoch 99: forward test average loss 0.004199871172507604.
inverse model, training agent 1.
epoch 0: inverse train average loss 0.005137038520640797.
epoch 0: inverse test average loss 0.005773337350951301.
epoch 99: inverse train average loss 0.0031372028816905287.
epoch 99: inverse test average loss 0.003298995912902885.
forward model: training agent 2.
Epoch 0: forward train average loss 0.0027084962154428163.
epoch 0: forward test average loss 0.0046637248661783.
Epoch 99: forward train average loss 0.002490350200484196.
epoch 99: forward test average loss 0.004426935687661171.
inverse model, training agent 2.
epoch 0: inverse train average loss 0.0033804800413135025.
epoch 0: inverse test average loss 0.002246281369783295.
epoch 99: inverse train average loss 0.0019370994737578763.
epoch 99: inverse test average loss 0.003314333346982797.
forward model: training agent 3.
Epoch 0: forward train average loss 1.3324338016031574e-12.
epoch 0: forward test average loss 4.717671084033784e-13.
Epoch 99: forward train average loss 1.6865689617465152e-12.
epoch 99: forward test average loss 4.7201829636269975e-12.
inverse model, training agent 3.
epoch 0: inverse train average loss 0.0.
epoch 0: inverse test average loss 0.0.
epoch 99: inverse train average loss 0.0.
epoch 99: inverse test average loss 0.0.
forward model: training agent 4.
Epoch 0: forward train average loss 0.0023792401059634155.
epoch 0: forward test average loss 0.004024694156315591.
Epoch 99: forward train average loss 0.0022365461983200577.
epoch 99: forward test average loss 0.0038955844938755035.
inverse model, training agent 4.
epoch 0: inverse train average loss 0.001371365428591768.
epoch 0: inverse test average loss 0.0019181063398718834.
epoch 99: inverse train average loss 0.00047386298441172886.
epoch 99: inverse test average loss 5.548632664916416e-05.
forward model: training agent 5.
Epoch 0: forward train average loss 0.004375915146536297.
epoch 0: forward test average loss 0.006780376864804162.
Epoch 99: forward train average loss 0.0030831179271141687.
epoch 99: forward test average loss 0.006936814842952622.
inverse model, training agent 5.
epoch 0: inverse train average loss 0.0.
epoch 0: inverse test average loss 0.0.
epoch 99: inverse train average loss 0.0.
epoch 99: inverse test average loss 0.0.
forward model: training agent 6.
Epoch 0: forward train average loss 0.005086484054724376.
epoch 0: forward test average loss 0.008200856132639779.
Epoch 99: forward train average loss 0.004486100334260199.
epoch 99: forward test average loss 0.007567495521571901.
inverse model, training agent 6.
epoch 0: inverse train average loss 0.000996994730990587.
epoch 0: inverse test average loss 0.0050183989935451085.
epoch 99: inverse train average loss 0.0004861214773781184.
epoch 99: inverse test average loss 0.0015024716008661522.
forward model: training agent 7.
Epoch 0: forward train average loss 0.004078809534096056.
epoch 0: forward test average loss 0.006707851257589128.
Epoch 99: forward train average loss 0.0033469216173721682.
epoch 99: forward test average loss 0.006173378477493922.
inverse model, training agent 7.
epoch 0: inverse train average loss 0.007705666952662998.
epoch 0: inverse test average loss 0.007722482913070255.
epoch 99: inverse train average loss 0.006864071720176273.
epoch 99: inverse test average loss 0.013297355837292142.
forward model: training agent 8.
Epoch 0: forward train average loss 0.003940233650306861.
epoch 0: forward test average loss 0.006880477070808411.
Epoch 99: forward train average loss 0.002274015142271916.
epoch 99: forward test average loss 0.004787222378783756.
inverse model, training agent 8.
epoch 0: inverse train average loss 9.177055148433687e-05.
epoch 0: inverse test average loss 0.0005597857234533876.
epoch 99: inverse train average loss 1.7978307571158642e-05.
epoch 99: inverse test average loss 0.0006564773567434815.
forward model: training agent 9.
Epoch 0: forward train average loss 0.00497543884234296.
epoch 0: forward test average loss 0.007101973311768638.
Epoch 99: forward train average loss 0.004427664395835664.
epoch 99: forward test average loss 0.008201001005040275.
inverse model, training agent 9.
epoch 0: inverse train average loss 3.098442526708014e-05.
epoch 0: inverse test average loss 2.131538510871975e-05.
epoch 99: inverse train average loss 1.4438194979346817e-06.
epoch 99: inverse test average loss 2.1585847535890127e-05.
forward model: training agent 10.
Epoch 0: forward train average loss 0.0047076137529479135.
epoch 0: forward test average loss 0.007844169106748369.
Epoch 99: forward train average loss 0.004297104560666614.
epoch 99: forward test average loss 0.007846098393201828.
inverse model, training agent 10.
epoch 0: inverse train average loss 0.001842541956446237.
epoch 0: inverse test average loss 0.0032666686715351213.
epoch 99: inverse train average loss 0.0009851014539082018.
epoch 99: inverse test average loss 0.0019344095813317432.
forward model: training agent 11.
Epoch 0: forward train average loss 0.020224959899981815.
epoch 0: forward test average loss 0.03414579563670688.
Epoch 99: forward train average loss 0.003637010386834542.
epoch 99: forward test average loss 0.007311412029796177.
inverse model, training agent 11.
epoch 0: inverse train average loss 3.2694410240057754e-05.
epoch 0: inverse test average loss 2.2846221125089665e-05.
epoch 99: inverse train average loss 7.52883748747182e-06.
epoch 99: inverse test average loss 6.641526978354604e-06.
forward model: training agent 12.
Epoch 0: forward train average loss 0.0014286631614797646.
epoch 0: forward test average loss 0.0021149862764610183.
Epoch 99: forward train average loss 0.0012556055250267188.
epoch 99: forward test average loss 0.0021103183842367595.
inverse model, training agent 12.
epoch 0: inverse train average loss 2.67752833022556e-09.
epoch 0: inverse test average loss 0.0.
epoch 99: inverse train average loss 2.5870061571348696e-10.
epoch 99: inverse test average loss 0.0.
forward model: training agent 13.
Epoch 0: forward train average loss 0.0022997148076279294.
epoch 0: forward test average loss 0.0038515693611568874.
Epoch 99: forward train average loss 0.0020091311178273624.
epoch 99: forward test average loss 0.0042429907868305845.
inverse model, training agent 13.
epoch 0: inverse train average loss 0.0001585410168950653.
epoch 0: inverse test average loss 0.0003643176654198517.
epoch 99: inverse train average loss 2.3679415992066628e-05.
epoch 99: inverse test average loss 0.0001295005125333167.
forward model: training agent 14.
Epoch 0: forward train average loss 0.004701886015633742.
epoch 0: forward test average loss 0.008291893121269014.
Epoch 99: forward train average loss 0.004331663509623872.
epoch 99: forward test average loss 0.007268216047022078.
inverse model, training agent 14.
epoch 0: inverse train average loss 0.0025871891088576782.
epoch 0: inverse test average loss 0.004297159094777372.
epoch 99: inverse train average loss 0.0015597961739533478.
epoch 99: inverse test average loss 0.006338955782767799.
forward model: training agent 15.
Epoch 0: forward train average loss 0.007541314595275455.
epoch 0: forward test average loss 0.010741013205713697.
Epoch 99: forward train average loss 0.004826083779335022.
epoch 99: forward test average loss 0.008171707391738892.
inverse model, training agent 15.
epoch 0: inverse train average loss 0.0013181502904949917.
epoch 0: inverse test average loss 0.0009403440150587509.
epoch 99: inverse train average loss 0.0006161164104317626.
epoch 99: inverse test average loss 0.003011277514613337.
Policy training episode: 65, grounded actions taken: 5760, last two uncertainties: {0: [0.0, 0.0], 1: [0.0, 0.0], 2: [0.0, 0.0], 3: [0.0, 0.0], 4: [0.0, 0.0], 5: [0.0, 0.0], 6: [0.0, 0.0], 7: [0.0, 0.0], 8: [0.0, 0.0], 9: [0.0, 0.0], 10: [0.0, 0.0], 11: [0.0, 0.0], 12: [0.0, 0.0], 13: [0.0, 0.0], 14: [0.0, 0.0], 15: [0.0, 0.0]}, avg agent uncertainties: [0.0, 0.0, 0.0, 0.0, 0.0, 0.0, 0.0, 0.0, 0.0, 0.0, 0.0, 0.0, 0.0, 0.0, 0.0, 0.0], grounded actions by agent: [360, 360, 360, 360, 360, 360, 360, 360, 360, 360, 360, 360, 360, 360, 360, 360]
Policy training episode: 65, iteration 0/1, policy training avg travel time:246.90946559229417, q_loss:170.86941528320312, rewards:-491.43693576388887, queue:47.19618055555556, delay:0.40911865234375, throughput:19167
Sim Rollout episode:66/100, sim avg travel time:119.07822703904405, rewards:-213.18967013888889, queue:14.072569444444444, delay:0.3066992229885525, throughput:20794
Real rollout step:66/100, travel time:147.65318201563858, rewards:-352.46868489583335, queue:20.090451388888887, delay:0.3554281234741211, throughput:17476
forward model: training agent 0.
Epoch 0: forward train average loss 0.017732734481493633.
epoch 0: forward test average loss 0.019729400674502056.
Epoch 99: forward train average loss 0.005865029990673065.
epoch 99: forward test average loss 0.008796273006333245.
inverse model, training agent 0.
epoch 0: inverse train average loss 0.0008129127899236563.
epoch 0: inverse test average loss 3.399209122613279e-05.
epoch 99: inverse train average loss 0.0004976322298817751.
epoch 99: inverse test average loss 9.672180749475956e-05.
forward model: training agent 1.
Epoch 0: forward train average loss 0.0029840108731554616.
epoch 0: forward test average loss 0.006027685892250802.
Epoch 99: forward train average loss 0.0025346821380986106.
epoch 99: forward test average loss 0.004420257690880034.
inverse model, training agent 1.
epoch 0: inverse train average loss 0.04172483707467715.
epoch 0: inverse test average loss 0.07072442604435815.
epoch 99: inverse train average loss 0.006948110233578417.
epoch 99: inverse test average loss 0.012763164109653898.
forward model: training agent 2.
Epoch 0: forward train average loss 0.002720141058994664.
epoch 0: forward test average loss 0.004953180336289936.
Epoch 99: forward train average loss 0.0025019870243138736.
epoch 99: forward test average loss 0.004352494039469295.
inverse model, training agent 2.
epoch 0: inverse train average loss 0.0021999931713152262.
epoch 0: inverse test average loss 0.0023486153998722634.
epoch 99: inverse train average loss 0.0015322985256918603.
epoch 99: inverse test average loss 0.003403361990220017.
forward model: training agent 3.
Epoch 0: forward train average loss 1.6096633529483091e-12.
epoch 0: forward test average loss 7.648031272717971e-13.
Epoch 99: forward train average loss 6.293278045099135e-12.
epoch 99: forward test average loss 1.0474843600529995e-11.
inverse model, training agent 3.
epoch 0: inverse train average loss 0.0.
epoch 0: inverse test average loss 0.0.
epoch 99: inverse train average loss 0.0.
epoch 99: inverse test average loss 0.0.
forward model: training agent 4.
Epoch 0: forward train average loss 0.002811871882941988.
epoch 0: forward test average loss 0.003791097965505388.
Epoch 99: forward train average loss 0.0018351058630893629.
epoch 99: forward test average loss 0.00357169130196174.
inverse model, training agent 4.
epoch 0: inverse train average loss 0.0017653127045681079.
epoch 0: inverse test average loss 0.00461358692134834.
epoch 99: inverse train average loss 0.0010459840575802242.
epoch 99: inverse test average loss 0.007930591081579527.
forward model: training agent 5.
Epoch 0: forward train average loss 0.0055022043072515065.
epoch 0: forward test average loss 0.005457295932703548.
Epoch 99: forward train average loss 0.0025257672079735333.
epoch 99: forward test average loss 0.004913408723142412.
inverse model, training agent 5.
epoch 0: inverse train average loss 0.0.
epoch 0: inverse test average loss 0.0.
epoch 99: inverse train average loss 0.0.
epoch 99: inverse test average loss 0.0.
forward model: training agent 6.
Epoch 0: forward train average loss 0.004773435803751151.
epoch 0: forward test average loss 0.007378475119670232.
Epoch 99: forward train average loss 0.004135712929483917.
epoch 99: forward test average loss 0.007555408196316825.
inverse model, training agent 6.
epoch 0: inverse train average loss 0.0002872801851481199.
epoch 0: inverse test average loss 0.0005143100602759256.
epoch 99: inverse train average loss 0.00016154071393733224.
epoch 99: inverse test average loss 0.0009790544346388844.
forward model: training agent 7.
Epoch 0: forward train average loss 0.003942017184777392.
epoch 0: forward test average loss 0.005969975350631608.
Epoch 99: forward train average loss 0.003422035111321343.
epoch 99: forward test average loss 0.005894639218846957.
inverse model, training agent 7.
epoch 0: inverse train average loss 0.00768003985285759.
epoch 0: inverse test average loss 0.006112737995054986.
epoch 99: inverse train average loss 0.0046876429373191465.
epoch 99: inverse test average loss 0.005118317902088165.
forward model: training agent 8.
Epoch 0: forward train average loss 0.0024991960057781804.
epoch 0: forward test average loss 0.003446084861126211.
Epoch 99: forward train average loss 0.0020984886214137077.
epoch 99: forward test average loss 0.003436899640493923.
inverse model, training agent 8.
epoch 0: inverse train average loss 0.00013656791967756968.
epoch 0: inverse test average loss 2.3687729278915664e-05.
epoch 99: inverse train average loss 1.5267103663063608e-05.
epoch 99: inverse test average loss 2.3534196871979577e-05.
forward model: training agent 9.
Epoch 0: forward train average loss 0.005930504865116543.
epoch 0: forward test average loss 0.007703302428126335.
Epoch 99: forward train average loss 0.004340241249236796.
epoch 99: forward test average loss 0.008955415338277817.
inverse model, training agent 9.
epoch 0: inverse train average loss 0.0003101187648376759.
epoch 0: inverse test average loss 2.378760351954649e-05.
epoch 99: inverse train average loss 1.3096945885829018e-07.
epoch 99: inverse test average loss 7.967948276485812e-09.
forward model: training agent 10.
Epoch 0: forward train average loss 0.004672259868433078.
epoch 0: forward test average loss 0.00797050984369384.
Epoch 99: forward train average loss 0.004023326146933768.
epoch 99: forward test average loss 0.006823390929235352.
inverse model, training agent 10.
epoch 0: inverse train average loss 0.001832874905731943.
epoch 0: inverse test average loss 0.0024815253499481413.
epoch 99: inverse train average loss 0.0010678716870542201.
epoch 99: inverse test average loss 0.002452117701371511.
forward model: training agent 11.
Epoch 0: forward train average loss 0.007887250950766934.
epoch 0: forward test average loss 0.010923545393678877.
Epoch 99: forward train average loss 0.004586856915718979.
epoch 99: forward test average loss 0.008322644564840529.
inverse model, training agent 11.
epoch 0: inverse train average loss 0.00085111010169688.
epoch 0: inverse test average loss 0.0005960881361614964.
epoch 99: inverse train average loss 4.050545784492796e-05.
epoch 99: inverse test average loss 7.790093918124007e-05.
forward model: training agent 12.
Epoch 0: forward train average loss 0.0012402664870023727.
epoch 0: forward test average loss 0.0022105335568388305.
Epoch 99: forward train average loss 0.0010885112375641863.
epoch 99: forward test average loss 0.002026732804046737.
inverse model, training agent 12.
epoch 0: inverse train average loss 4.2425462849616915e-09.
epoch 0: inverse test average loss 1.777943301325043e-06.
epoch 99: inverse train average loss 1.9402542843987508e-10.
epoch 99: inverse test average loss 4.767742211697623e-06.
forward model: training agent 13.
Epoch 0: forward train average loss 0.0021902408140401044.
epoch 0: forward test average loss 0.003795946223868264.
Epoch 99: forward train average loss 0.0019615548921542037.
epoch 99: forward test average loss 0.003373304899368021.
inverse model, training agent 13.
epoch 0: inverse train average loss 0.000913463658232811.
epoch 0: inverse test average loss 0.0006619910264918064.
epoch 99: inverse train average loss 0.00038518310530990775.
epoch 99: inverse test average loss 0.00529801495011068.
forward model: training agent 14.
Epoch 0: forward train average loss 0.005108149101336797.
epoch 0: forward test average loss 0.007054513734247949.
Epoch 99: forward train average loss 0.004416370298713446.
epoch 99: forward test average loss 0.007375755657752355.
inverse model, training agent 14.
epoch 0: inverse train average loss 0.0012306882611786325.
epoch 0: inverse test average loss 0.0009579630568623543.
epoch 99: inverse train average loss 0.00027268016452176706.
epoch 99: inverse test average loss 0.0010169631184706101.
forward model: training agent 15.
Epoch 0: forward train average loss 0.015555120176739164.
epoch 0: forward test average loss 0.01733133527967665.
Epoch 99: forward train average loss 0.0043083858779735034.
epoch 99: forward test average loss 0.007322338513202137.
inverse model, training agent 15.
epoch 0: inverse train average loss 0.018771345623665385.
epoch 0: inverse test average loss 0.012131246013773812.
epoch 99: inverse train average loss 0.00030681710146988433.
epoch 99: inverse test average loss 0.0026755994961907468.
Policy training episode: 66, grounded actions taken: 5760, last two uncertainties: {0: [0.0, 0.0], 1: [0.0, 0.0], 2: [0.0, 0.0], 3: [0.0, 0.0], 4: [0.0, 0.0], 5: [0.0, 0.0], 6: [0.0, 0.0], 7: [0.0, 0.0], 8: [0.0, 0.0], 9: [0.0, 0.0], 10: [0.0, 0.0], 11: [0.0, 0.0], 12: [0.0, 0.0], 13: [0.0, 0.0], 14: [0.0, 0.0], 15: [0.0, 0.0]}, avg agent uncertainties: [0.0, 0.0, 0.0, 0.0, 0.0, 0.0, 0.0, 0.0, 0.0, 0.0, 0.0, 0.0, 0.0, 0.0, 0.0, 0.0], grounded actions by agent: [360, 360, 360, 360, 360, 360, 360, 360, 360, 360, 360, 360, 360, 360, 360, 360]
Policy training episode: 66, iteration 0/1, policy training avg travel time:164.57873778765568, q_loss:181.79144287109375, rewards:-337.25642361111113, queue:24.081423611111113, delay:0.379729249742296, throughput:20020
Sim Rollout episode:67/100, sim avg travel time:129.843404176506, rewards:-230.8625, queue:15.676215277777779, delay:0.31412682003445097, throughput:20717
Real rollout step:67/100, travel time:214.09857581681095, rewards:-459.72960069444446, queue:35.9203125, delay:0.42321349249945744, throughput:16211
forward model: training agent 0.
Epoch 0: forward train average loss 0.02549767204456859.
epoch 0: forward test average loss 0.030837422443760767.
Epoch 99: forward train average loss 0.007871018205251958.
epoch 99: forward test average loss 0.011506804575522741.
inverse model, training agent 0.
epoch 0: inverse train average loss 0.0018750674179399437.
epoch 0: inverse test average loss 0.0011080419677050991.
epoch 99: inverse train average loss 0.001210185471184862.
epoch 99: inverse test average loss 0.0010602126001483863.
forward model: training agent 1.
Epoch 0: forward train average loss 0.052760700384775795.
epoch 0: forward test average loss 0.04958913226922353.
Epoch 99: forward train average loss 0.0037154381991260583.
epoch 99: forward test average loss 0.007963917321628995.
inverse model, training agent 1.
epoch 0: inverse train average loss 0.060967710283067494.
epoch 0: inverse test average loss 0.09250382251209682.
epoch 99: inverse train average loss 0.007237740585373508.
epoch 99: inverse test average loss 0.010051810079150729.
forward model: training agent 2.
Epoch 0: forward train average loss 0.13618789778815377.
epoch 0: forward test average loss 0.15201028850343493.
Epoch 99: forward train average loss 0.005360470877753364.
epoch 99: forward test average loss 0.011139382504754596.
inverse model, training agent 2.
epoch 0: inverse train average loss 0.0003337943191847141.
epoch 0: inverse test average loss 4.103371793462429e-07.
epoch 99: inverse train average loss 5.5899227163536125e-05.
epoch 99: inverse test average loss 2.7163282191445937e-08.
forward model: training agent 3.
Epoch 0: forward train average loss 5.326695722584422e-12.
epoch 0: forward test average loss 1.2400006947170065e-11.
Epoch 99: forward train average loss 5.189528545629875e-12.
epoch 99: forward test average loss 8.107139188368646e-12.
inverse model, training agent 3.
epoch 0: inverse train average loss 0.0.
epoch 0: inverse test average loss 0.0.
epoch 99: inverse train average loss 0.0.
epoch 99: inverse test average loss 0.0.
forward model: training agent 4.
Epoch 0: forward train average loss 0.10911288940244251.
epoch 0: forward test average loss 0.21743115451600817.
Epoch 99: forward train average loss 0.00243060120070974.
epoch 99: forward test average loss 0.004499341464704937.
inverse model, training agent 4.
epoch 0: inverse train average loss 0.0004478934440865285.
epoch 0: inverse test average loss 0.0006735023990687397.
epoch 99: inverse train average loss 3.1760168389559517e-06.
epoch 99: inverse test average loss 4.602717227599997e-06.
forward model: training agent 5.
Epoch 0: forward train average loss 0.45009924636946785.
epoch 0: forward test average loss 0.46280132399664986.
Epoch 99: forward train average loss 0.002783627301040623.
epoch 99: forward test average loss 0.004434329561061329.
inverse model, training agent 5.
epoch 0: inverse train average loss 0.0.
epoch 0: inverse test average loss 0.0.
epoch 99: inverse train average loss 0.0.
epoch 99: inverse test average loss 0.0.
forward model: training agent 6.
Epoch 0: forward train average loss 0.005035610559086005.
epoch 0: forward test average loss 0.008284663988484276.
Epoch 99: forward train average loss 0.004189370355258386.
epoch 99: forward test average loss 0.007378965616226196.
inverse model, training agent 6.
epoch 0: inverse train average loss 0.0007580817974586454.
epoch 0: inverse test average loss 0.0009493737597949803.
epoch 99: inverse train average loss 0.00028532269384918944.
epoch 99: inverse test average loss 0.0010823970660567284.
forward model: training agent 7.
Epoch 0: forward train average loss 0.004588566979186403.
epoch 0: forward test average loss 0.007272423141532474.
Epoch 99: forward train average loss 0.003275340578208367.
epoch 99: forward test average loss 0.005414659157395363.
inverse model, training agent 7.
epoch 0: inverse train average loss 0.006206572780178653.
epoch 0: inverse test average loss 0.009790526496039497.
epoch 99: inverse train average loss 0.005043835223962863.
epoch 99: inverse test average loss 0.009561986558967166.
forward model: training agent 8.
Epoch 0: forward train average loss 0.0026194353380964864.
epoch 0: forward test average loss 0.004386211435000102.
Epoch 99: forward train average loss 0.002283433141807715.
epoch 99: forward test average loss 0.0035201869904994965.
inverse model, training agent 8.
epoch 0: inverse train average loss 0.0006318277040312145.
epoch 0: inverse test average loss 0.0007498832031463584.
epoch 99: inverse train average loss 0.00013302364580643675.
epoch 99: inverse test average loss 0.0007524823951017526.
forward model: training agent 9.
Epoch 0: forward train average loss 0.004227922142793735.
epoch 0: forward test average loss 0.006650519246856372.
Epoch 99: forward train average loss 0.003964526578783989.
epoch 99: forward test average loss 0.006812427399886979.
inverse model, training agent 9.
epoch 0: inverse train average loss 1.4461282860780659e-05.
epoch 0: inverse test average loss 4.370659148180936e-07.
epoch 99: inverse train average loss 2.685481332618009e-07.
epoch 99: inverse test average loss 3.3579040979879615e-08.
forward model: training agent 10.
Epoch 0: forward train average loss 0.004285782989528444.
epoch 0: forward test average loss 0.006646296837263637.
Epoch 99: forward train average loss 0.003988936129543517.
epoch 99: forward test average loss 0.007054787957006031.
inverse model, training agent 10.
epoch 0: inverse train average loss 0.0016902065318491724.
epoch 0: inverse test average loss 0.0013997846593459447.
epoch 99: inverse train average loss 0.0009510551398206088.
epoch 99: inverse test average loss 0.0015767766680154535.
forward model: training agent 11.
Epoch 0: forward train average loss 0.07844580792718464.
epoch 0: forward test average loss 0.07747750812106663.
Epoch 99: forward train average loss 0.006674906859795253.
epoch 99: forward test average loss 0.010962219287951788.
inverse model, training agent 11.
epoch 0: inverse train average loss 9.507016430790018e-05.
epoch 0: inverse test average loss 0.0005745925526652071.
epoch 99: inverse train average loss 1.2975501198929527e-05.
epoch 99: inverse test average loss 0.00011939867464308109.
forward model: training agent 12.
Epoch 0: forward train average loss 0.0013554534460935327.
epoch 0: forward test average loss 0.0018776305433776644.
Epoch 99: forward train average loss 0.0012146980087790224.
epoch 99: forward test average loss 0.002294963846604029.
inverse model, training agent 12.
epoch 0: inverse train average loss 6.208788016893853e-10.
epoch 0: inverse test average loss 2.587006658277207e-10.
epoch 99: inverse train average loss 7.114268472169844e-11.
epoch 99: inverse test average loss 1.5522041676676837e-10.
forward model: training agent 13.
Epoch 0: forward train average loss 0.002180754155334499.
epoch 0: forward test average loss 0.003211977063781685.
Epoch 99: forward train average loss 0.0019514801549828714.
epoch 99: forward test average loss 0.0038800432036320367.
inverse model, training agent 13.
epoch 0: inverse train average loss 0.0017051911806144442.
epoch 0: inverse test average loss 0.0016841733207305272.
epoch 99: inverse train average loss 0.0011585764263549612.
epoch 99: inverse test average loss 0.0012541921395394537.
forward model: training agent 14.
Epoch 0: forward train average loss 0.012299712747335434.
epoch 0: forward test average loss 0.014640217439995872.
Epoch 99: forward train average loss 0.0042758481577038765.
epoch 99: forward test average loss 0.006801003590226173.
inverse model, training agent 14.
epoch 0: inverse train average loss 0.0030211135551022985.
epoch 0: inverse test average loss 0.0057980988381637465.
epoch 99: inverse train average loss 0.0011019867573243876.
epoch 99: inverse test average loss 0.002305753425591522.
forward model: training agent 15.
Epoch 0: forward train average loss 0.06397946675618489.
epoch 0: forward test average loss 0.06307862533463372.
Epoch 99: forward train average loss 0.0045099652165340055.
epoch 99: forward test average loss 0.007865582075383928.
inverse model, training agent 15.
epoch 0: inverse train average loss 0.0013894262697754635.
epoch 0: inverse test average loss 0.0016702837569432126.
epoch 99: inverse train average loss 0.0005644326770885123.
epoch 99: inverse test average loss 0.0016644643102255133.
Policy training episode: 67, grounded actions taken: 5760, last two uncertainties: {0: [0.0, 0.0], 1: [0.0, 0.0], 2: [0.0, 0.0], 3: [0.0, 0.0], 4: [0.0, 0.0], 5: [0.0, 0.0], 6: [0.0, 0.0], 7: [0.0, 0.0], 8: [0.0, 0.0], 9: [0.0, 0.0], 10: [0.0, 0.0], 11: [0.0, 0.0], 12: [0.0, 0.0], 13: [0.0, 0.0], 14: [0.0, 0.0], 15: [0.0, 0.0]}, avg agent uncertainties: [0.0, 0.0, 0.0, 0.0, 0.0, 0.0, 0.0, 0.0, 0.0, 0.0, 0.0, 0.0, 0.0, 0.0, 0.0, 0.0], grounded actions by agent: [360, 360, 360, 360, 360, 360, 360, 360, 360, 360, 360, 360, 360, 360, 360, 360]
Policy training episode: 67, iteration 0/1, policy training avg travel time:218.80458545622974, q_loss:170.71163940429688, rewards:-475.1521701388889, queue:42.45520833333333, delay:0.43792766994900173, throughput:19313
Sim Rollout episode:68/100, sim avg travel time:130.02371028989535, rewards:-230.9552734375, queue:15.553645833333333, delay:0.3260088814629449, throughput:20709
Real rollout step:68/100, travel time:173.69996202050893, rewards:-398.11579861111113, queue:27.3125, delay:0.4066083272298177, throughput:17049
forward model: training agent 0.
Epoch 0: forward train average loss 0.008052463229331706.
epoch 0: forward test average loss 0.010713031308518516.
Epoch 99: forward train average loss 0.00498869466698832.
epoch 99: forward test average loss 0.007490998961859279.
inverse model, training agent 0.
epoch 0: inverse train average loss 0.005028368129084508.
epoch 0: inverse test average loss 0.0041760157069398295.
epoch 99: inverse train average loss 0.003346044414987167.
epoch 99: inverse test average loss 0.003633528585649199.
forward model: training agent 1.
Epoch 0: forward train average loss 0.0035947132855653763.
epoch 0: forward test average loss 0.005631277130709754.
Epoch 99: forward train average loss 0.0027825976721942425.
epoch 99: forward test average loss 0.004385875537991524.
inverse model, training agent 1.
epoch 0: inverse train average loss 0.006511429324746132.
epoch 0: inverse test average loss 0.012935830073224174.
epoch 99: inverse train average loss 0.0046187699772417545.
epoch 99: inverse test average loss 0.00503148976713419.
forward model: training agent 2.
Epoch 0: forward train average loss 0.005288418485886521.
epoch 0: forward test average loss 0.008104094200664096.
Epoch 99: forward train average loss 0.0040306891314685345.
epoch 99: forward test average loss 0.0073569708814223604.
inverse model, training agent 2.
epoch 0: inverse train average loss 0.0003201734596384793.
epoch 0: inverse test average loss 0.0005290016594143607.
epoch 99: inverse train average loss 1.3800530622473969e-05.
epoch 99: inverse test average loss 0.0005315619831193095.
forward model: training agent 3.
Epoch 0: forward train average loss 5.053618403379663e-12.
epoch 0: forward test average loss 9.213947602578394e-14.
Epoch 99: forward train average loss 6.481482596002823e-12.
epoch 99: forward test average loss 1.1301032640551354e-11.
inverse model, training agent 3.
epoch 0: inverse train average loss 0.0.
epoch 0: inverse test average loss 0.0.
epoch 99: inverse train average loss 0.0.
epoch 99: inverse test average loss 0.0.
forward model: training agent 4.
Epoch 0: forward train average loss 0.0024354945247371993.
epoch 0: forward test average loss 0.003557296573287911.
Epoch 99: forward train average loss 0.0018880165233794185.
epoch 99: forward test average loss 0.0030365469348099497.
inverse model, training agent 4.
epoch 0: inverse train average loss 3.0452791987853643e-06.
epoch 0: inverse test average loss 2.3953759106613384e-06.
epoch 99: inverse train average loss 2.7547023427764037e-07.
epoch 99: inverse test average loss 1.8682863532780578e-07.
forward model: training agent 5.
Epoch 0: forward train average loss 0.0035696341138747004.
epoch 0: forward test average loss 0.0052042073673672145.
Epoch 99: forward train average loss 0.0027657715189788076.
epoch 99: forward test average loss 0.0052055492997169495.
inverse model, training agent 5.
epoch 0: inverse train average loss 0.0.
epoch 0: inverse test average loss 0.0.
epoch 99: inverse train average loss 0.0.
epoch 99: inverse test average loss 0.0.
forward model: training agent 6.
Epoch 0: forward train average loss 0.0045587111574908095.
epoch 0: forward test average loss 0.007674696544806163.
Epoch 99: forward train average loss 0.00403938302770257.
epoch 99: forward test average loss 0.007394086569547653.
inverse model, training agent 6.
epoch 0: inverse train average loss 0.0008391386751706401.
epoch 0: inverse test average loss 0.00107004436560803.
epoch 99: inverse train average loss 0.0005376075278036296.
epoch 99: inverse test average loss 0.0009029962950282627.
forward model: training agent 7.
Epoch 0: forward train average loss 0.0036284741428163317.
epoch 0: forward test average loss 0.006113170956571897.
Epoch 99: forward train average loss 0.003166829546292623.
epoch 99: forward test average loss 0.005416014542182286.
inverse model, training agent 7.
epoch 0: inverse train average loss 0.005331990878201193.
epoch 0: inverse test average loss 0.00754706644349628.
epoch 99: inverse train average loss 0.004494823049753904.
epoch 99: inverse test average loss 0.008946768525573943.
forward model: training agent 8.
Epoch 0: forward train average loss 0.004688313023911582.
epoch 0: forward test average loss 0.005427714437246323.
Epoch 99: forward train average loss 0.0022256288987894854.
epoch 99: forward test average loss 0.004042094159457419.
inverse model, training agent 8.
epoch 0: inverse train average loss 0.0009023106621397245.
epoch 0: inverse test average loss 0.00012232373976278014.
epoch 99: inverse train average loss 8.15298260728397e-05.
epoch 99: inverse test average loss 1.1506727028000165e-07.
forward model: training agent 9.
Epoch 0: forward train average loss 0.0070635077233115835.
epoch 0: forward test average loss 0.009717874642875459.
Epoch 99: forward train average loss 0.004119726622270213.
epoch 99: forward test average loss 0.0073059747616449995.
inverse model, training agent 9.
epoch 0: inverse train average loss 2.2313757134955698e-05.
epoch 0: inverse test average loss 1.8254347701751605e-05.
epoch 99: inverse train average loss 6.39733847328393e-07.
epoch 99: inverse test average loss 2.2999811313755772e-06.
forward model: training agent 10.
Epoch 0: forward train average loss 0.0039757902009619605.
epoch 0: forward test average loss 0.006391340659724342.
Epoch 99: forward train average loss 0.003703236165973875.
epoch 99: forward test average loss 0.006257537545429336.
inverse model, training agent 10.
epoch 0: inverse train average loss 0.001597991290812691.
epoch 0: inverse test average loss 0.0055629899725317955.
epoch 99: inverse train average loss 0.000814844983526402.
epoch 99: inverse test average loss 0.00523561073674096.
forward model: training agent 11.
Epoch 0: forward train average loss 0.010616097185346816.
epoch 0: forward test average loss 0.013400816255145602.
Epoch 99: forward train average loss 0.003679840773757961.
epoch 99: forward test average loss 0.006130183736483256.
inverse model, training agent 11.
epoch 0: inverse train average loss 1.0393671573183383e-05.
epoch 0: inverse test average loss 3.3958334370254306e-05.
epoch 99: inverse train average loss 2.6980239024649363e-06.
epoch 99: inverse test average loss 1.9217374705880906e-05.
forward model: training agent 12.
Epoch 0: forward train average loss 0.0014033173469619618.
epoch 0: forward test average loss 0.0024302772556742034.
Epoch 99: forward train average loss 0.0012622269310264124.
epoch 99: forward test average loss 0.0026740896412067944.
inverse model, training agent 12.
epoch 0: inverse train average loss 3.9451833158368444e-10.
epoch 0: inverse test average loss 2.5870069975120202e-11.
epoch 99: inverse train average loss 9.054524105797965e-11.
epoch 99: inverse test average loss 2.5870069975120202e-11.
forward model: training agent 13.
Epoch 0: forward train average loss 0.0022815174371418026.
epoch 0: forward test average loss 0.003849360884891616.
Epoch 99: forward train average loss 0.001986449092833532.
epoch 99: forward test average loss 0.0035345268746217093.
inverse model, training agent 13.
epoch 0: inverse train average loss 0.0007453887244789965.
epoch 0: inverse test average loss 0.0014217699095348103.
epoch 99: inverse train average loss 0.0003766470035770908.
epoch 99: inverse test average loss 0.0012079525040462613.
forward model: training agent 14.
Epoch 0: forward train average loss 0.004437889489862654.
epoch 0: forward test average loss 0.007278350906239616.
Epoch 99: forward train average loss 0.0040605441770619815.
epoch 99: forward test average loss 0.0063196443435218595.
inverse model, training agent 14.
epoch 0: inverse train average loss 0.002202182128611538.
epoch 0: inverse test average loss 0.0007400731459104767.
epoch 99: inverse train average loss 0.0004957010015560728.
epoch 99: inverse test average loss 0.00021903685733882917.
forward model: training agent 15.
Epoch 0: forward train average loss 0.005659346365266376.
epoch 0: forward test average loss 0.007837835078438124.
Epoch 99: forward train average loss 0.004199864653249581.
epoch 99: forward test average loss 0.007727627125051286.
inverse model, training agent 15.
epoch 0: inverse train average loss 0.001875949894181556.
epoch 0: inverse test average loss 0.0012131068441602918.
epoch 99: inverse train average loss 0.0006372864914333655.
epoch 99: inverse test average loss 0.0005410786834545434.
Policy training episode: 68, grounded actions taken: 5760, last two uncertainties: {0: [0.0, 0.0], 1: [0.0, 0.0], 2: [0.0, 0.0], 3: [0.0, 0.0], 4: [0.0, 0.0], 5: [0.0, 0.0], 6: [0.0, 0.0], 7: [0.0, 0.0], 8: [0.0, 0.0], 9: [0.0, 0.0], 10: [0.0, 0.0], 11: [0.0, 0.0], 12: [0.0, 0.0], 13: [0.0, 0.0], 14: [0.0, 0.0], 15: [0.0, 0.0]}, avg agent uncertainties: [0.0, 0.0, 0.0, 0.0, 0.0, 0.0, 0.0, 0.0, 0.0, 0.0, 0.0, 0.0, 0.0, 0.0, 0.0, 0.0], grounded actions by agent: [360, 360, 360, 360, 360, 360, 360, 360, 360, 360, 360, 360, 360, 360, 360, 360]
Policy training episode: 68, iteration 0/1, policy training avg travel time:265.0272760952116, q_loss:171.875732421875, rewards:-534.9008680555555, queue:53.83541666666667, delay:0.46546346876356337, throughput:19005
Sim Rollout episode:69/100, sim avg travel time:127.47932391757351, rewards:-226.8366753472222, queue:14.559895833333334, delay:0.2909980985853407, throughput:20730
Real rollout step:69/100, travel time:175.14720507076117, rewards:-395.5299045138889, queue:27.069618055555555, delay:0.37781846788194445, throughput:16975
forward model: training agent 0.
Epoch 0: forward train average loss 0.005990445924301942.
epoch 0: forward test average loss 0.009567907287014855.
Epoch 99: forward train average loss 0.005054837196237511.
epoch 99: forward test average loss 0.009148898637957044.
inverse model, training agent 0.
epoch 0: inverse train average loss 0.003797385065505902.
epoch 0: inverse test average loss 0.00520074072604378.
epoch 99: inverse train average loss 0.0031177289007852473.
epoch 99: inverse test average loss 0.00857444480061531.
forward model: training agent 1.
Epoch 0: forward train average loss 0.0038056415505707264.
epoch 0: forward test average loss 0.005320589989423752.
Epoch 99: forward train average loss 0.002554891993188196.
epoch 99: forward test average loss 0.004404982138011191.
inverse model, training agent 1.
epoch 0: inverse train average loss 0.043552182614803314.
epoch 0: inverse test average loss 0.057522462473975286.
epoch 99: inverse train average loss 0.0013286665909820134.
epoch 99: inverse test average loss 0.0009526436527570089.
forward model: training agent 2.
Epoch 0: forward train average loss 0.0041332013594607515.
epoch 0: forward test average loss 0.00553666820956601.
Epoch 99: forward train average loss 0.0025132406089040968.
epoch 99: forward test average loss 0.0043517690565851.
inverse model, training agent 2.
epoch 0: inverse train average loss 0.01216827467497852.
epoch 0: inverse test average loss 0.0229319433371226.
epoch 99: inverse train average loss 0.005044956070681413.
epoch 99: inverse test average loss 0.00907075632777479.
forward model: training agent 3.
Epoch 0: forward train average loss 7.739842910100178e-12.
epoch 0: forward test average loss 1.9737999814830844e-11.
Epoch 99: forward train average loss 4.170408581068769e-12.
epoch 99: forward test average loss 4.801015680690036e-12.
inverse model, training agent 3.
epoch 0: inverse train average loss 0.0.
epoch 0: inverse test average loss 0.0.
epoch 99: inverse train average loss 0.0.
epoch 99: inverse test average loss 0.0.
forward model: training agent 4.
Epoch 0: forward train average loss 0.0020284386506925025.
epoch 0: forward test average loss 0.0031301292280356088.
Epoch 99: forward train average loss 0.0018430902984821135.
epoch 99: forward test average loss 0.0033616886163751283.
inverse model, training agent 4.
epoch 0: inverse train average loss 2.8969309400710904e-07.
epoch 0: inverse test average loss 3.089077659347418e-07.
epoch 99: inverse train average loss 1.9712698436554394e-08.
epoch 99: inverse test average loss 1.5884202595215257e-08.
forward model: training agent 5.
Epoch 0: forward train average loss 0.008211502184470495.
epoch 0: forward test average loss 0.013141368412309222.
Epoch 99: forward train average loss 0.0029553033721943698.
epoch 99: forward test average loss 0.0053767019675837625.
inverse model, training agent 5.
epoch 0: inverse train average loss 0.00016725396399238892.
epoch 0: inverse test average loss 1.7074239275524958e-09.
epoch 99: inverse train average loss 6.880293054302279e-07.
epoch 99: inverse test average loss 7.838566141850201e-09.
forward model: training agent 6.
Epoch 0: forward train average loss 0.004804528732266691.
epoch 0: forward test average loss 0.00862563153107961.
Epoch 99: forward train average loss 0.003970492113795545.
epoch 99: forward test average loss 0.007581021222803328.
inverse model, training agent 6.
epoch 0: inverse train average loss 0.0005354572203941643.
epoch 0: inverse test average loss 0.000837580973489417.
epoch 99: inverse train average loss 0.00023941981069381453.
epoch 99: inverse test average loss 0.001462364983227518.
forward model: training agent 7.
Epoch 0: forward train average loss 0.003551816257337729.
epoch 0: forward test average loss 0.006478259753849771.
Epoch 99: forward train average loss 0.0030264961533248425.
epoch 99: forward test average loss 0.006034104774395625.
inverse model, training agent 7.
epoch 0: inverse train average loss 0.006641189102083445.
epoch 0: inverse test average loss 0.007580962032079697.
epoch 99: inverse train average loss 0.005334821064025164.
epoch 99: inverse test average loss 0.004888281226158142.
forward model: training agent 8.
Epoch 0: forward train average loss 0.002693038951191637.
epoch 0: forward test average loss 0.003788924776017666.
Epoch 99: forward train average loss 0.00217869748464889.
epoch 99: forward test average loss 0.004290678020980623.
inverse model, training agent 8.
epoch 0: inverse train average loss 0.006088771960801548.
epoch 0: inverse test average loss 0.0034786268240875667.
epoch 99: inverse train average loss 3.2781961736974255e-05.
epoch 99: inverse test average loss 3.194266496898813e-05.
forward model: training agent 9.
Epoch 0: forward train average loss 0.005051261434952418.
epoch 0: forward test average loss 0.0065801093975702924.
Epoch 99: forward train average loss 0.004626416187319491.
epoch 99: forward test average loss 0.006962871799866359.
inverse model, training agent 9.
epoch 0: inverse train average loss 0.0004938546186529101.
epoch 0: inverse test average loss 9.125365047819084e-05.
epoch 99: inverse train average loss 3.2067889400701056e-06.
epoch 99: inverse test average loss 1.3982533144046233e-06.
forward model: training agent 10.
Epoch 0: forward train average loss 0.004392117417107026.
epoch 0: forward test average loss 0.005876780384116703.
Epoch 99: forward train average loss 0.003992943869282802.
epoch 99: forward test average loss 0.006521540383497874.
inverse model, training agent 10.
epoch 0: inverse train average loss 0.0013151564894037114.
epoch 0: inverse test average loss 0.0009424412209126684.
epoch 99: inverse train average loss 0.000612218379198263.
epoch 99: inverse test average loss 0.0006567045347765088.
forward model: training agent 11.
Epoch 0: forward train average loss 0.004060645742962758.
epoch 0: forward test average loss 0.007311713985270924.
Epoch 99: forward train average loss 0.0035578754937483203.
epoch 99: forward test average loss 0.0064443788594669765.
inverse model, training agent 11.
epoch 0: inverse train average loss 4.434305689452837e-05.
epoch 0: inverse test average loss 1.6758161816849475e-05.
epoch 99: inverse train average loss 6.6161032160986606e-06.
epoch 99: inverse test average loss 5.333557459784464e-06.
forward model: training agent 12.
Epoch 0: forward train average loss 0.0014320297891067134.
epoch 0: forward test average loss 0.00220279178271691.
Epoch 99: forward train average loss 0.0012731716140276855.
epoch 99: forward test average loss 0.001982935704290867.
inverse model, training agent 12.
epoch 0: inverse train average loss 4.093808024056382e-09.
epoch 0: inverse test average loss 1.369646724924678e-07.
epoch 99: inverse train average loss 2.4576548126844755e-10.
epoch 99: inverse test average loss 2.692907388437662e-08.
forward model: training agent 13.
Epoch 0: forward train average loss 0.0021284028318607146.
epoch 0: forward test average loss 0.0030232325403226745.
Epoch 99: forward train average loss 0.0019094468767030372.
epoch 99: forward test average loss 0.0032674239741431344.
inverse model, training agent 13.
epoch 0: inverse train average loss 0.003584181959417442.
epoch 0: inverse test average loss 0.0030841471679094764.
epoch 99: inverse train average loss 0.0012845748957867424.
epoch 99: inverse test average loss 0.0013791306280634468.
forward model: training agent 14.
Epoch 0: forward train average loss 0.004863614733848307.
epoch 0: forward test average loss 0.006972439173195098.
Epoch 99: forward train average loss 0.00402492859090368.
epoch 99: forward test average loss 0.007320927042100165.
inverse model, training agent 14.
epoch 0: inverse train average loss 0.0010163967656100998.
epoch 0: inverse test average loss 0.0015791360411741254.
epoch 99: inverse train average loss 0.0005125678726471961.
epoch 99: inverse test average loss 0.0016495754518675515.
forward model: training agent 15.
Epoch 0: forward train average loss 0.01021056580874655.
epoch 0: forward test average loss 0.013072074287467532.
Epoch 99: forward train average loss 0.004478352351321114.
epoch 99: forward test average loss 0.008015255547232099.
inverse model, training agent 15.
epoch 0: inverse train average loss 0.000676408500617577.
epoch 0: inverse test average loss 0.0005407760553579363.
epoch 99: inverse train average loss 0.00046319417176871665.
epoch 99: inverse test average loss 0.0007093339356490307.
Policy training episode: 69, grounded actions taken: 5760, last two uncertainties: {0: [0.0, 0.0], 1: [0.0, 0.0], 2: [0.0, 0.0], 3: [0.0, 0.0], 4: [0.0, 0.0], 5: [0.0, 0.0], 6: [0.0, 0.0], 7: [0.0, 0.0], 8: [0.0, 0.0], 9: [0.0, 0.0], 10: [0.0, 0.0], 11: [0.0, 0.0], 12: [0.0, 0.0], 13: [0.0, 0.0], 14: [0.0, 0.0], 15: [0.0, 0.0]}, avg agent uncertainties: [0.0, 0.0, 0.0, 0.0, 0.0, 0.0, 0.0, 0.0, 0.0, 0.0, 0.0, 0.0, 0.0, 0.0, 0.0, 0.0], grounded actions by agent: [360, 360, 360, 360, 360, 360, 360, 360, 360, 360, 360, 360, 360, 360, 360, 360]
Policy training episode: 69, iteration 0/1, policy training avg travel time:247.2458667160654, q_loss:196.10772705078125, rewards:-531.56015625, queue:49.428645833333334, delay:0.41254238552517364, throughput:19196
Sim Rollout episode:70/100, sim avg travel time:125.43583568749132, rewards:-215.73745659722223, queue:13.847916666666666, delay:0.282465828789605, throughput:20744
Real rollout step:70/100, travel time:180.7589918181319, rewards:-392.05733506944443, queue:28.03420138888889, delay:0.3816682603624132, throughput:16821
forward model: training agent 0.
Epoch 0: forward train average loss 0.005981707324584325.
epoch 0: forward test average loss 0.009083232945866056.
Epoch 99: forward train average loss 0.005070844872130288.
epoch 99: forward test average loss 0.00869666412472725.
inverse model, training agent 0.
epoch 0: inverse train average loss 0.004092253485901488.
epoch 0: inverse test average loss 0.005216241710715824.
epoch 99: inverse train average loss 0.0038896257368226848.
epoch 99: inverse test average loss 0.008798165453804864.
forward model: training agent 1.
Epoch 0: forward train average loss 0.002815247927274969.
epoch 0: forward test average loss 0.0048780110147264265.
Epoch 99: forward train average loss 0.0024176198575231764.
epoch 99: forward test average loss 0.004422928930984603.
inverse model, training agent 1.
epoch 0: inverse train average loss 0.0015143011502611141.
epoch 0: inverse test average loss 0.0011278348716182841.
epoch 99: inverse train average loss 0.001064537959690723.
epoch 99: inverse test average loss 0.0008129705933647023.
forward model: training agent 2.
Epoch 0: forward train average loss 0.002645626250240538.
epoch 0: forward test average loss 0.0042075713475545245.
Epoch 99: forward train average loss 0.0022972415511806807.
epoch 99: forward test average loss 0.004225889841715495.
inverse model, training agent 2.
epoch 0: inverse train average loss 0.006782172351247734.
epoch 0: inverse test average loss 0.015227982567416297.
epoch 99: inverse train average loss 0.0033898469474580553.
epoch 99: inverse test average loss 0.0034255387468470466.
forward model: training agent 3.
Epoch 0: forward train average loss 1.7423714140081383e-12.
epoch 0: forward test average loss 4.369840137889251e-12.
Epoch 99: forward train average loss 2.923491647454584e-12.
epoch 99: forward test average loss 1.1747160343232742e-11.
inverse model, training agent 3.
epoch 0: inverse train average loss 0.0.
epoch 0: inverse test average loss 0.0.
epoch 99: inverse train average loss 0.0.
epoch 99: inverse test average loss 0.0.
forward model: training agent 4.
Epoch 0: forward train average loss 0.002072501772393783.
epoch 0: forward test average loss 0.0032402704366379315.
Epoch 99: forward train average loss 0.0018852173040310543.
epoch 99: forward test average loss 0.00312987652917703.
inverse model, training agent 4.
epoch 0: inverse train average loss 1.899418656926678e-08.
epoch 0: inverse test average loss 3.213048987365457e-08.
epoch 99: inverse train average loss 3.052610960304255e-09.
epoch 99: inverse test average loss 1.8885140241743494e-09.
forward model: training agent 5.
Epoch 0: forward train average loss 0.005171535950567987.
epoch 0: forward test average loss 0.00759614176220364.
Epoch 99: forward train average loss 0.0023922283564590746.
epoch 99: forward test average loss 0.004602616859806908.
inverse model, training agent 5.
epoch 0: inverse train average loss 0.00027643028250877596.
epoch 0: inverse test average loss 4.1184810185433835e-06.
epoch 99: inverse train average loss 9.779842981869377e-06.
epoch 99: inverse test average loss 9.222988996408314e-05.
forward model: training agent 6.
Epoch 0: forward train average loss 0.004819338830808799.
epoch 0: forward test average loss 0.007902104200588332.
Epoch 99: forward train average loss 0.004139129693309466.
epoch 99: forward test average loss 0.008235280712445578.
inverse model, training agent 6.
epoch 0: inverse train average loss 0.0009620678352399005.
epoch 0: inverse test average loss 0.0018574813277357155.
epoch 99: inverse train average loss 0.0005048006682449745.
epoch 99: inverse test average loss 0.0006567938964710467.
forward model: training agent 7.
Epoch 0: forward train average loss 0.004567543924268749.
epoch 0: forward test average loss 0.008711020772655806.
Epoch 99: forward train average loss 0.0033884806972410944.
epoch 99: forward test average loss 0.006176984765463405.
inverse model, training agent 7.
epoch 0: inverse train average loss 0.00467477257673939.
epoch 0: inverse test average loss 0.019089482724666595.
epoch 99: inverse train average loss 0.003808161812937922.
epoch 99: inverse test average loss 0.013369800729884041.
forward model: training agent 8.
Epoch 0: forward train average loss 0.0035153619117206996.
epoch 0: forward test average loss 0.003918620240357187.
Epoch 99: forward train average loss 0.0024680448696017265.
epoch 99: forward test average loss 0.004093036366005738.
inverse model, training agent 8.
epoch 0: inverse train average loss 0.0006539776804856956.
epoch 0: inverse test average loss 0.004863611280193759.
epoch 99: inverse train average loss 9.73960373408368e-05.
epoch 99: inverse test average loss 0.001203908585011959.
forward model: training agent 9.
Epoch 0: forward train average loss 0.00507656205445528.
epoch 0: forward test average loss 0.0076084209399090875.
Epoch 99: forward train average loss 0.00408395209039251.
epoch 99: forward test average loss 0.006935932983954747.
inverse model, training agent 9.
epoch 0: inverse train average loss 5.445236639416922e-06.
epoch 0: inverse test average loss 4.3884988876197184e-07.
epoch 99: inverse train average loss 3.4556489980630545e-07.
epoch 99: inverse test average loss 1.7829251090814878e-06.
forward model: training agent 10.
Epoch 0: forward train average loss 0.0040082331332895495.
epoch 0: forward test average loss 0.006356829363438819.
Epoch 99: forward train average loss 0.003738152173658212.
epoch 99: forward test average loss 0.006469360035326745.
inverse model, training agent 10.
epoch 0: inverse train average loss 0.0025555389001965523.
epoch 0: inverse test average loss 0.005132094853454166.
epoch 99: inverse train average loss 0.0009904296603053808.
epoch 99: inverse test average loss 0.003322469691435496.
forward model: training agent 11.
Epoch 0: forward train average loss 0.004488436815639337.
epoch 0: forward test average loss 0.006951712692777316.
Epoch 99: forward train average loss 0.003729316250731548.
epoch 99: forward test average loss 0.005982841468519635.
inverse model, training agent 11.
epoch 0: inverse train average loss 8.44005717226537e-06.
epoch 0: inverse test average loss 1.0115728236491526e-05.
epoch 99: inverse train average loss 2.0345256770168717e-06.
epoch 99: inverse test average loss 3.561545003726173e-05.
forward model: training agent 12.
Epoch 0: forward train average loss 0.0013811999621490638.
epoch 0: forward test average loss 0.0019051221509774525.
Epoch 99: forward train average loss 0.0012614223847372665.
epoch 99: forward test average loss 0.00220926468157106.
inverse model, training agent 12.
epoch 0: inverse train average loss 7.960850072362567e-08.
epoch 0: inverse test average loss 7.761020838338419e-11.
epoch 99: inverse train average loss 1.2029546984309518e-09.
epoch 99: inverse test average loss 1.0348026139676374e-10.
forward model: training agent 13.
Epoch 0: forward train average loss 0.0021927328004191318.
epoch 0: forward test average loss 0.0034304380209909547.
Epoch 99: forward train average loss 0.002031431326435672.
epoch 99: forward test average loss 0.003992062268985642.
inverse model, training agent 13.
epoch 0: inverse train average loss 0.0012569837401517564.
epoch 0: inverse test average loss 0.0010941625158819887.
epoch 99: inverse train average loss 0.0007023468949935503.
epoch 99: inverse test average loss 0.0007126150950272051.
forward model: training agent 14.
Epoch 0: forward train average loss 0.004452193052404457.
epoch 0: forward test average loss 0.008703712787893083.
Epoch 99: forward train average loss 0.0038739110136197675.
epoch 99: forward test average loss 0.007625647510091464.
inverse model, training agent 14.
epoch 0: inverse train average loss 0.0008089071424264046.
epoch 0: inverse test average loss 0.001077310967957601.
epoch 99: inverse train average loss 0.0003591073877436833.
epoch 99: inverse test average loss 0.0006864774558279249.
forward model: training agent 15.
Epoch 0: forward train average loss 0.00603666032354037.
epoch 0: forward test average loss 0.008066633923186196.
Epoch 99: forward train average loss 0.003853259245968527.
epoch 99: forward test average loss 0.006452551525500085.
inverse model, training agent 15.
epoch 0: inverse train average loss 0.001685668740214573.
epoch 0: inverse test average loss 0.0012137609430485303.
epoch 99: inverse train average loss 0.00023180143600459106.
epoch 99: inverse test average loss 0.00023470276695055267.
Policy training episode: 70, grounded actions taken: 5760, last two uncertainties: {0: [0.0, 0.0], 1: [0.0, 0.0], 2: [0.0, 0.0], 3: [0.0, 0.0], 4: [0.0, 0.0], 5: [0.0, 0.0], 6: [0.0, 0.0], 7: [0.0, 0.0], 8: [0.0, 0.0], 9: [0.0, 0.0], 10: [0.0, 0.0], 11: [0.0, 0.0], 12: [0.0, 0.0], 13: [0.0, 0.0], 14: [0.0, 0.0], 15: [0.0, 0.0]}, avg agent uncertainties: [0.0, 0.0, 0.0, 0.0, 0.0, 0.0, 0.0, 0.0, 0.0, 0.0, 0.0, 0.0, 0.0, 0.0, 0.0, 0.0], grounded actions by agent: [360, 360, 360, 360, 360, 360, 360, 360, 360, 360, 360, 360, 360, 360, 360, 360]
Policy training episode: 70, iteration 0/1, policy training avg travel time:240.26356732728283, q_loss:212.3761749267578, rewards:-492.5509982638889, queue:45.155208333333334, delay:0.40129191080729165, throughput:19383
Sim Rollout episode:71/100, sim avg travel time:124.09724473257698, rewards:-207.709765625, queue:13.326909722222222, delay:0.2794303470187717, throughput:20758
Real rollout step:71/100, travel time:187.40761291754524, rewards:-387.81671006944447, queue:29.48003472222222, delay:0.37660437689887155, throughput:16677
forward model: training agent 0.
Epoch 0: forward train average loss 0.006449398584663868.
epoch 0: forward test average loss 0.010342660463518567.
Epoch 99: forward train average loss 0.005530574255519443.
epoch 99: forward test average loss 0.009871145503388511.
inverse model, training agent 0.
epoch 0: inverse train average loss 0.009283694231675731.
epoch 0: inverse test average loss 0.009282336984243657.
epoch 99: inverse train average loss 0.006453984986162848.
epoch 99: inverse test average loss 0.007585950402749909.
forward model: training agent 1.
Epoch 0: forward train average loss 0.0026454488850302165.
epoch 0: forward test average loss 0.004952811532550388.
Epoch 99: forward train average loss 0.0022647794750001696.
epoch 99: forward test average loss 0.0043344926089048386.
inverse model, training agent 1.
epoch 0: inverse train average loss 0.032628223299980164.
epoch 0: inverse test average loss 0.031968562139405146.
epoch 99: inverse train average loss 0.005065848119556904.
epoch 99: inverse test average loss 0.00778280860847897.
forward model: training agent 2.
Epoch 0: forward train average loss 0.0026750837763150534.
epoch 0: forward test average loss 0.004677191583646668.
Epoch 99: forward train average loss 0.0024095698673692015.
epoch 99: forward test average loss 0.004948184515039126.
inverse model, training agent 2.
epoch 0: inverse train average loss 0.003460956219997671.
epoch 0: inverse test average loss 0.00831540756755405.
epoch 99: inverse train average loss 0.0025862695442305673.
epoch 99: inverse test average loss 0.008227872351805368.
forward model: training agent 3.
Epoch 0: forward train average loss 3.589341536183424e-11.
epoch 0: forward test average loss 2.6231922806769287e-10.
Epoch 99: forward train average loss 2.7760358440999236e-11.
epoch 99: forward test average loss 1.497355942940241e-11.
inverse model, training agent 3.
epoch 0: inverse train average loss 0.0.
epoch 0: inverse test average loss 0.0.
epoch 99: inverse train average loss 0.0.
epoch 99: inverse test average loss 0.0.
forward model: training agent 4.
Epoch 0: forward train average loss 0.006590200381146537.
epoch 0: forward test average loss 0.008227348327636719.
Epoch 99: forward train average loss 0.002221327300907837.
epoch 99: forward test average loss 0.003853130257791943.
inverse model, training agent 4.
epoch 0: inverse train average loss 1.9661169605969224e-09.
epoch 0: inverse test average loss 3.363108803790106e-10.
epoch 99: inverse train average loss 2.9750513048469135e-10.
epoch 99: inverse test average loss 0.0.
forward model: training agent 5.
Epoch 0: forward train average loss 0.004392168174187343.
epoch 0: forward test average loss 0.005328220625718434.
Epoch 99: forward train average loss 0.0018688231810099548.
epoch 99: forward test average loss 0.003817150369286537.
inverse model, training agent 5.
epoch 0: inverse train average loss 8.853642290221034e-06.
epoch 0: inverse test average loss 2.2608295087896597e-05.
epoch 99: inverse train average loss 9.597197798447453e-07.
epoch 99: inverse test average loss 2.261039693252087e-07.
forward model: training agent 6.
Epoch 0: forward train average loss 0.004550008517172601.
epoch 0: forward test average loss 0.007315356698301103.
Epoch 99: forward train average loss 0.00400968584128552.
epoch 99: forward test average loss 0.0068241579251156915.
inverse model, training agent 6.
epoch 0: inverse train average loss 0.001304317679670122.
epoch 0: inverse test average loss 0.0007683653643147813.
epoch 99: inverse train average loss 0.0005107967428759568.
epoch 99: inverse test average loss 0.0009011816647317675.
forward model: training agent 7.
Epoch 0: forward train average loss 0.0034228922385308477.
epoch 0: forward test average loss 0.005551998400025898.
Epoch 99: forward train average loss 0.0031221486731535858.
epoch 99: forward test average loss 0.005025075748562813.
inverse model, training agent 7.
epoch 0: inverse train average loss 0.005428791356583436.
epoch 0: inverse test average loss 0.01241317805316713.
epoch 99: inverse train average loss 0.004551557461834616.
epoch 99: inverse test average loss 0.008201141738229327.
forward model: training agent 8.
Epoch 0: forward train average loss 0.002850752634306749.
epoch 0: forward test average loss 0.0040214839908811785.
Epoch 99: forward train average loss 0.0021832643025037316.
epoch 99: forward test average loss 0.004137709115942319.
inverse model, training agent 8.
epoch 0: inverse train average loss 0.0005765894780375271.
epoch 0: inverse test average loss 0.0004896173615836435.
epoch 99: inverse train average loss 0.0001997544006573864.
epoch 99: inverse test average loss 0.0004763853374040789.
forward model: training agent 9.
Epoch 0: forward train average loss 0.005001636842886607.
epoch 0: forward test average loss 0.007355456136994892.
Epoch 99: forward train average loss 0.004013825518389543.
epoch 99: forward test average loss 0.006574924828277694.
inverse model, training agent 9.
epoch 0: inverse train average loss 0.0001120170136751734.
epoch 0: inverse test average loss 3.777014244575759e-09.
epoch 99: inverse train average loss 3.4061290203150446e-07.
epoch 99: inverse test average loss 1.3840139306214244e-08.
forward model: training agent 10.
Epoch 0: forward train average loss 0.004701152340405517.
epoch 0: forward test average loss 0.006734800628489918.
Epoch 99: forward train average loss 0.003896131594147947.
epoch 99: forward test average loss 0.00651369368036588.
inverse model, training agent 10.
epoch 0: inverse train average loss 0.0013453040867009098.
epoch 0: inverse test average loss 0.0012890090745511567.
epoch 99: inverse train average loss 0.0006017455646845823.
epoch 99: inverse test average loss 0.0020093009807169437.
forward model: training agent 11.
Epoch 0: forward train average loss 0.003989718130065335.
epoch 0: forward test average loss 0.006617240607738495.
Epoch 99: forward train average loss 0.0036320084602468545.
epoch 99: forward test average loss 0.006057944148778915.
inverse model, training agent 11.
epoch 0: inverse train average loss 7.732966635861278e-05.
epoch 0: inverse test average loss 0.0004123887822010551.
epoch 99: inverse train average loss 5.622414695001983e-06.
epoch 99: inverse test average loss 0.00012011450841479625.
forward model: training agent 12.
Epoch 0: forward train average loss 0.0013788275213705169.
epoch 0: forward test average loss 0.002142491026057137.
Epoch 99: forward train average loss 0.0012804825997187032.
epoch 99: forward test average loss 0.0021719399632679093.
inverse model, training agent 12.
epoch 0: inverse train average loss 2.134257634434706e-09.
epoch 0: inverse test average loss 1.753919952483961e-08.
epoch 99: inverse train average loss 1.0994777811955557e-10.
epoch 99: inverse test average loss 2.763492072214528e-07.
forward model: training agent 13.
Epoch 0: forward train average loss 0.0021984613655755916.
epoch 0: forward test average loss 0.003806804617245992.
Epoch 99: forward train average loss 0.0019427856378671196.
epoch 99: forward test average loss 0.0033752573654055595.
inverse model, training agent 13.
epoch 0: inverse train average loss 0.0007605749706272036.
epoch 0: inverse test average loss 0.0005738953316015088.
epoch 99: inverse train average loss 7.115327833970595e-05.
epoch 99: inverse test average loss 0.00022779988244615702.
forward model: training agent 14.
Epoch 0: forward train average loss 0.00415820690492789.
epoch 0: forward test average loss 0.007326086776124107.
Epoch 99: forward train average loss 0.003892698014775912.
epoch 99: forward test average loss 0.007068751172886955.
inverse model, training agent 14.
epoch 0: inverse train average loss 0.002650842691461245.
epoch 0: inverse test average loss 0.001603178240151869.
epoch 99: inverse train average loss 0.0007476736791431904.
epoch 99: inverse test average loss 0.0010977656897416131.
forward model: training agent 15.
Epoch 0: forward train average loss 0.005179955210122798.
epoch 0: forward test average loss 0.008040973709689246.
Epoch 99: forward train average loss 0.003648049094610744.
epoch 99: forward test average loss 0.007082133036520746.
inverse model, training agent 15.
epoch 0: inverse train average loss 0.0011690941302933628.
epoch 0: inverse test average loss 0.0021990782244958812.
epoch 99: inverse train average loss 0.0003754695579927001.
epoch 99: inverse test average loss 0.0041236063051554896.
Policy training episode: 71, grounded actions taken: 5760, last two uncertainties: {0: [0.0, 0.0], 1: [0.0, 0.0], 2: [0.0, 0.0], 3: [0.0, 0.0], 4: [0.0, 0.0], 5: [0.0, 0.0], 6: [0.0, 0.0], 7: [0.0, 0.0], 8: [0.0, 0.0], 9: [0.0, 0.0], 10: [0.0, 0.0], 11: [0.0, 0.0], 12: [0.0, 0.0], 13: [0.0, 0.0], 14: [0.0, 0.0], 15: [0.0, 0.0]}, avg agent uncertainties: [0.0, 0.0, 0.0, 0.0, 0.0, 0.0, 0.0, 0.0, 0.0, 0.0, 0.0, 0.0, 0.0, 0.0, 0.0, 0.0], grounded actions by agent: [360, 360, 360, 360, 360, 360, 360, 360, 360, 360, 360, 360, 360, 360, 360, 360]
Policy training episode: 71, iteration 0/1, policy training avg travel time:154.4938408817264, q_loss:204.3439178466797, rewards:-326.2216362847222, queue:21.096354166666668, delay:0.36731135050455727, throughput:20383
Sim Rollout episode:72/100, sim avg travel time:123.31916076142838, rewards:-203.27391493055555, queue:13.016319444444445, delay:0.27891434563530815, throughput:20766
Real rollout step:72/100, travel time:216.0688917656329, rewards:-440.90568576388887, queue:35.73663194444445, delay:0.4023959689670139, throughput:16086
forward model: training agent 0.
Epoch 0: forward train average loss 0.048979943411217794.
epoch 0: forward test average loss 0.04087484214040968.
Epoch 99: forward train average loss 0.005338528917895423.
epoch 99: forward test average loss 0.011173261950413385.
inverse model, training agent 0.
epoch 0: inverse train average loss 0.00829948153760698.
epoch 0: inverse test average loss 0.016568476127253637.
epoch 99: inverse train average loss 0.00638096955501371.
epoch 99: inverse test average loss 0.01249430121646987.
forward model: training agent 1.
Epoch 0: forward train average loss 0.002633360731932852.
epoch 0: forward test average loss 0.003588516161673599.
Epoch 99: forward train average loss 0.0022384269525193507.
epoch 99: forward test average loss 0.003700079396367073.
inverse model, training agent 1.
epoch 0: inverse train average loss 0.02365236667295297.
epoch 0: inverse test average loss 0.04246195654074351.
epoch 99: inverse train average loss 0.00992617549167739.
epoch 99: inverse test average loss 0.01436717559893926.
forward model: training agent 2.
Epoch 0: forward train average loss 0.002905136336468988.
epoch 0: forward test average loss 0.00485409651365545.
Epoch 99: forward train average loss 0.0024141115653846.
epoch 99: forward test average loss 0.004301037018497785.
inverse model, training agent 2.
epoch 0: inverse train average loss 0.0021123441660569776.
epoch 0: inverse test average loss 0.004965198329753346.
epoch 99: inverse train average loss 0.0018343750335690048.
epoch 99: inverse test average loss 0.012077718145317502.
forward model: training agent 3.
Epoch 0: forward train average loss 6.78980396212614e-12.
epoch 0: forward test average loss 2.1518965621759714e-11.
Epoch 99: forward train average loss 6.50079380758327e-11.
epoch 99: forward test average loss 4.088983472804052e-11.
inverse model, training agent 3.
epoch 0: inverse train average loss 0.0.
epoch 0: inverse test average loss 0.0.
epoch 99: inverse train average loss 0.0.
epoch 99: inverse test average loss 0.0.
forward model: training agent 4.
Epoch 0: forward train average loss 0.002533028885308239.
epoch 0: forward test average loss 0.004150450436605347.
Epoch 99: forward train average loss 0.002207619422632787.
epoch 99: forward test average loss 0.003931543272402551.
inverse model, training agent 4.
epoch 0: inverse train average loss 2.069603115427575e-10.
epoch 0: inverse test average loss 5.1740139950240405e-11.
epoch 99: inverse train average loss 5.820763007393895e-11.
epoch 99: inverse test average loss 0.0.
forward model: training agent 5.
Epoch 0: forward train average loss 0.0047883787709805704.
epoch 0: forward test average loss 0.008054888910717435.
Epoch 99: forward train average loss 0.0020078642604251704.
epoch 99: forward test average loss 0.0046373458786143195.
inverse model, training agent 5.
epoch 0: inverse train average loss 3.1124845161755057e-05.
epoch 0: inverse test average loss 6.933109691292177e-09.
epoch 99: inverse train average loss 5.14884138090742e-07.
epoch 99: inverse test average loss 1.64989397748943e-07.
forward model: training agent 6.
Epoch 0: forward train average loss 0.005369274359610345.
epoch 0: forward test average loss 0.009301480733686023.
Epoch 99: forward train average loss 0.004584118930829896.
epoch 99: forward test average loss 0.0071903376115692984.
inverse model, training agent 6.
epoch 0: inverse train average loss 0.001384675864958101.
epoch 0: inverse test average loss 0.0010427684367944796.
epoch 99: inverse train average loss 0.0006405860250298348.
epoch 99: inverse test average loss 0.0007518800234215127.
forward model: training agent 7.
Epoch 0: forward train average loss 0.005169151247375541.
epoch 0: forward test average loss 0.007156722247600555.
Epoch 99: forward train average loss 0.0037977279474337897.
epoch 99: forward test average loss 0.005577446478936408.
inverse model, training agent 7.
epoch 0: inverse train average loss 0.008987333625555038.
epoch 0: inverse test average loss 0.017404850986268785.
epoch 99: inverse train average loss 0.0030811062703529992.
epoch 99: inverse test average loss 0.008249500145514807.
forward model: training agent 8.
Epoch 0: forward train average loss 0.007393123478525215.
epoch 0: forward test average loss 0.008936241269111633.
Epoch 99: forward train average loss 0.003376651658780045.
epoch 99: forward test average loss 0.005709108379152086.
inverse model, training agent 8.
epoch 0: inverse train average loss 0.0014613214532598956.
epoch 0: inverse test average loss 0.0003946578751007716.
epoch 99: inverse train average loss 0.0008696815833294144.
epoch 99: inverse test average loss 0.00033291483608384925.
forward model: training agent 9.
Epoch 0: forward train average loss 0.004575108798841636.
epoch 0: forward test average loss 0.008934634841150708.
Epoch 99: forward train average loss 0.0038256476012369.
epoch 99: forward test average loss 0.007043852574295468.
inverse model, training agent 9.
epoch 0: inverse train average loss 0.00024879871710935405.
epoch 0: inverse test average loss 4.78052598838177e-05.
epoch 99: inverse train average loss 3.7629772974155804e-07.
epoch 99: inverse test average loss 1.725938747970051e-07.
forward model: training agent 10.
Epoch 0: forward train average loss 0.0040743969277375275.
epoch 0: forward test average loss 0.007235809332794613.
Epoch 99: forward train average loss 0.00377554420588745.
epoch 99: forward test average loss 0.007135549353228675.
inverse model, training agent 10.
epoch 0: inverse train average loss 0.0012556685445209344.
epoch 0: inverse test average loss 0.0011623383422071736.
epoch 99: inverse train average loss 0.0003088061008990432.
epoch 99: inverse test average loss 0.0005111737409606576.
forward model: training agent 11.
Epoch 0: forward train average loss 0.1540815896458096.
epoch 0: forward test average loss 0.2877412901984321.
Epoch 99: forward train average loss 0.00510195932454533.
epoch 99: forward test average loss 0.009566884073946211.
inverse model, training agent 11.
epoch 0: inverse train average loss 0.0003815182264285492.
epoch 0: inverse test average loss 2.870066156093445e-06.
epoch 99: inverse train average loss 6.912804537427696e-05.
epoch 99: inverse test average loss 8.051783374361952e-06.
forward model: training agent 12.
Epoch 0: forward train average loss 0.001596264825719926.
epoch 0: forward test average loss 0.0018330335927506287.
Epoch 99: forward train average loss 0.0014165392300734918.
epoch 99: forward test average loss 0.0019103799843125874.
inverse model, training agent 12.
epoch 0: inverse train average loss 1.5430332960746856e-07.
epoch 0: inverse test average loss 9.032831682513158e-05.
epoch 99: inverse train average loss 4.074529024363412e-10.
epoch 99: inverse test average loss 1.004560747080379e-06.
forward model: training agent 13.
Epoch 0: forward train average loss 0.0022143200557265016.
epoch 0: forward test average loss 0.003171337251034048.
Epoch 99: forward train average loss 0.002028221678402689.
epoch 99: forward test average loss 0.0035139468188087144.
inverse model, training agent 13.
epoch 0: inverse train average loss 0.004834150749957189.
epoch 0: inverse test average loss 0.00993353102563156.
epoch 99: inverse train average loss 0.0008090345848662158.
epoch 99: inverse test average loss 0.013553671745790375.
forward model: training agent 14.
Epoch 0: forward train average loss 0.004400373488250706.
epoch 0: forward test average loss 0.007877446711063385.
Epoch 99: forward train average loss 0.00393369235098362.
epoch 99: forward test average loss 0.006166685993472735.
inverse model, training agent 14.
epoch 0: inverse train average loss 0.001063782340174334.
epoch 0: inverse test average loss 0.00046856717542848654.
epoch 99: inverse train average loss 0.00031701039309458184.
epoch 99: inverse test average loss 0.0005176667537954119.
forward model: training agent 15.
Epoch 0: forward train average loss 0.005344590379132165.
epoch 0: forward test average loss 0.008888345211744308.
Epoch 99: forward train average loss 0.0038255734058717885.
epoch 99: forward test average loss 0.006998285444246398.
inverse model, training agent 15.
epoch 0: inverse train average loss 0.002744298480037186.
epoch 0: inverse test average loss 0.0019567080825153324.
epoch 99: inverse train average loss 0.00046963639195180603.
epoch 99: inverse test average loss 0.0011368637270708051.
Policy training episode: 72, grounded actions taken: 5760, last two uncertainties: {0: [0.0, 0.0], 1: [0.0, 0.0], 2: [0.0, 0.0], 3: [0.0, 0.0], 4: [0.0, 0.0], 5: [0.0, 0.0], 6: [0.0, 0.0], 7: [0.0, 0.0], 8: [0.0, 0.0], 9: [0.0, 0.0], 10: [0.0, 0.0], 11: [0.0, 0.0], 12: [0.0, 0.0], 13: [0.0, 0.0], 14: [0.0, 0.0], 15: [0.0, 0.0]}, avg agent uncertainties: [0.0, 0.0, 0.0, 0.0, 0.0, 0.0, 0.0, 0.0, 0.0, 0.0, 0.0, 0.0, 0.0, 0.0, 0.0, 0.0], grounded actions by agent: [360, 360, 360, 360, 360, 360, 360, 360, 360, 360, 360, 360, 360, 360, 360, 360]
Policy training episode: 72, iteration 0/1, policy training avg travel time:152.7663949610967, q_loss:209.81024169921875, rewards:-321.6375, queue:20.54826388888889, delay:0.353767098320855, throughput:20419
Sim Rollout episode:73/100, sim avg travel time:122.0276002593313, rewards:-195.67723524305555, queue:12.546006944444445, delay:0.2652171876695421, throughput:20790
Real rollout step:73/100, travel time:181.17464741624394, rewards:-353.94837239583336, queue:27.130729166666665, delay:0.3478802151150174, throughput:16636
forward model: training agent 0.
Epoch 0: forward train average loss 0.007283339690830972.
epoch 0: forward test average loss 0.011075552139017317.
Epoch 99: forward train average loss 0.005561465707918008.
epoch 99: forward test average loss 0.009736177408032946.
inverse model, training agent 0.
epoch 0: inverse train average loss 0.010725890596707663.
epoch 0: inverse test average loss 0.012125496235158708.
epoch 99: inverse train average loss 0.009272764126459757.
epoch 99: inverse test average loss 0.017007092634836834.
forward model: training agent 1.
Epoch 0: forward train average loss 0.00249306857585907.
epoch 0: forward test average loss 0.0036872178316116333.
Epoch 99: forward train average loss 0.0022105653252866534.
epoch 99: forward test average loss 0.0033854971536331708.
inverse model, training agent 1.
epoch 0: inverse train average loss 0.01068855221900675.
epoch 0: inverse test average loss 0.01987511499060525.
epoch 99: inverse train average loss 0.00777802440441317.
epoch 99: inverse test average loss 0.012655745777818892.
forward model: training agent 2.
Epoch 0: forward train average loss 0.0026396047841343614.
epoch 0: forward test average loss 0.004827038281493717.
Epoch 99: forward train average loss 0.0023771064976851144.
epoch 99: forward test average loss 0.004280103991429011.
inverse model, training agent 2.
epoch 0: inverse train average loss 0.002664594083196587.
epoch 0: inverse test average loss 0.010325287158290545.
epoch 99: inverse train average loss 0.0020033909370087916.
epoch 99: inverse test average loss 0.005708017489976353.
forward model: training agent 3.
Epoch 0: forward train average loss 9.150860191126098e-12.
epoch 0: forward test average loss 2.6186147386278138e-11.
Epoch 99: forward train average loss 1.9673704385317965e-11.
epoch 99: forward test average loss 4.395549356593796e-11.
inverse model, training agent 3.
epoch 0: inverse train average loss 0.0.
epoch 0: inverse test average loss 0.0.
epoch 99: inverse train average loss 0.0.
epoch 99: inverse test average loss 0.0.
forward model: training agent 4.
Epoch 0: forward train average loss 0.002540729655366805.
epoch 0: forward test average loss 0.0039016935560438368.
Epoch 99: forward train average loss 0.002293574830724133.
epoch 99: forward test average loss 0.004427398451500469.
inverse model, training agent 4.
epoch 0: inverse train average loss 1.293503421657189e-11.
epoch 0: inverse test average loss 0.0.
epoch 99: inverse train average loss 1.293503421657189e-11.
epoch 99: inverse test average loss 0.0.
forward model: training agent 5.
Epoch 0: forward train average loss 0.004926430785821544.
epoch 0: forward test average loss 0.006495507640971078.
Epoch 99: forward train average loss 0.0019037666885803144.
epoch 99: forward test average loss 0.003582975516716639.
inverse model, training agent 5.
epoch 0: inverse train average loss 0.0005956851410907379.
epoch 0: inverse test average loss 0.0019576195627340415.
epoch 99: inverse train average loss 2.4876968107416058e-05.
epoch 99: inverse test average loss 0.00040708415002931194.
forward model: training agent 6.
Epoch 0: forward train average loss 0.00497024454590347.
epoch 0: forward test average loss 0.00773588154051039.
Epoch 99: forward train average loss 0.00407583908074432.
epoch 99: forward test average loss 0.006764206000500255.
inverse model, training agent 6.
epoch 0: inverse train average loss 0.0018411714117974043.
epoch 0: inverse test average loss 0.000847056352843841.
epoch 99: inverse train average loss 0.0010036405615715517.
epoch 99: inverse test average loss 0.001037347104607357.
forward model: training agent 7.
Epoch 0: forward train average loss 0.0038757860764033264.
epoch 0: forward test average loss 0.006274452846911218.
Epoch 99: forward train average loss 0.0033688141136533683.
epoch 99: forward test average loss 0.007715124429927932.
inverse model, training agent 7.
epoch 0: inverse train average loss 0.0033752310038026837.
epoch 0: inverse test average loss 0.001411194499168131.
epoch 99: inverse train average loss 0.0017867049254063102.
epoch 99: inverse test average loss 0.001403900742944744.
forward model: training agent 8.
Epoch 0: forward train average loss 0.002934964063266913.
epoch 0: forward test average loss 0.00489068693584866.
Epoch 99: forward train average loss 0.002585531419350041.
epoch 99: forward test average loss 0.004202854095233811.
inverse model, training agent 8.
epoch 0: inverse train average loss 0.001191744807228032.
epoch 0: inverse test average loss 0.0009501898635385765.
epoch 99: inverse train average loss 0.00029533662341742054.
epoch 99: inverse test average loss 0.0003744648177719985.
forward model: training agent 9.
Epoch 0: forward train average loss 0.004659364776064952.
epoch 0: forward test average loss 0.007332697510719299.
Epoch 99: forward train average loss 0.0038291806769039896.
epoch 99: forward test average loss 0.006702923526366551.
inverse model, training agent 9.
epoch 0: inverse train average loss 1.1117711314530727e-06.
epoch 0: inverse test average loss 0.00023075050881339444.
epoch 99: inverse train average loss 3.6344220349309666e-08.
epoch 99: inverse test average loss 1.0243503816632761e-05.
forward model: training agent 10.
Epoch 0: forward train average loss 0.004158644523057673.
epoch 0: forward test average loss 0.007092310115695.
Epoch 99: forward train average loss 0.0038425754755735397.
epoch 99: forward test average loss 0.006941723533802562.
inverse model, training agent 10.
epoch 0: inverse train average loss 0.0010097691039037374.
epoch 0: inverse test average loss 0.0005813767137523326.
epoch 99: inverse train average loss 0.0003875919339609229.
epoch 99: inverse test average loss 0.0020068149185842937.
forward model: training agent 11.
Epoch 0: forward train average loss 0.013077533907360502.
epoch 0: forward test average loss 0.017885429163773853.
Epoch 99: forward train average loss 0.003767148850278722.
epoch 99: forward test average loss 0.006053909245464537.
inverse model, training agent 11.
epoch 0: inverse train average loss 0.000644703605859023.
epoch 0: inverse test average loss 0.0004138214668216733.
epoch 99: inverse train average loss 7.475830635586235e-05.
epoch 99: inverse test average loss 0.0005565904106737839.
forward model: training agent 12.
Epoch 0: forward train average loss 0.0014802342435965936.
epoch 0: forward test average loss 0.002159975572592682.
Epoch 99: forward train average loss 0.0012909016675419277.
epoch 99: forward test average loss 0.002616056448055638.
inverse model, training agent 12.
epoch 0: inverse train average loss 9.276286994675902e-08.
epoch 0: inverse test average loss 5.1740139950240405e-11.
epoch 99: inverse train average loss 7.955028580308721e-10.
epoch 99: inverse test average loss 2.0696054746515025e-10.
forward model: training agent 13.
Epoch 0: forward train average loss 0.0022730645982341636.
epoch 0: forward test average loss 0.0035867042218645415.
Epoch 99: forward train average loss 0.0020303496211353275.
epoch 99: forward test average loss 0.003861799008316464.
inverse model, training agent 13.
epoch 0: inverse train average loss 0.00209896271634433.
epoch 0: inverse test average loss 0.004396042113916742.
epoch 99: inverse train average loss 0.0011663978867646721.
epoch 99: inverse test average loss 0.0035271670462356675.
forward model: training agent 14.
Epoch 0: forward train average loss 0.004483093300627338.
epoch 0: forward test average loss 0.0072610800464948016.
Epoch 99: forward train average loss 0.004004765819344256.
epoch 99: forward test average loss 0.007761148942841424.
inverse model, training agent 14.
epoch 0: inverse train average loss 0.002879593340266082.
epoch 0: inverse test average loss 0.007291816588905122.
epoch 99: inverse train average loss 0.0004858067420880414.
epoch 99: inverse test average loss 0.011214642009387413.
forward model: training agent 15.
Epoch 0: forward train average loss 0.004937017026046912.
epoch 0: forward test average loss 0.0088347304198477.
Epoch 99: forward train average loss 0.003767790790233347.
epoch 99: forward test average loss 0.00772506660885281.
inverse model, training agent 15.
epoch 0: inverse train average loss 0.0021487988867900437.
epoch 0: inverse test average loss 0.0014269500970840454.
epoch 99: inverse train average loss 0.0006845981891577443.
epoch 99: inverse test average loss 0.0014326407625857326.
Policy training episode: 73, grounded actions taken: 5760, last two uncertainties: {0: [0.0, 0.0], 1: [0.0, 0.0], 2: [0.0, 0.0], 3: [0.0, 0.0], 4: [0.0, 0.0], 5: [0.0, 0.0], 6: [0.0, 0.0], 7: [0.0, 0.0], 8: [0.0, 0.0], 9: [0.0, 0.0], 10: [0.0, 0.0], 11: [0.0, 0.0], 12: [0.0, 0.0], 13: [0.0, 0.0], 14: [0.0, 0.0], 15: [0.0, 0.0]}, avg agent uncertainties: [0.0, 0.0, 0.0, 0.0, 0.0, 0.0, 0.0, 0.0, 0.0, 0.0, 0.0, 0.0, 0.0, 0.0, 0.0, 0.0], grounded actions by agent: [360, 360, 360, 360, 360, 360, 360, 360, 360, 360, 360, 360, 360, 360, 360, 360]
Policy training episode: 73, iteration 0/1, policy training avg travel time:214.84041863480596, q_loss:194.801513671875, rewards:-470.34947916666664, queue:37.91041666666667, delay:0.37962349785698785, throughput:18908
Sim Rollout episode:74/100, sim avg travel time:122.79976846492244, rewards:-200.02328559027777, queue:12.85138888888889, delay:0.2693677478366428, throughput:20775
Real rollout step:74/100, travel time:229.159858310004, rewards:-454.5005208333333, queue:38.25138888888889, delay:0.38217942979600694, throughput:15775
forward model: training agent 0.
Epoch 0: forward train average loss 0.02343693934381008.
epoch 0: forward test average loss 0.03263082438045078.
Epoch 99: forward train average loss 0.0074220334904061425.
epoch 99: forward test average loss 0.013089424206150902.
inverse model, training agent 0.
epoch 0: inverse train average loss 0.007070548832416534.
epoch 0: inverse test average loss 0.007364121576150258.
epoch 99: inverse train average loss 0.004408897883776162.
epoch 99: inverse test average loss 0.005023588788592153.
forward model: training agent 1.
Epoch 0: forward train average loss 0.0024837060417566034.
epoch 0: forward test average loss 0.005372351656357448.
Epoch 99: forward train average loss 0.002167457714676857.
epoch 99: forward test average loss 0.0042043088210953605.
inverse model, training agent 1.
epoch 0: inverse train average loss 0.009454006432659097.
epoch 0: inverse test average loss 0.010688112841712104.
epoch 99: inverse train average loss 0.008070125554998716.
epoch 99: inverse test average loss 0.008605989731020398.
forward model: training agent 2.
Epoch 0: forward train average loss 0.006008280855086114.
epoch 0: forward test average loss 0.008020254472891489.
Epoch 99: forward train average loss 0.002642539226346546.
epoch 99: forward test average loss 0.0050955234716335935.
inverse model, training agent 2.
epoch 0: inverse train average loss 0.0023812344815168115.
epoch 0: inverse test average loss 0.0015483668151622017.
epoch 99: inverse train average loss 0.0016550640704938108.
epoch 99: inverse test average loss 0.002698950572974152.
forward model: training agent 3.
Epoch 0: forward train average loss 1.1952576027454004e-11.
epoch 0: forward test average loss 3.073033185943233e-11.
Epoch 99: forward train average loss 7.668873107920094e-12.
epoch 99: forward test average loss 2.1009421054725883e-12.
inverse model, training agent 3.
epoch 0: inverse train average loss 0.0.
epoch 0: inverse test average loss 0.0.
epoch 99: inverse train average loss 0.0.
epoch 99: inverse test average loss 0.0.
forward model: training agent 4.
Epoch 0: forward train average loss 0.0026912310471137366.
epoch 0: forward test average loss 0.0035990445564190545.
Epoch 99: forward train average loss 0.002024951960063643.
epoch 99: forward test average loss 0.0034905378189351824.
inverse model, training agent 4.
epoch 0: inverse train average loss 7.243595846596741e-10.
epoch 0: inverse test average loss 0.0.
epoch 99: inverse train average loss 9.701268183843265e-11.
epoch 99: inverse test average loss 0.0.
forward model: training agent 5.
Epoch 0: forward train average loss 0.0029635844338271352.
epoch 0: forward test average loss 0.0036995461624529627.
Epoch 99: forward train average loss 0.0019210106434507503.
epoch 99: forward test average loss 0.0040759433888726765.
inverse model, training agent 5.
epoch 0: inverse train average loss 0.00023436976617732499.
epoch 0: inverse test average loss 3.894595122094163e-05.
epoch 99: inverse train average loss 2.2667423053235325e-05.
epoch 99: inverse test average loss 1.0444775584675072e-06.
forward model: training agent 6.
Epoch 0: forward train average loss 0.005131074641313817.
epoch 0: forward test average loss 0.009658794850111008.
Epoch 99: forward train average loss 0.004212651608718766.
epoch 99: forward test average loss 0.008403962271081077.
inverse model, training agent 6.
epoch 0: inverse train average loss 0.000682263272917933.
epoch 0: inverse test average loss 0.004132623111622201.
epoch 99: inverse train average loss 0.0002077730071808522.
epoch 99: inverse test average loss 0.000417516466566465.
forward model: training agent 7.
Epoch 0: forward train average loss 0.004316921966771285.
epoch 0: forward test average loss 0.007586780935525894.
Epoch 99: forward train average loss 0.003557445119238562.
epoch 99: forward test average loss 0.006630232764614953.
inverse model, training agent 7.
epoch 0: inverse train average loss 0.0024338410391161838.
epoch 0: inverse test average loss 0.002744289632472727.
epoch 99: inverse train average loss 0.0020053143768260875.
epoch 99: inverse test average loss 0.007598150831957658.
forward model: training agent 8.
Epoch 0: forward train average loss 0.0027569749703009925.
epoch 0: forward test average loss 0.004917890247371461.
Epoch 99: forward train average loss 0.0023857763347526393.
epoch 99: forward test average loss 0.0041951702700720895.
inverse model, training agent 8.
epoch 0: inverse train average loss 0.000259662249946915.
epoch 0: inverse test average loss 0.0005817294643040643.
epoch 99: inverse train average loss 2.4147325045002315e-05.
epoch 99: inverse test average loss 0.00014751851712288853.
forward model: training agent 9.
Epoch 0: forward train average loss 0.004148297891434696.
epoch 0: forward test average loss 0.0060438476502895355.
Epoch 99: forward train average loss 0.0038504013791680336.
epoch 99: forward test average loss 0.006332269352343347.
inverse model, training agent 9.
epoch 0: inverse train average loss 1.5901295018987898e-07.
epoch 0: inverse test average loss 7.761040857682625e-06.
epoch 99: inverse train average loss 4.889409272518858e-09.
epoch 99: inverse test average loss 1.4942927211652406e-07.
forward model: training agent 10.
Epoch 0: forward train average loss 0.004196371365752485.
epoch 0: forward test average loss 0.006549101115928756.
Epoch 99: forward train average loss 0.0037414642154342597.
epoch 99: forward test average loss 0.006532186642289162.
inverse model, training agent 10.
epoch 0: inverse train average loss 0.000929420636061372.
epoch 0: inverse test average loss 0.0007618579806552993.
epoch 99: inverse train average loss 0.00037963198135710426.
epoch 99: inverse test average loss 0.0024512684515987835.
forward model: training agent 11.
Epoch 0: forward train average loss 0.1758896145555708.
epoch 0: forward test average loss 0.19672372606065539.
Epoch 99: forward train average loss 0.006980625084704823.
epoch 99: forward test average loss 0.012798448817597495.
inverse model, training agent 11.
epoch 0: inverse train average loss 0.0003250930846358339.
epoch 0: inverse test average loss 0.0028596847162892423.
epoch 99: inverse train average loss 2.6295469473956877e-05.
epoch 99: inverse test average loss 0.0003240815260280922.
forward model: training agent 12.
Epoch 0: forward train average loss 0.0014244525486396418.
epoch 0: forward test average loss 0.002342280000448227.
Epoch 99: forward train average loss 0.0013068761909380555.
epoch 99: forward test average loss 0.0018557226285338402.
inverse model, training agent 12.
epoch 0: inverse train average loss 0.0014694333205824259.
epoch 0: inverse test average loss 2.6646073002388624e-09.
epoch 99: inverse train average loss 0.0004620155127162838.
epoch 99: inverse test average loss 0.0002128479092991458.
forward model: training agent 13.
Epoch 0: forward train average loss 0.002204722310933802.
epoch 0: forward test average loss 0.003458357002172205.
Epoch 99: forward train average loss 0.0020125260731826224.
epoch 99: forward test average loss 0.004184971253077189.
inverse model, training agent 13.
epoch 0: inverse train average loss 0.0011396181459228198.
epoch 0: inverse test average loss 0.0025900287760628592.
epoch 99: inverse train average loss 0.0005711398359077672.
epoch 99: inverse test average loss 0.001233473446013199.
forward model: training agent 14.
Epoch 0: forward train average loss 0.0042904576079712976.
epoch 0: forward test average loss 0.00694731767806742.
Epoch 99: forward train average loss 0.003786942973319027.
epoch 99: forward test average loss 0.007358962463008033.
inverse model, training agent 14.
epoch 0: inverse train average loss 0.0008912531904772752.
epoch 0: inverse test average loss 0.001065396155657557.
epoch 99: inverse train average loss 0.0004479863063251186.
epoch 99: inverse test average loss 0.0008440693200100213.
forward model: training agent 15.
Epoch 0: forward train average loss 0.004850316068364514.
epoch 0: forward test average loss 0.008123539388179779.
Epoch 99: forward train average loss 0.003496721542129914.
epoch 99: forward test average loss 0.00669052286280526.
inverse model, training agent 15.
epoch 0: inverse train average loss 0.0009277560230758456.
epoch 0: inverse test average loss 0.0013663707197540337.
epoch 99: inverse train average loss 0.00043227911616365117.
epoch 99: inverse test average loss 0.0011431715813361937.
Policy training episode: 74, grounded actions taken: 5760, last two uncertainties: {0: [0.0, 0.0], 1: [0.0, 0.0], 2: [0.0, 0.0], 3: [0.0, 0.0], 4: [0.0, 0.0], 5: [0.0, 0.0], 6: [0.0, 0.0], 7: [0.0, 0.0], 8: [0.0, 0.0], 9: [0.0, 0.0], 10: [0.0, 0.0], 11: [0.0, 0.0], 12: [0.0, 0.0], 13: [0.0, 0.0], 14: [0.0, 0.0], 15: [0.0, 0.0]}, avg agent uncertainties: [0.0, 0.0, 0.0, 0.0, 0.0, 0.0, 0.0, 0.0, 0.0, 0.0, 0.0, 0.0, 0.0, 0.0, 0.0, 0.0], grounded actions by agent: [360, 360, 360, 360, 360, 360, 360, 360, 360, 360, 360, 360, 360, 360, 360, 360]
Policy training episode: 74, iteration 0/1, policy training avg travel time:153.0833140369564, q_loss:117.38793182373047, rewards:-322.92163628472224, queue:20.684201388888887, delay:0.3393130832248264, throughput:20396
Sim Rollout episode:75/100, sim avg travel time:122.92757918132988, rewards:-200.65444878472223, queue:12.930034722222222, delay:0.2712404039171007, throughput:20782
Real rollout step:75/100, travel time:169.42638675729006, rewards:-364.0231119791667, queue:25.087152777777778, delay:0.3517254299587674, throughput:16935
forward model: training agent 0.
Epoch 0: forward train average loss 0.006222338105241458.
epoch 0: forward test average loss 0.0104664232995775.
Epoch 99: forward train average loss 0.005269299054311382.
epoch 99: forward test average loss 0.008134360114733378.
inverse model, training agent 0.
epoch 0: inverse train average loss 0.01039029337051842.
epoch 0: inverse test average loss 0.020522006683879428.
epoch 99: inverse train average loss 0.00706611139078935.
epoch 99: inverse test average loss 0.011004182199637095.
forward model: training agent 1.
Epoch 0: forward train average loss 0.002485595074378782.
epoch 0: forward test average loss 0.00431923692425092.
Epoch 99: forward train average loss 0.0021902756868965095.
epoch 99: forward test average loss 0.004671564946571986.
inverse model, training agent 1.
epoch 0: inverse train average loss 0.007348873031636079.
epoch 0: inverse test average loss 0.007588610053062439.
epoch 99: inverse train average loss 0.005126104327953524.
epoch 99: inverse test average loss 0.005431869584653113.
forward model: training agent 2.
Epoch 0: forward train average loss 0.0026951547091205916.
epoch 0: forward test average loss 0.005116647109389305.
Epoch 99: forward train average loss 0.0023625165017114747.
epoch 99: forward test average loss 0.004551188192433781.
inverse model, training agent 2.
epoch 0: inverse train average loss 0.00182879994261182.
epoch 0: inverse test average loss 0.00310606411140826.
epoch 99: inverse train average loss 0.0014189276068160932.
epoch 99: inverse test average loss 0.003136739885020587.
forward model: training agent 3.
Epoch 0: forward train average loss 2.707502576690082e-12.
epoch 0: forward test average loss 1.1110591613405774e-11.
Epoch 99: forward train average loss 1.2634742307177711e-11.
epoch 99: forward test average loss 6.393057688174825e-11.
inverse model, training agent 3.
epoch 0: inverse train average loss 0.0.
epoch 0: inverse test average loss 0.0.
epoch 99: inverse train average loss 0.0.
epoch 99: inverse test average loss 0.0.
forward model: training agent 4.
Epoch 0: forward train average loss 0.002169324110986458.
epoch 0: forward test average loss 0.003354657337897354.
Epoch 99: forward train average loss 0.0018770850211795834.
epoch 99: forward test average loss 0.0036565082975559765.
inverse model, training agent 4.
epoch 0: inverse train average loss 9.701268183843265e-11.
epoch 0: inverse test average loss 0.0.
epoch 99: inverse train average loss 4.5272606651202016e-11.
epoch 99: inverse test average loss 0.0.
forward model: training agent 5.
Epoch 0: forward train average loss 0.004280949787547191.
epoch 0: forward test average loss 0.0048671188867754405.
Epoch 99: forward train average loss 0.0025487664776543775.
epoch 99: forward test average loss 0.0045902954621447455.
inverse model, training agent 5.
epoch 0: inverse train average loss 1.473438560929531e-05.
epoch 0: inverse test average loss 2.0227349624393455e-06.
epoch 99: inverse train average loss 2.785175853306201e-06.
epoch 99: inverse test average loss 6.269685033859989e-07.
forward model: training agent 6.
Epoch 0: forward train average loss 0.005013234809868866.
epoch 0: forward test average loss 0.007900318337811364.
Epoch 99: forward train average loss 0.004111954942345619.
epoch 99: forward test average loss 0.007170376471347279.
inverse model, training agent 6.
epoch 0: inverse train average loss 0.0010150709875031477.
epoch 0: inverse test average loss 0.001339389573937903.
epoch 99: inverse train average loss 0.0007547209736205534.
epoch 99: inverse test average loss 0.001622923751710914.
forward model: training agent 7.
Epoch 0: forward train average loss 0.005770760484867626.
epoch 0: forward test average loss 0.008662693616416719.
Epoch 99: forward train average loss 0.0036377430272599063.
epoch 99: forward test average loss 0.006963411759999063.
inverse model, training agent 7.
epoch 0: inverse train average loss 0.0034686552308913735.
epoch 0: inverse test average loss 0.004488337985498624.
epoch 99: inverse train average loss 0.001950201630178425.
epoch 99: inverse test average loss 0.0039035994559526443.
forward model: training agent 8.
Epoch 0: forward train average loss 0.0026324187508887714.
epoch 0: forward test average loss 0.004370310033361117.
Epoch 99: forward train average loss 0.0024120117692897716.
epoch 99: forward test average loss 0.003798647473255793.
inverse model, training agent 8.
epoch 0: inverse train average loss 0.0003616359267147749.
epoch 0: inverse test average loss 9.29268460620531e-05.
epoch 99: inverse train average loss 4.465140692546912e-05.
epoch 99: inverse test average loss 0.0004417898728408747.
forward model: training agent 9.
Epoch 0: forward train average loss 0.004341860974414481.
epoch 0: forward test average loss 0.006446585887008243.
Epoch 99: forward train average loss 0.004041626169863675.
epoch 99: forward test average loss 0.006521272783478101.
inverse model, training agent 9.
epoch 0: inverse train average loss 6.636582167768918e-07.
epoch 0: inverse test average loss 2.0591657959003996e-08.
epoch 99: inverse train average loss 1.2934814897795787e-08.
epoch 99: inverse test average loss 2.793956868332417e-09.
forward model: training agent 10.
Epoch 0: forward train average loss 0.003942121182464891.
epoch 0: forward test average loss 0.006783842419584592.
Epoch 99: forward train average loss 0.003593759818209542.
epoch 99: forward test average loss 0.006437819865014818.
inverse model, training agent 10.
epoch 0: inverse train average loss 0.0009366733073774311.
epoch 0: inverse test average loss 0.001591928665422731.
epoch 99: inverse train average loss 0.00012503051847387623.
epoch 99: inverse test average loss 0.0006403234367364045.
forward model: training agent 11.
Epoch 0: forward train average loss 0.013520182006888919.
epoch 0: forward test average loss 0.01754748821258545.
Epoch 99: forward train average loss 0.0037596900429990557.
epoch 99: forward test average loss 0.0070643795447217096.
inverse model, training agent 11.
epoch 0: inverse train average loss 0.00018873979893719984.
epoch 0: inverse test average loss 0.0005254160722769382.
epoch 99: inverse train average loss 3.424420578489339e-05.
epoch 99: inverse test average loss 0.0004907893219044328.
forward model: training agent 12.
Epoch 0: forward train average loss 0.0015127832173473304.
epoch 0: forward test average loss 0.0016587116859025424.
Epoch 99: forward train average loss 0.0012706896264312996.
epoch 99: forward test average loss 0.0022185719054606226.
inverse model, training agent 12.
epoch 0: inverse train average loss 0.00016839640334688334.
epoch 0: inverse test average loss 2.8708430009929645e-05.
epoch 99: inverse train average loss 4.169903778322098e-07.
epoch 99: inverse test average loss 8.590875053313438e-08.
forward model: training agent 13.
Epoch 0: forward train average loss 0.0022258322375516095.
epoch 0: forward test average loss 0.0037380733216802278.
Epoch 99: forward train average loss 0.00200105474020044.
epoch 99: forward test average loss 0.0038002917750014197.
inverse model, training agent 13.
epoch 0: inverse train average loss 0.0003427820629440248.
epoch 0: inverse test average loss 0.0007731984951533377.
epoch 99: inverse train average loss 1.4573977700314976e-05.
epoch 99: inverse test average loss 0.0033726476362466607.
forward model: training agent 14.
Epoch 0: forward train average loss 0.0042805310028294725.
epoch 0: forward test average loss 0.006835711706015799.
Epoch 99: forward train average loss 0.0038331604769660365.
epoch 99: forward test average loss 0.007717277854681015.
inverse model, training agent 14.
epoch 0: inverse train average loss 0.000801085193719094.
epoch 0: inverse test average loss 0.0020033737851513755.
epoch 99: inverse train average loss 0.0003564862046106201.
epoch 99: inverse test average loss 0.0009655992940275206.
forward model: training agent 15.
Epoch 0: forward train average loss 0.005877982721560531.
epoch 0: forward test average loss 0.008823768132262759.
Epoch 99: forward train average loss 0.0038005001325574187.
epoch 99: forward test average loss 0.0072561514874299364.
inverse model, training agent 15.
epoch 0: inverse train average loss 0.0013532384376352031.
epoch 0: inverse test average loss 0.0014837930082446998.
epoch 99: inverse train average loss 0.0006438341159890923.
epoch 99: inverse test average loss 0.001906069823437267.
Policy training episode: 75, grounded actions taken: 5760, last two uncertainties: {0: [0.0, 0.0], 1: [0.0, 0.0], 2: [0.0, 0.0], 3: [0.0, 0.0], 4: [0.0, 0.0], 5: [0.0, 0.0], 6: [0.0, 0.0], 7: [0.0, 0.0], 8: [0.0, 0.0], 9: [0.0, 0.0], 10: [0.0, 0.0], 11: [0.0, 0.0], 12: [0.0, 0.0], 13: [0.0, 0.0], 14: [0.0, 0.0], 15: [0.0, 0.0]}, avg agent uncertainties: [0.0, 0.0, 0.0, 0.0, 0.0, 0.0, 0.0, 0.0, 0.0, 0.0, 0.0, 0.0, 0.0, 0.0, 0.0, 0.0], grounded actions by agent: [360, 360, 360, 360, 360, 360, 360, 360, 360, 360, 360, 360, 360, 360, 360, 360]
Policy training episode: 75, iteration 0/1, policy training avg travel time:151.7820489070026, q_loss:91.10809326171875, rewards:-312.23268229166666, queue:20.150694444444444, delay:0.35514873928493923, throughput:20419
Sim Rollout episode:76/100, sim avg travel time:122.2737080940915, rewards:-196.705859375, queue:12.720138888888888, delay:0.2776766883002387, throughput:20780
Real rollout step:76/100, travel time:186.44399866265462, rewards:-411.36805555555554, queue:28.585763888888888, delay:0.3517052756415473, throughput:16589
forward model: training agent 0.
Epoch 0: forward train average loss 0.023413256638579898.
epoch 0: forward test average loss 0.026244273616207972.
Epoch 99: forward train average loss 0.007158931034306685.
epoch 99: forward test average loss 0.009903898255692588.
inverse model, training agent 0.
epoch 0: inverse train average loss 0.009543137935300669.
epoch 0: inverse test average loss 0.012115676576892534.
epoch 99: inverse train average loss 0.0075646839621994234.
epoch 99: inverse test average loss 0.01567182607120938.
forward model: training agent 1.
Epoch 0: forward train average loss 0.002476616348657343.
epoch 0: forward test average loss 0.003594205714762211.
Epoch 99: forward train average loss 0.0021327679407679373.
epoch 99: forward test average loss 0.003395982086658478.
inverse model, training agent 1.
epoch 0: inverse train average loss 0.007466935449176365.
epoch 0: inverse test average loss 0.011117251796854867.
epoch 99: inverse train average loss 0.005645485077467229.
epoch 99: inverse test average loss 0.00793422551618682.
forward model: training agent 2.
Epoch 0: forward train average loss 0.00466168402797646.
epoch 0: forward test average loss 0.005150670599606302.
Epoch 99: forward train average loss 0.002734282933589485.
epoch 99: forward test average loss 0.004914759140875604.
inverse model, training agent 2.
epoch 0: inverse train average loss 0.0018417418727444278.
epoch 0: inverse test average loss 0.001370403915643692.
epoch 99: inverse train average loss 0.0013250170482529534.
epoch 99: inverse test average loss 0.0011504155958795713.
forward model: training agent 3.
Epoch 0: forward train average loss 5.143819398201188e-11.
epoch 0: forward test average loss 3.849338864634098e-12.
Epoch 99: forward train average loss 1.4309762287149455e-11.
epoch 99: forward test average loss 4.059464801346261e-11.
inverse model, training agent 3.
epoch 0: inverse train average loss 0.0.
epoch 0: inverse test average loss 0.0.
epoch 99: inverse train average loss 0.0.
epoch 99: inverse test average loss 0.0.
forward model: training agent 4.
Epoch 0: forward train average loss 0.002016540461530288.
epoch 0: forward test average loss 0.002954034134745598.
Epoch 99: forward train average loss 0.0019505023697598113.
epoch 99: forward test average loss 0.0029003391456272867.
inverse model, training agent 4.
epoch 0: inverse train average loss 1.2935028357061482e-10.
epoch 0: inverse test average loss 0.0.
epoch 99: inverse train average loss 3.233758014451224e-11.
epoch 99: inverse test average loss 0.0.
forward model: training agent 5.
Epoch 0: forward train average loss 0.0057899695303705.
epoch 0: forward test average loss 0.00686137109167046.
Epoch 99: forward train average loss 0.0034172694819668927.
epoch 99: forward test average loss 0.006223510536882613.
inverse model, training agent 5.
epoch 0: inverse train average loss 1.740198437892736e-06.
epoch 0: inverse test average loss 5.928996122545666e-05.
epoch 99: inverse train average loss 4.269284852803029e-07.
epoch 99: inverse test average loss 0.0004550140222110915.
forward model: training agent 6.
Epoch 0: forward train average loss 0.00462521178026994.
epoch 0: forward test average loss 0.007723626577191883.
Epoch 99: forward train average loss 0.003979855165299442.
epoch 99: forward test average loss 0.007602253307898839.
inverse model, training agent 6.
epoch 0: inverse train average loss 0.0017204418804289566.
epoch 0: inverse test average loss 0.0013004178439991341.
epoch 99: inverse train average loss 0.0004215443817277749.
epoch 99: inverse test average loss 0.00321254874062207.
forward model: training agent 7.
Epoch 0: forward train average loss 0.004443417613704999.
epoch 0: forward test average loss 0.006722170859575272.
Epoch 99: forward train average loss 0.0034937428103552926.
epoch 99: forward test average loss 0.005918307022915946.
inverse model, training agent 7.
epoch 0: inverse train average loss 0.0019346998176640933.
epoch 0: inverse test average loss 0.002093588208986653.
epoch 99: inverse train average loss 0.0014542890518593292.
epoch 99: inverse test average loss 0.0011008420907374886.
forward model: training agent 8.
Epoch 0: forward train average loss 0.0026052003829843467.
epoch 0: forward test average loss 0.004257311423619588.
Epoch 99: forward train average loss 0.002350013858328263.
epoch 99: forward test average loss 0.004913661215040419.
inverse model, training agent 8.
epoch 0: inverse train average loss 0.0014015048994527508.
epoch 0: inverse test average loss 0.0004221290712141328.
epoch 99: inverse train average loss 0.00012092576192420286.
epoch 99: inverse test average loss 0.0004643403614560763.
forward model: training agent 9.
Epoch 0: forward train average loss 0.004403002767099274.
epoch 0: forward test average loss 0.007309019565582275.
Epoch 99: forward train average loss 0.0040781087138586575.
epoch 99: forward test average loss 0.006353365050421821.
inverse model, training agent 9.
epoch 0: inverse train average loss 1.5296480243244383e-05.
epoch 0: inverse test average loss 2.1213448713691068e-09.
epoch 99: inverse train average loss 3.247981767244094e-07.
epoch 99: inverse test average loss 2.0696052279352747e-10.
forward model: training agent 10.
Epoch 0: forward train average loss 0.004073886873407496.
epoch 0: forward test average loss 0.006558663936124908.
Epoch 99: forward train average loss 0.0037945491882661977.
epoch 99: forward test average loss 0.0066002657016118365.
inverse model, training agent 10.
epoch 0: inverse train average loss 0.0009211719863944583.
epoch 0: inverse test average loss 0.002350991601512457.
epoch 99: inverse train average loss 0.00030810402758005593.
epoch 99: inverse test average loss 0.007652845595859819.
forward model: training agent 11.
Epoch 0: forward train average loss 0.09636447413100137.
epoch 0: forward test average loss 0.12265369627210829.
Epoch 99: forward train average loss 0.006229519326653745.
epoch 99: forward test average loss 0.009952320406834284.
inverse model, training agent 11.
epoch 0: inverse train average loss 0.0010646752800514353.
epoch 0: inverse test average loss 7.480525538186258e-05.
epoch 99: inverse train average loss 0.00011072424442520262.
epoch 99: inverse test average loss 0.000586577892211911.
forward model: training agent 12.
Epoch 0: forward train average loss 0.001602434811906682.
epoch 0: forward test average loss 0.0022014349492059816.
Epoch 99: forward train average loss 0.0014369508458508386.
epoch 99: forward test average loss 0.0020337801219688523.
inverse model, training agent 12.
epoch 0: inverse train average loss 5.795281587950285e-08.
epoch 0: inverse test average loss 1.814011254295009e-07.
epoch 99: inverse train average loss 1.9829087113028738e-08.
epoch 99: inverse test average loss 4.3004436318167586e-07.
forward model: training agent 13.
Epoch 0: forward train average loss 0.0024669489616321195.
epoch 0: forward test average loss 0.0037416863358683055.
Epoch 99: forward train average loss 0.0021313155432128245.
epoch 99: forward test average loss 0.003396130787829558.
inverse model, training agent 13.
epoch 0: inverse train average loss 0.002598497570337107.
epoch 0: inverse test average loss 0.0027913224268761245.
epoch 99: inverse train average loss 0.00043999573164102103.
epoch 99: inverse test average loss 0.0016470690962806758.
forward model: training agent 14.
Epoch 0: forward train average loss 0.005135613700581921.
epoch 0: forward test average loss 0.007058197839392556.
Epoch 99: forward train average loss 0.004468353413459327.
epoch 99: forward test average loss 0.00709029162923495.
inverse model, training agent 14.
epoch 0: inverse train average loss 0.0014998801893347667.
epoch 0: inverse test average loss 0.00030038234803618654.
epoch 99: inverse train average loss 0.0002005436920929545.
epoch 99: inverse test average loss 0.00010173290017216156.
forward model: training agent 15.
Epoch 0: forward train average loss 0.02179932449426916.
epoch 0: forward test average loss 0.029895754324065313.
Epoch 99: forward train average loss 0.004858589938117398.
epoch 99: forward test average loss 0.00865981810622745.
inverse model, training agent 15.
epoch 0: inverse train average loss 0.001995412917393777.
epoch 0: inverse test average loss 0.0037482813673300874.
epoch 99: inverse train average loss 0.0008058011428349548.
epoch 99: inverse test average loss 0.0009466064835174216.
Policy training episode: 76, grounded actions taken: 5760, last two uncertainties: {0: [0.0, 0.0], 1: [0.0, 0.0], 2: [0.0, 0.0], 3: [0.0, 0.0], 4: [0.0, 0.0], 5: [0.0, 0.0], 6: [0.0, 0.0], 7: [0.0, 0.0], 8: [0.0, 0.0], 9: [0.0, 0.0], 10: [0.0, 0.0], 11: [0.0, 0.0], 12: [0.0, 0.0], 13: [0.0, 0.0], 14: [0.0, 0.0], 15: [0.0, 0.0]}, avg agent uncertainties: [0.0, 0.0, 0.0, 0.0, 0.0, 0.0, 0.0, 0.0, 0.0, 0.0, 0.0, 0.0, 0.0, 0.0, 0.0, 0.0], grounded actions by agent: [360, 360, 360, 360, 360, 360, 360, 360, 360, 360, 360, 360, 360, 360, 360, 360]
Policy training episode: 76, iteration 0/1, policy training avg travel time:156.53681919229345, q_loss:89.23949432373047, rewards:-344.6166666666667, queue:23.41371527777778, delay:0.38224898444281685, throughput:20140
Sim Rollout episode:77/100, sim avg travel time:122.07878282617757, rewards:-193.99301215277777, queue:12.584722222222222, delay:0.2669188181559245, throughput:20775
Real rollout step:77/100, travel time:145.7626869730759, rewards:-332.05950520833335, queue:19.062326388888888, delay:0.33740823533799913, throughput:17381
forward model: training agent 0.
Epoch 0: forward train average loss 0.007445482847591241.
epoch 0: forward test average loss 0.01224044586221377.
Epoch 99: forward train average loss 0.004870212740368313.
epoch 99: forward test average loss 0.00933925641907586.
inverse model, training agent 0.
epoch 0: inverse train average loss 0.006728684219221274.
epoch 0: inverse test average loss 0.007587730056709713.
epoch 99: inverse train average loss 0.0034306548639304107.
epoch 99: inverse test average loss 0.004471935331821442.
forward model: training agent 1.
Epoch 0: forward train average loss 0.0024594908787144553.
epoch 0: forward test average loss 0.0036638756800029012.
Epoch 99: forward train average loss 0.002109605637896392.
epoch 99: forward test average loss 0.0042538440061940085.
inverse model, training agent 1.
epoch 0: inverse train average loss 0.007157835798958938.
epoch 0: inverse test average loss 0.009338557306263182.
epoch 99: inverse train average loss 0.0054554832685324885.
epoch 99: inverse test average loss 0.009955111477110121.
forward model: training agent 2.
Epoch 0: forward train average loss 0.0025261728506949213.
epoch 0: forward test average loss 0.004284887885053952.
Epoch 99: forward train average loss 0.002309965176714791.
epoch 99: forward test average loss 0.003917058722840415.
inverse model, training agent 2.
epoch 0: inverse train average loss 0.0013889195688534528.
epoch 0: inverse test average loss 0.0014537069202762926.
epoch 99: inverse train average loss 0.00041323315559162036.
epoch 99: inverse test average loss 0.0019957435369077656.
forward model: training agent 3.
Epoch 0: forward train average loss 1.338524114560042e-11.
epoch 0: forward test average loss 5.654610050838548e-14.
Epoch 99: forward train average loss 4.434203158974902e-11.
epoch 99: forward test average loss 2.717096177680863e-10.
inverse model, training agent 3.
epoch 0: inverse train average loss 0.0.
epoch 0: inverse test average loss 0.0.
epoch 99: inverse train average loss 0.0.
epoch 99: inverse test average loss 0.0.
forward model: training agent 4.
Epoch 0: forward train average loss 0.002215701983206802.
epoch 0: forward test average loss 0.0030828891322016716.
Epoch 99: forward train average loss 0.002010526420134637.
epoch 99: forward test average loss 0.003036811947822571.
inverse model, training agent 4.
epoch 0: inverse train average loss 0.0.
epoch 0: inverse test average loss 0.0.
epoch 99: inverse train average loss 0.0.
epoch 99: inverse test average loss 0.0.
forward model: training agent 5.
Epoch 0: forward train average loss 0.003998111053887341.
epoch 0: forward test average loss 0.007291130721569061.
Epoch 99: forward train average loss 0.0030947871920135287.
epoch 99: forward test average loss 0.006528694389594926.
inverse model, training agent 5.
epoch 0: inverse train average loss 3.7587625257974445e-06.
epoch 0: inverse test average loss 2.483516602246204e-09.
epoch 99: inverse train average loss 1.9941576054647055e-07.
epoch 99: inverse test average loss 1.1408490744694669e-08.
forward model: training agent 6.
Epoch 0: forward train average loss 0.00526079349219799.
epoch 0: forward test average loss 0.008752045532067617.
Epoch 99: forward train average loss 0.004097487156589826.
epoch 99: forward test average loss 0.007951803091499541.
inverse model, training agent 6.
epoch 0: inverse train average loss 0.0006050078793325358.
epoch 0: inverse test average loss 0.001869166683819559.
epoch 99: inverse train average loss 0.00014755484557503628.
epoch 99: inverse test average loss 0.0007853852584958076.
forward model: training agent 7.
Epoch 0: forward train average loss 0.004007231030199263.
epoch 0: forward test average loss 0.00765619758102629.
Epoch 99: forward train average loss 0.0035116666824453408.
epoch 99: forward test average loss 0.006778145415915383.
inverse model, training agent 7.
epoch 0: inverse train average loss 0.003671900679667791.
epoch 0: inverse test average loss 0.010538415362437567.
epoch 99: inverse train average loss 0.0020271395721162357.
epoch 99: inverse test average loss 0.011173166748550203.
forward model: training agent 8.
Epoch 0: forward train average loss 0.0024765123509698445.
epoch 0: forward test average loss 0.004103163464201821.
Epoch 99: forward train average loss 0.0022295821820282275.
epoch 99: forward test average loss 0.00401921673781342.
inverse model, training agent 8.
epoch 0: inverse train average loss 0.0002843339494170828.
epoch 0: inverse test average loss 0.0033488961764507824.
epoch 99: inverse train average loss 8.311130578577932e-05.
epoch 99: inverse test average loss 0.001182687846368127.
forward model: training agent 9.
Epoch 0: forward train average loss 0.004316241273449527.
epoch 0: forward test average loss 0.006675596038500468.
Epoch 99: forward train average loss 0.0038174582231375906.
epoch 99: forward test average loss 0.006677501938409275.
inverse model, training agent 9.
epoch 0: inverse train average loss 1.3646354856307792e-09.
epoch 0: inverse test average loss 2.5870069975120202e-11.
epoch 99: inverse train average loss 1.1447433448694453e-09.
epoch 99: inverse test average loss 2.5870069975120202e-11.
forward model: training agent 10.
Epoch 0: forward train average loss 0.004035306111392047.
epoch 0: forward test average loss 0.006572603351540036.
Epoch 99: forward train average loss 0.003769571944657299.
epoch 99: forward test average loss 0.006053550996714168.
inverse model, training agent 10.
epoch 0: inverse train average loss 0.0010986863021066205.
epoch 0: inverse test average loss 0.008485075836587284.
epoch 99: inverse train average loss 0.0006053315139272147.
epoch 99: inverse test average loss 0.001889583473611209.
forward model: training agent 11.
Epoch 0: forward train average loss 0.011323860122097863.
epoch 0: forward test average loss 0.01734217256307602.
Epoch 99: forward train average loss 0.003934770305123594.
epoch 99: forward test average loss 0.007864229381084442.
inverse model, training agent 11.
epoch 0: inverse train average loss 0.0004901088169491333.
epoch 0: inverse test average loss 0.0001075928216272991.
epoch 99: inverse train average loss 6.704332837317552e-05.
epoch 99: inverse test average loss 4.169234388326812e-05.
forward model: training agent 12.
Epoch 0: forward train average loss 0.0014419516341553794.
epoch 0: forward test average loss 0.0021462535692585837.
Epoch 99: forward train average loss 0.0012322799949389365.
epoch 99: forward test average loss 0.0019815052445564005.
inverse model, training agent 12.
epoch 0: inverse train average loss 6.619838581498369e-07.
epoch 0: inverse test average loss 3.499100304319806e-07.
epoch 99: inverse train average loss 2.0501016970462004e-08.
epoch 99: inverse test average loss 9.830611386658146e-10.
forward model: training agent 13.
Epoch 0: forward train average loss 0.002259638108727005.
epoch 0: forward test average loss 0.003931365493271086.
Epoch 99: forward train average loss 0.002034046868276265.
epoch 99: forward test average loss 0.0037903148267004225.
inverse model, training agent 13.
epoch 0: inverse train average loss 0.0008457920307086573.
epoch 0: inverse test average loss 0.0013421078393649724.
epoch 99: inverse train average loss 0.00018267956006133722.
epoch 99: inverse test average loss 0.0007379450059185425.
forward model: training agent 14.
Epoch 0: forward train average loss 0.004583022246758143.
epoch 0: forward test average loss 0.0069823140899340315.
Epoch 99: forward train average loss 0.004271730521900786.
epoch 99: forward test average loss 0.008407525718212128.
inverse model, training agent 14.
epoch 0: inverse train average loss 0.004616159997466538.
epoch 0: inverse test average loss 0.0042640081568000214.
epoch 99: inverse train average loss 0.0003209744091792446.
epoch 99: inverse test average loss 0.0030097107713421187.
forward model: training agent 15.
Epoch 0: forward train average loss 0.0053018273578749765.
epoch 0: forward test average loss 0.011094083802567588.
Epoch 99: forward train average loss 0.004684084457241827.
epoch 99: forward test average loss 0.008912641555070877.
inverse model, training agent 15.
epoch 0: inverse train average loss 0.0012536755530163646.
epoch 0: inverse test average loss 0.0023562651541497973.
epoch 99: inverse train average loss 0.0008905584367716478.
epoch 99: inverse test average loss 0.0013072634529736307.
Policy training episode: 77, grounded actions taken: 5760, last two uncertainties: {0: [0.0, 0.0], 1: [0.0, 0.0], 2: [0.0, 0.0], 3: [0.0, 0.0], 4: [0.0, 0.0], 5: [0.0, 0.0], 6: [0.0, 0.0], 7: [0.0, 0.0], 8: [0.0, 0.0], 9: [0.0, 0.0], 10: [0.0, 0.0], 11: [0.0, 0.0], 12: [0.0, 0.0], 13: [0.0, 0.0], 14: [0.0, 0.0], 15: [0.0, 0.0]}, avg agent uncertainties: [0.0, 0.0, 0.0, 0.0, 0.0, 0.0, 0.0, 0.0, 0.0, 0.0, 0.0, 0.0, 0.0, 0.0, 0.0, 0.0], grounded actions by agent: [360, 360, 360, 360, 360, 360, 360, 360, 360, 360, 360, 360, 360, 360, 360, 360]
Policy training episode: 77, iteration 0/1, policy training avg travel time:153.05404779547982, q_loss:90.49661254882812, rewards:-310.0530598958333, queue:20.818229166666665, delay:0.3770222557915582, throughput:20398
Sim Rollout episode:78/100, sim avg travel time:121.86716362626169, rewards:-194.56864149305557, queue:12.488888888888889, delay:0.2617878807915582, throughput:20786
Real rollout step:78/100, travel time:190.32407614781636, rewards:-418.66953125, queue:29.16753472222222, delay:0.3491854773627387, throughput:16484
forward model: training agent 0.
Epoch 0: forward train average loss 0.0925066868464152.
epoch 0: forward test average loss 0.12046659323904249.
Epoch 99: forward train average loss 0.005874571080009143.
epoch 99: forward test average loss 0.010041674806012047.
inverse model, training agent 0.
epoch 0: inverse train average loss 0.003906706606762277.
epoch 0: inverse test average loss 0.0023217249351243177.
epoch 99: inverse train average loss 0.002716079612986909.
epoch 99: inverse test average loss 0.0018617638593746556.
forward model: training agent 1.
Epoch 0: forward train average loss 0.0027362810344331795.
epoch 0: forward test average loss 0.004730522632598877.
Epoch 99: forward train average loss 0.00234575225557718.
epoch 99: forward test average loss 0.0044467875527011026.
inverse model, training agent 1.
epoch 0: inverse train average loss 0.007944438606500626.
epoch 0: inverse test average loss 0.01149918677078353.
epoch 99: inverse train average loss 0.006426239075760047.
epoch 99: inverse test average loss 0.014684312045574188.
forward model: training agent 2.
Epoch 0: forward train average loss 0.003919468675222661.
epoch 0: forward test average loss 0.006512712894214524.
Epoch 99: forward train average loss 0.0027106574012173545.
epoch 99: forward test average loss 0.004902992190586196.
inverse model, training agent 2.
epoch 0: inverse train average loss 0.01041231325103177.
epoch 0: inverse test average loss 0.02107286122110155.
epoch 99: inverse train average loss 0.0027859552452961602.
epoch 99: inverse test average loss 0.008836825895640586.
forward model: training agent 3.
Epoch 0: forward train average loss 2.1231233900594523e-10.
epoch 0: forward test average loss 6.429913700244249e-12.
Epoch 99: forward train average loss 4.467701388483455e-12.
epoch 99: forward test average loss 5.50950450385458e-12.
inverse model, training agent 3.
epoch 0: inverse train average loss 0.0.
epoch 0: inverse test average loss 0.0.
epoch 99: inverse train average loss 0.0.
epoch 99: inverse test average loss 0.0.
forward model: training agent 4.
Epoch 0: forward train average loss 0.0021064842585474253.
epoch 0: forward test average loss 0.003228772949013445.
Epoch 99: forward train average loss 0.0020023271596680083.
epoch 99: forward test average loss 0.003736564889550209.
inverse model, training agent 4.
epoch 0: inverse train average loss 3.233758014451224e-11.
epoch 0: inverse test average loss 0.0.
epoch 99: inverse train average loss 1.940255055386962e-11.
epoch 99: inverse test average loss 0.0.
forward model: training agent 5.
Epoch 0: forward train average loss 0.003995212105413278.
epoch 0: forward test average loss 0.006956933066248894.
Epoch 99: forward train average loss 0.0033866724309821925.
epoch 99: forward test average loss 0.005296688112947676.
inverse model, training agent 5.
epoch 0: inverse train average loss 6.986172467706966e-05.
epoch 0: inverse test average loss 1.9091401644762602e-08.
epoch 99: inverse train average loss 1.537157913055075e-06.
epoch 99: inverse test average loss 4.282016258609171e-07.
forward model: training agent 6.
Epoch 0: forward train average loss 0.005544370350738366.
epoch 0: forward test average loss 0.008837190767129263.
Epoch 99: forward train average loss 0.004170638095173571.
epoch 99: forward test average loss 0.007683730787701077.
inverse model, training agent 6.
epoch 0: inverse train average loss 0.0006360782742073449.
epoch 0: inverse test average loss 0.0005051607408353852.
epoch 99: inverse train average loss 8.942626947019663e-05.
epoch 99: inverse test average loss 0.0013421007121602695.
forward model: training agent 7.
Epoch 0: forward train average loss 0.004146039796372254.
epoch 0: forward test average loss 0.0072503214081128435.
Epoch 99: forward train average loss 0.0036521869608097607.
epoch 99: forward test average loss 0.0069448403600189425.
inverse model, training agent 7.
epoch 0: inverse train average loss 0.002179000811237428.
epoch 0: inverse test average loss 0.004393688713510831.
epoch 99: inverse train average loss 0.0012787611146147053.
epoch 99: inverse test average loss 0.0016026637102994653.
forward model: training agent 8.
Epoch 0: forward train average loss 0.0027228321155740153.
epoch 0: forward test average loss 0.004844846410883797.
Epoch 99: forward train average loss 0.0024081583962672288.
epoch 99: forward test average loss 0.00508975051343441.
inverse model, training agent 8.
epoch 0: inverse train average loss 0.00034580552730605833.
epoch 0: inverse test average loss 4.2763808677490386e-05.
epoch 99: inverse train average loss 4.6201354848562914e-06.
epoch 99: inverse test average loss 0.00012645096898545994.
forward model: training agent 9.
Epoch 0: forward train average loss 0.003984944843169715.
epoch 0: forward test average loss 0.006038909571038352.
Epoch 99: forward train average loss 0.003475924539897177.
epoch 99: forward test average loss 0.006850531117783653.
inverse model, training agent 9.
epoch 0: inverse train average loss 9.015141821944184e-08.
epoch 0: inverse test average loss 9.979003436910716e-07.
epoch 99: inverse train average loss 4.26853162538432e-09.
epoch 99: inverse test average loss 3.209468596468115e-06.
forward model: training agent 10.
Epoch 0: forward train average loss 0.00389671568862266.
epoch 0: forward test average loss 0.006439110471142663.
Epoch 99: forward train average loss 0.003613504374192821.
epoch 99: forward test average loss 0.007124593274460899.
inverse model, training agent 10.
epoch 0: inverse train average loss 0.0014672255331081236.
epoch 0: inverse test average loss 0.00022025350012376698.
epoch 99: inverse train average loss 0.0005374328449963488.
epoch 99: inverse test average loss 0.001910630665305588.
forward model: training agent 11.
Epoch 0: forward train average loss 0.1179856260617574.
epoch 0: forward test average loss 0.12026829520861308.
Epoch 99: forward train average loss 0.005866572571297486.
epoch 99: forward test average loss 0.008785054087638855.
inverse model, training agent 11.
epoch 0: inverse train average loss 7.827476838428993e-05.
epoch 0: inverse test average loss 0.00047071583786520123.
epoch 99: inverse train average loss 1.6177449045547593e-05.
epoch 99: inverse test average loss 0.00036115601991089835.
forward model: training agent 12.
Epoch 0: forward train average loss 0.0014489457373403842.
epoch 0: forward test average loss 0.002234506420791149.
Epoch 99: forward train average loss 0.001252105123259955.
epoch 99: forward test average loss 0.002054957931654321.
inverse model, training agent 12.
epoch 0: inverse train average loss 2.4944178762038087e-07.
epoch 0: inverse test average loss 8.485234243633183e-09.
epoch 99: inverse train average loss 1.8497019533331778e-09.
epoch 99: inverse test average loss 3.4438001724386896e-07.
forward model: training agent 13.
Epoch 0: forward train average loss 0.0023778407420549127.
epoch 0: forward test average loss 0.0036384351551532745.
Epoch 99: forward train average loss 0.002077673122079836.
epoch 99: forward test average loss 0.0037487542463673484.
inverse model, training agent 13.
epoch 0: inverse train average loss 0.00015080624305280961.
epoch 0: inverse test average loss 0.002116777416732576.
epoch 99: inverse train average loss 4.627811358659528e-05.
epoch 99: inverse test average loss 0.0012753128014790288.
forward model: training agent 14.
Epoch 0: forward train average loss 0.004716014386051231.
epoch 0: forward test average loss 0.006800751098328167.
Epoch 99: forward train average loss 0.0042879120964143015.
epoch 99: forward test average loss 0.006289283434549968.
inverse model, training agent 14.
epoch 0: inverse train average loss 0.0006095792891250716.
epoch 0: inverse test average loss 0.0002391766433397101.
epoch 99: inverse train average loss 0.00019691963663919724.
epoch 99: inverse test average loss 5.684460079970045e-05.
forward model: training agent 15.
Epoch 0: forward train average loss 0.007444361328250832.
epoch 0: forward test average loss 0.010491360806756549.
Epoch 99: forward train average loss 0.004695149604231119.
epoch 99: forward test average loss 0.008539491643508276.
inverse model, training agent 15.
epoch 0: inverse train average loss 0.0031696107859412828.
epoch 0: inverse test average loss 0.001707735937088728.
epoch 99: inverse train average loss 0.001993828478993641.
epoch 99: inverse test average loss 0.002026730165299442.
Policy training episode: 78, grounded actions taken: 5760, last two uncertainties: {0: [0.0, 0.0], 1: [0.0, 0.0], 2: [0.0, 0.0], 3: [0.0, 0.0], 4: [0.0, 0.0], 5: [0.0, 0.0], 6: [0.0, 0.0], 7: [0.0, 0.0], 8: [0.0, 0.0], 9: [0.0, 0.0], 10: [0.0, 0.0], 11: [0.0, 0.0], 12: [0.0, 0.0], 13: [0.0, 0.0], 14: [0.0, 0.0], 15: [0.0, 0.0]}, avg agent uncertainties: [0.0, 0.0, 0.0, 0.0, 0.0, 0.0, 0.0, 0.0, 0.0, 0.0, 0.0, 0.0, 0.0, 0.0, 0.0, 0.0], grounded actions by agent: [360, 360, 360, 360, 360, 360, 360, 360, 360, 360, 360, 360, 360, 360, 360, 360]
Policy training episode: 78, iteration 0/1, policy training avg travel time:160.43819183919226, q_loss:85.61927032470703, rewards:-335.81141493055554, queue:23.276215277777776, delay:0.35772056579589845, throughput:20320
Sim Rollout episode:79/100, sim avg travel time:121.50611280911365, rewards:-192.39112413194445, queue:12.409375, delay:0.26565077039930557, throughput:20800
Real rollout step:79/100, travel time:173.23076497287724, rewards:-391.23151041666665, queue:25.75625, delay:0.3478800243801541, throughput:16779
forward model: training agent 0.
Epoch 0: forward train average loss 0.012275851021210352.
epoch 0: forward test average loss 0.020834659536679585.
Epoch 99: forward train average loss 0.005096530852218469.
epoch 99: forward test average loss 0.008626391904221641.
inverse model, training agent 0.
epoch 0: inverse train average loss 0.0035663252023773063.
epoch 0: inverse test average loss 0.006090865004807711.
epoch 99: inverse train average loss 0.0026277959243290955.
epoch 99: inverse test average loss 0.005306204729196098.
forward model: training agent 1.
Epoch 0: forward train average loss 0.0028488976984388297.
epoch 0: forward test average loss 0.0033874566563301617.
Epoch 99: forward train average loss 0.0023383492500417763.
epoch 99: forward test average loss 0.0036112149763438436.
inverse model, training agent 1.
epoch 0: inverse train average loss 0.008834231541388564.
epoch 0: inverse test average loss 0.011167378475268682.
epoch 99: inverse train average loss 0.004367547678864664.
epoch 99: inverse test average loss 0.008290100014872022.
forward model: training agent 2.
Epoch 0: forward train average loss 0.00279053481709626.
epoch 0: forward test average loss 0.004350345581769943.
Epoch 99: forward train average loss 0.0025066503116654027.
epoch 99: forward test average loss 0.00426660892036226.
inverse model, training agent 2.
epoch 0: inverse train average loss 0.003453784958562917.
epoch 0: inverse test average loss 0.006254917321105798.
epoch 99: inverse train average loss 0.0025092810133679044.
epoch 99: inverse test average loss 0.008645131770107482.
forward model: training agent 3.
Epoch 0: forward train average loss 3.198775557014227e-12.
epoch 0: forward test average loss 2.0035906768566137e-12.
Epoch 99: forward train average loss 1.682840173634903e-12.
epoch 99: forward test average loss 2.6081955846622862e-12.
inverse model, training agent 3.
epoch 0: inverse train average loss 0.0.
epoch 0: inverse test average loss 0.0.
epoch 99: inverse train average loss 0.0.
epoch 99: inverse test average loss 0.0.
forward model: training agent 4.
Epoch 0: forward train average loss 0.0022707722511970336.
epoch 0: forward test average loss 0.0036301927434073556.
Epoch 99: forward train average loss 0.002102855567096008.
epoch 99: forward test average loss 0.004535354673862457.
inverse model, training agent 4.
epoch 0: inverse train average loss 0.01970472580028905.
epoch 0: inverse test average loss 0.017996321121851604.
epoch 99: inverse train average loss 0.001785511842980567.
epoch 99: inverse test average loss 0.002533214037410087.
forward model: training agent 5.
Epoch 0: forward train average loss 0.004618971556839015.
epoch 0: forward test average loss 0.008319597277376387.
Epoch 99: forward train average loss 0.003302524901098675.
epoch 99: forward test average loss 0.007583972066640854.
inverse model, training agent 5.
epoch 0: inverse train average loss 1.5605269711313793e-05.
epoch 0: inverse test average loss 1.0218543246133372e-08.
epoch 99: inverse train average loss 5.697852168479795e-07.
epoch 99: inverse test average loss 1.0348015654236695e-09.
forward model: training agent 6.
Epoch 0: forward train average loss 0.007709171622991562.
epoch 0: forward test average loss 0.014862933506568273.
Epoch 99: forward train average loss 0.004136048205610778.
epoch 99: forward test average loss 0.007529505838950475.
inverse model, training agent 6.
epoch 0: inverse train average loss 0.0020284277335223225.
epoch 0: inverse test average loss 0.0012832188707155485.
epoch 99: inverse train average loss 0.0004192863254704409.
epoch 99: inverse test average loss 0.0008006438276626997.
forward model: training agent 7.
Epoch 0: forward train average loss 0.003771960735321045.
epoch 0: forward test average loss 0.006760816400249799.
Epoch 99: forward train average loss 0.0034736796903113523.
epoch 99: forward test average loss 0.006706322853763898.
inverse model, training agent 7.
epoch 0: inverse train average loss 0.003239445517667466.
epoch 0: inverse test average loss 0.012625612939397493.
epoch 99: inverse train average loss 0.002024516489149796.
epoch 99: inverse test average loss 0.005082479988535245.
forward model: training agent 8.
Epoch 0: forward train average loss 0.0025650067772302362.
epoch 0: forward test average loss 0.0040894388738605715.
Epoch 99: forward train average loss 0.0023199950551821124.
epoch 99: forward test average loss 0.003331377791861693.
inverse model, training agent 8.
epoch 0: inverse train average loss 0.0005081042800156865.
epoch 0: inverse test average loss 0.0005818893661045069.
epoch 99: inverse train average loss 2.629903974593617e-05.
epoch 99: inverse test average loss 0.00035930318244936643.
forward model: training agent 9.
Epoch 0: forward train average loss 0.004277209130426248.
epoch 0: forward test average loss 0.005848635195030106.
Epoch 99: forward train average loss 0.0036720983787543243.
epoch 99: forward test average loss 0.006552523622910182.
inverse model, training agent 9.
epoch 0: inverse train average loss 0.00021534723045609402.
epoch 0: inverse test average loss 1.2935033291386036e-10.
epoch 99: inverse train average loss 4.441012221667441e-07.
epoch 99: inverse test average loss 2.2248234859350506e-09.
forward model: training agent 10.
Epoch 0: forward train average loss 0.0041834599234991604.
epoch 0: forward test average loss 0.006636893376708031.
Epoch 99: forward train average loss 0.003804678356068002.
epoch 99: forward test average loss 0.00592733443611198.
inverse model, training agent 10.
epoch 0: inverse train average loss 0.0015019732042370986.
epoch 0: inverse test average loss 0.00031962116999137733.
epoch 99: inverse train average loss 0.0003477112792703944.
epoch 99: inverse test average loss 0.0002302751074441605.
forward model: training agent 11.
Epoch 0: forward train average loss 0.02434091063009368.
epoch 0: forward test average loss 0.036917615267965526.
Epoch 99: forward train average loss 0.005681552303334077.
epoch 99: forward test average loss 0.00948123468293084.
inverse model, training agent 11.
epoch 0: inverse train average loss 0.00045565776437999576.
epoch 0: inverse test average loss 0.00032690813491677143.
epoch 99: inverse train average loss 5.633996968552108e-05.
epoch 99: inverse test average loss 0.00017745412262431474.
forward model: training agent 12.
Epoch 0: forward train average loss 0.0014368518152170712.
epoch 0: forward test average loss 0.00214824794481198.
Epoch 99: forward train average loss 0.0013387127546593547.
epoch 99: forward test average loss 0.0022648174522651564.
inverse model, training agent 12.
epoch 0: inverse train average loss 7.650536005635958e-09.
epoch 0: inverse test average loss 2.3541636788119527e-09.
epoch 99: inverse train average loss 1.5522036356858177e-10.
epoch 99: inverse test average loss 5.174013686628756e-11.
forward model: training agent 13.
Epoch 0: forward train average loss 0.00222337124351826.
epoch 0: forward test average loss 0.0036275791418221262.
Epoch 99: forward train average loss 0.002007086424984866.
epoch 99: forward test average loss 0.0037499148812558916.
inverse model, training agent 13.
epoch 0: inverse train average loss 0.0005396786093317334.
epoch 0: inverse test average loss 0.0008420193949455603.
epoch 99: inverse train average loss 0.00021237522418636622.
epoch 99: inverse test average loss 0.001108554987392078.
forward model: training agent 14.
Epoch 0: forward train average loss 0.004360932701577743.
epoch 0: forward test average loss 0.007589378290706211.
Epoch 99: forward train average loss 0.004063422946880261.
epoch 99: forward test average loss 0.008072254558404287.
inverse model, training agent 14.
epoch 0: inverse train average loss 0.0014857306377962232.
epoch 0: inverse test average loss 0.002809815626177523.
epoch 99: inverse train average loss 0.00033684894151519984.
epoch 99: inverse test average loss 0.0012348658055998385.
forward model: training agent 15.
Epoch 0: forward train average loss 0.005316967144608498.
epoch 0: forward test average loss 0.009279069387250476.
Epoch 99: forward train average loss 0.004593047158171733.
epoch 99: forward test average loss 0.007807971288760503.
inverse model, training agent 15.
epoch 0: inverse train average loss 0.0014506956924580866.
epoch 0: inverse test average loss 0.0007983935582968923.
epoch 99: inverse train average loss 0.0010731617156933579.
epoch 99: inverse test average loss 0.0009807096276846197.
Policy training episode: 79, grounded actions taken: 5760, last two uncertainties: {0: [0.0, 0.0], 1: [0.0, 0.0], 2: [0.0, 0.0], 3: [0.0, 0.0], 4: [0.0, 0.0], 5: [0.0, 0.0], 6: [0.0, 0.0], 7: [0.0, 0.0], 8: [0.0, 0.0], 9: [0.0, 0.0], 10: [0.0, 0.0], 11: [0.0, 0.0], 12: [0.0, 0.0], 13: [0.0, 0.0], 14: [0.0, 0.0], 15: [0.0, 0.0]}, avg agent uncertainties: [0.0, 0.0, 0.0, 0.0, 0.0, 0.0, 0.0, 0.0, 0.0, 0.0, 0.0, 0.0, 0.0, 0.0, 0.0, 0.0], grounded actions by agent: [360, 360, 360, 360, 360, 360, 360, 360, 360, 360, 360, 360, 360, 360, 360, 360]
Policy training episode: 79, iteration 0/1, policy training avg travel time:156.36952998379255, q_loss:84.40074920654297, rewards:-319.4523003472222, queue:21.750520833333333, delay:0.3518039279513889, throughput:20384
Sim Rollout episode:80/100, sim avg travel time:227.07072063727307, rewards:-300.3320529513889, queue:31.396006944444444, delay:0.3265507592095269, throughput:19249
Real rollout step:80/100, travel time:187.32191239557463, rewards:-395.7900173611111, queue:28.35121527777778, delay:0.3653969234890408, throughput:16423
forward model: training agent 0.
Epoch 0: forward train average loss 0.8917715946833292.
epoch 0: forward test average loss 1.1982371012369792.
Epoch 99: forward train average loss 0.008405392575595114.
epoch 99: forward test average loss 0.012292456295755174.
inverse model, training agent 0.
epoch 0: inverse train average loss 0.0015525873879798585.
epoch 0: inverse test average loss 0.002154282708134916.
epoch 99: inverse train average loss 0.0011323218544324238.
epoch 99: inverse test average loss 0.0017890431497815168.
forward model: training agent 1.
Epoch 0: forward train average loss 0.8119120995203654.
epoch 0: forward test average loss 0.8106940587361654.
Epoch 99: forward train average loss 0.0022634651718868148.
epoch 99: forward test average loss 0.0037166403813494574.
inverse model, training agent 1.
epoch 0: inverse train average loss 2.195756991704305.
epoch 0: inverse test average loss 3.3605664571126304.
epoch 99: inverse train average loss 0.007562728598713875.
epoch 99: inverse test average loss 0.0169072515434689.
forward model: training agent 2.
Epoch 0: forward train average loss 1.8425909413231745.
epoch 0: forward test average loss 2.173768573337131.
Epoch 99: forward train average loss 0.00527832108653254.
epoch 99: forward test average loss 0.00927389661471049.
inverse model, training agent 2.
epoch 0: inverse train average loss 6.494611860416753e-05.
epoch 0: inverse test average loss 2.3202175927710614e-06.
epoch 99: inverse train average loss 1.5690151334032027e-05.
epoch 99: inverse test average loss 1.0576070255489494e-06.
forward model: training agent 3.
Epoch 0: forward train average loss 1.4184181173354515e-12.
epoch 0: forward test average loss 2.4764854518929034e-12.
Epoch 99: forward train average loss 9.106120333088638e-11.
epoch 99: forward test average loss 7.938235871110225e-11.
inverse model, training agent 3.
epoch 0: inverse train average loss 0.0.
epoch 0: inverse test average loss 0.0.
epoch 99: inverse train average loss 0.0.
epoch 99: inverse test average loss 0.0.
forward model: training agent 4.
Epoch 0: forward train average loss 0.00211120306307243.
epoch 0: forward test average loss 0.0035989879527025754.
Epoch 99: forward train average loss 0.002079539414909151.
epoch 99: forward test average loss 0.00298503331012196.
inverse model, training agent 4.
epoch 0: inverse train average loss 0.009247470854057206.
epoch 0: inverse test average loss 0.030363597803645663.
epoch 99: inverse train average loss 0.004813713745938407.
epoch 99: inverse test average loss 0.012598010814852185.
forward model: training agent 5.
Epoch 0: forward train average loss 0.0036877019641300044.
epoch 0: forward test average loss 0.006098784506320953.
Epoch 99: forward train average loss 0.003187355999317434.
epoch 99: forward test average loss 0.005915074712700314.
inverse model, training agent 5.
epoch 0: inverse train average loss 0.000130516929492804.
epoch 0: inverse test average loss 2.84570342598853e-09.
epoch 99: inverse train average loss 2.9526618139128245e-06.
epoch 99: inverse test average loss 1.1266096559362874e-07.
forward model: training agent 6.
Epoch 0: forward train average loss 0.006604708213773038.
epoch 0: forward test average loss 0.012410829050673379.
Epoch 99: forward train average loss 0.004256539046764374.
epoch 99: forward test average loss 0.008298478606674407.
inverse model, training agent 6.
epoch 0: inverse train average loss 0.001344463464597033.
epoch 0: inverse test average loss 0.001216374323121272.
epoch 99: inverse train average loss 0.0002930758200818673.
epoch 99: inverse test average loss 0.0005789870111685661.
forward model: training agent 7.
Epoch 0: forward train average loss 0.0043434579856693745.
epoch 0: forward test average loss 0.00743269423643748.
Epoch 99: forward train average loss 0.0037185572501685885.
epoch 99: forward test average loss 0.007661204578147994.
inverse model, training agent 7.
epoch 0: inverse train average loss 0.003199459933158424.
epoch 0: inverse test average loss 0.00227762246504426.
epoch 99: inverse train average loss 0.002513042599376705.
epoch 99: inverse test average loss 0.004445098961393039.
forward model: training agent 8.
Epoch 0: forward train average loss 0.0034008632517523235.
epoch 0: forward test average loss 0.004941206839349534.
Epoch 99: forward train average loss 0.0028385714006920657.
epoch 99: forward test average loss 0.004169086615244548.
inverse model, training agent 8.
epoch 0: inverse train average loss 0.009776385811467966.
epoch 0: inverse test average loss 0.015863969094223447.
epoch 99: inverse train average loss 0.0027210497193866307.
epoch 99: inverse test average loss 0.0032674262507094275.
forward model: training agent 9.
Epoch 0: forward train average loss 0.005166442030005985.
epoch 0: forward test average loss 0.006691399961709976.
Epoch 99: forward train average loss 0.0044311888826390105.
epoch 99: forward test average loss 0.007915707098113166.
inverse model, training agent 9.
epoch 0: inverse train average loss 1.571602733754476e-09.
epoch 0: inverse test average loss 2.3283062977608182e-10.
epoch 99: inverse train average loss 1.3646429572775374e-09.
epoch 99: inverse test average loss 2.3283062977608182e-10.
forward model: training agent 10.
Epoch 0: forward train average loss 0.003871489678406053.
epoch 0: forward test average loss 0.006195138932930099.
Epoch 99: forward train average loss 0.0035378599746359717.
epoch 99: forward test average loss 0.006121651166015201.
inverse model, training agent 10.
epoch 0: inverse train average loss 0.0006661173602980045.
epoch 0: inverse test average loss 0.0017786983954566596.
epoch 99: inverse train average loss 0.0001228430822569256.
epoch 99: inverse test average loss 0.0009116776248750588.
forward model: training agent 11.
Epoch 0: forward train average loss 0.01128430850803852.
epoch 0: forward test average loss 0.01396443529261483.
Epoch 99: forward train average loss 0.003545863502141502.
epoch 99: forward test average loss 0.006372546570168601.
inverse model, training agent 11.
epoch 0: inverse train average loss 0.04547029361128807.
epoch 0: inverse test average loss 0.18494710657331678.
epoch 99: inverse train average loss 0.004204804646886057.
epoch 99: inverse test average loss 0.02536712379919158.
forward model: training agent 12.
Epoch 0: forward train average loss 0.0015278964355174038.
epoch 0: forward test average loss 0.00227156581564082.
Epoch 99: forward train average loss 0.0013082666555419564.
epoch 99: forward test average loss 0.0017830969558821784.
inverse model, training agent 12.
epoch 0: inverse train average loss 1.2869038604047656e-08.
epoch 0: inverse test average loss 0.003857379158337911.
epoch 99: inverse train average loss 3.363106028232544e-10.
epoch 99: inverse test average loss 0.03563181567005812.
forward model: training agent 13.
Epoch 0: forward train average loss 0.0023517656502210433.
epoch 0: forward test average loss 0.003969931768046485.
Epoch 99: forward train average loss 0.002102062545923723.
epoch 99: forward test average loss 0.0032884162954158252.
inverse model, training agent 13.
epoch 0: inverse train average loss 0.00017360951076423388.
epoch 0: inverse test average loss 1.9608813292709077e-05.
epoch 99: inverse train average loss 1.784741177996491e-05.
epoch 99: inverse test average loss 1.05294467276609e-05.
forward model: training agent 14.
Epoch 0: forward train average loss 0.004628778849211004.
epoch 0: forward test average loss 0.007620082133346134.
Epoch 99: forward train average loss 0.004207006138232019.
epoch 99: forward test average loss 0.006881939868132274.
inverse model, training agent 14.
epoch 0: inverse train average loss 0.0010407997760921717.
epoch 0: inverse test average loss 0.0007725728468762503.
epoch 99: inverse train average loss 0.00014374286992177885.
epoch 99: inverse test average loss 9.795677356628908e-05.
forward model: training agent 15.
Epoch 0: forward train average loss 0.008253715414967801.
epoch 0: forward test average loss 0.010775364935398102.
Epoch 99: forward train average loss 0.004305632578002082.
epoch 99: forward test average loss 0.007626702388127645.
inverse model, training agent 15.
epoch 0: inverse train average loss 0.005157976411283016.
epoch 0: inverse test average loss 0.0032644691495483536.
epoch 99: inverse train average loss 0.0006845867222485443.
epoch 99: inverse test average loss 0.0006219029633535279.
Policy training episode: 80, grounded actions taken: 5760, last two uncertainties: {0: [0.0, 0.0], 1: [0.0, 0.0], 2: [0.0, 0.0], 3: [0.0, 0.0], 4: [0.0, 0.0], 5: [0.0, 0.0], 6: [0.0, 0.0], 7: [0.0, 0.0], 8: [0.0, 0.0], 9: [0.0, 0.0], 10: [0.0, 0.0], 11: [0.0, 0.0], 12: [0.0, 0.0], 13: [0.0, 0.0], 14: [0.0, 0.0], 15: [0.0, 0.0]}, avg agent uncertainties: [0.0, 0.0, 0.0, 0.0, 0.0, 0.0, 0.0, 0.0, 0.0, 0.0, 0.0, 0.0, 0.0, 0.0, 0.0, 0.0], grounded actions by agent: [360, 360, 360, 360, 360, 360, 360, 360, 360, 360, 360, 360, 360, 360, 360, 360]
Policy training episode: 80, iteration 0/1, policy training avg travel time:216.18635668966795, q_loss:77.45991516113281, rewards:-366.50755208333334, queue:29.523611111111112, delay:0.40035358005099825, throughput:19603
Sim Rollout episode:81/100, sim avg travel time:121.19827745878867, rewards:-195.01918402777778, queue:12.451736111111112, delay:0.2699480692545573, throughput:20780
Real rollout step:81/100, travel time:137.29589056027905, rewards:-310.3706163194444, queue:16.670833333333334, delay:0.324801402621799, throughput:17446
forward model: training agent 0.
Epoch 0: forward train average loss 0.00937055516988039.
epoch 0: forward test average loss 0.016314305365085602.
Epoch 99: forward train average loss 0.00495150944011079.
epoch 99: forward test average loss 0.009536305235491859.
inverse model, training agent 0.
epoch 0: inverse train average loss 0.0016125163529068232.
epoch 0: inverse test average loss 0.0016509319862557782.
epoch 99: inverse train average loss 2.719206572186926e-05.
epoch 99: inverse test average loss 5.01392993707365e-05.
forward model: training agent 1.
Epoch 0: forward train average loss 0.003248850659777721.
epoch 0: forward test average loss 0.003930738609698083.
Epoch 99: forward train average loss 0.002430159339888228.
epoch 99: forward test average loss 0.0036296535076366532.
inverse model, training agent 1.
epoch 0: inverse train average loss 0.11243229773309496.
epoch 0: inverse test average loss 0.17826648553212485.
epoch 99: inverse train average loss 0.0012876494891113704.
epoch 99: inverse test average loss 0.0012089857805727257.
forward model: training agent 2.
Epoch 0: forward train average loss 0.004311876216282447.
epoch 0: forward test average loss 0.0061052410552899046.
Epoch 99: forward train average loss 0.002535897151877483.
epoch 99: forward test average loss 0.003966399365001255.
inverse model, training agent 2.
epoch 0: inverse train average loss 0.0032194115531941256.
epoch 0: inverse test average loss 0.003225767571065161.
epoch 99: inverse train average loss 0.0019299272421954407.
epoch 99: inverse test average loss 0.0035801739949319097.
forward model: training agent 3.
Epoch 0: forward train average loss 5.875379927947992e-11.
epoch 0: forward test average loss 2.6111634459585136e-11.
Epoch 99: forward train average loss 1.8694705698608774e-11.
epoch 99: forward test average loss 1.6407870432703458e-11.
inverse model, training agent 3.
epoch 0: inverse train average loss 0.0.
epoch 0: inverse test average loss 0.0.
epoch 99: inverse train average loss 0.0.
epoch 99: inverse test average loss 0.0.
forward model: training agent 4.
Epoch 0: forward train average loss 0.0024109253297663396.
epoch 0: forward test average loss 0.00407387481795417.
Epoch 99: forward train average loss 0.002163476931552092.
epoch 99: forward test average loss 0.0037571972029076684.
inverse model, training agent 4.
epoch 0: inverse train average loss 0.003343843337562349.
epoch 0: inverse test average loss 0.005590655530492465.
epoch 99: inverse train average loss 8.886626346793491e-06.
epoch 99: inverse test average loss 1.0001022423643411e-05.
forward model: training agent 5.
Epoch 0: forward train average loss 0.004049885345415937.
epoch 0: forward test average loss 0.005555529147386551.
Epoch 99: forward train average loss 0.003200254506535.
epoch 99: forward test average loss 0.006325304301248657.
inverse model, training agent 5.
epoch 0: inverse train average loss 8.783479640644348e-05.
epoch 0: inverse test average loss 7.770866957596607e-05.
epoch 99: inverse train average loss 1.9113859934805078e-06.
epoch 99: inverse test average loss 0.00024227552219397493.
forward model: training agent 6.
Epoch 0: forward train average loss 0.005046025125516785.
epoch 0: forward test average loss 0.007794651099377208.
Epoch 99: forward train average loss 0.004078499196718137.
epoch 99: forward test average loss 0.006914270213908619.
inverse model, training agent 6.
epoch 0: inverse train average loss 0.0006122808586547358.
epoch 0: inverse test average loss 0.0012434879770605927.
epoch 99: inverse train average loss 0.00014599284056910418.
epoch 99: inverse test average loss 0.0013699321981322202.
forward model: training agent 7.
Epoch 0: forward train average loss 0.004002851020130847.
epoch 0: forward test average loss 0.006813756086760097.
Epoch 99: forward train average loss 0.0035067876386973592.
epoch 99: forward test average loss 0.006274990116556485.
inverse model, training agent 7.
epoch 0: inverse train average loss 0.0023133026487711403.
epoch 0: inverse test average loss 0.0033707264810800552.
epoch 99: inverse train average loss 0.002387529601239496.
epoch 99: inverse test average loss 0.003921265196469095.
forward model: training agent 8.
Epoch 0: forward train average loss 0.002930478451566564.
epoch 0: forward test average loss 0.004949164680308766.
Epoch 99: forward train average loss 0.002661036586181985.
epoch 99: forward test average loss 0.005263529510961639.
inverse model, training agent 8.
epoch 0: inverse train average loss 0.002763737588086062.
epoch 0: inverse test average loss 0.011168796155187819.
epoch 99: inverse train average loss 0.00045374738243077043.
epoch 99: inverse test average loss 0.000408238629764431.
forward model: training agent 9.
Epoch 0: forward train average loss 0.00404482495246662.
epoch 0: forward test average loss 0.0067920345399114825.
Epoch 99: forward train average loss 0.0035060118987328475.
epoch 99: forward test average loss 0.006306931790378358.
inverse model, training agent 9.
epoch 0: inverse train average loss 2.1785300348080756e-05.
epoch 0: inverse test average loss 8.174925427953086e-09.
epoch 99: inverse train average loss 4.45587484810951e-08.
epoch 99: inverse test average loss 7.709145519483071e-09.
forward model: training agent 10.
Epoch 0: forward train average loss 0.0040247694382237065.
epoch 0: forward test average loss 0.006726713644133674.
Epoch 99: forward train average loss 0.0036108832185467086.
epoch 99: forward test average loss 0.006419117872913678.
inverse model, training agent 10.
epoch 0: inverse train average loss 0.0006412749579693708.
epoch 0: inverse test average loss 0.0014915626703037156.
epoch 99: inverse train average loss 0.0001816230473600121.
epoch 99: inverse test average loss 0.0006243683714678304.
forward model: training agent 11.
Epoch 0: forward train average loss 0.004220507728556792.
epoch 0: forward test average loss 0.007034631652964486.
Epoch 99: forward train average loss 0.0034409361477527353.
epoch 99: forward test average loss 0.006179529552658399.
inverse model, training agent 11.
epoch 0: inverse train average loss 0.0017324784132344779.
epoch 0: inverse test average loss 0.0005531197671694423.
epoch 99: inverse train average loss 0.00042121892733525275.
epoch 99: inverse test average loss 0.0044589779443211025.
forward model: training agent 12.
Epoch 0: forward train average loss 0.0014194739827265341.
epoch 0: forward test average loss 0.001866786688980129.
Epoch 99: forward train average loss 0.0013043172916190492.
epoch 99: forward test average loss 0.0027055764156911108.
inverse model, training agent 12.
epoch 0: inverse train average loss 0.010014545275933213.
epoch 0: inverse test average loss 0.010712511837482452.
epoch 99: inverse train average loss 0.0012000810206195132.
epoch 99: inverse test average loss 0.015275942989521556.
forward model: training agent 13.
Epoch 0: forward train average loss 0.002252673756124245.
epoch 0: forward test average loss 0.0037268497463729647.
Epoch 99: forward train average loss 0.002006791816610429.
epoch 99: forward test average loss 0.0037340677032868066.
inverse model, training agent 13.
epoch 0: inverse train average loss 6.652938140582087e-05.
epoch 0: inverse test average loss 0.002392635990064365.
epoch 99: inverse train average loss 1.3264623602380096e-05.
epoch 99: inverse test average loss 0.002748256747647954.
forward model: training agent 14.
Epoch 0: forward train average loss 0.004426093358132575.
epoch 0: forward test average loss 0.007378286371628444.
Epoch 99: forward train average loss 0.004021730739623308.
epoch 99: forward test average loss 0.006880621736248334.
inverse model, training agent 14.
epoch 0: inverse train average loss 0.002968146905509962.
epoch 0: inverse test average loss 0.0017277489071905923.
epoch 99: inverse train average loss 0.000545605907164928.
epoch 99: inverse test average loss 0.0010084658667134743.
forward model: training agent 15.
Epoch 0: forward train average loss 0.007439356918136279.
epoch 0: forward test average loss 0.010102459539969763.
Epoch 99: forward train average loss 0.004358856369637781.
epoch 99: forward test average loss 0.008315220475196838.
inverse model, training agent 15.
epoch 0: inverse train average loss 0.0025845079087755745.
epoch 0: inverse test average loss 0.0008226204663515091.
epoch 99: inverse train average loss 0.000893417988360549.
epoch 99: inverse test average loss 0.0003444030185669868.
Policy training episode: 81, grounded actions taken: 5760, last two uncertainties: {0: [0.0, 0.0], 1: [0.0, 0.0], 2: [0.0, 0.0], 3: [0.0, 0.0], 4: [0.0, 0.0], 5: [0.0, 0.0], 6: [0.0, 0.0], 7: [0.0, 0.0], 8: [0.0, 0.0], 9: [0.0, 0.0], 10: [0.0, 0.0], 11: [0.0, 0.0], 12: [0.0, 0.0], 13: [0.0, 0.0], 14: [0.0, 0.0], 15: [0.0, 0.0]}, avg agent uncertainties: [0.0, 0.0, 0.0, 0.0, 0.0, 0.0, 0.0, 0.0, 0.0, 0.0, 0.0, 0.0, 0.0, 0.0, 0.0, 0.0], grounded actions by agent: [360, 360, 360, 360, 360, 360, 360, 360, 360, 360, 360, 360, 360, 360, 360, 360]
Policy training episode: 81, iteration 0/1, policy training avg travel time:149.47416427446987, q_loss:76.96923065185547, rewards:-296.66026475694446, queue:19.303819444444443, delay:0.3425448947482639, throughput:20442
Sim Rollout episode:82/100, sim avg travel time:121.70965501273443, rewards:-193.11193576388888, queue:12.589930555555556, delay:0.26956941816541885, throughput:20784
Real rollout step:82/100, travel time:138.73487991266376, rewards:-307.59947916666664, queue:16.943402777777777, delay:0.3274452633327908, throughput:17425
forward model: training agent 0.
Epoch 0: forward train average loss 0.005503585251669089.
epoch 0: forward test average loss 0.008696986155377494.
Epoch 99: forward train average loss 0.0048130301551686395.
epoch 99: forward test average loss 0.007151795137259696.
inverse model, training agent 0.
epoch 0: inverse train average loss 0.0032571599068534044.
epoch 0: inverse test average loss 0.0029041766033009887.
epoch 99: inverse train average loss 0.0008567541048655079.
epoch 99: inverse test average loss 0.0018064857770999272.
forward model: training agent 1.
Epoch 0: forward train average loss 0.002544079545057482.
epoch 0: forward test average loss 0.004030518751177523.
Epoch 99: forward train average loss 0.002298057596716616.
epoch 99: forward test average loss 0.004520852739612262.
inverse model, training agent 1.
epoch 0: inverse train average loss 0.002269918823407756.
epoch 0: inverse test average loss 0.0037738807085487577.
epoch 99: inverse train average loss 0.0006493900630933543.
epoch 99: inverse test average loss 0.0010688729687697357.
forward model: training agent 2.
Epoch 0: forward train average loss 0.00259983337794741.
epoch 0: forward test average loss 0.005273910653260019.
Epoch 99: forward train average loss 0.002385842458655437.
epoch 99: forward test average loss 0.005498672732048565.
inverse model, training agent 2.
epoch 0: inverse train average loss 0.0015750656990955274.
epoch 0: inverse test average loss 0.0034946368800269235.
epoch 99: inverse train average loss 0.0010180787260954578.
epoch 99: inverse test average loss 0.002668190650486698.
forward model: training agent 3.
Epoch 0: forward train average loss 1.1806857587005275e-11.
epoch 0: forward test average loss 2.3285663520845726e-11.
Epoch 99: forward train average loss 5.5833631699512644e-11.
epoch 99: forward test average loss 3.238051185208393e-11.
inverse model, training agent 3.
epoch 0: inverse train average loss 0.0.
epoch 0: inverse test average loss 0.0.
epoch 99: inverse train average loss 0.0.
epoch 99: inverse test average loss 0.0.
forward model: training agent 4.
Epoch 0: forward train average loss 0.0027753149366213214.
epoch 0: forward test average loss 0.004689402878284454.
Epoch 99: forward train average loss 0.0022926863748580217.
epoch 99: forward test average loss 0.003312765827609433.
inverse model, training agent 4.
epoch 0: inverse train average loss 0.02664963487121794.
epoch 0: inverse test average loss 0.04656309551662869.
epoch 99: inverse train average loss 0.005455701767156522.
epoch 99: inverse test average loss 0.010813158833318286.
forward model: training agent 5.
Epoch 0: forward train average loss 0.0043582808122866684.
epoch 0: forward test average loss 0.0074333906587627195.
Epoch 99: forward train average loss 0.003345964631686608.
epoch 99: forward test average loss 0.005321827820605702.
inverse model, training agent 5.
epoch 0: inverse train average loss 0.0006187250245596296.
epoch 0: inverse test average loss 1.2935033291386036e-10.
epoch 99: inverse train average loss 6.624926118092844e-05.
epoch 99: inverse test average loss 9.459138854910836e-07.
forward model: training agent 6.
Epoch 0: forward train average loss 0.004666538909077644.
epoch 0: forward test average loss 0.007739342335197661.
Epoch 99: forward train average loss 0.003947109242694246.
epoch 99: forward test average loss 0.006785479891631339.
inverse model, training agent 6.
epoch 0: inverse train average loss 0.00044465048833646707.
epoch 0: inverse test average loss 0.001186099731259876.
epoch 99: inverse train average loss 0.00010671596424395425.
epoch 99: inverse test average loss 0.001410705710036887.
forward model: training agent 7.
Epoch 0: forward train average loss 0.003853902220726013.
epoch 0: forward test average loss 0.006240413213769595.
Epoch 99: forward train average loss 0.0034952860636015735.
epoch 99: forward test average loss 0.005373728772004445.
inverse model, training agent 7.
epoch 0: inverse train average loss 0.004588665906339884.
epoch 0: inverse test average loss 0.006301500317123201.
epoch 99: inverse train average loss 0.0035096428667505584.
epoch 99: inverse test average loss 0.005141286800305049.
forward model: training agent 8.
Epoch 0: forward train average loss 0.0027020559128787783.
epoch 0: forward test average loss 0.003459818143811491.
Epoch 99: forward train average loss 0.002330779227324658.
epoch 99: forward test average loss 0.004061126667592261.
inverse model, training agent 8.
epoch 0: inverse train average loss 0.0021062277438532975.
epoch 0: inverse test average loss 0.00036462743042243854.
epoch 99: inverse train average loss 0.0010748292293606533.
epoch 99: inverse test average loss 0.000157655447967247.
forward model: training agent 9.
Epoch 0: forward train average loss 0.0039280736818909645.
epoch 0: forward test average loss 0.005962792577015029.
Epoch 99: forward train average loss 0.0035894171127842534.
epoch 99: forward test average loss 0.006273936894204881.
inverse model, training agent 9.
epoch 0: inverse train average loss 4.8783810718282405e-08.
epoch 0: inverse test average loss 3.323171727566255e-05.
epoch 99: inverse train average loss 5.762447235429452e-09.
epoch 99: inverse test average loss 1.171616006306269e-05.
forward model: training agent 10.
Epoch 0: forward train average loss 0.004141240691145261.
epoch 0: forward test average loss 0.007015147970782386.
Epoch 99: forward train average loss 0.003767856138033999.
epoch 99: forward test average loss 0.0064152491589387255.
inverse model, training agent 10.
epoch 0: inverse train average loss 0.0004885840454436322.
epoch 0: inverse test average loss 0.0007888465447144376.
epoch 99: inverse train average loss 0.00011098393264950978.
epoch 99: inverse test average loss 0.0005401645741787635.
forward model: training agent 11.
Epoch 0: forward train average loss 0.0037425697470704713.
epoch 0: forward test average loss 0.005877067231469684.
Epoch 99: forward train average loss 0.0033175949938595295.
epoch 99: forward test average loss 0.0052541109422842664.
inverse model, training agent 11.
epoch 0: inverse train average loss 0.0008355609748428429.
epoch 0: inverse test average loss 0.00023238946515549388.
epoch 99: inverse train average loss 0.00011482315878513166.
epoch 99: inverse test average loss 0.00020129452200023934.
forward model: training agent 12.
Epoch 0: forward train average loss 0.0015117980332838164.
epoch 0: forward test average loss 0.0019339392893016338.
Epoch 99: forward train average loss 0.0013617934245202276.
epoch 99: forward test average loss 0.0019112774688336584.
inverse model, training agent 12.
epoch 0: inverse train average loss 0.001800050134382521.
epoch 0: inverse test average loss 0.0001865348442354136.
epoch 99: inverse train average loss 0.001257608494294497.
epoch 99: inverse test average loss 0.00013073405393192338.
forward model: training agent 13.
Epoch 0: forward train average loss 0.002367887102688352.
epoch 0: forward test average loss 0.0032189244197474588.
Epoch 99: forward train average loss 0.002070334688242939.
epoch 99: forward test average loss 0.003557048841483063.
inverse model, training agent 13.
epoch 0: inverse train average loss 0.003389462175195806.
epoch 0: inverse test average loss 0.01364791372441232.
epoch 99: inverse train average loss 0.00031393990826068655.
epoch 99: inverse test average loss 0.004177307399610679.
forward model: training agent 14.
Epoch 0: forward train average loss 0.004383923175434272.
epoch 0: forward test average loss 0.00718383573823505.
Epoch 99: forward train average loss 0.0041331313033070825.
epoch 99: forward test average loss 0.007244939191473855.
inverse model, training agent 14.
epoch 0: inverse train average loss 0.0008074525879540791.
epoch 0: inverse test average loss 0.0017397725023329258.
epoch 99: inverse train average loss 0.0003503798232284478.
epoch 99: inverse test average loss 0.0013392361191411812.
forward model: training agent 15.
Epoch 0: forward train average loss 0.006599702147973908.
epoch 0: forward test average loss 0.009450765119658576.
Epoch 99: forward train average loss 0.00422815073074566.
epoch 99: forward test average loss 0.00739429353011979.
inverse model, training agent 15.
epoch 0: inverse train average loss 0.002390446839854121.
epoch 0: inverse test average loss 0.0023584627649850315.
epoch 99: inverse train average loss 0.0012279338229240642.
epoch 99: inverse test average loss 0.0017230142839252949.
Policy training episode: 82, grounded actions taken: 5760, last two uncertainties: {0: [0.0, 0.0], 1: [0.0, 0.0], 2: [0.0, 0.0], 3: [0.0, 0.0], 4: [0.0, 0.0], 5: [0.0, 0.0], 6: [0.0, 0.0], 7: [0.0, 0.0], 8: [0.0, 0.0], 9: [0.0, 0.0], 10: [0.0, 0.0], 11: [0.0, 0.0], 12: [0.0, 0.0], 13: [0.0, 0.0], 14: [0.0, 0.0], 15: [0.0, 0.0]}, avg agent uncertainties: [0.0, 0.0, 0.0, 0.0, 0.0, 0.0, 0.0, 0.0, 0.0, 0.0, 0.0, 0.0, 0.0, 0.0, 0.0, 0.0], grounded actions by agent: [360, 360, 360, 360, 360, 360, 360, 360, 360, 360, 360, 360, 360, 360, 360, 360]
Policy training episode: 82, iteration 0/1, policy training avg travel time:148.87949798545824, q_loss:70.03178405761719, rewards:-286.21024305555557, queue:18.986284722222223, delay:0.32358534071180556, throughput:20468
Sim Rollout episode:83/100, sim avg travel time:121.87898295665062, rewards:-191.63860677083332, queue:12.558333333333334, delay:0.26310335795084633, throughput:20779
Real rollout step:83/100, travel time:144.28425536562722, rewards:-330.03444010416666, queue:18.441493055555554, delay:0.32577718098958336, throughput:17352
forward model: training agent 0.
Epoch 0: forward train average loss 0.00590739409542746.
epoch 0: forward test average loss 0.009774041258626513.
Epoch 99: forward train average loss 0.004630932118743658.
epoch 99: forward test average loss 0.008724753227498796.
inverse model, training agent 0.
epoch 0: inverse train average loss 0.0005927911649147669.
epoch 0: inverse test average loss 0.0009520620935493045.
epoch 99: inverse train average loss 4.047980453631478e-05.
epoch 99: inverse test average loss 6.114501997621523e-05.
forward model: training agent 1.
Epoch 0: forward train average loss 0.002563759736302826.
epoch 0: forward test average loss 0.004561369617780049.
Epoch 99: forward train average loss 0.0022435950943165356.
epoch 99: forward test average loss 0.004558614144722621.
inverse model, training agent 1.
epoch 0: inverse train average loss 0.0018353929691430596.
epoch 0: inverse test average loss 0.007052885782387521.
epoch 99: inverse train average loss 0.0014026834687683731.
epoch 99: inverse test average loss 0.002644770313054323.
forward model: training agent 2.
Epoch 0: forward train average loss 0.0026124766510393885.
epoch 0: forward test average loss 0.0043653996868266.
Epoch 99: forward train average loss 0.002350982770116793.
epoch 99: forward test average loss 0.004455457338028484.
inverse model, training agent 2.
epoch 0: inverse train average loss 0.001028451428283006.
epoch 0: inverse test average loss 0.0019873204744524425.
epoch 99: inverse train average loss 0.0005877413204871118.
epoch 99: inverse test average loss 0.0028951565424601236.
forward model: training agent 3.
Epoch 0: forward train average loss 2.7473092377439112e-11.
epoch 0: forward test average loss 7.000613052217848e-11.
Epoch 99: forward train average loss 1.9917955739606752e-11.
epoch 99: forward test average loss 2.934527158308479e-11.
inverse model, training agent 3.
epoch 0: inverse train average loss 0.0.
epoch 0: inverse test average loss 0.0.
epoch 99: inverse train average loss 0.0.
epoch 99: inverse test average loss 0.0.
forward model: training agent 4.
Epoch 0: forward train average loss 0.002516716511713134.
epoch 0: forward test average loss 0.0038501653406355116.
Epoch 99: forward train average loss 0.002193614581806792.
epoch 99: forward test average loss 0.0028771343123581675.
inverse model, training agent 4.
epoch 0: inverse train average loss 0.007574374580548869.
epoch 0: inverse test average loss 0.008778123495479425.
epoch 99: inverse train average loss 0.00505469905005561.
epoch 99: inverse test average loss 0.006630792592962583.
forward model: training agent 5.
Epoch 0: forward train average loss 0.004041311331093311.
epoch 0: forward test average loss 0.010851669642660353.
Epoch 99: forward train average loss 0.003329345490783453.
epoch 99: forward test average loss 0.008125612719191445.
inverse model, training agent 5.
epoch 0: inverse train average loss 4.0580105355224485e-05.
epoch 0: inverse test average loss 1.7937074600935273e-07.
epoch 99: inverse train average loss 5.438207381303073e-06.
epoch 99: inverse test average loss 7.601486105260038e-07.
forward model: training agent 6.
Epoch 0: forward train average loss 0.005145533113843865.
epoch 0: forward test average loss 0.007443545593155755.
Epoch 99: forward train average loss 0.004371520338786973.
epoch 99: forward test average loss 0.007523042460282643.
inverse model, training agent 6.
epoch 0: inverse train average loss 0.0005435975747079485.
epoch 0: inverse test average loss 0.0010702857333752844.
epoch 99: inverse train average loss 0.0001842776982812211.
epoch 99: inverse test average loss 0.0008818773155023033.
forward model: training agent 7.
Epoch 0: forward train average loss 0.008941724999911256.
epoch 0: forward test average loss 0.010050634957022138.
Epoch 99: forward train average loss 0.004051390569657087.
epoch 99: forward test average loss 0.006076921398440997.
inverse model, training agent 7.
epoch 0: inverse train average loss 0.004733616227491034.
epoch 0: inverse test average loss 0.00856068730354309.
epoch 99: inverse train average loss 0.003317614215322667.
epoch 99: inverse test average loss 0.003084080811176035.
forward model: training agent 8.
Epoch 0: forward train average loss 0.0050617291902502375.
epoch 0: forward test average loss 0.005910857270161311.
Epoch 99: forward train average loss 0.0033367295852965778.
epoch 99: forward test average loss 0.006189500706063377.
inverse model, training agent 8.
epoch 0: inverse train average loss 0.0012638008855800661.
epoch 0: inverse test average loss 0.0007657583832446511.
epoch 99: inverse train average loss 0.0004976721506358848.
epoch 99: inverse test average loss 0.004357078888763984.
forward model: training agent 9.
Epoch 0: forward train average loss 0.004342691869371467.
epoch 0: forward test average loss 0.006274927200542556.
Epoch 99: forward train average loss 0.003922834371527036.
epoch 99: forward test average loss 0.0063194264140393995.
inverse model, training agent 9.
epoch 0: inverse train average loss 2.6137598235467487e-06.
epoch 0: inverse test average loss 7.761020838338419e-11.
epoch 99: inverse train average loss 6.331594261234209e-09.
epoch 99: inverse test average loss 2.3282940020408205e-09.
forward model: training agent 10.
Epoch 0: forward train average loss 0.004231260520302587.
epoch 0: forward test average loss 0.006514134920305676.
Epoch 99: forward train average loss 0.0036799959941870635.
epoch 99: forward test average loss 0.006630796525213454.
inverse model, training agent 10.
epoch 0: inverse train average loss 0.0003625938390743815.
epoch 0: inverse test average loss 0.0009311756843494044.
epoch 99: inverse train average loss 5.630726203283606e-05.
epoch 99: inverse test average loss 0.00040636452548723255.
forward model: training agent 11.
Epoch 0: forward train average loss 0.004659493039879534.
epoch 0: forward test average loss 0.00820988044142723.
Epoch 99: forward train average loss 0.003436608188268211.
epoch 99: forward test average loss 0.006395861713422669.
inverse model, training agent 11.
epoch 0: inverse train average loss 0.0002914060359115764.
epoch 0: inverse test average loss 4.181401648869117e-05.
epoch 99: inverse train average loss 2.462761085553211e-05.
epoch 99: inverse test average loss 2.2999227035648397e-05.
forward model: training agent 12.
Epoch 0: forward train average loss 0.0014048216657506095.
epoch 0: forward test average loss 0.0017854498388866584.
Epoch 99: forward train average loss 0.0011588141011695068.
epoch 99: forward test average loss 0.0023225900820559925.
inverse model, training agent 12.
epoch 0: inverse train average loss 0.00013461920874154507.
epoch 0: inverse test average loss 3.4297643449260955e-05.
epoch 99: inverse train average loss 6.399445027227557e-07.
epoch 99: inverse test average loss 2.8096179802459017e-07.
forward model: training agent 13.
Epoch 0: forward train average loss 0.002238547300092048.
epoch 0: forward test average loss 0.0037750001582834455.
Epoch 99: forward train average loss 0.0020046563715570504.
epoch 99: forward test average loss 0.003583822813298967.
inverse model, training agent 13.
epoch 0: inverse train average loss 0.00032378919422626495.
epoch 0: inverse test average loss 0.000694103202679091.
epoch 99: inverse train average loss 1.5276842229165293e-05.
epoch 99: inverse test average loss 0.0011548800656681932.
forward model: training agent 14.
Epoch 0: forward train average loss 0.004543892314864529.
epoch 0: forward test average loss 0.00823328188723988.
Epoch 99: forward train average loss 0.004302562369654576.
epoch 99: forward test average loss 0.008109292222393883.
inverse model, training agent 14.
epoch 0: inverse train average loss 0.008868957636877894.
epoch 0: inverse test average loss 0.006369745151864158.
epoch 99: inverse train average loss 0.0013647572357311016.
epoch 99: inverse test average loss 0.0012813023252723117.
forward model: training agent 15.
Epoch 0: forward train average loss 0.005004034067193667.
epoch 0: forward test average loss 0.009505804628133774.
Epoch 99: forward train average loss 0.004244556909220086.
epoch 99: forward test average loss 0.010037937098079257.
inverse model, training agent 15.
epoch 0: inverse train average loss 0.0014539877496038873.
epoch 0: inverse test average loss 0.003026628659831153.
epoch 99: inverse train average loss 0.0010560537145162623.
epoch 99: inverse test average loss 0.0017445308880673514.
Policy training episode: 83, grounded actions taken: 5760, last two uncertainties: {0: [0.0, 0.0], 1: [0.0, 0.0], 2: [0.0, 0.0], 3: [0.0, 0.0], 4: [0.0, 0.0], 5: [0.0, 0.0], 6: [0.0, 0.0], 7: [0.0, 0.0], 8: [0.0, 0.0], 9: [0.0, 0.0], 10: [0.0, 0.0], 11: [0.0, 0.0], 12: [0.0, 0.0], 13: [0.0, 0.0], 14: [0.0, 0.0], 15: [0.0, 0.0]}, avg agent uncertainties: [0.0, 0.0, 0.0, 0.0, 0.0, 0.0, 0.0, 0.0, 0.0, 0.0, 0.0, 0.0, 0.0, 0.0, 0.0, 0.0], grounded actions by agent: [360, 360, 360, 360, 360, 360, 360, 360, 360, 360, 360, 360, 360, 360, 360, 360]
Policy training episode: 83, iteration 0/1, policy training avg travel time:147.14775884423042, q_loss:64.05723571777344, rewards:-279.88305121527776, queue:18.361631944444444, delay:0.33266226450602215, throughput:20486
Sim Rollout episode:84/100, sim avg travel time:120.91589867086556, rewards:-192.34077690972222, queue:12.536111111111111, delay:0.2693685107760959, throughput:20778
Real rollout step:84/100, travel time:142.4938359153393, rewards:-319.9142578125, queue:17.871006944444446, delay:0.3281394958496094, throughput:17358
forward model: training agent 0.
Epoch 0: forward train average loss 0.005494520999491215.
epoch 0: forward test average loss 0.008186074387696054.
Epoch 99: forward train average loss 0.004641383782856994.
epoch 99: forward test average loss 0.010469894856214523.
inverse model, training agent 0.
epoch 0: inverse train average loss 0.00012311850999443172.
epoch 0: inverse test average loss 3.853001625328842e-05.
epoch 99: inverse train average loss 1.936560551661791e-05.
epoch 99: inverse test average loss 2.1732796742273625e-05.
forward model: training agent 1.
Epoch 0: forward train average loss 0.0025992031312651103.
epoch 0: forward test average loss 0.0037143519148230553.
Epoch 99: forward train average loss 0.0023146425891253683.
epoch 99: forward test average loss 0.003996643962131606.
inverse model, training agent 1.
epoch 0: inverse train average loss 0.0013488833533806934.
epoch 0: inverse test average loss 0.0034795930712587303.
epoch 99: inverse train average loss 0.0009011782369472914.
epoch 99: inverse test average loss 0.003859175472623772.
forward model: training agent 2.
Epoch 0: forward train average loss 0.0025843061092827055.
epoch 0: forward test average loss 0.004518263869815403.
Epoch 99: forward train average loss 0.0023241028862280976.
epoch 99: forward test average loss 0.004220930652485954.
inverse model, training agent 2.
epoch 0: inverse train average loss 0.0009717902430566028.
epoch 0: inverse test average loss 0.0032629330606950033.
epoch 99: inverse train average loss 0.000635162176978257.
epoch 99: inverse test average loss 0.004082157276570797.
forward model: training agent 3.
Epoch 0: forward train average loss 3.86040377905091e-11.
epoch 0: forward test average loss 1.0438888642383404e-10.
Epoch 99: forward train average loss 3.5855603786975423e-12.
epoch 99: forward test average loss 1.701376077060483e-11.
inverse model, training agent 3.
epoch 0: inverse train average loss 0.0.
epoch 0: inverse test average loss 0.0.
epoch 99: inverse train average loss 0.0.
epoch 99: inverse test average loss 0.0.
forward model: training agent 4.
Epoch 0: forward train average loss 0.0020990813823623788.
epoch 0: forward test average loss 0.0029930584132671356.
Epoch 99: forward train average loss 0.0019947915700160796.
epoch 99: forward test average loss 0.0031799496048026616.
inverse model, training agent 4.
epoch 0: inverse train average loss 0.009531026602619223.
epoch 0: inverse test average loss 0.010704658097691007.
epoch 99: inverse train average loss 0.002337496572484573.
epoch 99: inverse test average loss 0.007449027564790513.
forward model: training agent 5.
Epoch 0: forward train average loss 0.0042276074592438005.
epoch 0: forward test average loss 0.00730806796087159.
Epoch 99: forward train average loss 0.0036012063113351664.
epoch 99: forward test average loss 0.0069606055816014605.
inverse model, training agent 5.
epoch 0: inverse train average loss 2.079176941707475e-05.
epoch 0: inverse test average loss 1.7967961459438206e-07.
epoch 99: inverse train average loss 2.3531963627575358e-06.
epoch 99: inverse test average loss 2.3030701691418977e-07.
forward model: training agent 6.
Epoch 0: forward train average loss 0.0051178936329152845.
epoch 0: forward test average loss 0.007472560637527042.
Epoch 99: forward train average loss 0.00440993925763501.
epoch 99: forward test average loss 0.006972394676672088.
inverse model, training agent 6.
epoch 0: inverse train average loss 0.00032135598788348335.
epoch 0: inverse test average loss 0.000614125549974334.
epoch 99: inverse train average loss 8.895611002420385e-05.
epoch 99: inverse test average loss 0.0005988460680883792.
forward model: training agent 7.
Epoch 0: forward train average loss 0.004709152349581321.
epoch 0: forward test average loss 0.007542823751767476.
Epoch 99: forward train average loss 0.0038940018146402305.
epoch 99: forward test average loss 0.0058739083922571605.
inverse model, training agent 7.
epoch 0: inverse train average loss 0.005219014076929953.
epoch 0: inverse test average loss 0.0065169967452271115.
epoch 99: inverse train average loss 0.0039040842093527317.
epoch 99: inverse test average loss 0.00593567168754008.
forward model: training agent 8.
Epoch 0: forward train average loss 0.003510058340099123.
epoch 0: forward test average loss 0.0054846542576948805.
Epoch 99: forward train average loss 0.0030743011997805703.
epoch 99: forward test average loss 0.004325120606356197.
inverse model, training agent 8.
epoch 0: inverse train average loss 0.0007137371317690446.
epoch 0: inverse test average loss 0.0009055685694774082.
epoch 99: inverse train average loss 4.1291537905231555e-05.
epoch 99: inverse test average loss 4.7702192868352235e-05.
forward model: training agent 9.
Epoch 0: forward train average loss 0.004232854375408756.
epoch 0: forward test average loss 0.005526700988411903.
Epoch 99: forward train average loss 0.0038008613304959405.
epoch 99: forward test average loss 0.006604107924633556.
inverse model, training agent 9.
epoch 0: inverse train average loss 2.8327552402550458e-09.
epoch 0: inverse test average loss 3.7252867210766123e-09.
epoch 99: inverse train average loss 1.3775774101689977e-09.
epoch 99: inverse test average loss 7.761020468264077e-10.
forward model: training agent 10.
Epoch 0: forward train average loss 0.004072311748233106.
epoch 0: forward test average loss 0.006373143858379788.
Epoch 99: forward train average loss 0.0036981203075912264.
epoch 99: forward test average loss 0.0057367852164639365.
inverse model, training agent 10.
epoch 0: inverse train average loss 0.0007050553912348631.
epoch 0: inverse test average loss 9.165206837577798e-05.
epoch 99: inverse train average loss 0.0003056050393044845.
epoch 99: inverse test average loss 8.922717016604211e-05.
forward model: training agent 11.
Epoch 0: forward train average loss 0.0037470259703695774.
epoch 0: forward test average loss 0.006283492056859864.
Epoch 99: forward train average loss 0.0032678046781155798.
epoch 99: forward test average loss 0.0057985979235834545.
inverse model, training agent 11.
epoch 0: inverse train average loss 0.0009823296891732349.
epoch 0: inverse test average loss 0.00011519857471221763.
epoch 99: inverse train average loss 6.78388759196322e-05.
epoch 99: inverse test average loss 4.0127666175572406e-05.
forward model: training agent 12.
Epoch 0: forward train average loss 0.0014211238206674655.
epoch 0: forward test average loss 0.0021020186444123587.
Epoch 99: forward train average loss 0.0011936699868076378.
epoch 99: forward test average loss 0.00260081287059519.
inverse model, training agent 12.
epoch 0: inverse train average loss 3.3908352858386734e-06.
epoch 0: inverse test average loss 5.951317447738802e-07.
epoch 99: inverse train average loss 4.612909974986855e-08.
epoch 99: inverse test average loss 2.043710622956496e-08.
forward model: training agent 13.
Epoch 0: forward train average loss 0.002151933912601736.
epoch 0: forward test average loss 0.004297083864609401.
Epoch 99: forward train average loss 0.0019667555785013568.
epoch 99: forward test average loss 0.00368567845887608.
inverse model, training agent 13.
epoch 0: inverse train average loss 0.0004508486436962913.
epoch 0: inverse test average loss 0.00124209733932427.
epoch 99: inverse train average loss 8.669621982133119e-05.
epoch 99: inverse test average loss 0.0009546367946313694.
forward model: training agent 14.
Epoch 0: forward train average loss 0.004529763323565324.
epoch 0: forward test average loss 0.0070494649310906725.
Epoch 99: forward train average loss 0.0042446741006440586.
epoch 99: forward test average loss 0.006238103326823976.
inverse model, training agent 14.
epoch 0: inverse train average loss 0.005582125753992134.
epoch 0: inverse test average loss 0.008998563202718893.
epoch 99: inverse train average loss 0.0005909536242446242.
epoch 99: inverse test average loss 0.0012872495378057163.
forward model: training agent 15.
Epoch 0: forward train average loss 0.005745813043581115.
epoch 0: forward test average loss 0.009250052687194612.
Epoch 99: forward train average loss 0.004312877336310016.
epoch 99: forward test average loss 0.007998549275928073.
inverse model, training agent 15.
epoch 0: inverse train average loss 0.002338796220202413.
epoch 0: inverse test average loss 0.002755982296851774.
epoch 99: inverse train average loss 0.00170354918938958.
epoch 99: inverse test average loss 0.006458161605728997.
Policy training episode: 84, grounded actions taken: 5760, last two uncertainties: {0: [0.0, 0.0], 1: [0.0, 0.0], 2: [0.0, 0.0], 3: [0.0, 0.0], 4: [0.0, 0.0], 5: [0.0, 0.0], 6: [0.0, 0.0], 7: [0.0, 0.0], 8: [0.0, 0.0], 9: [0.0, 0.0], 10: [0.0, 0.0], 11: [0.0, 0.0], 12: [0.0, 0.0], 13: [0.0, 0.0], 14: [0.0, 0.0], 15: [0.0, 0.0]}, avg agent uncertainties: [0.0, 0.0, 0.0, 0.0, 0.0, 0.0, 0.0, 0.0, 0.0, 0.0, 0.0, 0.0, 0.0, 0.0, 0.0, 0.0], grounded actions by agent: [360, 360, 360, 360, 360, 360, 360, 360, 360, 360, 360, 360, 360, 360, 360, 360]
Policy training episode: 84, iteration 0/1, policy training avg travel time:145.4845313078918, q_loss:52.80430603027344, rewards:-276.4499782986111, queue:17.786631944444444, delay:0.3277650621202257, throughput:20488
Sim Rollout episode:85/100, sim avg travel time:121.15844059635151, rewards:-191.75972222222222, queue:12.626388888888888, delay:0.2622506883409288, throughput:20778
Real rollout step:85/100, travel time:142.18472624051532, rewards:-313.6855251736111, queue:17.73142361111111, delay:0.3155457390679253, throughput:17349
forward model: training agent 0.
Epoch 0: forward train average loss 0.005346604726380772.
epoch 0: forward test average loss 0.008821920802195867.
Epoch 99: forward train average loss 0.004491779280619489.
epoch 99: forward test average loss 0.007663778339823087.
inverse model, training agent 0.
epoch 0: inverse train average loss 0.00013935627005897308.
epoch 0: inverse test average loss 0.00021973907597485877.
epoch 99: inverse train average loss 4.816326974024479e-05.
epoch 99: inverse test average loss 0.00021920468215183873.
forward model: training agent 1.
Epoch 0: forward train average loss 0.0027016144659784106.
epoch 0: forward test average loss 0.0047812797129154205.
Epoch 99: forward train average loss 0.002246464654389355.
epoch 99: forward test average loss 0.004190673844681846.
inverse model, training agent 1.
epoch 0: inverse train average loss 0.0011675064646018047.
epoch 0: inverse test average loss 0.0007242321476547255.
epoch 99: inverse train average loss 0.0011633341782726347.
epoch 99: inverse test average loss 0.0006521688774228096.
forward model: training agent 2.
Epoch 0: forward train average loss 0.0025844427032603156.
epoch 0: forward test average loss 0.004232122873266538.
Epoch 99: forward train average loss 0.0023189628393285805.
epoch 99: forward test average loss 0.004262696744667159.
inverse model, training agent 2.
epoch 0: inverse train average loss 0.002928588364738971.
epoch 0: inverse test average loss 0.007433233575688468.
epoch 99: inverse train average loss 0.0014720091259934837.
epoch 99: inverse test average loss 0.0043146008004744845.
forward model: training agent 3.
Epoch 0: forward train average loss 5.564758491967877e-11.
epoch 0: forward test average loss 3.9419428215441915e-10.
Epoch 99: forward train average loss 2.640575567523095e-12.
epoch 99: forward test average loss 3.193361277569689e-12.
inverse model, training agent 3.
epoch 0: inverse train average loss 0.0.
epoch 0: inverse test average loss 0.0.
epoch 99: inverse train average loss 0.0.
epoch 99: inverse test average loss 0.0.
forward model: training agent 4.
Epoch 0: forward train average loss 0.0031688721436593267.
epoch 0: forward test average loss 0.004662644945912891.
Epoch 99: forward train average loss 0.0023272669511950677.
epoch 99: forward test average loss 0.003754105625881089.
inverse model, training agent 4.
epoch 0: inverse train average loss 0.0007669314121206602.
epoch 0: inverse test average loss 0.0006111174330322279.
epoch 99: inverse train average loss 4.077404153374826e-06.
epoch 99: inverse test average loss 2.6469559391747075e-06.
forward model: training agent 5.
Epoch 0: forward train average loss 0.003926597069948912.
epoch 0: forward test average loss 0.005875126355224186.
Epoch 99: forward train average loss 0.003339344790826241.
epoch 99: forward test average loss 0.006391224761803945.
inverse model, training agent 5.
epoch 0: inverse train average loss 1.4885985734143977e-05.
epoch 0: inverse test average loss 7.579881808636754e-09.
epoch 99: inverse train average loss 2.5729051805632885e-06.
epoch 99: inverse test average loss 1.0632450969044132e-08.
forward model: training agent 6.
Epoch 0: forward train average loss 0.004844286065134738.
epoch 0: forward test average loss 0.008433161096440421.
Epoch 99: forward train average loss 0.004135343867043654.
epoch 99: forward test average loss 0.007081313265694512.
inverse model, training agent 6.
epoch 0: inverse train average loss 0.0002047244537000855.
epoch 0: inverse test average loss 7.183792897396618e-05.
epoch 99: inverse train average loss 5.064667230827682e-05.
epoch 99: inverse test average loss 7.894339473245459e-05.
forward model: training agent 7.
Epoch 0: forward train average loss 0.004841186623606417.
epoch 0: forward test average loss 0.006611054142316182.
Epoch 99: forward train average loss 0.0038154891485141385.
epoch 99: forward test average loss 0.005953901550836033.
inverse model, training agent 7.
epoch 0: inverse train average loss 0.003266093786805868.
epoch 0: inverse test average loss 0.008034693284167184.
epoch 99: inverse train average loss 0.0024344979061020743.
epoch 99: inverse test average loss 0.0028305936915179095.
forward model: training agent 8.
Epoch 0: forward train average loss 0.0028280718252062798.
epoch 0: forward test average loss 0.004445113241672516.
Epoch 99: forward train average loss 0.002452786856641372.
epoch 99: forward test average loss 0.0048706674327452975.
inverse model, training agent 8.
epoch 0: inverse train average loss 0.000632263744288745.
epoch 0: inverse test average loss 0.0025603525395531002.
epoch 99: inverse train average loss 9.487874598966705e-05.
epoch 99: inverse test average loss 0.01615299093019631.
forward model: training agent 9.
Epoch 0: forward train average loss 0.004365822765976191.
epoch 0: forward test average loss 0.0066829779081874425.
Epoch 99: forward train average loss 0.004001568175024456.
epoch 99: forward test average loss 0.006615930133395725.
inverse model, training agent 9.
epoch 0: inverse train average loss 2.1856308395459513e-08.
epoch 0: inverse test average loss 3.7262867004351897e-06.
epoch 99: inverse train average loss 7.43763714197401e-10.
epoch 99: inverse test average loss 2.484827645174745e-05.
forward model: training agent 10.
Epoch 0: forward train average loss 0.004441163554373715.
epoch 0: forward test average loss 0.006660469083322419.
Epoch 99: forward train average loss 0.00382883929544025.
epoch 99: forward test average loss 0.006114446040656831.
inverse model, training agent 10.
epoch 0: inverse train average loss 0.0009176739614405152.
epoch 0: inverse test average loss 0.0002472976403724816.
epoch 99: inverse train average loss 0.0003337353037851345.
epoch 99: inverse test average loss 0.0006455139826155371.
forward model: training agent 11.
Epoch 0: forward train average loss 0.004150013077176279.
epoch 0: forward test average loss 0.006118246664603551.
Epoch 99: forward train average loss 0.003201807952589459.
epoch 99: forward test average loss 0.005580703624420696.
inverse model, training agent 11.
epoch 0: inverse train average loss 0.0006137684775037795.
epoch 0: inverse test average loss 1.3440928695571427e-05.
epoch 99: inverse train average loss 3.4795657079990226e-05.
epoch 99: inverse test average loss 0.0005753174270668953.
forward model: training agent 12.
Epoch 0: forward train average loss 0.0013521835725340578.
epoch 0: forward test average loss 0.002723974382711781.
Epoch 99: forward train average loss 0.0011902857416619856.
epoch 99: forward test average loss 0.0023624623815218606.
inverse model, training agent 12.
epoch 0: inverse train average loss 1.4719416401792134e-08.
epoch 0: inverse test average loss 1.7022061784801835e-08.
epoch 99: inverse train average loss 4.359061957072265e-09.
epoch 99: inverse test average loss 6.157009914255064e-09.
forward model: training agent 13.
Epoch 0: forward train average loss 0.0021835903947552047.
epoch 0: forward test average loss 0.00414029819269975.
Epoch 99: forward train average loss 0.001935938631908761.
epoch 99: forward test average loss 0.0037992623531156117.
inverse model, training agent 13.
epoch 0: inverse train average loss 0.00047096219431194995.
epoch 0: inverse test average loss 0.0016099812152485053.
epoch 99: inverse train average loss 7.585589183791954e-05.
epoch 99: inverse test average loss 0.0012599740773819373.
forward model: training agent 14.
Epoch 0: forward train average loss 0.00437600574352675.
epoch 0: forward test average loss 0.007708895537588332.
Epoch 99: forward train average loss 0.004090377181354497.
epoch 99: forward test average loss 0.0077477797038025325.
inverse model, training agent 14.
epoch 0: inverse train average loss 0.0020137156017072913.
epoch 0: inverse test average loss 0.0005169718497199938.
epoch 99: inverse train average loss 0.000661163797809018.
epoch 99: inverse test average loss 0.0011857121329133709.
forward model: training agent 15.
Epoch 0: forward train average loss 0.010479639387793012.
epoch 0: forward test average loss 0.017175462510850694.
Epoch 99: forward train average loss 0.004260845275388824.
epoch 99: forward test average loss 0.007080947773324119.
inverse model, training agent 15.
epoch 0: inverse train average loss 0.0025528581787107717.
epoch 0: inverse test average loss 0.005399088685711225.
epoch 99: inverse train average loss 0.0016089951386675239.
epoch 99: inverse test average loss 0.006888534045881695.
Policy training episode: 85, grounded actions taken: 5760, last two uncertainties: {0: [0.0, 0.0], 1: [0.0, 0.0], 2: [0.0, 0.0], 3: [0.0, 0.0], 4: [0.0, 0.0], 5: [0.0, 0.0], 6: [0.0, 0.0], 7: [0.0, 0.0], 8: [0.0, 0.0], 9: [0.0, 0.0], 10: [0.0, 0.0], 11: [0.0, 0.0], 12: [0.0, 0.0], 13: [0.0, 0.0], 14: [0.0, 0.0], 15: [0.0, 0.0]}, avg agent uncertainties: [0.0, 0.0, 0.0, 0.0, 0.0, 0.0, 0.0, 0.0, 0.0, 0.0, 0.0, 0.0, 0.0, 0.0, 0.0, 0.0], grounded actions by agent: [360, 360, 360, 360, 360, 360, 360, 360, 360, 360, 360, 360, 360, 360, 360, 360]
Policy training episode: 85, iteration 0/1, policy training avg travel time:145.93506854390515, q_loss:48.62861251831055, rewards:-277.86271701388887, queue:17.946006944444445, delay:0.32730924818250867, throughput:20491
Sim Rollout episode:86/100, sim avg travel time:119.61242822744953, rewards:-193.50416666666666, queue:12.697743055555556, delay:0.2690821753607856, throughput:20783
Real rollout step:86/100, travel time:137.69894988845965, rewards:-296.2091362847222, queue:16.439409722222223, delay:0.3141477796766493, throughput:17456
forward model: training agent 0.
Epoch 0: forward train average loss 0.01283547178738647.
epoch 0: forward test average loss 0.018710221267408796.
Epoch 99: forward train average loss 0.004395653441962268.
epoch 99: forward test average loss 0.008979499340057373.
inverse model, training agent 0.
epoch 0: inverse train average loss 0.005134122648289324.
epoch 0: inverse test average loss 0.005283443821655156.
epoch 99: inverse train average loss 0.0013878739490691158.
epoch 99: inverse test average loss 0.0017393036978319287.
forward model: training agent 1.
Epoch 0: forward train average loss 0.0026402495697968537.
epoch 0: forward test average loss 0.003628253833287292.
Epoch 99: forward train average loss 0.002182183632006248.
epoch 99: forward test average loss 0.004533005464408133.
inverse model, training agent 1.
epoch 0: inverse train average loss 0.0023906297121559167.
epoch 0: inverse test average loss 0.007101502890388171.
epoch 99: inverse train average loss 0.001605050418422454.
epoch 99: inverse test average loss 0.006952898887296517.
forward model: training agent 2.
Epoch 0: forward train average loss 0.006483689571420352.
epoch 0: forward test average loss 0.010395687073469162.
Epoch 99: forward train average loss 0.00254854585768448.
epoch 99: forward test average loss 0.005451075732707977.
inverse model, training agent 2.
epoch 0: inverse train average loss 0.002055147093617254.
epoch 0: inverse test average loss 0.0024812931401862037.
epoch 99: inverse train average loss 9.721802184180383e-05.
epoch 99: inverse test average loss 0.0005019709007885669.
forward model: training agent 3.
Epoch 0: forward train average loss 1.6120350723056755e-12.
epoch 0: forward test average loss 4.209180072391029e-12.
Epoch 99: forward train average loss 1.0661251202846876e-11.
epoch 99: forward test average loss 4.827381704251997e-11.
inverse model, training agent 3.
epoch 0: inverse train average loss 0.0.
epoch 0: inverse test average loss 0.0.
epoch 99: inverse train average loss 0.0.
epoch 99: inverse test average loss 0.0.
forward model: training agent 4.
Epoch 0: forward train average loss 0.0022087643285178477.
epoch 0: forward test average loss 0.003098097319404284.
Epoch 99: forward train average loss 0.0018137023628999789.
epoch 99: forward test average loss 0.0031969651786817443.
inverse model, training agent 4.
epoch 0: inverse train average loss 0.021687520667910576.
epoch 0: inverse test average loss 0.03258469369676378.
epoch 99: inverse train average loss 0.003946348869552215.
epoch 99: inverse test average loss 0.006367327438460456.
forward model: training agent 5.
Epoch 0: forward train average loss 0.004300271109160449.
epoch 0: forward test average loss 0.008629952453904681.
Epoch 99: forward train average loss 0.003427377436310053.
epoch 99: forward test average loss 0.005989617564611965.
inverse model, training agent 5.
epoch 0: inverse train average loss 2.3324377923788437e-05.
epoch 0: inverse test average loss 8.839317726799184e-05.
epoch 99: inverse train average loss 3.246256827793559e-07.
epoch 99: inverse test average loss 1.460298733806869e-05.
forward model: training agent 6.
Epoch 0: forward train average loss 0.0054437221131390994.
epoch 0: forward test average loss 0.009771816846397188.
Epoch 99: forward train average loss 0.0042680105608370565.
epoch 99: forward test average loss 0.0075924549665715955.
inverse model, training agent 6.
epoch 0: inverse train average loss 0.00028756293330742564.
epoch 0: inverse test average loss 0.00031461347518618114.
epoch 99: inverse train average loss 4.5158585231143254e-05.
epoch 99: inverse test average loss 0.0002618223855582376.
forward model: training agent 7.
Epoch 0: forward train average loss 0.004579335037204955.
epoch 0: forward test average loss 0.006442929928501447.
Epoch 99: forward train average loss 0.003786890043152703.
epoch 99: forward test average loss 0.007277213864856296.
inverse model, training agent 7.
epoch 0: inverse train average loss 0.00713592850499683.
epoch 0: inverse test average loss 0.00290024865211712.
epoch 99: inverse train average loss 0.0034324779020001492.
epoch 99: inverse test average loss 0.00515964316825072.
forward model: training agent 8.
Epoch 0: forward train average loss 0.0027055184149907697.
epoch 0: forward test average loss 0.004301305653320419.
Epoch 99: forward train average loss 0.002479056672503551.
epoch 99: forward test average loss 0.0036633658326334423.
inverse model, training agent 8.
epoch 0: inverse train average loss 0.004290404263883829.
epoch 0: inverse test average loss 0.0010742201961369978.
epoch 99: inverse train average loss 0.0012872701562527153.
epoch 99: inverse test average loss 0.0027895335935884053.
forward model: training agent 9.
Epoch 0: forward train average loss 0.004673282253659434.
epoch 0: forward test average loss 0.007014512808786498.
Epoch 99: forward train average loss 0.004067477563189136.
epoch 99: forward test average loss 0.006694682149423493.
inverse model, training agent 9.
epoch 0: inverse train average loss 0.0003994743734791781.
epoch 0: inverse test average loss 1.1269170499872416e-05.
epoch 99: inverse train average loss 2.980944098969947e-07.
epoch 99: inverse test average loss 5.264632818456782e-07.
forward model: training agent 10.
Epoch 0: forward train average loss 0.004256947638673915.
epoch 0: forward test average loss 0.006524994555446837.
Epoch 99: forward train average loss 0.0036853282815880245.
epoch 99: forward test average loss 0.006162716903620296.
inverse model, training agent 10.
epoch 0: inverse train average loss 0.0003310512499107669.
epoch 0: inverse test average loss 0.0003550824702769104.
epoch 99: inverse train average loss 4.6853325329720974e-05.
epoch 99: inverse test average loss 0.00016354611317284353.
forward model: training agent 11.
Epoch 0: forward train average loss 0.0067926286202338.
epoch 0: forward test average loss 0.00852832943201065.
Epoch 99: forward train average loss 0.003536905058556133.
epoch 99: forward test average loss 0.005503452072540919.
inverse model, training agent 11.
epoch 0: inverse train average loss 0.006233549573355251.
epoch 0: inverse test average loss 0.006139133911347017.
epoch 99: inverse train average loss 0.0004432450384936399.
epoch 99: inverse test average loss 0.0012384405902897317.
forward model: training agent 12.
Epoch 0: forward train average loss 0.0013745790864858362.
epoch 0: forward test average loss 0.0026929061859846115.
Epoch 99: forward train average loss 0.0011949508916586637.
epoch 99: forward test average loss 0.0021955675135056176.
inverse model, training agent 12.
epoch 0: inverse train average loss 3.4169344387886056e-08.
epoch 0: inverse test average loss 1.4331708548315842e-08.
epoch 99: inverse train average loss 3.6734975956193634e-09.
epoch 99: inverse test average loss 5.69135454813679e-09.
forward model: training agent 13.
Epoch 0: forward train average loss 0.002226575200135509.
epoch 0: forward test average loss 0.004505852858225505.
Epoch 99: forward train average loss 0.001895600153754155.
epoch 99: forward test average loss 0.00416309717628691.
inverse model, training agent 13.
epoch 0: inverse train average loss 0.002091766946250573.
epoch 0: inverse test average loss 0.003525350656774309.
epoch 99: inverse train average loss 0.00018889155843579728.
epoch 99: inverse test average loss 0.0008921936775247256.
forward model: training agent 14.
Epoch 0: forward train average loss 0.004387968426777257.
epoch 0: forward test average loss 0.007560926179091136.
Epoch 99: forward train average loss 0.004054888979428344.
epoch 99: forward test average loss 0.007500271002451579.
inverse model, training agent 14.
epoch 0: inverse train average loss 0.001113819708633754.
epoch 0: inverse test average loss 0.0005917361316581567.
epoch 99: inverse train average loss 0.0005895049673401647.
epoch 99: inverse test average loss 0.0002927177540388786.
forward model: training agent 15.
Epoch 0: forward train average loss 0.00824387650936842.
epoch 0: forward test average loss 0.010238793989022573.
Epoch 99: forward train average loss 0.004256196268316772.
epoch 99: forward test average loss 0.008906969593630897.
inverse model, training agent 15.
epoch 0: inverse train average loss 0.003079399220748908.
epoch 0: inverse test average loss 0.0017657265610372026.
epoch 99: inverse train average loss 0.0011418323459414144.
epoch 99: inverse test average loss 0.0015221848152577877.
Policy training episode: 86, grounded actions taken: 5760, last two uncertainties: {0: [0.0, 0.0], 1: [0.0, 0.0], 2: [0.0, 0.0], 3: [0.0, 0.0], 4: [0.0, 0.0], 5: [0.0, 0.0], 6: [0.0, 0.0], 7: [0.0, 0.0], 8: [0.0, 0.0], 9: [0.0, 0.0], 10: [0.0, 0.0], 11: [0.0, 0.0], 12: [0.0, 0.0], 13: [0.0, 0.0], 14: [0.0, 0.0], 15: [0.0, 0.0]}, avg agent uncertainties: [0.0, 0.0, 0.0, 0.0, 0.0, 0.0, 0.0, 0.0, 0.0, 0.0, 0.0, 0.0, 0.0, 0.0, 0.0, 0.0], grounded actions by agent: [360, 360, 360, 360, 360, 360, 360, 360, 360, 360, 360, 360, 360, 360, 360, 360]
Policy training episode: 86, iteration 0/1, policy training avg travel time:146.0836767770317, q_loss:43.98448181152344, rewards:-281.4619140625, queue:18.012847222222224, delay:0.3300387700398763, throughput:20482
Sim Rollout episode:87/100, sim avg travel time:124.94221419641617, rewards:-213.23279079861112, queue:14.646180555555556, delay:0.3004755232069227, throughput:20726
Real rollout step:87/100, travel time:146.65744020051218, rewards:-323.0950520833333, queue:19.06284722222222, delay:0.344790161980523, throughput:17359
forward model: training agent 0.
Epoch 0: forward train average loss 0.014741424057218764.
epoch 0: forward test average loss 0.01998600529299842.
Epoch 99: forward train average loss 0.0047636643672982855.
epoch 99: forward test average loss 0.00836247992184427.
inverse model, training agent 0.
epoch 0: inverse train average loss 0.00022838164224797057.
epoch 0: inverse test average loss 6.765884669827453e-05.
epoch 99: inverse train average loss 0.00010655691019362873.
epoch 99: inverse test average loss 9.361566844745539e-05.
forward model: training agent 1.
Epoch 0: forward train average loss 0.0026239660154614183.
epoch 0: forward test average loss 0.004021767112943862.
Epoch 99: forward train average loss 0.0022359652082539266.
epoch 99: forward test average loss 0.004079716073142158.
inverse model, training agent 1.
epoch 0: inverse train average loss 0.003863885908180641.
epoch 0: inverse test average loss 0.0019736982584517035.
epoch 99: inverse train average loss 0.0010107442697820563.
epoch 99: inverse test average loss 0.0008593938804955946.
forward model: training agent 2.
Epoch 0: forward train average loss 0.0025237883544630474.
epoch 0: forward test average loss 0.004676092829969194.
Epoch 99: forward train average loss 0.002208637927348415.
epoch 99: forward test average loss 0.004744022256798214.
inverse model, training agent 2.
epoch 0: inverse train average loss 0.0023372546873158878.
epoch 0: inverse test average loss 0.0030895191771883723.
epoch 99: inverse train average loss 0.0005177319488009542.
epoch 99: inverse test average loss 0.0025549008051813063.
forward model: training agent 3.
Epoch 0: forward train average loss 3.137296209857846e-11.
epoch 0: forward test average loss 2.7899981707651338e-11.
Epoch 99: forward train average loss 7.697366790304715e-12.
epoch 99: forward test average loss 1.4496435494905215e-12.
inverse model, training agent 3.
epoch 0: inverse train average loss 0.0.
epoch 0: inverse test average loss 0.0.
epoch 99: inverse train average loss 0.0.
epoch 99: inverse test average loss 0.0.
forward model: training agent 4.
Epoch 0: forward train average loss 0.00230770878907707.
epoch 0: forward test average loss 0.0031786529968182244.
Epoch 99: forward train average loss 0.0020617820425993865.
epoch 99: forward test average loss 0.0029240172977248826.
inverse model, training agent 4.
epoch 0: inverse train average loss 0.005089755377007855.
epoch 0: inverse test average loss 0.0047450750652286745.
epoch 99: inverse train average loss 9.6431373701004e-06.
epoch 99: inverse test average loss 8.752470522368741e-06.
forward model: training agent 5.
Epoch 0: forward train average loss 0.003934815629488892.
epoch 0: forward test average loss 0.006262065221865972.
Epoch 99: forward train average loss 0.003258215780887339.
epoch 99: forward test average loss 0.0061766114085912704.
inverse model, training agent 5.
epoch 0: inverse train average loss 4.016100313937916e-06.
epoch 0: inverse test average loss 0.00047270979525313204.
epoch 99: inverse train average loss 1.968532985847155e-08.
epoch 99: inverse test average loss 0.002670157700777054.
forward model: training agent 6.
Epoch 0: forward train average loss 0.004946844341854255.
epoch 0: forward test average loss 0.008130474636952082.
Epoch 99: forward train average loss 0.0039543744383586776.
epoch 99: forward test average loss 0.007236296931902568.
inverse model, training agent 6.
epoch 0: inverse train average loss 0.0006052336248103529.
epoch 0: inverse test average loss 0.0006316671173812614.
epoch 99: inverse train average loss 0.0003467293782806438.
epoch 99: inverse test average loss 0.00076606259163883.
forward model: training agent 7.
Epoch 0: forward train average loss 0.004222565382305119.
epoch 0: forward test average loss 0.006147879279322094.
Epoch 99: forward train average loss 0.003661000169813633.
epoch 99: forward test average loss 0.006056366488337517.
inverse model, training agent 7.
epoch 0: inverse train average loss 0.003542240553845962.
epoch 0: inverse test average loss 0.004361343880494435.
epoch 99: inverse train average loss 0.001079317499210851.
epoch 99: inverse test average loss 0.0025578046528001628.
forward model: training agent 8.
Epoch 0: forward train average loss 0.0026197383801142373.
epoch 0: forward test average loss 0.004305630922317505.
Epoch 99: forward train average loss 0.002362558307747046.
epoch 99: forward test average loss 0.0036202652586830985.
inverse model, training agent 8.
epoch 0: inverse train average loss 0.0018431125338085825.
epoch 0: inverse test average loss 0.003667600271809432.
epoch 99: inverse train average loss 0.0006648838728627501.
epoch 99: inverse test average loss 0.0005981086934399274.
forward model: training agent 9.
Epoch 0: forward train average loss 0.004720889859729343.
epoch 0: forward test average loss 0.007962829536861844.
Epoch 99: forward train average loss 0.004013092774483893.
epoch 99: forward test average loss 0.007312828054030736.
inverse model, training agent 9.
epoch 0: inverse train average loss 9.962985305891593e-07.
epoch 0: inverse test average loss 0.00048717517487596577.
epoch 99: inverse train average loss 8.171658954441656e-08.
epoch 99: inverse test average loss 0.00010149737741511128.
forward model: training agent 10.
Epoch 0: forward train average loss 0.004009121873726447.
epoch 0: forward test average loss 0.006331870332360268.
Epoch 99: forward train average loss 0.003536619918627871.
epoch 99: forward test average loss 0.006277796294954088.
inverse model, training agent 10.
epoch 0: inverse train average loss 0.0029343360672808355.
epoch 0: inverse test average loss 0.0003661882494472795.
epoch 99: inverse train average loss 0.0003249510272224951.
epoch 99: inverse test average loss 0.00041288793888977833.
forward model: training agent 11.
Epoch 0: forward train average loss 0.010657027777698305.
epoch 0: forward test average loss 0.011950987494654126.
Epoch 99: forward train average loss 0.004276822476337354.
epoch 99: forward test average loss 0.0064447114451064.
inverse model, training agent 11.
epoch 0: inverse train average loss 0.007613143831905391.
epoch 0: inverse test average loss 0.002830683059679965.
epoch 99: inverse train average loss 0.00024936328797290724.
epoch 99: inverse test average loss 0.000317087290265287.
forward model: training agent 12.
Epoch 0: forward train average loss 0.0015149495253960292.
epoch 0: forward test average loss 0.002874114861090978.
Epoch 99: forward train average loss 0.0012507301936340001.
epoch 99: forward test average loss 0.0024777683946821424.
inverse model, training agent 12.
epoch 0: inverse train average loss 1.4810434317989882e-09.
epoch 0: inverse test average loss 2.328305202957558e-10.
epoch 99: inverse train average loss 9.054521330240403e-11.
epoch 99: inverse test average loss 2.5870069975120202e-11.
forward model: training agent 13.
Epoch 0: forward train average loss 0.0023291130653685993.
epoch 0: forward test average loss 0.0037877681768602794.
Epoch 99: forward train average loss 0.0019575136506723035.
epoch 99: forward test average loss 0.0031546570567621123.
inverse model, training agent 13.
epoch 0: inverse train average loss 0.002788276152892245.
epoch 0: inverse test average loss 0.002505392039893195.
epoch 99: inverse train average loss 0.0008598717265865869.
epoch 99: inverse test average loss 0.005613646366529995.
forward model: training agent 14.
Epoch 0: forward train average loss 0.004443919596572717.
epoch 0: forward test average loss 0.006762099555797047.
Epoch 99: forward train average loss 0.004097698670294549.
epoch 99: forward test average loss 0.006591189445720779.
inverse model, training agent 14.
epoch 0: inverse train average loss 0.002153602213689333.
epoch 0: inverse test average loss 0.0012304314619137181.
epoch 99: inverse train average loss 0.00015788896861421462.
epoch 99: inverse test average loss 0.00020064586876995035.
forward model: training agent 15.
Epoch 0: forward train average loss 0.004879241705768638.
epoch 0: forward test average loss 0.008739036818345388.
Epoch 99: forward train average loss 0.004158445685687993.
epoch 99: forward test average loss 0.008547295298841264.
inverse model, training agent 15.
epoch 0: inverse train average loss 0.0011200429612977637.
epoch 0: inverse test average loss 0.0032207371873988044.
epoch 99: inverse train average loss 0.001182338908418185.
epoch 99: inverse test average loss 0.0037275938731100825.
Policy training episode: 87, grounded actions taken: 5760, last two uncertainties: {0: [0.0, 0.0], 1: [0.0, 0.0], 2: [0.0, 0.0], 3: [0.0, 0.0], 4: [0.0, 0.0], 5: [0.0, 0.0], 6: [0.0, 0.0], 7: [0.0, 0.0], 8: [0.0, 0.0], 9: [0.0, 0.0], 10: [0.0, 0.0], 11: [0.0, 0.0], 12: [0.0, 0.0], 13: [0.0, 0.0], 14: [0.0, 0.0], 15: [0.0, 0.0]}, avg agent uncertainties: [0.0, 0.0, 0.0, 0.0, 0.0, 0.0, 0.0, 0.0, 0.0, 0.0, 0.0, 0.0, 0.0, 0.0, 0.0, 0.0], grounded actions by agent: [360, 360, 360, 360, 360, 360, 360, 360, 360, 360, 360, 360, 360, 360, 360, 360]
Policy training episode: 87, iteration 0/1, policy training avg travel time:155.29113220652928, q_loss:39.906776428222656, rewards:-299.99162326388887, queue:19.25642361111111, delay:0.3385550816853841, throughput:20373
Sim Rollout episode:88/100, sim avg travel time:124.78477143254133, rewards:-211.66223958333333, queue:14.528298611111111, delay:0.29045886993408204, throughput:20746
Real rollout step:88/100, travel time:145.61449528276162, rewards:-320.0091579861111, queue:18.73611111111111, delay:0.3382720947265625, throughput:17308
forward model: training agent 0.
Epoch 0: forward train average loss 0.005960831522113747.
epoch 0: forward test average loss 0.01035237560669581.
Epoch 99: forward train average loss 0.004524832332713736.
epoch 99: forward test average loss 0.008042429056432512.
inverse model, training agent 0.
epoch 0: inverse train average loss 0.00012705573438627957.
epoch 0: inverse test average loss 0.0007548092916193935.
epoch 99: inverse train average loss 1.9221422004673313e-06.
epoch 99: inverse test average loss 0.0006393733848300246.
forward model: training agent 1.
Epoch 0: forward train average loss 0.00254742739101251.
epoch 0: forward test average loss 0.004490706034832531.
Epoch 99: forward train average loss 0.0022442248235974046.
epoch 99: forward test average loss 0.004394903365108702.
inverse model, training agent 1.
epoch 0: inverse train average loss 0.001058306687304543.
epoch 0: inverse test average loss 0.009314615926187899.
epoch 99: inverse train average loss 0.00021947101211278804.
epoch 99: inverse test average loss 0.001647060630299772.
forward model: training agent 2.
Epoch 0: forward train average loss 0.002567851036373112.
epoch 0: forward test average loss 0.003951170688702.
Epoch 99: forward train average loss 0.002239096056049069.
epoch 99: forward test average loss 0.003999732331269317.
inverse model, training agent 2.
epoch 0: inverse train average loss 0.0008087668910674336.
epoch 0: inverse test average loss 0.0008146631169236369.
epoch 99: inverse train average loss 0.00030761300553826406.
epoch 99: inverse test average loss 0.0002814846051882745.
forward model: training agent 3.
Epoch 0: forward train average loss 2.9411871701155723e-12.
epoch 0: forward test average loss 5.60268691009015e-12.
Epoch 99: forward train average loss 7.072125581912096e-12.
epoch 99: forward test average loss 2.8197846835276152e-11.
inverse model, training agent 3.
epoch 0: inverse train average loss 0.0.
epoch 0: inverse test average loss 0.0.
epoch 99: inverse train average loss 0.0.
epoch 99: inverse test average loss 0.0.
forward model: training agent 4.
Epoch 0: forward train average loss 0.0018901973704083099.
epoch 0: forward test average loss 0.0027547747724586064.
Epoch 99: forward train average loss 0.001754953112039301.
epoch 99: forward test average loss 0.003113299918671449.
inverse model, training agent 4.
epoch 0: inverse train average loss 0.11553552912341224.
epoch 0: inverse test average loss 0.14048788944880167.
epoch 99: inverse train average loss 0.004950751291794909.
epoch 99: inverse test average loss 0.012222016023264991.
forward model: training agent 5.
Epoch 0: forward train average loss 0.004183869498471419.
epoch 0: forward test average loss 0.005576504394412041.
Epoch 99: forward train average loss 0.0034374837349686357.
epoch 99: forward test average loss 0.005274482071399689.
inverse model, training agent 5.
epoch 0: inverse train average loss 0.00011127089491932048.
epoch 0: inverse test average loss 0.0.
epoch 99: inverse train average loss 3.5255741753164534e-07.
epoch 99: inverse test average loss 8.718191993945585e-09.
forward model: training agent 6.
Epoch 0: forward train average loss 0.005748471969531642.
epoch 0: forward test average loss 0.008505157712433074.
Epoch 99: forward train average loss 0.004288685508072376.
epoch 99: forward test average loss 0.008548792451620102.
inverse model, training agent 6.
epoch 0: inverse train average loss 0.0011087630409747362.
epoch 0: inverse test average loss 0.001238877991757666.
epoch 99: inverse train average loss 0.0002834083894008978.
epoch 99: inverse test average loss 0.0008163010287615988.
forward model: training agent 7.
Epoch 0: forward train average loss 0.004618034853289525.
epoch 0: forward test average loss 0.009079664945602417.
Epoch 99: forward train average loss 0.0037625407696598107.
epoch 99: forward test average loss 0.00763540839155515.
inverse model, training agent 7.
epoch 0: inverse train average loss 0.013238258038957914.
epoch 0: inverse test average loss 0.01494449045923021.
epoch 99: inverse train average loss 0.002918246952402923.
epoch 99: inverse test average loss 0.003666465592687018.
forward model: training agent 8.
Epoch 0: forward train average loss 0.0026884348028235966.
epoch 0: forward test average loss 0.0048704081111484105.
Epoch 99: forward train average loss 0.002430939581245184.
epoch 99: forward test average loss 0.003940736667977439.
inverse model, training agent 8.
epoch 0: inverse train average loss 0.0017884349346988732.
epoch 0: inverse test average loss 0.003704222378372732.
epoch 99: inverse train average loss 0.0006200826836801651.
epoch 99: inverse test average loss 0.004371515268252956.
forward model: training agent 9.
Epoch 0: forward train average loss 0.004892698696090115.
epoch 0: forward test average loss 0.007811262375778622.
Epoch 99: forward train average loss 0.004266651968161265.
epoch 99: forward test average loss 0.008087045202652613.
inverse model, training agent 9.
epoch 0: inverse train average loss 6.429445089869053e-05.
epoch 0: inverse test average loss 5.220332241151482e-06.
epoch 99: inverse train average loss 1.0238803251165034e-06.
epoch 99: inverse test average loss 1.753024460211034e-05.
forward model: training agent 10.
Epoch 0: forward train average loss 0.003913713722593254.
epoch 0: forward test average loss 0.007097351675232251.
Epoch 99: forward train average loss 0.003614516773571571.
epoch 99: forward test average loss 0.006466206991010242.
inverse model, training agent 10.
epoch 0: inverse train average loss 0.0003724033538472011.
epoch 0: inverse test average loss 0.0003732677885434694.
epoch 99: inverse train average loss 0.00012582367708091624.
epoch 99: inverse test average loss 0.00017509087764564255.
forward model: training agent 11.
Epoch 0: forward train average loss 0.004663696823020776.
epoch 0: forward test average loss 0.008184271968073316.
Epoch 99: forward train average loss 0.003992195085932811.
epoch 99: forward test average loss 0.007588386535644531.
inverse model, training agent 11.
epoch 0: inverse train average loss 0.0007596811281271382.
epoch 0: inverse test average loss 4.08205861756667e-05.
epoch 99: inverse train average loss 0.00031309516351838183.
epoch 99: inverse test average loss 5.8240961531434245e-05.
forward model: training agent 12.
Epoch 0: forward train average loss 0.0015808143911676274.
epoch 0: forward test average loss 0.002498603839841154.
Epoch 99: forward train average loss 0.0012967333508034546.
epoch 99: forward test average loss 0.002673288186391195.
inverse model, training agent 12.
epoch 0: inverse train average loss 2.2431550567642628e-08.
epoch 0: inverse test average loss 2.0696055980096162e-10.
epoch 99: inverse train average loss 8.343066237870289e-10.
epoch 99: inverse test average loss 2.5870069975120202e-11.
forward model: training agent 13.
Epoch 0: forward train average loss 0.002210640451974339.
epoch 0: forward test average loss 0.003225515907009443.
Epoch 99: forward train average loss 0.0019540743281443915.
epoch 99: forward test average loss 0.00378611973590321.
inverse model, training agent 13.
epoch 0: inverse train average loss 0.001013069822672858.
epoch 0: inverse test average loss 0.004240722498959965.
epoch 99: inverse train average loss 0.00011602215130955706.
epoch 99: inverse test average loss 0.0003033090356944336.
forward model: training agent 14.
Epoch 0: forward train average loss 0.004227941545347373.
epoch 0: forward test average loss 0.007428135722875595.
Epoch 99: forward train average loss 0.0039863839952482116.
epoch 99: forward test average loss 0.0074937720265653394.
inverse model, training agent 14.
epoch 0: inverse train average loss 0.0013338270978743418.
epoch 0: inverse test average loss 0.002245646539247698.
epoch 99: inverse train average loss 0.00041300286749093275.
epoch 99: inverse test average loss 0.0014606769089166643.
forward model: training agent 15.
Epoch 0: forward train average loss 0.005263091478910711.
epoch 0: forward test average loss 0.008442656033568911.
Epoch 99: forward train average loss 0.0042293547756142085.
epoch 99: forward test average loss 0.007852679739395777.
inverse model, training agent 15.
epoch 0: inverse train average loss 0.0019749372731894255.
epoch 0: inverse test average loss 0.003031078726053238.
epoch 99: inverse train average loss 0.0013005719002750185.
epoch 99: inverse test average loss 0.0022348898152510324.
Policy training episode: 88, grounded actions taken: 5760, last two uncertainties: {0: [0.0, 0.0], 1: [0.0, 0.0], 2: [0.0, 0.0], 3: [0.0, 0.0], 4: [0.0, 0.0], 5: [0.0, 0.0], 6: [0.0, 0.0], 7: [0.0, 0.0], 8: [0.0, 0.0], 9: [0.0, 0.0], 10: [0.0, 0.0], 11: [0.0, 0.0], 12: [0.0, 0.0], 13: [0.0, 0.0], 14: [0.0, 0.0], 15: [0.0, 0.0]}, avg agent uncertainties: [0.0, 0.0, 0.0, 0.0, 0.0, 0.0, 0.0, 0.0, 0.0, 0.0, 0.0, 0.0, 0.0, 0.0, 0.0, 0.0], grounded actions by agent: [360, 360, 360, 360, 360, 360, 360, 360, 360, 360, 360, 360, 360, 360, 360, 360]
Policy training episode: 88, iteration 0/1, policy training avg travel time:146.61621821886723, q_loss:38.251766204833984, rewards:-282.6552517361111, queue:18.20486111111111, delay:0.3373941633436415, throughput:20485
Sim Rollout episode:89/100, sim avg travel time:124.38186533296286, rewards:-211.71831597222223, queue:14.638715277777777, delay:0.2881281534830729, throughput:20743
Real rollout step:89/100, travel time:152.01630582974315, rewards:-342.18693576388887, queue:20.601388888888888, delay:0.34288431803385416, throughput:17279
forward model: training agent 0.
Epoch 0: forward train average loss 0.012233540829684999.
epoch 0: forward test average loss 0.01840441839562522.
Epoch 99: forward train average loss 0.00487268084867133.
epoch 99: forward test average loss 0.009915194163719812.
inverse model, training agent 0.
epoch 0: inverse train average loss 0.00467202487796688.
epoch 0: inverse test average loss 3.0518476200490517e-07.
epoch 99: inverse train average loss 0.0018980283421115018.
epoch 99: inverse test average loss 0.00015528567018918693.
forward model: training agent 1.
Epoch 0: forward train average loss 0.0025789358963569007.
epoch 0: forward test average loss 0.004309546616342332.
Epoch 99: forward train average loss 0.002182252265305983.
epoch 99: forward test average loss 0.005126951676275995.
inverse model, training agent 1.
epoch 0: inverse train average loss 0.0019054749041566134.
epoch 0: inverse test average loss 0.020748295717769198.
epoch 99: inverse train average loss 0.0016776747005577716.
epoch 99: inverse test average loss 0.007059389466626776.
forward model: training agent 2.
Epoch 0: forward train average loss 0.0024238828724871078.
epoch 0: forward test average loss 0.004888341451684634.
Epoch 99: forward train average loss 0.002208509301352832.
epoch 99: forward test average loss 0.003891613127456771.
inverse model, training agent 2.
epoch 0: inverse train average loss 0.002678361579051448.
epoch 0: inverse test average loss 0.00354670857389768.
epoch 99: inverse train average loss 0.000977609617014726.
epoch 99: inverse test average loss 0.01239222189825442.
forward model: training agent 3.
Epoch 0: forward train average loss 8.932844162236716e-12.
epoch 0: forward test average loss 8.888542872410711e-13.
Epoch 99: forward train average loss 1.4112042125388206e-12.
epoch 99: forward test average loss 7.478246802669928e-12.
inverse model, training agent 3.
epoch 0: inverse train average loss 0.0.
epoch 0: inverse test average loss 0.0.
epoch 99: inverse train average loss 0.0.
epoch 99: inverse test average loss 0.0.
forward model: training agent 4.
Epoch 0: forward train average loss 0.0020335132721811533.
epoch 0: forward test average loss 0.0027288104304009015.
Epoch 99: forward train average loss 0.001903956135114034.
epoch 99: forward test average loss 0.0029031342516342797.
inverse model, training agent 4.
epoch 0: inverse train average loss 0.016881001078420214.
epoch 0: inverse test average loss 0.021629751556449466.
epoch 99: inverse train average loss 0.005141643962512414.
epoch 99: inverse test average loss 0.011170731236537298.
forward model: training agent 5.
Epoch 0: forward train average loss 0.004037975540591611.
epoch 0: forward test average loss 0.007638299423787329.
Epoch 99: forward train average loss 0.0034714144551091725.
epoch 99: forward test average loss 0.006489870034986072.
inverse model, training agent 5.
epoch 0: inverse train average loss 6.426597012578996e-05.
epoch 0: inverse test average loss 0.00015146635699162894.
epoch 99: inverse train average loss 1.798263418272149e-06.
epoch 99: inverse test average loss 8.865637015434106e-06.
forward model: training agent 6.
Epoch 0: forward train average loss 0.00560120813962486.
epoch 0: forward test average loss 0.008830750154124366.
Epoch 99: forward train average loss 0.00435126277928551.
epoch 99: forward test average loss 0.007681528313292397.
inverse model, training agent 6.
epoch 0: inverse train average loss 0.0009402831953290539.
epoch 0: inverse test average loss 0.0002611113280484763.
epoch 99: inverse train average loss 0.0001925184745535565.
epoch 99: inverse test average loss 0.0005142427140122487.
forward model: training agent 7.
Epoch 0: forward train average loss 0.005262434068653319.
epoch 0: forward test average loss 0.0087589749859439.
Epoch 99: forward train average loss 0.004105525970872905.
epoch 99: forward test average loss 0.006851585374938117.
inverse model, training agent 7.
epoch 0: inverse train average loss 0.011776851904061105.
epoch 0: inverse test average loss 0.006278365565877821.
epoch 99: inverse train average loss 0.0039522636992235976.
epoch 99: inverse test average loss 0.003467045750262009.
forward model: training agent 8.
Epoch 0: forward train average loss 0.0028597277899583182.
epoch 0: forward test average loss 0.004719783655471272.
Epoch 99: forward train average loss 0.002590742531336016.
epoch 99: forward test average loss 0.0047376878145668246.
inverse model, training agent 8.
epoch 0: inverse train average loss 0.0020940349333816105.
epoch 0: inverse test average loss 0.0010083112283609807.
epoch 99: inverse train average loss 0.0008951207241302149.
epoch 99: inverse test average loss 0.0007155294944014815.
forward model: training agent 9.
Epoch 0: forward train average loss 0.00500661414116621.
epoch 0: forward test average loss 0.006981980469491746.
Epoch 99: forward train average loss 0.004514601599011157.
epoch 99: forward test average loss 0.00818230046166314.
inverse model, training agent 9.
epoch 0: inverse train average loss 0.00020223385697843417.
epoch 0: inverse test average loss 0.0001142885561807737.
epoch 99: inverse train average loss 3.1147941273148817e-06.
epoch 99: inverse test average loss 0.004089185276825447.
forward model: training agent 10.
Epoch 0: forward train average loss 0.003921662715988027.
epoch 0: forward test average loss 0.006038740691211488.
Epoch 99: forward train average loss 0.0035643773153424263.
epoch 99: forward test average loss 0.006110299585594071.
inverse model, training agent 10.
epoch 0: inverse train average loss 0.0006748843083591459.
epoch 0: inverse test average loss 0.001704490174435907.
epoch 99: inverse train average loss 0.00013114465319732617.
epoch 99: inverse test average loss 0.0008375659429778656.
forward model: training agent 11.
Epoch 0: forward train average loss 0.007133080106642511.
epoch 0: forward test average loss 0.010838201890389124.
Epoch 99: forward train average loss 0.004047606088634994.
epoch 99: forward test average loss 0.006674565167890655.
inverse model, training agent 11.
epoch 0: inverse train average loss 0.0011714945333854605.
epoch 0: inverse test average loss 5.584239422912813e-05.
epoch 99: inverse train average loss 0.00021447725723394088.
epoch 99: inverse test average loss 8.09289656950164e-05.
forward model: training agent 12.
Epoch 0: forward train average loss 0.0015939487299571435.
epoch 0: forward test average loss 0.0027191335749295023.
Epoch 99: forward train average loss 0.001349733935462104.
epoch 99: forward test average loss 0.0021911285196741423.
inverse model, training agent 12.
epoch 0: inverse train average loss 1.6750616692318143e-09.
epoch 0: inverse test average loss 1.287171597949863e-07.
epoch 99: inverse train average loss 4.527261590306056e-11.
epoch 99: inverse test average loss 1.7052611332878264e-06.
forward model: training agent 13.
Epoch 0: forward train average loss 0.0024387833869291674.
epoch 0: forward test average loss 0.0036364967624346414.
Epoch 99: forward train average loss 0.002108254133620196.
epoch 99: forward test average loss 0.0036670822236273023.
inverse model, training agent 13.
epoch 0: inverse train average loss 0.004073092300030921.
epoch 0: inverse test average loss 0.025822944939136505.
epoch 99: inverse train average loss 0.0007520624850359228.
epoch 99: inverse test average loss 0.01463840901851654.
forward model: training agent 14.
Epoch 0: forward train average loss 0.004342862663583623.
epoch 0: forward test average loss 0.006254269844955868.
Epoch 99: forward train average loss 0.0040576208589805495.
epoch 99: forward test average loss 0.006774986783663432.
inverse model, training agent 14.
epoch 0: inverse train average loss 0.0009209585300090516.
epoch 0: inverse test average loss 0.0007585472614866578.
epoch 99: inverse train average loss 0.00024696365613231645.
epoch 99: inverse test average loss 0.000702815584696105.
forward model: training agent 15.
Epoch 0: forward train average loss 0.0054039791640308164.
epoch 0: forward test average loss 0.008668192558818393.
Epoch 99: forward train average loss 0.004291559828238355.
epoch 99: forward test average loss 0.007483081685172187.
inverse model, training agent 15.
epoch 0: inverse train average loss 0.0018237594825526078.
epoch 0: inverse test average loss 0.003360960373861922.
epoch 99: inverse train average loss 0.0005337961095695695.
epoch 99: inverse test average loss 0.0013266301506923304.
Policy training episode: 89, grounded actions taken: 5760, last two uncertainties: {0: [0.0, 0.0], 1: [0.0, 0.0], 2: [0.0, 0.0], 3: [0.0, 0.0], 4: [0.0, 0.0], 5: [0.0, 0.0], 6: [0.0, 0.0], 7: [0.0, 0.0], 8: [0.0, 0.0], 9: [0.0, 0.0], 10: [0.0, 0.0], 11: [0.0, 0.0], 12: [0.0, 0.0], 13: [0.0, 0.0], 14: [0.0, 0.0], 15: [0.0, 0.0]}, avg agent uncertainties: [0.0, 0.0, 0.0, 0.0, 0.0, 0.0, 0.0, 0.0, 0.0, 0.0, 0.0, 0.0, 0.0, 0.0, 0.0, 0.0], grounded actions by agent: [360, 360, 360, 360, 360, 360, 360, 360, 360, 360, 360, 360, 360, 360, 360, 360]
Policy training episode: 89, iteration 0/1, policy training avg travel time:154.71156072040372, q_loss:35.80524826049805, rewards:-297.5830512152778, queue:19.151041666666668, delay:0.3261266920301649, throughput:20360
Sim Rollout episode:90/100, sim avg travel time:119.1801805973605, rewards:-192.78001302083334, queue:12.686979166666667, delay:0.2659056981404622, throughput:20788
Real rollout step:90/100, travel time:142.73394896453746, rewards:-314.2705295138889, queue:17.809722222222224, delay:0.33968391418457033, throughput:17352
forward model: training agent 0.
Epoch 0: forward train average loss 0.008137664343747828.
epoch 0: forward test average loss 0.009961794647905562.
Epoch 99: forward train average loss 0.004632055345508788.
epoch 99: forward test average loss 0.0070796045992109514.
inverse model, training agent 0.
epoch 0: inverse train average loss 0.0030750908966486654.
epoch 0: inverse test average loss 0.0018581387897332509.
epoch 99: inverse train average loss 0.0009006718496998979.
epoch 99: inverse test average loss 0.0009695026480282346.
forward model: training agent 1.
Epoch 0: forward train average loss 0.002668962813913822.
epoch 0: forward test average loss 0.004363135952088568.
Epoch 99: forward train average loss 0.002282448889066776.
epoch 99: forward test average loss 0.004271401920252376.
inverse model, training agent 1.
epoch 0: inverse train average loss 0.00046150945773762133.
epoch 0: inverse test average loss 0.0005419987719506025.
epoch 99: inverse train average loss 0.00015568708315388195.
epoch 99: inverse test average loss 0.0003017321448876626.
forward model: training agent 2.
Epoch 0: forward train average loss 0.0024984489815930524.
epoch 0: forward test average loss 0.004200039431452751.
Epoch 99: forward train average loss 0.0021410618339561755.
epoch 99: forward test average loss 0.0038609314295980665.
inverse model, training agent 2.
epoch 0: inverse train average loss 0.0007175771170295775.
epoch 0: inverse test average loss 0.007316327343384425.
epoch 99: inverse train average loss 0.0002591366287055684.
epoch 99: inverse test average loss 0.004685548443445795.
forward model: training agent 3.
Epoch 0: forward train average loss 5.526097423022878e-12.
epoch 0: forward test average loss 8.786768380798627e-12.
Epoch 99: forward train average loss 6.260508013692864e-11.
epoch 99: forward test average loss 1.7630820260529212e-10.
inverse model, training agent 3.
epoch 0: inverse train average loss 0.0.
epoch 0: inverse test average loss 0.0.
epoch 99: inverse train average loss 0.0.
epoch 99: inverse test average loss 0.0.
forward model: training agent 4.
Epoch 0: forward train average loss 0.0018716499778545564.
epoch 0: forward test average loss 0.0035211023771100575.
Epoch 99: forward train average loss 0.0017831179106401072.
epoch 99: forward test average loss 0.002972814357943005.
inverse model, training agent 4.
epoch 0: inverse train average loss 0.011812198700176345.
epoch 0: inverse test average loss 0.013440561791261038.
epoch 99: inverse train average loss 0.00029935505234688107.
epoch 99: inverse test average loss 0.0014046884219472606.
forward model: training agent 5.
Epoch 0: forward train average loss 0.003980827517807484.
epoch 0: forward test average loss 0.006379074934456084.
Epoch 99: forward train average loss 0.003297717258748081.
epoch 99: forward test average loss 0.005614268490009838.
inverse model, training agent 5.
epoch 0: inverse train average loss 2.5315492390771196e-06.
epoch 0: inverse test average loss 6.027712650001781e-09.
epoch 99: inverse train average loss 3.9126227985297746e-07.
epoch 99: inverse test average loss 5.380957901479633e-09.
forward model: training agent 6.
Epoch 0: forward train average loss 0.004680402369962798.
epoch 0: forward test average loss 0.007882032957341936.
Epoch 99: forward train average loss 0.003980178282492691.
epoch 99: forward test average loss 0.007307148228089015.
inverse model, training agent 6.
epoch 0: inverse train average loss 0.0008687169821415511.
epoch 0: inverse test average loss 8.897708580156582e-05.
epoch 99: inverse train average loss 0.00019201454011231868.
epoch 99: inverse test average loss 0.00035148011455829773.
forward model: training agent 7.
Epoch 0: forward train average loss 0.004521785666131311.
epoch 0: forward test average loss 0.006754033474458588.
Epoch 99: forward train average loss 0.0035655537309745946.
epoch 99: forward test average loss 0.006392790004611015.
inverse model, training agent 7.
epoch 0: inverse train average loss 0.01138043486409717.
epoch 0: inverse test average loss 0.010645246340168847.
epoch 99: inverse train average loss 0.0038213329389691353.
epoch 99: inverse test average loss 0.005448006559163332.
forward model: training agent 8.
Epoch 0: forward train average loss 0.002750732522043917.
epoch 0: forward test average loss 0.003747934889462259.
Epoch 99: forward train average loss 0.0025307146004504627.
epoch 99: forward test average loss 0.0057201093683640165.
inverse model, training agent 8.
epoch 0: inverse train average loss 0.0028841391645578873.
epoch 0: inverse test average loss 0.0009001250145956874.
epoch 99: inverse train average loss 0.0016350516299199727.
epoch 99: inverse test average loss 0.0011142734955582353.
forward model: training agent 9.
Epoch 0: forward train average loss 0.005041083838376734.
epoch 0: forward test average loss 0.007831895103057226.
Epoch 99: forward train average loss 0.004443715481708447.
epoch 99: forward test average loss 0.007973288082414202.
inverse model, training agent 9.
epoch 0: inverse train average loss 0.004312204623905321.
epoch 0: inverse test average loss 0.00018113246049880318.
epoch 99: inverse train average loss 0.002030912469813807.
epoch 99: inverse test average loss 0.00026898743817582726.
forward model: training agent 10.
Epoch 0: forward train average loss 0.003962838660097784.
epoch 0: forward test average loss 0.005670510646369722.
Epoch 99: forward train average loss 0.003748431232654386.
epoch 99: forward test average loss 0.006626135359207789.
inverse model, training agent 10.
epoch 0: inverse train average loss 0.0008148813018730531.
epoch 0: inverse test average loss 0.0012098691529697841.
epoch 99: inverse train average loss 0.00035773644857625995.
epoch 99: inverse test average loss 0.000578188311515583.
forward model: training agent 11.
Epoch 0: forward train average loss 0.00590054194132487.
epoch 0: forward test average loss 0.008184542258580526.
Epoch 99: forward train average loss 0.0037376319782601464.
epoch 99: forward test average loss 0.00655962299141619.
inverse model, training agent 11.
epoch 0: inverse train average loss 0.0011042119117013903.
epoch 0: inverse test average loss 0.0015541507293366725.
epoch 99: inverse train average loss 0.00020794154190500395.
epoch 99: inverse test average loss 0.0017274867531840402.
forward model: training agent 12.
Epoch 0: forward train average loss 0.0015621812393267949.
epoch 0: forward test average loss 0.0019621789041492674.
Epoch 99: forward train average loss 0.0013245568455507357.
epoch 99: forward test average loss 0.0019907977225051988.
inverse model, training agent 12.
epoch 0: inverse train average loss 7.114267816829864e-11.
epoch 0: inverse test average loss 0.011151687190350553.
epoch 99: inverse train average loss 1.9402552481340152e-11.
epoch 99: inverse test average loss 0.009013272847773299.
forward model: training agent 13.
Epoch 0: forward train average loss 0.0021168163253201377.
epoch 0: forward test average loss 0.0037302739090389675.
Epoch 99: forward train average loss 0.0018870777760942776.
epoch 99: forward test average loss 0.00397112551662657.
inverse model, training agent 13.
epoch 0: inverse train average loss 0.0006471647454115251.
epoch 0: inverse test average loss 0.0014072074296159877.
epoch 99: inverse train average loss 0.0001806111314282235.
epoch 99: inverse test average loss 0.0010039836892651187.
forward model: training agent 14.
Epoch 0: forward train average loss 0.004585151664084858.
epoch 0: forward test average loss 0.007313239077727.
Epoch 99: forward train average loss 0.004257792348249091.
epoch 99: forward test average loss 0.008134939811295934.
inverse model, training agent 14.
epoch 0: inverse train average loss 0.0007769310953638827.
epoch 0: inverse test average loss 0.00035985632954786223.
epoch 99: inverse train average loss 0.0002693942199888018.
epoch 99: inverse test average loss 0.0004252403685111656.
forward model: training agent 15.
Epoch 0: forward train average loss 0.006699125903348128.
epoch 0: forward test average loss 0.011231221672561433.
Epoch 99: forward train average loss 0.004458072698778576.
epoch 99: forward test average loss 0.007346658450033929.
inverse model, training agent 15.
epoch 0: inverse train average loss 0.0023072573304590252.
epoch 0: inverse test average loss 0.0006355271454797023.
epoch 99: inverse train average loss 0.0009940339562793572.
epoch 99: inverse test average loss 0.0006761213783950856.
Policy training episode: 90, grounded actions taken: 5760, last two uncertainties: {0: [0.0, 0.0], 1: [0.0, 0.0], 2: [0.0, 0.0], 3: [0.0, 0.0], 4: [0.0, 0.0], 5: [0.0, 0.0], 6: [0.0, 0.0], 7: [0.0, 0.0], 8: [0.0, 0.0], 9: [0.0, 0.0], 10: [0.0, 0.0], 11: [0.0, 0.0], 12: [0.0, 0.0], 13: [0.0, 0.0], 14: [0.0, 0.0], 15: [0.0, 0.0]}, avg agent uncertainties: [0.0, 0.0, 0.0, 0.0, 0.0, 0.0, 0.0, 0.0, 0.0, 0.0, 0.0, 0.0, 0.0, 0.0, 0.0, 0.0], grounded actions by agent: [360, 360, 360, 360, 360, 360, 360, 360, 360, 360, 360, 360, 360, 360, 360, 360]
Policy training episode: 90, iteration 0/1, policy training avg travel time:146.07052885060665, q_loss:33.58854293823242, rewards:-279.28667534722223, queue:18.00486111111111, delay:0.3259295993381076, throughput:20498
Sim Rollout episode:91/100, sim avg travel time:117.57134917326664, rewards:-188.99832899305557, queue:12.259722222222223, delay:0.25510198805067275, throughput:20798
Real rollout step:91/100, travel time:137.78454064086466, rewards:-310.0680121527778, queue:16.784548611111113, delay:0.3153275807698568, throughput:17366
forward model: training agent 0.
Epoch 0: forward train average loss 0.005711801660557588.
epoch 0: forward test average loss 0.010059259417984221.
Epoch 99: forward train average loss 0.004485909102691544.
epoch 99: forward test average loss 0.008174215339952044.
inverse model, training agent 0.
epoch 0: inverse train average loss 0.024490085947844718.
epoch 0: inverse test average loss 0.0766519804795583.
epoch 99: inverse train average loss 0.008584923214382596.
epoch 99: inverse test average loss 0.01861514647801717.
forward model: training agent 1.
Epoch 0: forward train average loss 0.0027028661117785508.
epoch 0: forward test average loss 0.0036377691560321385.
Epoch 99: forward train average loss 0.0023103557630545562.
epoch 99: forward test average loss 0.0036866034691532454.
inverse model, training agent 1.
epoch 0: inverse train average loss 0.00015675402391934767.
epoch 0: inverse test average loss 0.00010867534405810552.
epoch 99: inverse train average loss 4.773688392055596e-05.
epoch 99: inverse test average loss 1.0517362776833275e-05.
forward model: training agent 2.
Epoch 0: forward train average loss 0.002449450083076954.
epoch 0: forward test average loss 0.004023661216100057.
Epoch 99: forward train average loss 0.0021559996789114345.
epoch 99: forward test average loss 0.004370617990692456.
inverse model, training agent 2.
epoch 0: inverse train average loss 0.001400423113308433.
epoch 0: inverse test average loss 0.0009812941813531022.
epoch 99: inverse train average loss 0.0006227023259270936.
epoch 99: inverse test average loss 0.0006049044572541283.
forward model: training agent 3.
Epoch 0: forward train average loss 4.652642256803347e-11.
epoch 0: forward test average loss 1.0176489897675525e-10.
Epoch 99: forward train average loss 1.0082164751987508e-11.
epoch 99: forward test average loss 2.4898795987956152e-11.
inverse model, training agent 3.
epoch 0: inverse train average loss 0.0.
epoch 0: inverse test average loss 0.0.
epoch 99: inverse train average loss 0.0.
epoch 99: inverse test average loss 0.0.
forward model: training agent 4.
Epoch 0: forward train average loss 0.001833229067011012.
epoch 0: forward test average loss 0.003122961045139366.
Epoch 99: forward train average loss 0.0017836112270338668.
epoch 99: forward test average loss 0.002575685994492637.
inverse model, training agent 4.
epoch 0: inverse train average loss 0.008256696061127715.
epoch 0: inverse test average loss 0.016880250639385648.
epoch 99: inverse train average loss 0.0024894019847528804.
epoch 99: inverse test average loss 0.004675649934344822.
forward model: training agent 5.
Epoch 0: forward train average loss 0.004169998587005668.
epoch 0: forward test average loss 0.00803344551887777.
Epoch 99: forward train average loss 0.003343502680460612.
epoch 99: forward test average loss 0.005779331550002098.
inverse model, training agent 5.
epoch 0: inverse train average loss 0.00025523305397199023.
epoch 0: inverse test average loss 9.868231750766022e-07.
epoch 99: inverse train average loss 5.2500151462532405e-05.
epoch 99: inverse test average loss 2.6696705693514864e-06.
forward model: training agent 6.
Epoch 0: forward train average loss 0.005300929252472188.
epoch 0: forward test average loss 0.00934130491481887.
Epoch 99: forward train average loss 0.004137236521475845.
epoch 99: forward test average loss 0.007818612373537488.
inverse model, training agent 6.
epoch 0: inverse train average loss 0.0015508138522919682.
epoch 0: inverse test average loss 0.0008089225997941361.
epoch 99: inverse train average loss 0.0001272708864740303.
epoch 99: inverse test average loss 0.0006465967478814289.
forward model: training agent 7.
Epoch 0: forward train average loss 0.004577999261932241.
epoch 0: forward test average loss 0.008532569226291444.
Epoch 99: forward train average loss 0.0038897369781302083.
epoch 99: forward test average loss 0.0069278257174624335.
inverse model, training agent 7.
epoch 0: inverse train average loss 0.007080401449153821.
epoch 0: inverse test average loss 0.008259970183846436.
epoch 99: inverse train average loss 0.005622269120067358.
epoch 99: inverse test average loss 0.010995409554905362.
forward model: training agent 8.
Epoch 0: forward train average loss 0.0028129317797720432.
epoch 0: forward test average loss 0.004628814135988553.
Epoch 99: forward train average loss 0.0025481757604413563.
epoch 99: forward test average loss 0.005084191759427388.
inverse model, training agent 8.
epoch 0: inverse train average loss 0.0011427424227197964.
epoch 0: inverse test average loss 0.0035517650216610897.
epoch 99: inverse train average loss 0.0006601889035664499.
epoch 99: inverse test average loss 0.027198446086711354.
forward model: training agent 9.
Epoch 0: forward train average loss 0.004949940678973992.
epoch 0: forward test average loss 0.010063591930601332.
Epoch 99: forward train average loss 0.004329494769788451.
epoch 99: forward test average loss 0.008442252046532102.
inverse model, training agent 9.
epoch 0: inverse train average loss 0.0004463104713876318.
epoch 0: inverse test average loss 4.397736884540235e-05.
epoch 99: inverse train average loss 0.00011852096086941956.
epoch 99: inverse test average loss 4.172725473515647e-05.
forward model: training agent 10.
Epoch 0: forward train average loss 0.004019130745695697.
epoch 0: forward test average loss 0.0068994855715168845.
Epoch 99: forward train average loss 0.0036944476887583733.
epoch 99: forward test average loss 0.006819702270958159.
inverse model, training agent 10.
epoch 0: inverse train average loss 0.0008272333976088299.
epoch 0: inverse test average loss 0.0003296582080009911.
epoch 99: inverse train average loss 0.00038579727697651833.
epoch 99: inverse test average loss 0.0002340839710086584.
forward model: training agent 11.
Epoch 0: forward train average loss 0.006844299948877758.
epoch 0: forward test average loss 0.009279636873139275.
Epoch 99: forward train average loss 0.0035604420635435316.
epoch 99: forward test average loss 0.006369115577803718.
inverse model, training agent 11.
epoch 0: inverse train average loss 0.0009433947268714999.
epoch 0: inverse test average loss 0.00617297635310226.
epoch 99: inverse train average loss 0.00021933838434051722.
epoch 99: inverse test average loss 0.003518574379591478.
forward model: training agent 12.
Epoch 0: forward train average loss 0.001410948397177789.
epoch 0: forward test average loss 0.002379314973950386.
Epoch 99: forward train average loss 0.0011990622151643038.
epoch 99: forward test average loss 0.0021936380200915867.
inverse model, training agent 12.
epoch 0: inverse train average loss 3.880496911455743e-10.
epoch 0: inverse test average loss 0.0.
epoch 99: inverse train average loss 1.2935034987560101e-11.
epoch 99: inverse test average loss 0.0.
forward model: training agent 13.
Epoch 0: forward train average loss 0.002278691545749704.
epoch 0: forward test average loss 0.003293448541727331.
Epoch 99: forward train average loss 0.001991728941599528.
epoch 99: forward test average loss 0.003568630355099837.
inverse model, training agent 13.
epoch 0: inverse train average loss 0.0011988395449912383.
epoch 0: inverse test average loss 0.0011011397259102927.
epoch 99: inverse train average loss 0.0003858859143090538.
epoch 99: inverse test average loss 0.0010899913031607866.
forward model: training agent 14.
Epoch 0: forward train average loss 0.004797482449147437.
epoch 0: forward test average loss 0.007410961513717969.
Epoch 99: forward train average loss 0.004349876867814196.
epoch 99: forward test average loss 0.006455500092771318.
inverse model, training agent 14.
epoch 0: inverse train average loss 0.002327716676518321.
epoch 0: inverse test average loss 0.0001714289068735929.
epoch 99: inverse train average loss 0.00034661235662901565.
epoch 99: inverse test average loss 0.0001826197904948559.
forward model: training agent 15.
Epoch 0: forward train average loss 0.009380025064779652.
epoch 0: forward test average loss 0.01092748592297236.
Epoch 99: forward train average loss 0.004394561724944247.
epoch 99: forward test average loss 0.007561434060335159.
inverse model, training agent 15.
epoch 0: inverse train average loss 0.010123870542479886.
epoch 0: inverse test average loss 0.006309533595210976.
epoch 99: inverse train average loss 0.0001816278947646626.
epoch 99: inverse test average loss 0.002169400557047791.
Policy training episode: 91, grounded actions taken: 5760, last two uncertainties: {0: [0.0, 0.0], 1: [0.0, 0.0], 2: [0.0, 0.0], 3: [0.0, 0.0], 4: [0.0, 0.0], 5: [0.0, 0.0], 6: [0.0, 0.0], 7: [0.0, 0.0], 8: [0.0, 0.0], 9: [0.0, 0.0], 10: [0.0, 0.0], 11: [0.0, 0.0], 12: [0.0, 0.0], 13: [0.0, 0.0], 14: [0.0, 0.0], 15: [0.0, 0.0]}, avg agent uncertainties: [0.0, 0.0, 0.0, 0.0, 0.0, 0.0, 0.0, 0.0, 0.0, 0.0, 0.0, 0.0, 0.0, 0.0, 0.0, 0.0], grounded actions by agent: [360, 360, 360, 360, 360, 360, 360, 360, 360, 360, 360, 360, 360, 360, 360, 360]
Policy training episode: 91, iteration 0/1, policy training avg travel time:172.13600370456123, q_loss:29.96297264099121, rewards:-377.10503472222223, queue:25.406076388888888, delay:0.3428578906589084, throughput:20091
Sim Rollout episode:92/100, sim avg travel time:118.07765326912391, rewards:-191.5603081597222, queue:12.313541666666667, delay:0.2679950290256076, throughput:20804
Real rollout step:92/100, travel time:140.2319252418165, rewards:-311.82586805555553, queue:17.188541666666666, delay:0.3393692864312066, throughput:17354
forward model: training agent 0.
Epoch 0: forward train average loss 0.004887038634883033.
epoch 0: forward test average loss 0.007910637805859247.
Epoch 99: forward train average loss 0.004176006341973941.
epoch 99: forward test average loss 0.008339081787400775.
inverse model, training agent 0.
epoch 0: inverse train average loss 0.010638751710454622.
epoch 0: inverse test average loss 0.00852596221698655.
epoch 99: inverse train average loss 0.006248871071471108.
epoch 99: inverse test average loss 0.005621916200551722.
forward model: training agent 1.
Epoch 0: forward train average loss 0.0028765277626613774.
epoch 0: forward test average loss 0.004397252781523598.
Epoch 99: forward train average loss 0.002251395360670156.
epoch 99: forward test average loss 0.004021470124522845.
inverse model, training agent 1.
epoch 0: inverse train average loss 0.0022828925163291083.
epoch 0: inverse test average loss 0.0016410646399486319.
epoch 99: inverse train average loss 0.000755992538567322.
epoch 99: inverse test average loss 0.0006738284137099981.
forward model: training agent 2.
Epoch 0: forward train average loss 0.0025910581462085247.
epoch 0: forward test average loss 0.004672495234343741.
Epoch 99: forward train average loss 0.002188681702439984.
epoch 99: forward test average loss 0.004384767471088303.
inverse model, training agent 2.
epoch 0: inverse train average loss 0.003106186657937037.
epoch 0: inverse test average loss 0.002337746141064498.
epoch 99: inverse train average loss 0.0017633938825585777.
epoch 99: inverse test average loss 0.0017694417668584113.
forward model: training agent 3.
Epoch 0: forward train average loss 2.8994965764781198e-11.
epoch 0: forward test average loss 9.953631129199102e-11.
Epoch 99: forward train average loss 5.4907331725529245e-12.
epoch 99: forward test average loss 7.740576312636409e-12.
inverse model, training agent 3.
epoch 0: inverse train average loss 0.0.
epoch 0: inverse test average loss 0.0.
epoch 99: inverse train average loss 0.0.
epoch 99: inverse test average loss 0.0.
forward model: training agent 4.
Epoch 0: forward train average loss 0.0018247503321617842.
epoch 0: forward test average loss 0.002609487726456589.
Epoch 99: forward train average loss 0.0017456021935989459.
epoch 99: forward test average loss 0.0028573648176259464.
inverse model, training agent 4.
epoch 0: inverse train average loss 0.002679476100537512.
epoch 0: inverse test average loss 0.003541732206940651.
epoch 99: inverse train average loss 0.002259704672421018.
epoch 99: inverse test average loss 0.006278276443481445.
forward model: training agent 5.
Epoch 0: forward train average loss 0.004859841169996394.
epoch 0: forward test average loss 0.009411459581719505.
Epoch 99: forward train average loss 0.0033266975337432492.
epoch 99: forward test average loss 0.0057330675837066435.
inverse model, training agent 5.
epoch 0: inverse train average loss 2.266491989644237e-06.
epoch 0: inverse test average loss 3.417254231437757e-08.
epoch 99: inverse train average loss 9.6194304285054e-07.
epoch 99: inverse test average loss 3.0861623182924326e-08.
forward model: training agent 6.
Epoch 0: forward train average loss 0.005831124674942758.
epoch 0: forward test average loss 0.00920077951418029.
Epoch 99: forward train average loss 0.004291865457263257.
epoch 99: forward test average loss 0.007398003091414769.
inverse model, training agent 6.
epoch 0: inverse train average loss 0.00034494580581344455.
epoch 0: inverse test average loss 0.00045503936578623124.
epoch 99: inverse train average loss 0.00011030212044715881.
epoch 99: inverse test average loss 0.00017400257881187523.
forward model: training agent 7.
Epoch 0: forward train average loss 0.00702420642806424.
epoch 0: forward test average loss 0.011515308999352984.
Epoch 99: forward train average loss 0.004365519879178869.
epoch 99: forward test average loss 0.007480613680349456.
inverse model, training agent 7.
epoch 0: inverse train average loss 0.015834324889712863.
epoch 0: inverse test average loss 0.016754632194836933.
epoch 99: inverse train average loss 0.004984436608437035.
epoch 99: inverse test average loss 0.01327836223774486.
forward model: training agent 8.
Epoch 0: forward train average loss 0.009031008618573347.
epoch 0: forward test average loss 0.01096707872218556.
Epoch 99: forward train average loss 0.0036946790706780222.
epoch 99: forward test average loss 0.007261075907283359.
inverse model, training agent 8.
epoch 0: inverse train average loss 0.0008674522881240895.
epoch 0: inverse test average loss 0.008853606465790007.
epoch 99: inverse train average loss 0.0003526500950101763.
epoch 99: inverse test average loss 0.007017279043793678.
forward model: training agent 9.
Epoch 0: forward train average loss 0.004843685569034683.
epoch 0: forward test average loss 0.008619946324163012.
Epoch 99: forward train average loss 0.004406271036714315.
epoch 99: forward test average loss 0.008594523701402876.
inverse model, training agent 9.
epoch 0: inverse train average loss 0.0010429661979792905.
epoch 0: inverse test average loss 6.527530482950776e-06.
epoch 99: inverse train average loss 0.00048634178417867387.
epoch 99: inverse test average loss 9.6573897078795e-06.
forward model: training agent 10.
Epoch 0: forward train average loss 0.004302890971302986.
epoch 0: forward test average loss 0.006874889135360718.
Epoch 99: forward train average loss 0.003697186139308744.
epoch 99: forward test average loss 0.006567934941914346.
inverse model, training agent 10.
epoch 0: inverse train average loss 0.0004406687172983463.
epoch 0: inverse test average loss 0.0003370068350502859.
epoch 99: inverse train average loss 0.00018653848827751871.
epoch 99: inverse test average loss 0.00019373392771942436.
forward model: training agent 11.
Epoch 0: forward train average loss 0.003757269483887487.
epoch 0: forward test average loss 0.0063277143571111895.
Epoch 99: forward train average loss 0.003435301904877027.
epoch 99: forward test average loss 0.0056748172889153166.
inverse model, training agent 11.
epoch 0: inverse train average loss 0.0003876527059926755.
epoch 0: inverse test average loss 0.004953011456463072.
epoch 99: inverse train average loss 7.004796619488236e-05.
epoch 99: inverse test average loss 0.0021420781914558676.
forward model: training agent 12.
Epoch 0: forward train average loss 0.0013580956341077883.
epoch 0: forward test average loss 0.002660777730246385.
Epoch 99: forward train average loss 0.0011750751744127935.
epoch 99: forward test average loss 0.002251423481437895.
inverse model, training agent 12.
epoch 0: inverse train average loss 1.0348023595415275e-10.
epoch 0: inverse test average loss 9.313206008856569e-10.
epoch 99: inverse train average loss 1.2935034987560101e-11.
epoch 99: inverse test average loss 2.612861828134151e-09.
forward model: training agent 13.
Epoch 0: forward train average loss 0.0022468871385273007.
epoch 0: forward test average loss 0.0037509824873672593.
Epoch 99: forward train average loss 0.0020168012318511805.
epoch 99: forward test average loss 0.00321554909977648.
inverse model, training agent 13.
epoch 0: inverse train average loss 0.00022865228432541093.
epoch 0: inverse test average loss 0.0001772097958665755.
epoch 99: inverse train average loss 4.5760568658200405e-05.
epoch 99: inverse test average loss 0.00011867088121814757.
forward model: training agent 14.
Epoch 0: forward train average loss 0.0046272531358732116.
epoch 0: forward test average loss 0.00615396433406406.
Epoch 99: forward train average loss 0.004300898768835598.
epoch 99: forward test average loss 0.006442283797595236.
inverse model, training agent 14.
epoch 0: inverse train average loss 0.0010462701547011319.
epoch 0: inverse test average loss 0.00012078069266863167.
epoch 99: inverse train average loss 5.877687848017862e-05.
epoch 99: inverse test average loss 0.003991343882969684.
forward model: training agent 15.
Epoch 0: forward train average loss 0.007299304008483887.
epoch 0: forward test average loss 0.011446795529789396.
Epoch 99: forward train average loss 0.004329518363293674.
epoch 99: forward test average loss 0.007537827102674378.
inverse model, training agent 15.
epoch 0: inverse train average loss 0.004222404654784542.
epoch 0: inverse test average loss 0.0033238998924692473.
epoch 99: inverse train average loss 0.0005994889781706863.
epoch 99: inverse test average loss 0.003426868158082167.
Policy training episode: 92, grounded actions taken: 5760, last two uncertainties: {0: [0.0, 0.0], 1: [0.0, 0.0], 2: [0.0, 0.0], 3: [0.0, 0.0], 4: [0.0, 0.0], 5: [0.0, 0.0], 6: [0.0, 0.0], 7: [0.0, 0.0], 8: [0.0, 0.0], 9: [0.0, 0.0], 10: [0.0, 0.0], 11: [0.0, 0.0], 12: [0.0, 0.0], 13: [0.0, 0.0], 14: [0.0, 0.0], 15: [0.0, 0.0]}, avg agent uncertainties: [0.0, 0.0, 0.0, 0.0, 0.0, 0.0, 0.0, 0.0, 0.0, 0.0, 0.0, 0.0, 0.0, 0.0, 0.0, 0.0], grounded actions by agent: [360, 360, 360, 360, 360, 360, 360, 360, 360, 360, 360, 360, 360, 360, 360, 360]
Policy training episode: 92, iteration 0/1, policy training avg travel time:153.04344000370492, q_loss:27.059358596801758, rewards:-292.14557291666665, queue:18.854340277777776, delay:0.3208067999945747, throughput:20383
Sim Rollout episode:93/100, sim avg travel time:116.5151627390157, rewards:-189.08331163194444, queue:12.19375, delay:0.2586603800455729, throughput:20817
Real rollout step:93/100, travel time:139.658620501338, rewards:-311.3890625, queue:16.967534722222222, delay:0.3193141089545356, throughput:17334
forward model: training agent 0.
Epoch 0: forward train average loss 0.0048011863190266825.
epoch 0: forward test average loss 0.007937853948937522.
Epoch 99: forward train average loss 0.004231980794833766.
epoch 99: forward test average loss 0.008293921334875954.
inverse model, training agent 0.
epoch 0: inverse train average loss 0.007664753175857995.
epoch 0: inverse test average loss 0.009250931027862761.
epoch 99: inverse train average loss 0.005932138094471561.
epoch 99: inverse test average loss 0.010037412659989463.
forward model: training agent 1.
Epoch 0: forward train average loss 0.0026987305221458278.
epoch 0: forward test average loss 0.0036755454623036915.
Epoch 99: forward train average loss 0.0022249906841251585.
epoch 99: forward test average loss 0.003471626796656185.
inverse model, training agent 1.
epoch 0: inverse train average loss 0.0006784309743023994.
epoch 0: inverse test average loss 0.0024564642096973127.
epoch 99: inverse train average loss 0.00015279598624652458.
epoch 99: inverse test average loss 0.003849813223092092.
forward model: training agent 2.
Epoch 0: forward train average loss 0.002435993765377336.
epoch 0: forward test average loss 0.0038968239807420308.
Epoch 99: forward train average loss 0.0021594815577069917.
epoch 99: forward test average loss 0.003790521373351415.
inverse model, training agent 2.
epoch 0: inverse train average loss 0.0025414884633695087.
epoch 0: inverse test average loss 0.001203544402313936.
epoch 99: inverse train average loss 0.0014532023989078072.
epoch 99: inverse test average loss 0.0011280931325422393.
forward model: training agent 3.
Epoch 0: forward train average loss 3.4030897554027722e-12.
epoch 0: forward test average loss 3.4472160851148656e-12.
Epoch 99: forward train average loss 1.4879352163652064e-11.
epoch 99: forward test average loss 3.036136465696239e-11.
inverse model, training agent 3.
epoch 0: inverse train average loss 0.0.
epoch 0: inverse test average loss 0.0.
epoch 99: inverse train average loss 0.0.
epoch 99: inverse test average loss 0.0.
forward model: training agent 4.
Epoch 0: forward train average loss 0.0018174191678149833.
epoch 0: forward test average loss 0.0027913636424475247.
Epoch 99: forward train average loss 0.001714081425840656.
epoch 99: forward test average loss 0.0026730235872997176.
inverse model, training agent 4.
epoch 0: inverse train average loss 0.002444834422527088.
epoch 0: inverse test average loss 0.004453278353644742.
epoch 99: inverse train average loss 0.002114399103447795.
epoch 99: inverse test average loss 0.0018433086645220304.
forward model: training agent 5.
Epoch 0: forward train average loss 0.003781834255076117.
epoch 0: forward test average loss 0.00687102187010977.
Epoch 99: forward train average loss 0.0032701360372205577.
epoch 99: forward test average loss 0.00780307874083519.
inverse model, training agent 5.
epoch 0: inverse train average loss 8.524256800414144e-05.
epoch 0: inverse test average loss 1.0487243445014528e-06.
epoch 99: inverse train average loss 3.5473736311865246e-06.
epoch 99: inverse test average loss 2.0589948993195626e-06.
forward model: training agent 6.
Epoch 0: forward train average loss 0.00614612042489979.
epoch 0: forward test average loss 0.00969031121995714.
Epoch 99: forward train average loss 0.004267383573783768.
epoch 99: forward test average loss 0.00757809148894416.
inverse model, training agent 6.
epoch 0: inverse train average loss 0.0012149469160552446.
epoch 0: inverse test average loss 0.00018877573529607616.
epoch 99: inverse train average loss 0.00030345598578504805.
epoch 99: inverse test average loss 7.437797012244118e-05.
forward model: training agent 7.
Epoch 0: forward train average loss 0.006611017406814628.
epoch 0: forward test average loss 0.009837536762158075.
Epoch 99: forward train average loss 0.004018736020144489.
epoch 99: forward test average loss 0.00752400192949507.
inverse model, training agent 7.
epoch 0: inverse train average loss 0.007160675194528367.
epoch 0: inverse test average loss 0.01803609563244714.
epoch 99: inverse train average loss 0.0017180389517711268.
epoch 99: inverse test average loss 0.004111782595929172.
forward model: training agent 8.
Epoch 0: forward train average loss 0.0033894083462655544.
epoch 0: forward test average loss 0.005637641996145248.
Epoch 99: forward train average loss 0.002583892188138432.
epoch 99: forward test average loss 0.004529479477140639.
inverse model, training agent 8.
epoch 0: inverse train average loss 0.002736229308033621.
epoch 0: inverse test average loss 0.001728614527059512.
epoch 99: inverse train average loss 0.0009201441943231556.
epoch 99: inverse test average loss 0.007841020822525024.
forward model: training agent 9.
Epoch 0: forward train average loss 0.005527966655790806.
epoch 0: forward test average loss 0.009124289370245404.
Epoch 99: forward train average loss 0.004672172841512495.
epoch 99: forward test average loss 0.008942668636639914.
inverse model, training agent 9.
epoch 0: inverse train average loss 0.00057663500047056.
epoch 0: inverse test average loss 1.0788582777760465e-07.
epoch 99: inverse train average loss 0.00010874099406047814.
epoch 99: inverse test average loss 8.625227773488101e-07.
forward model: training agent 10.
Epoch 0: forward train average loss 0.004093865863978863.
epoch 0: forward test average loss 0.007110150737894906.
Epoch 99: forward train average loss 0.0037774544519682727.
epoch 99: forward test average loss 0.006834159708685345.
inverse model, training agent 10.
epoch 0: inverse train average loss 0.0003199165948899463.
epoch 0: inverse test average loss 0.0003984437773599186.
epoch 99: inverse train average loss 0.00012281281993232874.
epoch 99: inverse test average loss 0.0002783872316487961.
forward model: training agent 11.
Epoch 0: forward train average loss 0.003826277744438913.
epoch 0: forward test average loss 0.005653342232108116.
Epoch 99: forward train average loss 0.003443651625679599.
epoch 99: forward test average loss 0.005789519598086675.
inverse model, training agent 11.
epoch 0: inverse train average loss 0.0005254125231759746.
epoch 0: inverse test average loss 0.0016909793602179787.
epoch 99: inverse train average loss 8.46341701819458e-05.
epoch 99: inverse test average loss 0.0018974288056294124.
forward model: training agent 12.
Epoch 0: forward train average loss 0.0014064976065937015.
epoch 0: forward test average loss 0.0017318186971048515.
Epoch 99: forward train average loss 0.0012477956091364224.
epoch 99: forward test average loss 0.0019232005191346009.
inverse model, training agent 12.
epoch 0: inverse train average loss 1.940255055386962e-11.
epoch 0: inverse test average loss 0.0.
epoch 99: inverse train average loss 6.4675174937800506e-12.
epoch 99: inverse test average loss 0.0.
forward model: training agent 13.
Epoch 0: forward train average loss 0.0023056676404343713.
epoch 0: forward test average loss 0.0033771443284220165.
Epoch 99: forward train average loss 0.0020087052188399765.
epoch 99: forward test average loss 0.003368658944964409.
inverse model, training agent 13.
epoch 0: inverse train average loss 0.00022015903353652297.
epoch 0: inverse test average loss 0.00013598260961266028.
epoch 99: inverse train average loss 1.4828114899501088e-05.
epoch 99: inverse test average loss 2.4222476592209812e-05.
forward model: training agent 14.
Epoch 0: forward train average loss 0.004513080128365093.
epoch 0: forward test average loss 0.008171876271565756.
Epoch 99: forward train average loss 0.004261723150395685.
epoch 99: forward test average loss 0.007248282432556152.
inverse model, training agent 14.
epoch 0: inverse train average loss 0.0021107083884999156.
epoch 0: inverse test average loss 0.002289344815330373.
epoch 99: inverse train average loss 0.0006026344587250302.
epoch 99: inverse test average loss 0.002586988965049386.
forward model: training agent 15.
Epoch 0: forward train average loss 0.006161839080353578.
epoch 0: forward test average loss 0.008863726009925207.
Epoch 99: forward train average loss 0.004297042575975259.
epoch 99: forward test average loss 0.008585247314638562.
inverse model, training agent 15.
epoch 0: inverse train average loss 0.000491335118163584.
epoch 0: inverse test average loss 0.000880949871821536.
epoch 99: inverse train average loss 0.0002003580076335412.
epoch 99: inverse test average loss 0.0014097027791043122.
Policy training episode: 93, grounded actions taken: 5760, last two uncertainties: {0: [0.0, 0.0], 1: [0.0, 0.0], 2: [0.0, 0.0], 3: [0.0, 0.0], 4: [0.0, 0.0], 5: [0.0, 0.0], 6: [0.0, 0.0], 7: [0.0, 0.0], 8: [0.0, 0.0], 9: [0.0, 0.0], 10: [0.0, 0.0], 11: [0.0, 0.0], 12: [0.0, 0.0], 13: [0.0, 0.0], 14: [0.0, 0.0], 15: [0.0, 0.0]}, avg agent uncertainties: [0.0, 0.0, 0.0, 0.0, 0.0, 0.0, 0.0, 0.0, 0.0, 0.0, 0.0, 0.0, 0.0, 0.0, 0.0, 0.0], grounded actions by agent: [360, 360, 360, 360, 360, 360, 360, 360, 360, 360, 360, 360, 360, 360, 360, 360]
Policy training episode: 93, iteration 0/1, policy training avg travel time:164.04570079177662, q_loss:22.49321174621582, rewards:-341.57803819444445, queue:22.36284722222222, delay:0.3427949057685004, throughput:20173
Sim Rollout episode:94/100, sim avg travel time:116.8513613632154, rewards:-194.74496527777777, queue:12.459027777777777, delay:0.26383421156141496, throughput:20811
Real rollout step:94/100, travel time:152.46873472048676, rewards:-348.42554253472224, queue:20.603125, delay:0.32783521016438805, throughput:17271
forward model: training agent 0.
Epoch 0: forward train average loss 0.006604341479639213.
epoch 0: forward test average loss 0.008565890706247754.
Epoch 99: forward train average loss 0.004056599042895768.
epoch 99: forward test average loss 0.007620538688368267.
inverse model, training agent 0.
epoch 0: inverse train average loss 0.00773027404728863.
epoch 0: inverse test average loss 0.010147824469539855.
epoch 99: inverse train average loss 0.005337894066340393.
epoch 99: inverse test average loss 0.011991368813647164.
forward model: training agent 1.
Epoch 0: forward train average loss 0.002775690363099178.
epoch 0: forward test average loss 0.005133979850345188.
Epoch 99: forward train average loss 0.0023741632596486146.
epoch 99: forward test average loss 0.003958313208487298.
inverse model, training agent 1.
epoch 0: inverse train average loss 0.00019678665153656362.
epoch 0: inverse test average loss 0.00324677349999547.
epoch 99: inverse train average loss 5.465748128901598e-05.
epoch 99: inverse test average loss 0.003699276515463781.
forward model: training agent 2.
Epoch 0: forward train average loss 0.0026092533436086443.
epoch 0: forward test average loss 0.0045497363640202414.
Epoch 99: forward train average loss 0.00229280485978557.
epoch 99: forward test average loss 0.004452488695581754.
inverse model, training agent 2.
epoch 0: inverse train average loss 0.0008412759569990966.
epoch 0: inverse test average loss 0.003207859272758166.
epoch 99: inverse train average loss 0.0005825870644508137.
epoch 99: inverse test average loss 0.0019836975261569023.
forward model: training agent 3.
Epoch 0: forward train average loss 8.924283953909911e-12.
epoch 0: forward test average loss 2.1958418879493753e-11.
Epoch 99: forward train average loss 5.37916258604011e-12.
epoch 99: forward test average loss 2.2750732624970344e-12.
inverse model, training agent 3.
epoch 0: inverse train average loss 0.0.
epoch 0: inverse test average loss 0.0.
epoch 99: inverse train average loss 0.0.
epoch 99: inverse test average loss 0.0.
forward model: training agent 4.
Epoch 0: forward train average loss 0.0016634143475029203.
epoch 0: forward test average loss 0.0024857669033937985.
Epoch 99: forward train average loss 0.0016564465800507201.
epoch 99: forward test average loss 0.0032752080717020566.
inverse model, training agent 4.
epoch 0: inverse train average loss 0.04370139373673333.
epoch 0: inverse test average loss 0.0726968182457818.
epoch 99: inverse train average loss 0.004319641635649734.
epoch 99: inverse test average loss 0.004646701841718621.
forward model: training agent 5.
Epoch 0: forward train average loss 0.0038673931008411776.
epoch 0: forward test average loss 0.005940539555417167.
Epoch 99: forward train average loss 0.0032610383609102834.
epoch 99: forward test average loss 0.0066080184446440805.
inverse model, training agent 5.
epoch 0: inverse train average loss 1.9048692795169903e-05.
epoch 0: inverse test average loss 6.498391687352149e-07.
epoch 99: inverse train average loss 5.114605710806094e-07.
epoch 99: inverse test average loss 7.838580352704916e-09.
forward model: training agent 6.
Epoch 0: forward train average loss 0.03414536019166311.
epoch 0: forward test average loss 0.05419938597414228.
Epoch 99: forward train average loss 0.0059241508651110865.
epoch 99: forward test average loss 0.010248207383685641.
inverse model, training agent 6.
epoch 0: inverse train average loss 0.000626919862245106.
epoch 0: inverse test average loss 6.453131613347473e-05.
epoch 99: inverse train average loss 0.00010735263276728801.
epoch 99: inverse test average loss 6.002398590175694e-05.
forward model: training agent 7.
Epoch 0: forward train average loss 0.019122721420394048.
epoch 0: forward test average loss 0.03127975513537725.
Epoch 99: forward train average loss 0.004944686157008012.
epoch 99: forward test average loss 0.0072710491302940584.
inverse model, training agent 7.
epoch 0: inverse train average loss 0.0019239116227254272.
epoch 0: inverse test average loss 0.01099361903551552.
epoch 99: inverse train average loss 0.001030862297435912.
epoch 99: inverse test average loss 0.00215953984297812.
forward model: training agent 8.
Epoch 0: forward train average loss 0.002611617971625593.
epoch 0: forward test average loss 0.004596329397625393.
Epoch 99: forward train average loss 0.002279808537827598.
epoch 99: forward test average loss 0.00431039577556981.
inverse model, training agent 8.
epoch 0: inverse train average loss 0.0017096044806142647.
epoch 0: inverse test average loss 0.0014668973938872416.
epoch 99: inverse train average loss 0.0003127660893369466.
epoch 99: inverse test average loss 0.001071633204345643.
forward model: training agent 9.
Epoch 0: forward train average loss 0.0049398671835660934.
epoch 0: forward test average loss 0.008400333424409231.
Epoch 99: forward train average loss 0.004390800940907664.
epoch 99: forward test average loss 0.006890047962466876.
inverse model, training agent 9.
epoch 0: inverse train average loss 0.0006175096500050535.
epoch 0: inverse test average loss 0.001087199896573971.
epoch 99: inverse train average loss 0.00029295736142861034.
epoch 99: inverse test average loss 0.0011954104708896314.
forward model: training agent 10.
Epoch 0: forward train average loss 0.004030347180863221.
epoch 0: forward test average loss 0.0070718129475911455.
Epoch 99: forward train average loss 0.0037336344313290385.
epoch 99: forward test average loss 0.007294271348251237.
inverse model, training agent 10.
epoch 0: inverse train average loss 0.00076481945385846.
epoch 0: inverse test average loss 0.00011264098389397582.
epoch 99: inverse train average loss 0.0002666729099776906.
epoch 99: inverse test average loss 0.00041253820786045655.
forward model: training agent 11.
Epoch 0: forward train average loss 0.00417367136105895.
epoch 0: forward test average loss 0.0063080620020627975.
Epoch 99: forward train average loss 0.0034346685537861455.
epoch 99: forward test average loss 0.005541895205775897.
inverse model, training agent 11.
epoch 0: inverse train average loss 0.001065139959488685.
epoch 0: inverse test average loss 0.0003250425869636173.
epoch 99: inverse train average loss 0.00042801440253646835.
epoch 99: inverse test average loss 0.00013462494179192517.
forward model: training agent 12.
Epoch 0: forward train average loss 0.0013178146004469858.
epoch 0: forward test average loss 0.002419088553223345.
Epoch 99: forward train average loss 0.0011799716545889776.
epoch 99: forward test average loss 0.0033002550610237652.
inverse model, training agent 12.
epoch 0: inverse train average loss 6.4675174937800506e-12.
epoch 0: inverse test average loss 0.0.
epoch 99: inverse train average loss 0.0.
epoch 99: inverse test average loss 0.0.
forward model: training agent 13.
Epoch 0: forward train average loss 0.002247542893100116.
epoch 0: forward test average loss 0.003514301342268785.
Epoch 99: forward train average loss 0.0019477190346353585.
epoch 99: forward test average loss 0.00414593228035503.
inverse model, training agent 13.
epoch 0: inverse train average loss 0.002442532466375269.
epoch 0: inverse test average loss 0.002501587692772015.
epoch 99: inverse train average loss 0.0006751059942568342.
epoch 99: inverse test average loss 0.0011689001176920203.
forward model: training agent 14.
Epoch 0: forward train average loss 0.004635749488241143.
epoch 0: forward test average loss 0.005992238513297505.
Epoch 99: forward train average loss 0.004319246910098527.
epoch 99: forward test average loss 0.007514891111188465.
inverse model, training agent 14.
epoch 0: inverse train average loss 0.001122916065570381.
epoch 0: inverse test average loss 0.00013163160636193224.
epoch 99: inverse train average loss 0.00028991017704053473.
epoch 99: inverse test average loss 9.347166471545481e-05.
forward model: training agent 15.
Epoch 0: forward train average loss 0.005493807606399059.
epoch 0: forward test average loss 0.009537470837434133.
Epoch 99: forward train average loss 0.004301396353791158.
epoch 99: forward test average loss 0.008705363091495302.
inverse model, training agent 15.
epoch 0: inverse train average loss 0.0010377114037207018.
epoch 0: inverse test average loss 0.0008481132487456003.
epoch 99: inverse train average loss 0.0005484112690383983.
epoch 99: inverse test average loss 0.0007494640821177098.
Policy training episode: 94, grounded actions taken: 5760, last two uncertainties: {0: [0.0, 0.0], 1: [0.0, 0.0], 2: [0.0, 0.0], 3: [0.0, 0.0], 4: [0.0, 0.0], 5: [0.0, 0.0], 6: [0.0, 0.0], 7: [0.0, 0.0], 8: [0.0, 0.0], 9: [0.0, 0.0], 10: [0.0, 0.0], 11: [0.0, 0.0], 12: [0.0, 0.0], 13: [0.0, 0.0], 14: [0.0, 0.0], 15: [0.0, 0.0]}, avg agent uncertainties: [0.0, 0.0, 0.0, 0.0, 0.0, 0.0, 0.0, 0.0, 0.0, 0.0, 0.0, 0.0, 0.0, 0.0, 0.0, 0.0], grounded actions by agent: [360, 360, 360, 360, 360, 360, 360, 360, 360, 360, 360, 360, 360, 360, 360, 360]
Policy training episode: 94, iteration 0/1, policy training avg travel time:181.06130481085336, q_loss:19.446489334106445, rewards:-409.1953125, queue:28.000520833333333, delay:0.3567793952094184, throughput:19764
Sim Rollout episode:95/100, sim avg travel time:158.6991338983836, rewards:-274.93302951388887, queue:28.25920138888889, delay:0.2977420383029514, throughput:20016
Real rollout step:95/100, travel time:178.76182830229072, rewards:-424.69609375, queue:27.1703125, delay:0.3503412034776476, throughput:17239
forward model: training agent 0.
Epoch 0: forward train average loss 0.012945518518487612.
epoch 0: forward test average loss 0.017521729071935017.
Epoch 99: forward train average loss 0.004614339106612735.
epoch 99: forward test average loss 0.008344899035162397.
inverse model, training agent 0.
epoch 0: inverse train average loss 0.022331598318285413.
epoch 0: inverse test average loss 0.03748390244113074.
epoch 99: inverse train average loss 0.002609758637845516.
epoch 99: inverse test average loss 0.0032795678513745465.
forward model: training agent 1.
Epoch 0: forward train average loss 0.002622402376598782.
epoch 0: forward test average loss 0.0035367832622594303.
Epoch 99: forward train average loss 0.002274512675487333.
epoch 99: forward test average loss 0.003977231681346893.
inverse model, training agent 1.
epoch 0: inverse train average loss 0.00016305784791054774.
epoch 0: inverse test average loss 2.6611894200969902e-05.
epoch 99: inverse train average loss 2.2406903149708847e-05.
epoch 99: inverse test average loss 8.309627446578816e-06.
forward model: training agent 2.
Epoch 0: forward train average loss 0.002493893106778463.
epoch 0: forward test average loss 0.004306619159049458.
Epoch 99: forward train average loss 0.0021468561867045034.
epoch 99: forward test average loss 0.00420231061677138.
inverse model, training agent 2.
epoch 0: inverse train average loss 0.000745766616698044.
epoch 0: inverse test average loss 0.002555640103916327.
epoch 99: inverse train average loss 0.0001735990162059251.
epoch 99: inverse test average loss 0.001898968488805824.
forward model: training agent 3.
Epoch 0: forward train average loss 1.5057484760882317e-12.
epoch 0: forward test average loss 6.089846605389976e-12.
Epoch 99: forward train average loss 4.245471643990781e-11.
epoch 99: forward test average loss 5.456442088282011e-11.
inverse model, training agent 3.
epoch 0: inverse train average loss 0.0.
epoch 0: inverse test average loss 0.0.
epoch 99: inverse train average loss 0.0.
epoch 99: inverse test average loss 0.0.
forward model: training agent 4.
Epoch 0: forward train average loss 0.0017555533235685693.
epoch 0: forward test average loss 0.0029236523227559198.
Epoch 99: forward train average loss 0.001654041905163063.
epoch 99: forward test average loss 0.002701670759254032.
inverse model, training agent 4.
epoch 0: inverse train average loss 0.014315353913439645.
epoch 0: inverse test average loss 0.01611076792081197.
epoch 99: inverse train average loss 0.004752850470443566.
epoch 99: inverse test average loss 0.006109823576278157.
forward model: training agent 5.
Epoch 0: forward train average loss 0.0036910423595044347.
epoch 0: forward test average loss 0.0055221014966567354.
Epoch 99: forward train average loss 0.0032523711625900534.
epoch 99: forward test average loss 0.0049799854556719465.
inverse model, training agent 5.
epoch 0: inverse train average loss 1.818544532541624e-06.
epoch 0: inverse test average loss 0.00014552379596150585.
epoch 99: inverse train average loss 2.3034624203117144e-07.
epoch 99: inverse test average loss 4.249450284987688e-05.
forward model: training agent 6.
Epoch 0: forward train average loss 0.045730182694064245.
epoch 0: forward test average loss 0.07730036973953247.
Epoch 99: forward train average loss 0.01169993376566304.
epoch 99: forward test average loss 0.01842146904932128.
inverse model, training agent 6.
epoch 0: inverse train average loss 0.005378254223614931.
epoch 0: inverse test average loss 0.0010055267007879189.
epoch 99: inverse train average loss 0.0006830459331265754.
epoch 99: inverse test average loss 0.0009327375866834902.
forward model: training agent 7.
Epoch 0: forward train average loss 0.03963017670644654.
epoch 0: forward test average loss 0.056611562768618263.
Epoch 99: forward train average loss 0.008422693962024318.
epoch 99: forward test average loss 0.012457388556665845.
inverse model, training agent 7.
epoch 0: inverse train average loss 0.007749684087078397.
epoch 0: inverse test average loss 0.025920352203279942.
epoch 99: inverse train average loss 0.0021369863081619972.
epoch 99: inverse test average loss 0.009835259368022283.
forward model: training agent 8.
Epoch 0: forward train average loss 0.0029494166891607973.
epoch 0: forward test average loss 0.004282740876078606.
Epoch 99: forward train average loss 0.002459098791910542.
epoch 99: forward test average loss 0.005532779420415561.
inverse model, training agent 8.
epoch 0: inverse train average loss 0.010603095249583324.
epoch 0: inverse test average loss 0.02403698328675495.
epoch 99: inverse train average loss 0.0006355548749626097.
epoch 99: inverse test average loss 0.0005612641365991698.
forward model: training agent 9.
Epoch 0: forward train average loss 0.004908768615374963.
epoch 0: forward test average loss 0.008671068482928805.
Epoch 99: forward train average loss 0.004219667416893774.
epoch 99: forward test average loss 0.0068578893939654035.
inverse model, training agent 9.
epoch 0: inverse train average loss 0.0012733600839662056.
epoch 0: inverse test average loss 2.50159460443279e-05.
epoch 99: inverse train average loss 7.463357542292215e-05.
epoch 99: inverse test average loss 0.0001258646629346395.
forward model: training agent 10.
Epoch 0: forward train average loss 0.003912574094202783.
epoch 0: forward test average loss 0.007052914756867621.
Epoch 99: forward train average loss 0.003589724294013447.
epoch 99: forward test average loss 0.007216484596331914.
inverse model, training agent 10.
epoch 0: inverse train average loss 0.000815296588472039.
epoch 0: inverse test average loss 0.00028059009612964775.
epoch 99: inverse train average loss 0.00016092148467174007.
epoch 99: inverse test average loss 0.0012510759988799691.
forward model: training agent 11.
Epoch 0: forward train average loss 0.0048454090849392945.
epoch 0: forward test average loss 0.006855913334422641.
Epoch 99: forward train average loss 0.003466143945438994.
epoch 99: forward test average loss 0.006020121276378632.
inverse model, training agent 11.
epoch 0: inverse train average loss 0.0014787541197923322.
epoch 0: inverse test average loss 0.0005417246268027358.
epoch 99: inverse train average loss 9.799374487960854e-05.
epoch 99: inverse test average loss 0.0004196999418329344.
forward model: training agent 12.
Epoch 0: forward train average loss 0.0013971368316560984.
epoch 0: forward test average loss 0.002160743810236454.
Epoch 99: forward train average loss 0.0011771324530450834.
epoch 99: forward test average loss 0.001737005077302456.
inverse model, training agent 12.
epoch 0: inverse train average loss 0.0011294629010889265.
epoch 0: inverse test average loss 0.0.
epoch 99: inverse train average loss 1.1582420509310194e-05.
epoch 99: inverse test average loss 1.4604576992698842e-06.
forward model: training agent 13.
Epoch 0: forward train average loss 0.0022426197150101266.
epoch 0: forward test average loss 0.003473410693307718.
Epoch 99: forward train average loss 0.001933366810489032.
epoch 99: forward test average loss 0.003017126168641779.
inverse model, training agent 13.
epoch 0: inverse train average loss 0.00047403023604096635.
epoch 0: inverse test average loss 0.004411562268311779.
epoch 99: inverse train average loss 0.00010010874757426791.
epoch 99: inverse test average loss 0.0019523446357602046.
forward model: training agent 14.
Epoch 0: forward train average loss 0.004398053149796194.
epoch 0: forward test average loss 0.007627509948280122.
Epoch 99: forward train average loss 0.004186378378007147.
epoch 99: forward test average loss 0.007754099451833301.
inverse model, training agent 14.
epoch 0: inverse train average loss 0.0006800749720746858.
epoch 0: inverse test average loss 0.0019318385877543027.
epoch 99: inverse train average loss 0.00021653907040470384.
epoch 99: inverse test average loss 0.0010146368585992604.
forward model: training agent 15.
Epoch 0: forward train average loss 0.005037788612147172.
epoch 0: forward test average loss 0.00784677267074585.
Epoch 99: forward train average loss 0.004162269696179364.
epoch 99: forward test average loss 0.00796178893910514.
inverse model, training agent 15.
epoch 0: inverse train average loss 0.0006750946987368581.
epoch 0: inverse test average loss 0.0013622105018132264.
epoch 99: inverse train average loss 0.0003903413938436036.
epoch 99: inverse test average loss 0.0009649193962104619.
Policy training episode: 95, grounded actions taken: 5760, last two uncertainties: {0: [0.0, 0.0], 1: [0.0, 0.0], 2: [0.0, 0.0], 3: [0.0, 0.0], 4: [0.0, 0.0], 5: [0.0, 0.0], 6: [0.0, 0.0], 7: [0.0, 0.0], 8: [0.0, 0.0], 9: [0.0, 0.0], 10: [0.0, 0.0], 11: [0.0, 0.0], 12: [0.0, 0.0], 13: [0.0, 0.0], 14: [0.0, 0.0], 15: [0.0, 0.0]}, avg agent uncertainties: [0.0, 0.0, 0.0, 0.0, 0.0, 0.0, 0.0, 0.0, 0.0, 0.0, 0.0, 0.0, 0.0, 0.0, 0.0, 0.0], grounded actions by agent: [360, 360, 360, 360, 360, 360, 360, 360, 360, 360, 360, 360, 360, 360, 360, 360]
Policy training episode: 95, iteration 0/1, policy training avg travel time:270.6883826457378, q_loss:22.817800521850586, rewards:-574.315234375, queue:47.23645833333333, delay:0.38130552503797743, throughput:18608
Sim Rollout episode:96/100, sim avg travel time:118.63865351669213, rewards:-202.12721354166666, queue:12.966145833333334, delay:0.27657599978976777, throughput:20782
Real rollout step:96/100, travel time:149.24614880367093, rewards:-355.9532986111111, queue:20.285069444444446, delay:0.33277356889512805, throughput:17181
forward model: training agent 0.
Epoch 0: forward train average loss 0.011780173828204473.
epoch 0: forward test average loss 0.01930095420943366.
Epoch 99: forward train average loss 0.004819788193951051.
epoch 99: forward test average loss 0.009566062026553683.
inverse model, training agent 0.
epoch 0: inverse train average loss 0.007260350303517448.
epoch 0: inverse test average loss 0.021896916959020827.
epoch 99: inverse train average loss 0.003347358407659663.
epoch 99: inverse test average loss 0.010087514089213477.
forward model: training agent 1.
Epoch 0: forward train average loss 0.00276604439649317.
epoch 0: forward test average loss 0.004560927136076821.
Epoch 99: forward train average loss 0.002259576900137795.
epoch 99: forward test average loss 0.004914914568265279.
inverse model, training agent 1.
epoch 0: inverse train average loss 0.004333283658423979.
epoch 0: inverse test average loss 0.00022707578803723058.
epoch 99: inverse train average loss 0.0018975425951389803.
epoch 99: inverse test average loss 0.0003587746598188662.
forward model: training agent 2.
Epoch 0: forward train average loss 0.0026358492258522245.
epoch 0: forward test average loss 0.004251938727166917.
Epoch 99: forward train average loss 0.0022554921969357464.
epoch 99: forward test average loss 0.004425041170583831.
inverse model, training agent 2.
epoch 0: inverse train average loss 0.0006121784390415996.
epoch 0: inverse test average loss 0.0028077095889279414.
epoch 99: inverse train average loss 0.00022561983334728412.
epoch 99: inverse test average loss 0.0027515763550683106.
forward model: training agent 3.
Epoch 0: forward train average loss 1.604833993319578e-11.
epoch 0: forward test average loss 3.6188766489648257e-11.
Epoch 99: forward train average loss 6.787937341841872e-11.
epoch 99: forward test average loss 3.030952957752378e-11.
inverse model, training agent 3.
epoch 0: inverse train average loss 0.0.
epoch 0: inverse test average loss 0.0.
epoch 99: inverse train average loss 0.0.
epoch 99: inverse test average loss 0.0.
forward model: training agent 4.
Epoch 0: forward train average loss 0.0017024289764877823.
epoch 0: forward test average loss 0.0026317444733447498.
Epoch 99: forward train average loss 0.0015838533743388122.
epoch 99: forward test average loss 0.0031345256914695105.
inverse model, training agent 4.
epoch 0: inverse train average loss 0.0045381201845076345.
epoch 0: inverse test average loss 0.013502086202303568.
epoch 99: inverse train average loss 0.003962403370274438.
epoch 99: inverse test average loss 0.010967954165405698.
forward model: training agent 5.
Epoch 0: forward train average loss 0.003838195465505123.
epoch 0: forward test average loss 0.006383224700887998.
Epoch 99: forward train average loss 0.0031567372692128024.
epoch 99: forward test average loss 0.006163450992769665.
inverse model, training agent 5.
epoch 0: inverse train average loss 4.1451157143354874e-05.
epoch 0: inverse test average loss 4.626300955755545e-06.
epoch 99: inverse train average loss 3.1067087794175072e-06.
epoch 99: inverse test average loss 1.4659807728239431e-07.
forward model: training agent 6.
Epoch 0: forward train average loss 0.01675431326859527.
epoch 0: forward test average loss 0.023379813465807173.
Epoch 99: forward train average loss 0.004590978949434227.
epoch 99: forward test average loss 0.009226743545797136.
inverse model, training agent 6.
epoch 0: inverse train average loss 0.0020837929526654384.
epoch 0: inverse test average loss 0.0016404243538595943.
epoch 99: inverse train average loss 0.00018643034582055407.
epoch 99: inverse test average loss 0.0002666313214124077.
forward model: training agent 7.
Epoch 0: forward train average loss 0.010095561026699014.
epoch 0: forward test average loss 0.014425907284021378.
Epoch 99: forward train average loss 0.003821473258237044.
epoch 99: forward test average loss 0.006756308592028088.
inverse model, training agent 7.
epoch 0: inverse train average loss 0.0050601182091567255.
epoch 0: inverse test average loss 0.01001992780301306.
epoch 99: inverse train average loss 0.002138769092400455.
epoch 99: inverse test average loss 0.0033756428294711644.
forward model: training agent 8.
Epoch 0: forward train average loss 0.002824758024265369.
epoch 0: forward test average loss 0.004949758243229654.
Epoch 99: forward train average loss 0.002395042632189062.
epoch 99: forward test average loss 0.0036575538623664114.
inverse model, training agent 8.
epoch 0: inverse train average loss 0.0012948395823413092.
epoch 0: inverse test average loss 0.0011879406714191039.
epoch 99: inverse train average loss 0.00015695143115913702.
epoch 99: inverse test average loss 0.0001319418790646725.
forward model: training agent 9.
Epoch 0: forward train average loss 0.004579207446012232.
epoch 0: forward test average loss 0.006931649934914377.
Epoch 99: forward train average loss 0.003934925215111839.
epoch 99: forward test average loss 0.007134972761074702.
inverse model, training agent 9.
epoch 0: inverse train average loss 0.0011897013804021601.
epoch 0: inverse test average loss 0.000495214056880084.
epoch 99: inverse train average loss 2.370098566946884e-05.
epoch 99: inverse test average loss 8.910317167950174e-06.
forward model: training agent 10.
Epoch 0: forward train average loss 0.003999598013858001.
epoch 0: forward test average loss 0.006231937350498306.
Epoch 99: forward train average loss 0.003654328588810232.
epoch 99: forward test average loss 0.006379720237520006.
inverse model, training agent 10.
epoch 0: inverse train average loss 0.0012740873110791047.
epoch 0: inverse test average loss 0.0002716742132583426.
epoch 99: inverse train average loss 0.0003427135007869866.
epoch 99: inverse test average loss 0.00033426040115753293.
forward model: training agent 11.
Epoch 0: forward train average loss 0.004561712499707937.
epoch 0: forward test average loss 0.00789038816259967.
Epoch 99: forward train average loss 0.0033928933035996226.
epoch 99: forward test average loss 0.006053501740098.
inverse model, training agent 11.
epoch 0: inverse train average loss 0.0003261173333157785.
epoch 0: inverse test average loss 0.0025062959842014404.
epoch 99: inverse train average loss 1.5251688536308291e-05.
epoch 99: inverse test average loss 0.0014882602263242006.
forward model: training agent 12.
Epoch 0: forward train average loss 0.0013699769042432308.
epoch 0: forward test average loss 0.0019520395952794286.
Epoch 99: forward train average loss 0.0011902320612635878.
epoch 99: forward test average loss 0.0022264503770404393.
inverse model, training agent 12.
epoch 0: inverse train average loss 0.0010755414576174695.
epoch 0: inverse test average loss 1.5978899379357852e-05.
epoch 99: inverse train average loss 0.00038129574588512897.
epoch 99: inverse test average loss 5.6245977046071654e-05.
forward model: training agent 13.
Epoch 0: forward train average loss 0.0021685962565243244.
epoch 0: forward test average loss 0.0035019883265097937.
Epoch 99: forward train average loss 0.0019253641108257903.
epoch 99: forward test average loss 0.004103877064254548.
inverse model, training agent 13.
epoch 0: inverse train average loss 0.00010982894147875615.
epoch 0: inverse test average loss 0.0035879031961990725.
epoch 99: inverse train average loss 8.801507242929398e-06.
epoch 99: inverse test average loss 0.0006120753371053272.
forward model: training agent 14.
Epoch 0: forward train average loss 0.004575292993750837.
epoch 0: forward test average loss 0.00704733385807938.
Epoch 99: forward train average loss 0.004227290654348003.
epoch 99: forward test average loss 0.007479779422283173.
inverse model, training agent 14.
epoch 0: inverse train average loss 0.0005266620687002109.
epoch 0: inverse test average loss 0.005868389788601134.
epoch 99: inverse train average loss 7.344664865943034e-05.
epoch 99: inverse test average loss 0.0027253361832764414.
forward model: training agent 15.
Epoch 0: forward train average loss 0.005803154988421334.
epoch 0: forward test average loss 0.009766443736023374.
Epoch 99: forward train average loss 0.004397170566436317.
epoch 99: forward test average loss 0.008346457448270585.
inverse model, training agent 15.
epoch 0: inverse train average loss 0.0007532201327396453.
epoch 0: inverse test average loss 0.00010711771028582007.
epoch 99: inverse train average loss 0.00016497272331940217.
epoch 99: inverse test average loss 0.0007510816342093878.
Policy training episode: 96, grounded actions taken: 5760, last two uncertainties: {0: [0.0, 0.0], 1: [0.0, 0.0], 2: [0.0, 0.0], 3: [0.0, 0.0], 4: [0.0, 0.0], 5: [0.0, 0.0], 6: [0.0, 0.0], 7: [0.0, 0.0], 8: [0.0, 0.0], 9: [0.0, 0.0], 10: [0.0, 0.0], 11: [0.0, 0.0], 12: [0.0, 0.0], 13: [0.0, 0.0], 14: [0.0, 0.0], 15: [0.0, 0.0]}, avg agent uncertainties: [0.0, 0.0, 0.0, 0.0, 0.0, 0.0, 0.0, 0.0, 0.0, 0.0, 0.0, 0.0, 0.0, 0.0, 0.0, 0.0], grounded actions by agent: [360, 360, 360, 360, 360, 360, 360, 360, 360, 360, 360, 360, 360, 360, 360, 360]
Policy training episode: 96, iteration 0/1, policy training avg travel time:249.37133595739755, q_loss:31.455528259277344, rewards:-536.1427951388889, queue:43.989583333333336, delay:0.3544705496893989, throughput:18680
Sim Rollout episode:97/100, sim avg travel time:126.30502824335586, rewards:-234.85944010416668, queue:15.476215277777778, delay:0.2835810131496853, throughput:20693
Real rollout step:97/100, travel time:147.4393028846154, rewards:-343.85638020833335, queue:19.616666666666667, delay:0.3347004148695204, throughput:17251
forward model: training agent 0.
Epoch 0: forward train average loss 0.007046062499284744.
epoch 0: forward test average loss 0.010867175542645983.
Epoch 99: forward train average loss 0.0036814044643607405.
epoch 99: forward test average loss 0.007413672283291817.
inverse model, training agent 0.
epoch 0: inverse train average loss 0.0034662124493883718.
epoch 0: inverse test average loss 0.009251740657620959.
epoch 99: inverse train average loss 0.000990093918517232.
epoch 99: inverse test average loss 0.005621940207978089.
forward model: training agent 1.
Epoch 0: forward train average loss 0.0028027094279726348.
epoch 0: forward test average loss 0.0037570028669304317.
Epoch 99: forward train average loss 0.002353336662054062.
epoch 99: forward test average loss 0.004256366441647212.
inverse model, training agent 1.
epoch 0: inverse train average loss 0.0039036672355400193.
epoch 0: inverse test average loss 0.0024629350648158127.
epoch 99: inverse train average loss 0.0025865585970071456.
epoch 99: inverse test average loss 0.0025184787809848785.
forward model: training agent 2.
Epoch 0: forward train average loss 0.0025422203664978347.
epoch 0: forward test average loss 0.004004363384511735.
Epoch 99: forward train average loss 0.0022098015890353257.
epoch 99: forward test average loss 0.004245828423235152.
inverse model, training agent 2.
epoch 0: inverse train average loss 0.0005367343797438985.
epoch 0: inverse test average loss 0.0011009618821036485.
epoch 99: inverse train average loss 0.00017305870359349583.
epoch 99: inverse test average loss 0.0014931162004359066.
forward model: training agent 3.
Epoch 0: forward train average loss 4.186697887488698e-11.
epoch 0: forward test average loss 2.1754807060730345e-11.
Epoch 99: forward train average loss 2.7548021902793547e-11.
epoch 99: forward test average loss 6.128170887409468e-13.
inverse model, training agent 3.
epoch 0: inverse train average loss 0.0.
epoch 0: inverse test average loss 0.0.
epoch 99: inverse train average loss 0.0.
epoch 99: inverse test average loss 0.0.
forward model: training agent 4.
Epoch 0: forward train average loss 0.0017455658978886074.
epoch 0: forward test average loss 0.002671899170511299.
Epoch 99: forward train average loss 0.001602841101379858.
epoch 99: forward test average loss 0.002587265024582545.
inverse model, training agent 4.
epoch 0: inverse train average loss 0.0068991049710247256.
epoch 0: inverse test average loss 0.009789855115943484.
epoch 99: inverse train average loss 0.003483179749714004.
epoch 99: inverse test average loss 0.00961567647755146.
forward model: training agent 5.
Epoch 0: forward train average loss 0.006491642755766709.
epoch 0: forward test average loss 0.009303144696686003.
Epoch 99: forward train average loss 0.0034308796748518944.
epoch 99: forward test average loss 0.005877518612477515.
inverse model, training agent 5.
epoch 0: inverse train average loss 9.642620462102514e-07.
epoch 0: inverse test average loss 6.674418832434507e-09.
epoch 99: inverse train average loss 2.728859049838661e-07.
epoch 99: inverse test average loss 4.1133184759524335e-09.
forward model: training agent 6.
Epoch 0: forward train average loss 0.006057157698604796.
epoch 0: forward test average loss 0.010833481947580973.
Epoch 99: forward train average loss 0.00431479937914345.
epoch 99: forward test average loss 0.007021714208854569.
inverse model, training agent 6.
epoch 0: inverse train average loss 0.0006033053796272725.
epoch 0: inverse test average loss 0.002510456846923464.
epoch 99: inverse train average loss 3.232444416628116e-05.
epoch 99: inverse test average loss 0.00023885743252726065.
forward model: training agent 7.
Epoch 0: forward train average loss 0.004461378479997317.
epoch 0: forward test average loss 0.007468377550443013.
Epoch 99: forward train average loss 0.003906419190267722.
epoch 99: forward test average loss 0.006955592789583736.
inverse model, training agent 7.
epoch 0: inverse train average loss 0.0054740809007651275.
epoch 0: inverse test average loss 0.001084219224544035.
epoch 99: inverse train average loss 0.002127873620742725.
epoch 99: inverse test average loss 0.0006286362768150866.
forward model: training agent 8.
Epoch 0: forward train average loss 0.003083946338544289.
epoch 0: forward test average loss 0.00460640216867129.
Epoch 99: forward train average loss 0.0027679413970973757.
epoch 99: forward test average loss 0.004656413777006997.
inverse model, training agent 8.
epoch 0: inverse train average loss 0.002636877574130065.
epoch 0: inverse test average loss 0.00022820173759738636.
epoch 99: inverse train average loss 0.0004937742681552967.
epoch 99: inverse test average loss 0.00023126158945766898.
forward model: training agent 9.
Epoch 0: forward train average loss 0.004769783156613509.
epoch 0: forward test average loss 0.008581062571869956.
Epoch 99: forward train average loss 0.0042379725103576975.
epoch 99: forward test average loss 0.008371295200453864.
inverse model, training agent 9.
epoch 0: inverse train average loss 0.00041755043564724775.
epoch 0: inverse test average loss 4.199983423960576e-06.
epoch 99: inverse train average loss 3.5439250192818385e-05.
epoch 99: inverse test average loss 1.4088811421212692e-06.
forward model: training agent 10.
Epoch 0: forward train average loss 0.004077546350244019.
epoch 0: forward test average loss 0.007077132248216205.
Epoch 99: forward train average loss 0.003625902347266674.
epoch 99: forward test average loss 0.006220022216439247.
inverse model, training agent 10.
epoch 0: inverse train average loss 0.0005944175645709038.
epoch 0: inverse test average loss 0.0011129322617004316.
epoch 99: inverse train average loss 0.00016248569429282926.
epoch 99: inverse test average loss 0.0012750154754838957.
forward model: training agent 11.
Epoch 0: forward train average loss 0.0043568918481469154.
epoch 0: forward test average loss 0.0069021737823883695.
Epoch 99: forward train average loss 0.0029572456971638733.
epoch 99: forward test average loss 0.005653867084119055.
inverse model, training agent 11.
epoch 0: inverse train average loss 0.13346818586190543.
epoch 0: inverse test average loss 0.2039669023619758.
epoch 99: inverse train average loss 0.00045111941815573827.
epoch 99: inverse test average loss 0.0003333133516005344.
forward model: training agent 12.
Epoch 0: forward train average loss 0.0014456258051925236.
epoch 0: forward test average loss 0.0023916009813547134.
Epoch 99: forward train average loss 0.001284515989633898.
epoch 99: forward test average loss 0.002297507288555304.
inverse model, training agent 12.
epoch 0: inverse train average loss 0.001323755556061062.
epoch 0: inverse test average loss 3.171191524921192e-05.
epoch 99: inverse train average loss 0.00041984406602245546.
epoch 99: inverse test average loss 2.961227477903271e-05.
forward model: training agent 13.
Epoch 0: forward train average loss 0.0022880174995710454.
epoch 0: forward test average loss 0.0034950229649742446.
Epoch 99: forward train average loss 0.002008038909277982.
epoch 99: forward test average loss 0.003487954330113199.
inverse model, training agent 13.
epoch 0: inverse train average loss 0.00046276729936936236.
epoch 0: inverse test average loss 0.003021100212612914.
epoch 99: inverse train average loss 0.00010677605637788979.
epoch 99: inverse test average loss 0.0021457102245929288.
forward model: training agent 14.
Epoch 0: forward train average loss 0.004542328003380034.
epoch 0: forward test average loss 0.006367567512724135.
Epoch 99: forward train average loss 0.004204419027600024.
epoch 99: forward test average loss 0.0068642449461751515.
inverse model, training agent 14.
epoch 0: inverse train average loss 0.0006254101859263352.
epoch 0: inverse test average loss 0.0024272662380503286.
epoch 99: inverse train average loss 0.0005447464926773035.
epoch 99: inverse test average loss 0.00026287652366995136.
forward model: training agent 15.
Epoch 0: forward train average loss 0.007669800892472267.
epoch 0: forward test average loss 0.011518379052480062.
Epoch 99: forward train average loss 0.004504062028394805.
epoch 99: forward test average loss 0.009911002384291755.
inverse model, training agent 15.
epoch 0: inverse train average loss 0.006209288077015016.
epoch 0: inverse test average loss 0.0028135921392175886.
epoch 99: inverse train average loss 0.0012927914245261087.
epoch 99: inverse test average loss 0.0019596206645170846.
Policy training episode: 97, grounded actions taken: 5760, last two uncertainties: {0: [0.0, 0.0], 1: [0.0, 0.0], 2: [0.0, 0.0], 3: [0.0, 0.0], 4: [0.0, 0.0], 5: [0.0, 0.0], 6: [0.0, 0.0], 7: [0.0, 0.0], 8: [0.0, 0.0], 9: [0.0, 0.0], 10: [0.0, 0.0], 11: [0.0, 0.0], 12: [0.0, 0.0], 13: [0.0, 0.0], 14: [0.0, 0.0], 15: [0.0, 0.0]}, avg agent uncertainties: [0.0, 0.0, 0.0, 0.0, 0.0, 0.0, 0.0, 0.0, 0.0, 0.0, 0.0, 0.0, 0.0, 0.0, 0.0, 0.0], grounded actions by agent: [360, 360, 360, 360, 360, 360, 360, 360, 360, 360, 360, 360, 360, 360, 360, 360]
Policy training episode: 97, iteration 0/1, policy training avg travel time:239.21570171375637, q_loss:53.22468566894531, rewards:-446.30008680555557, queue:46.24513888888889, delay:0.36428214179144963, throughput:19179
Sim Rollout episode:98/100, sim avg travel time:118.1736976151887, rewards:-194.75998263888889, queue:12.44375, delay:0.26583743625217016, throughput:20804
Real rollout step:98/100, travel time:139.76481814711818, rewards:-318.4013454861111, queue:17.180381944444445, delay:0.3300106684366862, throughput:17357
forward model: training agent 0.
Epoch 0: forward train average loss 0.009198542891277207.
epoch 0: forward test average loss 0.010221381154325273.
Epoch 99: forward train average loss 0.004094329507400592.
epoch 99: forward test average loss 0.006659721334775289.
inverse model, training agent 0.
epoch 0: inverse train average loss 0.008435758348140452.
epoch 0: inverse test average loss 0.009500627716382345.
epoch 99: inverse train average loss 0.005535555486049917.
epoch 99: inverse test average loss 0.007529406911796994.
forward model: training agent 1.
Epoch 0: forward train average loss 0.002745253447857168.
epoch 0: forward test average loss 0.0052445274260309.
Epoch 99: forward train average loss 0.002260112229527699.
epoch 99: forward test average loss 0.005040604000290235.
inverse model, training agent 1.
epoch 0: inverse train average loss 0.0007881926010466284.
epoch 0: inverse test average loss 0.001231444611524542.
epoch 99: inverse train average loss 0.0002872062258474115.
epoch 99: inverse test average loss 0.00024093789397738874.
forward model: training agent 2.
Epoch 0: forward train average loss 0.0025318418629467487.
epoch 0: forward test average loss 0.004382227237025897.
Epoch 99: forward train average loss 0.002198240305814478.
epoch 99: forward test average loss 0.004034159912003411.
inverse model, training agent 2.
epoch 0: inverse train average loss 0.0010668621495521318.
epoch 0: inverse test average loss 0.000952470263453304.
epoch 99: inverse train average loss 0.0003110128665058356.
epoch 99: inverse test average loss 0.000824975014741843.
forward model: training agent 3.
Epoch 0: forward train average loss 1.5296808693371047e-11.
epoch 0: forward test average loss 6.302344757180833e-11.
Epoch 99: forward train average loss 2.490396344007051e-12.
epoch 99: forward test average loss 6.241323044806377e-12.
inverse model, training agent 3.
epoch 0: inverse train average loss 0.0.
epoch 0: inverse test average loss 0.0.
epoch 99: inverse train average loss 0.0.
epoch 99: inverse test average loss 0.0.
forward model: training agent 4.
Epoch 0: forward train average loss 0.0018073083936340278.
epoch 0: forward test average loss 0.003261585926844014.
Epoch 99: forward train average loss 0.0016651215652624767.
epoch 99: forward test average loss 0.002907560103469425.
inverse model, training agent 4.
epoch 0: inverse train average loss 0.0051198712964024805.
epoch 0: inverse test average loss 0.008574187134703001.
epoch 99: inverse train average loss 0.0036862466173867383.
epoch 99: inverse test average loss 0.007604371756315231.
forward model: training agent 5.
Epoch 0: forward train average loss 0.003839372605499294.
epoch 0: forward test average loss 0.006944535507096184.
Epoch 99: forward train average loss 0.0031789961891869702.
epoch 99: forward test average loss 0.006188678244749705.
inverse model, training agent 5.
epoch 0: inverse train average loss 1.7283044186836943e-05.
epoch 0: inverse test average loss 1.4021398745770833e-08.
epoch 99: inverse train average loss 3.324975925206925e-07.
epoch 99: inverse test average loss 1.3234655524583002e-07.
forward model: training agent 6.
Epoch 0: forward train average loss 0.005884245762394534.
epoch 0: forward test average loss 0.0079712915337748.
Epoch 99: forward train average loss 0.004279139969083998.
epoch 99: forward test average loss 0.007613086452086766.
inverse model, training agent 6.
epoch 0: inverse train average loss 0.0028690953169845873.
epoch 0: inverse test average loss 2.598257237372713e-05.
epoch 99: inverse train average loss 0.0002182985271146107.
epoch 99: inverse test average loss 5.9120085047147266e-05.
forward model: training agent 7.
Epoch 0: forward train average loss 0.0048147269731594455.
epoch 0: forward test average loss 0.009049455324808756.
Epoch 99: forward train average loss 0.004037364851683378.
epoch 99: forward test average loss 0.006477454470263587.
inverse model, training agent 7.
epoch 0: inverse train average loss 0.0073606329452660345.
epoch 0: inverse test average loss 0.02255059861474567.
epoch 99: inverse train average loss 0.0008954859480986164.
epoch 99: inverse test average loss 0.004512046515527699.
forward model: training agent 8.
Epoch 0: forward train average loss 0.00261530430159635.
epoch 0: forward test average loss 0.003779546461171574.
Epoch 99: forward train average loss 0.00223399861715734.
epoch 99: forward test average loss 0.004299766901466582.
inverse model, training agent 8.
epoch 0: inverse train average loss 0.000734991665619115.
epoch 0: inverse test average loss 0.00016209361799863272.
epoch 99: inverse train average loss 7.10003627722876e-05.
epoch 99: inverse test average loss 2.064010509962423e-05.
forward model: training agent 9.
Epoch 0: forward train average loss 0.004627113851408164.
epoch 0: forward test average loss 0.006884655811720424.
Epoch 99: forward train average loss 0.004039768543508317.
epoch 99: forward test average loss 0.006956453745563825.
inverse model, training agent 9.
epoch 0: inverse train average loss 0.0008000734158283902.
epoch 0: inverse test average loss 0.0016354439366194813.
epoch 99: inverse train average loss 5.5565672785936236e-05.
epoch 99: inverse test average loss 0.0009096254491068754.
forward model: training agent 10.
Epoch 0: forward train average loss 0.0040355224369300734.
epoch 0: forward test average loss 0.006845387526684337.
Epoch 99: forward train average loss 0.003629206990202268.
epoch 99: forward test average loss 0.006373410009675556.
inverse model, training agent 10.
epoch 0: inverse train average loss 0.0007650136823132117.
epoch 0: inverse test average loss 0.000714788239242302.
epoch 99: inverse train average loss 0.0001519230362545285.
epoch 99: inverse test average loss 0.0006480303127318621.
forward model: training agent 11.
Epoch 0: forward train average loss 0.0045513978434933555.
epoch 0: forward test average loss 0.008023776320947541.
Epoch 99: forward train average loss 0.0035426116858919463.
epoch 99: forward test average loss 0.0071057528257369995.
inverse model, training agent 11.
epoch 0: inverse train average loss 0.017506903140909143.
epoch 0: inverse test average loss 0.03266947054200702.
epoch 99: inverse train average loss 0.0007413242193352845.
epoch 99: inverse test average loss 0.0005555387922666139.
forward model: training agent 12.
Epoch 0: forward train average loss 0.0014574852668576771.
epoch 0: forward test average loss 0.00240143740342723.
Epoch 99: forward train average loss 0.001241560818420516.
epoch 99: forward test average loss 0.0023112730640504095.
inverse model, training agent 12.
epoch 0: inverse train average loss 0.0003744334350509841.
epoch 0: inverse test average loss 2.2321164932590262e-05.
epoch 99: inverse train average loss 3.8167319734346467e-07.
epoch 99: inverse test average loss 1.2924419144787356e-07.
forward model: training agent 13.
Epoch 0: forward train average loss 0.002247918811109331.
epoch 0: forward test average loss 0.003771767227186097.
Epoch 99: forward train average loss 0.0019555756201346717.
epoch 99: forward test average loss 0.0036334990420275265.
inverse model, training agent 13.
epoch 0: inverse train average loss 0.0020893403044384387.
epoch 0: inverse test average loss 0.0023701968085434702.
epoch 99: inverse train average loss 0.0009957373582033648.
epoch 99: inverse test average loss 0.002597852506571346.
forward model: training agent 14.
Epoch 0: forward train average loss 0.004555105645623472.
epoch 0: forward test average loss 0.00789276220732265.
Epoch 99: forward train average loss 0.004140507688538896.
epoch 99: forward test average loss 0.0068191589994562995.
inverse model, training agent 14.
epoch 0: inverse train average loss 0.008039094042032957.
epoch 0: inverse test average loss 0.004138333567728599.
epoch 99: inverse train average loss 0.0012793054144519072.
epoch 99: inverse test average loss 0.0012465874573940204.
forward model: training agent 15.
Epoch 0: forward train average loss 0.005477667993141545.
epoch 0: forward test average loss 0.009888260314861933.
Epoch 99: forward train average loss 0.004287250546945466.
epoch 99: forward test average loss 0.00847052824166086.
inverse model, training agent 15.
epoch 0: inverse train average loss 0.0008016385254450142.
epoch 0: inverse test average loss 0.0006014197456857397.
epoch 99: inverse train average loss 0.000610223576788687.
epoch 99: inverse test average loss 0.0004783291757727663.
Policy training episode: 98, grounded actions taken: 5760, last two uncertainties: {0: [0.0, 0.0], 1: [0.0, 0.0], 2: [0.0, 0.0], 3: [0.0, 0.0], 4: [0.0, 0.0], 5: [0.0, 0.0], 6: [0.0, 0.0], 7: [0.0, 0.0], 8: [0.0, 0.0], 9: [0.0, 0.0], 10: [0.0, 0.0], 11: [0.0, 0.0], 12: [0.0, 0.0], 13: [0.0, 0.0], 14: [0.0, 0.0], 15: [0.0, 0.0]}, avg agent uncertainties: [0.0, 0.0, 0.0, 0.0, 0.0, 0.0, 0.0, 0.0, 0.0, 0.0, 0.0, 0.0, 0.0, 0.0, 0.0, 0.0], grounded actions by agent: [360, 360, 360, 360, 360, 360, 360, 360, 360, 360, 360, 360, 360, 360, 360, 360]
Policy training episode: 98, iteration 0/1, policy training avg travel time:221.05030106530802, q_loss:85.87590789794922, rewards:-392.3782986111111, queue:41.01232638888889, delay:0.35039918687608507, throughput:19514
Sim Rollout episode:99/100, sim avg travel time:117.66120218579235, rewards:-190.14001736111112, queue:12.264583333333333, delay:0.2635204315185547, throughput:20791
Real rollout step:99/100, travel time:139.5148045149681, rewards:-319.54027777777776, queue:17.383854166666666, delay:0.32727207607693143, throughput:17361
forward model: training agent 0.
Epoch 0: forward train average loss 0.011047018898857964.
epoch 0: forward test average loss 0.010275977353254953.
Epoch 99: forward train average loss 0.004535907155109776.
epoch 99: forward test average loss 0.0077321214808358085.
inverse model, training agent 0.
epoch 0: inverse train average loss 0.005471582938399579.
epoch 0: inverse test average loss 0.01283373600906796.
epoch 99: inverse train average loss 0.003771151571224133.
epoch 99: inverse test average loss 0.009404030111100938.
forward model: training agent 1.
Epoch 0: forward train average loss 0.0027392631810572413.
epoch 0: forward test average loss 0.0040178172704246305.
Epoch 99: forward train average loss 0.002271820247794191.
epoch 99: forward test average loss 0.004172745885120498.
inverse model, training agent 1.
epoch 0: inverse train average loss 9.559300492077859e-05.
epoch 0: inverse test average loss 0.00018449582340609696.
epoch 99: inverse train average loss 1.96045327053677e-05.
epoch 99: inverse test average loss 1.1187076880661254e-05.
forward model: training agent 2.
Epoch 0: forward train average loss 0.002465709681726164.
epoch 0: forward test average loss 0.005060576937264866.
Epoch 99: forward train average loss 0.002129638489956657.
epoch 99: forward test average loss 0.0041398778557777405.
inverse model, training agent 2.
epoch 0: inverse train average loss 0.0007055747135180152.
epoch 0: inverse test average loss 0.0027644057602932057.
epoch 99: inverse train average loss 0.00036938435611470294.
epoch 99: inverse test average loss 0.004179737634128994.
forward model: training agent 3.
Epoch 0: forward train average loss 3.194213942344895e-12.
epoch 0: forward test average loss 2.989236173404445e-12.
Epoch 99: forward train average loss 8.145157677188732e-12.
epoch 99: forward test average loss 1.7185967155559152e-11.
inverse model, training agent 3.
epoch 0: inverse train average loss 0.0.
epoch 0: inverse test average loss 0.0.
epoch 99: inverse train average loss 0.0.
epoch 99: inverse test average loss 0.0.
forward model: training agent 4.
Epoch 0: forward train average loss 0.001669513579044077.
epoch 0: forward test average loss 0.002403303049504757.
Epoch 99: forward train average loss 0.0015608455675343673.
epoch 99: forward test average loss 0.002719741521610154.
inverse model, training agent 4.
epoch 0: inverse train average loss 0.020412037562992837.
epoch 0: inverse test average loss 0.017874739236301847.
epoch 99: inverse train average loss 0.0005927681405511168.
epoch 99: inverse test average loss 0.0007575538992467853.
forward model: training agent 5.
Epoch 0: forward train average loss 0.003929084425585138.
epoch 0: forward test average loss 0.004805052859915627.
Epoch 99: forward train average loss 0.003224762984448009.
epoch 99: forward test average loss 0.006862271784080399.
inverse model, training agent 5.
epoch 0: inverse train average loss 3.945086171420877e-06.
epoch 0: inverse test average loss 0.0011113575762225184.
epoch 99: inverse train average loss 1.9633119979150453e-07.
epoch 99: inverse test average loss 0.01037468706874615.
forward model: training agent 6.
Epoch 0: forward train average loss 0.005320120809806718.
epoch 0: forward test average loss 0.00801062997844484.
Epoch 99: forward train average loss 0.004162866725689835.
epoch 99: forward test average loss 0.007776279416349199.
inverse model, training agent 6.
epoch 0: inverse train average loss 0.00020872709562051264.
epoch 0: inverse test average loss 7.46899576269142e-05.
epoch 99: inverse train average loss 3.1348613750499986e-05.
epoch 99: inverse test average loss 0.0002402890184688052.
forward model: training agent 7.
Epoch 0: forward train average loss 0.004437459943195184.
epoch 0: forward test average loss 0.007470787813266118.
Epoch 99: forward train average loss 0.0037641008901927206.
epoch 99: forward test average loss 0.0069137079020341234.
inverse model, training agent 7.
epoch 0: inverse train average loss 0.005067371504588259.
epoch 0: inverse test average loss 0.001542086130939424.
epoch 99: inverse train average loss 0.0027387781948265103.
epoch 99: inverse test average loss 0.0017704435417221652.
forward model: training agent 8.
Epoch 0: forward train average loss 0.0025676839674512544.
epoch 0: forward test average loss 0.0042988767640458215.
Epoch 99: forward train average loss 0.0022678760449505514.
epoch 99: forward test average loss 0.00450293699072467.
inverse model, training agent 8.
epoch 0: inverse train average loss 0.0008674761435637871.
epoch 0: inverse test average loss 3.1641710241577435e-05.
epoch 99: inverse train average loss 0.00017884133962474557.
epoch 99: inverse test average loss 0.00011471830010931526.
forward model: training agent 9.
Epoch 0: forward train average loss 0.004609355185594823.
epoch 0: forward test average loss 0.00711592183344894.
Epoch 99: forward train average loss 0.004035787967344125.
epoch 99: forward test average loss 0.007612050821383794.
inverse model, training agent 9.
epoch 0: inverse train average loss 0.002577940574459111.
epoch 0: inverse test average loss 0.0019118338823318481.
epoch 99: inverse train average loss 7.428764148261398e-05.
epoch 99: inverse test average loss 3.5498253256389175e-06.
forward model: training agent 10.
Epoch 0: forward train average loss 0.003799393255677488.
epoch 0: forward test average loss 0.006474035274651315.
Epoch 99: forward train average loss 0.0035521243181493548.
epoch 99: forward test average loss 0.006238225640522109.
inverse model, training agent 10.
epoch 0: inverse train average loss 0.0007095071244596814.
epoch 0: inverse test average loss 0.0003107630828809407.
epoch 99: inverse train average loss 0.0003031118055029462.
epoch 99: inverse test average loss 0.00010866636471796987.
forward model: training agent 11.
Epoch 0: forward train average loss 0.0049260155194335515.
epoch 0: forward test average loss 0.0070768797563181985.
Epoch 99: forward train average loss 0.003455042632089721.
epoch 99: forward test average loss 0.00580708310008049.
inverse model, training agent 11.
epoch 0: inverse train average loss 0.0007587924653004544.
epoch 0: inverse test average loss 0.0021490322736402354.
epoch 99: inverse train average loss 0.0001830337108812172.
epoch 99: inverse test average loss 0.001930279886841567.
forward model: training agent 12.
Epoch 0: forward train average loss 0.0013992597814649343.
epoch 0: forward test average loss 0.002890405038164722.
Epoch 99: forward train average loss 0.0012497332128178743.
epoch 99: forward test average loss 0.00239718829592069.
inverse model, training agent 12.
epoch 0: inverse train average loss 1.071006009804402e-08.
epoch 0: inverse test average loss 1.221051191022424e-08.
epoch 99: inverse train average loss 8.032574210719506e-09.
epoch 99: inverse test average loss 8.769891775746904e-09.
forward model: training agent 13.
Epoch 0: forward train average loss 0.0021994892611271804.
epoch 0: forward test average loss 0.0039047073158952924.
Epoch 99: forward train average loss 0.001923242946051889.
epoch 99: forward test average loss 0.003385337380071481.
inverse model, training agent 13.
epoch 0: inverse train average loss 0.0018423850803325574.
epoch 0: inverse test average loss 0.004012124806952973.
epoch 99: inverse train average loss 0.0006645952493676709.
epoch 99: inverse test average loss 0.0021270020386307603.
forward model: training agent 14.
Epoch 0: forward train average loss 0.0048153529771500165.
epoch 0: forward test average loss 0.007492879198657142.
Epoch 99: forward train average loss 0.004314124998119142.
epoch 99: forward test average loss 0.007105313448442353.
inverse model, training agent 14.
epoch 0: inverse train average loss 0.0010491461143828928.
epoch 0: inverse test average loss 0.004271068092849519.
epoch 99: inverse train average loss 0.00023753722295320281.
epoch 99: inverse test average loss 0.00111362347444002.
forward model: training agent 15.
Epoch 0: forward train average loss 0.005684252103997601.
epoch 0: forward test average loss 0.009151973244216707.
Epoch 99: forward train average loss 0.004380891772194041.
epoch 99: forward test average loss 0.007168622687458992.
inverse model, training agent 15.
epoch 0: inverse train average loss 0.0017033396288752556.
epoch 0: inverse test average loss 0.0010804275896387277.
epoch 99: inverse train average loss 0.00013334473058219172.
epoch 99: inverse test average loss 0.0012092489357908359.
Policy training episode: 99, grounded actions taken: 5760, last two uncertainties: {0: [0.0, 0.0], 1: [0.0, 0.0], 2: [0.0, 0.0], 3: [0.0, 0.0], 4: [0.0, 0.0], 5: [0.0, 0.0], 6: [0.0, 0.0], 7: [0.0, 0.0], 8: [0.0, 0.0], 9: [0.0, 0.0], 10: [0.0, 0.0], 11: [0.0, 0.0], 12: [0.0, 0.0], 13: [0.0, 0.0], 14: [0.0, 0.0], 15: [0.0, 0.0]}, avg agent uncertainties: [0.0, 0.0, 0.0, 0.0, 0.0, 0.0, 0.0, 0.0, 0.0, 0.0, 0.0, 0.0, 0.0, 0.0, 0.0, 0.0], grounded actions by agent: [360, 360, 360, 360, 360, 360, 360, 360, 360, 360, 360, 360, 360, 360, 360, 360]
Policy training episode: 99, iteration 0/1, policy training avg travel time:229.62807927393962, q_loss:136.1088409423828, rewards:-400.8006076388889, queue:43.7796875, delay:0.34306038750542533, throughput:19537
Total time taken: 22119.850932121277
