Episode 0 sim randomization params: {'headwayTime': 2.322542491335306, 'minGap': 2.852442249215131, 'usualPosAcc': 3.5009748046028637, 'usualNegAcc': 3.863644182758742, 'length': 4.7}
SIM_TRAIN step:0, travel time:527.4098591549296, q_loss:0, rewards:-133.91156684027777, queue:131.1027777777778, delay:0.6432936774359809, throughput:1078
episode:0/300, sim_loss:0
Episode 1 sim randomization params: {'headwayTime': 2.740023247189788, 'minGap': 3.369440016246849, 'usualPosAcc': 3.9180301098557693, 'usualNegAcc': 2.6021730321410916, 'length': 4.7}
SIM_TRAIN step:1, travel time:541.1169014084508, q_loss:0, rewards:-130.05250651041666, queue:127.46944444444445, delay:0.6507730695936415, throughput:1080
episode:1/300, sim_loss:0
Episode 2 sim randomization params: {'headwayTime': 0.9968042013088867, 'minGap': 2.9148773525650076, 'usualPosAcc': 0.1, 'usualNegAcc': 3.358685004265229, 'length': 4.7}
SIM_TRAIN step:2, travel time:301.3246478873239, q_loss:463.53644, rewards:-60.286968315972224, queue:58.375, delay:0.6406150394015842, throughput:1399
episode:2/300, sim_loss:463.53644
Episode 3 sim randomization params: {'headwayTime': 0.8038867821748907, 'minGap': 2.704066766171368, 'usualPosAcc': 2.1998317873379496, 'usualNegAcc': 4.342143636743647, 'length': 5.0}
SIM_TRAIN step:3, travel time:132.36901408450703, q_loss:147.75742, rewards:-10.692220052083334, queue:6.975, delay:0.5926734500461155, throughput:1395
episode:3/300, sim_loss:147.75742
REAL_TEST step:3, travel time:170.45447647951443, q_loss:100, rewards:-28.57081976996528, queue:16.508333333333333, delay:0.7185160319010416, throughput:1257
Episode 4 sim randomization params: {'headwayTime': 1.8724936465890594, 'minGap': 3.391926849397887, 'usualPosAcc': 1.7253352440582055, 'usualNegAcc': 4.248355709345111, 'length': 5.0}
SIM_TRAIN step:4, travel time:129.1450704225352, q_loss:110.250694, rewards:-9.019446478949654, queue:5.725, delay:0.6360435485839844, throughput:1399
episode:4/300, sim_loss:110.250694
Episode 5 sim randomization params: {'headwayTime': 2.266401767036748, 'minGap': 2.632340270232629, 'usualPosAcc': 1.3764534882885493, 'usualNegAcc': 2.985947711958951, 'length': 5.0}
SIM_TRAIN step:5, travel time:125.81056338028169, q_loss:96.72854, rewards:-6.779165988498264, queue:4.527777777777778, delay:0.6117734697129992, throughput:1400
episode:5/300, sim_loss:96.72854
Episode 6 sim randomization params: {'headwayTime': 0.5, 'minGap': 2.8246967930461833, 'usualPosAcc': 2.41345398651631, 'usualNegAcc': 4.54371911210986, 'length': 5.0}
SIM_TRAIN step:6, travel time:130.53591549295774, q_loss:85.323135, rewards:-9.219167073567709, queue:6.863888888888889, delay:0.6313011593288845, throughput:1379
episode:6/300, sim_loss:85.323135
REAL_TEST step:6, travel time:249.928035982009, q_loss:100, rewards:-54.31693250868056, queue:45.69722222222222, delay:0.7225767347547744, throughput:1180
Episode 7 sim randomization params: {'headwayTime': 2.729009695000661, 'minGap': 2.6646217006093975, 'usualPosAcc': 2.4537254581778334, 'usualNegAcc': 4.923001733295674, 'length': 5.0}
SIM_TRAIN step:7, travel time:254.88098591549297, q_loss:76.29031, rewards:-52.44500868055555, queue:51.269444444444446, delay:0.5062103271484375, throughput:1310
episode:7/300, sim_loss:76.29031
Episode 8 sim randomization params: {'headwayTime': 0.5, 'minGap': 3.4450125589060625, 'usualPosAcc': 4.460390576343935, 'usualNegAcc': 4.9188457850926675, 'length': 5.0}
SIM_TRAIN step:8, travel time:163.4992957746479, q_loss:72.466675, rewards:-23.04055447048611, queue:15.094444444444445, delay:0.6863870408799914, throughput:1394
episode:8/300, sim_loss:72.466675
Episode 9 sim randomization params: {'headwayTime': 1.5443566182705228, 'minGap': 3.424887446073305, 'usualPosAcc': 5.295951310371953, 'usualNegAcc': 6.510550396991155, 'length': 5.0}
SIM_TRAIN step:9, travel time:124.6274647887324, q_loss:73.96089, rewards:-8.149719916449653, queue:4.394444444444445, delay:0.7087198893229166, throughput:1398
episode:9/300, sim_loss:73.96089
REAL_TEST step:9, travel time:182.99403874813711, q_loss:100, rewards:-31.67887912326389, queue:19.886111111111113, delay:0.872086927625868, throughput:1270
Episode 10 sim randomization params: {'headwayTime': 2.732563326866352, 'minGap': 2.465005292378418, 'usualPosAcc': 2.623942378956687, 'usualNegAcc': 4.724100898719084, 'length': 4.7}
SIM_TRAIN step:10, travel time:125.44647887323944, q_loss:68.84164, rewards:-6.738611518012153, queue:4.3277777777777775, delay:0.6219206915961372, throughput:1398
episode:10/300, sim_loss:68.84164
Episode 11 sim randomization params: {'headwayTime': 2.7993660465221546, 'minGap': 3.0547509301360027, 'usualPosAcc': 3.5766181045895014, 'usualNegAcc': 1.8527759718587853, 'length': 4.7}
SIM_TRAIN step:11, travel time:128.24788732394367, q_loss:67.815125, rewards:-6.981944444444444, queue:4.852777777777778, delay:0.6064071231418185, throughput:1395
episode:11/300, sim_loss:67.815125
Episode 12 sim randomization params: {'headwayTime': 1.3275096125564985, 'minGap': 2.478871313201769, 'usualPosAcc': 4.995540312896982, 'usualNegAcc': 2.9263792636302433, 'length': 5.0}
SIM_TRAIN step:12, travel time:124.50281690140845, q_loss:63.69512, rewards:-5.371665445963542, queue:3.925, delay:0.5495553334554036, throughput:1398
episode:12/300, sim_loss:63.69512
REAL_TEST step:12, travel time:175.23746312684366, q_loss:100, rewards:-27.23027886284722, queue:18.40277777777778, delay:0.7662367926703559, throughput:1306
Episode 13 sim randomization params: {'headwayTime': 1.6423265945111547, 'minGap': 3.4700502363687638, 'usualPosAcc': 4.425690942431301, 'usualNegAcc': 4.688030091606868, 'length': 4.7}
SIM_TRAIN step:13, travel time:122.95070422535211, q_loss:59.73807, rewards:-5.5238901774088545, queue:3.591666666666667, delay:0.5778279198540581, throughput:1396
episode:13/300, sim_loss:59.73807
Episode 14 sim randomization params: {'headwayTime': 2.192091284439999, 'minGap': 3.1461270286795524, 'usualPosAcc': 3.9953877431453506, 'usualNegAcc': 2.736065010256143, 'length': 5.0}
SIM_TRAIN step:14, travel time:122.97746478873239, q_loss:53.55583, rewards:-4.246942138671875, queue:3.1333333333333333, delay:0.5014138539632161, throughput:1397
episode:14/300, sim_loss:53.55583
Episode 15 sim randomization params: {'headwayTime': 0.5, 'minGap': 2.661849912146521, 'usualPosAcc': 3.90166798383507, 'usualNegAcc': 3.7765251975674863, 'length': 5.0}
SIM_TRAIN step:15, travel time:125.73239436619718, q_loss:32.473774, rewards:-5.450833468967014, queue:4.569444444444445, delay:0.48054661220974393, throughput:1398
episode:15/300, sim_loss:32.473774
REAL_TEST step:15, travel time:161.3059866962306, q_loss:100, rewards:-17.68027615017361, queue:12.588888888888889, delay:0.6976671430799696, throughput:1299
Episode 16 sim randomization params: {'headwayTime': 2.433678970747064, 'minGap': 2.6720501275307984, 'usualPosAcc': 2.1165136328833807, 'usualNegAcc': 1.9978120565140551, 'length': 4.7}
SIM_TRAIN step:16, travel time:121.94084507042254, q_loss:12.60644, rewards:-3.7058319091796874, queue:2.5861111111111112, delay:0.4970318688286675, throughput:1397
episode:16/300, sim_loss:12.60644
Episode 17 sim randomization params: {'headwayTime': 3.2158283386597706, 'minGap': 3.10921969246861, 'usualPosAcc': 4.390599994439919, 'usualNegAcc': 2.522814965634508, 'length': 5.0}
SIM_TRAIN step:17, travel time:124.66549295774648, q_loss:8.072891, rewards:-4.720554606119792, queue:3.3, delay:0.5431642320421007, throughput:1396
episode:17/300, sim_loss:8.072891
Episode 18 sim randomization params: {'headwayTime': 1.5913237571786607, 'minGap': 3.466786980384051, 'usualPosAcc': 2.041411247831668, 'usualNegAcc': 2.5526460639460513, 'length': 5.0}
SIM_TRAIN step:18, travel time:120.32042253521126, q_loss:6.952866, rewards:-3.086665513780382, queue:2.352777777777778, delay:0.4619781494140625, throughput:1397
episode:18/300, sim_loss:6.952866
REAL_TEST step:18, travel time:160.4188790560472, q_loss:100, rewards:-18.352773708767362, queue:13.258333333333333, delay:0.665486314561632, throughput:1296
Episode 19 sim randomization params: {'headwayTime': 3.925671960218966, 'minGap': 2.957963447617524, 'usualPosAcc': 1.833680799192262, 'usualNegAcc': 1.6076972460403964, 'length': 4.7}
SIM_TRAIN step:19, travel time:122.19422941590429, q_loss:6.331548, rewards:-3.0305552164713543, queue:2.4055555555555554, delay:0.4626749250623915, throughput:1398
episode:19/300, sim_loss:6.331548
Episode 20 sim randomization params: {'headwayTime': 2.9897486442785124, 'minGap': 3.2562966919828895, 'usualPosAcc': 2.4065593540296044, 'usualNegAcc': 2.0239908211636424, 'length': 5.0}
SIM_TRAIN step:20, travel time:121.53309859154929, q_loss:5.9434557, rewards:-3.2261105007595487, queue:2.3944444444444444, delay:0.48134210374620223, throughput:1398
episode:20/300, sim_loss:5.9434557
Episode 21 sim randomization params: {'headwayTime': 0.5, 'minGap': 2.643295485778662, 'usualPosAcc': 3.474584280814534, 'usualNegAcc': 1.0, 'length': 5.0}
SIM_TRAIN step:21, travel time:120.21690140845071, q_loss:5.2736974, rewards:-2.2211100260416665, queue:1.836111111111111, delay:0.4614089118109809, throughput:1399
episode:21/300, sim_loss:5.2736974
REAL_TEST step:21, travel time:160.7433628318584, q_loss:100, rewards:-17.318606228298613, queue:13.019444444444444, delay:0.6541716681586371, throughput:1299
Episode 22 sim randomization params: {'headwayTime': 1.0704957195551794, 'minGap': 2.939340691092013, 'usualPosAcc': 2.5270459243396806, 'usualNegAcc': 4.015298456268577, 'length': 5.0}
SIM_TRAIN step:22, travel time:120.05352112676056, q_loss:4.068591, rewards:-3.162222629123264, queue:2.408333333333333, delay:0.45868420071072047, throughput:1399
episode:22/300, sim_loss:4.068591
Episode 23 sim randomization params: {'headwayTime': 0.7576855409098158, 'minGap': 3.4115535280322895, 'usualPosAcc': 3.6174875529689605, 'usualNegAcc': 5.016222953193099, 'length': 5.0}
SIM_TRAIN step:23, travel time:119.32042253521126, q_loss:2.7228296, rewards:-2.8152786254882813, queue:2.1055555555555556, delay:0.4476943545871311, throughput:1399
episode:23/300, sim_loss:2.7228296
Episode 24 sim randomization params: {'headwayTime': 3.4940311524193888, 'minGap': 3.203868325008293, 'usualPosAcc': 2.7328073106103234, 'usualNegAcc': 1.474232792456018, 'length': 4.913571135976311}
SIM_TRAIN step:24, travel time:120.29275158339198, q_loss:2.2824998, rewards:-2.30777825249566, queue:1.6777777777777778, delay:0.4594185723198785, throughput:1399
episode:24/300, sim_loss:2.2824998
REAL_TEST step:24, travel time:149.84377302873986, q_loss:100, rewards:-14.088331434461805, queue:9.375, delay:0.6533748202853733, throughput:1302
Episode 25 sim randomization params: {'headwayTime': 0.737959086887231, 'minGap': 2.387812963334451, 'usualPosAcc': 2.981495795641663, 'usualNegAcc': 2.813062851529678, 'length': 4.7}
SIM_TRAIN step:25, travel time:118.7605633802817, q_loss:1.8478041, rewards:-2.2630542331271704, queue:1.6944444444444444, delay:0.4363623725043403, throughput:1399
episode:25/300, sim_loss:1.8478041
Episode 26 sim randomization params: {'headwayTime': 0.5, 'minGap': 2.996630148695209, 'usualPosAcc': 3.1177938508716685, 'usualNegAcc': 5.76303365283626, 'length': 4.99109461214458}
SIM_TRAIN step:26, travel time:118.42394366197183, q_loss:1.7501999, rewards:-2.5494447496202257, queue:1.9638888888888888, delay:0.4342081281873915, throughput:1393
episode:26/300, sim_loss:1.7501999
Episode 27 sim randomization params: {'headwayTime': 3.944056373806695, 'minGap': 3.404815337638108, 'usualPosAcc': 4.194225265163581, 'usualNegAcc': 1.0, 'length': 5.0}
SIM_TRAIN step:27, travel time:121.8830985915493, q_loss:1.5473158, rewards:-2.086111619737413, queue:1.6916666666666667, delay:0.45973989698621964, throughput:1397
episode:27/300, sim_loss:1.5473158
REAL_TEST step:27, travel time:147.55940959409594, q_loss:100, rewards:-11.175833468967014, queue:8.98611111111111, delay:0.5994440290662978, throughput:1301
Episode 28 sim randomization params: {'headwayTime': 2.7011274146000974, 'minGap': 3.052557687027205, 'usualPosAcc': 3.134869288121312, 'usualNegAcc': 4.297101170022387, 'length': 5.0}
SIM_TRAIN step:28, travel time:119.95070422535211, q_loss:1.4587162, rewards:-2.8427769978841146, queue:2.0555555555555554, delay:0.45782674153645836, throughput:1399
episode:28/300, sim_loss:1.4587162
Episode 29 sim randomization params: {'headwayTime': 1.4647234438866419, 'minGap': 2.215411292584642, 'usualPosAcc': 2.481875970045904, 'usualNegAcc': 2.4461783163077446, 'length': 5.0}
SIM_TRAIN step:29, travel time:119.6725352112676, q_loss:1.3567911, rewards:-2.6997227986653645, queue:1.9166666666666667, delay:0.4700688680013021, throughput:1399
episode:29/300, sim_loss:1.3567911
Episode 30 sim randomization params: {'headwayTime': 1.588883284388182, 'minGap': 2.9300511281985235, 'usualPosAcc': 1.4745359003702052, 'usualNegAcc': 2.9034289500789225, 'length': 4.992618840520584}
SIM_TRAIN step:30, travel time:119.61197183098592, q_loss:1.3197765, rewards:-2.680555386013455, queue:2.05, delay:0.4482647789849175, throughput:1399
episode:30/300, sim_loss:1.3197765
REAL_TEST step:30, travel time:1180.1106639839034, q_loss:100, rewards:-322.68450520833335, queue:306.03055555555557, delay:0.9106964111328125, throughput:352
Episode 31 sim randomization params: {'headwayTime': 0.5, 'minGap': 3.0082466411460578, 'usualPosAcc': 2.4857417353110587, 'usualNegAcc': 1.8502771041918353, 'length': 4.7}
SIM_TRAIN step:31, travel time:119.19577464788732, q_loss:1.2237456, rewards:-2.3883324517144096, queue:1.6916666666666667, delay:0.4548480987548828, throughput:1399
episode:31/300, sim_loss:1.2237456
Episode 32 sim randomization params: {'headwayTime': 3.00810227696814, 'minGap': 2.792869745980401, 'usualPosAcc': 1.9091885580233043, 'usualNegAcc': 3.3315987774294107, 'length': 5.0}
SIM_TRAIN step:32, travel time:119.50774647887324, q_loss:1.1335204, rewards:-2.6194439358181425, queue:1.9861111111111112, delay:0.452812745836046, throughput:1399
episode:32/300, sim_loss:1.1335204
Episode 33 sim randomization params: {'headwayTime': 2.011852284764432, 'minGap': 2.931182934675875, 'usualPosAcc': 0.6075808972414585, 'usualNegAcc': 6.269848943515516, 'length': 5.0}
SIM_TRAIN step:33, travel time:114.7549295774648, q_loss:1.0876447, rewards:-1.0525004069010417, queue:0.7777777777777778, delay:0.40853195190429686, throughput:1399
episode:33/300, sim_loss:1.0876447
REAL_TEST step:33, travel time:149.16605166051662, q_loss:100, rewards:-12.721385362413194, queue:9.872222222222222, delay:0.6189958784315321, throughput:1302
Episode 34 sim randomization params: {'headwayTime': 3.988474714599167, 'minGap': 2.9171621832362047, 'usualPosAcc': 3.87665051280145, 'usualNegAcc': 4.27867706274728, 'length': 5.0}
SIM_TRAIN step:34, travel time:120.79718309859155, q_loss:1.0521182, rewards:-2.9386111789279514, queue:2.161111111111111, delay:0.47170367770724825, throughput:1396
episode:34/300, sim_loss:1.0521182
Episode 35 sim randomization params: {'headwayTime': 1.8306184636173262, 'minGap': 2.3694003387048945, 'usualPosAcc': 4.029241913012329, 'usualNegAcc': 1.0, 'length': 4.846440530394857}
SIM_TRAIN step:35, travel time:121.03028169014084, q_loss:1.0328503, rewards:-2.2505545722113713, queue:1.7305555555555556, delay:0.4671515570746528, throughput:1399
episode:35/300, sim_loss:1.0328503
Episode 36 sim randomization params: {'headwayTime': 1.7379951955326005, 'minGap': 2.5245703492455784, 'usualPosAcc': 3.4638474654177482, 'usualNegAcc': 3.3874856658010737, 'length': 4.72040427161774}
SIM_TRAIN step:36, travel time:119.8725352112676, q_loss:1.071329, rewards:-2.9133338080512154, queue:2.161111111111111, delay:0.4564481947157118, throughput:1399
episode:36/300, sim_loss:1.071329
REAL_TEST step:36, travel time:142.9011070110701, q_loss:100, rewards:-9.700001356336806, queue:7.883333333333334, delay:0.5851394229465061, throughput:1306
Episode 37 sim randomization params: {'headwayTime': 3.020119863830425, 'minGap': 2.728431545398971, 'usualPosAcc': 4.5190127657801, 'usualNegAcc': 4.24826991885221, 'length': 4.7}
SIM_TRAIN step:37, travel time:120.58380281690141, q_loss:1.0495199, rewards:-3.004167683919271, queue:2.191666666666667, delay:0.47067476908365885, throughput:1397
episode:37/300, sim_loss:1.0495199
Episode 38 sim randomization params: {'headwayTime': 0.5, 'minGap': 2.4292088491155868, 'usualPosAcc': 4.108089867284974, 'usualNegAcc': 3.621057661546306, 'length': 4.818799957965098}
SIM_TRAIN step:38, travel time:119.40563380281691, q_loss:1.0693415, rewards:-2.7291668362087673, queue:1.9805555555555556, delay:0.4547491709391276, throughput:1398
episode:38/300, sim_loss:1.0693415
Episode 39 sim randomization params: {'headwayTime': 5.0, 'minGap': 2.4382462721333966, 'usualPosAcc': 1.8335053922157512, 'usualNegAcc': 2.962763224256765, 'length': 5.0}
SIM_TRAIN step:39, travel time:122.25985915492957, q_loss:1.104749, rewards:-2.6972215440538196, queue:2.15, delay:0.4664755079481337, throughput:1399
episode:39/300, sim_loss:1.104749
REAL_TEST step:39, travel time:142.59660766961653, q_loss:100, rewards:-9.472776285807292, queue:7.688888888888889, delay:0.5896979437934028, throughput:1306
Episode 40 sim randomization params: {'headwayTime': 0.9255426990018369, 'minGap': 2.6791695744989497, 'usualPosAcc': 0.4469968202362451, 'usualNegAcc': 4.837785070267857, 'length': 5.0}
SIM_TRAIN step:40, travel time:119.09577464788732, q_loss:1.2229289, rewards:-2.3002777099609375, queue:1.7666666666666666, delay:0.446377436319987, throughput:1399
episode:40/300, sim_loss:1.2229289
Episode 41 sim randomization params: {'headwayTime': 1.2568131570999435, 'minGap': 2.9588023803948675, 'usualPosAcc': 0.8720012730472952, 'usualNegAcc': 2.963971478604193, 'length': 5.0}
SIM_TRAIN step:41, travel time:119.70140845070422, q_loss:1.1275245, rewards:-2.4711107042100693, queue:2.047222222222222, delay:0.44443774753146703, throughput:1398
episode:41/300, sim_loss:1.1275245
Episode 42 sim randomization params: {'headwayTime': 2.340243399298828, 'minGap': 3.7317308552465196, 'usualPosAcc': 1.5594178706662654, 'usualNegAcc': 4.60524369008992, 'length': 4.874876270186815}
SIM_TRAIN step:42, travel time:119.50704225352112, q_loss:1.1550808, rewards:-2.9302781846788193, queue:2.191666666666667, delay:0.4535718282063802, throughput:1399
episode:42/300, sim_loss:1.1550808
REAL_TEST step:42, travel time:144.4697640117994, q_loss:100, rewards:-10.233331298828125, queue:8.252777777777778, delay:0.5993217468261719, throughput:1303
Episode 43 sim randomization params: {'headwayTime': 3.101497588885725, 'minGap': 2.8974039105228475, 'usualPosAcc': 1.8667705698435433, 'usualNegAcc': 2.346517847658144, 'length': 5.0}
SIM_TRAIN step:43, travel time:119.56408450704225, q_loss:1.0837216, rewards:-2.126944139268663, queue:1.586111111111111, delay:0.43600853814019097, throughput:1399
episode:43/300, sim_loss:1.0837216
Episode 44 sim randomization params: {'headwayTime': 1.9630992442881376, 'minGap': 2.1740021515160315, 'usualPosAcc': 1.7479031732514647, 'usualNegAcc': 4.7577419743134355, 'length': 4.7}
SIM_TRAIN step:44, travel time:120.0443661971831, q_loss:1.0805283, rewards:-2.9811102973090278, queue:2.283333333333333, delay:0.445256593492296, throughput:1399
episode:44/300, sim_loss:1.0805283
Episode 45 sim randomization params: {'headwayTime': 4.5079897783989065, 'minGap': 3.2608633782238248, 'usualPosAcc': 2.422819455279039, 'usualNegAcc': 2.9633431292693726, 'length': 4.7}
SIM_TRAIN step:45, travel time:121.5, q_loss:1.1179512, rewards:-2.672221204969618, queue:2.1, delay:0.4530676523844401, throughput:1399
episode:45/300, sim_loss:1.1179512
REAL_TEST step:45, travel time:145.59027266028002, q_loss:100, rewards:-8.981669108072916, queue:7.513888888888889, delay:0.5683138105604384, throughput:1302
Episode 46 sim randomization params: {'headwayTime': 0.8610592201054155, 'minGap': 2.3696684931203746, 'usualPosAcc': 4.267978956484995, 'usualNegAcc': 6.181493227916657, 'length': 4.7}
SIM_TRAIN step:46, travel time:119.76267605633802, q_loss:1.1733438, rewards:-3.0319451226128473, queue:2.2555555555555555, delay:0.45321036444769963, throughput:1399
episode:46/300, sim_loss:1.1733438
Episode 47 sim randomization params: {'headwayTime': 0.5, 'minGap': 2.2633357314487097, 'usualPosAcc': 1.319158246204243, 'usualNegAcc': 1.0, 'length': 4.7}
SIM_TRAIN step:47, travel time:119.3718309859155, q_loss:1.194328, rewards:-1.9205554538302951, queue:1.461111111111111, delay:0.45827742682562933, throughput:1398
episode:47/300, sim_loss:1.194328
Episode 48 sim randomization params: {'headwayTime': 4.395540257646927, 'minGap': 2.7755578893927924, 'usualPosAcc': 3.7922345594006353, 'usualNegAcc': 2.9372082604064103, 'length': 5.0}
SIM_TRAIN step:48, travel time:122.94366197183099, q_loss:1.1470381, rewards:-2.818611823187934, queue:2.2333333333333334, delay:0.4585731506347656, throughput:1399
episode:48/300, sim_loss:1.1470381
REAL_TEST step:48, travel time:1317.5904761904762, q_loss:100, rewards:-344.2810546875, queue:327.9111111111111, delay:0.9107187059190538, throughput:304
Episode 49 sim randomization params: {'headwayTime': 2.452615829934527, 'minGap': 2.762479174828347, 'usualPosAcc': 6.10129667450467, 'usualNegAcc': 3.193823904194715, 'length': 4.7}
SIM_TRAIN step:49, travel time:120.16478873239437, q_loss:1.1007943, rewards:-2.560277642144097, queue:1.9666666666666666, delay:0.4487542046440972, throughput:1399
episode:49/300, sim_loss:1.1007943
Episode 50 sim randomization params: {'headwayTime': 2.4573807034693944, 'minGap': 2.886019386119091, 'usualPosAcc': 4.08020139230611, 'usualNegAcc': 2.2622510777834144, 'length': 5.0}
SIM_TRAIN step:50, travel time:119.4330985915493, q_loss:1.0865835, rewards:-2.246110365125868, queue:1.6166666666666667, delay:0.44497218661838106, throughput:1398
episode:50/300, sim_loss:1.0865835
Episode 51 sim randomization params: {'headwayTime': 3.6093647929164954, 'minGap': 2.6596325749033745, 'usualPosAcc': 2.8520118477828413, 'usualNegAcc': 2.4040269473072335, 'length': 5.0}
SIM_TRAIN step:51, travel time:119.93661971830986, q_loss:1.021902, rewards:-2.2575003729926215, queue:1.6333333333333333, delay:0.4533757527669271, throughput:1397
episode:51/300, sim_loss:1.021902
REAL_TEST step:51, travel time:138.3719557195572, q_loss:100, rewards:-6.486942545572917, queue:5.677777777777778, delay:0.5144552442762587, throughput:1307
Episode 52 sim randomization params: {'headwayTime': 0.8536729747641045, 'minGap': 2.7368932002792628, 'usualPosAcc': 1.1804602901298102, 'usualNegAcc': 3.1600508107298495, 'length': 4.996239342913981}
SIM_TRAIN step:52, travel time:118.63028169014085, q_loss:1.001599, rewards:-2.450833299424913, queue:1.7277777777777779, delay:0.4612032996283637, throughput:1399
episode:52/300, sim_loss:1.001599
Episode 53 sim randomization params: {'headwayTime': 3.458986769560095, 'minGap': 2.680224807416348, 'usualPosAcc': 2.3773474162066432, 'usualNegAcc': 1.4902765883940945, 'length': 4.7}
SIM_TRAIN step:53, travel time:120.24788732394366, q_loss:0.9852796, rewards:-2.109722391764323, queue:1.5916666666666666, delay:0.4563018798828125, throughput:1391
episode:53/300, sim_loss:0.9852796
Episode 54 sim randomization params: {'headwayTime': 5.0, 'minGap': 3.2748475490101265, 'usualPosAcc': 1.5672633033188514, 'usualNegAcc': 1.6136603032158656, 'length': 4.7}
SIM_TRAIN step:54, travel time:123.36901408450704, q_loss:0.9874432, rewards:-2.6625003390842013, queue:1.95, delay:0.4717200385199653, throughput:1399
episode:54/300, sim_loss:0.9874432
REAL_TEST step:54, travel time:138.90169992609017, q_loss:100, rewards:-7.553889973958333, queue:6.194444444444445, delay:0.5542137993706597, throughput:1302
Episode 55 sim randomization params: {'headwayTime': 2.061607178660689, 'minGap': 2.9125020038093083, 'usualPosAcc': 1.6176695827340355, 'usualNegAcc': 1.6929438318892753, 'length': 5.0}
SIM_TRAIN step:55, travel time:119.68169014084508, q_loss:0.94409114, rewards:-2.3341666327582464, queue:1.7444444444444445, delay:0.4491624196370443, throughput:1396
episode:55/300, sim_loss:0.94409114
Episode 56 sim randomization params: {'headwayTime': 2.89948324879232, 'minGap': 2.7651555129555434, 'usualPosAcc': 2.329900757370122, 'usualNegAcc': 2.8739324837639564, 'length': 4.7}
SIM_TRAIN step:56, travel time:119.86760563380281, q_loss:0.8905125, rewards:-2.4099994235568576, queue:1.8972222222222221, delay:0.43768187628851996, throughput:1399
episode:56/300, sim_loss:0.8905125
Episode 57 sim randomization params: {'headwayTime': 2.304721433953948, 'minGap': 2.5146040125095244, 'usualPosAcc': 1.2663493533153651, 'usualNegAcc': 2.701190647591017, 'length': 5.0}
SIM_TRAIN step:57, travel time:119.89366197183098, q_loss:0.9484408, rewards:-2.5061109754774304, queue:1.8666666666666667, delay:0.44010857476128473, throughput:1399
episode:57/300, sim_loss:0.9484408
REAL_TEST step:57, travel time:143.0879526977088, q_loss:100, rewards:-7.874721950954861, queue:6.780555555555556, delay:0.514965311686198, throughput:1301
Episode 58 sim randomization params: {'headwayTime': 0.5, 'minGap': 2.3836586745173163, 'usualPosAcc': 3.5001988222344345, 'usualNegAcc': 4.8768154912377, 'length': 4.7}
SIM_TRAIN step:58, travel time:119.32605633802817, q_loss:0.95143604, rewards:-2.894722154405382, queue:2.136111111111111, delay:0.45686747233072916, throughput:1399
episode:58/300, sim_loss:0.95143604
Episode 59 sim randomization params: {'headwayTime': 3.095443888808538, 'minGap': 2.7950123250506893, 'usualPosAcc': 3.0397573601128416, 'usualNegAcc': 1.732901963097767, 'length': 5.0}
SIM_TRAIN step:59, travel time:120.5105633802817, q_loss:0.96504486, rewards:-2.420834181043837, queue:1.7833333333333334, delay:0.44925011528862846, throughput:1399
episode:59/300, sim_loss:0.96504486
Episode 60 sim randomization params: {'headwayTime': 4.229768348786202, 'minGap': 3.129346364825426, 'usualPosAcc': 3.389342347905395, 'usualNegAcc': 1.0, 'length': 5.0}
SIM_TRAIN step:60, travel time:121.97112676056338, q_loss:0.9101557, rewards:-2.10333251953125, queue:1.5222222222222221, delay:0.4661409166124132, throughput:1394
episode:60/300, sim_loss:0.9101557
REAL_TEST step:60, travel time:142.49446494464945, q_loss:100, rewards:-7.806389024522569, queue:6.808333333333334, delay:0.5241778055826823, throughput:1304
Episode 61 sim randomization params: {'headwayTime': 2.054961789454198, 'minGap': 2.84706361753532, 'usualPosAcc': 1.7724139336394127, 'usualNegAcc': 3.786369360865144, 'length': 5.0}
SIM_TRAIN step:61, travel time:120.03028169014084, q_loss:0.90349966, rewards:-2.9272220187717015, queue:2.2527777777777778, delay:0.44552302890353734, throughput:1399
episode:61/300, sim_loss:0.90349966
Episode 62 sim randomization params: {'headwayTime': 1.6330949558430938, 'minGap': 2.7332033097044466, 'usualPosAcc': 4.302465182877409, 'usualNegAcc': 1.9756273126601647, 'length': 5.0}
SIM_TRAIN step:62, travel time:119.84295774647887, q_loss:0.96166027, rewards:-2.485833740234375, queue:1.7277777777777779, delay:0.45610805087619355, throughput:1399
episode:62/300, sim_loss:0.96166027
Episode 63 sim randomization params: {'headwayTime': 2.412958060803029, 'minGap': 2.610449967698326, 'usualPosAcc': 2.235624621345733, 'usualNegAcc': 2.264809979612973, 'length': 5.0}
SIM_TRAIN step:63, travel time:119.88661971830986, q_loss:0.9183185, rewards:-2.4813883463541666, queue:1.8916666666666666, delay:0.4474252065022786, throughput:1399
episode:63/300, sim_loss:0.9183185
REAL_TEST step:63, travel time:138.63716814159292, q_loss:100, rewards:-6.963886854383681, queue:5.9, delay:0.5287947760687934, throughput:1307
Episode 64 sim randomization params: {'headwayTime': 2.715786118687735, 'minGap': 2.6995533769448548, 'usualPosAcc': 1.1309831132862564, 'usualNegAcc': 4.17067710586167, 'length': 5.0}
SIM_TRAIN step:64, travel time:119.36267605633803, q_loss:0.9993758, rewards:-2.6486114501953124, queue:2.1055555555555556, delay:0.4479991488986545, throughput:1399
episode:64/300, sim_loss:0.9993758
Episode 65 sim randomization params: {'headwayTime': 1.89850966159407, 'minGap': 3.0506069003201204, 'usualPosAcc': 2.1186030752523495, 'usualNegAcc': 3.8054079613747067, 'length': 4.81357893670804}
SIM_TRAIN step:65, travel time:118.91408450704225, q_loss:0.994553, rewards:-2.367778862847222, queue:1.775, delay:0.4369972652859158, throughput:1399
episode:65/300, sim_loss:0.994553
Episode 66 sim randomization params: {'headwayTime': 2.6204545930657153, 'minGap': 2.3564818953071383, 'usualPosAcc': 3.5060991115379774, 'usualNegAcc': 3.3413053286988292, 'length': 5.0}
SIM_TRAIN step:66, travel time:119.90845070422536, q_loss:0.9815509, rewards:-2.627222357855903, queue:1.9916666666666667, delay:0.4441610124376085, throughput:1398
episode:66/300, sim_loss:0.9815509
REAL_TEST step:66, travel time:141.04431314623338, q_loss:100, rewards:-7.0530585394965275, queue:6.7444444444444445, delay:0.4483533647325304, throughput:1306
Episode 67 sim randomization params: {'headwayTime': 1.4976510743848102, 'minGap': 3.0153300281746773, 'usualPosAcc': 1.1713145863846666, 'usualNegAcc': 5.555080883482001, 'length': 4.7}
SIM_TRAIN step:67, travel time:116.3330985915493, q_loss:0.98554486, rewards:-1.5883341471354167, queue:1.0083333333333333, delay:0.4255420684814453, throughput:1400
episode:67/300, sim_loss:0.98554486
Episode 68 sim randomization params: {'headwayTime': 0.5, 'minGap': 2.9848397850342683, 'usualPosAcc': 4.619465507851025, 'usualNegAcc': 4.133877030820528, 'length': 4.841338588621385}
SIM_TRAIN step:68, travel time:119.46126760563381, q_loss:0.9811068, rewards:-2.918333265516493, queue:2.15, delay:0.4640141381157769, throughput:1399
episode:68/300, sim_loss:0.9811068
Episode 69 sim randomization params: {'headwayTime': 0.5, 'minGap': 2.831140400805152, 'usualPosAcc': 2.602967264982752, 'usualNegAcc': 6.33728708672946, 'length': 5.0}
SIM_TRAIN step:69, travel time:117.74577464788733, q_loss:1.015957, rewards:-2.258611891004774, queue:1.7666666666666666, delay:0.42256783379448787, throughput:1400
episode:69/300, sim_loss:1.015957
REAL_TEST step:69, travel time:141.55022156573116, q_loss:100, rewards:-8.466111924913195, queue:6.991666666666666, delay:0.5682803259955512, throughput:1303
Episode 70 sim randomization params: {'headwayTime': 0.5, 'minGap': 3.6296404742875494, 'usualPosAcc': 2.092786569321641, 'usualNegAcc': 2.3280428450612662, 'length': 5.0}
SIM_TRAIN step:70, travel time:119.7387323943662, q_loss:0.97293496, rewards:-2.6283333672417535, queue:1.9583333333333333, delay:0.46261266072591145, throughput:1399
episode:70/300, sim_loss:0.97293496
Episode 71 sim randomization params: {'headwayTime': 2.0119323042743664, 'minGap': 2.7677350642238845, 'usualPosAcc': 2.9275489449519143, 'usualNegAcc': 5.018026497386117, 'length': 5.0}
SIM_TRAIN step:71, travel time:119.72394366197183, q_loss:1.0497018, rewards:-2.916945054796007, queue:2.1805555555555554, delay:0.45708482530381944, throughput:1399
episode:71/300, sim_loss:1.0497018
Episode 72 sim randomization params: {'headwayTime': 0.5, 'minGap': 3.6194533292978224, 'usualPosAcc': 3.9177317596740506, 'usualNegAcc': 3.108446343259484, 'length': 4.7}
SIM_TRAIN step:72, travel time:119.2443661971831, q_loss:1.0160054, rewards:-2.4944439358181425, queue:1.8555555555555556, delay:0.44797613355848526, throughput:1399
episode:72/300, sim_loss:1.0160054
REAL_TEST step:72, travel time:141.079822616408, q_loss:100, rewards:-7.775830756293403, queue:6.883333333333334, delay:0.5002558814154731, throughput:1305
Episode 73 sim randomization params: {'headwayTime': 0.5, 'minGap': 2.9444162375274257, 'usualPosAcc': 1.7486978399021074, 'usualNegAcc': 2.5067966141530285, 'length': 5.0}
SIM_TRAIN step:73, travel time:119.13591549295775, q_loss:0.99965775, rewards:-2.2955556233723957, queue:1.7166666666666666, delay:0.44928851657443575, throughput:1399
episode:73/300, sim_loss:0.99965775
Episode 74 sim randomization params: {'headwayTime': 2.7452841985725924, 'minGap': 2.757954346967464, 'usualPosAcc': 3.628576730812107, 'usualNegAcc': 5.833110657036847, 'length': 4.7}
SIM_TRAIN step:74, travel time:119.58521126760563, q_loss:0.97311944, rewards:-2.700000508626302, queue:2.091666666666667, delay:0.4384754604763455, throughput:1396
episode:74/300, sim_loss:0.97311944
Episode 75 sim randomization params: {'headwayTime': 1.0321733650682217, 'minGap': 3.2393438624791555, 'usualPosAcc': 3.6077591695084736, 'usualNegAcc': 4.053650216043268, 'length': 5.0}
SIM_TRAIN step:75, travel time:119.28802816901408, q_loss:1.1204548, rewards:-2.9899997287326388, queue:2.1527777777777777, delay:0.4622169494628906, throughput:1399
episode:75/300, sim_loss:1.1204548
REAL_TEST step:75, travel time:140.06056129985228, q_loss:100, rewards:-7.04944322374132, queue:6.236111111111111, delay:0.4964114295111762, throughput:1302
Episode 76 sim randomization params: {'headwayTime': 0.5, 'minGap': 2.367510379842402, 'usualPosAcc': 1.4515499941034185, 'usualNegAcc': 3.8911687890362225, 'length': 4.7}
SIM_TRAIN step:76, travel time:118.93028169014084, q_loss:1.0767477, rewards:-2.5327789306640627, queue:1.8666666666666667, delay:0.44500702752007376, throughput:1399
episode:76/300, sim_loss:1.0767477
Episode 77 sim randomization params: {'headwayTime': 1.2376238631282959, 'minGap': 2.5489999571238915, 'usualPosAcc': 1.786216363350932, 'usualNegAcc': 2.132531938370929, 'length': 5.0}
SIM_TRAIN step:77, travel time:118.7943661971831, q_loss:1.1163361, rewards:-2.176944817437066, queue:1.5416666666666667, delay:0.4448890686035156, throughput:1399
episode:77/300, sim_loss:1.1163361
Episode 78 sim randomization params: {'headwayTime': 3.506957190330298, 'minGap': 2.727039461773444, 'usualPosAcc': 2.3481185181598776, 'usualNegAcc': 2.7935891868814124, 'length': 5.0}
SIM_TRAIN step:78, travel time:119.9781690140845, q_loss:1.0643916, rewards:-2.290277777777778, queue:1.8777777777777778, delay:0.4345827314588759, throughput:1399
episode:78/300, sim_loss:1.0643916
REAL_TEST step:78, travel time:140.02066420664207, q_loss:100, rewards:-6.377503119574653, queue:6.033333333333333, delay:0.43496411641438804, throughput:1302
Episode 79 sim randomization params: {'headwayTime': 2.257629188568419, 'minGap': 3.473896484121757, 'usualPosAcc': 1.140158030172954, 'usualNegAcc': 4.265503898738035, 'length': 5.0}
SIM_TRAIN step:79, travel time:120.38661971830986, q_loss:1.034607, rewards:-2.998611789279514, queue:2.386111111111111, delay:0.44466718037923175, throughput:1399
episode:79/300, sim_loss:1.034607
Episode 80 sim randomization params: {'headwayTime': 1.4620208973461106, 'minGap': 3.1100722858577874, 'usualPosAcc': 0.6736091973730036, 'usualNegAcc': 7.0, 'length': 4.7}
SIM_TRAIN step:80, travel time:113.78591549295774, q_loss:1.0583186, rewards:-0.8136111789279514, queue:0.5444444444444444, delay:0.3806632995605469, throughput:1400
episode:80/300, sim_loss:1.0583186
Episode 81 sim randomization params: {'headwayTime': 3.728058851200029, 'minGap': 2.49639583558188, 'usualPosAcc': 4.195200922475184, 'usualNegAcc': 3.0997525184899564, 'length': 5.0}
SIM_TRAIN step:81, travel time:120.74788732394366, q_loss:1.0478873, rewards:-2.3672220865885416, queue:1.886111111111111, delay:0.4357452392578125, throughput:1399
episode:81/300, sim_loss:1.0478873
REAL_TEST step:81, travel time:141.18657817109144, q_loss:100, rewards:-8.703335910373264, queue:6.686111111111111, delay:0.6218755510118272, throughput:1304
Episode 82 sim randomization params: {'headwayTime': 2.1944184476009205, 'minGap': 3.296264274208926, 'usualPosAcc': 2.19269546780562, 'usualNegAcc': 1.0, 'length': 4.7}
SIM_TRAIN step:82, travel time:119.95774647887323, q_loss:1.0675412, rewards:-1.8308336046006946, queue:1.4472222222222222, delay:0.44498634338378906, throughput:1399
episode:82/300, sim_loss:1.0675412
Episode 83 sim randomization params: {'headwayTime': 2.4251708118674387, 'minGap': 2.7414314462467058, 'usualPosAcc': 3.676956357796285, 'usualNegAcc': 5.283910113720172, 'length': 4.905426041664122}
SIM_TRAIN step:83, travel time:120.36760563380281, q_loss:1.0575771, rewards:-2.9383334689670138, queue:2.2333333333333334, delay:0.44315677218967015, throughput:1399
episode:83/300, sim_loss:1.0575771
Episode 84 sim randomization params: {'headwayTime': 0.5, 'minGap': 3.398299439602123, 'usualPosAcc': 4.102952760145272, 'usualNegAcc': 3.233261830543443, 'length': 5.0}
SIM_TRAIN step:84, travel time:119.15, q_loss:1.084138, rewards:-2.4236114501953123, queue:1.775, delay:0.4397360483805339, throughput:1399
episode:84/300, sim_loss:1.084138
REAL_TEST step:84, travel time:147.73470891672807, q_loss:100, rewards:-11.188612874348959, queue:8.85, delay:0.6426476372612847, throughput:1304
Episode 85 sim randomization params: {'headwayTime': 1.482490435635984, 'minGap': 2.4906369006493847, 'usualPosAcc': 2.4180121300986324, 'usualNegAcc': 5.3814205961890025, 'length': 4.7}
SIM_TRAIN step:85, travel time:118.82323943661972, q_loss:1.0130059, rewards:-2.5191670735677083, queue:1.9916666666666667, delay:0.42500394185384116, throughput:1399
episode:85/300, sim_loss:1.0130059
Episode 86 sim randomization params: {'headwayTime': 5.0, 'minGap': 2.5772505627540596, 'usualPosAcc': 3.928014295878487, 'usualNegAcc': 4.549361303756957, 'length': 4.901403481866993}
SIM_TRAIN step:86, travel time:122.02676056338028, q_loss:1.003489, rewards:-2.561111111111111, queue:2.0527777777777776, delay:0.4530315399169922, throughput:1399
episode:86/300, sim_loss:1.003489
Episode 87 sim randomization params: {'headwayTime': 4.0125433723304305, 'minGap': 2.36007243600745, 'usualPosAcc': 4.476297630229137, 'usualNegAcc': 3.6006529148064237, 'length': 4.7}
SIM_TRAIN step:87, travel time:121.68028169014084, q_loss:1.0681576, rewards:-2.7069439358181424, queue:2.1, delay:0.4545373280843099, throughput:1399
episode:87/300, sim_loss:1.0681576
REAL_TEST step:87, travel time:141.68044280442805, q_loss:100, rewards:-8.996665445963542, queue:6.805555555555555, delay:0.625481202867296, throughput:1305
Episode 88 sim randomization params: {'headwayTime': 3.426038065030944, 'minGap': 3.2815636448957277, 'usualPosAcc': 3.6769217856481182, 'usualNegAcc': 6.819225960830179, 'length': 5.0}
SIM_TRAIN step:88, travel time:119.22464788732394, q_loss:0.99709064, rewards:-2.3524987114800346, queue:1.9305555555555556, delay:0.42678443060980903, throughput:1399
episode:88/300, sim_loss:0.99709064
Episode 89 sim randomization params: {'headwayTime': 4.371806739384119, 'minGap': 2.7056489826164545, 'usualPosAcc': 2.77487233680436, 'usualNegAcc': 4.578252828427816, 'length': 4.988644968509892}
SIM_TRAIN step:89, travel time:122.37535211267605, q_loss:0.9172854, rewards:-3.1638885498046876, queue:2.4472222222222224, delay:0.4722420162624783, throughput:1397
episode:89/300, sim_loss:0.9172854
Episode 90 sim randomization params: {'headwayTime': 2.6338943627166276, 'minGap': 3.0533977158084444, 'usualPosAcc': 3.778171728046888, 'usualNegAcc': 3.541490130398763, 'length': 4.776128502149196}
SIM_TRAIN step:90, travel time:121.01338028169015, q_loss:1.0221629, rewards:-3.122221204969618, queue:2.3583333333333334, delay:0.4561714596218533, throughput:1399
episode:90/300, sim_loss:1.0221629
REAL_TEST step:90, travel time:146.32372505543236, q_loss:100, rewards:-10.67000257703993, queue:8.430555555555555, delay:0.6224443647596571, throughput:1298
Episode 91 sim randomization params: {'headwayTime': 0.6338812991167055, 'minGap': 2.578976362588782, 'usualPosAcc': 4.224533669191, 'usualNegAcc': 3.5681464787161743, 'length': 5.0}
SIM_TRAIN step:91, travel time:119.45915492957747, q_loss:1.0444746, rewards:-2.619167243109809, queue:1.9777777777777779, delay:0.44000837537977433, throughput:1398
episode:91/300, sim_loss:1.0444746
Episode 92 sim randomization params: {'headwayTime': 0.5, 'minGap': 2.202259481177894, 'usualPosAcc': 1.2032359258400496, 'usualNegAcc': 5.488738069314828, 'length': 5.0}
SIM_TRAIN step:92, travel time:119.57464788732395, q_loss:1.0319897, rewards:-2.9661109076605903, queue:2.2305555555555556, delay:0.452985594007704, throughput:1399
episode:92/300, sim_loss:1.0319897
Episode 93 sim randomization params: {'headwayTime': 2.687708335898191, 'minGap': 2.6112187459424145, 'usualPosAcc': 2.452108407470438, 'usualNegAcc': 3.2354936515136656, 'length': 4.779217058498998}
SIM_TRAIN step:93, travel time:120.01971830985916, q_loss:1.0142183, rewards:-2.6766659206814234, queue:2.058333333333333, delay:0.4479726155598958, throughput:1399
episode:93/300, sim_loss:1.0142183
REAL_TEST step:93, travel time:140.9135893648449, q_loss:100, rewards:-8.499166531032985, queue:6.733333333333333, delay:0.5679355197482638, throughput:1301
Episode 94 sim randomization params: {'headwayTime': 0.5, 'minGap': 2.591146501053609, 'usualPosAcc': 2.37145192907216, 'usualNegAcc': 6.065627352106867, 'length': 5.0}
SIM_TRAIN step:94, travel time:118.39014084507042, q_loss:0.9795376, rewards:-2.3158338758680554, queue:1.8777777777777778, delay:0.4169356875949436, throughput:1399
episode:94/300, sim_loss:0.9795376
Episode 95 sim randomization params: {'headwayTime': 4.579572266685171, 'minGap': 2.758265512846599, 'usualPosAcc': 2.286343529502981, 'usualNegAcc': 1.0, 'length': 5.0}
SIM_TRAIN step:95, travel time:123.56338028169014, q_loss:0.9987757, rewards:-2.4616661919487846, queue:1.7972222222222223, delay:0.46667942470974394, throughput:1399
episode:95/300, sim_loss:0.9987757
Episode 96 sim randomization params: {'headwayTime': 3.0683593205706208, 'minGap': 3.5349532650413744, 'usualPosAcc': 1.9680047533217522, 'usualNegAcc': 3.846880483667393, 'length': 4.7}
SIM_TRAIN step:96, travel time:120.56478873239436, q_loss:1.0592326, rewards:-2.9933349609375, queue:2.2416666666666667, delay:0.45801417032877606, throughput:1399
episode:96/300, sim_loss:1.0592326
REAL_TEST step:96, travel time:142.1189948263119, q_loss:100, rewards:-9.206389024522569, queue:7.247222222222222, delay:0.6042004055447049, throughput:1302
Episode 97 sim randomization params: {'headwayTime': 0.5, 'minGap': 2.643281131974695, 'usualPosAcc': 2.160802007243329, 'usualNegAcc': 5.814483324724909, 'length': 5.0}
SIM_TRAIN step:97, travel time:120.04295774647888, q_loss:1.0822194, rewards:-3.296666463216146, queue:2.4555555555555557, delay:0.457040278116862, throughput:1399
episode:97/300, sim_loss:1.0822194
Episode 98 sim randomization params: {'headwayTime': 0.7007356868878603, 'minGap': 2.951076018167024, 'usualPosAcc': 2.9258970435616467, 'usualNegAcc': 2.6450779926790613, 'length': 5.0}
SIM_TRAIN step:98, travel time:118.91901408450704, q_loss:1.06062, rewards:-2.164722696940104, queue:1.586111111111111, delay:0.4367655012342665, throughput:1399
episode:98/300, sim_loss:1.06062
Episode 99 sim randomization params: {'headwayTime': 0.5, 'minGap': 2.8231239338901246, 'usualPosAcc': 3.534489849255774, 'usualNegAcc': 1.612045269616107, 'length': 5.0}
SIM_TRAIN step:99, travel time:119.16760563380282, q_loss:1.1044965, rewards:-2.1413889567057294, queue:1.475, delay:0.4529730478922526, throughput:1396
episode:99/300, sim_loss:1.1044965
REAL_TEST step:99, travel time:141.6881005173688, q_loss:100, rewards:-7.964997016059028, queue:7.061111111111111, delay:0.5184910244411892, throughput:1304
Episode 100 sim randomization params: {'headwayTime': 4.388420698843035, 'minGap': 3.0633216551325084, 'usualPosAcc': 0.33138247755137984, 'usualNegAcc': 2.564015757201012, 'length': 5.0}
SIM_TRAIN step:100, travel time:122.10845070422535, q_loss:1.0657353, rewards:-2.2941660563151043, queue:2.013888888888889, delay:0.4662600623236762, throughput:1399
episode:100/300, sim_loss:1.0657353
Episode 101 sim randomization params: {'headwayTime': 2.628053383765571, 'minGap': 2.8964507821436087, 'usualPosAcc': 3.2300328088130668, 'usualNegAcc': 4.824836362009167, 'length': 4.7}
SIM_TRAIN step:101, travel time:120.2612676056338, q_loss:1.056526, rewards:-2.881111314561632, queue:2.213888888888889, delay:0.4432867685953776, throughput:1399
episode:101/300, sim_loss:1.056526
Episode 102 sim randomization params: {'headwayTime': 1.585991858270869, 'minGap': 2.951448913880055, 'usualPosAcc': 1.890217498369237, 'usualNegAcc': 3.4918155686818833, 'length': 5.0}
SIM_TRAIN step:102, travel time:119.79647887323944, q_loss:1.129029, rewards:-2.770278082953559, queue:2.047222222222222, delay:0.44994723002115883, throughput:1399
episode:102/300, sim_loss:1.129029
REAL_TEST step:102, travel time:141.48451327433628, q_loss:100, rewards:-8.661941189236112, queue:6.991666666666666, delay:0.580521986219618, throughput:1307
Episode 103 sim randomization params: {'headwayTime': 0.5, 'minGap': 3.5935985752886506, 'usualPosAcc': 5.185908353239501, 'usualNegAcc': 1.0270344767756758, 'length': 4.909745494327666}
SIM_TRAIN step:103, travel time:120.15140845070422, q_loss:1.0970993, rewards:-1.9380552503797743, queue:1.5666666666666667, delay:0.46011004977756076, throughput:1399
episode:103/300, sim_loss:1.0970993
Episode 104 sim randomization params: {'headwayTime': 2.7065640782728524, 'minGap': 2.6260864084976854, 'usualPosAcc': 1.6221305149887688, 'usualNegAcc': 3.329631513094108, 'length': 5.0}
SIM_TRAIN step:104, travel time:119.60845070422535, q_loss:1.1022587, rewards:-2.4613888210720485, queue:1.8611111111111112, delay:0.4448558383517795, throughput:1399
episode:104/300, sim_loss:1.1022587
Episode 105 sim randomization params: {'headwayTime': 1.1949391050636429, 'minGap': 3.557609772183242, 'usualPosAcc': 3.0243646431804034, 'usualNegAcc': 3.539982556830015, 'length': 5.0}
SIM_TRAIN step:105, travel time:119.00352112676056, q_loss:1.0397139, rewards:-2.5213880750868056, queue:1.95, delay:0.43436660766601565, throughput:1399
episode:105/300, sim_loss:1.0397139
REAL_TEST step:105, travel time:143.84922394678492, q_loss:100, rewards:-10.161111111111111, queue:7.9944444444444445, delay:0.6098122066921658, throughput:1304
Episode 106 sim randomization params: {'headwayTime': 3.208517715256824, 'minGap': 3.0329432392475266, 'usualPosAcc': 2.179649079433446, 'usualNegAcc': 6.52981755767269, 'length': 5.0}
SIM_TRAIN step:106, travel time:120.15915492957747, q_loss:1.0331792, rewards:-2.9466671413845487, queue:2.216666666666667, delay:0.4461886935763889, throughput:1400
episode:106/300, sim_loss:1.0331792
Episode 107 sim randomization params: {'headwayTime': 1.7399619353778593, 'minGap': 2.332208305754227, 'usualPosAcc': 3.1372140967962134, 'usualNegAcc': 1.9157654563215196, 'length': 4.7}
SIM_TRAIN step:107, travel time:119.63239436619719, q_loss:1.0433357, rewards:-2.247777642144097, queue:1.663888888888889, delay:0.43806932237413193, throughput:1399
episode:107/300, sim_loss:1.0433357
Episode 108 sim randomization params: {'headwayTime': 1.6059018353220575, 'minGap': 3.001329596932624, 'usualPosAcc': 4.374174477809103, 'usualNegAcc': 4.140624847444989, 'length': 5.0}
SIM_TRAIN step:108, travel time:120.2056338028169, q_loss:1.0329113, rewards:-2.992776150173611, queue:2.1972222222222224, delay:0.44826719495985246, throughput:1399
episode:108/300, sim_loss:1.0329113
REAL_TEST step:108, travel time:139.37767923133777, q_loss:100, rewards:-7.85999755859375, queue:6.388888888888889, delay:0.5664374457465278, throughput:1302
Episode 109 sim randomization params: {'headwayTime': 0.5, 'minGap': 2.891888416111679, 'usualPosAcc': 2.7989273942541266, 'usualNegAcc': 5.045104048007062, 'length': 5.0}
SIM_TRAIN step:109, travel time:120.01408450704226, q_loss:1.1094071, rewards:-3.060555013020833, queue:2.3305555555555557, delay:0.4501068115234375, throughput:1399
episode:109/300, sim_loss:1.1094071
Episode 110 sim randomization params: {'headwayTime': 3.523219755872175, 'minGap': 2.718488270800232, 'usualPosAcc': 3.116818672449893, 'usualNegAcc': 4.3471915859569, 'length': 4.7}
SIM_TRAIN step:110, travel time:119.1725352112676, q_loss:1.0869967, rewards:-2.297221883138021, queue:1.7277777777777779, delay:0.4387745327419705, throughput:1399
episode:110/300, sim_loss:1.0869967
Episode 111 sim randomization params: {'headwayTime': 2.4107033725647278, 'minGap': 2.7846694902974933, 'usualPosAcc': 0.1, 'usualNegAcc': 5.195114421020581, 'length': 4.768410444605247}
SIM_TRAIN step:111, travel time:116.79295774647888, q_loss:1.0056566, rewards:-1.3258331298828125, queue:0.9722222222222222, delay:0.4476024203830295, throughput:1400
episode:111/300, sim_loss:1.0056566
REAL_TEST step:111, travel time:140.94600591715977, q_loss:100, rewards:-8.553053792317709, queue:7.1, delay:0.5764737023247613, throughput:1300
Episode 112 sim randomization params: {'headwayTime': 0.5912695971172266, 'minGap': 2.7641659722702268, 'usualPosAcc': 2.817952412281717, 'usualNegAcc': 6.052338795581539, 'length': 4.893802750076031}
SIM_TRAIN step:112, travel time:117.75, q_loss:0.9384454, rewards:-2.191112094455295, queue:1.6666666666666667, delay:0.41791852315266925, throughput:1399
episode:112/300, sim_loss:0.9384454
Episode 113 sim randomization params: {'headwayTime': 2.9361612696165635, 'minGap': 3.3944885756831944, 'usualPosAcc': 3.3556287225323578, 'usualNegAcc': 5.366960085573315, 'length': 4.7}
SIM_TRAIN step:113, travel time:120.67112676056338, q_loss:0.9610226, rewards:-3.048611111111111, queue:2.341666666666667, delay:0.44333199395073786, throughput:1398
episode:113/300, sim_loss:0.9610226
Episode 114 sim randomization params: {'headwayTime': 3.46475730785894, 'minGap': 2.8791286399749105, 'usualPosAcc': 4.091199282985285, 'usualNegAcc': 2.1344470676922613, 'length': 4.7}
SIM_TRAIN step:114, travel time:119.91197183098592, q_loss:0.99521035, rewards:-2.0572223239474825, queue:1.5694444444444444, delay:0.4429958767361111, throughput:1399
episode:114/300, sim_loss:0.99521035
REAL_TEST step:114, travel time:140.85365853658536, q_loss:100, rewards:-8.60166761610243, queue:6.6305555555555555, delay:0.5936336941189236, throughput:1303
Episode 115 sim randomization params: {'headwayTime': 4.3456548836885265, 'minGap': 2.829409769875027, 'usualPosAcc': 2.1418135204819215, 'usualNegAcc': 3.8210129741863734, 'length': 4.7}
SIM_TRAIN step:115, travel time:120.91338028169014, q_loss:0.992904, rewards:-2.5097220526801216, queue:1.9861111111111112, delay:0.4436202155219184, throughput:1394
episode:115/300, sim_loss:0.992904
Episode 116 sim randomization params: {'headwayTime': 4.457536222299092, 'minGap': 2.4503014453966743, 'usualPosAcc': 2.4251867222298493, 'usualNegAcc': 4.241246345695686, 'length': 4.9331538757974}
SIM_TRAIN step:116, travel time:121.30190007037298, q_loss:0.9801154, rewards:-2.6247207641601564, queue:2.0805555555555557, delay:0.44369269476996526, throughput:1399
episode:116/300, sim_loss:0.9801154
Episode 117 sim randomization params: {'headwayTime': 0.6799510446988499, 'minGap': 2.5873798891690925, 'usualPosAcc': 3.20853641911632, 'usualNegAcc': 2.0924504977399465, 'length': 5.0}
SIM_TRAIN step:117, travel time:119.33521126760563, q_loss:0.97938925, rewards:-2.3688893636067707, queue:1.6805555555555556, delay:0.4533336639404297, throughput:1399
episode:117/300, sim_loss:0.97938925
REAL_TEST step:117, travel time:139.76860722181283, q_loss:100, rewards:-7.787221272786458, queue:6.277777777777778, delay:0.5500907897949219, throughput:1306
Episode 118 sim randomization params: {'headwayTime': 0.5, 'minGap': 2.7002060851819936, 'usualPosAcc': 2.6793761904228544, 'usualNegAcc': 1.7466429682263995, 'length': 5.0}
SIM_TRAIN step:118, travel time:118.73450704225353, q_loss:0.9712265, rewards:-1.9586101955837674, queue:1.3694444444444445, delay:0.4382738749186198, throughput:1399
episode:118/300, sim_loss:0.9712265
Episode 119 sim randomization params: {'headwayTime': 2.0671863004421804, 'minGap': 2.527013474627765, 'usualPosAcc': 0.5643120075394621, 'usualNegAcc': 1.2576805806586808, 'length': 5.0}
SIM_TRAIN step:119, travel time:120.90915492957747, q_loss:0.9799528, rewards:-2.0586112128363716, queue:1.7222222222222223, delay:0.4500409868028429, throughput:1398
episode:119/300, sim_loss:0.9799528
Episode 120 sim randomization params: {'headwayTime': 0.5, 'minGap': 2.4086433437363173, 'usualPosAcc': 2.3155327277305933, 'usualNegAcc': 7.0, 'length': 5.0}
SIM_TRAIN step:120, travel time:113.95, q_loss:0.92530304, rewards:-0.7875000847710504, queue:0.65, delay:0.3635828653971354, throughput:1400
episode:120/300, sim_loss:0.92530304
REAL_TEST step:120, travel time:141.36873156342182, q_loss:100, rewards:-9.1191650390625, queue:6.919444444444444, delay:0.5949875725640191, throughput:1307
Episode 121 sim randomization params: {'headwayTime': 3.4503663352960636, 'minGap': 2.9765786046567095, 'usualPosAcc': 3.6948557459076774, 'usualNegAcc': 1.6047817052746733, 'length': 4.724472339076746}
SIM_TRAIN step:121, travel time:121.3387323943662, q_loss:0.91960347, rewards:-2.391109890407986, queue:1.6694444444444445, delay:0.4590142567952474, throughput:1398
episode:121/300, sim_loss:0.91960347
Episode 122 sim randomization params: {'headwayTime': 2.562590996729769, 'minGap': 2.89354994622021, 'usualPosAcc': 2.3688892206475556, 'usualNegAcc': 2.6612333156010184, 'length': 4.83463481426931}
SIM_TRAIN step:122, travel time:121.40140845070422, q_loss:0.90191084, rewards:-3.0061092800564237, queue:2.186111111111111, delay:0.4626875983344184, throughput:1400
episode:122/300, sim_loss:0.90191084
Episode 123 sim randomization params: {'headwayTime': 0.7296698517123434, 'minGap': 2.028140114650479, 'usualPosAcc': 1.0054685192804018, 'usualNegAcc': 4.442018584644126, 'length': 5.0}
SIM_TRAIN step:123, travel time:119.75704225352112, q_loss:0.94277346, rewards:-2.7561106363932293, queue:2.175, delay:0.4430447472466363, throughput:1398
episode:123/300, sim_loss:0.94277346
REAL_TEST step:123, travel time:149.82570162481537, q_loss:100, rewards:-12.763334147135417, queue:9.58611111111111, delay:0.6299903445773655, throughput:1303
Episode 124 sim randomization params: {'headwayTime': 5.0, 'minGap': 2.934830627727935, 'usualPosAcc': 3.8450017278840227, 'usualNegAcc': 5.116445540708729, 'length': 4.7}
SIM_TRAIN step:124, travel time:124.10422535211268, q_loss:0.9524512, rewards:-3.1763885498046873, queue:2.561111111111111, delay:0.4669876946343316, throughput:1399
episode:124/300, sim_loss:0.9524512
Episode 125 sim randomization params: {'headwayTime': 0.5, 'minGap': 2.9111194349677327, 'usualPosAcc': 0.23340664375286746, 'usualNegAcc': 3.20090980379047, 'length': 5.0}
SIM_TRAIN step:125, travel time:120.72746478873239, q_loss:1.0165128, rewards:-2.705554877387153, queue:2.0805555555555557, delay:0.4853673299153646, throughput:1400
episode:125/300, sim_loss:1.0165128
Episode 126 sim randomization params: {'headwayTime': 0.5, 'minGap': 2.911626338215389, 'usualPosAcc': 4.3164246368203285, 'usualNegAcc': 4.263959459472703, 'length': 5.0}
SIM_TRAIN step:126, travel time:119.90140845070422, q_loss:1.075606, rewards:-2.965833536783854, queue:2.2472222222222222, delay:0.450066163804796, throughput:1400
episode:126/300, sim_loss:1.075606
REAL_TEST step:126, travel time:157.22525849335304, q_loss:100, rewards:-17.675004069010416, queue:11.963888888888889, delay:0.6778122372097439, throughput:1292
Episode 127 sim randomization params: {'headwayTime': 3.7049305324556387, 'minGap': 3.5238667059672246, 'usualPosAcc': 2.835935391143534, 'usualNegAcc': 5.618021343835675, 'length': 4.958931701544048}
SIM_TRAIN step:127, travel time:119.55633802816901, q_loss:1.0455478, rewards:-2.324166531032986, queue:1.8888888888888888, delay:0.4221835666232639, throughput:1399
episode:127/300, sim_loss:1.0455478
Episode 128 sim randomization params: {'headwayTime': 1.133281196682733, 'minGap': 3.0133355490623233, 'usualPosAcc': 1.8060945267313273, 'usualNegAcc': 2.805918423404158, 'length': 4.7}
SIM_TRAIN step:128, travel time:119.24366197183099, q_loss:1.0860679, rewards:-2.5358322143554686, queue:1.8888888888888888, delay:0.45477608574761286, throughput:1399
episode:128/300, sim_loss:1.0860679
Episode 129 sim randomization params: {'headwayTime': 0.5, 'minGap': 2.9379798119578147, 'usualPosAcc': 0.9111839123101633, 'usualNegAcc': 3.5326601717574873, 'length': 5.0}
SIM_TRAIN step:129, travel time:119.13591549295775, q_loss:1.0860785, rewards:-2.323888990614149, queue:1.836111111111111, delay:0.43341958787706164, throughput:1400
episode:129/300, sim_loss:1.0860785
REAL_TEST step:129, travel time:141.58253145817912, q_loss:100, rewards:-9.272221544053819, queue:7.177777777777778, delay:0.5871710035536024, throughput:1299
Episode 130 sim randomization params: {'headwayTime': 1.177829428100096, 'minGap': 2.704876702958908, 'usualPosAcc': 4.484916762922442, 'usualNegAcc': 4.552236994124306, 'length': 5.0}
SIM_TRAIN step:130, travel time:119.70281690140845, q_loss:1.1139967, rewards:-2.9374996609157984, queue:2.1694444444444443, delay:0.45666190253363714, throughput:1399
episode:130/300, sim_loss:1.1139967
Episode 131 sim randomization params: {'headwayTime': 1.4711345158430218, 'minGap': 3.169309956633534, 'usualPosAcc': 1.6968107187467485, 'usualNegAcc': 2.6454373080298375, 'length': 5.0}
SIM_TRAIN step:131, travel time:119.36830985915493, q_loss:1.1005154, rewards:-2.4099999321831596, queue:1.8722222222222222, delay:0.4400373246934679, throughput:1400
episode:131/300, sim_loss:1.1005154
Episode 132 sim randomization params: {'headwayTime': 1.0408794868472782, 'minGap': 3.176162675567823, 'usualPosAcc': 5.882690968183846, 'usualNegAcc': 1.0696020423622343, 'length': 4.7}
SIM_TRAIN step:132, travel time:120.54929577464789, q_loss:1.1203744, rewards:-1.9491670396592882, queue:1.6805555555555556, delay:0.4470940907796224, throughput:1399
episode:132/300, sim_loss:1.1203744
REAL_TEST step:132, travel time:152.28729689807977, q_loss:100, rewards:-14.941111924913194, queue:10.26388888888889, delay:0.657499270968967, throughput:1305
Episode 133 sim randomization params: {'headwayTime': 4.082658741861533, 'minGap': 2.8477718589824392, 'usualPosAcc': 4.209082195717898, 'usualNegAcc': 2.1242997339126646, 'length': 5.0}
SIM_TRAIN step:133, travel time:122.14647887323943, q_loss:1.1169566, rewards:-2.4986121283637153, queue:1.8138888888888889, delay:0.4506633758544922, throughput:1399
episode:133/300, sim_loss:1.1169566
Episode 134 sim randomization params: {'headwayTime': 1.833515317453565, 'minGap': 2.950533460234403, 'usualPosAcc': 3.0803177859152937, 'usualNegAcc': 1.7967900742567082, 'length': 4.7}
SIM_TRAIN step:134, travel time:120.66971830985915, q_loss:1.0700201, rewards:-2.635555182562934, queue:1.9027777777777777, delay:0.44501758151584203, throughput:1398
episode:134/300, sim_loss:1.0700201
Episode 135 sim randomization params: {'headwayTime': 4.576661892204898, 'minGap': 3.005556936169144, 'usualPosAcc': 2.774631012815573, 'usualNegAcc': 3.631243432722857, 'length': 5.0}
SIM_TRAIN step:135, travel time:122.43943661971831, q_loss:1.1584624, rewards:-3.0061109754774304, queue:2.283333333333333, delay:0.4704278310139974, throughput:1399
episode:135/300, sim_loss:1.1584624
REAL_TEST step:135, travel time:143.18047337278105, q_loss:100, rewards:-9.163056098090278, queue:7.527777777777778, delay:0.5578310224745009, throughput:1301
Episode 136 sim randomization params: {'headwayTime': 0.5, 'minGap': 2.540350160517656, 'usualPosAcc': 4.404131216200749, 'usualNegAcc': 3.9359893460815747, 'length': 5.0}
SIM_TRAIN step:136, travel time:118.92394366197183, q_loss:1.11513, rewards:-2.386388481987847, queue:1.85, delay:0.4329025692409939, throughput:1399
episode:136/300, sim_loss:1.11513
Episode 137 sim randomization params: {'headwayTime': 1.0279747077493464, 'minGap': 3.39562113692935, 'usualPosAcc': 3.0995786312345457, 'usualNegAcc': 4.450743478030134, 'length': 5.0}
SIM_TRAIN step:137, travel time:118.87605633802816, q_loss:1.1182344, rewards:-2.5227791680230034, queue:2.0027777777777778, delay:0.42971339755588106, throughput:1399
episode:137/300, sim_loss:1.1182344
Episode 138 sim randomization params: {'headwayTime': 0.6892936463113297, 'minGap': 2.228340489175978, 'usualPosAcc': 1.1682683727642607, 'usualNegAcc': 6.243615657522724, 'length': 5.0}
SIM_TRAIN step:138, travel time:116.06830985915492, q_loss:1.0293123, rewards:-1.6874996609157986, queue:1.1666666666666667, delay:0.410640377468533, throughput:1400
episode:138/300, sim_loss:1.0293123
REAL_TEST step:138, travel time:143.31683899556867, q_loss:100, rewards:-9.081668429904514, queue:7.583333333333333, delay:0.5437985314263238, throughput:1302
Episode 139 sim randomization params: {'headwayTime': 1.4859491786789931, 'minGap': 2.7913965222669876, 'usualPosAcc': 4.03978399304076, 'usualNegAcc': 3.437280598504406, 'length': 4.7}
SIM_TRAIN step:139, travel time:119.05774647887324, q_loss:0.9806569, rewards:-2.341944376627604, queue:1.825, delay:0.42958361307779946, throughput:1399
episode:139/300, sim_loss:0.9806569
Episode 140 sim randomization params: {'headwayTime': 4.340011273895206, 'minGap': 3.0717842880490154, 'usualPosAcc': 0.1, 'usualNegAcc': 3.211423435373391, 'length': 5.0}
SIM_TRAIN step:140, travel time:124.87957746478874, q_loss:0.9544244, rewards:-2.658611043294271, queue:2.2083333333333335, delay:0.4978552924262153, throughput:1399
episode:140/300, sim_loss:0.9544244
Episode 141 sim randomization params: {'headwayTime': 2.951806883894055, 'minGap': 2.9547744281521884, 'usualPosAcc': 1.7653911557486706, 'usualNegAcc': 3.51941589131322, 'length': 5.0}
SIM_TRAIN step:141, travel time:121.17957746478874, q_loss:0.94652414, rewards:-2.8874993218315974, queue:2.3361111111111112, delay:0.44045367770724825, throughput:1399
episode:141/300, sim_loss:0.94652414
REAL_TEST step:141, travel time:148.7778597785978, q_loss:100, rewards:-11.901669650607639, queue:9.194444444444445, delay:0.5973940107557508, throughput:1303
Episode 142 sim randomization params: {'headwayTime': 1.6256327684631904, 'minGap': 2.7661157409057653, 'usualPosAcc': 4.332834156584151, 'usualNegAcc': 2.223292010979967, 'length': 4.776343378489656}
SIM_TRAIN step:142, travel time:119.27323943661972, q_loss:0.9185528, rewards:-2.2138885498046874, queue:1.6027777777777779, delay:0.44198426140679253, throughput:1399
episode:142/300, sim_loss:0.9185528
Episode 143 sim randomization params: {'headwayTime': 0.5, 'minGap': 3.0947491868425083, 'usualPosAcc': 3.756439665391764, 'usualNegAcc': 4.555639458850672, 'length': 5.0}
SIM_TRAIN step:143, travel time:118.9387323943662, q_loss:0.96048135, rewards:-2.6113884819878472, queue:1.9777777777777779, delay:0.44623824225531683, throughput:1400
episode:143/300, sim_loss:0.96048135
Episode 144 sim randomization params: {'headwayTime': 2.880050938231503, 'minGap': 3.0233055407432285, 'usualPosAcc': 3.2745680111036983, 'usualNegAcc': 3.2829988461528883, 'length': 5.0}
SIM_TRAIN step:144, travel time:119.74295774647888, q_loss:0.9195073, rewards:-2.5594440036349826, queue:1.9111111111111112, delay:0.4467449612087674, throughput:1399
episode:144/300, sim_loss:0.9195073
REAL_TEST step:144, travel time:158.14918759231907, q_loss:100, rewards:-14.455559624565971, queue:12.019444444444444, delay:0.6621661292182075, throughput:1299
Episode 145 sim randomization params: {'headwayTime': 1.4830274449249425, 'minGap': 2.3735533069441304, 'usualPosAcc': 3.785705714521093, 'usualNegAcc': 6.587096336724311, 'length': 4.7}
SIM_TRAIN step:145, travel time:118.67605633802818, q_loss:0.9345803, rewards:-2.544167243109809, queue:1.9638888888888888, delay:0.42863137986924915, throughput:1399
episode:145/300, sim_loss:0.9345803
Episode 146 sim randomization params: {'headwayTime': 1.9201129006206439, 'minGap': 2.6532408761415103, 'usualPosAcc': 2.112406779826577, 'usualNegAcc': 3.7719050359762667, 'length': 4.7}
SIM_TRAIN step:146, travel time:119.14647887323943, q_loss:0.92378616, rewards:-2.4444451226128474, queue:1.8166666666666667, delay:0.4389055464002821, throughput:1399
episode:146/300, sim_loss:0.92378616
Episode 147 sim randomization params: {'headwayTime': 1.6085530018569016, 'minGap': 2.3722517409023407, 'usualPosAcc': 1.8572104123995898, 'usualNegAcc': 1.8497313397810797, 'length': 4.7}
SIM_TRAIN step:147, travel time:119.58732394366197, q_loss:0.95806223, rewards:-2.285000440809462, queue:1.65, delay:0.43918804592556426, throughput:1399
episode:147/300, sim_loss:0.95806223
REAL_TEST step:147, travel time:146.98969072164948, q_loss:100, rewards:-11.521114095052083, queue:8.702777777777778, delay:0.6412128024631076, throughput:1305
Episode 148 sim randomization params: {'headwayTime': 0.5, 'minGap': 3.338967651943748, 'usualPosAcc': 3.32232035524579, 'usualNegAcc': 1.0, 'length': 4.7}
SIM_TRAIN step:148, travel time:119.84225352112676, q_loss:0.9441346, rewards:-1.8916658189561633, queue:1.538888888888889, delay:0.4453239864773221, throughput:1399
episode:148/300, sim_loss:0.9441346
Episode 149 sim randomization params: {'headwayTime': 0.9133236781715592, 'minGap': 2.651260113859305, 'usualPosAcc': 0.6622384229231817, 'usualNegAcc': 4.87684172533479, 'length': 4.74664717727488}
SIM_TRAIN step:149, travel time:118.74014084507043, q_loss:0.88826185, rewards:-2.2955552842881946, queue:1.7333333333333334, delay:0.43934834798177086, throughput:1399
episode:149/300, sim_loss:0.88826185
Episode 150 sim randomization params: {'headwayTime': 2.9286235697964393, 'minGap': 3.089632075459914, 'usualPosAcc': 4.500605623872406, 'usualNegAcc': 1.0, 'length': 5.0}
SIM_TRAIN step:150, travel time:121.2549295774648, q_loss:0.83199537, rewards:-1.949999491373698, queue:1.6333333333333333, delay:0.45497911241319444, throughput:1399
episode:150/300, sim_loss:0.83199537
REAL_TEST step:150, travel time:160.03030303030303, q_loss:100, rewards:-16.650553385416668, queue:12.755555555555556, delay:0.7265819973415799, throughput:1298
Episode 151 sim randomization params: {'headwayTime': 4.345803034787478, 'minGap': 3.106303757240782, 'usualPosAcc': 5.871685431758398, 'usualNegAcc': 4.019766612766481, 'length': 5.0}
SIM_TRAIN step:151, travel time:122.46690140845071, q_loss:0.8760306, rewards:-2.8361104329427085, queue:2.216666666666667, delay:0.4575686560736762, throughput:1397
episode:151/300, sim_loss:0.8760306
Episode 152 sim randomization params: {'headwayTime': 0.7930072531557115, 'minGap': 3.308368666862658, 'usualPosAcc': 2.858243318822484, 'usualNegAcc': 2.9961277740245675, 'length': 5.0}
SIM_TRAIN step:152, travel time:119.07394366197182, q_loss:0.8563821, rewards:-2.510553995768229, queue:1.875, delay:0.43879445393880206, throughput:1399
episode:152/300, sim_loss:0.8563821
Episode 153 sim randomization params: {'headwayTime': 1.5605045937627278, 'minGap': 2.9031900779390662, 'usualPosAcc': 2.3616992580364653, 'usualNegAcc': 2.5211533753510893, 'length': 5.0}
SIM_TRAIN step:153, travel time:119.86056338028169, q_loss:0.87186617, rewards:-2.5075002034505207, queue:1.8888888888888888, delay:0.44365840488009983, throughput:1399
episode:153/300, sim_loss:0.87186617
REAL_TEST step:153, travel time:146.67184035476717, q_loss:100, rewards:-11.028609890407987, queue:8.433333333333334, delay:0.6260254753960504, throughput:1302
Episode 154 sim randomization params: {'headwayTime': 3.406984998606934, 'minGap': 3.027574109985941, 'usualPosAcc': 0.1, 'usualNegAcc': 5.272475325340013, 'length': 4.77584745611322}
SIM_TRAIN step:154, travel time:117.47746478873239, q_loss:0.8796977, rewards:-1.3016677856445313, queue:1.025, delay:0.4439921061197917, throughput:1400
episode:154/300, sim_loss:0.8796977
Episode 155 sim randomization params: {'headwayTime': 0.5, 'minGap': 3.1171811452583507, 'usualPosAcc': 3.3954752117084537, 'usualNegAcc': 2.072805024441115, 'length': 5.0}
SIM_TRAIN step:155, travel time:119.66338028169014, q_loss:0.8496032, rewards:-2.4175006442599827, queue:1.6805555555555556, delay:0.45069202846950956, throughput:1398
episode:155/300, sim_loss:0.8496032
Episode 156 sim randomization params: {'headwayTime': 0.5, 'minGap': 2.276119026421596, 'usualPosAcc': 1.060326860234289, 'usualNegAcc': 5.9164477549085, 'length': 4.88745169554975}
SIM_TRAIN step:156, travel time:112.57957746478873, q_loss:0.867414, rewards:-0.21083289252387152, queue:0.08055555555555556, delay:0.3746175554063585, throughput:1400
episode:156/300, sim_loss:0.867414
REAL_TEST step:156, travel time:146.4697640117994, q_loss:100, rewards:-11.137775336371528, queue:8.466666666666667, delay:0.6438002692328559, throughput:1303
Episode 157 sim randomization params: {'headwayTime': 1.4414596625087008, 'minGap': 2.8776232203920022, 'usualPosAcc': 1.818605085233825, 'usualNegAcc': 2.62318907520977, 'length': 4.7}
SIM_TRAIN step:157, travel time:119.46760563380282, q_loss:0.84710276, rewards:-2.5563888549804688, queue:1.95, delay:0.45178443060980905, throughput:1397
episode:157/300, sim_loss:0.84710276
Episode 158 sim randomization params: {'headwayTime': 3.3530812765373375, 'minGap': 3.2673641188417966, 'usualPosAcc': 1.1950741157034228, 'usualNegAcc': 4.07319563591189, 'length': 5.0}
SIM_TRAIN step:158, travel time:121.00985915492957, q_loss:0.8528565, rewards:-2.7852776421440972, queue:2.236111111111111, delay:0.44119559393988717, throughput:1399
episode:158/300, sim_loss:0.8528565
Episode 159 sim randomization params: {'headwayTime': 0.5, 'minGap': 2.7190760268738092, 'usualPosAcc': 1.2182327392573236, 'usualNegAcc': 1.6859954728931106, 'length': 5.0}
SIM_TRAIN step:159, travel time:119.30915492957746, q_loss:0.8548152, rewards:-2.131666225857205, queue:1.5416666666666667, delay:0.4435390896267361, throughput:1398
episode:159/300, sim_loss:0.8548152
REAL_TEST step:159, travel time:147.76644493717666, q_loss:100, rewards:-11.938331434461805, queue:8.858333333333333, delay:0.6347014957004123, throughput:1298
Episode 160 sim randomization params: {'headwayTime': 0.7970457027456785, 'minGap': 3.1272064720920367, 'usualPosAcc': 2.589986185243187, 'usualNegAcc': 4.343698674119791, 'length': 4.812938935923282}
SIM_TRAIN step:160, travel time:118.96549295774648, q_loss:0.8587733, rewards:-2.6936109754774304, queue:2.0388888888888888, delay:0.4456520080566406, throughput:1399
episode:160/300, sim_loss:0.8587733
Episode 161 sim randomization params: {'headwayTime': 0.9760546328174291, 'minGap': 2.8673576713615585, 'usualPosAcc': 2.62320526282383, 'usualNegAcc': 2.598865428554073, 'length': 5.0}
SIM_TRAIN step:161, travel time:119.82112676056337, q_loss:0.8684215, rewards:-2.4769438001844617, queue:1.8055555555555556, delay:0.44325150383843315, throughput:1399
episode:161/300, sim_loss:0.8684215
Episode 162 sim randomization params: {'headwayTime': 3.4214728950783497, 'minGap': 2.9569097739191332, 'usualPosAcc': 4.960347608362122, 'usualNegAcc': 2.7135511449448835, 'length': 5.0}
SIM_TRAIN step:162, travel time:119.85855031667839, q_loss:0.84171814, rewards:-2.10333251953125, queue:1.5666666666666667, delay:0.44438650343153213, throughput:1398
episode:162/300, sim_loss:0.84171814
REAL_TEST step:162, travel time:146.35328898743532, q_loss:100, rewards:-12.105555555555556, queue:8.852777777777778, delay:0.6579060872395833, throughput:1297
Episode 163 sim randomization params: {'headwayTime': 1.3765394030635623, 'minGap': 2.9844666213230933, 'usualPosAcc': 1.5012688981683648, 'usualNegAcc': 5.439592468689036, 'length': 5.0}
SIM_TRAIN step:163, travel time:120.49929577464789, q_loss:0.90232694, rewards:-3.0233334011501736, queue:2.3, delay:0.4437068091498481, throughput:1399
episode:163/300, sim_loss:0.90232694
Episode 164 sim randomization params: {'headwayTime': 4.210272764244506, 'minGap': 2.4442055923434474, 'usualPosAcc': 1.9588193154869464, 'usualNegAcc': 2.307597351566209, 'length': 4.7}
SIM_TRAIN step:164, travel time:122.17464788732394, q_loss:0.896695, rewards:-2.5455554538302954, queue:1.875, delay:0.4463864220513238, throughput:1399
episode:164/300, sim_loss:0.896695
Episode 165 sim randomization params: {'headwayTime': 0.874080835981091, 'minGap': 2.8566052636565744, 'usualPosAcc': 2.606543884530134, 'usualNegAcc': 3.6360636110733626, 'length': 4.7}
SIM_TRAIN step:165, travel time:118.71971830985916, q_loss:0.9238468, rewards:-2.5047210693359374, queue:1.8944444444444444, delay:0.44794027540418835, throughput:1398
episode:165/300, sim_loss:0.9238468
REAL_TEST step:165, travel time:146.43846720707444, q_loss:100, rewards:-12.579443359375, queue:8.805555555555555, delay:0.6651899125840929, throughput:1303
Episode 166 sim randomization params: {'headwayTime': 2.431742564862943, 'minGap': 3.2152215783911244, 'usualPosAcc': 1.4029052302550646, 'usualNegAcc': 3.701386255002998, 'length': 4.952594630927436}
SIM_TRAIN step:166, travel time:119.77887323943662, q_loss:0.93902606, rewards:-2.5572219848632813, queue:1.9638888888888888, delay:0.4390820821126302, throughput:1398
episode:166/300, sim_loss:0.93902606
Episode 167 sim randomization params: {'headwayTime': 2.92898770257606, 'minGap': 2.8770109094814447, 'usualPosAcc': 2.608695867110792, 'usualNegAcc': 2.1538905797241146, 'length': 5.0}
SIM_TRAIN step:167, travel time:120.2605633802817, q_loss:0.9686585, rewards:-2.3452779134114583, queue:1.7694444444444444, delay:0.4459059397379557, throughput:1399
episode:167/300, sim_loss:0.9686585
Episode 168 sim randomization params: {'headwayTime': 0.5, 'minGap': 3.0856535293390683, 'usualPosAcc': 2.4896222493703304, 'usualNegAcc': 3.7621791314788773, 'length': 4.7}
SIM_TRAIN step:168, travel time:119.21197183098592, q_loss:1.0132445, rewards:-2.693888854980469, queue:2.0833333333333335, delay:0.4480332268608941, throughput:1399
episode:168/300, sim_loss:1.0132445
REAL_TEST step:168, travel time:176.87961595273265, q_loss:100, rewards:-28.62277560763889, queue:18.716666666666665, delay:0.7461307101779514, throughput:1301
Episode 169 sim randomization params: {'headwayTime': 3.5226509164967896, 'minGap': 3.1492330072155825, 'usualPosAcc': 3.8016725435077383, 'usualNegAcc': 7.0, 'length': 4.966387595332433}
SIM_TRAIN step:169, travel time:119.41901408450704, q_loss:0.9941296, rewards:-2.4777784559461806, queue:1.9777777777777779, delay:0.4327178955078125, throughput:1396
episode:169/300, sim_loss:0.9941296
Episode 170 sim randomization params: {'headwayTime': 4.230023019379818, 'minGap': 2.8554219896873883, 'usualPosAcc': 3.165958722342805, 'usualNegAcc': 4.26992638707618, 'length': 5.0}
SIM_TRAIN step:170, travel time:120.95211267605634, q_loss:0.9717092, rewards:-2.5188885158962675, queue:1.961111111111111, delay:0.43657540215386287, throughput:1399
episode:170/300, sim_loss:0.9717092
Episode 171 sim randomization params: {'headwayTime': 3.2651134359810747, 'minGap': 2.7905829030778713, 'usualPosAcc': 2.6856679029508084, 'usualNegAcc': 4.535083049853226, 'length': 5.0}
SIM_TRAIN step:171, travel time:120.26408450704226, q_loss:1.0253952, rewards:-2.804166497124566, queue:2.1416666666666666, delay:0.4497260623508029, throughput:1399
episode:171/300, sim_loss:1.0253952
REAL_TEST step:171, travel time:143.85461254612545, q_loss:100, rewards:-10.854161919487847, queue:7.677777777777778, delay:0.6307568020290799, throughput:1299
Episode 172 sim randomization params: {'headwayTime': 0.6090286959011313, 'minGap': 2.2497922566621513, 'usualPosAcc': 1.97164373203913, 'usualNegAcc': 3.840288355450027, 'length': 5.0}
SIM_TRAIN step:172, travel time:118.91267605633803, q_loss:1.0098546, rewards:-2.607777404785156, queue:1.9833333333333334, delay:0.4386863708496094, throughput:1399
episode:172/300, sim_loss:1.0098546
Episode 173 sim randomization params: {'headwayTime': 2.26322548084252, 'minGap': 3.325804444164362, 'usualPosAcc': 3.957427718186077, 'usualNegAcc': 3.6231420682759783, 'length': 4.7}
SIM_TRAIN step:173, travel time:119.71267605633803, q_loss:0.9685667, rewards:-2.5469434950086804, queue:1.9333333333333333, delay:0.4399180942111545, throughput:1396
episode:173/300, sim_loss:0.9685667
Episode 174 sim randomization params: {'headwayTime': 1.4875642799529647, 'minGap': 2.7717305049262646, 'usualPosAcc': 2.3231847155937317, 'usualNegAcc': 1.246665123992928, 'length': 4.704933924068722}
SIM_TRAIN step:174, travel time:120.3007042253521, q_loss:0.91529983, rewards:-2.2013885498046877, queue:1.7194444444444446, delay:0.4462142096625434, throughput:1398
episode:174/300, sim_loss:0.91529983
REAL_TEST step:174, travel time:140.24630177514794, q_loss:100, rewards:-9.218328179253472, queue:6.727777777777778, delay:0.5931269327799479, throughput:1301
Episode 175 sim randomization params: {'headwayTime': 1.34796236230614, 'minGap': 2.8320030611487343, 'usualPosAcc': 2.284151983108632, 'usualNegAcc': 4.748331140938958, 'length': 4.7}
SIM_TRAIN step:175, travel time:119.11971830985915, q_loss:0.92368543, rewards:-2.6680550469292537, queue:2.1194444444444445, delay:0.43795297410753037, throughput:1399
episode:175/300, sim_loss:0.92368543
Episode 176 sim randomization params: {'headwayTime': 1.3237174684673385, 'minGap': 3.0950979516804944, 'usualPosAcc': 2.309971808427844, 'usualNegAcc': 4.037669373879254, 'length': 5.0}
SIM_TRAIN step:176, travel time:119.55633802816901, q_loss:0.9165885, rewards:-2.8191663953993054, queue:2.275, delay:0.4343238830566406, throughput:1396
episode:176/300, sim_loss:0.9165885
Episode 177 sim randomization params: {'headwayTime': 2.846886005757157, 'minGap': 2.9900584812743536, 'usualPosAcc': 2.362839481560885, 'usualNegAcc': 4.763754800825403, 'length': 5.0}
SIM_TRAIN step:177, travel time:119.79366197183099, q_loss:0.9419169, rewards:-2.6908321804470487, queue:2.091666666666667, delay:0.43196898566352, throughput:1399
episode:177/300, sim_loss:0.9419169
REAL_TEST step:177, travel time:141.08560885608856, q_loss:100, rewards:-10.121108669704862, queue:7.222222222222222, delay:0.6288664923773871, throughput:1301
Episode 178 sim randomization params: {'headwayTime': 1.2064106306207054, 'minGap': 2.8457086926803563, 'usualPosAcc': 0.9733440468413577, 'usualNegAcc': 2.1999726803308164, 'length': 4.7}
SIM_TRAIN step:178, travel time:119.78309859154929, q_loss:0.9892534, rewards:-2.449166022406684, queue:1.8166666666666667, delay:0.449680667453342, throughput:1399
episode:178/300, sim_loss:0.9892534
Episode 179 sim randomization params: {'headwayTime': 0.8965214545557665, 'minGap': 3.380796351787118, 'usualPosAcc': 1.8731751776091754, 'usualNegAcc': 4.928563674680214, 'length': 4.997792093297407}
SIM_TRAIN step:179, travel time:119.71760563380282, q_loss:0.9259675, rewards:-2.720555623372396, queue:2.088888888888889, delay:0.43445269266764325, throughput:1399
episode:179/300, sim_loss:0.9259675
Episode 180 sim randomization params: {'headwayTime': 0.860028583127985, 'minGap': 3.381780625446047, 'usualPosAcc': 3.4217999540594732, 'usualNegAcc': 1.0, 'length': 5.0}
SIM_TRAIN step:180, travel time:120.34014084507042, q_loss:0.95988953, rewards:-1.891110568576389, queue:1.5555555555555556, delay:0.4505523257785373, throughput:1399
episode:180/300, sim_loss:0.95988953
REAL_TEST step:180, travel time:142.82092851879145, q_loss:100, rewards:-10.519167073567708, queue:7.533333333333333, delay:0.654087405734592, throughput:1307
Episode 181 sim randomization params: {'headwayTime': 0.5, 'minGap': 2.835950979230253, 'usualPosAcc': 3.538634253490097, 'usualNegAcc': 3.2322290694652795, 'length': 5.0}
SIM_TRAIN step:181, travel time:118.66408450704225, q_loss:0.9067815, rewards:-2.2869437323676216, queue:1.6333333333333333, delay:0.4377945793999566, throughput:1399
episode:181/300, sim_loss:0.9067815
Episode 182 sim randomization params: {'headwayTime': 3.4474368561082973, 'minGap': 2.3323247802246887, 'usualPosAcc': 1.9874895472500582, 'usualNegAcc': 4.140035023825329, 'length': 4.7}
SIM_TRAIN step:182, travel time:120.55845070422535, q_loss:0.9063126, rewards:-2.781388854980469, queue:2.1194444444444445, delay:0.4496465047200521, throughput:1399
episode:182/300, sim_loss:0.9063126
Episode 183 sim randomization params: {'headwayTime': 1.7171905840593855, 'minGap': 3.1879225681000225, 'usualPosAcc': 3.0608225770894992, 'usualNegAcc': 2.263834305158419, 'length': 5.0}
SIM_TRAIN step:183, travel time:120.07887323943662, q_loss:0.9018426, rewards:-2.5858339097764755, queue:1.8444444444444446, delay:0.4452310774061415, throughput:1399
episode:183/300, sim_loss:0.9018426
REAL_TEST step:183, travel time:142.46381093057607, q_loss:100, rewards:-9.518331570095485, queue:7.4527777777777775, delay:0.599270248413086, throughput:1303
Episode 184 sim randomization params: {'headwayTime': 1.0162827458555264, 'minGap': 2.4625307506776366, 'usualPosAcc': 1.0931240439971905, 'usualNegAcc': 4.147650637877433, 'length': 4.98200722816412}
SIM_TRAIN step:184, travel time:118.89859154929577, q_loss:0.91766304, rewards:-2.459444512261285, queue:1.863888888888889, delay:0.43910259670681423, throughput:1399
episode:184/300, sim_loss:0.91766304
Episode 185 sim randomization params: {'headwayTime': 2.1096143011484134, 'minGap': 2.48736474276593, 'usualPosAcc': 2.3798558120168973, 'usualNegAcc': 2.0820185319114177, 'length': 4.7}
SIM_TRAIN step:185, travel time:119.90845070422536, q_loss:0.873861, rewards:-2.2888890584309896, queue:1.761111111111111, delay:0.4396450466579861, throughput:1399
episode:185/300, sim_loss:0.873861
Episode 186 sim randomization params: {'headwayTime': 1.8077256404809248, 'minGap': 2.4019794375246213, 'usualPosAcc': 3.5402034822592716, 'usualNegAcc': 7.0, 'length': 5.0}
SIM_TRAIN step:186, travel time:119.05352112676056, q_loss:0.82720953, rewards:-2.548889329698351, queue:2.075, delay:0.4195127699110243, throughput:1399
episode:186/300, sim_loss:0.82720953
REAL_TEST step:186, travel time:139.367994100295, q_loss:100, rewards:-7.735000271267361, queue:6.316666666666666, delay:0.5671061197916667, throughput:1308
Episode 187 sim randomization params: {'headwayTime': 0.5, 'minGap': 2.802373214905465, 'usualPosAcc': 0.5146043967281564, 'usualNegAcc': 3.1109184451841347, 'length': 5.0}
SIM_TRAIN step:187, travel time:118.8330985915493, q_loss:0.8616536, rewards:-2.228332689073351, queue:1.7694444444444444, delay:0.45854479471842446, throughput:1400
episode:187/300, sim_loss:0.8616536
Episode 188 sim randomization params: {'headwayTime': 3.1432110361488173, 'minGap': 2.5285726086109643, 'usualPosAcc': 3.0368380887418094, 'usualNegAcc': 5.503996519008496, 'length': 5.0}
SIM_TRAIN step:188, travel time:120.29929577464789, q_loss:0.861095, rewards:-2.8150021023220484, queue:2.2222222222222223, delay:0.4401740180121528, throughput:1399
episode:188/300, sim_loss:0.861095
Episode 189 sim randomization params: {'headwayTime': 0.8595930576232826, 'minGap': 2.588887995651458, 'usualPosAcc': 2.704005582003738, 'usualNegAcc': 1.0, 'length': 4.7}
SIM_TRAIN step:189, travel time:119.47042253521127, q_loss:0.8858322, rewards:-1.650000508626302, queue:1.3916666666666666, delay:0.43780364990234377, throughput:1398
episode:189/300, sim_loss:0.8858322
REAL_TEST step:189, travel time:143.39867354458363, q_loss:100, rewards:-10.823606363932292, queue:7.830555555555556, delay:0.6576689826117621, throughput:1305
Episode 190 sim randomization params: {'headwayTime': 1.6203743043175498, 'minGap': 2.7346368844863607, 'usualPosAcc': 0.4759324096989692, 'usualNegAcc': 3.3169402719417422, 'length': 4.7}
SIM_TRAIN step:190, travel time:120.46690140845071, q_loss:0.84265864, rewards:-2.5061097886827257, queue:2.0833333333333335, delay:0.44254150390625, throughput:1399
episode:190/300, sim_loss:0.84265864
Episode 191 sim randomization params: {'headwayTime': 3.440745013470877, 'minGap': 2.5693490657278053, 'usualPosAcc': 2.246010623524712, 'usualNegAcc': 3.3366012368152913, 'length': 5.0}
SIM_TRAIN step:191, travel time:120.02253521126761, q_loss:0.8864653, rewards:-2.623333231608073, queue:2.013888888888889, delay:0.4513368818495009, throughput:1398
episode:191/300, sim_loss:0.8864653
Episode 192 sim randomization params: {'headwayTime': 0.5, 'minGap': 2.7773750231134398, 'usualPosAcc': 3.6630766030122, 'usualNegAcc': 3.1357663499265547, 'length': 4.7}
SIM_TRAIN step:192, travel time:119.82816901408451, q_loss:0.8455985, rewards:-2.6424994574652776, queue:2.0055555555555555, delay:0.4389450497097439, throughput:1399
episode:192/300, sim_loss:0.8455985
REAL_TEST step:192, travel time:139.5251107828656, q_loss:100, rewards:-8.4227783203125, queue:6.6, delay:0.5917000240749783, throughput:1302
Episode 193 sim randomization params: {'headwayTime': 2.6780787654736047, 'minGap': 3.021207286247663, 'usualPosAcc': 2.262134426938033, 'usualNegAcc': 1.890718696624901, 'length': 4.7}
SIM_TRAIN step:193, travel time:120.64084507042253, q_loss:0.88823396, rewards:-2.6647210015190974, queue:2.0277777777777777, delay:0.45146136813693577, throughput:1399
episode:193/300, sim_loss:0.88823396
Episode 194 sim randomization params: {'headwayTime': 1.5446509791825245, 'minGap': 2.584808171927017, 'usualPosAcc': 0.1, 'usualNegAcc': 2.4999125936673856, 'length': 4.960483881938064}
SIM_TRAIN step:194, travel time:121.77887323943662, q_loss:0.89284414, rewards:-2.555277845594618, queue:2.1805555555555554, delay:0.4917444441053602, throughput:1399
episode:194/300, sim_loss:0.89284414
Episode 195 sim randomization params: {'headwayTime': 1.2025036808939482, 'minGap': 2.872793777910175, 'usualPosAcc': 2.7437748513895763, 'usualNegAcc': 5.09865778056834, 'length': 5.0}
SIM_TRAIN step:195, travel time:119.17323943661972, q_loss:0.98902535, rewards:-2.6400005764431422, queue:2.1, delay:0.43733431498209635, throughput:1399
episode:195/300, sim_loss:0.98902535
REAL_TEST step:195, travel time:139.95055350553505, q_loss:100, rewards:-7.754163275824653, queue:6.558333333333334, delay:0.5274940914577908, throughput:1306
Episode 196 sim randomization params: {'headwayTime': 3.395248547023739, 'minGap': 2.3944417232424215, 'usualPosAcc': 0.1, 'usualNegAcc': 3.5526390168758715, 'length': 5.0}
SIM_TRAIN step:196, travel time:122.99225352112676, q_loss:0.9588812, rewards:-2.4500003390842013, queue:2.0083333333333333, delay:0.4912234412299262, throughput:1399
episode:196/300, sim_loss:0.9588812
Episode 197 sim randomization params: {'headwayTime': 0.5, 'minGap': 2.9979315693927466, 'usualPosAcc': 1.586962160498436, 'usualNegAcc': 4.3281647831393535, 'length': 4.79166836929803}
SIM_TRAIN step:197, travel time:118.65563380281691, q_loss:0.8993032, rewards:-2.4694451226128473, queue:1.9527777777777777, delay:0.43889316982693144, throughput:1396
episode:197/300, sim_loss:0.8993032
Episode 198 sim randomization params: {'headwayTime': 2.8035087855826104, 'minGap': 2.272449730122044, 'usualPosAcc': 2.0336850498649524, 'usualNegAcc': 3.468190229902829, 'length': 4.7}
SIM_TRAIN step:198, travel time:120.0105633802817, q_loss:0.8984052, rewards:-2.628886922200521, queue:2.0305555555555554, delay:0.4395729488796658, throughput:1399
episode:198/300, sim_loss:0.8984052
REAL_TEST step:198, travel time:140.5420353982301, q_loss:100, rewards:-7.229722764756945, queue:6.761111111111111, delay:0.44188338385687936, throughput:1306
Episode 199 sim randomization params: {'headwayTime': 5.0, 'minGap': 2.7053215716456114, 'usualPosAcc': 4.5203615514513915, 'usualNegAcc': 2.6636263378527305, 'length': 4.852818460492158}
SIM_TRAIN step:199, travel time:122.86830985915493, q_loss:0.90471107, rewards:-2.4711107042100693, queue:1.6527777777777777, delay:0.45806931389702693, throughput:1397
episode:199/300, sim_loss:0.90471107
Episode 200 sim randomization params: {'headwayTime': 4.195506383726736, 'minGap': 3.0093776642100054, 'usualPosAcc': 2.89119391639421, 'usualNegAcc': 4.1148717791549, 'length': 4.7}
SIM_TRAIN step:200, travel time:121.35352112676057, q_loss:0.97097564, rewards:-2.7338882446289063, queue:2.1194444444444445, delay:0.4419480641682943, throughput:1399
episode:200/300, sim_loss:0.97097564
Episode 201 sim randomization params: {'headwayTime': 1.410490351660508, 'minGap': 2.555679564602589, 'usualPosAcc': 2.8984825671474685, 'usualNegAcc': 2.8513629165705368, 'length': 4.971802162240161}
SIM_TRAIN step:201, travel time:119.13239436619719, q_loss:0.9926965, rewards:-2.306389872233073, queue:1.7055555555555555, delay:0.4378805372450087, throughput:1399
episode:201/300, sim_loss:0.9926965
REAL_TEST step:201, travel time:141.15129151291512, q_loss:100, rewards:-8.396664089626736, queue:6.794444444444444, delay:0.5570022583007812, throughput:1306
Episode 202 sim randomization params: {'headwayTime': 1.9631921630281324, 'minGap': 2.886906661434195, 'usualPosAcc': 2.5827439142003192, 'usualNegAcc': 2.6822901540415867, 'length': 4.7}
SIM_TRAIN step:202, travel time:120.08943661971831, q_loss:0.9696095, rewards:-2.589444139268663, queue:1.8583333333333334, delay:0.4424179924858941, throughput:1398
episode:202/300, sim_loss:0.9696095
Episode 203 sim randomization params: {'headwayTime': 0.9240893324440829, 'minGap': 3.2857538026317132, 'usualPosAcc': 3.1388600567921996, 'usualNegAcc': 4.615650362523544, 'length': 5.0}
SIM_TRAIN step:203, travel time:119.12042253521126, q_loss:0.9039263, rewards:-2.689444308810764, queue:2.058333333333333, delay:0.4386121961805556, throughput:1399
episode:203/300, sim_loss:0.9039263
Episode 204 sim randomization params: {'headwayTime': 0.5, 'minGap': 3.0835828717334555, 'usualPosAcc': 1.1678992169242661, 'usualNegAcc': 3.178441145767655, 'length': 5.0}
SIM_TRAIN step:204, travel time:119.1, q_loss:0.95313144, rewards:-2.371943834092882, queue:1.8083333333333333, delay:0.4446598900689019, throughput:1399
episode:204/300, sim_loss:0.95313144
REAL_TEST step:204, travel time:140.63286454478165, q_loss:100, rewards:-7.543604871961805, queue:6.527777777777778, delay:0.48870006137424044, throughput:1302
Episode 205 sim randomization params: {'headwayTime': 4.957391122831471, 'minGap': 2.6184206207089322, 'usualPosAcc': 2.501077095112374, 'usualNegAcc': 5.503729414169671, 'length': 4.7}
SIM_TRAIN step:205, travel time:121.1992957746479, q_loss:0.9314121, rewards:-2.450833808051215, queue:2.0861111111111112, delay:0.42678371005588106, throughput:1399
episode:205/300, sim_loss:0.9314121
Episode 206 sim randomization params: {'headwayTime': 2.7409398590306133, 'minGap': 2.7890198658567615, 'usualPosAcc': 1.4308948388007237, 'usualNegAcc': 3.9287440839948298, 'length': 5.0}
SIM_TRAIN step:206, travel time:119.40281690140846, q_loss:0.9472668, rewards:-2.4702774047851563, queue:1.9777777777777779, delay:0.44261029561360676, throughput:1399
episode:206/300, sim_loss:0.9472668
Episode 207 sim randomization params: {'headwayTime': 0.5, 'minGap': 3.0367963214648266, 'usualPosAcc': 2.8657831858833323, 'usualNegAcc': 1.7627712426357658, 'length': 5.0}
SIM_TRAIN step:207, travel time:119.22183098591549, q_loss:0.9256073, rewards:-2.0527772691514756, queue:1.5916666666666666, delay:0.4322074466281467, throughput:1399
episode:207/300, sim_loss:0.9256073
REAL_TEST step:207, travel time:143.65162721893492, q_loss:100, rewards:-8.391665310329861, queue:7.280555555555556, delay:0.5043549007839627, throughput:1302
Episode 208 sim randomization params: {'headwayTime': 4.029127725581658, 'minGap': 2.5904263707599173, 'usualPosAcc': 1.8321819994860493, 'usualNegAcc': 4.902417164646207, 'length': 4.7}
SIM_TRAIN step:208, travel time:121.30704225352113, q_loss:0.9219615, rewards:-2.9277777777777776, queue:2.261111111111111, delay:0.45025117662217884, throughput:1399
episode:208/300, sim_loss:0.9219615
Episode 209 sim randomization params: {'headwayTime': 0.5, 'minGap': 3.2775975604642618, 'usualPosAcc': 2.6419427352334512, 'usualNegAcc': 6.674960857905271, 'length': 5.0}
SIM_TRAIN step:209, travel time:118.25211267605634, q_loss:0.88221705, rewards:-2.419722493489583, queue:1.925, delay:0.4149589962429471, throughput:1399
episode:209/300, sim_loss:0.88221705
Episode 210 sim randomization params: {'headwayTime': 2.438056706207933, 'minGap': 3.9348201733018873, 'usualPosAcc': 2.396260409506053, 'usualNegAcc': 2.2151674067920686, 'length': 5.0}
SIM_TRAIN step:210, travel time:120.11549295774648, q_loss:0.8543281, rewards:-2.4597220526801213, queue:1.7916666666666667, delay:0.4432295481363932, throughput:1399
episode:210/300, sim_loss:0.8543281
REAL_TEST step:210, travel time:149.6927621861152, q_loss:100, rewards:-11.166392008463541, queue:8.544444444444444, delay:0.5656639099121094, throughput:1301
Episode 211 sim randomization params: {'headwayTime': 4.1102861783472875, 'minGap': 2.4805567480928854, 'usualPosAcc': 1.3947594513445791, 'usualNegAcc': 4.4016522734672305, 'length': 4.7}
SIM_TRAIN step:211, travel time:121.13098591549296, q_loss:0.8792584, rewards:-2.689999728732639, queue:2.188888888888889, delay:0.4442803276909722, throughput:1399
episode:211/300, sim_loss:0.8792584
Episode 212 sim randomization params: {'headwayTime': 0.5, 'minGap': 3.186374269679145, 'usualPosAcc': 1.8320337140317893, 'usualNegAcc': 1.162686313001955, 'length': 5.0}
SIM_TRAIN step:212, travel time:119.73098591549295, q_loss:0.8615682, rewards:-2.0816665649414063, queue:1.5944444444444446, delay:0.4395081837972005, throughput:1399
episode:212/300, sim_loss:0.8615682
Episode 213 sim randomization params: {'headwayTime': 0.5, 'minGap': 2.7115884030944337, 'usualPosAcc': 2.123085160964654, 'usualNegAcc': 3.8297052546052144, 'length': 4.763516670781473}
SIM_TRAIN step:213, travel time:119.38239436619719, q_loss:0.8355306, rewards:-2.6819449530707464, queue:2.036111111111111, delay:0.4382749769422743, throughput:1400
episode:213/300, sim_loss:0.8355306
REAL_TEST step:213, travel time:148.29025110782865, q_loss:100, rewards:-8.723885769314236, queue:7.591666666666667, delay:0.5115780300564237, throughput:1301
Episode 214 sim randomization params: {'headwayTime': 1.9566918109362155, 'minGap': 2.9206980484673273, 'usualPosAcc': 2.5121200568776647, 'usualNegAcc': 3.8455071914814574, 'length': 4.7}
SIM_TRAIN step:214, travel time:119.81197183098591, q_loss:0.87031454, rewards:-2.870000542534722, queue:2.1527777777777777, delay:0.44408153957790797, throughput:1399
episode:214/300, sim_loss:0.87031454
Episode 215 sim randomization params: {'headwayTime': 2.8806845150485874, 'minGap': 2.3943955887268267, 'usualPosAcc': 0.1, 'usualNegAcc': 5.8549027341262825, 'length': 4.7}
SIM_TRAIN step:215, travel time:118.14788732394366, q_loss:0.88822675, rewards:-1.656945292154948, queue:1.35, delay:0.4352998521592882, throughput:1400
episode:215/300, sim_loss:0.88822675
Episode 216 sim randomization params: {'headwayTime': 2.41836831753895, 'minGap': 2.6218778646566436, 'usualPosAcc': 1.7072859464161918, 'usualNegAcc': 4.454501438988167, 'length': 4.7}
SIM_TRAIN step:216, travel time:120.04929577464789, q_loss:0.9125778, rewards:-2.7122233072916666, queue:2.183333333333333, delay:0.4347256554497613, throughput:1399
episode:216/300, sim_loss:0.9125778
REAL_TEST step:216, travel time:148.41211225997046, q_loss:100, rewards:-8.372223578559028, queue:7.763888888888889, delay:0.5003869374593098, throughput:1302
Episode 217 sim randomization params: {'headwayTime': 2.7596334674845187, 'minGap': 3.037049291447483, 'usualPosAcc': 4.21364916295316, 'usualNegAcc': 3.1755073760246004, 'length': 5.0}
SIM_TRAIN step:217, travel time:120.50211267605634, q_loss:0.9289366, rewards:-2.6080554538302954, queue:2.0083333333333333, delay:0.4393496619330512, throughput:1399
episode:217/300, sim_loss:0.9289366
Episode 218 sim randomization params: {'headwayTime': 5.0, 'minGap': 3.4712056205913675, 'usualPosAcc': 3.427064661236297, 'usualNegAcc': 4.400699072209247, 'length': 5.0}
SIM_TRAIN step:218, travel time:124.02535211267606, q_loss:0.95545995, rewards:-3.221665785047743, queue:2.561111111111111, delay:0.4675441741943359, throughput:1398
episode:218/300, sim_loss:0.95545995
Episode 219 sim randomization params: {'headwayTime': 5.0, 'minGap': 2.6240177777208413, 'usualPosAcc': 3.8861082893384733, 'usualNegAcc': 4.6390564020191665, 'length': 5.0}
SIM_TRAIN step:219, travel time:123.8943661971831, q_loss:1.0112133, rewards:-3.0463873969184028, queue:2.5027777777777778, delay:0.4601929982503255, throughput:1399
episode:219/300, sim_loss:1.0112133
REAL_TEST step:219, travel time:138.43680709534368, q_loss:100, rewards:-5.275279405381944, queue:4.916666666666667, delay:0.4443342420789931, throughput:1302
Episode 220 sim randomization params: {'headwayTime': 2.3713627676762075, 'minGap': 3.0756026404864327, 'usualPosAcc': 3.904807529168255, 'usualNegAcc': 4.0412809841765505, 'length': 5.0}
SIM_TRAIN step:220, travel time:120.20140845070422, q_loss:0.9917025, rewards:-2.824166022406684, queue:2.227777777777778, delay:0.4329260932074653, throughput:1396
episode:220/300, sim_loss:0.9917025
Episode 221 sim randomization params: {'headwayTime': 4.5640883560324745, 'minGap': 3.0143792876338527, 'usualPosAcc': 3.3712305751297906, 'usualNegAcc': 5.244758950663918, 'length': 5.0}
SIM_TRAIN step:221, travel time:121.38732394366197, q_loss:1.0442913, rewards:-2.7019439697265626, queue:2.1333333333333333, delay:0.4534508599175347, throughput:1399
episode:221/300, sim_loss:1.0442913
Episode 222 sim randomization params: {'headwayTime': 4.271862444684704, 'minGap': 3.035797383017681, 'usualPosAcc': 2.912629017407447, 'usualNegAcc': 1.791178418551795, 'length': 5.0}
SIM_TRAIN step:222, travel time:121.3274647887324, q_loss:1.0694729, rewards:-2.381666225857205, queue:1.788888888888889, delay:0.45110261705186633, throughput:1399
episode:222/300, sim_loss:1.0694729
REAL_TEST step:222, travel time:2646.554012345679, q_loss:100, rewards:-488.9592013888889, queue:469.125, delay:0.9891020033094619, throughput:6
Episode 223 sim randomization params: {'headwayTime': 0.5, 'minGap': 2.5313458010543273, 'usualPosAcc': 3.5146921413579095, 'usualNegAcc': 3.543099593621823, 'length': 5.0}
SIM_TRAIN step:223, travel time:119.76267605633802, q_loss:1.076422, rewards:-2.985278998480903, queue:2.2194444444444446, delay:0.45856157938639325, throughput:1396
episode:223/300, sim_loss:1.076422
Episode 224 sim randomization params: {'headwayTime': 0.990275282240942, 'minGap': 3.3324334426914186, 'usualPosAcc': 2.825530164876479, 'usualNegAcc': 5.552856190172445, 'length': 5.0}
SIM_TRAIN step:224, travel time:118.90985915492958, q_loss:1.0967746, rewards:-2.6522216796875, queue:2.0722222222222224, delay:0.42914373609754775, throughput:1399
episode:224/300, sim_loss:1.0967746
Episode 225 sim randomization params: {'headwayTime': 2.392490798319632, 'minGap': 2.7277301320001404, 'usualPosAcc': 2.672850305602455, 'usualNegAcc': 4.991696357359128, 'length': 5.0}
SIM_TRAIN step:225, travel time:119.87957746478874, q_loss:1.1317838, rewards:-2.8363894992404513, queue:2.1805555555555554, delay:0.44207403394911027, throughput:1399
episode:225/300, sim_loss:1.1317838
REAL_TEST step:225, travel time:2189.1182943603853, q_loss:100, rewards:-449.988671875, queue:431.97222222222223, delay:0.9584552341037327, throughput:86
Episode 226 sim randomization params: {'headwayTime': 0.5, 'minGap': 3.26924553898854, 'usualPosAcc': 2.339085199593853, 'usualNegAcc': 4.971811404766049, 'length': 4.7}
SIM_TRAIN step:226, travel time:119.72676056338028, q_loss:1.1245614, rewards:-3.0347222222222223, queue:2.3194444444444446, delay:0.4415989769829644, throughput:1399
episode:226/300, sim_loss:1.1245614
Episode 227 sim randomization params: {'headwayTime': 3.229003859152138, 'minGap': 2.6132269221825672, 'usualPosAcc': 2.8059252910565595, 'usualNegAcc': 3.235073501517347, 'length': 4.8172335572099785}
SIM_TRAIN step:227, travel time:119.82816901408451, q_loss:1.2160147, rewards:-2.502222696940104, queue:1.8888888888888888, delay:0.4436262766520182, throughput:1399
episode:227/300, sim_loss:1.2160147
Episode 228 sim randomization params: {'headwayTime': 1.0971405788440955, 'minGap': 2.8447115253498167, 'usualPosAcc': 0.262736821372211, 'usualNegAcc': 5.067495521706214, 'length': 5.0}
SIM_TRAIN step:228, travel time:115.70915492957747, q_loss:1.1389996, rewards:-1.2286118401421442, queue:0.9055555555555556, delay:0.42368651496039494, throughput:1400
episode:228/300, sim_loss:1.1389996
REAL_TEST step:228, travel time:2293.6463932107495, q_loss:100, rewards:-459.69505208333334, queue:440.96666666666664, delay:0.9794493781195747, throughput:66
Episode 229 sim randomization params: {'headwayTime': 1.3162902450608414, 'minGap': 2.4032883346731437, 'usualPosAcc': 1.750475393044424, 'usualNegAcc': 5.178278354328686, 'length': 5.0}
SIM_TRAIN step:229, travel time:118.84295774647887, q_loss:1.0719708, rewards:-2.5658333672417535, queue:1.9805555555555556, delay:0.43404083251953124, throughput:1399
episode:229/300, sim_loss:1.0719708
Episode 230 sim randomization params: {'headwayTime': 1.568374197173769, 'minGap': 3.22301892085061, 'usualPosAcc': 1.2135861713877734, 'usualNegAcc': 2.7442873234980536, 'length': 5.0}
SIM_TRAIN step:230, travel time:119.95070422535211, q_loss:1.0648024, rewards:-2.709444342719184, queue:2.0444444444444443, delay:0.44857152303059894, throughput:1399
episode:230/300, sim_loss:1.0648024
Episode 231 sim randomization params: {'headwayTime': 1.9302334064231084, 'minGap': 2.6878787483041267, 'usualPosAcc': 0.1, 'usualNegAcc': 4.747097481994745, 'length': 5.0}
SIM_TRAIN step:231, travel time:120.58943661971831, q_loss:1.0613561, rewards:-2.2836107042100693, queue:1.775, delay:0.4609625922309028, throughput:1399
episode:231/300, sim_loss:1.0613561
REAL_TEST step:231, travel time:137.58142962417097, q_loss:100, rewards:-7.278612603081597, queue:5.341666666666667, delay:0.5731561024983723, throughput:1309
Episode 232 sim randomization params: {'headwayTime': 0.5, 'minGap': 3.1161172469990697, 'usualPosAcc': 2.610465288088322, 'usualNegAcc': 4.134982252703932, 'length': 5.0}
SIM_TRAIN step:232, travel time:119.32535211267606, q_loss:1.0776294, rewards:-2.845833333333333, queue:2.1944444444444446, delay:0.4511151631673177, throughput:1396
episode:232/300, sim_loss:1.0776294
Episode 233 sim randomization params: {'headwayTime': 0.7904003552396908, 'minGap': 3.156883117126088, 'usualPosAcc': 3.560041646697492, 'usualNegAcc': 4.887964553245877, 'length': 5.0}
SIM_TRAIN step:233, travel time:118.79154929577464, q_loss:1.039273, rewards:-2.5961107042100693, queue:2.011111111111111, delay:0.44135962592230904, throughput:1397
episode:233/300, sim_loss:1.039273
Episode 234 sim randomization params: {'headwayTime': 3.2659606716758134, 'minGap': 2.6978392242778924, 'usualPosAcc': 5.075802811388425, 'usualNegAcc': 1.9725924288565415, 'length': 4.703856899610871}
SIM_TRAIN step:234, travel time:119.69577464788732, q_loss:0.98572487, rewards:-1.9272223578559027, queue:1.5166666666666666, delay:0.430612309773763, throughput:1399
episode:234/300, sim_loss:0.98572487
REAL_TEST step:234, travel time:562.8792, q_loss:100, rewards:-173.7875217013889, queue:165.0638888888889, delay:0.7313693576388889, throughput:663
Episode 235 sim randomization params: {'headwayTime': 0.5, 'minGap': 2.8630061121649346, 'usualPosAcc': 4.101818225166083, 'usualNegAcc': 5.7245460926713125, 'length': 5.0}
SIM_TRAIN step:235, travel time:120.34295774647887, q_loss:0.96491885, rewards:-3.2388885498046873, queue:2.327777777777778, delay:0.4653412712944878, throughput:1399
episode:235/300, sim_loss:0.96491885
Episode 236 sim randomization params: {'headwayTime': 1.021377817461192, 'minGap': 2.7006965846658075, 'usualPosAcc': 1.8096532541457113, 'usualNegAcc': 5.186431464424954, 'length': 4.7}
SIM_TRAIN step:236, travel time:120.14295774647887, q_loss:1.0081903, rewards:-3.1091678195529515, queue:2.386111111111111, delay:0.44179166158040367, throughput:1400
episode:236/300, sim_loss:1.0081903
Episode 237 sim randomization params: {'headwayTime': 3.6302115074795633, 'minGap': 2.888266134215268, 'usualPosAcc': 2.8639894585346255, 'usualNegAcc': 6.058280678885049, 'length': 4.7}
SIM_TRAIN step:237, travel time:119.85492957746479, q_loss:1.0164201, rewards:-2.4244442409939237, queue:1.975, delay:0.4227609422471788, throughput:1399
episode:237/300, sim_loss:1.0164201
REAL_TEST step:237, travel time:133.98671586715867, q_loss:100, rewards:-4.432223510742188, queue:4.094444444444444, delay:0.441837649875217, throughput:1304
Episode 238 sim randomization params: {'headwayTime': 5.0, 'minGap': 2.3925970426254786, 'usualPosAcc': 1.5083213762463559, 'usualNegAcc': 1.2377094111614468, 'length': 4.7}
SIM_TRAIN step:238, travel time:123.99295774647888, q_loss:1.0147439, rewards:-2.387778557671441, queue:1.8777777777777778, delay:0.45674671596950955, throughput:1399
episode:238/300, sim_loss:1.0147439
Episode 239 sim randomization params: {'headwayTime': 3.1317013120647506, 'minGap': 3.165582463386907, 'usualPosAcc': 3.0472144127246272, 'usualNegAcc': 4.116663460197945, 'length': 4.7}
SIM_TRAIN step:239, travel time:119.99718309859155, q_loss:0.9471539, rewards:-2.5638892279730903, queue:1.9944444444444445, delay:0.4353788587782118, throughput:1399
episode:239/300, sim_loss:0.9471539
Episode 240 sim randomization params: {'headwayTime': 0.5, 'minGap': 3.0094004026953196, 'usualPosAcc': 4.463017489136155, 'usualNegAcc': 3.131949773831035, 'length': 4.7}
SIM_TRAIN step:240, travel time:119.6387323943662, q_loss:0.93490195, rewards:-2.565554979112413, queue:1.9388888888888889, delay:0.4401857164171007, throughput:1400
episode:240/300, sim_loss:0.93490195
REAL_TEST step:240, travel time:134.52546125461254, q_loss:100, rewards:-4.712778727213542, queue:4.111111111111111, delay:0.46000022888183595, throughput:1304
Episode 241 sim randomization params: {'headwayTime': 0.5, 'minGap': 2.654965382738983, 'usualPosAcc': 4.778179598149935, 'usualNegAcc': 3.375926321449438, 'length': 4.7}
SIM_TRAIN step:241, travel time:118.88802816901408, q_loss:0.93007433, rewards:-2.393611314561632, queue:1.7416666666666667, delay:0.4359212663438585, throughput:1399
episode:241/300, sim_loss:0.93007433
Episode 242 sim randomization params: {'headwayTime': 1.0212366058289595, 'minGap': 2.725923810330865, 'usualPosAcc': 2.991234244701517, 'usualNegAcc': 2.670374332422182, 'length': 4.7}
SIM_TRAIN step:242, travel time:118.81056338028169, q_loss:0.9015457, rewards:-2.1483332316080728, queue:1.5361111111111112, delay:0.43391710917154946, throughput:1399
episode:242/300, sim_loss:0.9015457
Episode 243 sim randomization params: {'headwayTime': 1.7672099373589312, 'minGap': 3.06872131685464, 'usualPosAcc': 3.605179524383236, 'usualNegAcc': 4.558829945376828, 'length': 4.707201965010794}
SIM_TRAIN step:243, travel time:119.78380281690141, q_loss:0.90509576, rewards:-2.7958338419596354, queue:2.1444444444444444, delay:0.44399617513020834, throughput:1399
episode:243/300, sim_loss:0.90509576
REAL_TEST step:243, travel time:137.7431734317343, q_loss:100, rewards:-7.553887939453125, queue:6.033333333333333, delay:0.5543220943874783, throughput:1303
Episode 244 sim randomization params: {'headwayTime': 0.5, 'minGap': 2.6125341885642848, 'usualPosAcc': 3.0163506948554297, 'usualNegAcc': 1.6195289546045344, 'length': 5.0}
SIM_TRAIN step:244, travel time:119.43802816901409, q_loss:0.94853127, rewards:-2.1000003390842013, queue:1.5944444444444446, delay:0.4323768191867404, throughput:1399
episode:244/300, sim_loss:0.94853127
Episode 245 sim randomization params: {'headwayTime': 1.0557425699561027, 'minGap': 2.69042097673889, 'usualPosAcc': 4.1525295309101775, 'usualNegAcc': 4.0412229026105795, 'length': 5.0}
SIM_TRAIN step:245, travel time:119.7056338028169, q_loss:0.9272494, rewards:-2.884999254014757, queue:2.188888888888889, delay:0.4461792416042752, throughput:1399
episode:245/300, sim_loss:0.9272494
Episode 246 sim randomization params: {'headwayTime': 0.5, 'minGap': 3.3070668291671046, 'usualPosAcc': 3.866349357929271, 'usualNegAcc': 1.0, 'length': 4.943506744467491}
SIM_TRAIN step:246, travel time:120.4894366197183, q_loss:0.91677296, rewards:-1.900000508626302, queue:1.6694444444444445, delay:0.4452253129747179, throughput:1399
episode:246/300, sim_loss:0.91677296
REAL_TEST step:246, travel time:137.98673544583642, q_loss:100, rewards:-8.09416775173611, queue:5.925, delay:0.6111796061197917, throughput:1306
Episode 247 sim randomization params: {'headwayTime': 4.829737203794764, 'minGap': 3.1801006572204784, 'usualPosAcc': 2.0298032270675828, 'usualNegAcc': 3.3368469905519538, 'length': 4.7}
SIM_TRAIN step:247, travel time:122.53873239436619, q_loss:0.8491056, rewards:-2.622223409016927, queue:2.0833333333333335, delay:0.44568710327148436, throughput:1399
episode:247/300, sim_loss:0.8491056
Episode 248 sim randomization params: {'headwayTime': 2.465137707406604, 'minGap': 2.254458050758837, 'usualPosAcc': 1.2491828281788324, 'usualNegAcc': 5.445896402326152, 'length': 4.986838371919793}
SIM_TRAIN step:248, travel time:119.80140845070423, q_loss:0.8629503, rewards:-2.7288892957899304, queue:2.0694444444444446, delay:0.43387718200683595, throughput:1396
episode:248/300, sim_loss:0.8629503
Episode 249 sim randomization params: {'headwayTime': 1.4567358934828325, 'minGap': 2.86187199570148, 'usualPosAcc': 6.358975856982595, 'usualNegAcc': 5.314893265582767, 'length': 4.7}
SIM_TRAIN step:249, travel time:120.21619718309859, q_loss:0.8935296, rewards:-2.9630550808376737, queue:2.216666666666667, delay:0.44461517333984374, throughput:1399
episode:249/300, sim_loss:0.8935296
REAL_TEST step:249, travel time:138.30945347119646, q_loss:100, rewards:-7.876664225260416, queue:5.969444444444444, delay:0.5612530178493924, throughput:1305
Episode 250 sim randomization params: {'headwayTime': 5.0, 'minGap': 2.86803382235292, 'usualPosAcc': 3.6360150293709106, 'usualNegAcc': 2.784856493684037, 'length': 4.7}
SIM_TRAIN step:250, travel time:123.6838028169014, q_loss:0.8523334, rewards:-2.7077767266167534, queue:2.138888888888889, delay:0.4528456793891059, throughput:1399
episode:250/300, sim_loss:0.8523334
Episode 251 sim randomization params: {'headwayTime': 3.5193854104227063, 'minGap': 2.6232007702280686, 'usualPosAcc': 1.5674073629225174, 'usualNegAcc': 5.10062150668836, 'length': 4.7}
SIM_TRAIN step:251, travel time:120.64507042253521, q_loss:0.9003696, rewards:-2.7663891262478297, queue:2.1777777777777776, delay:0.44312472873263886, throughput:1399
episode:251/300, sim_loss:0.9003696
Episode 252 sim randomization params: {'headwayTime': 0.5, 'minGap': 3.096219582685998, 'usualPosAcc': 0.1, 'usualNegAcc': 2.527307975597979, 'length': 4.765986488319661}
SIM_TRAIN step:252, travel time:121.36549295774648, q_loss:0.89987206, rewards:-2.405277336968316, queue:2.025, delay:0.4831673092312283, throughput:1400
episode:252/300, sim_loss:0.89987206
REAL_TEST step:252, travel time:142.3830258302583, q_loss:100, rewards:-9.763058132595486, queue:7.397222222222222, delay:0.5842018551296658, throughput:1307
Episode 253 sim randomization params: {'headwayTime': 0.5, 'minGap': 2.497739412294055, 'usualPosAcc': 3.5355871826715326, 'usualNegAcc': 4.156226783150416, 'length': 4.7}
SIM_TRAIN step:253, travel time:118.71197183098592, q_loss:0.8664727, rewards:-2.5652777777777778, queue:1.9388888888888889, delay:0.44275762769911026, throughput:1399
episode:253/300, sim_loss:0.8664727
Episode 254 sim randomization params: {'headwayTime': 3.037189451882112, 'minGap': 3.4469402387638395, 'usualPosAcc': 0.8859117784898414, 'usualNegAcc': 3.7955590399536265, 'length': 5.0}
SIM_TRAIN step:254, travel time:120.08098591549296, q_loss:0.92535406, rewards:-2.439999559190538, queue:1.9305555555555556, delay:0.43869967990451386, throughput:1400
episode:254/300, sim_loss:0.92535406
Episode 255 sim randomization params: {'headwayTime': 3.181753003615702, 'minGap': 3.1928186446762483, 'usualPosAcc': 2.3577923681197896, 'usualNegAcc': 2.4551765404253163, 'length': 5.0}
SIM_TRAIN step:255, travel time:120.25211267605634, q_loss:0.90870607, rewards:-2.360554673936632, queue:1.825, delay:0.43837509155273435, throughput:1399
episode:255/300, sim_loss:0.90870607
REAL_TEST step:255, travel time:141.0413589364845, q_loss:100, rewards:-9.513614230685764, queue:6.775, delay:0.6172354380289714, throughput:1302
Episode 256 sim randomization params: {'headwayTime': 3.2570931511667958, 'minGap': 2.8814516533153265, 'usualPosAcc': 1.9971434142402704, 'usualNegAcc': 1.0, 'length': 5.0}
SIM_TRAIN step:256, travel time:121.30281690140845, q_loss:0.91847396, rewards:-2.095555453830295, queue:1.675, delay:0.44981231689453127, throughput:1399
episode:256/300, sim_loss:0.91847396
Episode 257 sim randomization params: {'headwayTime': 0.8756684067221632, 'minGap': 2.852532463382822, 'usualPosAcc': 3.542526522584648, 'usualNegAcc': 4.979204220897628, 'length': 5.0}
SIM_TRAIN step:257, travel time:120.05211267605634, q_loss:0.97094744, rewards:-3.0580552842881943, queue:2.3194444444444446, delay:0.4531116485595703, throughput:1399
episode:257/300, sim_loss:0.97094744
Episode 258 sim randomization params: {'headwayTime': 5.0, 'minGap': 3.319442670504854, 'usualPosAcc': 1.6153336809491237, 'usualNegAcc': 2.423448999266091, 'length': 5.0}
SIM_TRAIN step:258, travel time:123.86901408450704, q_loss:1.0255467, rewards:-2.8211107042100694, queue:2.183333333333333, delay:0.4626763661702474, throughput:1399
episode:258/300, sim_loss:1.0255467
REAL_TEST step:258, travel time:138.62924667651404, q_loss:100, rewards:-6.717501491970486, queue:5.466666666666667, delay:0.5442113240559896, throughput:1302
Episode 259 sim randomization params: {'headwayTime': 0.9259126998215363, 'minGap': 2.8841112766880608, 'usualPosAcc': 5.003008359348648, 'usualNegAcc': 6.375892764213127, 'length': 4.965035501335888}
SIM_TRAIN step:259, travel time:119.56830985915492, q_loss:1.0081573, rewards:-2.9247229682074654, queue:2.188888888888889, delay:0.45089543660481773, throughput:1399
episode:259/300, sim_loss:1.0081573
Episode 260 sim randomization params: {'headwayTime': 2.5282392543238146, 'minGap': 2.3113606512509595, 'usualPosAcc': 1.3946457672899608, 'usualNegAcc': 3.1301957570289023, 'length': 4.9963774915272525}
SIM_TRAIN step:260, travel time:119.55281690140845, q_loss:1.0074025, rewards:-2.3675001356336804, queue:1.9472222222222222, delay:0.43920076158311633, throughput:1399
episode:260/300, sim_loss:1.0074025
Episode 261 sim randomization params: {'headwayTime': 1.52772275737897, 'minGap': 2.9548258333672632, 'usualPosAcc': 5.612074058897765, 'usualNegAcc': 4.424371743002485, 'length': 5.0}
SIM_TRAIN step:261, travel time:119.12112676056339, q_loss:0.9934514, rewards:-2.477777777777778, queue:1.8555555555555556, delay:0.4372851053873698, throughput:1400
episode:261/300, sim_loss:0.9934514
REAL_TEST step:261, travel time:144.19380987472366, q_loss:100, rewards:-8.211107720269098, queue:7.208333333333333, delay:0.5197154574924046, throughput:1303
Episode 262 sim randomization params: {'headwayTime': 2.103232649927808, 'minGap': 2.8381132622000815, 'usualPosAcc': 4.30680465628526, 'usualNegAcc': 2.153632168083828, 'length': 4.919629103957723}
SIM_TRAIN step:262, travel time:120.49014084507043, q_loss:1.0687422, rewards:-2.8336105346679688, queue:1.9111111111111112, delay:0.4674109988742404, throughput:1400
episode:262/300, sim_loss:1.0687422
Episode 263 sim randomization params: {'headwayTime': 0.5, 'minGap': 2.931366692692422, 'usualPosAcc': 2.7919084382377353, 'usualNegAcc': 5.135990152656386, 'length': 5.0}
SIM_TRAIN step:263, travel time:119.88098591549296, q_loss:1.0749581, rewards:-2.8622226291232638, queue:2.3, delay:0.43735245598687067, throughput:1399
episode:263/300, sim_loss:1.0749581
Episode 264 sim randomization params: {'headwayTime': 3.273623869941282, 'minGap': 3.4840133433525278, 'usualPosAcc': 4.7903644444430205, 'usualNegAcc': 4.191959553366007, 'length': 5.0}
SIM_TRAIN step:264, travel time:120.2605633802817, q_loss:1.1146495, rewards:-2.4213887532552083, queue:1.9361111111111111, delay:0.4352963341606988, throughput:1399
episode:264/300, sim_loss:1.1146495
REAL_TEST step:264, travel time:138.0509225092251, q_loss:100, rewards:-7.044725884331597, queue:5.3277777777777775, delay:0.5647677951388889, throughput:1303
Episode 265 sim randomization params: {'headwayTime': 0.5, 'minGap': 3.0152875537019197, 'usualPosAcc': 2.6230754867261314, 'usualNegAcc': 1.065947469461754, 'length': 4.723912939621249}
SIM_TRAIN step:265, travel time:119.66830985915493, q_loss:1.0970268, rewards:-1.9511116875542536, queue:1.5083333333333333, delay:0.4427384270562066, throughput:1396
episode:265/300, sim_loss:1.0970268
Episode 266 sim randomization params: {'headwayTime': 3.7946404211865863, 'minGap': 2.454041242525939, 'usualPosAcc': 4.388413583971205, 'usualNegAcc': 4.440686937231247, 'length': 4.853831622244132}
SIM_TRAIN step:266, travel time:121.53450704225352, q_loss:1.0257312, rewards:-3.011945597330729, queue:2.2305555555555556, delay:0.46856490241156684, throughput:1399
episode:266/300, sim_loss:1.0257312
Episode 267 sim randomization params: {'headwayTime': 1.8480807016936667, 'minGap': 3.1987737575298376, 'usualPosAcc': 0.6833037798655341, 'usualNegAcc': 6.883588626239229, 'length': 4.7}
SIM_TRAIN step:267, travel time:114.94507042253521, q_loss:0.99553174, rewards:-1.1466673109266492, queue:0.8833333333333333, delay:0.3824571821424696, throughput:1400
episode:267/300, sim_loss:0.99553174
REAL_TEST step:267, travel time:139.77638376383763, q_loss:100, rewards:-7.379997422960069, queue:5.983333333333333, delay:0.5453531477186415, throughput:1302
Episode 268 sim randomization params: {'headwayTime': 0.7454486617536524, 'minGap': 3.339476550988142, 'usualPosAcc': 3.7044711756159514, 'usualNegAcc': 5.767611045213705, 'length': 5.0}
SIM_TRAIN step:268, travel time:120.2443661971831, q_loss:1.0658771, rewards:-3.0955552842881944, queue:2.341666666666667, delay:0.4459650675455729, throughput:1398
episode:268/300, sim_loss:1.0658771
Episode 269 sim randomization params: {'headwayTime': 2.7662207939726633, 'minGap': 2.440501707215688, 'usualPosAcc': 1.98693772234741, 'usualNegAcc': 4.009565408809893, 'length': 4.989003154905381}
SIM_TRAIN step:269, travel time:120.41549295774648, q_loss:1.0728537, rewards:-2.7411107381184894, queue:2.147222222222222, delay:0.43367936876085067, throughput:1398
episode:269/300, sim_loss:1.0728537
Episode 270 sim randomization params: {'headwayTime': 0.5, 'minGap': 3.2759859293677955, 'usualPosAcc': 4.984353748281187, 'usualNegAcc': 5.983988509959457, 'length': 4.7}
SIM_TRAIN step:270, travel time:120.95140845070422, q_loss:1.0925839, rewards:-3.356944783528646, queue:2.577777777777778, delay:0.4493839263916016, throughput:1393
episode:270/300, sim_loss:1.0925839
REAL_TEST step:270, travel time:141.08339483394835, q_loss:100, rewards:-8.066109212239583, queue:6.416666666666667, delay:0.5843821207682292, throughput:1304
Episode 271 sim randomization params: {'headwayTime': 2.8716612001372224, 'minGap': 2.134460689549428, 'usualPosAcc': 4.928424673096937, 'usualNegAcc': 1.0, 'length': 5.0}
SIM_TRAIN step:271, travel time:120.67535211267605, q_loss:1.0709567, rewards:-1.701666768391927, queue:1.4694444444444446, delay:0.4417858123779297, throughput:1399
episode:271/300, sim_loss:1.0709567
Episode 272 sim randomization params: {'headwayTime': 4.1577660488628965, 'minGap': 3.3648758231350646, 'usualPosAcc': 3.0977999000095555, 'usualNegAcc': 1.4759859233934831, 'length': 4.935247492451658}
SIM_TRAIN step:272, travel time:121.54295774647888, q_loss:1.0665872, rewards:-2.1552786933051213, queue:1.6583333333333334, delay:0.43846422831217446, throughput:1399
episode:272/300, sim_loss:1.0665872
Episode 273 sim randomization params: {'headwayTime': 1.625076300692641, 'minGap': 3.032609297256901, 'usualPosAcc': 3.973334538261419, 'usualNegAcc': 4.73278377640094, 'length': 5.0}
SIM_TRAIN step:273, travel time:120.09225352112676, q_loss:1.0953119, rewards:-3.0244449191623266, queue:2.2666666666666666, delay:0.4474696265326606, throughput:1399
episode:273/300, sim_loss:1.0953119
REAL_TEST step:273, travel time:143.42350332594236, q_loss:100, rewards:-8.719719780815971, queue:7.05, delay:0.5635525173611111, throughput:1303
Episode 274 sim randomization params: {'headwayTime': 3.270060013566324, 'minGap': 2.760025697009882, 'usualPosAcc': 4.846772190937847, 'usualNegAcc': 3.209336218686327, 'length': 5.0}
SIM_TRAIN step:274, travel time:121.20704225352112, q_loss:1.0449901, rewards:-2.4972220526801214, queue:2.0277777777777777, delay:0.43271747165256075, throughput:1399
episode:274/300, sim_loss:1.0449901
Episode 275 sim randomization params: {'headwayTime': 2.419976929663578, 'minGap': 2.074436711008314, 'usualPosAcc': 3.0064751366570244, 'usualNegAcc': 4.1515263274609255, 'length': 4.865788764817676}
SIM_TRAIN step:275, travel time:121.4894366197183, q_loss:1.0864444, rewards:-3.210555691189236, queue:2.4694444444444446, delay:0.4434018029106988, throughput:1399
episode:275/300, sim_loss:1.0864444
Episode 276 sim randomization params: {'headwayTime': 1.8499220537912215, 'minGap': 2.437614742332135, 'usualPosAcc': 2.7421501000196846, 'usualNegAcc': 6.0445637587869046, 'length': 4.886547476472971}
SIM_TRAIN step:276, travel time:119.2450704225352, q_loss:1.0281911, rewards:-2.550833299424913, queue:2.0722222222222224, delay:0.4124588436550564, throughput:1394
episode:276/300, sim_loss:1.0281911
REAL_TEST step:276, travel time:142.70974889217135, q_loss:100, rewards:-8.383057318793403, queue:6.977777777777778, delay:0.5522499084472656, throughput:1304
Episode 277 sim randomization params: {'headwayTime': 1.175837419870541, 'minGap': 2.6812175978683634, 'usualPosAcc': 5.373239555134771, 'usualNegAcc': 1.5858201573517814, 'length': 5.0}
SIM_TRAIN step:277, travel time:120.11197183098592, q_loss:1.0366889, rewards:-2.119722663031684, queue:1.725, delay:0.4372168646918403, throughput:1399
episode:277/300, sim_loss:1.0366889
Episode 278 sim randomization params: {'headwayTime': 2.297198895109624, 'minGap': 3.5915227124445144, 'usualPosAcc': 4.413320972402288, 'usualNegAcc': 3.562223879499259, 'length': 4.7}
SIM_TRAIN step:278, travel time:119.78098591549296, q_loss:1.0459341, rewards:-2.506666564941406, queue:1.9333333333333333, delay:0.42745077345106336, throughput:1398
episode:278/300, sim_loss:1.0459341
Episode 279 sim randomization params: {'headwayTime': 4.630462522591279, 'minGap': 3.4248957203519685, 'usualPosAcc': 1.1273332874548945, 'usualNegAcc': 4.862564255640005, 'length': 4.7}
SIM_TRAIN step:279, travel time:123.37931034482759, q_loss:1.1002562, rewards:-3.272499593098958, queue:2.5444444444444443, delay:0.4685685475667318, throughput:1399
episode:279/300, sim_loss:1.1002562
REAL_TEST step:279, travel time:140.99555884529977, q_loss:100, rewards:-7.268332926432292, queue:6.455555555555556, delay:0.4897206624348958, throughput:1300
Episode 280 sim randomization params: {'headwayTime': 0.7261431577346438, 'minGap': 2.320647169003024, 'usualPosAcc': 3.8987511093990648, 'usualNegAcc': 4.122960344714923, 'length': 5.0}
SIM_TRAIN step:280, travel time:119.03309859154929, q_loss:1.0929478, rewards:-2.6086110432942706, queue:2.047222222222222, delay:0.4427881876627604, throughput:1399
episode:280/300, sim_loss:1.0929478
Episode 281 sim randomization params: {'headwayTime': 4.670880638006359, 'minGap': 3.1407048691736543, 'usualPosAcc': 3.425005349297149, 'usualNegAcc': 4.868867251343994, 'length': 4.7}
SIM_TRAIN step:281, travel time:122.20492957746478, q_loss:1.0566106, rewards:-2.7105561998155383, queue:2.183333333333333, delay:0.445874277750651, throughput:1399
episode:281/300, sim_loss:1.0566106
Episode 282 sim randomization params: {'headwayTime': 2.038996711730224, 'minGap': 2.4657458403273496, 'usualPosAcc': 1.406118169572901, 'usualNegAcc': 3.5567662576693406, 'length': 5.0}
SIM_TRAIN step:282, travel time:119.52816901408451, q_loss:1.0879011, rewards:-2.487498982747396, queue:1.9833333333333334, delay:0.4320873260498047, throughput:1399
episode:282/300, sim_loss:1.0879011
REAL_TEST step:282, travel time:141.10044313146233, q_loss:100, rewards:-7.803608534071181, queue:6.752777777777778, delay:0.513325670030382, throughput:1301
Episode 283 sim randomization params: {'headwayTime': 5.0, 'minGap': 2.50933046135869, 'usualPosAcc': 2.8657293662475363, 'usualNegAcc': 3.5893797195184236, 'length': 5.0}
SIM_TRAIN step:283, travel time:122.39084507042253, q_loss:1.061239, rewards:-2.656111653645833, queue:2.102777777777778, delay:0.4557840135362413, throughput:1399
episode:283/300, sim_loss:1.061239
Episode 284 sim randomization params: {'headwayTime': 3.1308654916868726, 'minGap': 3.0304716191465344, 'usualPosAcc': 1.3146399022714301, 'usualNegAcc': 4.315693659806412, 'length': 5.0}
SIM_TRAIN step:284, travel time:119.76408450704226, q_loss:0.9893915, rewards:-2.503611755371094, queue:1.8944444444444444, delay:0.4364683787027995, throughput:1399
episode:284/300, sim_loss:0.9893915
Episode 285 sim randomization params: {'headwayTime': 1.1912982265696908, 'minGap': 3.6121393724925936, 'usualPosAcc': 2.31051807255221, 'usualNegAcc': 2.711178091440438, 'length': 5.0}
SIM_TRAIN step:285, travel time:119.41549295774648, q_loss:0.95021653, rewards:-2.3774993896484373, queue:1.8444444444444446, delay:0.43324758741590713, throughput:1397
episode:285/300, sim_loss:0.95021653
REAL_TEST step:285, travel time:142.19660014781965, q_loss:100, rewards:-8.920555962456596, queue:7.222222222222222, delay:0.5535313924153645, throughput:1301
Episode 286 sim randomization params: {'headwayTime': 1.6440666130729151, 'minGap': 2.407817786922026, 'usualPosAcc': 2.594426770328763, 'usualNegAcc': 6.189295807801512, 'length': 5.0}
SIM_TRAIN step:286, travel time:118.34154929577464, q_loss:1.050884, rewards:-2.3952789306640625, queue:1.8972222222222221, delay:0.422441652086046, throughput:1399
episode:286/300, sim_loss:1.050884
Episode 287 sim randomization params: {'headwayTime': 1.0963366149314206, 'minGap': 3.2258988573110536, 'usualPosAcc': 2.8102400586001908, 'usualNegAcc': 4.142863142257597, 'length': 5.0}
SIM_TRAIN step:287, travel time:119.03732394366197, q_loss:0.99446684, rewards:-2.6555555555555554, queue:2.0555555555555554, delay:0.4495293511284722, throughput:1400
episode:287/300, sim_loss:0.99446684
Episode 288 sim randomization params: {'headwayTime': 3.6081666050716055, 'minGap': 2.955555349674137, 'usualPosAcc': 1.3669077714676292, 'usualNegAcc': 1.946589887157271, 'length': 4.959028409313719}
SIM_TRAIN step:288, travel time:120.9225352112676, q_loss:0.9949999, rewards:-2.335000271267361, queue:1.8611111111111112, delay:0.4425082736545139, throughput:1398
episode:288/300, sim_loss:0.9949999
REAL_TEST step:288, travel time:139.18551367331855, q_loss:100, rewards:-7.080832926432292, queue:5.938888888888889, delay:0.5175543891059028, throughput:1301
Episode 289 sim randomization params: {'headwayTime': 2.672795589616382, 'minGap': 3.081141881213267, 'usualPosAcc': 3.693478320590889, 'usualNegAcc': 5.228152800925025, 'length': 4.7}
SIM_TRAIN step:289, travel time:120.94577464788732, q_loss:0.95545924, rewards:-3.2008331298828123, queue:2.422222222222222, delay:0.45385996500651044, throughput:1399
episode:289/300, sim_loss:0.95545924
Episode 290 sim randomization params: {'headwayTime': 3.6990893894624466, 'minGap': 2.522918800431011, 'usualPosAcc': 4.145133261669483, 'usualNegAcc': 4.2251651515899855, 'length': 5.0}
SIM_TRAIN step:290, travel time:119.80915492957746, q_loss:0.9690432, rewards:-2.5238888210720485, queue:1.8805555555555555, delay:0.449983639187283, throughput:1398
episode:290/300, sim_loss:0.9690432
Episode 291 sim randomization params: {'headwayTime': 1.1425614256787848, 'minGap': 3.0017544756917736, 'usualPosAcc': 0.1, 'usualNegAcc': 5.408584722059137, 'length': 4.788263207269877}
SIM_TRAIN step:291, travel time:115.96901408450704, q_loss:0.93279487, rewards:-1.1238894992404513, queue:0.8666666666666667, delay:0.42975747850206164, throughput:1400
episode:291/300, sim_loss:0.93279487
REAL_TEST step:291, travel time:142.02806499261447, q_loss:100, rewards:-9.51028103298611, queue:7.725, delay:0.5981784396701388, throughput:1301
Episode 292 sim randomization params: {'headwayTime': 0.5, 'minGap': 3.282134079317321, 'usualPosAcc': 4.910412268247246, 'usualNegAcc': 2.3332379544097437, 'length': 5.0}
SIM_TRAIN step:292, travel time:119.46619718309859, q_loss:0.9261512, rewards:-2.3330547756618922, queue:1.7333333333333334, delay:0.4460290696885851, throughput:1398
episode:292/300, sim_loss:0.9261512
Episode 293 sim randomization params: {'headwayTime': 0.7729328515310656, 'minGap': 2.0840525732242243, 'usualPosAcc': 2.1432662349801146, 'usualNegAcc': 4.208772865108978, 'length': 5.0}
SIM_TRAIN step:293, travel time:119.17042253521127, q_loss:0.9122625, rewards:-2.768055725097656, queue:2.1416666666666666, delay:0.4487123277452257, throughput:1399
episode:293/300, sim_loss:0.9122625
Episode 294 sim randomization params: {'headwayTime': 2.283368370605515, 'minGap': 3.0067122287944343, 'usualPosAcc': 2.9245157025271307, 'usualNegAcc': 3.362980246605736, 'length': 4.7}
SIM_TRAIN step:294, travel time:119.89788732394366, q_loss:0.9258559, rewards:-2.7691662258572047, queue:2.1055555555555556, delay:0.4476426018608941, throughput:1399
episode:294/300, sim_loss:0.9258559
REAL_TEST step:294, travel time:140.87011070110702, q_loss:100, rewards:-8.889444986979166, queue:7.111111111111111, delay:0.5834174262152778, throughput:1299
Episode 295 sim randomization params: {'headwayTime': 1.629532499842306, 'minGap': 2.7733978761831097, 'usualPosAcc': 2.218025232128531, 'usualNegAcc': 1.9793926471946883, 'length': 4.7}
SIM_TRAIN step:295, travel time:120.38943661971831, q_loss:0.88619065, rewards:-2.675556437174479, queue:2.0083333333333333, delay:0.44500287373860675, throughput:1399
episode:295/300, sim_loss:0.88619065
Episode 296 sim randomization params: {'headwayTime': 2.2455403541496533, 'minGap': 3.011390807757101, 'usualPosAcc': 2.542920631374591, 'usualNegAcc': 3.413490533792881, 'length': 5.0}
SIM_TRAIN step:296, travel time:119.67112676056338, q_loss:0.90468955, rewards:-2.5952777438693575, queue:2.013888888888889, delay:0.4440695444742839, throughput:1400
episode:296/300, sim_loss:0.90468955
Episode 297 sim randomization params: {'headwayTime': 3.5416095292886265, 'minGap': 3.144828756332174, 'usualPosAcc': 0.25012364381670293, 'usualNegAcc': 2.9895680576431882, 'length': 5.0}
SIM_TRAIN step:297, travel time:121.51760563380282, q_loss:0.89923114, rewards:-2.3027772691514756, queue:1.9333333333333333, delay:0.47426736619737414, throughput:1398
episode:297/300, sim_loss:0.89923114
REAL_TEST step:297, travel time:140.92756836659277, q_loss:100, rewards:-8.528057183159722, queue:6.838888888888889, delay:0.5535180409749348, throughput:1305
Episode 298 sim randomization params: {'headwayTime': 3.0122532629084158, 'minGap': 3.144731816469707, 'usualPosAcc': 3.0575180509064195, 'usualNegAcc': 2.3684825883941745, 'length': 5.0}
SIM_TRAIN step:298, travel time:120.7669014084507, q_loss:0.9218589, rewards:-2.469167243109809, queue:1.8833333333333333, delay:0.4388324737548828, throughput:1399
episode:298/300, sim_loss:0.9218589
Episode 299 sim randomization params: {'headwayTime': 0.5, 'minGap': 3.2548728052725457, 'usualPosAcc': 2.6077298215127844, 'usualNegAcc': 1.402659410112805, 'length': 4.746458367645677}
SIM_TRAIN step:299, travel time:120.07323943661972, q_loss:0.94059736, rewards:-2.2575003729926215, queue:1.6722222222222223, delay:0.4455310821533203, throughput:1399
episode:299/300, sim_loss:0.94059736
REAL_TEST step:300, travel time:141.34070796460176, q_loss:100, rewards:-8.876390245225695, queue:7.191666666666666, delay:0.565359369913737, throughput:1308
Total time taken: 6671.066290616989
