Episode 0 sim randomization params: {'headwayTime': 2.322542491335306, 'minGap': 2.852442249215131, 'usualPosAcc': 3.5009748046028637, 'usualNegAcc': 3.863644182758742, 'length': 4.7}
SIM_TRAIN step:0, travel time:307.84122852680895, q_loss:0, rewards:-61.84536675347222, queue:85.63055555555556, delay:0.4955643971761068, throughput:1693
episode:0/300, sim_loss:0
Episode 1 sim randomization params: {'headwayTime': 2.740023247189788, 'minGap': 3.369440016246849, 'usualPosAcc': 3.9180301098557693, 'usualNegAcc': 2.6021730321410916, 'length': 4.7}
SIM_TRAIN step:1, travel time:340.76782925559604, q_loss:0, rewards:-70.91753472222223, queue:99.45833333333333, delay:0.5129181755913629, throughput:1638
episode:1/300, sim_loss:0
Episode 2 sim randomization params: {'headwayTime': 0.9968042013088867, 'minGap': 2.9148773525650076, 'usualPosAcc': 0.1, 'usualNegAcc': 3.358685004265229, 'length': 4.7}
SIM_TRAIN step:2, travel time:181.8109375, q_loss:128.83276, rewards:-15.334168836805556, queue:22.04722222222222, delay:0.44753939310709634, throughput:1870
episode:2/300, sim_loss:128.83276
Episode 3 sim randomization params: {'headwayTime': 0.8038867821748907, 'minGap': 2.704066766171368, 'usualPosAcc': 2.1998317873379496, 'usualNegAcc': 4.342143636743647, 'length': 5.0}
SIM_TRAIN step:3, travel time:189.99895833333332, q_loss:35.95776, rewards:-18.433412000868056, queue:30.011111111111113, delay:0.5250665452745226, throughput:1856
episode:3/300, sim_loss:35.95776
REAL_TEST step:3, travel time:238.57553580763198, q_loss:100, rewards:-30.111398654513888, queue:50.23888888888889, delay:0.522623782687717, throughput:1786
Episode 4 sim randomization params: {'headwayTime': 1.8724936465890594, 'minGap': 3.391926849397887, 'usualPosAcc': 1.7253352440582055, 'usualNegAcc': 4.248355709345111, 'length': 5.0}
SIM_TRAIN step:4, travel time:167.8703125, q_loss:30.55121, rewards:-10.933914523654513, queue:17.094444444444445, delay:0.44738121032714845, throughput:1869
episode:4/300, sim_loss:30.55121
Episode 5 sim randomization params: {'headwayTime': 2.266401767036748, 'minGap': 2.632340270232629, 'usualPosAcc': 1.3764534882885493, 'usualNegAcc': 2.985947711958951, 'length': 5.0}
SIM_TRAIN step:5, travel time:149.28474752732953, q_loss:26.699062, rewards:-5.404334513346354, queue:8.205555555555556, delay:0.4352280510796441, throughput:1871
episode:5/300, sim_loss:26.699062
Episode 6 sim randomization params: {'headwayTime': 0.5, 'minGap': 2.8246967930461833, 'usualPosAcc': 2.41345398651631, 'usualNegAcc': 4.54371911210986, 'length': 5.0}
SIM_TRAIN step:6, travel time:148.69442998438313, q_loss:23.466078, rewards:-5.677166748046875, queue:8.58611111111111, delay:0.4340776655409071, throughput:1873
episode:6/300, sim_loss:23.466078
REAL_TEST step:6, travel time:171.87349712493466, q_loss:100, rewards:-8.573626708984374, queue:14.094444444444445, delay:0.5012451595730252, throughput:1819
Episode 7 sim randomization params: {'headwayTime': 2.729009695000661, 'minGap': 2.6646217006093975, 'usualPosAcc': 2.4537254581778334, 'usualNegAcc': 4.923001733295674, 'length': 5.0}
SIM_TRAIN step:7, travel time:153.18020833333333, q_loss:20.538013, rewards:-6.812044270833334, queue:10.3, delay:0.4575031280517578, throughput:1870
episode:7/300, sim_loss:20.538013
Episode 8 sim randomization params: {'headwayTime': 0.5, 'minGap': 3.4450125589060625, 'usualPosAcc': 4.460390576343935, 'usualNegAcc': 4.9188457850926675, 'length': 5.0}
SIM_TRAIN step:8, travel time:154.2311296199896, q_loss:17.073465, rewards:-7.296834309895833, queue:10.952777777777778, delay:0.45216869778103297, throughput:1869
episode:8/300, sim_loss:17.073465
Episode 9 sim randomization params: {'headwayTime': 1.5443566182705228, 'minGap': 3.424887446073305, 'usualPosAcc': 5.295951310371953, 'usualNegAcc': 6.510550396991155, 'length': 5.0}
SIM_TRAIN step:9, travel time:152.04734651404786, q_loss:17.08999, rewards:-6.706246609157986, queue:9.88888888888889, delay:0.4448530409071181, throughput:1875
episode:9/300, sim_loss:17.08999
REAL_TEST step:9, travel time:166.25352848928384, q_loss:100, rewards:-6.699626329210069, queue:11.475, delay:0.4643737369113498, throughput:1829
Episode 10 sim randomization params: {'headwayTime': 2.732563326866352, 'minGap': 2.465005292378418, 'usualPosAcc': 2.623942378956687, 'usualNegAcc': 4.724100898719084, 'length': 4.7}
SIM_TRAIN step:10, travel time:151.03643935450287, q_loss:15.319713, rewards:-6.184001329210069, queue:8.991666666666667, delay:0.43448265923394097, throughput:1875
episode:10/300, sim_loss:15.319713
Episode 11 sim randomization params: {'headwayTime': 2.7993660465221546, 'minGap': 3.0547509301360027, 'usualPosAcc': 3.5766181045895014, 'usualNegAcc': 1.8527759718587853, 'length': 4.7}
SIM_TRAIN step:11, travel time:154.63508589276418, q_loss:15.453311, rewards:-6.66875, queue:9.76388888888889, delay:0.4498658498128255, throughput:1872
episode:11/300, sim_loss:15.453311
Episode 12 sim randomization params: {'headwayTime': 1.3275096125564985, 'minGap': 2.478871313201769, 'usualPosAcc': 4.995540312896982, 'usualNegAcc': 2.9263792636302433, 'length': 5.0}
SIM_TRAIN step:12, travel time:148.53229166666668, q_loss:15.491143, rewards:-5.344541422526041, queue:7.9, delay:0.42191297743055556, throughput:1872
episode:12/300, sim_loss:15.491143
REAL_TEST step:12, travel time:167.42603240982749, q_loss:100, rewards:-7.108876546223958, queue:11.272222222222222, delay:0.4917631361219618, throughput:1825
Episode 13 sim randomization params: {'headwayTime': 1.6423265945111547, 'minGap': 3.4700502363687638, 'usualPosAcc': 4.425690942431301, 'usualNegAcc': 4.688030091606868, 'length': 4.7}
SIM_TRAIN step:13, travel time:149.9224362311296, q_loss:14.708378, rewards:-6.011957465277778, queue:8.563888888888888, delay:0.4222811804877387, throughput:1872
episode:13/300, sim_loss:14.708378
Episode 14 sim randomization params: {'headwayTime': 2.192091284439999, 'minGap': 3.1461270286795524, 'usualPosAcc': 3.9953877431453506, 'usualNegAcc': 2.736065010256143, 'length': 5.0}
SIM_TRAIN step:14, travel time:150.56168662155127, q_loss:13.251159, rewards:-5.636751980251736, queue:8.258333333333333, delay:0.4134681701660156, throughput:1870
episode:14/300, sim_loss:13.251159
Episode 15 sim randomization params: {'headwayTime': 0.5, 'minGap': 2.661849912146521, 'usualPosAcc': 3.90166798383507, 'usualNegAcc': 3.7765251975674863, 'length': 5.0}
SIM_TRAIN step:15, travel time:147.00676730869338, q_loss:7.0953627, rewards:-4.853999837239583, queue:7.236111111111111, delay:0.4006543477376302, throughput:1872
episode:15/300, sim_loss:7.0953627
REAL_TEST step:15, travel time:182.52064819654993, q_loss:100, rewards:-13.12816162109375, queue:19.180555555555557, delay:0.5459328121609158, throughput:1815
Episode 16 sim randomization params: {'headwayTime': 2.433678970747064, 'minGap': 2.6720501275307984, 'usualPosAcc': 2.1165136328833807, 'usualNegAcc': 1.9978120565140551, 'length': 4.7}
SIM_TRAIN step:16, travel time:149.02498698594482, q_loss:2.5568705, rewards:-5.184290907118055, queue:7.427777777777778, delay:0.4207720014784071, throughput:1871
episode:16/300, sim_loss:2.5568705
Episode 17 sim randomization params: {'headwayTime': 3.2158283386597706, 'minGap': 3.10921969246861, 'usualPosAcc': 4.390599994439919, 'usualNegAcc': 2.522814965634508, 'length': 5.0}
SIM_TRAIN step:17, travel time:147.45625, q_loss:1.6290022, rewards:-4.462833658854167, queue:6.541666666666667, delay:0.40663778516981336, throughput:1874
episode:17/300, sim_loss:1.6290022
Episode 18 sim randomization params: {'headwayTime': 1.5913237571786607, 'minGap': 3.466786980384051, 'usualPosAcc': 2.041411247831668, 'usualNegAcc': 2.5526460639460513, 'length': 5.0}
SIM_TRAIN step:18, travel time:146.0359375, q_loss:1.245913, rewards:-4.262335205078125, queue:6.191666666666666, delay:0.40191866556803385, throughput:1870
episode:18/300, sim_loss:1.245913
REAL_TEST step:18, travel time:161.91322530057502, q_loss:100, rewards:-5.729166666666667, queue:9.16388888888889, delay:0.4657438490125868, throughput:1826
Episode 19 sim randomization params: {'headwayTime': 3.925671960218966, 'minGap': 2.957963447617524, 'usualPosAcc': 1.833680799192262, 'usualNegAcc': 1.6076972460403964, 'length': 4.7}
SIM_TRAIN step:19, travel time:147.71577303487766, q_loss:1.1538808, rewards:-4.177458699544271, queue:6.222222222222222, delay:0.40731069776746964, throughput:1870
episode:19/300, sim_loss:1.1538808
Episode 20 sim randomization params: {'headwayTime': 2.9897486442785124, 'minGap': 3.2562966919828895, 'usualPosAcc': 2.4065593540296044, 'usualNegAcc': 2.0239908211636424, 'length': 5.0}
SIM_TRAIN step:20, travel time:146.10411244143674, q_loss:1.0316243, rewards:-4.030499945746528, queue:6.022222222222222, delay:0.3920127868652344, throughput:1872
episode:20/300, sim_loss:1.0316243
Episode 21 sim randomization params: {'headwayTime': 0.5, 'minGap': 2.643295485778662, 'usualPosAcc': 3.474584280814534, 'usualNegAcc': 1.0, 'length': 5.0}
SIM_TRAIN step:21, travel time:146.43392299687824, q_loss:0.9516825, rewards:-3.5699581570095487, queue:5.433333333333334, delay:0.39007767571343316, throughput:1874
episode:21/300, sim_loss:0.9516825
REAL_TEST step:21, travel time:158.2974385781495, q_loss:100, rewards:-4.321583048502604, queue:7.088888888888889, delay:0.4193829854329427, throughput:1827
Episode 22 sim randomization params: {'headwayTime': 1.0704957195551794, 'minGap': 2.939340691092013, 'usualPosAcc': 2.5270459243396806, 'usualNegAcc': 4.015298456268577, 'length': 5.0}
SIM_TRAIN step:22, travel time:144.33524206142633, q_loss:1.044456, rewards:-3.998417494032118, queue:5.902777777777778, delay:0.36490537855360244, throughput:1875
episode:22/300, sim_loss:1.044456
Episode 23 sim randomization params: {'headwayTime': 0.7576855409098158, 'minGap': 3.4115535280322895, 'usualPosAcc': 3.6174875529689605, 'usualNegAcc': 5.016222953193099, 'length': 5.0}
SIM_TRAIN step:23, travel time:144.8266527850078, q_loss:0.9431467, rewards:-4.247334798177083, queue:6.261111111111111, delay:0.3741737365722656, throughput:1874
episode:23/300, sim_loss:0.9431467
Episode 24 sim randomization params: {'headwayTime': 3.4940311524193888, 'minGap': 3.203868325008293, 'usualPosAcc': 2.7328073106103234, 'usualNegAcc': 1.474232792456018, 'length': 4.913571135976311}
SIM_TRAIN step:24, travel time:146.4357105674128, q_loss:0.8438371, rewards:-3.6737918429904513, queue:5.411111111111111, delay:0.38557124667697484, throughput:1873
episode:24/300, sim_loss:0.8438371
REAL_TEST step:24, travel time:157.69158389963408, q_loss:100, rewards:-4.077083333333333, queue:6.902777777777778, delay:0.4104625701904297, throughput:1828
Episode 25 sim randomization params: {'headwayTime': 0.737959086887231, 'minGap': 2.387812963334451, 'usualPosAcc': 2.981495795641663, 'usualNegAcc': 2.813062851529678, 'length': 4.7}
SIM_TRAIN step:25, travel time:144.80208333333334, q_loss:0.83603865, rewards:-3.96995849609375, queue:5.919444444444444, delay:0.3840790218777127, throughput:1875
episode:25/300, sim_loss:0.83603865
Episode 26 sim randomization params: {'headwayTime': 0.5, 'minGap': 2.996630148695209, 'usualPosAcc': 3.1177938508716685, 'usualNegAcc': 5.76303365283626, 'length': 4.99109461214458}
SIM_TRAIN step:26, travel time:145.2758979698074, q_loss:0.8340322, rewards:-4.377124362521702, queue:6.411111111111111, delay:0.379342524210612, throughput:1873
episode:26/300, sim_loss:0.8340322
Episode 27 sim randomization params: {'headwayTime': 3.944056373806695, 'minGap': 3.404815337638108, 'usualPosAcc': 4.194225265163581, 'usualNegAcc': 1.0, 'length': 5.0}
SIM_TRAIN step:27, travel time:147.8038501560874, q_loss:0.7606587, rewards:-3.5388746473524306, queue:5.291666666666667, delay:0.39595773484971786, throughput:1873
episode:27/300, sim_loss:0.7606587
REAL_TEST step:27, travel time:158.2697334030319, q_loss:100, rewards:-4.319209459092882, queue:7.147222222222222, delay:0.41449224683973523, throughput:1832
Episode 28 sim randomization params: {'headwayTime': 2.7011274146000974, 'minGap': 3.052557687027205, 'usualPosAcc': 3.134869288121312, 'usualNegAcc': 4.297101170022387, 'length': 5.0}
SIM_TRAIN step:28, travel time:144.91566892243623, q_loss:0.7228312, rewards:-3.9054189046223957, queue:5.788888888888889, delay:0.3642955356174045, throughput:1872
episode:28/300, sim_loss:0.7228312
Episode 29 sim randomization params: {'headwayTime': 1.4647234438866419, 'minGap': 2.215411292584642, 'usualPosAcc': 2.481875970045904, 'usualNegAcc': 2.4461783163077446, 'length': 5.0}
SIM_TRAIN step:29, travel time:144.26756897449246, q_loss:0.64321095, rewards:-3.5835418701171875, queue:5.2972222222222225, delay:0.3705329047309028, throughput:1872
episode:29/300, sim_loss:0.64321095
Episode 30 sim randomization params: {'headwayTime': 1.588883284388182, 'minGap': 2.9300511281985235, 'usualPosAcc': 1.4745359003702052, 'usualNegAcc': 2.9034289500789225, 'length': 4.992618840520584}
SIM_TRAIN step:30, travel time:145.5875, q_loss:0.63353676, rewards:-4.229959106445312, queue:6.166666666666667, delay:0.37737312316894533, throughput:1874
episode:30/300, sim_loss:0.63353676
REAL_TEST step:30, travel time:158.20595922634607, q_loss:100, rewards:-4.201956515842014, queue:7.016666666666667, delay:0.4147203657362196, throughput:1831
Episode 31 sim randomization params: {'headwayTime': 0.5, 'minGap': 3.0082466411460578, 'usualPosAcc': 2.4857417353110587, 'usualNegAcc': 1.8502771041918353, 'length': 4.7}
SIM_TRAIN step:31, travel time:144.85528370640293, q_loss:0.6130653, rewards:-3.61654052734375, queue:5.322222222222222, delay:0.3774478064643012, throughput:1873
episode:31/300, sim_loss:0.6130653
Episode 32 sim randomization params: {'headwayTime': 3.00810227696814, 'minGap': 2.792869745980401, 'usualPosAcc': 1.9091885580233043, 'usualNegAcc': 3.3315987774294107, 'length': 5.0}
SIM_TRAIN step:32, travel time:145.2453125, q_loss:0.5894817, rewards:-3.895500013563368, queue:5.766666666666667, delay:0.37422303093804254, throughput:1871
episode:32/300, sim_loss:0.5894817
Episode 33 sim randomization params: {'headwayTime': 2.011852284764432, 'minGap': 2.931182934675875, 'usualPosAcc': 0.6075808972414585, 'usualNegAcc': 6.269848943515516, 'length': 5.0}
SIM_TRAIN step:33, travel time:133.09213951067153, q_loss:0.6023734, rewards:-0.856833733452691, queue:1.3916666666666666, delay:0.28862137264675564, throughput:1877
episode:33/300, sim_loss:0.6023734
REAL_TEST step:33, travel time:159.3690538421328, q_loss:100, rewards:-4.552626885308159, queue:7.563888888888889, delay:0.4327877044677734, throughput:1830
Episode 34 sim randomization params: {'headwayTime': 3.988474714599167, 'minGap': 2.9171621832362047, 'usualPosAcc': 3.87665051280145, 'usualNegAcc': 4.27867706274728, 'length': 5.0}
SIM_TRAIN step:34, travel time:146.7741935483871, q_loss:0.6081709, rewards:-4.143043009440104, queue:6.222222222222222, delay:0.3748419443766276, throughput:1871
episode:34/300, sim_loss:0.6081709
Episode 35 sim randomization params: {'headwayTime': 1.8306184636173262, 'minGap': 2.3694003387048945, 'usualPosAcc': 4.029241913012329, 'usualNegAcc': 1.0, 'length': 4.846440530394857}
SIM_TRAIN step:35, travel time:146.28043704474507, q_loss:0.6039565, rewards:-3.3385006374782984, queue:5.05, delay:0.3815292782253689, throughput:1874
episode:35/300, sim_loss:0.6039565
Episode 36 sim randomization params: {'headwayTime': 1.7379951955326005, 'minGap': 2.5245703492455784, 'usualPosAcc': 3.4638474654177482, 'usualNegAcc': 3.3874856658010737, 'length': 4.72040427161774}
SIM_TRAIN step:36, travel time:144.9453125, q_loss:0.5957188, rewards:-3.9732496473524304, queue:5.825, delay:0.3691755082872179, throughput:1875
episode:36/300, sim_loss:0.5957188
REAL_TEST step:36, travel time:158.66544694197594, q_loss:100, rewards:-4.335334608289931, queue:7.147222222222222, delay:0.41274977789984807, throughput:1827
Episode 37 sim randomization params: {'headwayTime': 3.020119863830425, 'minGap': 2.728431545398971, 'usualPosAcc': 4.5190127657801, 'usualNegAcc': 4.24826991885221, 'length': 4.7}
SIM_TRAIN step:37, travel time:145.69338885996876, q_loss:0.61257714, rewards:-3.9790825737847224, queue:5.916666666666667, delay:0.3719815148247613, throughput:1874
episode:37/300, sim_loss:0.61257714
Episode 38 sim randomization params: {'headwayTime': 0.5, 'minGap': 2.4292088491155868, 'usualPosAcc': 4.108089867284974, 'usualNegAcc': 3.621057661546306, 'length': 4.818799957965098}
SIM_TRAIN step:38, travel time:144.38417490890163, q_loss:0.62096804, rewards:-3.8443762885199653, queue:5.7555555555555555, delay:0.3768338521321615, throughput:1872
episode:38/300, sim_loss:0.62096804
Episode 39 sim randomization params: {'headwayTime': 5.0, 'minGap': 2.4382462721333966, 'usualPosAcc': 1.8335053922157512, 'usualNegAcc': 2.962763224256765, 'length': 5.0}
SIM_TRAIN step:39, travel time:149.3305570015617, q_loss:0.6219696, rewards:-4.399790785047743, queue:6.538888888888889, delay:0.4016599867078993, throughput:1873
episode:39/300, sim_loss:0.6219696
REAL_TEST step:39, travel time:158.73288029273394, q_loss:100, rewards:-4.3833740234375, queue:7.3, delay:0.4234119415283203, throughput:1828
Episode 40 sim randomization params: {'headwayTime': 0.9255426990018369, 'minGap': 2.6791695744989497, 'usualPosAcc': 0.4469968202362451, 'usualNegAcc': 4.837785070267857, 'length': 5.0}
SIM_TRAIN step:40, travel time:143.7371160853722, q_loss:0.6214399, rewards:-3.5772501627604165, queue:5.277777777777778, delay:0.3702609168158637, throughput:1871
episode:40/300, sim_loss:0.6214399
Episode 41 sim randomization params: {'headwayTime': 1.2568131570999435, 'minGap': 2.9588023803948675, 'usualPosAcc': 0.8720012730472952, 'usualNegAcc': 2.963971478604193, 'length': 5.0}
SIM_TRAIN step:41, travel time:144.29567933368037, q_loss:0.60753566, rewards:-3.776165771484375, queue:5.677777777777778, delay:0.3671248118082682, throughput:1875
episode:41/300, sim_loss:0.60753566
Episode 42 sim randomization params: {'headwayTime': 2.340243399298828, 'minGap': 3.7317308552465196, 'usualPosAcc': 1.5594178706662654, 'usualNegAcc': 4.60524369008992, 'length': 4.874876270186815}
SIM_TRAIN step:42, travel time:141.27107180020812, q_loss:0.62039304, rewards:-2.6392920600043404, queue:4.2, delay:0.33730670081244574, throughput:1873
episode:42/300, sim_loss:0.62039304
REAL_TEST step:42, travel time:157.74542603240982, q_loss:100, rewards:-4.030081515842014, queue:6.808333333333334, delay:0.40649664137098523, throughput:1830
Episode 43 sim randomization params: {'headwayTime': 3.101497588885725, 'minGap': 2.8974039105228475, 'usualPosAcc': 1.8667705698435433, 'usualNegAcc': 2.346517847658144, 'length': 5.0}
SIM_TRAIN step:43, travel time:145.878188443519, q_loss:0.6395718, rewards:-3.838250732421875, queue:5.625, delay:0.368232176038954, throughput:1874
episode:43/300, sim_loss:0.6395718
Episode 44 sim randomization params: {'headwayTime': 1.9630992442881376, 'minGap': 2.1740021515160315, 'usualPosAcc': 1.7479031732514647, 'usualNegAcc': 4.7577419743134355, 'length': 4.7}
SIM_TRAIN step:44, travel time:145.77615825091098, q_loss:0.65078413, rewards:-4.530041842990451, queue:6.583333333333333, delay:0.3741609361436632, throughput:1873
episode:44/300, sim_loss:0.65078413
Episode 45 sim randomization params: {'headwayTime': 4.5079897783989065, 'minGap': 3.2608633782238248, 'usualPosAcc': 2.422819455279039, 'usualNegAcc': 2.9633431292693726, 'length': 4.7}
SIM_TRAIN step:45, travel time:148.7532535137949, q_loss:0.6674823, rewards:-4.442957899305555, queue:6.588888888888889, delay:0.38959405687120224, throughput:1872
episode:45/300, sim_loss:0.6674823
REAL_TEST step:45, travel time:158.87611082070046, q_loss:100, rewards:-4.432791137695313, queue:7.522222222222222, delay:0.4284385257297092, throughput:1827
Episode 46 sim randomization params: {'headwayTime': 0.8610592201054155, 'minGap': 2.3696684931203746, 'usualPosAcc': 4.267978956484995, 'usualNegAcc': 6.181493227916657, 'length': 4.7}
SIM_TRAIN step:46, travel time:145.28006246746486, q_loss:0.6922196, rewards:-4.450541517469618, queue:6.419444444444444, delay:0.38014924791124133, throughput:1874
episode:46/300, sim_loss:0.6922196
Episode 47 sim randomization params: {'headwayTime': 0.5, 'minGap': 2.2633357314487097, 'usualPosAcc': 1.319158246204243, 'usualNegAcc': 1.0, 'length': 4.7}
SIM_TRAIN step:47, travel time:145.7185223725286, q_loss:0.6565482, rewards:-3.3122083875868054, queue:4.9, delay:0.38799434238009983, throughput:1872
episode:47/300, sim_loss:0.6565482
Episode 48 sim randomization params: {'headwayTime': 4.395540257646927, 'minGap': 2.7755578893927924, 'usualPosAcc': 3.7922345594006353, 'usualNegAcc': 2.9372082604064103, 'length': 5.0}
SIM_TRAIN step:48, travel time:148.29895833333333, q_loss:0.60577214, rewards:-4.3533348931206595, queue:6.536111111111111, delay:0.3878298865424262, throughput:1870
episode:48/300, sim_loss:0.60577214
REAL_TEST step:48, travel time:158.81442760062728, q_loss:100, rewards:-4.440667046440972, queue:7.358333333333333, delay:0.430804443359375, throughput:1828
Episode 49 sim randomization params: {'headwayTime': 2.452615829934527, 'minGap': 2.762479174828347, 'usualPosAcc': 6.10129667450467, 'usualNegAcc': 3.193823904194715, 'length': 4.7}
SIM_TRAIN step:49, travel time:144.93854166666668, q_loss:0.59635645, rewards:-3.9077077229817707, queue:5.788888888888889, delay:0.3728666517469618, throughput:1874
episode:49/300, sim_loss:0.59635645
Episode 50 sim randomization params: {'headwayTime': 2.4573807034693944, 'minGap': 2.886019386119091, 'usualPosAcc': 4.08020139230611, 'usualNegAcc': 2.2622510777834144, 'length': 5.0}
SIM_TRAIN step:50, travel time:145.6618106139438, q_loss:0.6276731, rewards:-3.9109178331163195, queue:5.7027777777777775, delay:0.37844615512424046, throughput:1872
episode:50/300, sim_loss:0.6276731
Episode 51 sim randomization params: {'headwayTime': 3.6093647929164954, 'minGap': 2.6596325749033745, 'usualPosAcc': 2.8520118477828413, 'usualNegAcc': 2.4040269473072335, 'length': 5.0}
SIM_TRAIN step:51, travel time:146.47658688865764, q_loss:0.61504585, rewards:-3.967209201388889, queue:5.808333333333334, delay:0.37977193196614584, throughput:1871
episode:51/300, sim_loss:0.61504585
REAL_TEST step:51, travel time:158.7600627286984, q_loss:100, rewards:-4.4575005425347225, queue:7.2972222222222225, delay:0.425321536593967, throughput:1829
Episode 52 sim randomization params: {'headwayTime': 0.8536729747641045, 'minGap': 2.7368932002792628, 'usualPosAcc': 1.1804602901298102, 'usualNegAcc': 3.1600508107298495, 'length': 4.996239342913981}
SIM_TRAIN step:52, travel time:143.7346514047867, q_loss:0.60858643, rewards:-3.6988728841145835, queue:5.480555555555555, delay:0.36551365322536894, throughput:1873
episode:52/300, sim_loss:0.60858643
Episode 53 sim randomization params: {'headwayTime': 3.458986769560095, 'minGap': 2.680224807416348, 'usualPosAcc': 2.3773474162066432, 'usualNegAcc': 1.4902765883940945, 'length': 4.7}
SIM_TRAIN step:53, travel time:146.04942767950052, q_loss:0.5854716, rewards:-3.5958767361111112, queue:5.302777777777778, delay:0.3795882331000434, throughput:1872
episode:53/300, sim_loss:0.5854716
Episode 54 sim randomization params: {'headwayTime': 5.0, 'minGap': 3.2748475490101265, 'usualPosAcc': 1.5672633033188514, 'usualNegAcc': 1.6136603032158656, 'length': 4.7}
SIM_TRAIN step:54, travel time:149.03590010405827, q_loss:0.5707527, rewards:-4.106417507595486, queue:5.955555555555556, delay:0.39183993869357636, throughput:1870
episode:54/300, sim_loss:0.5707527
REAL_TEST step:54, travel time:159.83899634082593, q_loss:100, rewards:-4.8394585503472225, queue:7.863888888888889, delay:0.44261326260036893, throughput:1830
Episode 55 sim randomization params: {'headwayTime': 2.061607178660689, 'minGap': 2.9125020038093083, 'usualPosAcc': 1.6176695827340355, 'usualNegAcc': 1.6929438318892753, 'length': 5.0}
SIM_TRAIN step:55, travel time:145.2840790842872, q_loss:0.57915753, rewards:-3.685125732421875, queue:5.25, delay:0.3672665066189236, throughput:1873
episode:55/300, sim_loss:0.57915753
Episode 56 sim randomization params: {'headwayTime': 2.89948324879232, 'minGap': 2.7651555129555434, 'usualPosAcc': 2.329900757370122, 'usualNegAcc': 2.8739324837639564, 'length': 4.7}
SIM_TRAIN step:56, travel time:145.23165018219677, q_loss:0.54558307, rewards:-3.93204345703125, queue:5.816666666666666, delay:0.3681214650472005, throughput:1873
episode:56/300, sim_loss:0.54558307
Episode 57 sim randomization params: {'headwayTime': 2.304721433953948, 'minGap': 2.5146040125095244, 'usualPosAcc': 1.2663493533153651, 'usualNegAcc': 2.701190647591017, 'length': 5.0}
SIM_TRAIN step:57, travel time:145.646875, q_loss:0.52131146, rewards:-4.099125501844618, queue:6.041666666666667, delay:0.37955059475368924, throughput:1876
episode:57/300, sim_loss:0.52131146
REAL_TEST step:57, travel time:158.7794040773654, q_loss:100, rewards:-4.481707085503472, queue:7.530555555555556, delay:0.430753665500217, throughput:1830
Episode 58 sim randomization params: {'headwayTime': 0.5, 'minGap': 2.3836586745173163, 'usualPosAcc': 3.5001988222344345, 'usualNegAcc': 4.8768154912377, 'length': 4.7}
SIM_TRAIN step:58, travel time:144.21041666666667, q_loss:0.5111284, rewards:-4.046167331271701, queue:5.963888888888889, delay:0.3681661817762587, throughput:1874
episode:58/300, sim_loss:0.5111284
Episode 59 sim randomization params: {'headwayTime': 3.095443888808538, 'minGap': 2.7950123250506893, 'usualPosAcc': 3.0397573601128416, 'usualNegAcc': 1.732901963097767, 'length': 5.0}
SIM_TRAIN step:59, travel time:145.953125, q_loss:0.49999756, rewards:-3.6808739556206596, queue:5.344444444444444, delay:0.380785878499349, throughput:1874
episode:59/300, sim_loss:0.49999756
Episode 60 sim randomization params: {'headwayTime': 4.229768348786202, 'minGap': 3.129346364825426, 'usualPosAcc': 3.389342347905395, 'usualNegAcc': 1.0, 'length': 5.0}
SIM_TRAIN step:60, travel time:149.59322916666667, q_loss:0.48271704, rewards:-3.9180426703559026, queue:5.636111111111111, delay:0.41033189561631944, throughput:1867
episode:60/300, sim_loss:0.48271704
REAL_TEST step:60, travel time:158.37480397281757, q_loss:100, rewards:-4.322749837239583, queue:7.333333333333333, delay:0.4274586147732205, throughput:1831
Episode 61 sim randomization params: {'headwayTime': 2.054961789454198, 'minGap': 2.84706361753532, 'usualPosAcc': 1.7724139336394127, 'usualNegAcc': 3.786369360865144, 'length': 5.0}
SIM_TRAIN step:61, travel time:144.81572097865694, q_loss:0.46512732, rewards:-4.132791137695312, queue:6.011111111111111, delay:0.36665878295898435, throughput:1875
episode:61/300, sim_loss:0.46512732
Episode 62 sim randomization params: {'headwayTime': 1.6330949558430938, 'minGap': 2.7332033097044466, 'usualPosAcc': 4.302465182877409, 'usualNegAcc': 1.9756273126601647, 'length': 5.0}
SIM_TRAIN step:62, travel time:144.37291666666667, q_loss:0.46137542, rewards:-3.5286248101128472, queue:5.1722222222222225, delay:0.3693472968207465, throughput:1873
episode:62/300, sim_loss:0.46137542
Episode 63 sim randomization params: {'headwayTime': 2.412958060803029, 'minGap': 2.610449967698326, 'usualPosAcc': 2.235624621345733, 'usualNegAcc': 2.264809979612973, 'length': 5.0}
SIM_TRAIN step:63, travel time:144.66701352757545, q_loss:0.44814327, rewards:-3.6497911241319443, queue:5.3, delay:0.3681032392713759, throughput:1874
episode:63/300, sim_loss:0.44814327
REAL_TEST step:63, travel time:160.10141139571354, q_loss:100, rewards:-4.869499715169271, queue:8.069444444444445, delay:0.4490471733940972, throughput:1831
Episode 64 sim randomization params: {'headwayTime': 2.715786118687735, 'minGap': 2.6995533769448548, 'usualPosAcc': 1.1309831132862564, 'usualNegAcc': 4.17067710586167, 'length': 5.0}
SIM_TRAIN step:64, travel time:144.90416666666667, q_loss:0.43892407, rewards:-3.97649909125434, queue:5.913888888888889, delay:0.37916518317328557, throughput:1874
episode:64/300, sim_loss:0.43892407
Episode 65 sim randomization params: {'headwayTime': 1.89850966159407, 'minGap': 3.0506069003201204, 'usualPosAcc': 2.1186030752523495, 'usualNegAcc': 3.8054079613747067, 'length': 4.81357893670804}
SIM_TRAIN step:65, travel time:144.72760416666668, q_loss:0.42801502, rewards:-4.059832085503472, queue:5.938888888888889, delay:0.3723316616482205, throughput:1874
episode:65/300, sim_loss:0.42801502
Episode 66 sim randomization params: {'headwayTime': 2.6204545930657153, 'minGap': 2.3564818953071383, 'usualPosAcc': 3.5060991115379774, 'usualNegAcc': 3.3413053286988292, 'length': 5.0}
SIM_TRAIN step:66, travel time:145.19000520562207, q_loss:0.43129316, rewards:-4.02066887749566, queue:5.913888888888889, delay:0.38196334838867185, throughput:1873
episode:66/300, sim_loss:0.43129316
REAL_TEST step:66, travel time:160.23105070569787, q_loss:100, rewards:-4.98004150390625, queue:8.191666666666666, delay:0.4515960693359375, throughput:1827
Episode 67 sim randomization params: {'headwayTime': 1.4976510743848102, 'minGap': 3.0153300281746773, 'usualPosAcc': 1.1713145863846666, 'usualNegAcc': 5.555080883482001, 'length': 4.7}
SIM_TRAIN step:67, travel time:144.67377731529658, q_loss:0.42491454, rewards:-4.094998168945312, queue:5.977777777777778, delay:0.3709687974717882, throughput:1874
episode:67/300, sim_loss:0.42491454
Episode 68 sim randomization params: {'headwayTime': 0.5, 'minGap': 2.9848397850342683, 'usualPosAcc': 4.619465507851025, 'usualNegAcc': 4.133877030820528, 'length': 4.841338588621385}
SIM_TRAIN step:68, travel time:143.73582943317732, q_loss:0.42778185, rewards:-3.7475406222873264, queue:5.583333333333333, delay:0.3710391574435764, throughput:1874
episode:68/300, sim_loss:0.42778185
Episode 69 sim randomization params: {'headwayTime': 0.5, 'minGap': 2.831140400805152, 'usualPosAcc': 2.602967264982752, 'usualNegAcc': 6.33728708672946, 'length': 5.0}
SIM_TRAIN step:69, travel time:144.54895833333333, q_loss:0.44082162, rewards:-4.18741455078125, queue:6.030555555555556, delay:0.36852408515082463, throughput:1875
episode:69/300, sim_loss:0.44082162
REAL_TEST step:69, travel time:158.89127025614218, q_loss:100, rewards:-4.469085015190972, queue:7.488888888888889, delay:0.4282241397433811, throughput:1830
Episode 70 sim randomization params: {'headwayTime': 0.5, 'minGap': 3.6296404742875494, 'usualPosAcc': 2.092786569321641, 'usualNegAcc': 2.3280428450612662, 'length': 5.0}
SIM_TRAIN step:70, travel time:144.70364583333333, q_loss:0.43511343, rewards:-3.753999498155382, queue:5.461111111111111, delay:0.37231547037760415, throughput:1873
episode:70/300, sim_loss:0.43511343
Episode 71 sim randomization params: {'headwayTime': 2.0119323042743664, 'minGap': 2.7677350642238845, 'usualPosAcc': 2.9275489449519143, 'usualNegAcc': 5.018026497386117, 'length': 5.0}
SIM_TRAIN step:71, travel time:144.34166666666667, q_loss:0.43255216, rewards:-4.022125583224827, queue:5.986111111111111, delay:0.3758760240342882, throughput:1873
episode:71/300, sim_loss:0.43255216
Episode 72 sim randomization params: {'headwayTime': 0.5, 'minGap': 3.6194533292978224, 'usualPosAcc': 3.9177317596740506, 'usualNegAcc': 3.108446343259484, 'length': 4.7}
SIM_TRAIN step:72, travel time:144.09109838625716, q_loss:0.4226538, rewards:-3.725417751736111, queue:5.519444444444445, delay:0.38052872551812067, throughput:1874
episode:72/300, sim_loss:0.4226538
REAL_TEST step:72, travel time:159.22582331416623, q_loss:100, rewards:-4.608415730794271, queue:7.588888888888889, delay:0.43413433498806425, throughput:1828
Episode 73 sim randomization params: {'headwayTime': 0.5, 'minGap': 2.9444162375274257, 'usualPosAcc': 1.7486978399021074, 'usualNegAcc': 2.5067966141530285, 'length': 5.0}
SIM_TRAIN step:73, travel time:143.97554630593132, q_loss:0.42002004, rewards:-3.5581658257378472, queue:5.302777777777778, delay:0.3738377041286892, throughput:1873
episode:73/300, sim_loss:0.42002004
Episode 74 sim randomization params: {'headwayTime': 2.7452841985725924, 'minGap': 2.757954346967464, 'usualPosAcc': 3.628576730812107, 'usualNegAcc': 5.833110657036847, 'length': 4.7}
SIM_TRAIN step:74, travel time:144.74856845393023, q_loss:0.41613126, rewards:-4.0363349066840275, queue:5.95, delay:0.36523429022894965, throughput:1872
episode:74/300, sim_loss:0.41613126
Episode 75 sim randomization params: {'headwayTime': 1.0321733650682217, 'minGap': 3.2393438624791555, 'usualPosAcc': 3.6077591695084736, 'usualNegAcc': 4.053650216043268, 'length': 5.0}
SIM_TRAIN step:75, travel time:143.92239583333333, q_loss:0.41687664, rewards:-3.706833224826389, queue:5.491666666666666, delay:0.3660054100884332, throughput:1873
episode:75/300, sim_loss:0.41687664
REAL_TEST step:75, travel time:160.2875065342394, q_loss:100, rewards:-5.000332302517361, queue:8.133333333333333, delay:0.4484173668755425, throughput:1830
Episode 76 sim randomization params: {'headwayTime': 0.5, 'minGap': 2.367510379842402, 'usualPosAcc': 1.4515499941034185, 'usualNegAcc': 3.8911687890362225, 'length': 4.7}
SIM_TRAIN step:76, travel time:143.85, q_loss:0.40361887, rewards:-3.8915415445963544, queue:5.816666666666666, delay:0.37323197258843316, throughput:1873
episode:76/300, sim_loss:0.40361887
Episode 77 sim randomization params: {'headwayTime': 1.2376238631282959, 'minGap': 2.5489999571238915, 'usualPosAcc': 1.786216363350932, 'usualNegAcc': 2.132531938370929, 'length': 5.0}
SIM_TRAIN step:77, travel time:143.8646538261322, q_loss:0.40432048, rewards:-3.430415513780382, queue:5.05, delay:0.3701656765407986, throughput:1875
episode:77/300, sim_loss:0.40432048
Episode 78 sim randomization params: {'headwayTime': 3.506957190330298, 'minGap': 2.727039461773444, 'usualPosAcc': 2.3481185181598776, 'usualNegAcc': 2.7935891868814124, 'length': 5.0}
SIM_TRAIN step:78, travel time:145.54635416666667, q_loss:0.40423194, rewards:-3.8502088758680557, queue:5.730555555555555, delay:0.3758888244628906, throughput:1872
episode:78/300, sim_loss:0.40423194
REAL_TEST step:78, travel time:160.30737062205958, q_loss:100, rewards:-4.985374281141493, queue:8.227777777777778, delay:0.4529368082682292, throughput:1827
Episode 79 sim randomization params: {'headwayTime': 2.257629188568419, 'minGap': 3.473896484121757, 'usualPosAcc': 1.140158030172954, 'usualNegAcc': 4.265503898738035, 'length': 5.0}
SIM_TRAIN step:79, travel time:144.94482040603853, q_loss:0.39836013, rewards:-4.074709065755209, queue:5.966666666666667, delay:0.37435942755805124, throughput:1872
episode:79/300, sim_loss:0.39836013
Episode 80 sim randomization params: {'headwayTime': 1.4620208973461106, 'minGap': 3.1100722858577874, 'usualPosAcc': 0.6736091973730036, 'usualNegAcc': 7.0, 'length': 4.7}
SIM_TRAIN step:80, travel time:132.45213319458898, q_loss:0.4354812, rewards:-0.6870001051161024, queue:1.1055555555555556, delay:0.28511638641357423, throughput:1877
episode:80/300, sim_loss:0.4354812
Episode 81 sim randomization params: {'headwayTime': 3.728058851200029, 'minGap': 2.49639583558188, 'usualPosAcc': 4.195200922475184, 'usualNegAcc': 3.0997525184899564, 'length': 5.0}
SIM_TRAIN step:81, travel time:146.42165538781884, q_loss:0.46607372, rewards:-4.051289198133681, queue:6.1, delay:0.37664112514919706, throughput:1872
episode:81/300, sim_loss:0.46607372
REAL_TEST step:81, travel time:160.04704652378464, q_loss:100, rewards:-4.86870863172743, queue:8.030555555555555, delay:0.4480044470893012, throughput:1828
Episode 82 sim randomization params: {'headwayTime': 2.1944184476009205, 'minGap': 3.296264274208926, 'usualPosAcc': 2.19269546780562, 'usualNegAcc': 1.0, 'length': 4.7}
SIM_TRAIN step:82, travel time:145.5163977095263, q_loss:0.45612118, rewards:-3.0698337131076388, queue:4.633333333333334, delay:0.37119534810384114, throughput:1875
episode:82/300, sim_loss:0.45612118
Episode 83 sim randomization params: {'headwayTime': 2.4251708118674387, 'minGap': 2.7414314462467058, 'usualPosAcc': 3.676956357796285, 'usualNegAcc': 5.283910113720172, 'length': 4.905426041664122}
SIM_TRAIN step:83, travel time:145.02496099843995, q_loss:0.44983724, rewards:-4.2357496473524305, queue:6.269444444444445, delay:0.37167782253689235, throughput:1874
episode:83/300, sim_loss:0.44983724
Episode 84 sim randomization params: {'headwayTime': 0.5, 'minGap': 3.398299439602123, 'usualPosAcc': 4.102952760145272, 'usualNegAcc': 3.233261830543443, 'length': 5.0}
SIM_TRAIN step:84, travel time:144.14984391259105, q_loss:0.46084645, rewards:-3.7786258273654516, queue:5.6, delay:0.372244135538737, throughput:1874
episode:84/300, sim_loss:0.46084645
REAL_TEST step:84, travel time:160.0460010454783, q_loss:100, rewards:-4.900165134006077, queue:8.005555555555556, delay:0.4420062171088325, throughput:1828
Episode 85 sim randomization params: {'headwayTime': 1.482490435635984, 'minGap': 2.4906369006493847, 'usualPosAcc': 2.4180121300986324, 'usualNegAcc': 5.3814205961890025, 'length': 4.7}
SIM_TRAIN step:85, travel time:145.0567117585848, q_loss:0.4730217, rewards:-4.317791408962673, queue:6.311111111111111, delay:0.3729800330268012, throughput:1874
episode:85/300, sim_loss:0.4730217
Episode 86 sim randomization params: {'headwayTime': 5.0, 'minGap': 2.5772505627540596, 'usualPosAcc': 3.928014295878487, 'usualNegAcc': 4.549361303756957, 'length': 4.901403481866993}
SIM_TRAIN step:86, travel time:148.9390942217595, q_loss:0.48358047, rewards:-4.380872599283854, queue:6.516666666666667, delay:0.38806771172417537, throughput:1873
episode:86/300, sim_loss:0.48358047
Episode 87 sim randomization params: {'headwayTime': 4.0125433723304305, 'minGap': 2.36007243600745, 'usualPosAcc': 4.476297630229137, 'usualNegAcc': 3.6006529148064237, 'length': 4.7}
SIM_TRAIN step:87, travel time:146.99323269130662, q_loss:0.514294, rewards:-4.1060841878255205, queue:6.1722222222222225, delay:0.377747556898329, throughput:1874
episode:87/300, sim_loss:0.514294
REAL_TEST step:87, travel time:159.5389440669106, q_loss:100, rewards:-4.654375542534722, queue:7.694444444444445, delay:0.4354016621907552, throughput:1828
Episode 88 sim randomization params: {'headwayTime': 3.426038065030944, 'minGap': 3.2815636448957277, 'usualPosAcc': 3.6769217856481182, 'usualNegAcc': 6.819225960830179, 'length': 5.0}
SIM_TRAIN step:88, travel time:144.53177083333333, q_loss:0.5339349, rewards:-3.872583685980903, queue:5.730555555555555, delay:0.3589742448594835, throughput:1873
episode:88/300, sim_loss:0.5339349
Episode 89 sim randomization params: {'headwayTime': 4.371806739384119, 'minGap': 2.7056489826164545, 'usualPosAcc': 2.77487233680436, 'usualNegAcc': 4.578252828427816, 'length': 4.988644968509892}
SIM_TRAIN step:89, travel time:147.92399791775117, q_loss:0.54040444, rewards:-4.494752671983507, queue:6.647222222222222, delay:0.3821414523654514, throughput:1873
episode:89/300, sim_loss:0.54040444
Episode 90 sim randomization params: {'headwayTime': 2.6338943627166276, 'minGap': 3.0533977158084444, 'usualPosAcc': 3.778171728046888, 'usualNegAcc': 3.541490130398763, 'length': 4.776128502149196}
SIM_TRAIN step:90, travel time:145.83610822060353, q_loss:0.5659625, rewards:-4.192249891493056, queue:6.213888888888889, delay:0.3828273773193359, throughput:1874
episode:90/300, sim_loss:0.5659625
REAL_TEST step:90, travel time:159.2665969681129, q_loss:100, rewards:-4.551085408528646, queue:7.525, delay:0.4337501102023654, throughput:1828
Episode 91 sim randomization params: {'headwayTime': 0.6338812991167055, 'minGap': 2.578976362588782, 'usualPosAcc': 4.224533669191, 'usualNegAcc': 3.5681464787161743, 'length': 5.0}
SIM_TRAIN step:91, travel time:143.8465140478668, q_loss:0.5813762, rewards:-3.713251410590278, queue:5.530555555555556, delay:0.3707567426893446, throughput:1875
episode:91/300, sim_loss:0.5813762
Episode 92 sim randomization params: {'headwayTime': 0.5, 'minGap': 2.202259481177894, 'usualPosAcc': 1.2032359258400496, 'usualNegAcc': 5.488738069314828, 'length': 5.0}
SIM_TRAIN step:92, travel time:141.76470588235293, q_loss:0.5980504, rewards:-2.7897079467773436, queue:4.155555555555556, delay:0.3499273512098524, throughput:1875
episode:92/300, sim_loss:0.5980504
Episode 93 sim randomization params: {'headwayTime': 2.687708335898191, 'minGap': 2.6112187459424145, 'usualPosAcc': 2.452108407470438, 'usualNegAcc': 3.2354936515136656, 'length': 4.779217058498998}
SIM_TRAIN step:93, travel time:145.08224882873503, q_loss:0.6075334, rewards:-3.943959214952257, queue:5.852777777777778, delay:0.3676030476888021, throughput:1874
episode:93/300, sim_loss:0.6075334
REAL_TEST step:93, travel time:160.64349189754313, q_loss:100, rewards:-4.986040581597222, queue:8.127777777777778, delay:0.4529587639702691, throughput:1830
Episode 94 sim randomization params: {'headwayTime': 0.5, 'minGap': 2.591146501053609, 'usualPosAcc': 2.37145192907216, 'usualNegAcc': 6.065627352106867, 'length': 5.0}
SIM_TRAIN step:94, travel time:144.420395421436, q_loss:0.51136184, rewards:-4.1229576958550345, queue:6.041666666666667, delay:0.36551348368326825, throughput:1875
episode:94/300, sim_loss:0.51136184
Episode 95 sim randomization params: {'headwayTime': 4.579572266685171, 'minGap': 2.758265512846599, 'usualPosAcc': 2.286343529502981, 'usualNegAcc': 1.0, 'length': 5.0}
SIM_TRAIN step:95, travel time:149.3890625, q_loss:0.46089214, rewards:-3.7522091335720487, queue:5.502777777777778, delay:0.39328770107693145, throughput:1872
episode:95/300, sim_loss:0.46089214
Episode 96 sim randomization params: {'headwayTime': 3.0683593205706208, 'minGap': 3.5349532650413744, 'usualPosAcc': 1.9680047533217522, 'usualNegAcc': 3.846880483667393, 'length': 4.7}
SIM_TRAIN step:96, travel time:145.8548387096774, q_loss:0.5102405, rewards:-4.299292331271701, queue:6.358333333333333, delay:0.3822379642062717, throughput:1875
episode:96/300, sim_loss:0.5102405
REAL_TEST step:96, travel time:160.46419236800836, q_loss:100, rewards:-5.149333360460069, queue:8.355555555555556, delay:0.45036968655056425, throughput:1831
Episode 97 sim randomization params: {'headwayTime': 0.5, 'minGap': 2.643281131974695, 'usualPosAcc': 2.160802007243329, 'usualNegAcc': 5.814483324724909, 'length': 5.0}
SIM_TRAIN step:97, travel time:144.80583029672044, q_loss:0.4920852, rewards:-4.265044148763021, queue:6.136111111111111, delay:0.3702006445990668, throughput:1874
episode:97/300, sim_loss:0.4920852
Episode 98 sim randomization params: {'headwayTime': 0.7007356868878603, 'minGap': 2.951076018167024, 'usualPosAcc': 2.9258970435616467, 'usualNegAcc': 2.6450779926790613, 'length': 5.0}
SIM_TRAIN step:98, travel time:143.86153045288913, q_loss:0.5156361, rewards:-3.573956298828125, queue:5.263888888888889, delay:0.3730658213297526, throughput:1872
episode:98/300, sim_loss:0.5156361
Episode 99 sim randomization params: {'headwayTime': 0.5, 'minGap': 2.8231239338901246, 'usualPosAcc': 3.534489849255774, 'usualNegAcc': 1.612045269616107, 'length': 5.0}
SIM_TRAIN step:99, travel time:144.64583333333334, q_loss:0.5122159, rewards:-3.4919986300998263, queue:5.111111111111111, delay:0.3720255109998915, throughput:1872
episode:99/300, sim_loss:0.5122159
REAL_TEST step:99, travel time:160.06743335075797, q_loss:100, rewards:-4.975165134006076, queue:8.097222222222221, delay:0.4507500966389974, throughput:1826
Episode 100 sim randomization params: {'headwayTime': 4.388420698843035, 'minGap': 3.0633216551325084, 'usualPosAcc': 0.33138247755137984, 'usualNegAcc': 2.564015757201012, 'length': 5.0}
SIM_TRAIN step:100, travel time:146.97084851639772, q_loss:0.48329204, rewards:-3.8723331027560763, queue:5.763888888888889, delay:0.3808614518907335, throughput:1872
episode:100/300, sim_loss:0.48329204
Episode 101 sim randomization params: {'headwayTime': 2.628053383765571, 'minGap': 2.8964507821436087, 'usualPosAcc': 3.2300328088130668, 'usualNegAcc': 4.824836362009167, 'length': 4.7}
SIM_TRAIN step:101, travel time:145.48256116605936, q_loss:0.45439944, rewards:-4.3140845404730905, queue:6.4, delay:0.3741914961073134, throughput:1874
episode:101/300, sim_loss:0.45439944
Episode 102 sim randomization params: {'headwayTime': 1.585991858270869, 'minGap': 2.951448913880055, 'usualPosAcc': 1.890217498369237, 'usualNegAcc': 3.4918155686818833, 'length': 5.0}
SIM_TRAIN step:102, travel time:144.87090057261844, q_loss:0.45356447, rewards:-4.064500935872396, queue:5.961111111111111, delay:0.37229508293999564, throughput:1872
episode:102/300, sim_loss:0.45356447
REAL_TEST step:102, travel time:160.64140094093048, q_loss:100, rewards:-5.021918063693576, queue:8.127777777777778, delay:0.4507845560709635, throughput:1830
Episode 103 sim randomization params: {'headwayTime': 0.5, 'minGap': 3.5935985752886506, 'usualPosAcc': 5.185908353239501, 'usualNegAcc': 1.0270344767756758, 'length': 4.909745494327666}
SIM_TRAIN step:103, travel time:146.33524206142633, q_loss:0.4558069, rewards:-3.4479573567708335, queue:5.1, delay:0.38714777628580727, throughput:1875
episode:103/300, sim_loss:0.4558069
Episode 104 sim randomization params: {'headwayTime': 2.7065640782728524, 'minGap': 2.6260864084976854, 'usualPosAcc': 1.6221305149887688, 'usualNegAcc': 3.329631513094108, 'length': 5.0}
SIM_TRAIN step:104, travel time:144.62090483619346, q_loss:0.42898878, rewards:-3.855585394965278, queue:5.711111111111111, delay:0.37177645365397133, throughput:1874
episode:104/300, sim_loss:0.42898878
Episode 105 sim randomization params: {'headwayTime': 1.1949391050636429, 'minGap': 3.557609772183242, 'usualPosAcc': 3.0243646431804034, 'usualNegAcc': 3.539982556830015, 'length': 5.0}
SIM_TRAIN step:105, travel time:144.90317542946383, q_loss:0.43198276, rewards:-4.058541531032986, queue:5.988888888888889, delay:0.3774809095594618, throughput:1876
episode:105/300, sim_loss:0.43198276
REAL_TEST step:105, travel time:159.79769994772607, q_loss:100, rewards:-4.809122382269965, queue:7.8277777777777775, delay:0.43753963046603733, throughput:1830
Episode 106 sim randomization params: {'headwayTime': 3.208517715256824, 'minGap': 3.0329432392475266, 'usualPosAcc': 2.179649079433446, 'usualNegAcc': 6.52981755767269, 'length': 5.0}
SIM_TRAIN step:106, travel time:145.0380010411244, q_loss:0.40430382, rewards:-4.1694590250651045, queue:6.194444444444445, delay:0.3685069613986545, throughput:1874
episode:106/300, sim_loss:0.40430382
Episode 107 sim randomization params: {'headwayTime': 1.7399619353778593, 'minGap': 2.332208305754227, 'usualPosAcc': 3.1372140967962134, 'usualNegAcc': 1.9157654563215196, 'length': 4.7}
SIM_TRAIN step:107, travel time:144.3685580426861, q_loss:0.4061925, rewards:-3.507290310329861, queue:5.083333333333333, delay:0.3735880957709418, throughput:1874
episode:107/300, sim_loss:0.4061925
Episode 108 sim randomization params: {'headwayTime': 1.6059018353220575, 'minGap': 3.001329596932624, 'usualPosAcc': 4.374174477809103, 'usualNegAcc': 4.140624847444989, 'length': 5.0}
SIM_TRAIN step:108, travel time:144.66267568974493, q_loss:0.3987999, rewards:-4.009039645724826, queue:5.833333333333333, delay:0.3730977800157335, throughput:1873
episode:108/300, sim_loss:0.3987999
REAL_TEST step:108, travel time:159.8991113434396, q_loss:100, rewards:-4.909250217013889, queue:8.047222222222222, delay:0.4496460384792752, throughput:1827
Episode 109 sim randomization params: {'headwayTime': 0.5, 'minGap': 2.891888416111679, 'usualPosAcc': 2.7989273942541266, 'usualNegAcc': 5.045104048007062, 'length': 5.0}
SIM_TRAIN step:109, travel time:144.44791666666666, q_loss:0.3917959, rewards:-4.119956800672743, queue:6.1194444444444445, delay:0.37242584228515624, throughput:1874
episode:109/300, sim_loss:0.3917959
Episode 110 sim randomization params: {'headwayTime': 3.523219755872175, 'minGap': 2.718488270800232, 'usualPosAcc': 3.116818672449893, 'usualNegAcc': 4.3471915859569, 'length': 4.7}
SIM_TRAIN step:110, travel time:144.58459135866735, q_loss:0.38849995, rewards:-3.716500176323785, queue:5.5777777777777775, delay:0.3722070905897352, throughput:1874
episode:110/300, sim_loss:0.38849995
Episode 111 sim randomization params: {'headwayTime': 2.4107033725647278, 'minGap': 2.7846694902974933, 'usualPosAcc': 0.1, 'usualNegAcc': 5.195114421020581, 'length': 4.768410444605247}
SIM_TRAIN step:111, travel time:132.10983862571578, q_loss:0.43627617, rewards:-0.43854166666666666, queue:0.6611111111111111, delay:0.27442262437608506, throughput:1878
episode:111/300, sim_loss:0.43627617
REAL_TEST step:111, travel time:160.5128071092525, q_loss:100, rewards:-5.081124199761285, queue:8.311111111111112, delay:0.4536682552761502, throughput:1830
Episode 112 sim randomization params: {'headwayTime': 0.5912695971172266, 'minGap': 2.7641659722702268, 'usualPosAcc': 2.817952412281717, 'usualNegAcc': 6.052338795581539, 'length': 4.893802750076031}
SIM_TRAIN step:112, travel time:144.44513780551222, q_loss:0.46961135, rewards:-4.164665052625868, queue:6.072222222222222, delay:0.37276666429307725, throughput:1876
episode:112/300, sim_loss:0.46961135
Episode 113 sim randomization params: {'headwayTime': 2.9361612696165635, 'minGap': 3.3944885756831944, 'usualPosAcc': 3.3556287225323578, 'usualNegAcc': 5.366960085573315, 'length': 4.7}
SIM_TRAIN step:113, travel time:145.9359375, q_loss:0.4953097, rewards:-4.359249538845486, queue:6.394444444444445, delay:0.36686074998643664, throughput:1873
episode:113/300, sim_loss:0.4953097
Episode 114 sim randomization params: {'headwayTime': 3.46475730785894, 'minGap': 2.8791286399749105, 'usualPosAcc': 4.091199282985285, 'usualNegAcc': 2.1344470676922613, 'length': 4.7}
SIM_TRAIN step:114, travel time:145.18375845913587, q_loss:0.5204138, rewards:-3.6000403510199654, queue:5.386111111111111, delay:0.3738365173339844, throughput:1873
episode:114/300, sim_loss:0.5204138
REAL_TEST step:114, travel time:160.47412441191844, q_loss:100, rewards:-5.166833835177951, queue:8.319444444444445, delay:0.4518500010172526, throughput:1826
Episode 115 sim randomization params: {'headwayTime': 4.3456548836885265, 'minGap': 2.829409769875027, 'usualPosAcc': 2.1418135204819215, 'usualNegAcc': 3.8210129741863734, 'length': 4.7}
SIM_TRAIN step:115, travel time:147.0072840790843, q_loss:0.5043551, rewards:-4.236835055881077, queue:6.352777777777778, delay:0.38528226216634115, throughput:1867
episode:115/300, sim_loss:0.5043551
Episode 116 sim randomization params: {'headwayTime': 4.457536222299092, 'minGap': 2.4503014453966743, 'usualPosAcc': 2.4251867222298493, 'usualNegAcc': 4.241246345695686, 'length': 4.9331538757974}
SIM_TRAIN step:116, travel time:148.18958333333333, q_loss:0.5199647, rewards:-4.482252332899305, queue:6.716666666666667, delay:0.38698912726508244, throughput:1870
episode:116/300, sim_loss:0.5199647
Episode 117 sim randomization params: {'headwayTime': 0.6799510446988499, 'minGap': 2.5873798891690925, 'usualPosAcc': 3.20853641911632, 'usualNegAcc': 2.0924504977399465, 'length': 5.0}
SIM_TRAIN step:117, travel time:144.7339927121291, q_loss:0.47437137, rewards:-3.6903754340277777, queue:5.502777777777778, delay:0.37699029710557724, throughput:1873
episode:117/300, sim_loss:0.47437137
REAL_TEST step:117, travel time:159.08677469942498, q_loss:100, rewards:-4.574041748046875, queue:7.580555555555556, delay:0.43896412319607203, throughput:1830
Episode 118 sim randomization params: {'headwayTime': 0.5, 'minGap': 2.7002060851819936, 'usualPosAcc': 2.6793761904228544, 'usualNegAcc': 1.7466429682263995, 'length': 5.0}
SIM_TRAIN step:118, travel time:144.16701352757545, q_loss:0.4336612, rewards:-3.3903750949435763, queue:4.991666666666666, delay:0.37298346625434026, throughput:1876
episode:118/300, sim_loss:0.4336612
Episode 119 sim randomization params: {'headwayTime': 2.0671863004421804, 'minGap': 2.527013474627765, 'usualPosAcc': 0.5643120075394621, 'usualNegAcc': 1.2576805806586808, 'length': 5.0}
SIM_TRAIN step:119, travel time:145.7653485952133, q_loss:0.42918122, rewards:-3.438749525282118, queue:5.080555555555556, delay:0.3724402533637153, throughput:1874
episode:119/300, sim_loss:0.42918122
Episode 120 sim randomization params: {'headwayTime': 0.5, 'minGap': 2.4086433437363173, 'usualPosAcc': 2.3155327277305933, 'usualNegAcc': 7.0, 'length': 5.0}
SIM_TRAIN step:120, travel time:134.76326742976067, q_loss:0.49728554, rewards:-1.3412496778700087, queue:2.125, delay:0.30156423780653213, throughput:1877
episode:120/300, sim_loss:0.49728554
REAL_TEST step:120, travel time:158.64296915838997, q_loss:100, rewards:-4.389291381835937, queue:7.477777777777778, delay:0.4263277265760634, throughput:1829
Episode 121 sim randomization params: {'headwayTime': 3.4503663352960636, 'minGap': 2.9765786046567095, 'usualPosAcc': 3.6948557459076774, 'usualNegAcc': 1.6047817052746733, 'length': 4.724472339076746}
SIM_TRAIN step:121, travel time:145.99635416666666, q_loss:0.58294576, rewards:-3.590708753797743, queue:5.35, delay:0.36439921061197916, throughput:1871
episode:121/300, sim_loss:0.58294576
Episode 122 sim randomization params: {'headwayTime': 2.562590996729769, 'minGap': 2.89354994622021, 'usualPosAcc': 2.3688892206475556, 'usualNegAcc': 2.6612333156010184, 'length': 4.83463481426931}
SIM_TRAIN step:122, travel time:145.43889755590223, q_loss:0.5690728, rewards:-3.860626220703125, queue:5.747222222222222, delay:0.3721710205078125, throughput:1874
episode:122/300, sim_loss:0.5690728
Episode 123 sim randomization params: {'headwayTime': 0.7296698517123434, 'minGap': 2.028140114650479, 'usualPosAcc': 1.0054685192804018, 'usualNegAcc': 4.442018584644126, 'length': 5.0}
SIM_TRAIN step:123, travel time:143.99115044247787, q_loss:0.6499749, rewards:-3.844917466905382, queue:5.736111111111111, delay:0.3660994635687934, throughput:1874
episode:123/300, sim_loss:0.6499749
REAL_TEST step:123, travel time:159.27286983795085, q_loss:100, rewards:-4.642625935872396, queue:7.769444444444445, delay:0.44413880242241754, throughput:1829
Episode 124 sim randomization params: {'headwayTime': 5.0, 'minGap': 2.934830627727935, 'usualPosAcc': 3.8450017278840227, 'usualNegAcc': 5.116445540708729, 'length': 4.7}
SIM_TRAIN step:124, travel time:150.09157127991676, q_loss:0.64230865, rewards:-4.766791449652778, queue:7.141666666666667, delay:0.3946904076470269, throughput:1871
episode:124/300, sim_loss:0.64230865
Episode 125 sim randomization params: {'headwayTime': 0.5, 'minGap': 2.9111194349677327, 'usualPosAcc': 0.23340664375286746, 'usualNegAcc': 3.20090980379047, 'length': 5.0}
SIM_TRAIN step:125, travel time:144.55856324830816, q_loss:0.61363024, rewards:-3.690000745985243, queue:5.458333333333333, delay:0.3647043016221788, throughput:1875
episode:125/300, sim_loss:0.61363024
Episode 126 sim randomization params: {'headwayTime': 0.5, 'minGap': 2.911626338215389, 'usualPosAcc': 4.3164246368203285, 'usualNegAcc': 4.263959459472703, 'length': 5.0}
SIM_TRAIN step:126, travel time:143.61550468262226, q_loss:0.5635733, rewards:-3.682292005750868, queue:5.447222222222222, delay:0.3607326507568359, throughput:1876
episode:126/300, sim_loss:0.5635733
REAL_TEST step:126, travel time:159.8029273392577, q_loss:100, rewards:-4.896290757921007, queue:8.063888888888888, delay:0.44696015252007376, throughput:1827
Episode 127 sim randomization params: {'headwayTime': 3.7049305324556387, 'minGap': 3.5238667059672246, 'usualPosAcc': 2.835935391143534, 'usualNegAcc': 5.618021343835675, 'length': 4.958931701544048}
SIM_TRAIN step:127, travel time:145.94583333333333, q_loss:0.52118284, rewards:-4.204751925998264, queue:6.205555555555556, delay:0.3673129611545139, throughput:1873
episode:127/300, sim_loss:0.52118284
Episode 128 sim randomization params: {'headwayTime': 1.133281196682733, 'minGap': 3.0133355490623233, 'usualPosAcc': 1.8060945267313273, 'usualNegAcc': 2.805918423404158, 'length': 4.7}
SIM_TRAIN step:128, travel time:143.9531737773153, q_loss:0.52629006, rewards:-3.718625217013889, queue:5.513888888888889, delay:0.3637101491292318, throughput:1873
episode:128/300, sim_loss:0.52629006
Episode 129 sim randomization params: {'headwayTime': 0.5, 'minGap': 2.9379798119578147, 'usualPosAcc': 0.9111839123101633, 'usualNegAcc': 3.5326601717574873, 'length': 5.0}
SIM_TRAIN step:129, travel time:144.13958333333332, q_loss:0.5218177, rewards:-3.8588765462239585, queue:5.705555555555556, delay:0.37088118659125435, throughput:1872
episode:129/300, sim_loss:0.5218177
REAL_TEST step:129, travel time:160.40721380031366, q_loss:100, rewards:-5.107168240017361, queue:8.430555555555555, delay:0.45849655999077693, throughput:1829
Episode 130 sim randomization params: {'headwayTime': 1.177829428100096, 'minGap': 2.704876702958908, 'usualPosAcc': 4.484916762922442, 'usualNegAcc': 4.552236994124306, 'length': 5.0}
SIM_TRAIN step:130, travel time:143.8365434669443, q_loss:0.4853686, rewards:-3.7557912190755207, queue:5.602777777777778, delay:0.3678328620062934, throughput:1873
episode:130/300, sim_loss:0.4853686
Episode 131 sim randomization params: {'headwayTime': 1.4711345158430218, 'minGap': 3.169309956633534, 'usualPosAcc': 1.6968107187467485, 'usualNegAcc': 2.6454373080298375, 'length': 5.0}
SIM_TRAIN step:131, travel time:144.06919875130072, q_loss:0.48165333, rewards:-3.723916286892361, queue:5.527777777777778, delay:0.364027828640408, throughput:1875
episode:131/300, sim_loss:0.48165333
Episode 132 sim randomization params: {'headwayTime': 1.0408794868472782, 'minGap': 3.176162675567823, 'usualPosAcc': 5.882690968183846, 'usualNegAcc': 1.0696020423622343, 'length': 4.7}
SIM_TRAIN step:132, travel time:144.85528370640293, q_loss:0.50740397, rewards:-3.103709242078993, queue:4.65, delay:0.3700364006890191, throughput:1871
episode:132/300, sim_loss:0.50740397
REAL_TEST step:132, travel time:161.06168322007318, q_loss:100, rewards:-5.348000081380208, queue:8.769444444444444, delay:0.46476173400878906, throughput:1827
Episode 133 sim randomization params: {'headwayTime': 4.082658741861533, 'minGap': 2.8477718589824392, 'usualPosAcc': 4.209082195717898, 'usualNegAcc': 2.1242997339126646, 'length': 5.0}
SIM_TRAIN step:133, travel time:147.50416666666666, q_loss:0.46166933, rewards:-3.975750054253472, queue:5.819444444444445, delay:0.3868655310736762, throughput:1874
episode:133/300, sim_loss:0.46166933
Episode 134 sim randomization params: {'headwayTime': 1.833515317453565, 'minGap': 2.950533460234403, 'usualPosAcc': 3.0803177859152937, 'usualNegAcc': 1.7967900742567082, 'length': 4.7}
SIM_TRAIN step:134, travel time:144.65642894325873, q_loss:0.43895593, rewards:-3.557792494032118, queue:5.122222222222222, delay:0.37201656765407987, throughput:1871
episode:134/300, sim_loss:0.43895593
Episode 135 sim randomization params: {'headwayTime': 4.576661892204898, 'minGap': 3.005556936169144, 'usualPosAcc': 2.774631012815573, 'usualNegAcc': 3.631243432722857, 'length': 5.0}
SIM_TRAIN step:135, travel time:148.97605413846955, q_loss:0.3964865, rewards:-4.524208577473958, queue:6.708333333333333, delay:0.38957672119140624, throughput:1873
episode:135/300, sim_loss:0.3964865
REAL_TEST step:135, travel time:158.72503920543647, q_loss:100, rewards:-4.4889577229817705, queue:7.425, delay:0.42667808532714846, throughput:1826
Episode 136 sim randomization params: {'headwayTime': 0.5, 'minGap': 2.540350160517656, 'usualPosAcc': 4.404131216200749, 'usualNegAcc': 3.9359893460815747, 'length': 5.0}
SIM_TRAIN step:136, travel time:143.91462779802185, q_loss:0.34213614, rewards:-3.750957234700521, queue:5.616666666666666, delay:0.37288441128200955, throughput:1874
episode:136/300, sim_loss:0.34213614
Episode 137 sim randomization params: {'headwayTime': 1.0279747077493464, 'minGap': 3.39562113692935, 'usualPosAcc': 3.0995786312345457, 'usualNegAcc': 4.450743478030134, 'length': 5.0}
SIM_TRAIN step:137, travel time:143.33610822060353, q_loss:0.3356345, rewards:-3.755501641167535, queue:5.563888888888889, delay:0.37122874789767796, throughput:1874
episode:137/300, sim_loss:0.3356345
Episode 138 sim randomization params: {'headwayTime': 0.6892936463113297, 'minGap': 2.228340489175978, 'usualPosAcc': 1.1682683727642607, 'usualNegAcc': 6.243615657522724, 'length': 5.0}
SIM_TRAIN step:138, travel time:131.37636647579384, q_loss:0.39609218, rewards:-0.4038752661810981, queue:0.6, delay:0.26688783433702257, throughput:1878
episode:138/300, sim_loss:0.39609218
REAL_TEST step:138, travel time:160.01777313120752, q_loss:100, rewards:-4.8912506103515625, queue:8.177777777777777, delay:0.4512640211317274, throughput:1828
Episode 139 sim randomization params: {'headwayTime': 1.4859491786789931, 'minGap': 2.7913965222669876, 'usualPosAcc': 4.03978399304076, 'usualNegAcc': 3.437280598504406, 'length': 4.7}
SIM_TRAIN step:139, travel time:144.15408641332638, q_loss:0.48351416, rewards:-3.752999538845486, queue:5.613888888888889, delay:0.36352967156304256, throughput:1875
episode:139/300, sim_loss:0.48351416
Episode 140 sim randomization params: {'headwayTime': 4.340011273895206, 'minGap': 3.0717842880490154, 'usualPosAcc': 0.1, 'usualNegAcc': 3.211423435373391, 'length': 5.0}
SIM_TRAIN step:140, travel time:147.8003120124805, q_loss:0.5085677, rewards:-3.714957682291667, queue:5.475, delay:0.3885915968153212, throughput:1875
episode:140/300, sim_loss:0.5085677
Episode 141 sim randomization params: {'headwayTime': 2.951806883894055, 'minGap': 2.9547744281521884, 'usualPosAcc': 1.7653911557486706, 'usualNegAcc': 3.51941589131322, 'length': 5.0}
SIM_TRAIN step:141, travel time:145.74648620510152, q_loss:0.50590175, rewards:-4.142959933810764, queue:6.125, delay:0.36244095696343315, throughput:1875
episode:141/300, sim_loss:0.50590175
REAL_TEST step:141, travel time:161.26711970726606, q_loss:100, rewards:-5.439458889431424, queue:8.78888888888889, delay:0.4674250708685981, throughput:1824
Episode 142 sim randomization params: {'headwayTime': 1.6256327684631904, 'minGap': 2.7661157409057653, 'usualPosAcc': 4.332834156584151, 'usualNegAcc': 2.223292010979967, 'length': 4.776343378489656}
SIM_TRAIN step:142, travel time:145.04635416666667, q_loss:0.5162366, rewards:-3.762375217013889, queue:5.458333333333333, delay:0.36555735270182294, throughput:1873
episode:142/300, sim_loss:0.5162366
Episode 143 sim randomization params: {'headwayTime': 0.5, 'minGap': 3.0947491868425083, 'usualPosAcc': 3.756439665391764, 'usualNegAcc': 4.555639458850672, 'length': 5.0}
SIM_TRAIN step:143, travel time:144.01821967725144, q_loss:0.5533749, rewards:-3.823291693793403, queue:5.711111111111111, delay:0.3702123006184896, throughput:1874
episode:143/300, sim_loss:0.5533749
Episode 144 sim randomization params: {'headwayTime': 2.880050938231503, 'minGap': 3.0233055407432285, 'usualPosAcc': 3.2745680111036983, 'usualNegAcc': 3.2829988461528883, 'length': 5.0}
SIM_TRAIN step:144, travel time:145.63125, q_loss:0.5593801, rewards:-4.023499213324653, queue:5.980555555555555, delay:0.3764810350206163, throughput:1872
episode:144/300, sim_loss:0.5593801
REAL_TEST step:144, travel time:158.42603240982749, q_loss:100, rewards:-4.285833740234375, queue:7.177777777777778, delay:0.4093125237358941, throughput:1827
Episode 145 sim randomization params: {'headwayTime': 1.4830274449249425, 'minGap': 2.3735533069441304, 'usualPosAcc': 3.785705714521093, 'usualNegAcc': 6.587096336724311, 'length': 4.7}
SIM_TRAIN step:145, travel time:144.88865764828304, q_loss:0.5727359, rewards:-4.303917439778646, queue:6.208333333333333, delay:0.370136472913954, throughput:1874
episode:145/300, sim_loss:0.5727359
Episode 146 sim randomization params: {'headwayTime': 1.9201129006206439, 'minGap': 2.6532408761415103, 'usualPosAcc': 2.112406779826577, 'usualNegAcc': 3.7719050359762667, 'length': 4.7}
SIM_TRAIN step:146, travel time:144.685580426861, q_loss:0.57940394, rewards:-3.9719173855251735, queue:5.847222222222222, delay:0.35843696594238283, throughput:1873
episode:146/300, sim_loss:0.57940394
Episode 147 sim randomization params: {'headwayTime': 1.6085530018569016, 'minGap': 2.3722517409023407, 'usualPosAcc': 1.8572104123995898, 'usualNegAcc': 1.8497313397810797, 'length': 4.7}
SIM_TRAIN step:147, travel time:144.70640291514837, q_loss:0.61556494, rewards:-3.568414984809028, queue:5.1305555555555555, delay:0.3651370154486762, throughput:1873
episode:147/300, sim_loss:0.61556494
REAL_TEST step:147, travel time:158.78881338212233, q_loss:100, rewards:-4.428706529405382, queue:7.311111111111111, delay:0.4217308892144097, throughput:1829
Episode 148 sim randomization params: {'headwayTime': 0.5, 'minGap': 3.338967651943748, 'usualPosAcc': 3.32232035524579, 'usualNegAcc': 1.0, 'length': 4.7}
SIM_TRAIN step:148, travel time:145.72083333333333, q_loss:0.6712906, rewards:-3.2554999457465277, queue:4.847222222222222, delay:0.3797875298394097, throughput:1872
episode:148/300, sim_loss:0.6712906
Episode 149 sim randomization params: {'headwayTime': 0.9133236781715592, 'minGap': 2.651260113859305, 'usualPosAcc': 0.6622384229231817, 'usualNegAcc': 4.87684172533479, 'length': 4.74664717727488}
SIM_TRAIN step:149, travel time:144.54114583333333, q_loss:0.640888, rewards:-3.932084147135417, queue:5.802777777777778, delay:0.36671155293782554, throughput:1869
episode:149/300, sim_loss:0.640888
Episode 150 sim randomization params: {'headwayTime': 2.9286235697964393, 'minGap': 3.089632075459914, 'usualPosAcc': 4.500605623872406, 'usualNegAcc': 1.0, 'length': 5.0}
SIM_TRAIN step:150, travel time:146.0171875, q_loss:0.60085523, rewards:-3.1888319227430557, queue:4.741666666666666, delay:0.38097640143500433, throughput:1874
episode:150/300, sim_loss:0.60085523
REAL_TEST step:150, travel time:162.67119707266073, q_loss:100, rewards:-5.945791965060764, queue:9.394444444444444, delay:0.4706055111355252, throughput:1826
Episode 151 sim randomization params: {'headwayTime': 4.345803034787478, 'minGap': 3.106303757240782, 'usualPosAcc': 5.871685431758398, 'usualNegAcc': 4.019766612766481, 'length': 5.0}
SIM_TRAIN step:151, travel time:147.91666666666666, q_loss:0.59079707, rewards:-4.197623697916667, queue:6.266666666666667, delay:0.3803421868218316, throughput:1873
episode:151/300, sim_loss:0.59079707
Episode 152 sim randomization params: {'headwayTime': 0.7930072531557115, 'minGap': 3.308368666862658, 'usualPosAcc': 2.858243318822484, 'usualNegAcc': 2.9961277740245675, 'length': 5.0}
SIM_TRAIN step:152, travel time:144.28697916666667, q_loss:0.51056683, rewards:-3.7830847846137154, queue:5.647222222222222, delay:0.3640724605984158, throughput:1874
episode:152/300, sim_loss:0.51056683
Episode 153 sim randomization params: {'headwayTime': 1.5605045937627278, 'minGap': 2.9031900779390662, 'usualPosAcc': 2.3616992580364653, 'usualNegAcc': 2.5211533753510893, 'length': 5.0}
SIM_TRAIN step:153, travel time:145.32916666666668, q_loss:0.42925042, rewards:-3.963292778862847, queue:5.694444444444445, delay:0.37015647888183595, throughput:1874
episode:153/300, sim_loss:0.42925042
REAL_TEST step:153, travel time:160.49242028227914, q_loss:100, rewards:-5.084248182508681, queue:8.233333333333333, delay:0.44633305867513023, throughput:1829
Episode 154 sim randomization params: {'headwayTime': 3.406984998606934, 'minGap': 3.027574109985941, 'usualPosAcc': 0.1, 'usualNegAcc': 5.272475325340013, 'length': 4.77584745611322}
SIM_TRAIN step:154, travel time:131.73697916666666, q_loss:0.46442163, rewards:-0.40762511359320747, queue:0.6472222222222223, delay:0.27219312455919054, throughput:1879
episode:154/300, sim_loss:0.46442163
Episode 155 sim randomization params: {'headwayTime': 0.5, 'minGap': 3.1171811452583507, 'usualPosAcc': 3.3954752117084537, 'usualNegAcc': 2.072805024441115, 'length': 5.0}
SIM_TRAIN step:155, travel time:144.60145681581685, q_loss:0.5506174, rewards:-3.68074951171875, queue:5.4944444444444445, delay:0.37600301106770834, throughput:1872
episode:155/300, sim_loss:0.5506174
Episode 156 sim randomization params: {'headwayTime': 0.5, 'minGap': 2.276119026421596, 'usualPosAcc': 1.060326860234289, 'usualNegAcc': 5.9164477549085, 'length': 4.88745169554975}
SIM_TRAIN step:156, travel time:135.6451612903226, q_loss:0.6008737, rewards:-1.560166761610243, queue:2.4916666666666667, delay:0.31924107869466145, throughput:1877
episode:156/300, sim_loss:0.6008737
REAL_TEST step:156, travel time:163.24098274960795, q_loss:100, rewards:-6.194370524088542, queue:9.744444444444444, delay:0.47654041714138456, throughput:1823
Episode 157 sim randomization params: {'headwayTime': 1.4414596625087008, 'minGap': 2.8776232203920022, 'usualPosAcc': 1.818605085233825, 'usualNegAcc': 2.62318907520977, 'length': 4.7}
SIM_TRAIN step:157, travel time:144.85691987513007, q_loss:0.6326659, rewards:-4.015708414713542, queue:5.986111111111111, delay:0.3749710930718316, throughput:1875
episode:157/300, sim_loss:0.6326659
Episode 158 sim randomization params: {'headwayTime': 3.3530812765373375, 'minGap': 3.2673641188417966, 'usualPosAcc': 1.1950741157034228, 'usualNegAcc': 4.07319563591189, 'length': 5.0}
SIM_TRAIN step:158, travel time:145.43132154006244, q_loss:0.6675502, rewards:-4.043292575412327, queue:6.038888888888889, delay:0.36594577365451386, throughput:1874
episode:158/300, sim_loss:0.6675502
Episode 159 sim randomization params: {'headwayTime': 0.5, 'minGap': 2.7190760268738092, 'usualPosAcc': 1.2182327392573236, 'usualNegAcc': 1.6859954728931106, 'length': 5.0}
SIM_TRAIN step:159, travel time:144.70759625390218, q_loss:0.6481404, rewards:-3.5612060546875, queue:5.252777777777778, delay:0.36336390177408856, throughput:1876
episode:159/300, sim_loss:0.6481404
REAL_TEST step:159, travel time:163.466283324621, q_loss:100, rewards:-6.26470947265625, queue:9.752777777777778, delay:0.4631673600938585, throughput:1825
Episode 160 sim randomization params: {'headwayTime': 0.7970457027456785, 'minGap': 3.1272064720920367, 'usualPosAcc': 2.589986185243187, 'usualNegAcc': 4.343698674119791, 'length': 4.812938935923282}
SIM_TRAIN step:160, travel time:144.26274713839751, q_loss:0.67968494, rewards:-4.114334445529514, queue:6.169444444444444, delay:0.36630995008680556, throughput:1874
episode:160/300, sim_loss:0.67968494
Episode 161 sim randomization params: {'headwayTime': 0.9760546328174291, 'minGap': 2.8673576713615585, 'usualPosAcc': 2.62320526282383, 'usualNegAcc': 2.598865428554073, 'length': 5.0}
SIM_TRAIN step:161, travel time:144.65642894325873, q_loss:0.72647536, rewards:-3.708541531032986, queue:5.491666666666666, delay:0.36629638671875, throughput:1871
episode:161/300, sim_loss:0.72647536
Episode 162 sim randomization params: {'headwayTime': 3.4214728950783497, 'minGap': 2.9569097739191332, 'usualPosAcc': 4.960347608362122, 'usualNegAcc': 2.7135511449448835, 'length': 5.0}
SIM_TRAIN step:162, travel time:145.490625, q_loss:0.7195306, rewards:-3.6241665310329862, queue:5.441666666666666, delay:0.3657119327121311, throughput:1873
episode:162/300, sim_loss:0.7195306
REAL_TEST step:162, travel time:160.5865133298484, q_loss:100, rewards:-5.110792032877604, queue:8.252777777777778, delay:0.4452683342827691, throughput:1831
Episode 163 sim randomization params: {'headwayTime': 1.3765394030635623, 'minGap': 2.9844666213230933, 'usualPosAcc': 1.5012688981683648, 'usualNegAcc': 5.439592468689036, 'length': 5.0}
SIM_TRAIN step:163, travel time:145.12122788761707, q_loss:0.72214985, rewards:-4.279372151692709, queue:6.336111111111111, delay:0.37356745402018227, throughput:1873
episode:163/300, sim_loss:0.72214985
Episode 164 sim randomization params: {'headwayTime': 4.210272764244506, 'minGap': 2.4442055923434474, 'usualPosAcc': 1.9588193154869464, 'usualNegAcc': 2.307597351566209, 'length': 4.7}
SIM_TRAIN step:164, travel time:148.2248828735034, q_loss:0.7459, rewards:-4.272208997938368, queue:6.305555555555555, delay:0.3830125172932943, throughput:1871
episode:164/300, sim_loss:0.7459
Episode 165 sim randomization params: {'headwayTime': 0.874080835981091, 'minGap': 2.8566052636565744, 'usualPosAcc': 2.606543884530134, 'usualNegAcc': 3.6360636110733626, 'length': 4.7}
SIM_TRAIN step:165, travel time:144.10827693909422, q_loss:0.7448339, rewards:-3.7794589572482638, queue:5.652777777777778, delay:0.3602837456597222, throughput:1872
episode:165/300, sim_loss:0.7448339
REAL_TEST step:165, travel time:161.15995818086773, q_loss:100, rewards:-5.296918741861979, queue:8.402777777777779, delay:0.4389831119113498, throughput:1827
Episode 166 sim randomization params: {'headwayTime': 2.431742564862943, 'minGap': 3.2152215783911244, 'usualPosAcc': 1.4029052302550646, 'usualNegAcc': 3.701386255002998, 'length': 4.952594630927436}
SIM_TRAIN step:166, travel time:145.8969286829776, q_loss:0.7857088, rewards:-4.4222093370225695, queue:6.513888888888889, delay:0.377207268608941, throughput:1872
episode:166/300, sim_loss:0.7857088
Episode 167 sim randomization params: {'headwayTime': 2.92898770257606, 'minGap': 2.8770109094814447, 'usualPosAcc': 2.608695867110792, 'usualNegAcc': 2.1538905797241146, 'length': 5.0}
SIM_TRAIN step:167, travel time:145.37011972930765, q_loss:0.77751863, rewards:-3.754874674479167, queue:5.552777777777778, delay:0.36512328253851994, throughput:1871
episode:167/300, sim_loss:0.77751863
Episode 168 sim randomization params: {'headwayTime': 0.5, 'minGap': 3.0856535293390683, 'usualPosAcc': 2.4896222493703304, 'usualNegAcc': 3.7621791314788773, 'length': 4.7}
SIM_TRAIN step:168, travel time:144.403125, q_loss:0.70795465, rewards:-3.865289306640625, queue:5.736111111111111, delay:0.37062462700737847, throughput:1873
episode:168/300, sim_loss:0.70795465
REAL_TEST step:168, travel time:162.01411395713538, q_loss:100, rewards:-5.471041531032986, queue:8.625, delay:0.4503053453233507, throughput:1829
Episode 169 sim randomization params: {'headwayTime': 3.5226509164967896, 'minGap': 3.1492330072155825, 'usualPosAcc': 3.8016725435077383, 'usualNegAcc': 7.0, 'length': 4.966387595332433}
SIM_TRAIN step:169, travel time:145.6507027589797, q_loss:0.6156791, rewards:-4.167208862304688, queue:6.166666666666667, delay:0.37558958265516496, throughput:1870
episode:169/300, sim_loss:0.6156791
Episode 170 sim randomization params: {'headwayTime': 4.230023019379818, 'minGap': 2.8554219896873883, 'usualPosAcc': 3.165958722342805, 'usualNegAcc': 4.26992638707618, 'length': 5.0}
SIM_TRAIN step:170, travel time:147.1311816762103, q_loss:0.55136514, rewards:-4.189913940429688, queue:6.216666666666667, delay:0.3844480726453993, throughput:1874
episode:170/300, sim_loss:0.55136514
Episode 171 sim randomization params: {'headwayTime': 3.2651134359810747, 'minGap': 2.7905829030778713, 'usualPosAcc': 2.6856679029508084, 'usualNegAcc': 4.535083049853226, 'length': 5.0}
SIM_TRAIN step:171, travel time:145.34825611660594, q_loss:0.4823216, rewards:-4.14716796875, queue:6.136111111111111, delay:0.36830033196343315, throughput:1875
episode:171/300, sim_loss:0.4823216
REAL_TEST step:171, travel time:161.0282279142708, q_loss:100, rewards:-5.129374525282118, queue:8.136111111111111, delay:0.4372149997287326, throughput:1825
Episode 172 sim randomization params: {'headwayTime': 0.6090286959011313, 'minGap': 2.2497922566621513, 'usualPosAcc': 1.97164373203913, 'usualNegAcc': 3.840288355450027, 'length': 5.0}
SIM_TRAIN step:172, travel time:144.03435710567413, q_loss:0.47908962, rewards:-3.935957845052083, queue:5.8277777777777775, delay:0.36683197021484376, throughput:1871
episode:172/300, sim_loss:0.47908962
Episode 173 sim randomization params: {'headwayTime': 2.26322548084252, 'minGap': 3.325804444164362, 'usualPosAcc': 3.957427718186077, 'usualNegAcc': 3.6231420682759783, 'length': 4.7}
SIM_TRAIN step:173, travel time:144.83714880332985, q_loss:0.46317142, rewards:-3.944124009874132, queue:5.8, delay:0.36834496392144095, throughput:1869
episode:173/300, sim_loss:0.46317142
Episode 174 sim randomization params: {'headwayTime': 1.4875642799529647, 'minGap': 2.7717305049262646, 'usualPosAcc': 2.3231847155937317, 'usualNegAcc': 1.246665123992928, 'length': 4.704933924068722}
SIM_TRAIN step:174, travel time:145.27693909422175, q_loss:0.40423945, rewards:-3.4361680772569443, queue:5.069444444444445, delay:0.37293917338053384, throughput:1868
episode:174/300, sim_loss:0.40423945
REAL_TEST step:174, travel time:165.40669106116047, q_loss:100, rewards:-6.929334852430555, queue:10.755555555555556, delay:0.49011730617947047, throughput:1825
Episode 175 sim randomization params: {'headwayTime': 1.34796236230614, 'minGap': 2.8320030611487343, 'usualPosAcc': 2.284151983108632, 'usualNegAcc': 4.748331140938958, 'length': 4.7}
SIM_TRAIN step:175, travel time:143.492972410203, q_loss:0.38947108, rewards:-3.8359615749782985, queue:5.730555555555555, delay:0.3668428209092882, throughput:1875
episode:175/300, sim_loss:0.38947108
Episode 176 sim randomization params: {'headwayTime': 1.3237174684673385, 'minGap': 3.0950979516804944, 'usualPosAcc': 2.309971808427844, 'usualNegAcc': 4.037669373879254, 'length': 5.0}
SIM_TRAIN step:176, travel time:143.67881311816762, q_loss:0.38279554, rewards:-3.814125569661458, queue:5.636111111111111, delay:0.3762759314643012, throughput:1871
episode:176/300, sim_loss:0.38279554
Episode 177 sim randomization params: {'headwayTime': 2.846886005757157, 'minGap': 2.9900584812743536, 'usualPosAcc': 2.362839481560885, 'usualNegAcc': 4.763754800825403, 'length': 5.0}
SIM_TRAIN step:177, travel time:144.36614583333332, q_loss:0.3805861, rewards:-3.886001247829861, queue:5.7972222222222225, delay:0.3652917226155599, throughput:1873
episode:177/300, sim_loss:0.3805861
REAL_TEST step:177, travel time:162.5823314166231, q_loss:100, rewards:-6.011705864800347, queue:9.497222222222222, delay:0.47205560472276475, throughput:1826
Episode 178 sim randomization params: {'headwayTime': 1.2064106306207054, 'minGap': 2.8457086926803563, 'usualPosAcc': 0.9733440468413577, 'usualNegAcc': 2.1999726803308164, 'length': 4.7}
SIM_TRAIN step:178, travel time:144.42715920915714, q_loss:0.35078582, rewards:-3.6593332926432294, queue:5.383333333333334, delay:0.3645467970106337, throughput:1876
episode:178/300, sim_loss:0.35078582
Episode 179 sim randomization params: {'headwayTime': 0.8965214545557665, 'minGap': 3.380796351787118, 'usualPosAcc': 1.8731751776091754, 'usualNegAcc': 4.928563674680214, 'length': 4.997792093297407}
SIM_TRAIN step:179, travel time:144.37604166666668, q_loss:0.34185082, rewards:-4.117998589409722, queue:6.066666666666666, delay:0.37006907992892796, throughput:1873
episode:179/300, sim_loss:0.34185082
Episode 180 sim randomization params: {'headwayTime': 0.860028583127985, 'minGap': 3.381780625446047, 'usualPosAcc': 3.4217999540594732, 'usualNegAcc': 1.0, 'length': 5.0}
SIM_TRAIN step:180, travel time:145.84479166666668, q_loss:0.35138258, rewards:-3.2983744303385416, queue:4.902777777777778, delay:0.38559646606445314, throughput:1873
episode:180/300, sim_loss:0.35138258
REAL_TEST step:180, travel time:163.7794040773654, q_loss:100, rewards:-6.368458387586806, queue:9.969444444444445, delay:0.4746031443277995, throughput:1822
Episode 181 sim randomization params: {'headwayTime': 0.5, 'minGap': 2.835950979230253, 'usualPosAcc': 3.538634253490097, 'usualNegAcc': 3.2322290694652795, 'length': 5.0}
SIM_TRAIN step:181, travel time:143.38761706555673, q_loss:0.36010322, rewards:-3.569333224826389, queue:5.341666666666667, delay:0.3742813534206814, throughput:1873
episode:181/300, sim_loss:0.36010322
Episode 182 sim randomization params: {'headwayTime': 3.4474368561082973, 'minGap': 2.3323247802246887, 'usualPosAcc': 1.9874895472500582, 'usualNegAcc': 4.140035023825329, 'length': 4.7}
SIM_TRAIN step:182, travel time:145.68489583333334, q_loss:0.33678907, rewards:-4.164458889431423, queue:6.1722222222222225, delay:0.3833753373887804, throughput:1875
episode:182/300, sim_loss:0.33678907
Episode 183 sim randomization params: {'headwayTime': 1.7171905840593855, 'minGap': 3.1879225681000225, 'usualPosAcc': 3.0608225770894992, 'usualNegAcc': 2.263834305158419, 'length': 5.0}
SIM_TRAIN step:183, travel time:144.8814352574103, q_loss:0.3420533, rewards:-3.8221259223090276, queue:5.527777777777778, delay:0.37763964335123695, throughput:1874
episode:183/300, sim_loss:0.3420533
REAL_TEST step:183, travel time:162.76738107684267, q_loss:100, rewards:-5.9122504340277775, queue:9.319444444444445, delay:0.46560550265842016, throughput:1825
Episode 184 sim randomization params: {'headwayTime': 1.0162827458555264, 'minGap': 2.4625307506776366, 'usualPosAcc': 1.0931240439971905, 'usualNegAcc': 4.147650637877433, 'length': 4.98200722816412}
SIM_TRAIN step:184, travel time:144.22708333333333, q_loss:0.3296216, rewards:-3.8702094184027778, queue:5.836111111111111, delay:0.37374721103244357, throughput:1875
episode:184/300, sim_loss:0.3296216
Episode 185 sim randomization params: {'headwayTime': 2.1096143011484134, 'minGap': 2.48736474276593, 'usualPosAcc': 2.3798558120168973, 'usualNegAcc': 2.0820185319114177, 'length': 4.7}
SIM_TRAIN step:185, travel time:144.7060353798127, q_loss:0.31666854, rewards:-3.676333279079861, queue:5.308333333333334, delay:0.36499654981825086, throughput:1875
episode:185/300, sim_loss:0.31666854
Episode 186 sim randomization params: {'headwayTime': 1.8077256404809248, 'minGap': 2.4019794375246213, 'usualPosAcc': 3.5402034822592716, 'usualNegAcc': 7.0, 'length': 5.0}
SIM_TRAIN step:186, travel time:144.78813118167622, q_loss:0.3383512, rewards:-4.221541341145834, queue:6.138888888888889, delay:0.36709505716959634, throughput:1875
episode:186/300, sim_loss:0.3383512
REAL_TEST step:186, travel time:167.318348144276, q_loss:100, rewards:-7.631709798177083, queue:11.833333333333334, delay:0.49942593044704864, throughput:1823
Episode 187 sim randomization params: {'headwayTime': 0.5, 'minGap': 2.802373214905465, 'usualPosAcc': 0.5146043967281564, 'usualNegAcc': 3.1109184451841347, 'length': 5.0}
SIM_TRAIN step:187, travel time:143.83506763787722, q_loss:0.33728105, rewards:-3.544875081380208, queue:5.266666666666667, delay:0.36227073669433596, throughput:1873
episode:187/300, sim_loss:0.33728105
Episode 188 sim randomization params: {'headwayTime': 3.1432110361488173, 'minGap': 2.5285726086109643, 'usualPosAcc': 3.0368380887418094, 'usualNegAcc': 5.503996519008496, 'length': 5.0}
SIM_TRAIN step:188, travel time:145.15408641332638, q_loss:0.32811645, rewards:-4.131457180447049, queue:6.163888888888889, delay:0.3805489010281033, throughput:1871
episode:188/300, sim_loss:0.32811645
Episode 189 sim randomization params: {'headwayTime': 0.8595930576232826, 'minGap': 2.588887995651458, 'usualPosAcc': 2.704005582003738, 'usualNegAcc': 1.0, 'length': 4.7}
SIM_TRAIN step:189, travel time:145.20759625390218, q_loss:0.31818378, rewards:-3.2056671142578126, queue:4.802777777777778, delay:0.3813286675347222, throughput:1866
episode:189/300, sim_loss:0.31818378
REAL_TEST step:189, travel time:163.65290120230006, q_loss:100, rewards:-6.242624918619792, queue:9.858333333333333, delay:0.4805504692925347, throughput:1828
Episode 190 sim randomization params: {'headwayTime': 1.6203743043175498, 'minGap': 2.7346368844863607, 'usualPosAcc': 0.4759324096989692, 'usualNegAcc': 3.3169402719417422, 'length': 4.7}
SIM_TRAIN step:190, travel time:144.59396147839666, q_loss:0.302656, rewards:-3.761707560221354, queue:5.386111111111111, delay:0.3681287129720052, throughput:1873
episode:190/300, sim_loss:0.302656
Episode 191 sim randomization params: {'headwayTime': 3.440745013470877, 'minGap': 2.5693490657278053, 'usualPosAcc': 2.246010623524712, 'usualNegAcc': 3.3366012368152913, 'length': 5.0}
SIM_TRAIN step:191, travel time:144.8140625, q_loss:0.3021994, rewards:-3.6707088894314235, queue:5.472222222222222, delay:0.3724969651963976, throughput:1874
episode:191/300, sim_loss:0.3021994
Episode 192 sim randomization params: {'headwayTime': 0.5, 'minGap': 2.7773750231134398, 'usualPosAcc': 3.6630766030122, 'usualNegAcc': 3.1357663499265547, 'length': 4.7}
SIM_TRAIN step:192, travel time:144.0260281103592, q_loss:0.3134719, rewards:-3.7302931043836804, queue:5.572222222222222, delay:0.37252142164442276, throughput:1874
episode:192/300, sim_loss:0.3134719
REAL_TEST step:192, travel time:167.27914270778882, q_loss:100, rewards:-7.679915364583334, queue:11.777777777777779, delay:0.49110887315538193, throughput:1826
Episode 193 sim randomization params: {'headwayTime': 2.6780787654736047, 'minGap': 3.021207286247663, 'usualPosAcc': 2.262134426938033, 'usualNegAcc': 1.890718696624901, 'length': 4.7}
SIM_TRAIN step:193, travel time:145.07395833333334, q_loss:0.31691483, rewards:-3.6289998372395833, queue:5.263888888888889, delay:0.3719957139756944, throughput:1874
episode:193/300, sim_loss:0.31691483
Episode 194 sim randomization params: {'headwayTime': 1.5446509791825245, 'minGap': 2.584808171927017, 'usualPosAcc': 0.1, 'usualNegAcc': 2.4999125936673856, 'length': 4.960483881938064}
SIM_TRAIN step:194, travel time:144.15400624349635, q_loss:0.2967155, rewards:-3.3619991726345484, queue:4.938888888888889, delay:0.3706582387288411, throughput:1874
episode:194/300, sim_loss:0.2967155
Episode 195 sim randomization params: {'headwayTime': 1.2025036808939482, 'minGap': 2.872793777910175, 'usualPosAcc': 2.7437748513895763, 'usualNegAcc': 5.09865778056834, 'length': 5.0}
SIM_TRAIN step:195, travel time:144.4263404476835, q_loss:0.29074958, rewards:-4.123585001627604, queue:6.088888888888889, delay:0.3795683966742622, throughput:1875
episode:195/300, sim_loss:0.29074958
REAL_TEST step:195, travel time:163.41087297438577, q_loss:100, rewards:-6.128542073567709, queue:9.747222222222222, delay:0.4720545874701606, throughput:1827
Episode 196 sim randomization params: {'headwayTime': 3.395248547023739, 'minGap': 2.3944417232424215, 'usualPosAcc': 0.1, 'usualNegAcc': 3.5526390168758715, 'length': 5.0}
SIM_TRAIN step:196, travel time:145.30677083333333, q_loss:0.28697854, rewards:-3.2812493218315972, queue:4.7444444444444445, delay:0.3752993689643012, throughput:1874
episode:196/300, sim_loss:0.28697854
Episode 197 sim randomization params: {'headwayTime': 0.5, 'minGap': 2.9979315693927466, 'usualPosAcc': 1.586962160498436, 'usualNegAcc': 4.3281647831393535, 'length': 4.79166836929803}
SIM_TRAIN step:197, travel time:143.60561914672218, q_loss:0.29896772, rewards:-3.893333265516493, queue:5.833333333333333, delay:0.36328095330132376, throughput:1874
episode:197/300, sim_loss:0.29896772
Episode 198 sim randomization params: {'headwayTime': 2.8035087855826104, 'minGap': 2.272449730122044, 'usualPosAcc': 2.0336850498649524, 'usualNegAcc': 3.468190229902829, 'length': 4.7}
SIM_TRAIN step:198, travel time:144.39157566302652, q_loss:0.29727897, rewards:-3.7667921278211804, queue:5.538888888888889, delay:0.3753645155164931, throughput:1875
episode:198/300, sim_loss:0.29727897
REAL_TEST step:198, travel time:167.28959749085206, q_loss:100, rewards:-7.671084255642361, queue:11.758333333333333, delay:0.49416817559136283, throughput:1826
Episode 199 sim randomization params: {'headwayTime': 5.0, 'minGap': 2.7053215716456114, 'usualPosAcc': 4.5203615514513915, 'usualNegAcc': 2.6636263378527305, 'length': 4.852818460492158}
SIM_TRAIN step:199, travel time:149.63300364393544, q_loss:0.28900197, rewards:-4.352957153320313, queue:6.177777777777778, delay:0.4086959415011936, throughput:1870
episode:199/300, sim_loss:0.28900197
Episode 200 sim randomization params: {'headwayTime': 4.195506383726736, 'minGap': 3.0093776642100054, 'usualPosAcc': 2.89119391639421, 'usualNegAcc': 4.1148717791549, 'length': 4.7}
SIM_TRAIN step:200, travel time:147.195007800312, q_loss:0.29922965, rewards:-4.332206895616319, queue:6.438888888888889, delay:0.38842408921983507, throughput:1874
episode:200/300, sim_loss:0.29922965
Episode 201 sim randomization params: {'headwayTime': 1.410490351660508, 'minGap': 2.555679564602589, 'usualPosAcc': 2.8984825671474685, 'usualNegAcc': 2.8513629165705368, 'length': 4.971802162240161}
SIM_TRAIN step:201, travel time:144.15400624349635, q_loss:0.3005781, rewards:-3.783251953125, queue:5.586111111111111, delay:0.3695090823703342, throughput:1874
episode:201/300, sim_loss:0.3005781
REAL_TEST step:201, travel time:164.5389440669106, q_loss:100, rewards:-6.727041965060764, queue:10.358333333333333, delay:0.4704488118489583, throughput:1824
Episode 202 sim randomization params: {'headwayTime': 1.9631921630281324, 'minGap': 2.886906661434195, 'usualPosAcc': 2.5827439142003192, 'usualNegAcc': 2.6822901540415867, 'length': 4.7}
SIM_TRAIN step:202, travel time:144.678125, q_loss:0.29691452, rewards:-3.713292778862847, queue:5.394444444444445, delay:0.37023357815212676, throughput:1875
episode:202/300, sim_loss:0.29691452
Episode 203 sim randomization params: {'headwayTime': 0.9240893324440829, 'minGap': 3.2857538026317132, 'usualPosAcc': 3.1388600567921996, 'usualNegAcc': 4.615650362523544, 'length': 5.0}
SIM_TRAIN step:203, travel time:143.8080124869927, q_loss:0.3025624, rewards:-3.9222503662109376, queue:5.772222222222222, delay:0.3586478763156467, throughput:1872
episode:203/300, sim_loss:0.3025624
Episode 204 sim randomization params: {'headwayTime': 0.5, 'minGap': 3.0835828717334555, 'usualPosAcc': 1.1678992169242661, 'usualNegAcc': 3.178441145767655, 'length': 5.0}
SIM_TRAIN step:204, travel time:143.8309053069719, q_loss:0.29960084, rewards:-3.7016669379340277, queue:5.533333333333333, delay:0.3710900200737847, throughput:1876
episode:204/300, sim_loss:0.29960084
REAL_TEST step:204, travel time:166.7151071615264, q_loss:100, rewards:-7.267331949869791, queue:11.13888888888889, delay:0.48398462931315106, throughput:1827
Episode 205 sim randomization params: {'headwayTime': 4.957391122831471, 'minGap': 2.6184206207089322, 'usualPosAcc': 2.501077095112374, 'usualNegAcc': 5.503729414169671, 'length': 4.7}
SIM_TRAIN step:205, travel time:148.97604166666667, q_loss:0.307688, rewards:-4.679293484157986, queue:6.930555555555555, delay:0.39577611287434894, throughput:1871
episode:205/300, sim_loss:0.307688
Episode 206 sim randomization params: {'headwayTime': 2.7409398590306133, 'minGap': 2.7890198658567615, 'usualPosAcc': 1.4308948388007237, 'usualNegAcc': 3.9287440839948298, 'length': 5.0}
SIM_TRAIN step:206, travel time:144.71071800208117, q_loss:0.30760714, rewards:-3.995374552408854, queue:5.872222222222222, delay:0.3696965535481771, throughput:1874
episode:206/300, sim_loss:0.30760714
Episode 207 sim randomization params: {'headwayTime': 0.5, 'minGap': 3.0367963214648266, 'usualPosAcc': 2.8657831858833323, 'usualNegAcc': 1.7627712426357658, 'length': 5.0}
SIM_TRAIN step:207, travel time:144.11706555671176, q_loss:0.32289997, rewards:-3.3902906629774305, queue:4.919444444444444, delay:0.37874230278862847, throughput:1871
episode:207/300, sim_loss:0.32289997
REAL_TEST step:207, travel time:173.64610559330893, q_loss:100, rewards:-10.033747016059028, queue:14.875, delay:0.504136233859592, throughput:1821
Episode 208 sim randomization params: {'headwayTime': 4.029127725581658, 'minGap': 2.5904263707599173, 'usualPosAcc': 1.8321819994860493, 'usualNegAcc': 4.902417164646207, 'length': 4.7}
SIM_TRAIN step:208, travel time:146.47762747138398, q_loss:0.3445385, rewards:-4.311414930555555, queue:6.377777777777778, delay:0.3878652784559462, throughput:1874
episode:208/300, sim_loss:0.3445385
Episode 209 sim randomization params: {'headwayTime': 0.5, 'minGap': 3.2775975604642618, 'usualPosAcc': 2.6419427352334512, 'usualNegAcc': 6.674960857905271, 'length': 5.0}
SIM_TRAIN step:209, travel time:144.28876170655568, q_loss:0.35567424, rewards:-4.152625528971354, queue:6.038888888888889, delay:0.37339227464463975, throughput:1874
episode:209/300, sim_loss:0.35567424
Episode 210 sim randomization params: {'headwayTime': 2.438056706207933, 'minGap': 3.9348201733018873, 'usualPosAcc': 2.396260409506053, 'usualNegAcc': 2.2151674067920686, 'length': 5.0}
SIM_TRAIN step:210, travel time:146.04422476586888, q_loss:0.3387761, rewards:-4.067627292209202, queue:5.908333333333333, delay:0.37173279656304253, throughput:1876
episode:210/300, sim_loss:0.3387761
REAL_TEST step:210, travel time:171.2388917929953, q_loss:100, rewards:-9.040787760416666, queue:13.536111111111111, delay:0.5014522976345486, throughput:1822
Episode 211 sim randomization params: {'headwayTime': 4.1102861783472875, 'minGap': 2.4805567480928854, 'usualPosAcc': 1.3947594513445791, 'usualNegAcc': 4.4016522734672305, 'length': 4.7}
SIM_TRAIN step:211, travel time:146.38865764828304, q_loss:0.32783037, rewards:-4.233582560221354, queue:6.330555555555556, delay:0.38401930067274304, throughput:1870
episode:211/300, sim_loss:0.32783037
Episode 212 sim randomization params: {'headwayTime': 0.5, 'minGap': 3.186374269679145, 'usualPosAcc': 1.8320337140317893, 'usualNegAcc': 1.162686313001955, 'length': 5.0}
SIM_TRAIN step:212, travel time:144.88605619146722, q_loss:0.3410981, rewards:-3.206584676106771, queue:4.75, delay:0.37546666463216144, throughput:1875
episode:212/300, sim_loss:0.3410981
Episode 213 sim randomization params: {'headwayTime': 0.5, 'minGap': 2.7115884030944337, 'usualPosAcc': 2.123085160964654, 'usualNegAcc': 3.8297052546052144, 'length': 4.763516670781473}
SIM_TRAIN step:213, travel time:143.58688865764827, q_loss:0.34105083, rewards:-3.8041246202256946, queue:5.694444444444445, delay:0.36440467834472656, throughput:1875
episode:213/300, sim_loss:0.34105083
REAL_TEST step:213, travel time:173.43648719289075, q_loss:100, rewards:-9.730458577473959, queue:14.438888888888888, delay:0.5130367279052734, throughput:1821
Episode 214 sim randomization params: {'headwayTime': 1.9566918109362155, 'minGap': 2.9206980484673273, 'usualPosAcc': 2.5121200568776647, 'usualNegAcc': 3.8455071914814574, 'length': 4.7}
SIM_TRAIN step:214, travel time:144.6633714880333, q_loss:0.3316573, rewards:-3.9587086995442706, queue:5.766666666666667, delay:0.3734559800889757, throughput:1873
episode:214/300, sim_loss:0.3316573
Episode 215 sim randomization params: {'headwayTime': 2.8806845150485874, 'minGap': 2.3943955887268267, 'usualPosAcc': 0.1, 'usualNegAcc': 5.8549027341262825, 'length': 4.7}
SIM_TRAIN step:215, travel time:130.80687142113482, q_loss:0.39729092, rewards:-0.1409166865878635, queue:0.18888888888888888, delay:0.2615377002292209, throughput:1879
episode:215/300, sim_loss:0.39729092
Episode 216 sim randomization params: {'headwayTime': 2.41836831753895, 'minGap': 2.6218778646566436, 'usualPosAcc': 1.7072859464161918, 'usualNegAcc': 4.454501438988167, 'length': 4.7}
SIM_TRAIN step:216, travel time:146.22788761706556, q_loss:0.49731928, rewards:-4.648915269639757, queue:6.852777777777778, delay:0.3817905002170139, throughput:1875
episode:216/300, sim_loss:0.49731928
REAL_TEST step:216, travel time:177.41139571353895, q_loss:100, rewards:-11.439455837673611, queue:17.041666666666668, delay:0.5222226884629991, throughput:1816
Episode 217 sim randomization params: {'headwayTime': 2.7596334674845187, 'minGap': 3.037049291447483, 'usualPosAcc': 4.21364916295316, 'usualNegAcc': 3.1755073760246004, 'length': 5.0}
SIM_TRAIN step:217, travel time:145.39010416666667, q_loss:0.547543, rewards:-4.008291286892361, queue:5.966666666666667, delay:0.36844461229112413, throughput:1874
episode:217/300, sim_loss:0.547543
Episode 218 sim randomization params: {'headwayTime': 5.0, 'minGap': 3.4712056205913675, 'usualPosAcc': 3.427064661236297, 'usualNegAcc': 4.400699072209247, 'length': 5.0}
SIM_TRAIN step:218, travel time:150.5078125, q_loss:0.5855458, rewards:-4.891209242078993, queue:7.305555555555555, delay:0.4076738993326823, throughput:1872
episode:218/300, sim_loss:0.5855458
Episode 219 sim randomization params: {'headwayTime': 5.0, 'minGap': 2.6240177777208413, 'usualPosAcc': 3.8861082893384733, 'usualNegAcc': 4.6390564020191665, 'length': 5.0}
SIM_TRAIN step:219, travel time:150.6219448777951, q_loss:0.6859739, rewards:-4.845830959743924, queue:7.236111111111111, delay:0.3970124138726128, throughput:1872
episode:219/300, sim_loss:0.6859739
REAL_TEST step:219, travel time:161.22111866178776, q_loss:100, rewards:-5.2475830078125, queue:8.469444444444445, delay:0.4527746412489149, throughput:1832
Episode 220 sim randomization params: {'headwayTime': 2.3713627676762075, 'minGap': 3.0756026404864327, 'usualPosAcc': 3.904807529168255, 'usualNegAcc': 4.0412809841765505, 'length': 5.0}
SIM_TRAIN step:220, travel time:146.20666319625195, q_loss:0.7224782, rewards:-4.380541314019097, queue:6.394444444444445, delay:0.3761402130126953, throughput:1863
episode:220/300, sim_loss:0.7224782
Episode 221 sim randomization params: {'headwayTime': 4.5640883560324745, 'minGap': 3.0143792876338527, 'usualPosAcc': 3.3712305751297906, 'usualNegAcc': 5.244758950663918, 'length': 5.0}
SIM_TRAIN step:221, travel time:148.67100468505987, q_loss:0.766196, rewards:-4.67254163953993, queue:6.95, delay:0.3906099531385634, throughput:1871
episode:221/300, sim_loss:0.766196
Episode 222 sim randomization params: {'headwayTime': 4.271862444684704, 'minGap': 3.035797383017681, 'usualPosAcc': 2.912629017407447, 'usualNegAcc': 1.791178418551795, 'length': 5.0}
SIM_TRAIN step:222, travel time:148.0353798126951, q_loss:0.8646241, rewards:-4.031124199761285, queue:5.963888888888889, delay:0.387468507554796, throughput:1873
episode:222/300, sim_loss:0.8646241
REAL_TEST step:222, travel time:162.11291165708312, q_loss:100, rewards:-5.526042683919271, queue:8.755555555555556, delay:0.44897681342230905, throughput:1826
Episode 223 sim randomization params: {'headwayTime': 0.5, 'minGap': 2.5313458010543273, 'usualPosAcc': 3.5146921413579095, 'usualNegAcc': 3.543099593621823, 'length': 5.0}
SIM_TRAIN step:223, travel time:144.20614263404477, q_loss:0.8309179, rewards:-3.8226253933376735, queue:5.688888888888889, delay:0.36195873684353297, throughput:1875
episode:223/300, sim_loss:0.8309179
Episode 224 sim randomization params: {'headwayTime': 0.990275282240942, 'minGap': 3.3324334426914186, 'usualPosAcc': 2.825530164876479, 'usualNegAcc': 5.552856190172445, 'length': 5.0}
SIM_TRAIN step:224, travel time:145.29880270692348, q_loss:0.91866285, rewards:-4.387125990125868, queue:6.402777777777778, delay:0.3589808570014106, throughput:1873
episode:224/300, sim_loss:0.91866285
Episode 225 sim randomization params: {'headwayTime': 2.392490798319632, 'minGap': 2.7277301320001404, 'usualPosAcc': 2.672850305602455, 'usualNegAcc': 4.991696357359128, 'length': 5.0}
SIM_TRAIN step:225, travel time:145.28772112382936, q_loss:0.9386773, rewards:-4.335041978624132, queue:6.366666666666666, delay:0.3643753475613064, throughput:1873
episode:225/300, sim_loss:0.9386773
REAL_TEST step:225, travel time:164.22320961840043, q_loss:100, rewards:-6.289251030815972, queue:9.9, delay:0.4771344502766927, throughput:1826
Episode 226 sim randomization params: {'headwayTime': 0.5, 'minGap': 3.26924553898854, 'usualPosAcc': 2.339085199593853, 'usualNegAcc': 4.971811404766049, 'length': 4.7}
SIM_TRAIN step:226, travel time:144.65694950546592, q_loss:0.93355566, rewards:-4.172376166449653, queue:6.1194444444444445, delay:0.3620245615641276, throughput:1875
episode:226/300, sim_loss:0.93355566
Episode 227 sim randomization params: {'headwayTime': 3.229003859152138, 'minGap': 2.6132269221825672, 'usualPosAcc': 2.8059252910565595, 'usualNegAcc': 3.235073501517347, 'length': 4.8172335572099785}
SIM_TRAIN step:227, travel time:145.75520833333334, q_loss:0.97213966, rewards:-3.9777099609375, queue:5.891666666666667, delay:0.3704569074842665, throughput:1874
episode:227/300, sim_loss:0.97213966
Episode 228 sim randomization params: {'headwayTime': 1.0971405788440955, 'minGap': 2.8447115253498167, 'usualPosAcc': 0.262736821372211, 'usualNegAcc': 5.067495521706214, 'length': 5.0}
SIM_TRAIN step:228, travel time:135.20572916666666, q_loss:1.0524104, rewards:-1.286666785346137, queue:2.05, delay:0.29881358676486547, throughput:1876
episode:228/300, sim_loss:1.0524104
REAL_TEST step:228, travel time:162.90904338734973, q_loss:100, rewards:-6.077664523654514, queue:9.686111111111112, delay:0.46729388766818575, throughput:1826
Episode 229 sim randomization params: {'headwayTime': 1.3162902450608414, 'minGap': 2.4032883346731437, 'usualPosAcc': 1.750475393044424, 'usualNegAcc': 5.178278354328686, 'length': 5.0}
SIM_TRAIN step:229, travel time:144.82916666666668, q_loss:0.946314, rewards:-4.186207411024306, queue:6.208333333333333, delay:0.35746968587239586, throughput:1874
episode:229/300, sim_loss:0.946314
Episode 230 sim randomization params: {'headwayTime': 1.568374197173769, 'minGap': 3.22301892085061, 'usualPosAcc': 1.2135861713877734, 'usualNegAcc': 2.7442873234980536, 'length': 5.0}
SIM_TRAIN step:230, travel time:145.48256116605936, q_loss:0.793183, rewards:-4.1597100151909725, queue:6.1, delay:0.36759219699435763, throughput:1874
episode:230/300, sim_loss:0.793183
Episode 231 sim randomization params: {'headwayTime': 1.9302334064231084, 'minGap': 2.6878787483041267, 'usualPosAcc': 0.1, 'usualNegAcc': 4.747097481994745, 'length': 5.0}
SIM_TRAIN step:231, travel time:140.77702702702703, q_loss:0.77229977, rewards:-2.3432496812608505, queue:3.625, delay:0.33078329298231335, throughput:1875
episode:231/300, sim_loss:0.77229977
REAL_TEST step:231, travel time:163.40146366962887, q_loss:100, rewards:-6.192209879557292, queue:9.616666666666667, delay:0.4372443305121528, throughput:1825
Episode 232 sim randomization params: {'headwayTime': 0.5, 'minGap': 3.1161172469990697, 'usualPosAcc': 2.610465288088322, 'usualNegAcc': 4.134982252703932, 'length': 5.0}
SIM_TRAIN step:232, travel time:144.84487246225925, q_loss:0.7204819, rewards:-4.202372911241319, queue:6.225, delay:0.363893551296658, throughput:1871
episode:232/300, sim_loss:0.7204819
Episode 233 sim randomization params: {'headwayTime': 0.7904003552396908, 'minGap': 3.156883117126088, 'usualPosAcc': 3.560041646697492, 'usualNegAcc': 4.887964553245877, 'length': 5.0}
SIM_TRAIN step:233, travel time:145.10046850598647, q_loss:0.7354385, rewards:-4.237875705295139, queue:6.294444444444444, delay:0.37577976650661893, throughput:1871
episode:233/300, sim_loss:0.7354385
Episode 234 sim randomization params: {'headwayTime': 3.2659606716758134, 'minGap': 2.6978392242778924, 'usualPosAcc': 5.075802811388425, 'usualNegAcc': 1.9725924288565415, 'length': 4.703856899610871}
SIM_TRAIN step:234, travel time:145.35208333333333, q_loss:0.68612033, rewards:-3.5860419379340276, queue:5.3277777777777775, delay:0.3768448723687066, throughput:1872
episode:234/300, sim_loss:0.68612033
REAL_TEST step:234, travel time:161.1871406168322, q_loss:100, rewards:-5.149499172634549, queue:8.25, delay:0.4202644771999783, throughput:1827
Episode 235 sim randomization params: {'headwayTime': 0.5, 'minGap': 2.8630061121649346, 'usualPosAcc': 4.101818225166083, 'usualNegAcc': 5.7245460926713125, 'length': 5.0}
SIM_TRAIN step:235, travel time:145.38072916666667, q_loss:0.6330123, rewards:-4.376583184136285, queue:6.408333333333333, delay:0.374853261311849, throughput:1872
episode:235/300, sim_loss:0.6330123
Episode 236 sim randomization params: {'headwayTime': 1.021377817461192, 'minGap': 2.7006965846658075, 'usualPosAcc': 1.8096532541457113, 'usualNegAcc': 5.186431464424954, 'length': 4.7}
SIM_TRAIN step:236, travel time:144.85007808433107, q_loss:0.61495554, rewards:-4.251457722981771, queue:6.275, delay:0.3683074951171875, throughput:1872
episode:236/300, sim_loss:0.61495554
Episode 237 sim randomization params: {'headwayTime': 3.6302115074795633, 'minGap': 2.888266134215268, 'usualPosAcc': 2.8639894585346255, 'usualNegAcc': 6.058280678885049, 'length': 4.7}
SIM_TRAIN step:237, travel time:145.52393340270552, q_loss:0.610681, rewards:-4.219959513346354, queue:6.313888888888889, delay:0.37500478956434463, throughput:1873
episode:237/300, sim_loss:0.610681
REAL_TEST step:237, travel time:162.48667015159435, q_loss:100, rewards:-5.802500406901042, queue:9.186111111111112, delay:0.44556783040364584, throughput:1824
Episode 238 sim randomization params: {'headwayTime': 5.0, 'minGap': 2.3925970426254786, 'usualPosAcc': 1.5083213762463559, 'usualNegAcc': 1.2377094111614468, 'length': 4.7}
SIM_TRAIN step:238, travel time:149.67777199375325, q_loss:0.6239535, rewards:-4.040542263454861, queue:5.872222222222222, delay:0.40542950100368924, throughput:1872
episode:238/300, sim_loss:0.6239535
Episode 239 sim randomization params: {'headwayTime': 3.1317013120647506, 'minGap': 3.165582463386907, 'usualPosAcc': 3.0472144127246272, 'usualNegAcc': 4.116663460197945, 'length': 4.7}
SIM_TRAIN step:239, travel time:145.16875, q_loss:0.63129807, rewards:-3.849748060438368, queue:5.738888888888889, delay:0.3788494110107422, throughput:1871
episode:239/300, sim_loss:0.63129807
Episode 240 sim randomization params: {'headwayTime': 0.5, 'minGap': 3.0094004026953196, 'usualPosAcc': 4.463017489136155, 'usualNegAcc': 3.131949773831035, 'length': 4.7}
SIM_TRAIN step:240, travel time:144.5952133194589, q_loss:0.632145, rewards:-3.9625847710503472, queue:5.938888888888889, delay:0.3736404842800564, throughput:1872
episode:240/300, sim_loss:0.632145
REAL_TEST step:240, travel time:162.2404600104548, q_loss:100, rewards:-5.57620849609375, queue:8.922222222222222, delay:0.4519527435302734, throughput:1829
Episode 241 sim randomization params: {'headwayTime': 0.5, 'minGap': 2.654965382738983, 'usualPosAcc': 4.778179598149935, 'usualNegAcc': 3.375926321449438, 'length': 4.7}
SIM_TRAIN step:241, travel time:144.1353461738678, q_loss:0.61853606, rewards:-3.75516594780816, queue:5.6194444444444445, delay:0.3681134541829427, throughput:1872
episode:241/300, sim_loss:0.61853606
Episode 242 sim randomization params: {'headwayTime': 1.0212366058289595, 'minGap': 2.725923810330865, 'usualPosAcc': 2.991234244701517, 'usualNegAcc': 2.670374332422182, 'length': 4.7}
SIM_TRAIN step:242, travel time:144.521875, q_loss:0.5175142, rewards:-3.663876003689236, queue:5.447222222222222, delay:0.3683438195122613, throughput:1874
episode:242/300, sim_loss:0.5175142
Episode 243 sim randomization params: {'headwayTime': 1.7672099373589312, 'minGap': 3.06872131685464, 'usualPosAcc': 3.605179524383236, 'usualNegAcc': 4.558829945376828, 'length': 4.707201965010794}
SIM_TRAIN step:243, travel time:144.4867256637168, q_loss:0.458889, rewards:-3.9733340793185765, queue:5.830555555555556, delay:0.3642449696858724, throughput:1875
episode:243/300, sim_loss:0.458889
REAL_TEST step:243, travel time:162.78306325143754, q_loss:100, rewards:-5.927914089626736, queue:9.519444444444444, delay:0.47572771708170575, throughput:1827
Episode 244 sim randomization params: {'headwayTime': 0.5, 'minGap': 2.6125341885642848, 'usualPosAcc': 3.0163506948554297, 'usualNegAcc': 1.6195289546045344, 'length': 5.0}
SIM_TRAIN step:244, travel time:144.43704474505722, q_loss:0.41672534, rewards:-3.4747934977213544, queue:5.063888888888889, delay:0.3699120839436849, throughput:1872
episode:244/300, sim_loss:0.41672534
Episode 245 sim randomization params: {'headwayTime': 1.0557425699561027, 'minGap': 2.69042097673889, 'usualPosAcc': 4.1525295309101775, 'usualNegAcc': 4.0412229026105795, 'length': 5.0}
SIM_TRAIN step:245, travel time:144.04006243496357, q_loss:0.3591502, rewards:-3.80625, queue:5.644444444444445, delay:0.36566755506727433, throughput:1876
episode:245/300, sim_loss:0.3591502
Episode 246 sim randomization params: {'headwayTime': 0.5, 'minGap': 3.3070668291671046, 'usualPosAcc': 3.866349357929271, 'usualNegAcc': 1.0, 'length': 4.943506744467491}
SIM_TRAIN step:246, travel time:145.72320499479707, q_loss:0.32129538, rewards:-3.283791775173611, queue:4.933333333333334, delay:0.381368170844184, throughput:1872
episode:246/300, sim_loss:0.32129538
REAL_TEST step:246, travel time:163.91792995295347, q_loss:100, rewards:-6.409125434027778, queue:10.16388888888889, delay:0.48414620293511285, throughput:1828
Episode 247 sim randomization params: {'headwayTime': 4.829737203794764, 'minGap': 3.1801006572204784, 'usualPosAcc': 2.0298032270675828, 'usualNegAcc': 3.3368469905519538, 'length': 4.7}
SIM_TRAIN step:247, travel time:148.97084851639772, q_loss:0.32690972, rewards:-4.4946238199869795, queue:6.705555555555556, delay:0.40622732374403214, throughput:1873
episode:247/300, sim_loss:0.32690972
Episode 248 sim randomization params: {'headwayTime': 2.465137707406604, 'minGap': 2.254458050758837, 'usualPosAcc': 1.2491828281788324, 'usualNegAcc': 5.445896402326152, 'length': 4.986838371919793}
SIM_TRAIN step:248, travel time:145.22540343571058, q_loss:0.29675314, rewards:-4.266000705295139, queue:6.211111111111111, delay:0.37725368075900606, throughput:1867
episode:248/300, sim_loss:0.29675314
Episode 249 sim randomization params: {'headwayTime': 1.4567358934828325, 'minGap': 2.86187199570148, 'usualPosAcc': 6.358975856982595, 'usualNegAcc': 5.314893265582767, 'length': 4.7}
SIM_TRAIN step:249, travel time:144.83038501560875, q_loss:0.26930627, rewards:-4.281709798177084, queue:6.316666666666666, delay:0.3683667500813802, throughput:1874
episode:249/300, sim_loss:0.26930627
REAL_TEST step:249, travel time:166.60428646105592, q_loss:100, rewards:-7.303459337022569, queue:11.508333333333333, delay:0.5030563354492188, throughput:1825
Episode 250 sim randomization params: {'headwayTime': 5.0, 'minGap': 2.86803382235292, 'usualPosAcc': 3.6360150293709106, 'usualNegAcc': 2.784856493684037, 'length': 4.7}
SIM_TRAIN step:250, travel time:150.00729166666667, q_loss:0.25393605, rewards:-4.575208536783854, queue:6.833333333333333, delay:0.4041764577229818, throughput:1871
episode:250/300, sim_loss:0.25393605
Episode 251 sim randomization params: {'headwayTime': 3.5193854104227063, 'minGap': 2.6232007702280686, 'usualPosAcc': 1.5674073629225174, 'usualNegAcc': 5.10062150668836, 'length': 4.7}
SIM_TRAIN step:251, travel time:141.3340270551509, q_loss:0.27472633, rewards:-2.585915289984809, queue:4.091666666666667, delay:0.3376235114203559, throughput:1876
episode:251/300, sim_loss:0.27472633
Episode 252 sim randomization params: {'headwayTime': 0.5, 'minGap': 3.096219582685998, 'usualPosAcc': 0.1, 'usualNegAcc': 2.527307975597979, 'length': 4.765986488319661}
SIM_TRAIN step:252, travel time:144.50026028110358, q_loss:0.30141366, rewards:-3.454501003689236, queue:5.113888888888889, delay:0.37182795206705727, throughput:1871
episode:252/300, sim_loss:0.30141366
REAL_TEST step:252, travel time:162.2890747516989, q_loss:100, rewards:-5.731875949435764, queue:9.225, delay:0.4719315846761068, throughput:1828
Episode 253 sim randomization params: {'headwayTime': 0.5, 'minGap': 2.497739412294055, 'usualPosAcc': 3.5355871826715326, 'usualNegAcc': 4.156226783150416, 'length': 4.7}
SIM_TRAIN step:253, travel time:144.2347735554399, q_loss:0.307045, rewards:-3.8546244303385415, queue:5.7444444444444445, delay:0.3730387793646918, throughput:1870
episode:253/300, sim_loss:0.307045
Episode 254 sim randomization params: {'headwayTime': 3.037189451882112, 'minGap': 3.4469402387638395, 'usualPosAcc': 0.8859117784898414, 'usualNegAcc': 3.7955590399536265, 'length': 5.0}
SIM_TRAIN step:254, travel time:145.09994794377928, q_loss:0.3089912, rewards:-3.9099999321831596, queue:5.836111111111111, delay:0.3718894958496094, throughput:1875
episode:254/300, sim_loss:0.3089912
Episode 255 sim randomization params: {'headwayTime': 3.181753003615702, 'minGap': 3.1928186446762483, 'usualPosAcc': 2.3577923681197896, 'usualNegAcc': 2.4551765404253163, 'length': 5.0}
SIM_TRAIN step:255, travel time:145.35085892764187, q_loss:0.3071431, rewards:-3.6893313937717016, queue:5.425, delay:0.37230911254882815, throughput:1875
episode:255/300, sim_loss:0.3071431
REAL_TEST step:255, travel time:165.54417145844224, q_loss:100, rewards:-6.991747368706597, queue:11.058333333333334, delay:0.5038743336995443, throughput:1821
Episode 256 sim randomization params: {'headwayTime': 3.2570931511667958, 'minGap': 2.8814516533153265, 'usualPosAcc': 1.9971434142402704, 'usualNegAcc': 1.0, 'length': 5.0}
SIM_TRAIN step:256, travel time:146.57544224765869, q_loss:0.3206775, rewards:-3.3089589436848956, queue:4.905555555555556, delay:0.3855711195203993, throughput:1876
episode:256/300, sim_loss:0.3206775
Episode 257 sim randomization params: {'headwayTime': 0.8756684067221632, 'minGap': 2.852532463382822, 'usualPosAcc': 3.542526522584648, 'usualNegAcc': 4.979204220897628, 'length': 5.0}
SIM_TRAIN step:257, travel time:144.18418314255985, q_loss:0.33194056, rewards:-4.11283196343316, queue:6.027777777777778, delay:0.3628666771782769, throughput:1873
episode:257/300, sim_loss:0.33194056
Episode 258 sim randomization params: {'headwayTime': 5.0, 'minGap': 3.319442670504854, 'usualPosAcc': 1.6153336809491237, 'usualNegAcc': 2.423448999266091, 'length': 5.0}
SIM_TRAIN step:258, travel time:149.63872982821448, q_loss:0.31472877, rewards:-4.439291042751736, queue:6.55, delay:0.4074044121636285, throughput:1871
episode:258/300, sim_loss:0.31472877
REAL_TEST step:258, travel time:164.106116048092, q_loss:100, rewards:-6.526754421657986, queue:10.419444444444444, delay:0.48655938042534724, throughput:1830
Episode 259 sim randomization params: {'headwayTime': 0.9259126998215363, 'minGap': 2.8841112766880608, 'usualPosAcc': 5.003008359348648, 'usualNegAcc': 6.375892764213127, 'length': 4.965035501335888}
SIM_TRAIN step:259, travel time:144.65972944849116, q_loss:0.352675, rewards:-4.228915405273438, queue:6.1, delay:0.3657013787163628, throughput:1872
episode:259/300, sim_loss:0.352675
Episode 260 sim randomization params: {'headwayTime': 2.5282392543238146, 'minGap': 2.3113606512509595, 'usualPosAcc': 1.3946457672899608, 'usualNegAcc': 3.1301957570289023, 'length': 4.9963774915272525}
SIM_TRAIN step:260, travel time:144.76470588235293, q_loss:0.36562386, rewards:-3.8277903238932294, queue:5.725, delay:0.37291107177734373, throughput:1875
episode:260/300, sim_loss:0.36562386
Episode 261 sim randomization params: {'headwayTime': 1.52772275737897, 'minGap': 2.9548258333672632, 'usualPosAcc': 5.612074058897765, 'usualNegAcc': 4.424371743002485, 'length': 5.0}
SIM_TRAIN step:261, travel time:143.82258064516128, q_loss:0.38424996, rewards:-3.7613315158420138, queue:5.588888888888889, delay:0.36803906758626304, throughput:1870
episode:261/300, sim_loss:0.38424996
REAL_TEST step:261, travel time:163.24255096706744, q_loss:100, rewards:-6.2663764105902775, queue:9.902777777777779, delay:0.4762758043077257, throughput:1828
Episode 262 sim randomization params: {'headwayTime': 2.103232649927808, 'minGap': 2.8381132622000815, 'usualPosAcc': 4.30680465628526, 'usualNegAcc': 2.153632168083828, 'length': 4.919629103957723}
SIM_TRAIN step:262, travel time:145.1634565330557, q_loss:0.3609767, rewards:-3.7339168972439234, queue:5.405555555555556, delay:0.3730239020453559, throughput:1872
episode:262/300, sim_loss:0.3609767
Episode 263 sim randomization params: {'headwayTime': 0.5, 'minGap': 2.931366692692422, 'usualPosAcc': 2.7919084382377353, 'usualNegAcc': 5.135990152656386, 'length': 5.0}
SIM_TRAIN step:263, travel time:144.41185647425897, q_loss:0.33436283, rewards:-4.160293918185764, queue:6.105555555555555, delay:0.36658155653211805, throughput:1873
episode:263/300, sim_loss:0.33436283
Episode 264 sim randomization params: {'headwayTime': 3.273623869941282, 'minGap': 3.4840133433525278, 'usualPosAcc': 4.7903644444430205, 'usualNegAcc': 4.191959553366007, 'length': 5.0}
SIM_TRAIN step:264, travel time:145.27485684539303, q_loss:0.30630353, rewards:-3.82553948296441, queue:5.686111111111111, delay:0.37296439276801213, throughput:1872
episode:264/300, sim_loss:0.30630353
REAL_TEST step:264, travel time:163.15891270256142, q_loss:100, rewards:-6.148955620659722, queue:9.78888888888889, delay:0.4787207285563151, throughput:1823
Episode 265 sim randomization params: {'headwayTime': 0.5, 'minGap': 3.0152875537019197, 'usualPosAcc': 2.6230754867261314, 'usualNegAcc': 1.065947469461754, 'length': 4.723912939621249}
SIM_TRAIN step:265, travel time:145.06607700312176, q_loss:0.3068275, rewards:-3.179458957248264, queue:4.747222222222222, delay:0.37384982638888886, throughput:1871
episode:265/300, sim_loss:0.3068275
Episode 266 sim randomization params: {'headwayTime': 3.7946404211865863, 'minGap': 2.454041242525939, 'usualPosAcc': 4.388413583971205, 'usualNegAcc': 4.440686937231247, 'length': 4.853831622244132}
SIM_TRAIN step:266, travel time:145.94117647058823, q_loss:0.31873316, rewards:-4.0063323974609375, queue:5.944444444444445, delay:0.3808197021484375, throughput:1874
episode:266/300, sim_loss:0.31873316
Episode 267 sim randomization params: {'headwayTime': 1.8480807016936667, 'minGap': 3.1987737575298376, 'usualPosAcc': 0.6833037798655341, 'usualNegAcc': 6.883588626239229, 'length': 4.7}
SIM_TRAIN step:267, travel time:131.08276939094222, q_loss:0.39867565, rewards:-0.2902500788370768, queue:0.4361111111111111, delay:0.26174392700195315, throughput:1880
episode:267/300, sim_loss:0.39867565
REAL_TEST step:267, travel time:163.56664924202823, q_loss:100, rewards:-6.423250325520834, queue:10.141666666666667, delay:0.48410894605848526, throughput:1825
Episode 268 sim randomization params: {'headwayTime': 0.7454486617536524, 'minGap': 3.339476550988142, 'usualPosAcc': 3.7044711756159514, 'usualNegAcc': 5.767611045213705, 'length': 5.0}
SIM_TRAIN step:268, travel time:145.82466181061395, q_loss:0.5509491, rewards:-4.590999348958333, queue:6.691666666666666, delay:0.37410401238335506, throughput:1874
episode:268/300, sim_loss:0.5509491
Episode 269 sim randomization params: {'headwayTime': 2.7662207939726633, 'minGap': 2.440501707215688, 'usualPosAcc': 1.98693772234741, 'usualNegAcc': 4.009565408809893, 'length': 4.989003154905381}
SIM_TRAIN step:269, travel time:146.17264690587623, q_loss:0.5824989, rewards:-4.4893747965494795, queue:6.613888888888889, delay:0.36537322998046873, throughput:1874
episode:269/300, sim_loss:0.5824989
Episode 270 sim randomization params: {'headwayTime': 0.5, 'minGap': 3.2759859293677955, 'usualPosAcc': 4.984353748281187, 'usualNegAcc': 5.983988509959457, 'length': 4.7}
SIM_TRAIN step:270, travel time:145.265625, q_loss:0.65616494, rewards:-4.389000786675347, queue:6.4222222222222225, delay:0.3622818840874566, throughput:1870
episode:270/300, sim_loss:0.65616494
REAL_TEST step:270, travel time:161.05906952430738, q_loss:100, rewards:-5.327957492404514, queue:8.655555555555555, delay:0.45960138108995224, throughput:1826
Episode 271 sim randomization params: {'headwayTime': 2.8716612001372224, 'minGap': 2.134460689549428, 'usualPosAcc': 4.928424673096937, 'usualNegAcc': 1.0, 'length': 5.0}
SIM_TRAIN step:271, travel time:146.0640291514836, q_loss:0.6460914, rewards:-3.212624782986111, queue:4.772222222222222, delay:0.37433399624294705, throughput:1872
episode:271/300, sim_loss:0.6460914
Episode 272 sim randomization params: {'headwayTime': 4.1577660488628965, 'minGap': 3.3648758231350646, 'usualPosAcc': 3.0977999000095555, 'usualNegAcc': 1.4759859233934831, 'length': 4.935247492451658}
SIM_TRAIN step:272, travel time:147.68626430801248, q_loss:0.68954414, rewards:-3.8209591335720487, queue:5.491666666666666, delay:0.3836319817437066, throughput:1872
episode:272/300, sim_loss:0.68954414
Episode 273 sim randomization params: {'headwayTime': 1.625076300692641, 'minGap': 3.032609297256901, 'usualPosAcc': 3.973334538261419, 'usualNegAcc': 4.73278377640094, 'length': 5.0}
SIM_TRAIN step:273, travel time:144.65660770031218, q_loss:0.7138728, rewards:-4.163376532660591, queue:6.033333333333333, delay:0.3671731736924913, throughput:1874
episode:273/300, sim_loss:0.7138728
REAL_TEST step:273, travel time:164.25039205436488, q_loss:100, rewards:-6.208793131510417, queue:9.869444444444444, delay:0.4819311777750651, throughput:1824
Episode 274 sim randomization params: {'headwayTime': 3.270060013566324, 'minGap': 2.760025697009882, 'usualPosAcc': 4.846772190937847, 'usualNegAcc': 3.209336218686327, 'length': 5.0}
SIM_TRAIN step:274, travel time:145.56875, q_loss:0.71169144, rewards:-3.86541748046875, queue:5.816666666666666, delay:0.3734085506863064, throughput:1873
episode:274/300, sim_loss:0.71169144
Episode 275 sim randomization params: {'headwayTime': 2.419976929663578, 'minGap': 2.074436711008314, 'usualPosAcc': 3.0064751366570244, 'usualNegAcc': 4.1515263274609255, 'length': 4.865788764817676}
SIM_TRAIN step:275, travel time:145.95681581685744, q_loss:0.76984566, rewards:-4.331041463216146, queue:6.230555555555555, delay:0.3698656717936198, throughput:1874
episode:275/300, sim_loss:0.76984566
Episode 276 sim randomization params: {'headwayTime': 1.8499220537912215, 'minGap': 2.437614742332135, 'usualPosAcc': 2.7421501000196846, 'usualNegAcc': 6.0445637587869046, 'length': 4.886547476472971}
SIM_TRAIN step:276, travel time:144.87636363636364, q_loss:0.8164505, rewards:-4.380001831054687, queue:6.433333333333334, delay:0.36607975429958767, throughput:1871
episode:276/300, sim_loss:0.8164505
REAL_TEST step:276, travel time:161.5180345007841, q_loss:100, rewards:-5.462502712673611, queue:8.91388888888889, delay:0.467911868625217, throughput:1829
Episode 277 sim randomization params: {'headwayTime': 1.175837419870541, 'minGap': 2.6812175978683634, 'usualPosAcc': 5.373239555134771, 'usualNegAcc': 1.5858201573517814, 'length': 5.0}
SIM_TRAIN step:277, travel time:145.04580947423216, q_loss:0.8609931, rewards:-3.6081671820746526, queue:5.227777777777778, delay:0.370768059624566, throughput:1876
episode:277/300, sim_loss:0.8609931
Episode 278 sim randomization params: {'headwayTime': 2.297198895109624, 'minGap': 3.5915227124445144, 'usualPosAcc': 4.413320972402288, 'usualNegAcc': 3.562223879499259, 'length': 4.7}
SIM_TRAIN step:278, travel time:145.10983862571578, q_loss:0.839628, rewards:-4.0420823838975695, queue:5.927777777777778, delay:0.3721437666151259, throughput:1872
episode:278/300, sim_loss:0.839628
Episode 279 sim randomization params: {'headwayTime': 4.630462522591279, 'minGap': 3.4248957203519685, 'usualPosAcc': 1.1273332874548945, 'usualNegAcc': 4.862564255640005, 'length': 4.7}
SIM_TRAIN step:279, travel time:149.334375, q_loss:0.9033637, rewards:-4.754083930121528, queue:6.963888888888889, delay:0.398301272922092, throughput:1871
episode:279/300, sim_loss:0.9033637
REAL_TEST step:279, travel time:161.15002613695765, q_loss:100, rewards:-5.391664632161459, queue:8.697222222222223, delay:0.4594882541232639, throughput:1829
Episode 280 sim randomization params: {'headwayTime': 0.7261431577346438, 'minGap': 2.320647169003024, 'usualPosAcc': 3.8987511093990648, 'usualNegAcc': 4.122960344714923, 'length': 5.0}
SIM_TRAIN step:280, travel time:144.0541384695471, q_loss:0.9762997, rewards:-3.774501207139757, queue:5.655555555555556, delay:0.36750704447428384, throughput:1874
episode:280/300, sim_loss:0.9762997
Episode 281 sim randomization params: {'headwayTime': 4.670880638006359, 'minGap': 3.1407048691736543, 'usualPosAcc': 3.425005349297149, 'usualNegAcc': 4.868867251343994, 'length': 4.7}
SIM_TRAIN step:281, travel time:148.88235294117646, q_loss:0.68579406, rewards:-4.648665364583334, queue:6.886111111111111, delay:0.39754681057400176, throughput:1872
episode:281/300, sim_loss:0.68579406
Episode 282 sim randomization params: {'headwayTime': 2.038996711730224, 'minGap': 2.4657458403273496, 'usualPosAcc': 1.406118169572901, 'usualNegAcc': 3.5567662576693406, 'length': 5.0}
SIM_TRAIN step:282, travel time:144.59552316501822, q_loss:0.49277496, rewards:-3.953540717230903, queue:5.802777777777778, delay:0.3632704840766059, throughput:1872
episode:282/300, sim_loss:0.49277496
REAL_TEST step:282, travel time:164.59330893883953, q_loss:100, rewards:-6.679207356770833, queue:10.58611111111111, delay:0.49769020080566406, throughput:1826
Episode 283 sim randomization params: {'headwayTime': 5.0, 'minGap': 2.50933046135869, 'usualPosAcc': 2.8657293662475363, 'usualNegAcc': 3.5893797195184236, 'length': 5.0}
SIM_TRAIN step:283, travel time:149.6319625195211, q_loss:0.43599507, rewards:-4.535291544596354, queue:6.7555555555555555, delay:0.4072074466281467, throughput:1872
episode:283/300, sim_loss:0.43599507
Episode 284 sim randomization params: {'headwayTime': 3.1308654916868726, 'minGap': 3.0304716191465344, 'usualPosAcc': 1.3146399022714301, 'usualNegAcc': 4.315693659806412, 'length': 5.0}
SIM_TRAIN step:284, travel time:145.19667013527575, q_loss:0.47314233, rewards:-4.042999945746528, queue:6.05, delay:0.37727402581108943, throughput:1874
episode:284/300, sim_loss:0.47314233
Episode 285 sim randomization params: {'headwayTime': 1.1912982265696908, 'minGap': 3.6121393724925936, 'usualPosAcc': 2.31051807255221, 'usualNegAcc': 2.711178091440438, 'length': 5.0}
SIM_TRAIN step:285, travel time:144.47371160853723, q_loss:0.42816883, rewards:-3.694291517469618, queue:5.466666666666667, delay:0.3651696099175347, throughput:1873
episode:285/300, sim_loss:0.42816883
REAL_TEST step:285, travel time:163.30946157867226, q_loss:100, rewards:-6.19949951171875, queue:9.822222222222223, delay:0.4793883853488498, throughput:1828
Episode 286 sim randomization params: {'headwayTime': 1.6440666130729151, 'minGap': 2.407817786922026, 'usualPosAcc': 2.594426770328763, 'usualNegAcc': 6.189295807801512, 'length': 5.0}
SIM_TRAIN step:286, travel time:144.6828125, q_loss:0.3931891, rewards:-4.1552886962890625, queue:6.066666666666666, delay:0.3711470286051432, throughput:1873
episode:286/300, sim_loss:0.3931891
Episode 287 sim randomization params: {'headwayTime': 1.0963366149314206, 'minGap': 3.2258988573110536, 'usualPosAcc': 2.8102400586001908, 'usualNegAcc': 4.142863142257597, 'length': 5.0}
SIM_TRAIN step:287, travel time:143.8807912545549, q_loss:0.35217667, rewards:-3.7507059733072916, queue:5.602777777777778, delay:0.3623890770806207, throughput:1876
episode:287/300, sim_loss:0.35217667
Episode 288 sim randomization params: {'headwayTime': 3.6081666050716055, 'minGap': 2.955555349674137, 'usualPosAcc': 1.3669077714676292, 'usualNegAcc': 1.946589887157271, 'length': 4.959028409313719}
SIM_TRAIN step:288, travel time:145.59895833333334, q_loss:0.36256602, rewards:-3.6862497965494794, queue:5.4527777777777775, delay:0.3730266571044922, throughput:1874
episode:288/300, sim_loss:0.36256602
REAL_TEST step:288, travel time:162.7820177731312, q_loss:100, rewards:-5.918082682291667, queue:9.508333333333333, delay:0.47693371242947047, throughput:1824
Episode 289 sim randomization params: {'headwayTime': 2.672795589616382, 'minGap': 3.081141881213267, 'usualPosAcc': 3.693478320590889, 'usualNegAcc': 5.228152800925025, 'length': 4.7}
SIM_TRAIN step:289, travel time:144.86569495054658, q_loss:0.32887468, rewards:-4.135083346896701, queue:6.136111111111111, delay:0.36704160902235244, throughput:1874
episode:289/300, sim_loss:0.32887468
Episode 290 sim randomization params: {'headwayTime': 3.6990893894624466, 'minGap': 2.522918800431011, 'usualPosAcc': 4.145133261669483, 'usualNegAcc': 4.2251651515899855, 'length': 5.0}
SIM_TRAIN step:290, travel time:145.88912024986985, q_loss:0.3310902, rewards:-4.002622816297743, queue:5.95, delay:0.37472089131673175, throughput:1874
episode:290/300, sim_loss:0.3310902
Episode 291 sim randomization params: {'headwayTime': 1.1425614256787848, 'minGap': 3.0017544756917736, 'usualPosAcc': 0.1, 'usualNegAcc': 5.408584722059137, 'length': 4.788263207269877}
SIM_TRAIN step:291, travel time:132.25364583333334, q_loss:0.47525525, rewards:-0.5824582841661241, queue:0.9472222222222222, delay:0.28619918823242185, throughput:1878
episode:291/300, sim_loss:0.47525525
REAL_TEST step:291, travel time:182.08363826450602, q_loss:100, rewards:-12.869085015190972, queue:19.45, delay:0.5667752583821615, throughput:1828
Episode 292 sim randomization params: {'headwayTime': 0.5, 'minGap': 3.282134079317321, 'usualPosAcc': 4.910412268247246, 'usualNegAcc': 2.3332379544097437, 'length': 5.0}
SIM_TRAIN step:292, travel time:147.17230609057782, q_loss:0.83142114, rewards:-4.672249348958333, queue:6.891666666666667, delay:0.3924414316813151, throughput:1874
episode:292/300, sim_loss:0.83142114
Episode 293 sim randomization params: {'headwayTime': 0.7729328515310656, 'minGap': 2.0840525732242243, 'usualPosAcc': 2.1432662349801146, 'usualNegAcc': 4.208772865108978, 'length': 5.0}
SIM_TRAIN step:293, travel time:144.58125, q_loss:0.8108156, rewards:-4.214208306206597, queue:6.286111111111111, delay:0.37149552239312067, throughput:1871
episode:293/300, sim_loss:0.8108156
Episode 294 sim randomization params: {'headwayTime': 2.283368370605515, 'minGap': 3.0067122287944343, 'usualPosAcc': 2.9245157025271307, 'usualNegAcc': 3.362980246605736, 'length': 4.7}
SIM_TRAIN step:294, travel time:145.5890625, q_loss:0.81117713, rewards:-4.084249538845486, queue:6.094444444444444, delay:0.3775870853000217, throughput:1874
episode:294/300, sim_loss:0.81117713
REAL_TEST step:294, travel time:161.15943544171458, q_loss:100, rewards:-5.295375569661458, queue:8.46111111111111, delay:0.4509590572781033, throughput:1825
Episode 295 sim randomization params: {'headwayTime': 1.629532499842306, 'minGap': 2.7733978761831097, 'usualPosAcc': 2.218025232128531, 'usualNegAcc': 1.9793926471946883, 'length': 4.7}
SIM_TRAIN step:295, travel time:144.51586063442537, q_loss:0.7495051, rewards:-3.682498508029514, queue:5.377777777777778, delay:0.37232903374565973, throughput:1872
episode:295/300, sim_loss:0.7495051
Episode 296 sim randomization params: {'headwayTime': 2.2455403541496533, 'minGap': 3.011390807757101, 'usualPosAcc': 2.542920631374591, 'usualNegAcc': 3.413490533792881, 'length': 5.0}
SIM_TRAIN step:296, travel time:145.31425598335068, q_loss:0.73550934, rewards:-4.092416381835937, queue:5.988888888888889, delay:0.3666189405653212, throughput:1872
episode:296/300, sim_loss:0.73550934
Episode 297 sim randomization params: {'headwayTime': 3.5416095292886265, 'minGap': 3.144828756332174, 'usualPosAcc': 0.25012364381670293, 'usualNegAcc': 2.9895680576431882, 'length': 5.0}
SIM_TRAIN step:297, travel time:145.3623112961999, q_loss:0.77305883, rewards:-3.6451239691840276, queue:5.463888888888889, delay:0.3836093054877387, throughput:1870
episode:297/300, sim_loss:0.77305883
REAL_TEST step:297, travel time:162.3423941453215, q_loss:100, rewards:-5.647209676106771, queue:9.033333333333333, delay:0.4658016628689236, throughput:1831
Episode 298 sim randomization params: {'headwayTime': 3.0122532629084158, 'minGap': 3.144731816469707, 'usualPosAcc': 3.0575180509064195, 'usualNegAcc': 2.3684825883941745, 'length': 5.0}
SIM_TRAIN step:298, travel time:145.48229166666667, q_loss:0.6870822, rewards:-3.782374064127604, queue:5.591666666666667, delay:0.37192022535536023, throughput:1876
episode:298/300, sim_loss:0.6870822
Episode 299 sim randomization params: {'headwayTime': 0.5, 'minGap': 3.2548728052725457, 'usualPosAcc': 2.6077298215127844, 'usualNegAcc': 1.402659410112805, 'length': 4.746458367645677}
SIM_TRAIN step:299, travel time:145.34427083333333, q_loss:0.71740556, rewards:-3.5007076687282987, queue:5.141666666666667, delay:0.3793344285753038, throughput:1874
episode:299/300, sim_loss:0.71740556
REAL_TEST step:300, travel time:162.96079456351282, q_loss:100, rewards:-5.845377604166667, queue:9.380555555555556, delay:0.4728243086073134, throughput:1826
Total time taken: 3837.6626031398773
