Policy training episode: 0, grounded actions taken: 0, last two uncertainties: {0: [0.0]}, avg agent uncertainties: [np.float64(0.0)], grounded actions by agent: [0]
REAL_TRAIN step:0, travel time:159.05122843700994, q_loss:100, rewards:-6.652795, queue:10.963889, delay:0.46718544, throughput:1828, violation_rate:0.0000, forceoff_rate:0.0028, violations:0, force_offs:1
REAL_TRAIN_PER_INT step:0 int:0 id:99 violations:0 force_offs:1 decisions:360 violation_rate:0.0000 forceoff_rate:0.0028 queue:10.9639
forward model: training agent 0.
Epoch 0: forward train average loss 0.37702786922454834.
epoch 0: forward test average loss 0.5908125506507026.
Epoch 99: forward train average loss 0.011212086925903956.
epoch 99: forward test average loss 0.017518870532512665.
inverse model, training agent 0.
epoch 0: inverse train average loss 0.03642802685499191.
epoch 0: inverse test average loss 0.05791811810599433.
epoch 99: inverse train average loss 0.03196513652801514.
epoch 99: inverse test average loss 0.05022095971637302.
GAT episode:0/100 grounded:False sim_loss:0.0000
Policy training episode: 1, grounded actions taken: 0, last two uncertainties: {0: [0.0, 0.0]}, avg agent uncertainties: [np.float64(0.0)], grounded actions by agent: [0]
REAL_TRAIN step:1, travel time:159.05122843700994, q_loss:100, rewards:-6.652795, queue:10.963889, delay:0.46718544, throughput:1828, violation_rate:0.0000, forceoff_rate:0.0028, violations:0, force_offs:1
REAL_TRAIN_PER_INT step:1 int:0 id:99 violations:0 force_offs:1 decisions:360 violation_rate:0.0000 forceoff_rate:0.0028 queue:10.9639
forward model: training agent 0.
Epoch 0: forward train average loss 0.011296917580895953.
epoch 0: forward test average loss 0.020428179038895503.
Epoch 99: forward train average loss 0.010839189506239362.
epoch 99: forward test average loss 0.018731410304705303.
inverse model, training agent 0.
epoch 0: inverse train average loss 0.031560660236411624.
epoch 0: inverse test average loss 0.05099457005659739.
epoch 99: inverse train average loss 0.02881557535794046.
epoch 99: inverse test average loss 0.04365609917375776.
GAT episode:1/100 grounded:False sim_loss:0.0000
Policy training episode: 2, grounded actions taken: 0, last two uncertainties: {0: [0.0, 0.0]}, avg agent uncertainties: [np.float64(0.0)], grounded actions by agent: [0]
REAL_TRAIN step:2, travel time:162.44328280188185, q_loss:100, rewards:-7.904538, queue:12.869445, delay:0.501176, throughput:1824, violation_rate:0.0000, forceoff_rate:0.0056, violations:0, force_offs:2
REAL_TRAIN_PER_INT step:2 int:0 id:99 violations:0 force_offs:2 decisions:360 violation_rate:0.0000 forceoff_rate:0.0056 queue:12.8694
forward model: training agent 0.
Epoch 0: forward train average loss 0.013015192829900317.
epoch 0: forward test average loss 0.022448112567265827.
Epoch 99: forward train average loss 0.01164585186375512.
epoch 99: forward test average loss 0.02034766309791141.
inverse model, training agent 0.
epoch 0: inverse train average loss 0.028130500266949337.
epoch 0: inverse test average loss 0.041558004087871976.
epoch 99: inverse train average loss 0.024772619207700092.
epoch 99: inverse test average loss 0.04561770624584622.
GAT episode:2/100 grounded:False sim_loss:0.5051
Policy training episode: 3, grounded actions taken: 0, last two uncertainties: {0: [0.0, 0.0]}, avg agent uncertainties: [np.float64(0.0)], grounded actions by agent: [0]
REAL_TRAIN step:3, travel time:162.95190799790905, q_loss:100, rewards:-7.9918327, queue:13.044444, delay:0.5031249, throughput:1829, violation_rate:0.0000, forceoff_rate:0.0056, violations:0, force_offs:2
REAL_TRAIN_PER_INT step:3 int:0 id:99 violations:0 force_offs:2 decisions:360 violation_rate:0.0000 forceoff_rate:0.0056 queue:13.0444
forward model: training agent 0.
Epoch 0: forward train average loss 0.01191277325981193.
epoch 0: forward test average loss 0.018894493579864502.
Epoch 99: forward train average loss 0.010691504925489426.
epoch 99: forward test average loss 0.017730553944905598.
inverse model, training agent 0.
epoch 0: inverse train average loss 0.03249045916729503.
epoch 0: inverse test average loss 0.05606858432292938.
epoch 99: inverse train average loss 0.02851696229643292.
epoch 99: inverse test average loss 0.05008967055214776.
GAT episode:3/100 grounded:False sim_loss:0.4724
Policy training episode: 4, grounded actions taken: 0, last two uncertainties: {0: [0.0, 0.0]}, avg agent uncertainties: [np.float64(0.0)], grounded actions by agent: [0]
REAL_TRAIN step:4, travel time:159.93361212754834, q_loss:100, rewards:-6.966, queue:11.5222225, delay:0.4767727, throughput:1832, violation_rate:0.0000, forceoff_rate:0.0056, violations:0, force_offs:2
REAL_TRAIN_PER_INT step:4 int:0 id:99 violations:0 force_offs:2 decisions:360 violation_rate:0.0000 forceoff_rate:0.0056 queue:11.5222
forward model: training agent 0.
Epoch 0: forward train average loss 0.009978833297888437.
epoch 0: forward test average loss 0.01545631637175878.
Epoch 99: forward train average loss 0.008203266291982599.
epoch 99: forward test average loss 0.013573156462775337.
inverse model, training agent 0.
epoch 0: inverse train average loss 0.02917636020316018.
epoch 0: inverse test average loss 0.04842093421353234.
epoch 99: inverse train average loss 0.026890564295980666.
epoch 99: inverse test average loss 0.03977367944187588.
GAT episode:4/100 grounded:False sim_loss:0.4883
Policy training episode: 5, grounded actions taken: 360, last two uncertainties: {0: [0.0, 0.0]}, avg agent uncertainties: [np.float64(0.0)], grounded actions by agent: [360]
REAL_TRAIN step:5, travel time:160.32514375326713, q_loss:100, rewards:-7.152957, queue:11.572222, delay:0.46264037, throughput:1831, violation_rate:0.0000, forceoff_rate:0.0056, violations:0, force_offs:2
REAL_TRAIN_PER_INT step:5 int:0 id:99 violations:0 force_offs:2 decisions:360 violation_rate:0.0000 forceoff_rate:0.0056 queue:11.5722
forward model: training agent 0.
Epoch 0: forward train average loss 0.009688913408252928.
epoch 0: forward test average loss 0.01449400352107154.
Epoch 99: forward train average loss 0.007764396775099967.
epoch 99: forward test average loss 0.01268311631348398.
inverse model, training agent 0.
epoch 0: inverse train average loss 0.03165055107739237.
epoch 0: inverse test average loss 0.050493962234920926.
epoch 99: inverse train average loss 0.02817876719766193.
epoch 99: inverse test average loss 0.0454488197962443.
GAT episode:5/100 grounded:True sim_loss:0.7246
Policy training episode: 6, grounded actions taken: 360, last two uncertainties: {0: [0.0, 0.0]}, avg agent uncertainties: [np.float64(0.0)], grounded actions by agent: [360]
REAL_TRAIN step:6, travel time:161.1395713538944, q_loss:100, rewards:-7.495417, queue:11.988889, delay:0.46320334, throughput:1829, violation_rate:0.0000, forceoff_rate:0.0056, violations:0, force_offs:2
REAL_TRAIN_PER_INT step:6 int:0 id:99 violations:0 force_offs:2 decisions:360 violation_rate:0.0000 forceoff_rate:0.0056 queue:11.9889
forward model: training agent 0.
Epoch 0: forward train average loss 0.009133710525929928.
epoch 0: forward test average loss 0.014172799471351836.
Epoch 99: forward train average loss 0.007335722963843081.
epoch 99: forward test average loss 0.012691541678375669.
inverse model, training agent 0.
epoch 0: inverse train average loss 0.034157298505306244.
epoch 0: inverse test average loss 0.05262298219733768.
epoch 99: inverse train average loss 0.026518572121858597.
epoch 99: inverse test average loss 0.050980142421192594.
GAT episode:6/100 grounded:True sim_loss:2.2496
Policy training episode: 7, grounded actions taken: 360, last two uncertainties: {0: [0.0, 0.0]}, avg agent uncertainties: [np.float64(0.0)], grounded actions by agent: [360]
REAL_TRAIN step:7, travel time:160.16414009409306, q_loss:100, rewards:-7.0282083, queue:11.547222, delay:0.4727257, throughput:1828, violation_rate:0.0000, forceoff_rate:0.0028, violations:0, force_offs:1
REAL_TRAIN_PER_INT step:7 int:0 id:99 violations:0 force_offs:1 decisions:360 violation_rate:0.0000 forceoff_rate:0.0028 queue:11.5472
forward model: training agent 0.
Epoch 0: forward train average loss 0.007402718895011478.
epoch 0: forward test average loss 0.011528378973404566.
Epoch 99: forward train average loss 0.006284747583170732.
epoch 99: forward test average loss 0.010701492014858458.
inverse model, training agent 0.
epoch 0: inverse train average loss 0.03322676279478603.
epoch 0: inverse test average loss 0.04647250804636213.
epoch 99: inverse train average loss 0.023198461367024317.
epoch 99: inverse test average loss 0.0423391428258684.
GAT episode:7/100 grounded:True sim_loss:3.7726
Policy training episode: 8, grounded actions taken: 360, last two uncertainties: {0: [0.0, 0.0]}, avg agent uncertainties: [np.float64(0.0)], grounded actions by agent: [360]
REAL_TRAIN step:8, travel time:164.32828018818608, q_loss:100, rewards:-8.516711, queue:13.872222, delay:0.5038309, throughput:1830, violation_rate:0.0000, forceoff_rate:0.0139, violations:0, force_offs:5
REAL_TRAIN_PER_INT step:8 int:0 id:99 violations:0 force_offs:5 decisions:360 violation_rate:0.0000 forceoff_rate:0.0139 queue:13.8722
forward model: training agent 0.
Epoch 0: forward train average loss 0.009204298671748903.
epoch 0: forward test average loss 0.015045322477817535.
Epoch 99: forward train average loss 0.007079731983443101.
epoch 99: forward test average loss 0.011525261319345899.
inverse model, training agent 0.
epoch 0: inverse train average loss 0.022193842464023165.
epoch 0: inverse test average loss 0.037815892034106784.
epoch 99: inverse train average loss 0.017449761637383036.
epoch 99: inverse test average loss 0.02862722675005595.
GAT episode:8/100 grounded:True sim_loss:5.5672
Policy training episode: 9, grounded actions taken: 360, last two uncertainties: {0: [0.0, 0.0]}, avg agent uncertainties: [np.float64(0.0)], grounded actions by agent: [360]
REAL_TRAIN step:9, travel time:163.980658651333, q_loss:100, rewards:-8.367956, queue:13.786111, delay:0.5060343, throughput:1822, violation_rate:0.0000, forceoff_rate:0.0028, violations:0, force_offs:1
REAL_TRAIN_PER_INT step:9 int:0 id:99 violations:0 force_offs:1 decisions:360 violation_rate:0.0000 forceoff_rate:0.0028 queue:13.7861
forward model: training agent 0.
Epoch 0: forward train average loss 0.006594407268696361.
epoch 0: forward test average loss 0.010925737933980094.
Epoch 99: forward train average loss 0.005400578698350323.
epoch 99: forward test average loss 0.009029481559991837.
inverse model, training agent 0.
epoch 0: inverse train average loss 0.01909832325246599.
epoch 0: inverse test average loss 0.02901821831862132.
epoch 99: inverse train average loss 0.014335421845316887.
epoch 99: inverse test average loss 0.01456116595202022.
GAT episode:9/100 grounded:True sim_loss:3.8139
Policy training episode: 10, grounded actions taken: 360, last two uncertainties: {0: [0.0, 0.0]}, avg agent uncertainties: [np.float64(0.0)], grounded actions by agent: [360]
REAL_TRAIN step:10, travel time:163.28071092524831, q_loss:100, rewards:-7.974169, queue:13.219444, delay:0.49801415, throughput:1832, violation_rate:0.0000, forceoff_rate:0.0056, violations:0, force_offs:2
REAL_TRAIN_PER_INT step:10 int:0 id:99 violations:0 force_offs:2 decisions:360 violation_rate:0.0000 forceoff_rate:0.0056 queue:13.2194
forward model: training agent 0.
Epoch 0: forward train average loss 0.006682259651521842.
epoch 0: forward test average loss 0.011640935722324584.
Epoch 99: forward train average loss 0.00583605095744133.
epoch 99: forward test average loss 0.009897809475660324.
inverse model, training agent 0.
epoch 0: inverse train average loss 0.01649407773382134.
epoch 0: inverse test average loss 0.025582831766870286.
epoch 99: inverse train average loss 0.013280451918641726.
epoch 99: inverse test average loss 0.020617778930399153.
GAT episode:10/100 grounded:True sim_loss:3.6503
Policy training episode: 11, grounded actions taken: 360, last two uncertainties: {0: [0.0, 0.0]}, avg agent uncertainties: [np.float64(0.0)], grounded actions by agent: [360]
REAL_TRAIN step:11, travel time:162.65603763721901, q_loss:100, rewards:-7.8604565, queue:13.041667, delay:0.50112504, throughput:1828, violation_rate:0.0000, forceoff_rate:0.0000, violations:0, force_offs:0
REAL_TRAIN_PER_INT step:11 int:0 id:99 violations:0 force_offs:0 decisions:360 violation_rate:0.0000 forceoff_rate:0.0000 queue:13.0417
forward model: training agent 0.
Epoch 0: forward train average loss 0.005781929112142987.
epoch 0: forward test average loss 0.009574598322312037.
Epoch 99: forward train average loss 0.005238545230693287.
epoch 99: forward test average loss 0.009359067098961936.
inverse model, training agent 0.
epoch 0: inverse train average loss 0.013218159269955423.
epoch 0: inverse test average loss 0.021441041595406003.
epoch 99: inverse train average loss 0.01223441151281198.
epoch 99: inverse test average loss 0.0195769684182273.
GAT episode:11/100 grounded:True sim_loss:4.1232
Policy training episode: 12, grounded actions taken: 360, last two uncertainties: {0: [0.0, 0.0]}, avg agent uncertainties: [np.float64(0.0)], grounded actions by agent: [360]
REAL_TRAIN step:12, travel time:163.52639832723472, q_loss:100, rewards:-8.060795, queue:13.372222, delay:0.4982848, throughput:1830, violation_rate:0.0000, forceoff_rate:0.0000, violations:0, force_offs:0
REAL_TRAIN_PER_INT step:12 int:0 id:99 violations:0 force_offs:0 decisions:360 violation_rate:0.0000 forceoff_rate:0.0000 queue:13.3722
forward model: training agent 0.
Epoch 0: forward train average loss 0.005892532981104321.
epoch 0: forward test average loss 0.010434335304631127.
Epoch 99: forward train average loss 0.005182525246507592.
epoch 99: forward test average loss 0.007831458209289445.
inverse model, training agent 0.
epoch 0: inverse train average loss 0.017658076145582728.
epoch 0: inverse test average loss 0.023961224489741854.
epoch 99: inverse train average loss 0.013327178441815905.
epoch 99: inverse test average loss 0.01972371174229516.
GAT episode:12/100 grounded:True sim_loss:4.0032
Policy training episode: 13, grounded actions taken: 360, last two uncertainties: {0: [0.0, 0.0]}, avg agent uncertainties: [np.float64(0.0)], grounded actions by agent: [360]
REAL_TRAIN step:13, travel time:162.66596968112913, q_loss:100, rewards:-7.817792, queue:12.963889, delay:0.4952289, throughput:1827, violation_rate:0.0000, forceoff_rate:0.0000, violations:0, force_offs:0
REAL_TRAIN_PER_INT step:13 int:0 id:99 violations:0 force_offs:0 decisions:360 violation_rate:0.0000 forceoff_rate:0.0000 queue:12.9639
forward model: training agent 0.
Epoch 0: forward train average loss 0.006168366202877628.
epoch 0: forward test average loss 0.009509938458601633.
Epoch 99: forward train average loss 0.0051948315360479886.
epoch 99: forward test average loss 0.007929889692200555.
inverse model, training agent 0.
epoch 0: inverse train average loss 0.013269720806015862.
epoch 0: inverse test average loss 0.03386229773362478.
epoch 99: inverse train average loss 0.01142735199795829.
epoch 99: inverse test average loss 0.028352210919062298.
GAT episode:13/100 grounded:True sim_loss:3.4767
Policy training episode: 14, grounded actions taken: 360, last two uncertainties: {0: [0.0, 0.0]}, avg agent uncertainties: [np.float64(0.0)], grounded actions by agent: [360]
REAL_TRAIN step:14, travel time:160.71824359644538, q_loss:100, rewards:-7.254001, queue:11.941667, delay:0.48630866, throughput:1829, violation_rate:0.0000, forceoff_rate:0.0000, violations:0, force_offs:0
REAL_TRAIN_PER_INT step:14 int:0 id:99 violations:0 force_offs:0 decisions:360 violation_rate:0.0000 forceoff_rate:0.0000 queue:11.9417
forward model: training agent 0.
Epoch 0: forward train average loss 0.005507289121548335.
epoch 0: forward test average loss 0.008498335050212013.
Epoch 99: forward train average loss 0.004639758728444576.
epoch 99: forward test average loss 0.009083458532889685.
inverse model, training agent 0.
epoch 0: inverse train average loss 0.026576059146059886.
epoch 0: inverse test average loss 0.02898982332812415.
epoch 99: inverse train average loss 0.017821271179450884.
epoch 99: inverse test average loss 0.034563531478246055.
GAT episode:14/100 grounded:True sim_loss:3.1570
Policy training episode: 15, grounded actions taken: 360, last two uncertainties: {0: [0.0, 0.0]}, avg agent uncertainties: [np.float64(0.0)], grounded actions by agent: [360]
REAL_TRAIN step:15, travel time:162.68635650810245, q_loss:100, rewards:-7.80804, queue:13.116667, delay:0.49754953, throughput:1827, violation_rate:0.0000, forceoff_rate:0.0000, violations:0, force_offs:0
REAL_TRAIN_PER_INT step:15 int:0 id:99 violations:0 force_offs:0 decisions:360 violation_rate:0.0000 forceoff_rate:0.0000 queue:13.1167
forward model: training agent 0.
Epoch 0: forward train average loss 0.005186884457038509.
epoch 0: forward test average loss 0.009266744885179732.
Epoch 99: forward train average loss 0.0044639163340131445.
epoch 99: forward test average loss 0.007937968191173341.
inverse model, training agent 0.
epoch 0: inverse train average loss 0.018208659771415923.
epoch 0: inverse test average loss 0.027941943870650396.
epoch 99: inverse train average loss 0.010884943728645643.
epoch 99: inverse test average loss 0.014423387746016184.
GAT episode:15/100 grounded:True sim_loss:3.3032
Policy training episode: 16, grounded actions taken: 360, last two uncertainties: {0: [0.0, 0.0]}, avg agent uncertainties: [np.float64(0.0)], grounded actions by agent: [360]
REAL_TRAIN step:16, travel time:162.95295347621536, q_loss:100, rewards:-7.7579174, queue:13.036111, delay:0.4856931, throughput:1831, violation_rate:0.0000, forceoff_rate:0.0000, violations:0, force_offs:0
REAL_TRAIN_PER_INT step:16 int:0 id:99 violations:0 force_offs:0 decisions:360 violation_rate:0.0000 forceoff_rate:0.0000 queue:13.0361
forward model: training agent 0.
Epoch 0: forward train average loss 0.005843023873037762.
epoch 0: forward test average loss 0.009399248907963434.
Epoch 99: forward train average loss 0.004893468899859322.
epoch 99: forward test average loss 0.00874251706732644.
inverse model, training agent 0.
epoch 0: inverse train average loss 0.01869252034359508.
epoch 0: inverse test average loss 0.027192765639887914.
epoch 99: inverse train average loss 0.014971814014845423.
epoch 99: inverse test average loss 0.026862878766324785.
GAT episode:16/100 grounded:True sim_loss:3.7506
Policy training episode: 17, grounded actions taken: 360, last two uncertainties: {0: [0.0, 0.0]}, avg agent uncertainties: [np.float64(0.0)], grounded actions by agent: [360]
REAL_TRAIN step:17, travel time:162.01986408782017, q_loss:100, rewards:-7.4972906, queue:12.638889, delay:0.48160133, throughput:1829, violation_rate:0.0000, forceoff_rate:0.0000, violations:0, force_offs:0
REAL_TRAIN_PER_INT step:17 int:0 id:99 violations:0 force_offs:0 decisions:360 violation_rate:0.0000 forceoff_rate:0.0000 queue:12.6389
forward model: training agent 0.
Epoch 0: forward train average loss 0.004988035911487209.
epoch 0: forward test average loss 0.008338255186875662.
Epoch 99: forward train average loss 0.004415780047161711.
epoch 99: forward test average loss 0.007896920045216879.
inverse model, training agent 0.
epoch 0: inverse train average loss 0.02259383847316106.
epoch 0: inverse test average loss 0.04338094426525964.
epoch 99: inverse train average loss 0.013604421996408038.
epoch 99: inverse test average loss 0.020621868471304577.
GAT episode:17/100 grounded:True sim_loss:3.8132
Policy training episode: 18, grounded actions taken: 360, last two uncertainties: {0: [0.0, 0.0]}, avg agent uncertainties: [np.float64(0.0)], grounded actions by agent: [360]
REAL_TRAIN step:18, travel time:163.6549921589127, q_loss:100, rewards:-7.8996625, queue:13.4, delay:0.47752804, throughput:1823, violation_rate:0.0000, forceoff_rate:0.0000, violations:0, force_offs:0
REAL_TRAIN_PER_INT step:18 int:0 id:99 violations:0 force_offs:0 decisions:360 violation_rate:0.0000 forceoff_rate:0.0000 queue:13.4000
forward model: training agent 0.
Epoch 0: forward train average loss 0.005969260301854875.
epoch 0: forward test average loss 0.009399472011460198.
Epoch 99: forward train average loss 0.004606732374264134.
epoch 99: forward test average loss 0.007644974730081028.
inverse model, training agent 0.
epoch 0: inverse train average loss 0.011791930637425847.
epoch 0: inverse test average loss 0.01490394812491205.
epoch 99: inverse train average loss 0.00816601018110911.
epoch 99: inverse test average loss 0.01615517006980048.
GAT episode:18/100 grounded:True sim_loss:4.8343
Policy training episode: 19, grounded actions taken: 360, last two uncertainties: {0: [0.0, 0.0]}, avg agent uncertainties: [np.float64(0.0)], grounded actions by agent: [360]
REAL_TRAIN step:19, travel time:178.72085729221118, q_loss:100, rewards:-13.471336, queue:21.572222, delay:0.53238064, throughput:1823, violation_rate:0.0000, forceoff_rate:0.1500, violations:0, force_offs:54
REAL_TRAIN_PER_INT step:19 int:0 id:99 violations:0 force_offs:54 decisions:360 violation_rate:0.0000 forceoff_rate:0.1500 queue:21.5722
forward model: training agent 0.
Epoch 0: forward train average loss 0.011542271201809248.
epoch 0: forward test average loss 0.016575239598751068.
Epoch 99: forward train average loss 0.005947688387499915.
epoch 99: forward test average loss 0.009680216511090597.
inverse model, training agent 0.
epoch 0: inverse train average loss 0.7768595616022745.
epoch 0: inverse test average loss 0.9701137277815077.
epoch 99: inverse train average loss 0.006729355185396141.
epoch 99: inverse test average loss 0.00904509218202697.
GAT episode:19/100 grounded:True sim_loss:6.3268
Policy training episode: 20, grounded actions taken: 360, last two uncertainties: {0: [0.0, 0.0]}, avg agent uncertainties: [np.float64(0.0)], grounded actions by agent: [360]
REAL_TRAIN step:20, travel time:189.363303711448, q_loss:100, rewards:-17.31575, queue:27.522223, delay:0.5526598, throughput:1822, violation_rate:0.0000, forceoff_rate:0.1778, violations:0, force_offs:64
REAL_TRAIN_PER_INT step:20 int:0 id:99 violations:0 force_offs:64 decisions:360 violation_rate:0.0000 forceoff_rate:0.1778 queue:27.5222
forward model: training agent 0.
Epoch 0: forward train average loss 0.007341657972170247.
epoch 0: forward test average loss 0.012082695960998535.
Epoch 99: forward train average loss 0.005258383022414314.
epoch 99: forward test average loss 0.010644101020362642.
inverse model, training agent 0.
epoch 0: inverse train average loss 0.0068861863886316614.
epoch 0: inverse test average loss 0.013393344150649177.
epoch 99: inverse train average loss 0.002677529300045636.
epoch 99: inverse test average loss 0.006708463653922081.
GAT episode:20/100 grounded:True sim_loss:6.5990
Policy training episode: 21, grounded actions taken: 360, last two uncertainties: {0: [0.0, 0.0]}, avg agent uncertainties: [np.float64(0.0)], grounded actions by agent: [360]
REAL_TRAIN step:21, travel time:176.8839519079979, q_loss:100, rewards:-12.570792, queue:20.811111, delay:0.5354364, throughput:1824, violation_rate:0.0000, forceoff_rate:0.0000, violations:0, force_offs:0
REAL_TRAIN_PER_INT step:21 int:0 id:99 violations:0 force_offs:0 decisions:360 violation_rate:0.0000 forceoff_rate:0.0000 queue:20.8111
forward model: training agent 0.
Epoch 0: forward train average loss 0.012152802613046434.
epoch 0: forward test average loss 0.015845012333658006.
Epoch 99: forward train average loss 0.00449907634821203.
epoch 99: forward test average loss 0.00857953354716301.
inverse model, training agent 0.
epoch 0: inverse train average loss 0.01525537773138947.
epoch 0: inverse test average loss 0.02090772572490904.
epoch 99: inverse train average loss 0.006803424201077885.
epoch 99: inverse test average loss 0.009463852478398217.
GAT episode:21/100 grounded:True sim_loss:7.8301
Policy training episode: 22, grounded actions taken: 360, last two uncertainties: {0: [0.0, 0.0]}, avg agent uncertainties: [np.float64(0.0)], grounded actions by agent: [360]
REAL_TRAIN step:22, travel time:179.91217982226868, q_loss:100, rewards:-13.857158, queue:22.35, delay:0.5430034, throughput:1822, violation_rate:0.0000, forceoff_rate:0.0028, violations:0, force_offs:1
REAL_TRAIN_PER_INT step:22 int:0 id:99 violations:0 force_offs:1 decisions:360 violation_rate:0.0000 forceoff_rate:0.0028 queue:22.3500
forward model: training agent 0.
Epoch 0: forward train average loss 0.0056297748039166136.
epoch 0: forward test average loss 0.009634789907270007.
Epoch 99: forward train average loss 0.004166584617147843.
epoch 99: forward test average loss 0.007775186664528317.
inverse model, training agent 0.
epoch 0: inverse train average loss 0.0075125377625226974.
epoch 0: inverse test average loss 0.01588942814204428.
epoch 99: inverse train average loss 0.00542724272236228.
epoch 99: inverse test average loss 0.006023851016329395.
GAT episode:22/100 grounded:True sim_loss:11.3683
Policy training episode: 23, grounded actions taken: 360, last two uncertainties: {0: [0.0, 0.0]}, avg agent uncertainties: [np.float64(0.0)], grounded actions by agent: [360]
REAL_TRAIN step:23, travel time:179.16048092002092, q_loss:100, rewards:-13.153414, queue:22.0, delay:0.5307201, throughput:1821, violation_rate:0.0000, forceoff_rate:0.0000, violations:0, force_offs:0
REAL_TRAIN_PER_INT step:23 int:0 id:99 violations:0 force_offs:0 decisions:360 violation_rate:0.0000 forceoff_rate:0.0000 queue:22.0000
forward model: training agent 0.
Epoch 0: forward train average loss 0.006425006211631828.
epoch 0: forward test average loss 0.008552450272772048.
Epoch 99: forward train average loss 0.004175140470680263.
epoch 99: forward test average loss 0.008101313892338011.
inverse model, training agent 0.
epoch 0: inverse train average loss 0.005725273138119115.
epoch 0: inverse test average loss 0.013472856332858404.
epoch 99: inverse train average loss 0.004620290154384242.
epoch 99: inverse test average loss 0.007147154563830959.
GAT episode:23/100 grounded:True sim_loss:11.7753
Policy training episode: 24, grounded actions taken: 360, last two uncertainties: {0: [0.0, 0.0]}, avg agent uncertainties: [np.float64(0.0)], grounded actions by agent: [360]
REAL_TRAIN step:24, travel time:178.2415054887611, q_loss:100, rewards:-12.815874, queue:21.705555, delay:0.52109396, throughput:1814, violation_rate:0.0000, forceoff_rate:0.0000, violations:0, force_offs:0
REAL_TRAIN_PER_INT step:24 int:0 id:99 violations:0 force_offs:0 decisions:360 violation_rate:0.0000 forceoff_rate:0.0000 queue:21.7056
forward model: training agent 0.
Epoch 0: forward train average loss 0.004597748733229107.
epoch 0: forward test average loss 0.008272609362999598.
Epoch 99: forward train average loss 0.004040786479082372.
epoch 99: forward test average loss 0.007502679195668962.
inverse model, training agent 0.
epoch 0: inverse train average loss 0.006258228276338842.
epoch 0: inverse test average loss 0.006194332614541054.
epoch 99: inverse train average loss 0.0048722801730036736.
epoch 99: inverse test average loss 0.005062736260394256.
GAT episode:24/100 grounded:True sim_loss:11.0807
Policy training episode: 25, grounded actions taken: 360, last two uncertainties: {0: [0.0, 0.0]}, avg agent uncertainties: [np.float64(0.0)], grounded actions by agent: [360]
REAL_TRAIN step:25, travel time:182.31521170935704, q_loss:100, rewards:-14.047834, queue:23.644444, delay:0.5259173, throughput:1819, violation_rate:0.0000, forceoff_rate:0.0000, violations:0, force_offs:0
REAL_TRAIN_PER_INT step:25 int:0 id:99 violations:0 force_offs:0 decisions:360 violation_rate:0.0000 forceoff_rate:0.0000 queue:23.6444
forward model: training agent 0.
Epoch 0: forward train average loss 0.005667777214613225.
epoch 0: forward test average loss 0.010103625969754325.
Epoch 99: forward train average loss 0.004356206912133429.
epoch 99: forward test average loss 0.007730928146176868.
inverse model, training agent 0.
epoch 0: inverse train average loss 0.011529735186033778.
epoch 0: inverse test average loss 0.01860874891281128.
epoch 99: inverse train average loss 0.005253416020423174.
epoch 99: inverse test average loss 0.016712225145763822.
GAT episode:25/100 grounded:True sim_loss:11.4712
Policy training episode: 26, grounded actions taken: 360, last two uncertainties: {0: [0.0, 0.0]}, avg agent uncertainties: [np.float64(0.0)], grounded actions by agent: [360]
REAL_TRAIN step:26, travel time:186.11761630946157, q_loss:100, rewards:-15.397795, queue:25.88611, delay:0.5337368, throughput:1811, violation_rate:0.0000, forceoff_rate:0.0000, violations:0, force_offs:0
REAL_TRAIN_PER_INT step:26 int:0 id:99 violations:0 force_offs:0 decisions:360 violation_rate:0.0000 forceoff_rate:0.0000 queue:25.8861
forward model: training agent 0.
Epoch 0: forward train average loss 0.004765597689482901.
epoch 0: forward test average loss 0.008361404140790304.
Epoch 99: forward train average loss 0.004051642958074808.
epoch 99: forward test average loss 0.008465489579571618.
inverse model, training agent 0.
epoch 0: inverse train average loss 0.007603195858084493.
epoch 0: inverse test average loss 0.006669804867770936.
epoch 99: inverse train average loss 0.006201501728759872.
epoch 99: inverse test average loss 0.00455721209032668.
GAT episode:26/100 grounded:True sim_loss:11.6303
Policy training episode: 27, grounded actions taken: 360, last two uncertainties: {0: [0.0, 0.0]}, avg agent uncertainties: [np.float64(0.0)], grounded actions by agent: [360]
REAL_TRAIN step:27, travel time:177.89127025614218, q_loss:100, rewards:-12.571411, queue:21.152779, delay:0.5160019, throughput:1828, violation_rate:0.0000, forceoff_rate:0.0000, violations:0, force_offs:0
REAL_TRAIN_PER_INT step:27 int:0 id:99 violations:0 force_offs:0 decisions:360 violation_rate:0.0000 forceoff_rate:0.0000 queue:21.1528
forward model: training agent 0.
Epoch 0: forward train average loss 0.004477338658438789.
epoch 0: forward test average loss 0.008061832851833768.
Epoch 99: forward train average loss 0.00392568815085623.
epoch 99: forward test average loss 0.007447103245390786.
inverse model, training agent 0.
epoch 0: inverse train average loss 0.006609727473308642.
epoch 0: inverse test average loss 0.016627266589138243.
epoch 99: inverse train average loss 0.005444917310443189.
epoch 99: inverse test average loss 0.011818108873234855.
GAT episode:27/100 grounded:True sim_loss:10.0036
Policy training episode: 28, grounded actions taken: 360, last two uncertainties: {0: [0.0, 0.0]}, avg agent uncertainties: [np.float64(0.0)], grounded actions by agent: [360]
REAL_TRAIN step:28, travel time:177.85938316779928, q_loss:100, rewards:-12.496039, queue:21.180555, delay:0.5242677, throughput:1823, violation_rate:0.0000, forceoff_rate:0.0000, violations:0, force_offs:0
REAL_TRAIN_PER_INT step:28 int:0 id:99 violations:0 force_offs:0 decisions:360 violation_rate:0.0000 forceoff_rate:0.0000 queue:21.1806
forward model: training agent 0.
Epoch 0: forward train average loss 0.004680016129795048.
epoch 0: forward test average loss 0.008079370690716637.
Epoch 99: forward train average loss 0.004081147567679484.
epoch 99: forward test average loss 0.007815782394674089.
inverse model, training agent 0.
epoch 0: inverse train average loss 0.005441262283258968.
epoch 0: inverse test average loss 0.005511697795655992.
epoch 99: inverse train average loss 0.003789277229872015.
epoch 99: inverse test average loss 0.003764145076274872.
GAT episode:28/100 grounded:True sim_loss:8.8867
Policy training episode: 29, grounded actions taken: 360, last two uncertainties: {0: [0.0, 0.0]}, avg agent uncertainties: [np.float64(0.0)], grounded actions by agent: [360]
REAL_TRAIN step:29, travel time:178.33873497124935, q_loss:100, rewards:-12.900994, queue:21.769444, delay:0.52458876, throughput:1807, violation_rate:0.0000, forceoff_rate:0.0000, violations:0, force_offs:0
REAL_TRAIN_PER_INT step:29 int:0 id:99 violations:0 force_offs:0 decisions:360 violation_rate:0.0000 forceoff_rate:0.0000 queue:21.7694
forward model: training agent 0.
Epoch 0: forward train average loss 0.004402223974466324.
epoch 0: forward test average loss 0.007055736457308133.
Epoch 99: forward train average loss 0.003930483944714069.
epoch 99: forward test average loss 0.00717790424823761.
inverse model, training agent 0.
epoch 0: inverse train average loss 0.005432340808005797.
epoch 0: inverse test average loss 0.004616227414872911.
epoch 99: inverse train average loss 0.004668133695506387.
epoch 99: inverse test average loss 0.010807639194859399.
GAT episode:29/100 grounded:True sim_loss:8.4788
Policy training episode: 30, grounded actions taken: 360, last two uncertainties: {0: [0.0, 0.0]}, avg agent uncertainties: [np.float64(0.0)], grounded actions by agent: [360]
REAL_TRAIN step:30, travel time:171.82749607945635, q_loss:100, rewards:-10.626583, queue:18.077778, delay:0.5192458, throughput:1822, violation_rate:0.0000, forceoff_rate:0.0000, violations:0, force_offs:0
REAL_TRAIN_PER_INT step:30 int:0 id:99 violations:0 force_offs:0 decisions:360 violation_rate:0.0000 forceoff_rate:0.0000 queue:18.0778
forward model: training agent 0.
Epoch 0: forward train average loss 0.004566348209563229.
epoch 0: forward test average loss 0.0092074287434419.
Epoch 99: forward train average loss 0.003994294131795566.
epoch 99: forward test average loss 0.008442552967203988.
inverse model, training agent 0.
epoch 0: inverse train average loss 0.0078057994445164995.
epoch 0: inverse test average loss 0.008166679905520545.
epoch 99: inverse train average loss 0.0058331117033958435.
epoch 99: inverse test average loss 0.011378722058402168.
GAT episode:30/100 grounded:True sim_loss:8.1826
Policy training episode: 31, grounded actions taken: 360, last two uncertainties: {0: [0.0, 0.0]}, avg agent uncertainties: [np.float64(0.0)], grounded actions by agent: [360]
REAL_TRAIN step:31, travel time:170.22320961840043, q_loss:100, rewards:-10.199703, queue:17.11111, delay:0.52629846, throughput:1822, violation_rate:0.0000, forceoff_rate:0.0028, violations:0, force_offs:1
REAL_TRAIN_PER_INT step:31 int:0 id:99 violations:0 force_offs:1 decisions:360 violation_rate:0.0000 forceoff_rate:0.0028 queue:17.1111
forward model: training agent 0.
Epoch 0: forward train average loss 0.004803777568870121.
epoch 0: forward test average loss 0.007519669002956814.
Epoch 99: forward train average loss 0.00420026108622551.
epoch 99: forward test average loss 0.006559133322702514.
inverse model, training agent 0.
epoch 0: inverse train average loss 0.008445612258381315.
epoch 0: inverse test average loss 0.020679153501987457.
epoch 99: inverse train average loss 0.0052123771359523135.
epoch 99: inverse test average loss 0.0090331652512153.
GAT episode:31/100 grounded:True sim_loss:8.5235
Policy training episode: 32, grounded actions taken: 360, last two uncertainties: {0: [0.0, 0.0]}, avg agent uncertainties: [np.float64(0.0)], grounded actions by agent: [360]
REAL_TRAIN step:32, travel time:169.39153162571876, q_loss:100, rewards:-9.870581, queue:16.8, delay:0.51327884, throughput:1825, violation_rate:0.0000, forceoff_rate:0.0000, violations:0, force_offs:0
REAL_TRAIN_PER_INT step:32 int:0 id:99 violations:0 force_offs:0 decisions:360 violation_rate:0.0000 forceoff_rate:0.0000 queue:16.8000
forward model: training agent 0.
Epoch 0: forward train average loss 0.004295701988869243.
epoch 0: forward test average loss 0.007266015228297975.
Epoch 99: forward train average loss 0.0038897251813775962.
epoch 99: forward test average loss 0.007240429106685851.
inverse model, training agent 0.
epoch 0: inverse train average loss 0.00608805918859111.
epoch 0: inverse test average loss 0.006869991309940815.
epoch 99: inverse train average loss 0.004621251900162961.
epoch 99: inverse test average loss 0.008682488153378168.
GAT episode:32/100 grounded:True sim_loss:7.4404
Policy training episode: 33, grounded actions taken: 360, last two uncertainties: {0: [0.0, 0.0]}, avg agent uncertainties: [np.float64(0.0)], grounded actions by agent: [360]
REAL_TRAIN step:33, travel time:167.98693152117093, q_loss:100, rewards:-9.4087515, queue:15.813889, delay:0.51468235, throughput:1822, violation_rate:0.0000, forceoff_rate:0.0028, violations:0, force_offs:1
REAL_TRAIN_PER_INT step:33 int:0 id:99 violations:0 force_offs:1 decisions:360 violation_rate:0.0000 forceoff_rate:0.0028 queue:15.8139
forward model: training agent 0.
Epoch 0: forward train average loss 0.004330821852717135.
epoch 0: forward test average loss 0.007382135838270187.
Epoch 99: forward train average loss 0.0038856175831622547.
epoch 99: forward test average loss 0.0072222428603304755.
inverse model, training agent 0.
epoch 0: inverse train average loss 0.006327244246171581.
epoch 0: inverse test average loss 0.01403406055437194.
epoch 99: inverse train average loss 0.0036350394495659405.
epoch 99: inverse test average loss 0.005525089593397247.
GAT episode:33/100 grounded:True sim_loss:7.2619
Policy training episode: 34, grounded actions taken: 360, last two uncertainties: {0: [0.0, 0.0]}, avg agent uncertainties: [np.float64(0.0)], grounded actions by agent: [360]
REAL_TRAIN step:34, travel time:165.5122843700993, q_loss:100, rewards:-8.509248, queue:14.505555, delay:0.50127053, throughput:1826, violation_rate:0.0000, forceoff_rate:0.0028, violations:0, force_offs:1
REAL_TRAIN_PER_INT step:34 int:0 id:99 violations:0 force_offs:1 decisions:360 violation_rate:0.0000 forceoff_rate:0.0028 queue:14.5056
forward model: training agent 0.
Epoch 0: forward train average loss 0.004404376364416546.
epoch 0: forward test average loss 0.006906750508480602.
Epoch 99: forward train average loss 0.0038462193786270088.
epoch 99: forward test average loss 0.0070407264348533415.
inverse model, training agent 0.
epoch 0: inverse train average loss 0.005342711228877306.
epoch 0: inverse test average loss 0.00706537336938911.
epoch 99: inverse train average loss 0.00382426262108816.
epoch 99: inverse test average loss 0.005334034976032045.
GAT episode:34/100 grounded:True sim_loss:6.9445
Policy training episode: 35, grounded actions taken: 360, last two uncertainties: {0: [0.0, 0.0]}, avg agent uncertainties: [np.float64(0.0)], grounded actions by agent: [360]
REAL_TRAIN step:35, travel time:170.50392054364872, q_loss:100, rewards:-10.114832, queue:17.066668, delay:0.4999536, throughput:1827, violation_rate:0.0000, forceoff_rate:0.0000, violations:0, force_offs:0
REAL_TRAIN_PER_INT step:35 int:0 id:99 violations:0 force_offs:0 decisions:360 violation_rate:0.0000 forceoff_rate:0.0000 queue:17.0667
forward model: training agent 0.
Epoch 0: forward train average loss 0.005125716018180053.
epoch 0: forward test average loss 0.00832480937242508.
Epoch 99: forward train average loss 0.003993293839610285.
epoch 99: forward test average loss 0.007731425265471141.
inverse model, training agent 0.
epoch 0: inverse train average loss 0.004105157477574216.
epoch 0: inverse test average loss 0.007458575069904327.
epoch 99: inverse train average loss 0.0023711263719532224.
epoch 99: inverse test average loss 0.004865352685252826.
GAT episode:35/100 grounded:True sim_loss:6.5252
Policy training episode: 36, grounded actions taken: 360, last two uncertainties: {0: [0.0, 0.0]}, avg agent uncertainties: [np.float64(0.0)], grounded actions by agent: [360]
REAL_TRAIN step:36, travel time:166.5128071092525, q_loss:100, rewards:-8.842708, queue:14.966666, delay:0.486863, throughput:1825, violation_rate:0.0000, forceoff_rate:0.0000, violations:0, force_offs:0
REAL_TRAIN_PER_INT step:36 int:0 id:99 violations:0 force_offs:0 decisions:360 violation_rate:0.0000 forceoff_rate:0.0000 queue:14.9667
forward model: training agent 0.
Epoch 0: forward train average loss 0.0041591318634649115.
epoch 0: forward test average loss 0.007246310305264261.
Epoch 99: forward train average loss 0.003769354791276985.
epoch 99: forward test average loss 0.006988992086715168.
inverse model, training agent 0.
epoch 0: inverse train average loss 0.002437220782869392.
epoch 0: inverse test average loss 0.006774979540043407.
epoch 99: inverse train average loss 0.001732552760384149.
epoch 99: inverse test average loss 0.0035174464186032615.
GAT episode:36/100 grounded:True sim_loss:5.0617
Policy training episode: 37, grounded actions taken: 360, last two uncertainties: {0: [0.0, 0.0]}, avg agent uncertainties: [np.float64(0.0)], grounded actions by agent: [360]
REAL_TRAIN step:37, travel time:164.66283324621014, q_loss:100, rewards:-8.182791, queue:13.841666, delay:0.47470456, throughput:1825, violation_rate:0.0000, forceoff_rate:0.0000, violations:0, force_offs:0
REAL_TRAIN_PER_INT step:37 int:0 id:99 violations:0 force_offs:0 decisions:360 violation_rate:0.0000 forceoff_rate:0.0000 queue:13.8417
forward model: training agent 0.
Epoch 0: forward train average loss 0.004656679824822479.
epoch 0: forward test average loss 0.007599214298857583.
Epoch 99: forward train average loss 0.003949357714090083.
epoch 99: forward test average loss 0.007336171136962043.
inverse model, training agent 0.
epoch 0: inverse train average loss 0.0035626155376020405.
epoch 0: inverse test average loss 0.005309720420175129.
epoch 99: inverse train average loss 0.0020329071105354363.
epoch 99: inverse test average loss 0.0066616179214583505.
GAT episode:37/100 grounded:True sim_loss:3.9181
Policy training episode: 38, grounded actions taken: 360, last two uncertainties: {0: [0.0, 0.0]}, avg agent uncertainties: [np.float64(0.0)], grounded actions by agent: [360]
REAL_TRAIN step:38, travel time:162.90120230005226, q_loss:100, rewards:-7.6108313, queue:12.955556, delay:0.46539447, throughput:1824, violation_rate:0.0000, forceoff_rate:0.0000, violations:0, force_offs:0
REAL_TRAIN_PER_INT step:38 int:0 id:99 violations:0 force_offs:0 decisions:360 violation_rate:0.0000 forceoff_rate:0.0000 queue:12.9556
forward model: training agent 0.
Epoch 0: forward train average loss 0.004366927055848969.
epoch 0: forward test average loss 0.007191186563836204.
Epoch 99: forward train average loss 0.00391776751105984.
epoch 99: forward test average loss 0.006565955984923575.
inverse model, training agent 0.
epoch 0: inverse train average loss 0.0036925546204050383.
epoch 0: inverse test average loss 0.0034026981641848883.
epoch 99: inverse train average loss 0.0025224153521574205.
epoch 99: inverse test average loss 0.010738528023163477.
GAT episode:38/100 grounded:True sim_loss:2.6681
Policy training episode: 39, grounded actions taken: 360, last two uncertainties: {0: [0.0, 0.0]}, avg agent uncertainties: [np.float64(0.0)], grounded actions by agent: [360]
REAL_TRAIN step:39, travel time:161.4453737584945, q_loss:100, rewards:-7.219542, queue:12.180555, delay:0.4541434, throughput:1828, violation_rate:0.0000, forceoff_rate:0.0000, violations:0, force_offs:0
REAL_TRAIN_PER_INT step:39 int:0 id:99 violations:0 force_offs:0 decisions:360 violation_rate:0.0000 forceoff_rate:0.0000 queue:12.1806
forward model: training agent 0.
Epoch 0: forward train average loss 0.004036733621938361.
epoch 0: forward test average loss 0.006670023418135113.
Epoch 99: forward train average loss 0.003669708398067289.
epoch 99: forward test average loss 0.0069293005184994805.
inverse model, training agent 0.
epoch 0: inverse train average loss 0.0037884640300439466.
epoch 0: inverse test average loss 0.009862590995099809.
epoch 99: inverse train average loss 0.0024059368814859125.
epoch 99: inverse test average loss 0.011634351685643196.
GAT episode:39/100 grounded:True sim_loss:1.8792
Policy training episode: 40, grounded actions taken: 360, last two uncertainties: {0: [0.0, 0.0]}, avg agent uncertainties: [np.float64(0.0)], grounded actions by agent: [360]
REAL_TRAIN step:40, travel time:160.42812336644013, q_loss:100, rewards:-6.918291, queue:11.733334, delay:0.4729854, throughput:1824, violation_rate:0.0000, forceoff_rate:0.0000, violations:0, force_offs:0
REAL_TRAIN_PER_INT step:40 int:0 id:99 violations:0 force_offs:0 decisions:360 violation_rate:0.0000 forceoff_rate:0.0000 queue:11.7333
forward model: training agent 0.
Epoch 0: forward train average loss 0.004292530162880818.
epoch 0: forward test average loss 0.006755921575758193.
Epoch 99: forward train average loss 0.0037903424559368026.
epoch 99: forward test average loss 0.006892436080508762.
inverse model, training agent 0.
epoch 0: inverse train average loss 0.0058398500291837584.
epoch 0: inverse test average loss 0.015363342232174344.
epoch 99: inverse train average loss 0.0021927248841772475.
epoch 99: inverse test average loss 0.005984884169366624.
GAT episode:40/100 grounded:True sim_loss:1.5173
Policy training episode: 41, grounded actions taken: 360, last two uncertainties: {0: [0.0, 0.0]}, avg agent uncertainties: [np.float64(0.0)], grounded actions by agent: [360]
REAL_TRAIN step:41, travel time:159.14270778881337, q_loss:100, rewards:-6.5077085, queue:10.961111, delay:0.4542705, throughput:1829, violation_rate:0.0000, forceoff_rate:0.0000, violations:0, force_offs:0
REAL_TRAIN_PER_INT step:41 int:0 id:99 violations:0 force_offs:0 decisions:360 violation_rate:0.0000 forceoff_rate:0.0000 queue:10.9611
forward model: training agent 0.
Epoch 0: forward train average loss 0.004182203465865718.
epoch 0: forward test average loss 0.006838865371214019.
Epoch 99: forward train average loss 0.003866611203799645.
epoch 99: forward test average loss 0.0068503547873761915.
inverse model, training agent 0.
epoch 0: inverse train average loss 0.0027159319983588327.
epoch 0: inverse test average loss 0.004764273038340939.
epoch 99: inverse train average loss 0.0018564499655945434.
epoch 99: inverse test average loss 0.006384500819775794.
GAT episode:41/100 grounded:True sim_loss:1.4671
Policy training episode: 42, grounded actions taken: 360, last two uncertainties: {0: [0.0, 0.0]}, avg agent uncertainties: [np.float64(0.0)], grounded actions by agent: [360]
REAL_TRAIN step:42, travel time:159.96445373758493, q_loss:100, rewards:-6.8119607, queue:11.511111, delay:0.472898, throughput:1829, violation_rate:0.0000, forceoff_rate:0.0000, violations:0, force_offs:0
REAL_TRAIN_PER_INT step:42 int:0 id:99 violations:0 force_offs:0 decisions:360 violation_rate:0.0000 forceoff_rate:0.0000 queue:11.5111
forward model: training agent 0.
Epoch 0: forward train average loss 0.004142748398913277.
epoch 0: forward test average loss 0.007321121791998546.
Epoch 99: forward train average loss 0.0037595893049405683.
epoch 99: forward test average loss 0.006542780747016271.
inverse model, training agent 0.
epoch 0: inverse train average loss 0.0023378469049930573.
epoch 0: inverse test average loss 0.005130966504414876.
epoch 99: inverse train average loss 0.00167210072848118.
epoch 99: inverse test average loss 0.005526133295562532.
GAT episode:42/100 grounded:True sim_loss:1.2407
Policy training episode: 43, grounded actions taken: 360, last two uncertainties: {0: [0.0, 0.0]}, avg agent uncertainties: [np.float64(0.0)], grounded actions by agent: [360]
REAL_TRAIN step:43, travel time:159.1035023523262, q_loss:100, rewards:-6.4707494, queue:10.95, delay:0.45709106, throughput:1834, violation_rate:0.0000, forceoff_rate:0.0000, violations:0, force_offs:0
REAL_TRAIN_PER_INT step:43 int:0 id:99 violations:0 force_offs:0 decisions:360 violation_rate:0.0000 forceoff_rate:0.0000 queue:10.9500
forward model: training agent 0.
Epoch 0: forward train average loss 0.004004916900561916.
epoch 0: forward test average loss 0.0065394921435250174.
Epoch 99: forward train average loss 0.0036760360105997985.
epoch 99: forward test average loss 0.006748636149697834.
inverse model, training agent 0.
epoch 0: inverse train average loss 0.002259372875818776.
epoch 0: inverse test average loss 0.005385909229516983.
epoch 99: inverse train average loss 0.0016422129184421566.
epoch 99: inverse test average loss 0.005202218476268981.
GAT episode:43/100 grounded:True sim_loss:1.1821
Policy training episode: 44, grounded actions taken: 360, last two uncertainties: {0: [0.0, 0.0]}, avg agent uncertainties: [np.float64(0.0)], grounded actions by agent: [360]
REAL_TRAIN step:44, travel time:159.76999477260847, q_loss:100, rewards:-6.7388334, queue:11.438889, delay:0.47292367, throughput:1828, violation_rate:0.0000, forceoff_rate:0.0000, violations:0, force_offs:0
REAL_TRAIN_PER_INT step:44 int:0 id:99 violations:0 force_offs:0 decisions:360 violation_rate:0.0000 forceoff_rate:0.0000 queue:11.4389
forward model: training agent 0.
Epoch 0: forward train average loss 0.004004632588475943.
epoch 0: forward test average loss 0.007021416185630692.
Epoch 99: forward train average loss 0.003733570273551676.
epoch 99: forward test average loss 0.006618770667248302.
inverse model, training agent 0.
epoch 0: inverse train average loss 0.001977555893568529.
epoch 0: inverse test average loss 0.008266578531927533.
epoch 99: inverse train average loss 0.0014186929523323972.
epoch 99: inverse test average loss 0.00495502683851454.
GAT episode:44/100 grounded:True sim_loss:1.1028
Policy training episode: 45, grounded actions taken: 360, last two uncertainties: {0: [0.0, 0.0]}, avg agent uncertainties: [np.float64(0.0)], grounded actions by agent: [360]
REAL_TRAIN step:45, travel time:159.81233664401464, q_loss:100, rewards:-6.664875, queue:11.316667, delay:0.46106312, throughput:1829, violation_rate:0.0000, forceoff_rate:0.0000, violations:0, force_offs:0
REAL_TRAIN_PER_INT step:45 int:0 id:99 violations:0 force_offs:0 decisions:360 violation_rate:0.0000 forceoff_rate:0.0000 queue:11.3167
forward model: training agent 0.
Epoch 0: forward train average loss 0.0038950171114669908.
epoch 0: forward test average loss 0.006629164020220439.
Epoch 99: forward train average loss 0.0036248241344259847.
epoch 99: forward test average loss 0.007067186137040456.
inverse model, training agent 0.
epoch 0: inverse train average loss 0.0028504072429819238.
epoch 0: inverse test average loss 0.010786965489387512.
epoch 99: inverse train average loss 0.0016188502906718189.
epoch 99: inverse test average loss 0.00510084153049522.
GAT episode:45/100 grounded:True sim_loss:0.9376
Policy training episode: 46, grounded actions taken: 360, last two uncertainties: {0: [0.0, 0.0]}, avg agent uncertainties: [np.float64(0.0)], grounded actions by agent: [360]
REAL_TRAIN step:46, travel time:158.99006795608992, q_loss:100, rewards:-6.443544, queue:10.922222, delay:0.46003613, throughput:1831, violation_rate:0.0000, forceoff_rate:0.0000, violations:0, force_offs:0
REAL_TRAIN_PER_INT step:46 int:0 id:99 violations:0 force_offs:0 decisions:360 violation_rate:0.0000 forceoff_rate:0.0000 queue:10.9222
forward model: training agent 0.
Epoch 0: forward train average loss 0.004041506753613551.
epoch 0: forward test average loss 0.0065019941992229885.
Epoch 99: forward train average loss 0.003632056630320019.
epoch 99: forward test average loss 0.007255484660466512.
inverse model, training agent 0.
epoch 0: inverse train average loss 0.0023265958815399143.
epoch 0: inverse test average loss 0.0024526838420165908.
epoch 99: inverse train average loss 0.0015124089291526212.
epoch 99: inverse test average loss 0.002569384148551358.
GAT episode:46/100 grounded:True sim_loss:0.8546
Policy training episode: 47, grounded actions taken: 360, last two uncertainties: {0: [0.0, 0.0]}, avg agent uncertainties: [np.float64(0.0)], grounded actions by agent: [360]
REAL_TRAIN step:47, travel time:159.07056978567695, q_loss:100, rewards:-6.5478735, queue:11.013889, delay:0.46590424, throughput:1829, violation_rate:0.0000, forceoff_rate:0.0000, violations:0, force_offs:0
REAL_TRAIN_PER_INT step:47 int:0 id:99 violations:0 force_offs:0 decisions:360 violation_rate:0.0000 forceoff_rate:0.0000 queue:11.0139
forward model: training agent 0.
Epoch 0: forward train average loss 0.004044291149410937.
epoch 0: forward test average loss 0.006281493645575311.
Epoch 99: forward train average loss 0.003724291248040067.
epoch 99: forward test average loss 0.00711304715110196.
inverse model, training agent 0.
epoch 0: inverse train average loss 0.002309746833311187.
epoch 0: inverse test average loss 0.008697442089517912.
epoch 99: inverse train average loss 0.0013323793731008966.
epoch 99: inverse test average loss 0.003414138634171751.
GAT episode:47/100 grounded:True sim_loss:0.7442
Policy training episode: 48, grounded actions taken: 360, last two uncertainties: {0: [0.0, 0.0]}, avg agent uncertainties: [np.float64(0.0)], grounded actions by agent: [360]
REAL_TRAIN step:48, travel time:159.6549921589127, q_loss:100, rewards:-6.651957, queue:11.291667, delay:0.46565068, throughput:1825, violation_rate:0.0000, forceoff_rate:0.0000, violations:0, force_offs:0
REAL_TRAIN_PER_INT step:48 int:0 id:99 violations:0 force_offs:0 decisions:360 violation_rate:0.0000 forceoff_rate:0.0000 queue:11.2917
forward model: training agent 0.
Epoch 0: forward train average loss 0.003981447364721034.
epoch 0: forward test average loss 0.007116737051142586.
Epoch 99: forward train average loss 0.003574049203760094.
epoch 99: forward test average loss 0.006764453732305103.
inverse model, training agent 0.
epoch 0: inverse train average loss 0.0020119878463447094.
epoch 0: inverse test average loss 0.005929560710986455.
epoch 99: inverse train average loss 0.001241436435116662.
epoch 99: inverse test average loss 0.004595472994777892.
GAT episode:48/100 grounded:True sim_loss:0.6279
Policy training episode: 49, grounded actions taken: 360, last two uncertainties: {0: [0.0, 0.0]}, avg agent uncertainties: [np.float64(0.0)], grounded actions by agent: [360]
REAL_TRAIN step:49, travel time:158.42341871406168, q_loss:100, rewards:-6.283375, queue:10.572222, delay:0.4464362, throughput:1830, violation_rate:0.0000, forceoff_rate:0.0000, violations:0, force_offs:0
REAL_TRAIN_PER_INT step:49 int:0 id:99 violations:0 force_offs:0 decisions:360 violation_rate:0.0000 forceoff_rate:0.0000 queue:10.5722
forward model: training agent 0.
Epoch 0: forward train average loss 0.0038561708707776335.
epoch 0: forward test average loss 0.006408078802956475.
Epoch 99: forward train average loss 0.003459583760963546.
epoch 99: forward test average loss 0.0067348579565684.
inverse model, training agent 0.
epoch 0: inverse train average loss 0.002041789315020045.
epoch 0: inverse test average loss 0.0017892351477510398.
epoch 99: inverse train average loss 0.0009563837795414858.
epoch 99: inverse test average loss 0.00343928641329209.
GAT episode:49/100 grounded:True sim_loss:0.5496
Policy training episode: 50, grounded actions taken: 360, last two uncertainties: {0: [0.0, 0.0]}, avg agent uncertainties: [np.float64(0.0)], grounded actions by agent: [360]
REAL_TRAIN step:50, travel time:159.106116048092, q_loss:100, rewards:-6.539125, queue:10.930555, delay:0.4638473, throughput:1832, violation_rate:0.0000, forceoff_rate:0.0000, violations:0, force_offs:0
REAL_TRAIN_PER_INT step:50 int:0 id:99 violations:0 force_offs:0 decisions:360 violation_rate:0.0000 forceoff_rate:0.0000 queue:10.9306
forward model: training agent 0.
Epoch 0: forward train average loss 0.00391073664650321.
epoch 0: forward test average loss 0.007114960708551937.
Epoch 99: forward train average loss 0.003556604031473398.
epoch 99: forward test average loss 0.006289942603972223.
inverse model, training agent 0.
epoch 0: inverse train average loss 0.002579474485375815.
epoch 0: inverse test average loss 0.002738767044825686.
epoch 99: inverse train average loss 0.0014298414850297074.
epoch 99: inverse test average loss 0.002217315835878253.
GAT episode:50/100 grounded:True sim_loss:0.5074
Policy training episode: 51, grounded actions taken: 360, last two uncertainties: {0: [0.0, 0.0]}, avg agent uncertainties: [np.float64(0.0)], grounded actions by agent: [360]
REAL_TRAIN step:51, travel time:159.51489806586514, q_loss:100, rewards:-6.710041, queue:11.180555, delay:0.46327582, throughput:1833, violation_rate:0.0000, forceoff_rate:0.0000, violations:0, force_offs:0
REAL_TRAIN_PER_INT step:51 int:0 id:99 violations:0 force_offs:0 decisions:360 violation_rate:0.0000 forceoff_rate:0.0000 queue:11.1806
forward model: training agent 0.
Epoch 0: forward train average loss 0.0038477510938213933.
epoch 0: forward test average loss 0.006791544043355518.
Epoch 99: forward train average loss 0.0035599664681487614.
epoch 99: forward test average loss 0.006785419666104847.
inverse model, training agent 0.
epoch 0: inverse train average loss 0.0018052495433948934.
epoch 0: inverse test average loss 0.0026414800021383497.
epoch 99: inverse train average loss 0.0013369849313878352.
epoch 99: inverse test average loss 0.0023217451655202443.
GAT episode:51/100 grounded:True sim_loss:0.4567
Policy training episode: 52, grounded actions taken: 360, last two uncertainties: {0: [0.0, 0.0]}, avg agent uncertainties: [np.float64(0.0)], grounded actions by agent: [360]
REAL_TRAIN step:52, travel time:158.62153685311029, q_loss:100, rewards:-6.3639574, queue:10.7, delay:0.46028903, throughput:1833, violation_rate:0.0000, forceoff_rate:0.0000, violations:0, force_offs:0
REAL_TRAIN_PER_INT step:52 int:0 id:99 violations:0 force_offs:0 decisions:360 violation_rate:0.0000 forceoff_rate:0.0000 queue:10.7000
forward model: training agent 0.
Epoch 0: forward train average loss 0.004050779673788283.
epoch 0: forward test average loss 0.00676241268714269.
Epoch 99: forward train average loss 0.0037273463482658067.
epoch 99: forward test average loss 0.0071512603511412936.
inverse model, training agent 0.
epoch 0: inverse train average loss 0.0020270103381739724.
epoch 0: inverse test average loss 0.008400425521863831.
epoch 99: inverse train average loss 0.001361185626592487.
epoch 99: inverse test average loss 0.017245984429286584.
GAT episode:52/100 grounded:True sim_loss:0.4093
Policy training episode: 53, grounded actions taken: 360, last two uncertainties: {0: [0.0, 0.0]}, avg agent uncertainties: [np.float64(0.0)], grounded actions by agent: [360]
REAL_TRAIN step:53, travel time:159.533716675379, q_loss:100, rewards:-6.705876, queue:11.294444, delay:0.47007498, throughput:1828, violation_rate:0.0000, forceoff_rate:0.0000, violations:0, force_offs:0
REAL_TRAIN_PER_INT step:53 int:0 id:99 violations:0 force_offs:0 decisions:360 violation_rate:0.0000 forceoff_rate:0.0000 queue:11.2944
forward model: training agent 0.
Epoch 0: forward train average loss 0.0038774926732811662.
epoch 0: forward test average loss 0.007080508809950616.
Epoch 99: forward train average loss 0.003511895994759268.
epoch 99: forward test average loss 0.006744997575879097.
inverse model, training agent 0.
epoch 0: inverse train average loss 0.003152424624810616.
epoch 0: inverse test average loss 0.0025399959542685086.
epoch 99: inverse train average loss 0.0017255301095752253.
epoch 99: inverse test average loss 0.003126709515021907.
GAT episode:53/100 grounded:True sim_loss:0.3645
Policy training episode: 54, grounded actions taken: 360, last two uncertainties: {0: [0.0, 0.0]}, avg agent uncertainties: [np.float64(0.0)], grounded actions by agent: [360]
REAL_TRAIN step:54, travel time:159.61265028750654, q_loss:100, rewards:-6.705918, queue:11.244445, delay:0.46642423, throughput:1829, violation_rate:0.0000, forceoff_rate:0.0000, violations:0, force_offs:0
REAL_TRAIN_PER_INT step:54 int:0 id:99 violations:0 force_offs:0 decisions:360 violation_rate:0.0000 forceoff_rate:0.0000 queue:11.2444
forward model: training agent 0.
Epoch 0: forward train average loss 0.003867005981090996.
epoch 0: forward test average loss 0.007013418608241611.
Epoch 99: forward train average loss 0.0035299575473699304.
epoch 99: forward test average loss 0.007279642340209749.
inverse model, training agent 0.
epoch 0: inverse train average loss 0.0018913725960171884.
epoch 0: inverse test average loss 0.002542233301533593.
epoch 99: inverse train average loss 0.0010688064568158654.
epoch 99: inverse test average loss 0.006262085917923186.
GAT episode:54/100 grounded:True sim_loss:0.3330
Policy training episode: 55, grounded actions taken: 360, last two uncertainties: {0: [0.0, 0.0]}, avg agent uncertainties: [np.float64(0.0)], grounded actions by agent: [360]
REAL_TRAIN step:55, travel time:158.86983795086252, q_loss:100, rewards:-6.489704, queue:10.880555, delay:0.45933843, throughput:1830, violation_rate:0.0000, forceoff_rate:0.0000, violations:0, force_offs:0
REAL_TRAIN_PER_INT step:55 int:0 id:99 violations:0 force_offs:0 decisions:360 violation_rate:0.0000 forceoff_rate:0.0000 queue:10.8806
forward model: training agent 0.
Epoch 0: forward train average loss 0.0037649658819039664.
epoch 0: forward test average loss 0.007253544198142158.
Epoch 99: forward train average loss 0.0034752777881092494.
epoch 99: forward test average loss 0.006450929161575105.
inverse model, training agent 0.
epoch 0: inverse train average loss 0.0012844113451946112.
epoch 0: inverse test average loss 0.0023433720020370353.
epoch 99: inverse train average loss 0.0008504417362726397.
epoch 99: inverse test average loss 0.01234066186265813.
GAT episode:55/100 grounded:True sim_loss:0.3025
Policy training episode: 56, grounded actions taken: 360, last two uncertainties: {0: [0.0, 0.0]}, avg agent uncertainties: [np.float64(0.0)], grounded actions by agent: [360]
REAL_TRAIN step:56, travel time:159.30946157867226, q_loss:100, rewards:-6.6689596, queue:11.127778, delay:0.46918365, throughput:1830, violation_rate:0.0000, forceoff_rate:0.0000, violations:0, force_offs:0
REAL_TRAIN_PER_INT step:56 int:0 id:99 violations:0 force_offs:0 decisions:360 violation_rate:0.0000 forceoff_rate:0.0000 queue:11.1278
forward model: training agent 0.
Epoch 0: forward train average loss 0.0039934744127094746.
epoch 0: forward test average loss 0.007313831398884456.
Epoch 99: forward train average loss 0.0036091959207422203.
epoch 99: forward test average loss 0.007209122180938721.
inverse model, training agent 0.
epoch 0: inverse train average loss 0.0036487709084111783.
epoch 0: inverse test average loss 0.013433991827898555.
epoch 99: inverse train average loss 0.0009211468148148722.
epoch 99: inverse test average loss 0.0018550425560937987.
GAT episode:56/100 grounded:True sim_loss:0.2937
Policy training episode: 57, grounded actions taken: 360, last two uncertainties: {0: [0.0, 0.0]}, avg agent uncertainties: [np.float64(0.0)], grounded actions by agent: [360]
REAL_TRAIN step:57, travel time:158.76738107684267, q_loss:100, rewards:-6.4485426, queue:10.836111, delay:0.46282697, throughput:1830, violation_rate:0.0000, forceoff_rate:0.0000, violations:0, force_offs:0
REAL_TRAIN_PER_INT step:57 int:0 id:99 violations:0 force_offs:0 decisions:360 violation_rate:0.0000 forceoff_rate:0.0000 queue:10.8361
forward model: training agent 0.
Epoch 0: forward train average loss 0.0039046669068435826.
epoch 0: forward test average loss 0.0072063472535875105.
Epoch 99: forward train average loss 0.0035672218331860173.
epoch 99: forward test average loss 0.006885052969058354.
inverse model, training agent 0.
epoch 0: inverse train average loss 0.0026010950613352987.
epoch 0: inverse test average loss 0.009547297118438615.
epoch 99: inverse train average loss 0.0009361880301083955.
epoch 99: inverse test average loss 0.002035625589390596.
GAT episode:57/100 grounded:True sim_loss:0.2791
Policy training episode: 58, grounded actions taken: 360, last two uncertainties: {0: [0.0, 0.0]}, avg agent uncertainties: [np.float64(0.0)], grounded actions by agent: [360]
REAL_TRAIN step:58, travel time:159.19184526921066, q_loss:100, rewards:-6.5828757, queue:11.061111, delay:0.47130024, throughput:1832, violation_rate:0.0000, forceoff_rate:0.0000, violations:0, force_offs:0
REAL_TRAIN_PER_INT step:58 int:0 id:99 violations:0 force_offs:0 decisions:360 violation_rate:0.0000 forceoff_rate:0.0000 queue:11.0611
forward model: training agent 0.
Epoch 0: forward train average loss 0.0040063259398771655.
epoch 0: forward test average loss 0.006969568216138416.
Epoch 99: forward train average loss 0.0036501604546275404.
epoch 99: forward test average loss 0.006713626906275749.
inverse model, training agent 0.
epoch 0: inverse train average loss 0.0013112559681758285.
epoch 0: inverse test average loss 0.006103560225003296.
epoch 99: inverse train average loss 0.0007265484503780802.
epoch 99: inverse test average loss 0.001847063967337211.
GAT episode:58/100 grounded:True sim_loss:0.2914
Policy training episode: 59, grounded actions taken: 360, last two uncertainties: {0: [0.0, 0.0]}, avg agent uncertainties: [np.float64(0.0)], grounded actions by agent: [360]
REAL_TRAIN step:59, travel time:159.2456874019864, q_loss:100, rewards:-6.6143756, queue:11.161111, delay:0.47115085, throughput:1829, violation_rate:0.0000, forceoff_rate:0.0000, violations:0, force_offs:0
REAL_TRAIN_PER_INT step:59 int:0 id:99 violations:0 force_offs:0 decisions:360 violation_rate:0.0000 forceoff_rate:0.0000 queue:11.1611
forward model: training agent 0.
Epoch 0: forward train average loss 0.0038944867232607473.
epoch 0: forward test average loss 0.006858457293775346.
Epoch 99: forward train average loss 0.003554111812263727.
epoch 99: forward test average loss 0.006834096585710843.
inverse model, training agent 0.
epoch 0: inverse train average loss 0.0014632027531560096.
epoch 0: inverse test average loss 0.0024956419753531613.
epoch 99: inverse train average loss 0.0008198994392943052.
epoch 99: inverse test average loss 0.0008476847021180826.
GAT episode:59/100 grounded:True sim_loss:0.2895
Policy training episode: 60, grounded actions taken: 360, last two uncertainties: {0: [0.0, 0.0]}, avg agent uncertainties: [np.float64(0.0)], grounded actions by agent: [360]
REAL_TRAIN step:60, travel time:159.636696288552, q_loss:100, rewards:-6.7507486, queue:11.358334, delay:0.47759646, throughput:1826, violation_rate:0.0000, forceoff_rate:0.0000, violations:0, force_offs:0
REAL_TRAIN_PER_INT step:60 int:0 id:99 violations:0 force_offs:0 decisions:360 violation_rate:0.0000 forceoff_rate:0.0000 queue:11.3583
forward model: training agent 0.
Epoch 0: forward train average loss 0.003916856781062152.
epoch 0: forward test average loss 0.0072729382663965225.
Epoch 99: forward train average loss 0.0034581912784940666.
epoch 99: forward test average loss 0.006690882767240207.
inverse model, training agent 0.
epoch 0: inverse train average loss 0.002400651832835542.
epoch 0: inverse test average loss 0.006594600776831309.
epoch 99: inverse train average loss 0.0013578139090289671.
epoch 99: inverse test average loss 0.002451586465920425.
GAT episode:60/100 grounded:True sim_loss:0.2616
Policy training episode: 61, grounded actions taken: 360, last two uncertainties: {0: [0.0, 0.0]}, avg agent uncertainties: [np.float64(0.0)], grounded actions by agent: [360]
REAL_TRAIN step:61, travel time:159.2650287506534, q_loss:100, rewards:-6.620002, queue:11.138889, delay:0.47335574, throughput:1829, violation_rate:0.0000, forceoff_rate:0.0000, violations:0, force_offs:0
REAL_TRAIN_PER_INT step:61 int:0 id:99 violations:0 force_offs:0 decisions:360 violation_rate:0.0000 forceoff_rate:0.0000 queue:11.1389
forward model: training agent 0.
Epoch 0: forward train average loss 0.0037465388369229105.
epoch 0: forward test average loss 0.006935064163472917.
Epoch 99: forward train average loss 0.0033712778757843706.
epoch 99: forward test average loss 0.006774974159068531.
inverse model, training agent 0.
epoch 0: inverse train average loss 0.0012764187219242256.
epoch 0: inverse test average loss 0.001750698752908243.
epoch 99: inverse train average loss 0.0006591470026048935.
epoch 99: inverse test average loss 0.0007992215816759401.
GAT episode:61/100 grounded:True sim_loss:0.2459
Policy training episode: 62, grounded actions taken: 360, last two uncertainties: {0: [0.0, 0.0]}, avg agent uncertainties: [np.float64(0.0)], grounded actions by agent: [360]
REAL_TRAIN step:62, travel time:159.74438055410351, q_loss:100, rewards:-6.7665005, queue:11.341666, delay:0.4740931, throughput:1834, violation_rate:0.0000, forceoff_rate:0.0000, violations:0, force_offs:0
REAL_TRAIN_PER_INT step:62 int:0 id:99 violations:0 force_offs:0 decisions:360 violation_rate:0.0000 forceoff_rate:0.0000 queue:11.3417
forward model: training agent 0.
Epoch 0: forward train average loss 0.0038817369172142614.
epoch 0: forward test average loss 0.0063422129799922304.
Epoch 99: forward train average loss 0.003443314849088589.
epoch 99: forward test average loss 0.0060533519006437725.
inverse model, training agent 0.
epoch 0: inverse train average loss 0.0011009424730824928.
epoch 0: inverse test average loss 0.0017275963651223315.
epoch 99: inverse train average loss 0.0005935277246559659.
epoch 99: inverse test average loss 0.006743356999423768.
GAT episode:62/100 grounded:True sim_loss:0.2452
Policy training episode: 63, grounded actions taken: 360, last two uncertainties: {0: [0.0, 0.0]}, avg agent uncertainties: [np.float64(0.0)], grounded actions by agent: [360]
REAL_TRAIN step:63, travel time:159.35650810245687, q_loss:100, rewards:-6.6614604, queue:11.15, delay:0.47289607, throughput:1826, violation_rate:0.0000, forceoff_rate:0.0000, violations:0, force_offs:0
REAL_TRAIN_PER_INT step:63 int:0 id:99 violations:0 force_offs:0 decisions:360 violation_rate:0.0000 forceoff_rate:0.0000 queue:11.1500
forward model: training agent 0.
Epoch 0: forward train average loss 0.0036646554039584268.
epoch 0: forward test average loss 0.0075038474880986744.
Epoch 99: forward train average loss 0.003356641624122858.
epoch 99: forward test average loss 0.007186004478070471.
inverse model, training agent 0.
epoch 0: inverse train average loss 0.001537585708623131.
epoch 0: inverse test average loss 0.003186265006661415.
epoch 99: inverse train average loss 0.0006575787944408754.
epoch 99: inverse test average loss 0.0013732195883575412.
GAT episode:63/100 grounded:True sim_loss:0.2469
Policy training episode: 64, grounded actions taken: 360, last two uncertainties: {0: [0.0, 0.0]}, avg agent uncertainties: [np.float64(0.0)], grounded actions by agent: [360]
REAL_TRAIN step:64, travel time:159.7334030318871, q_loss:100, rewards:-6.7570844, queue:11.308333, delay:0.47407955, throughput:1830, violation_rate:0.0000, forceoff_rate:0.0000, violations:0, force_offs:0
REAL_TRAIN_PER_INT step:64 int:0 id:99 violations:0 force_offs:0 decisions:360 violation_rate:0.0000 forceoff_rate:0.0000 queue:11.3083
forward model: training agent 0.
Epoch 0: forward train average loss 0.003760733279503054.
epoch 0: forward test average loss 0.006334094951550166.
Epoch 99: forward train average loss 0.003387041338202026.
epoch 99: forward test average loss 0.0064551422579420936.
inverse model, training agent 0.
epoch 0: inverse train average loss 0.001603907614480704.
epoch 0: inverse test average loss 0.0033719889405700895.
epoch 99: inverse train average loss 0.0006003247819737428.
epoch 99: inverse test average loss 0.0034985862051447234.
GAT episode:64/100 grounded:True sim_loss:0.2532
Policy training episode: 65, grounded actions taken: 360, last two uncertainties: {0: [0.0, 0.0]}, avg agent uncertainties: [np.float64(0.0)], grounded actions by agent: [360]
REAL_TRAIN step:65, travel time:158.9498170412964, q_loss:100, rewards:-6.545333, queue:10.961111, delay:0.47025663, throughput:1830, violation_rate:0.0000, forceoff_rate:0.0000, violations:0, force_offs:0
REAL_TRAIN_PER_INT step:65 int:0 id:99 violations:0 force_offs:0 decisions:360 violation_rate:0.0000 forceoff_rate:0.0000 queue:10.9611
forward model: training agent 0.
Epoch 0: forward train average loss 0.003859680404679643.
epoch 0: forward test average loss 0.0064748658074273.
Epoch 99: forward train average loss 0.003473349432978365.
epoch 99: forward test average loss 0.006841642782092094.
inverse model, training agent 0.
epoch 0: inverse train average loss 0.0022869065610898864.
epoch 0: inverse test average loss 0.001053984406300717.
epoch 99: inverse train average loss 0.0009608849844274422.
epoch 99: inverse test average loss 0.0011964800974561109.
GAT episode:65/100 grounded:True sim_loss:0.2484
Policy training episode: 66, grounded actions taken: 360, last two uncertainties: {0: [0.0, 0.0]}, avg agent uncertainties: [np.float64(0.0)], grounded actions by agent: [360]
REAL_TRAIN step:66, travel time:159.2650287506534, q_loss:100, rewards:-6.63196, queue:11.052778, delay:0.4741308, throughput:1826, violation_rate:0.0000, forceoff_rate:0.0028, violations:0, force_offs:1
REAL_TRAIN_PER_INT step:66 int:0 id:99 violations:0 force_offs:1 decisions:360 violation_rate:0.0000 forceoff_rate:0.0028 queue:11.0528
forward model: training agent 0.
Epoch 0: forward train average loss 0.0037458879976636833.
epoch 0: forward test average loss 0.006393589907222324.
Epoch 99: forward train average loss 0.003413034758220116.
epoch 99: forward test average loss 0.007001044642594125.
inverse model, training agent 0.
epoch 0: inverse train average loss 0.0011927427323017684.
epoch 0: inverse test average loss 0.0014437303826626805.
epoch 99: inverse train average loss 0.00048142616611181036.
epoch 99: inverse test average loss 0.0016799733663598697.
GAT episode:66/100 grounded:True sim_loss:0.2514
Policy training episode: 67, grounded actions taken: 360, last two uncertainties: {0: [0.0, 0.0]}, avg agent uncertainties: [np.float64(0.0)], grounded actions by agent: [360]
REAL_TRAIN step:67, travel time:159.09043387349712, q_loss:100, rewards:-6.5377893, queue:10.95, delay:0.47078472, throughput:1834, violation_rate:0.0000, forceoff_rate:0.0000, violations:0, force_offs:0
REAL_TRAIN_PER_INT step:67 int:0 id:99 violations:0 force_offs:0 decisions:360 violation_rate:0.0000 forceoff_rate:0.0000 queue:10.9500
forward model: training agent 0.
Epoch 0: forward train average loss 0.0037881798214382595.
epoch 0: forward test average loss 0.006890725965301196.
Epoch 99: forward train average loss 0.0034315352742042807.
epoch 99: forward test average loss 0.007161214119858212.
inverse model, training agent 0.
epoch 0: inverse train average loss 0.0016145914689534241.
epoch 0: inverse test average loss 0.005668474982182185.
epoch 99: inverse train average loss 0.0008618973079137504.
epoch 99: inverse test average loss 0.004026925812164943.
GAT episode:67/100 grounded:True sim_loss:0.2411
Policy training episode: 68, grounded actions taken: 360, last two uncertainties: {0: [0.0, 0.0]}, avg agent uncertainties: [np.float64(0.0)], grounded actions by agent: [360]
REAL_TRAIN step:68, travel time:158.5629900679561, q_loss:100, rewards:-6.4497924, queue:10.769444, delay:0.46419838, throughput:1829, violation_rate:0.0000, forceoff_rate:0.0000, violations:0, force_offs:0
REAL_TRAIN_PER_INT step:68 int:0 id:99 violations:0 force_offs:0 decisions:360 violation_rate:0.0000 forceoff_rate:0.0000 queue:10.7694
forward model: training agent 0.
Epoch 0: forward train average loss 0.0037682531401515007.
epoch 0: forward test average loss 0.006452455288834042.
Epoch 99: forward train average loss 0.0033848073023060956.
epoch 99: forward test average loss 0.006997785427504116.
inverse model, training agent 0.
epoch 0: inverse train average loss 0.0011530137594996227.
epoch 0: inverse test average loss 0.0027481006044480535.
epoch 99: inverse train average loss 0.0002924337346080898.
epoch 99: inverse test average loss 0.0013192850941171248.
GAT episode:68/100 grounded:True sim_loss:0.2512
Policy training episode: 69, grounded actions taken: 360, last two uncertainties: {0: [0.0, 0.0]}, avg agent uncertainties: [np.float64(0.0)], grounded actions by agent: [360]
REAL_TRAIN step:69, travel time:158.6309461578672, q_loss:100, rewards:-6.4084997, queue:10.725, delay:0.46377224, throughput:1834, violation_rate:0.0000, forceoff_rate:0.0000, violations:0, force_offs:0
REAL_TRAIN_PER_INT step:69 int:0 id:99 violations:0 force_offs:0 decisions:360 violation_rate:0.0000 forceoff_rate:0.0000 queue:10.7250
forward model: training agent 0.
Epoch 0: forward train average loss 0.0037456591510110432.
epoch 0: forward test average loss 0.007198130504952537.
Epoch 99: forward train average loss 0.003423382942047384.
epoch 99: forward test average loss 0.008111839907036887.
inverse model, training agent 0.
epoch 0: inverse train average loss 0.0014863140079089338.
epoch 0: inverse test average loss 0.0020837030476993984.
epoch 99: inverse train average loss 0.0008404163333276907.
epoch 99: inverse test average loss 0.0018315484954251184.
GAT episode:69/100 grounded:True sim_loss:0.2680
Policy training episode: 70, grounded actions taken: 360, last two uncertainties: {0: [0.0, 0.0]}, avg agent uncertainties: [np.float64(0.0)], grounded actions by agent: [360]
REAL_TRAIN step:70, travel time:158.88708834291688, q_loss:100, rewards:-6.4782085, queue:10.866667, delay:0.46590522, throughput:1830, violation_rate:0.0000, forceoff_rate:0.0000, violations:0, force_offs:0
REAL_TRAIN_PER_INT step:70 int:0 id:99 violations:0 force_offs:0 decisions:360 violation_rate:0.0000 forceoff_rate:0.0000 queue:10.8667
forward model: training agent 0.
Epoch 0: forward train average loss 0.003708016230828232.
epoch 0: forward test average loss 0.007150603665245904.
Epoch 99: forward train average loss 0.0033285110774967405.
epoch 99: forward test average loss 0.0069317151274946.
inverse model, training agent 0.
epoch 0: inverse train average loss 0.0008737522035112812.
epoch 0: inverse test average loss 0.005589008952180545.
epoch 99: inverse train average loss 0.00021585152070555423.
epoch 99: inverse test average loss 0.002353453588309801.
GAT episode:70/100 grounded:True sim_loss:0.2422
Policy training episode: 71, grounded actions taken: 360, last two uncertainties: {0: [0.0, 0.0]}, avg agent uncertainties: [np.float64(0.0)], grounded actions by agent: [360]
REAL_TRAIN step:71, travel time:159.03920543648718, q_loss:100, rewards:-6.5434184, queue:11.052778, delay:0.46997675, throughput:1828, violation_rate:0.0000, forceoff_rate:0.0000, violations:0, force_offs:0
REAL_TRAIN_PER_INT step:71 int:0 id:99 violations:0 force_offs:0 decisions:360 violation_rate:0.0000 forceoff_rate:0.0000 queue:11.0528
forward model: training agent 0.
Epoch 0: forward train average loss 0.0037100339929262796.
epoch 0: forward test average loss 0.00602319339911143.
Epoch 99: forward train average loss 0.003338928282674816.
epoch 99: forward test average loss 0.007055303081870079.
inverse model, training agent 0.
epoch 0: inverse train average loss 0.0015332927642804054.
epoch 0: inverse test average loss 0.0016157859418955115.
epoch 99: inverse train average loss 0.0006985432765860525.
epoch 99: inverse test average loss 0.0040688713391621905.
GAT episode:71/100 grounded:True sim_loss:0.2387
Policy training episode: 72, grounded actions taken: 360, last two uncertainties: {0: [0.0, 0.0]}, avg agent uncertainties: [np.float64(0.0)], grounded actions by agent: [360]
REAL_TRAIN step:72, travel time:159.39989545216937, q_loss:100, rewards:-6.65146, queue:11.130555, delay:0.47012362, throughput:1826, violation_rate:0.0000, forceoff_rate:0.0028, violations:0, force_offs:1
REAL_TRAIN_PER_INT step:72 int:0 id:99 violations:0 force_offs:1 decisions:360 violation_rate:0.0000 forceoff_rate:0.0028 queue:11.1306
forward model: training agent 0.
Epoch 0: forward train average loss 0.003761149011552334.
epoch 0: forward test average loss 0.005936215321222941.
Epoch 99: forward train average loss 0.003381765809737974.
epoch 99: forward test average loss 0.006189371148745219.
inverse model, training agent 0.
epoch 0: inverse train average loss 0.0015146849263045522.
epoch 0: inverse test average loss 0.001493431446659896.
epoch 99: inverse train average loss 0.0006242958625080064.
epoch 99: inverse test average loss 0.0009746953922634324.
GAT episode:72/100 grounded:True sim_loss:0.2341
Policy training episode: 73, grounded actions taken: 360, last two uncertainties: {0: [0.0, 0.0]}, avg agent uncertainties: [np.float64(0.0)], grounded actions by agent: [360]
REAL_TRAIN step:73, travel time:158.83742812336644, q_loss:100, rewards:-6.4797525, queue:10.855556, delay:0.4669396, throughput:1830, violation_rate:0.0000, forceoff_rate:0.0000, violations:0, force_offs:0
REAL_TRAIN_PER_INT step:73 int:0 id:99 violations:0 force_offs:0 decisions:360 violation_rate:0.0000 forceoff_rate:0.0000 queue:10.8556
forward model: training agent 0.
Epoch 0: forward train average loss 0.0037188134673568937.
epoch 0: forward test average loss 0.0064523785064617796.
Epoch 99: forward train average loss 0.003342653521233135.
epoch 99: forward test average loss 0.006754457950592041.
inverse model, training agent 0.
epoch 0: inverse train average loss 0.0019208147811392944.
epoch 0: inverse test average loss 0.0033759034963117707.
epoch 99: inverse train average loss 0.000701971850099249.
epoch 99: inverse test average loss 0.002429800573736429.
GAT episode:73/100 grounded:True sim_loss:0.2537
Policy training episode: 74, grounded actions taken: 360, last two uncertainties: {0: [0.0, 0.0]}, avg agent uncertainties: [np.float64(0.0)], grounded actions by agent: [360]
REAL_TRAIN step:74, travel time:158.88447464715108, q_loss:100, rewards:-6.538542, queue:10.905556, delay:0.46347585, throughput:1829, violation_rate:0.0000, forceoff_rate:0.0000, violations:0, force_offs:0
REAL_TRAIN_PER_INT step:74 int:0 id:99 violations:0 force_offs:0 decisions:360 violation_rate:0.0000 forceoff_rate:0.0000 queue:10.9056
forward model: training agent 0.
Epoch 0: forward train average loss 0.003788172526078092.
epoch 0: forward test average loss 0.006851317567957772.
Epoch 99: forward train average loss 0.003387351002958086.
epoch 99: forward test average loss 0.00645865686237812.
inverse model, training agent 0.
epoch 0: inverse train average loss 0.0025852432914285194.
epoch 0: inverse test average loss 0.0035640322085883883.
epoch 99: inverse train average loss 0.00047086994972131733.
epoch 99: inverse test average loss 0.0007320531618057026.
GAT episode:74/100 grounded:True sim_loss:0.2545
Policy training episode: 75, grounded actions taken: 360, last two uncertainties: {0: [0.0, 0.0]}, avg agent uncertainties: [np.float64(0.0)], grounded actions by agent: [360]
REAL_TRAIN step:75, travel time:159.54312598013593, q_loss:100, rewards:-6.7040825, queue:11.230556, delay:0.47354344, throughput:1827, violation_rate:0.0000, forceoff_rate:0.0028, violations:0, force_offs:1
REAL_TRAIN_PER_INT step:75 int:0 id:99 violations:0 force_offs:1 decisions:360 violation_rate:0.0000 forceoff_rate:0.0028 queue:11.2306
forward model: training agent 0.
Epoch 0: forward train average loss 0.003719923086464405.
epoch 0: forward test average loss 0.006676272178689639.
Epoch 99: forward train average loss 0.003371597681608465.
epoch 99: forward test average loss 0.007258911099698808.
inverse model, training agent 0.
epoch 0: inverse train average loss 0.0016044015711587337.
epoch 0: inverse test average loss 0.007643178312314881.
epoch 99: inverse train average loss 0.0005035210827675959.
epoch 99: inverse test average loss 0.004858172602123684.
GAT episode:75/100 grounded:True sim_loss:0.2349
Policy training episode: 76, grounded actions taken: 360, last two uncertainties: {0: [0.0, 0.0]}, avg agent uncertainties: [np.float64(0.0)], grounded actions by agent: [360]
REAL_TRAIN step:76, travel time:159.36225823314166, q_loss:100, rewards:-6.746168, queue:11.125, delay:0.46874475, throughput:1833, violation_rate:0.0000, forceoff_rate:0.0028, violations:0, force_offs:1
REAL_TRAIN_PER_INT step:76 int:0 id:99 violations:0 force_offs:1 decisions:360 violation_rate:0.0000 forceoff_rate:0.0028 queue:11.1250
forward model: training agent 0.
Epoch 0: forward train average loss 0.0037020338285300466.
epoch 0: forward test average loss 0.006249091484480434.
Epoch 99: forward train average loss 0.0032650277328987918.
epoch 99: forward test average loss 0.0065790027793910764.
inverse model, training agent 0.
epoch 0: inverse train average loss 0.0008613921236246824.
epoch 0: inverse test average loss 0.002069426996361775.
epoch 99: inverse train average loss 0.0003060615886675401.
epoch 99: inverse test average loss 0.0019280760704229276.
GAT episode:76/100 grounded:True sim_loss:0.2344
Policy training episode: 77, grounded actions taken: 360, last two uncertainties: {0: [0.0, 0.0]}, avg agent uncertainties: [np.float64(0.0)], grounded actions by agent: [360]
REAL_TRAIN step:77, travel time:159.7401986408782, q_loss:100, rewards:-6.882037, queue:11.302778, delay:0.47607037, throughput:1830, violation_rate:0.0000, forceoff_rate:0.0028, violations:0, force_offs:1
REAL_TRAIN_PER_INT step:77 int:0 id:99 violations:0 force_offs:1 decisions:360 violation_rate:0.0000 forceoff_rate:0.0028 queue:11.3028
forward model: training agent 0.
Epoch 0: forward train average loss 0.003667062200191948.
epoch 0: forward test average loss 0.006889077317383554.
Epoch 99: forward train average loss 0.0032751080062654284.
epoch 99: forward test average loss 0.006665015800131692.
inverse model, training agent 0.
epoch 0: inverse train average loss 0.0011964105845739443.
epoch 0: inverse test average loss 0.0006247190629235572.
epoch 99: inverse train average loss 0.00037184481011030986.
epoch 99: inverse test average loss 0.0014378526377388174.
GAT episode:77/100 grounded:True sim_loss:0.2140
Policy training episode: 78, grounded actions taken: 360, last two uncertainties: {0: [0.0, 0.0]}, avg agent uncertainties: [np.float64(0.0)], grounded actions by agent: [360]
REAL_TRAIN step:78, travel time:159.30893883951907, q_loss:100, rewards:-6.740581, queue:11.188889, delay:0.47491553, throughput:1829, violation_rate:0.0000, forceoff_rate:0.0028, violations:0, force_offs:1
REAL_TRAIN_PER_INT step:78 int:0 id:99 violations:0 force_offs:1 decisions:360 violation_rate:0.0000 forceoff_rate:0.0028 queue:11.1889
forward model: training agent 0.
Epoch 0: forward train average loss 0.0036238147877156734.
epoch 0: forward test average loss 0.0069377341618140536.
Epoch 99: forward train average loss 0.003267250748144256.
epoch 99: forward test average loss 0.006583273410797119.
inverse model, training agent 0.
epoch 0: inverse train average loss 0.0006444577561018781.
epoch 0: inverse test average loss 0.0005393005105563336.
epoch 99: inverse train average loss 0.00014232449595712952.
epoch 99: inverse test average loss 0.0004040821545964314.
GAT episode:78/100 grounded:True sim_loss:0.2159
Policy training episode: 79, grounded actions taken: 360, last two uncertainties: {0: [0.0, 0.0]}, avg agent uncertainties: [np.float64(0.0)], grounded actions by agent: [360]
REAL_TRAIN step:79, travel time:159.9555671719812, q_loss:100, rewards:-6.9500794, queue:11.413889, delay:0.47732905, throughput:1833, violation_rate:0.0000, forceoff_rate:0.0000, violations:0, force_offs:0
REAL_TRAIN_PER_INT step:79 int:0 id:99 violations:0 force_offs:0 decisions:360 violation_rate:0.0000 forceoff_rate:0.0000 queue:11.4139
forward model: training agent 0.
Epoch 0: forward train average loss 0.003640939998957846.
epoch 0: forward test average loss 0.007078025903966691.
Epoch 99: forward train average loss 0.0032411876341534984.
epoch 99: forward test average loss 0.0073649270666970145.
inverse model, training agent 0.
epoch 0: inverse train average loss 0.0018346965241815066.
epoch 0: inverse test average loss 0.004956746687336515.
epoch 99: inverse train average loss 0.0008043556784590086.
epoch 99: inverse test average loss 0.0009930305402829414.
GAT episode:79/100 grounded:True sim_loss:0.2156
Policy training episode: 80, grounded actions taken: 360, last two uncertainties: {0: [0.0, 0.0]}, avg agent uncertainties: [np.float64(0.0)], grounded actions by agent: [360]
REAL_TRAIN step:80, travel time:160.1944589649765, q_loss:100, rewards:-7.0689154, queue:11.625, delay:0.481877, throughput:1828, violation_rate:0.0000, forceoff_rate:0.0000, violations:0, force_offs:0
REAL_TRAIN_PER_INT step:80 int:0 id:99 violations:0 force_offs:0 decisions:360 violation_rate:0.0000 forceoff_rate:0.0000 queue:11.6250
forward model: training agent 0.
Epoch 0: forward train average loss 0.003653427896400293.
epoch 0: forward test average loss 0.007688270053929753.
Epoch 99: forward train average loss 0.003244871221896675.
epoch 99: forward test average loss 0.006999261677265167.
inverse model, training agent 0.
epoch 0: inverse train average loss 0.00046450396702210937.
epoch 0: inverse test average loss 0.0017148612403414315.
epoch 99: inverse train average loss 0.00020781649962171086.
epoch 99: inverse test average loss 0.0018829384223661488.
GAT episode:80/100 grounded:True sim_loss:0.2115
Policy training episode: 81, grounded actions taken: 360, last two uncertainties: {0: [0.0, 0.0]}, avg agent uncertainties: [np.float64(0.0)], grounded actions by agent: [360]
REAL_TRAIN step:81, travel time:159.11761630946157, q_loss:100, rewards:-6.7161655, queue:11.069445, delay:0.4707411, throughput:1828, violation_rate:0.0000, forceoff_rate:0.0000, violations:0, force_offs:0
REAL_TRAIN_PER_INT step:81 int:0 id:99 violations:0 force_offs:0 decisions:360 violation_rate:0.0000 forceoff_rate:0.0000 queue:11.0694
forward model: training agent 0.
Epoch 0: forward train average loss 0.0037435131768385568.
epoch 0: forward test average loss 0.007180814734763569.
Epoch 99: forward train average loss 0.003320926489929358.
epoch 99: forward test average loss 0.006419112491938803.
inverse model, training agent 0.
epoch 0: inverse train average loss 0.0019475106900143954.
epoch 0: inverse test average loss 0.001784608078499635.
epoch 99: inverse train average loss 0.0005875308351177308.
epoch 99: inverse test average loss 0.0006132667509114577.
GAT episode:81/100 grounded:True sim_loss:0.2133
Policy training episode: 82, grounded actions taken: 360, last two uncertainties: {0: [0.0, 0.0]}, avg agent uncertainties: [np.float64(0.0)], grounded actions by agent: [360]
REAL_TRAIN step:82, travel time:159.30266596968113, q_loss:100, rewards:-6.7335844, queue:11.044444, delay:0.4707683, throughput:1827, violation_rate:0.0000, forceoff_rate:0.0028, violations:0, force_offs:1
REAL_TRAIN_PER_INT step:82 int:0 id:99 violations:0 force_offs:1 decisions:360 violation_rate:0.0000 forceoff_rate:0.0028 queue:11.0444
forward model: training agent 0.
Epoch 0: forward train average loss 0.003650786148177253.
epoch 0: forward test average loss 0.0072362470544046825.
Epoch 99: forward train average loss 0.003244057142486175.
epoch 99: forward test average loss 0.006453996110293601.
inverse model, training agent 0.
epoch 0: inverse train average loss 0.0011685267090797424.
epoch 0: inverse test average loss 0.006240121502843168.
epoch 99: inverse train average loss 0.00040573513898481097.
epoch 99: inverse test average loss 0.006327145319018099.
GAT episode:82/100 grounded:True sim_loss:0.2077
Policy training episode: 83, grounded actions taken: 360, last two uncertainties: {0: [0.0, 0.0]}, avg agent uncertainties: [np.float64(0.0)], grounded actions by agent: [360]
REAL_TRAIN step:83, travel time:158.89440669106116, q_loss:100, rewards:-6.512584, queue:10.872222, delay:0.4661328, throughput:1832, violation_rate:0.0000, forceoff_rate:0.0000, violations:0, force_offs:0
REAL_TRAIN_PER_INT step:83 int:0 id:99 violations:0 force_offs:0 decisions:360 violation_rate:0.0000 forceoff_rate:0.0000 queue:10.8722
forward model: training agent 0.
Epoch 0: forward train average loss 0.0037265060883429316.
epoch 0: forward test average loss 0.0058335235549343955.
Epoch 99: forward train average loss 0.0032375530960659185.
epoch 99: forward test average loss 0.006983135930365986.
inverse model, training agent 0.
epoch 0: inverse train average loss 0.0009196680006829815.
epoch 0: inverse test average loss 0.0005810465146270064.
epoch 99: inverse train average loss 0.0003687679418362677.
epoch 99: inverse test average loss 0.0003674094526407619.
GAT episode:83/100 grounded:True sim_loss:0.2088
Policy training episode: 84, grounded actions taken: 360, last two uncertainties: {0: [0.0, 0.0]}, avg agent uncertainties: [np.float64(0.0)], grounded actions by agent: [360]
REAL_TRAIN step:84, travel time:159.89022477783587, q_loss:100, rewards:-6.88358, queue:11.386111, delay:0.47873333, throughput:1828, violation_rate:0.0000, forceoff_rate:0.0000, violations:0, force_offs:0
REAL_TRAIN_PER_INT step:84 int:0 id:99 violations:0 force_offs:0 decisions:360 violation_rate:0.0000 forceoff_rate:0.0000 queue:11.3861
forward model: training agent 0.
Epoch 0: forward train average loss 0.0037098008518417678.
epoch 0: forward test average loss 0.0070453983628087575.
Epoch 99: forward train average loss 0.0032782485812074607.
epoch 99: forward test average loss 0.006911467139919599.
inverse model, training agent 0.
epoch 0: inverse train average loss 0.001660060276561934.
epoch 0: inverse test average loss 0.0012163581430084175.
epoch 99: inverse train average loss 0.0007036000283228026.
epoch 99: inverse test average loss 0.0035558221861720085.
GAT episode:84/100 grounded:True sim_loss:0.2014
Policy training episode: 85, grounded actions taken: 360, last two uncertainties: {0: [0.0, 0.0]}, avg agent uncertainties: [np.float64(0.0)], grounded actions by agent: [360]
REAL_TRAIN step:85, travel time:160.27966544694198, q_loss:100, rewards:-7.052208, queue:11.611111, delay:0.4778337, throughput:1832, violation_rate:0.0000, forceoff_rate:0.0000, violations:0, force_offs:0
REAL_TRAIN_PER_INT step:85 int:0 id:99 violations:0 force_offs:0 decisions:360 violation_rate:0.0000 forceoff_rate:0.0000 queue:11.6111
forward model: training agent 0.
Epoch 0: forward train average loss 0.0037714256905019283.
epoch 0: forward test average loss 0.0074893587993250955.
Epoch 99: forward train average loss 0.0033236493149565328.
epoch 99: forward test average loss 0.0075981832212871974.
inverse model, training agent 0.
epoch 0: inverse train average loss 0.0008711093752127555.
epoch 0: inverse test average loss 0.0007933200750913885.
epoch 99: inverse train average loss 0.0003457985375361103.
epoch 99: inverse test average loss 0.0027832076367404726.
GAT episode:85/100 grounded:True sim_loss:0.1961
Policy training episode: 86, grounded actions taken: 360, last two uncertainties: {0: [0.0, 0.0]}, avg agent uncertainties: [np.float64(0.0)], grounded actions by agent: [360]
REAL_TRAIN step:86, travel time:158.82854155776266, q_loss:100, rewards:-6.5185847, queue:10.808333, delay:0.4666726, throughput:1829, violation_rate:0.0000, forceoff_rate:0.0000, violations:0, force_offs:0
REAL_TRAIN_PER_INT step:86 int:0 id:99 violations:0 force_offs:0 decisions:360 violation_rate:0.0000 forceoff_rate:0.0000 queue:10.8083
forward model: training agent 0.
Epoch 0: forward train average loss 0.003891291200286812.
epoch 0: forward test average loss 0.006602305505010817.
Epoch 99: forward train average loss 0.003326461288250155.
epoch 99: forward test average loss 0.006210698642664486.
inverse model, training agent 0.
epoch 0: inverse train average loss 0.001299404966024061.
epoch 0: inverse test average loss 0.0023096835551162562.
epoch 99: inverse train average loss 0.00032787446656988724.
epoch 99: inverse test average loss 0.001288097429399689.
GAT episode:86/100 grounded:True sim_loss:0.2010
Policy training episode: 87, grounded actions taken: 360, last two uncertainties: {0: [0.0, 0.0]}, avg agent uncertainties: [np.float64(0.0)], grounded actions by agent: [360]
REAL_TRAIN step:87, travel time:159.30632514375327, q_loss:100, rewards:-6.7358303, queue:11.075, delay:0.4734011, throughput:1829, violation_rate:0.0000, forceoff_rate:0.0000, violations:0, force_offs:0
REAL_TRAIN_PER_INT step:87 int:0 id:99 violations:0 force_offs:0 decisions:360 violation_rate:0.0000 forceoff_rate:0.0000 queue:11.0750
forward model: training agent 0.
Epoch 0: forward train average loss 0.0037177332366506257.
epoch 0: forward test average loss 0.006647547293040488.
Epoch 99: forward train average loss 0.0032648004901905856.
epoch 99: forward test average loss 0.007105848855442471.
inverse model, training agent 0.
epoch 0: inverse train average loss 0.0014384350118537743.
epoch 0: inverse test average loss 0.0012169650678212445.
epoch 99: inverse train average loss 0.00038939342226108745.
epoch 99: inverse test average loss 0.000979694372896726.
GAT episode:87/100 grounded:True sim_loss:0.2228
Policy training episode: 88, grounded actions taken: 360, last two uncertainties: {0: [0.0, 0.0]}, avg agent uncertainties: [np.float64(0.0)], grounded actions by agent: [360]
REAL_TRAIN step:88, travel time:159.5896497647674, q_loss:100, rewards:-6.850165, queue:11.208333, delay:0.47519985, throughput:1833, violation_rate:0.0000, forceoff_rate:0.0000, violations:0, force_offs:0
REAL_TRAIN_PER_INT step:88 int:0 id:99 violations:0 force_offs:0 decisions:360 violation_rate:0.0000 forceoff_rate:0.0000 queue:11.2083
forward model: training agent 0.
Epoch 0: forward train average loss 0.0035795001313090324.
epoch 0: forward test average loss 0.007429531051052941.
Epoch 99: forward train average loss 0.003158524942894777.
epoch 99: forward test average loss 0.006962663390570217.
inverse model, training agent 0.
epoch 0: inverse train average loss 0.001537171981504394.
epoch 0: inverse test average loss 0.0004399584528679649.
epoch 99: inverse train average loss 0.00040698556242407195.
epoch 99: inverse test average loss 0.0014377431879337463.
GAT episode:88/100 grounded:True sim_loss:0.2047
Policy training episode: 89, grounded actions taken: 360, last two uncertainties: {0: [0.0, 0.0]}, avg agent uncertainties: [np.float64(0.0)], grounded actions by agent: [360]
REAL_TRAIN step:89, travel time:159.18243596445373, q_loss:100, rewards:-6.7382116, queue:11.188889, delay:0.47021645, throughput:1820, violation_rate:0.0000, forceoff_rate:0.0000, violations:0, force_offs:0
REAL_TRAIN_PER_INT step:89 int:0 id:99 violations:0 force_offs:0 decisions:360 violation_rate:0.0000 forceoff_rate:0.0000 queue:11.1889
forward model: training agent 0.
Epoch 0: forward train average loss 0.003553654377659162.
epoch 0: forward test average loss 0.007303156579534213.
Epoch 99: forward train average loss 0.0031271614134311676.
epoch 99: forward test average loss 0.007333886913127369.
inverse model, training agent 0.
epoch 0: inverse train average loss 0.001013546535331342.
epoch 0: inverse test average loss 0.0011336355884042052.
epoch 99: inverse train average loss 0.00014931188262481656.
epoch 99: inverse test average loss 0.0012110640139629443.
GAT episode:89/100 grounded:True sim_loss:0.1988
Policy training episode: 90, grounded actions taken: 360, last two uncertainties: {0: [0.0, 0.0]}, avg agent uncertainties: [np.float64(0.0)], grounded actions by agent: [360]
REAL_TRAIN step:90, travel time:160.68897020386828, q_loss:100, rewards:-7.2527075, queue:11.833333, delay:0.48611197, throughput:1830, violation_rate:0.0000, forceoff_rate:0.0000, violations:0, force_offs:0
REAL_TRAIN_PER_INT step:90 int:0 id:99 violations:0 force_offs:0 decisions:360 violation_rate:0.0000 forceoff_rate:0.0000 queue:11.8333
forward model: training agent 0.
Epoch 0: forward train average loss 0.0036646609918938745.
epoch 0: forward test average loss 0.007047375871075524.
Epoch 99: forward train average loss 0.003173130357431041.
epoch 99: forward test average loss 0.007056625559926033.
inverse model, training agent 0.
epoch 0: inverse train average loss 0.001118658323927472.
epoch 0: inverse test average loss 0.0006995043174053232.
epoch 99: inverse train average loss 0.0002939292462542653.
epoch 99: inverse test average loss 0.0007160712007640137.
GAT episode:90/100 grounded:True sim_loss:0.1996
Policy training episode: 91, grounded actions taken: 360, last two uncertainties: {0: [0.0, 0.0]}, avg agent uncertainties: [np.float64(0.0)], grounded actions by agent: [360]
REAL_TRAIN step:91, travel time:159.74803972817563, q_loss:100, rewards:-6.938873, queue:11.305555, delay:0.4732057, throughput:1828, violation_rate:0.0000, forceoff_rate:0.0000, violations:0, force_offs:0
REAL_TRAIN_PER_INT step:91 int:0 id:99 violations:0 force_offs:0 decisions:360 violation_rate:0.0000 forceoff_rate:0.0000 queue:11.3056
forward model: training agent 0.
Epoch 0: forward train average loss 0.0037677413266566065.
epoch 0: forward test average loss 0.00620044871336884.
Epoch 99: forward train average loss 0.003290162163062228.
epoch 99: forward test average loss 0.007393401737014453.
inverse model, training agent 0.
epoch 0: inverse train average loss 0.001827853227344652.
epoch 0: inverse test average loss 0.010032036031285921.
epoch 99: inverse train average loss 0.0004908806780197968.
epoch 99: inverse test average loss 0.0065855491492483355.
GAT episode:91/100 grounded:True sim_loss:0.1984
Policy training episode: 92, grounded actions taken: 360, last two uncertainties: {0: [0.0, 0.0]}, avg agent uncertainties: [np.float64(0.0)], grounded actions by agent: [360]
REAL_TRAIN step:92, travel time:160.6314688970204, q_loss:100, rewards:-7.195998, queue:11.744445, delay:0.48365182, throughput:1832, violation_rate:0.0000, forceoff_rate:0.0028, violations:0, force_offs:1
REAL_TRAIN_PER_INT step:92 int:0 id:99 violations:0 force_offs:1 decisions:360 violation_rate:0.0000 forceoff_rate:0.0028 queue:11.7444
forward model: training agent 0.
Epoch 0: forward train average loss 0.003603068697783682.
epoch 0: forward test average loss 0.006314653282364209.
Epoch 99: forward train average loss 0.0031784813230236373.
epoch 99: forward test average loss 0.00665629758603043.
inverse model, training agent 0.
epoch 0: inverse train average loss 0.001746993801336632.
epoch 0: inverse test average loss 0.002566897607822385.
epoch 99: inverse train average loss 0.0005500306562882744.
epoch 99: inverse test average loss 0.0022282706017399.
GAT episode:92/100 grounded:True sim_loss:0.1968
Policy training episode: 93, grounded actions taken: 360, last two uncertainties: {0: [0.0, 0.0]}, avg agent uncertainties: [np.float64(0.0)], grounded actions by agent: [360]
REAL_TRAIN step:93, travel time:159.79769994772607, q_loss:100, rewards:-6.931417, queue:11.355556, delay:0.47551006, throughput:1829, violation_rate:0.0000, forceoff_rate:0.0000, violations:0, force_offs:0
REAL_TRAIN_PER_INT step:93 int:0 id:99 violations:0 force_offs:0 decisions:360 violation_rate:0.0000 forceoff_rate:0.0000 queue:11.3556
forward model: training agent 0.
Epoch 0: forward train average loss 0.0038020237762894896.
epoch 0: forward test average loss 0.006558944574660725.
Epoch 99: forward train average loss 0.0032361669258938897.
epoch 99: forward test average loss 0.006666325446632173.
inverse model, training agent 0.
epoch 0: inverse train average loss 0.0009562965844654375.
epoch 0: inverse test average loss 0.001136739959798029.
epoch 99: inverse train average loss 0.0003332898712768737.
epoch 99: inverse test average loss 0.003722342869473828.
GAT episode:93/100 grounded:True sim_loss:0.2026
Policy training episode: 94, grounded actions taken: 360, last two uncertainties: {0: [0.0, 0.0]}, avg agent uncertainties: [np.float64(0.0)], grounded actions by agent: [360]
REAL_TRAIN step:94, travel time:160.40512284370098, q_loss:100, rewards:-7.206374, queue:11.777778, delay:0.484772, throughput:1828, violation_rate:0.0000, forceoff_rate:0.0000, violations:0, force_offs:0
REAL_TRAIN_PER_INT step:94 int:0 id:99 violations:0 force_offs:0 decisions:360 violation_rate:0.0000 forceoff_rate:0.0000 queue:11.7778
forward model: training agent 0.
Epoch 0: forward train average loss 0.0035493868506617015.
epoch 0: forward test average loss 0.006892174068424437.
Epoch 99: forward train average loss 0.0031132239124013316.
epoch 99: forward test average loss 0.007088165316316817.
inverse model, training agent 0.
epoch 0: inverse train average loss 0.0018340464383881125.
epoch 0: inverse test average loss 0.004432472296886974.
epoch 99: inverse train average loss 0.00046879172199017677.
epoch 99: inverse test average loss 0.0029210342715183892.
GAT episode:94/100 grounded:True sim_loss:0.1975
Policy training episode: 95, grounded actions taken: 360, last two uncertainties: {0: [0.0, 0.0]}, avg agent uncertainties: [np.float64(0.0)], grounded actions by agent: [360]
REAL_TRAIN step:95, travel time:159.0977522216414, q_loss:100, rewards:-6.6017895, queue:11.002778, delay:0.46881306, throughput:1830, violation_rate:0.0000, forceoff_rate:0.0000, violations:0, force_offs:0
REAL_TRAIN_PER_INT step:95 int:0 id:99 violations:0 force_offs:0 decisions:360 violation_rate:0.0000 forceoff_rate:0.0000 queue:11.0028
forward model: training agent 0.
Epoch 0: forward train average loss 0.003684201743453741.
epoch 0: forward test average loss 0.006500750366184447.
Epoch 99: forward train average loss 0.0031657138735883767.
epoch 99: forward test average loss 0.00713732714454333.
inverse model, training agent 0.
epoch 0: inverse train average loss 0.00128509359072066.
epoch 0: inverse test average loss 0.0003896083605165283.
epoch 99: inverse train average loss 0.0003856195932409416.
epoch 99: inverse test average loss 0.0005020053358748555.
GAT episode:95/100 grounded:True sim_loss:0.2107
Policy training episode: 96, grounded actions taken: 360, last two uncertainties: {0: [0.0, 0.0]}, avg agent uncertainties: [np.float64(0.0)], grounded actions by agent: [360]
REAL_TRAIN step:96, travel time:159.40146366962887, q_loss:100, rewards:-6.6797104, queue:11.169444, delay:0.47234315, throughput:1826, violation_rate:0.0000, forceoff_rate:0.0000, violations:0, force_offs:0
REAL_TRAIN_PER_INT step:96 int:0 id:99 violations:0 force_offs:0 decisions:360 violation_rate:0.0000 forceoff_rate:0.0000 queue:11.1694
forward model: training agent 0.
Epoch 0: forward train average loss 0.0036713511993487677.
epoch 0: forward test average loss 0.00731275189254019.
Epoch 99: forward train average loss 0.0031274755278395284.
epoch 99: forward test average loss 0.006822144612669945.
inverse model, training agent 0.
epoch 0: inverse train average loss 0.0012085412421988116.
epoch 0: inverse test average loss 0.00032700599533402256.
epoch 99: inverse train average loss 0.00028004614675107103.
epoch 99: inverse test average loss 0.0003544939164486196.
GAT episode:96/100 grounded:True sim_loss:0.1975
Policy training episode: 97, grounded actions taken: 360, last two uncertainties: {0: [0.0, 0.0]}, avg agent uncertainties: [np.float64(0.0)], grounded actions by agent: [360]
REAL_TRAIN step:97, travel time:160.340825927862, q_loss:100, rewards:-7.0256224, queue:11.683333, delay:0.48272887, throughput:1833, violation_rate:0.0000, forceoff_rate:0.0000, violations:0, force_offs:0
REAL_TRAIN_PER_INT step:97 int:0 id:99 violations:0 force_offs:0 decisions:360 violation_rate:0.0000 forceoff_rate:0.0000 queue:11.6833
forward model: training agent 0.
Epoch 0: forward train average loss 0.0037999657086200183.
epoch 0: forward test average loss 0.006661783903837204.
Epoch 99: forward train average loss 0.003231885273837381.
epoch 99: forward test average loss 0.006727959960699081.
inverse model, training agent 0.
epoch 0: inverse train average loss 0.0012279301235038373.
epoch 0: inverse test average loss 0.0001552055667464932.
epoch 99: inverse train average loss 0.00035094147379924025.
epoch 99: inverse test average loss 0.00024828885216265917.
GAT episode:97/100 grounded:True sim_loss:0.1998
Policy training episode: 98, grounded actions taken: 360, last two uncertainties: {0: [0.0, 0.0]}, avg agent uncertainties: [np.float64(0.0)], grounded actions by agent: [360]
REAL_TRAIN step:98, travel time:159.40250914793518, q_loss:100, rewards:-6.7892923, queue:11.155556, delay:0.47135234, throughput:1829, violation_rate:0.0000, forceoff_rate:0.0000, violations:0, force_offs:0
REAL_TRAIN_PER_INT step:98 int:0 id:99 violations:0 force_offs:0 decisions:360 violation_rate:0.0000 forceoff_rate:0.0000 queue:11.1556
forward model: training agent 0.
Epoch 0: forward train average loss 0.003611315507441759.
epoch 0: forward test average loss 0.006503649676839511.
Epoch 99: forward train average loss 0.0030394898106654487.
epoch 99: forward test average loss 0.0069947462115022875.
inverse model, training agent 0.
epoch 0: inverse train average loss 0.0010373526258465266.
epoch 0: inverse test average loss 0.0009033614381526908.
epoch 99: inverse train average loss 0.0003871852863489443.
epoch 99: inverse test average loss 0.0009017008964696692.
GAT episode:98/100 grounded:True sim_loss:0.1989
Policy training episode: 99, grounded actions taken: 360, last two uncertainties: {0: [0.0, 0.0]}, avg agent uncertainties: [np.float64(0.0)], grounded actions by agent: [360]
REAL_TRAIN step:99, travel time:159.59330893883953, q_loss:100, rewards:-6.7792087, queue:11.319445, delay:0.47468525, throughput:1831, violation_rate:0.0000, forceoff_rate:0.0000, violations:0, force_offs:0
REAL_TRAIN_PER_INT step:99 int:0 id:99 violations:0 force_offs:0 decisions:360 violation_rate:0.0000 forceoff_rate:0.0000 queue:11.3194
forward model: training agent 0.
Epoch 0: forward train average loss 0.0036289834727843604.
epoch 0: forward test average loss 0.00655995723274019.
Epoch 99: forward train average loss 0.003135051423062881.
epoch 99: forward test average loss 0.006346423385871781.
inverse model, training agent 0.
epoch 0: inverse train average loss 0.0006312361915156038.
epoch 0: inverse test average loss 0.0010120890672422117.
epoch 99: inverse train average loss 0.00013074988479881236.
epoch 99: inverse test average loss 0.00044838478141981695.
GAT episode:99/100 grounded:True sim_loss:0.1926
Total time taken: 1883.1397049427032
