SIM_TRAIN step:0, travel time:60.67180507210343, q_loss:0, rewards:-16.091665310329862, queue:10.305555555555555, delay:0.3855878618028429, throughput:1990, violation_rate:0.0000, forceoff_rate:0.0000, violations:0, force_offs:0
sim step:3600/3600
episode:0/300, sim_loss:0
SIM_TRAIN step:1, travel time:61.071606166086525, q_loss:0, rewards:-16.294573296440973, queue:10.477777777777778, delay:0.3727411058213976, throughput:1998, violation_rate:0.0000, forceoff_rate:0.0000, violations:0, force_offs:0
sim step:3600/3600
episode:1/300, sim_loss:0
SIM_TRAIN step:2, travel time:57.988562904027845, q_loss:157.25124, rewards:-13.854995388454862, queue:8.825, delay:0.3494074927435981, throughput:2000, violation_rate:0.0000, forceoff_rate:0.0000, violations:0, force_offs:0
sim step:3600/3600
episode:2/300, sim_loss:157.25124
SIM_TRAIN step:3, travel time:47.13774241670811, q_loss:84.09801, rewards:-7.354164632161458, queue:4.466666666666667, delay:0.3144557105170356, throughput:2000, violation_rate:0.0000, forceoff_rate:0.0000, violations:0, force_offs:0
sim step:3600/3600
episode:3/300, sim_loss:84.09801
REAL_TEST step:3, travel time:198.36487285629804, q_loss:100, rewards:-95.97623697916667, queue:64.03333333333333, delay:0.607288572523329, throughput:1600, violation_rate:0.0000, forceoff_rate:0.0000, violations:0, force_offs:0
SIM_TRAIN step:4, travel time:45.27399303828941, q_loss:70.93918, rewards:-6.789997694227431, queue:4.1194444444444445, delay:0.29721948835584855, throughput:2000, violation_rate:0.0000, forceoff_rate:0.0000, violations:0, force_offs:0
sim step:3600/3600
episode:4/300, sim_loss:70.93918
SIM_TRAIN step:5, travel time:44.59920437593237, q_loss:62.962193, rewards:-7.0283318413628475, queue:4.2972222222222225, delay:0.2964511659410265, throughput:2000, violation_rate:0.0000, forceoff_rate:0.0000, violations:0, force_offs:0
sim step:3600/3600
episode:5/300, sim_loss:62.962193
SIM_TRAIN step:6, travel time:45.44786494538232, q_loss:62.66924, rewards:-6.77125244140625, queue:4.1194444444444445, delay:0.29499170515272355, throughput:2002, violation_rate:0.0000, forceoff_rate:0.0000, violations:0, force_offs:0
sim step:3600/3600
episode:6/300, sim_loss:62.66924
REAL_TEST step:6, travel time:186.32763532763533, q_loss:100, rewards:-70.39958224826388, queue:46.96111111111111, delay:0.5897282918294271, throughput:1691, violation_rate:0.0000, forceoff_rate:0.0000, violations:0, force_offs:0
SIM_TRAIN step:7, travel time:45.30183988065639, q_loss:62.339043, rewards:-7.491248914930556, queue:4.641666666666667, delay:0.30831220414903426, throughput:1999, violation_rate:0.0000, forceoff_rate:0.0000, violations:0, force_offs:0
sim step:3600/3600
episode:7/300, sim_loss:62.339043
SIM_TRAIN step:8, travel time:44.83590253605171, q_loss:61.282738, rewards:-6.902499728732639, queue:4.180555555555555, delay:0.30536312527126735, throughput:2000, violation_rate:0.0000, forceoff_rate:0.0000, violations:0, force_offs:0
sim step:3600/3600
episode:8/300, sim_loss:61.282738
SIM_TRAIN step:9, travel time:45.85728493286922, q_loss:59.32639, rewards:-7.277916802300347, queue:4.491666666666666, delay:0.3016231113009983, throughput:2000, violation_rate:0.0000, forceoff_rate:0.0000, violations:0, force_offs:0
sim step:3600/3600
episode:9/300, sim_loss:59.32639
REAL_TEST step:9, travel time:184.85162094763092, q_loss:100, rewards:-79.03582356770833, queue:52.71666666666667, delay:0.593424818250868, throughput:1524, violation_rate:0.0000, forceoff_rate:0.0000, violations:0, force_offs:0
SIM_TRAIN step:10, travel time:44.35803083043262, q_loss:59.39591, rewards:-6.974997287326389, queue:4.252777777777778, delay:0.29464639027913414, throughput:2000, violation_rate:0.0000, forceoff_rate:0.0000, violations:0, force_offs:0
sim step:3600/3600
episode:10/300, sim_loss:59.39591
SIM_TRAIN step:11, travel time:45.94878170064644, q_loss:59.75376, rewards:-7.602914089626736, queue:4.686111111111111, delay:0.2988816367255317, throughput:2000, violation_rate:0.0000, forceoff_rate:0.0000, violations:0, force_offs:0
sim step:3600/3600
episode:11/300, sim_loss:59.75376
SIM_TRAIN step:12, travel time:44.226752859273994, q_loss:60.733555, rewards:-6.767084418402778, queue:4.108333333333333, delay:0.29371727837456596, throughput:2000, violation_rate:0.0000, forceoff_rate:0.0000, violations:0, force_offs:0
sim step:3600/3600
episode:12/300, sim_loss:60.733555
REAL_TEST step:12, travel time:184.85162094763092, q_loss:100, rewards:-79.03582356770833, queue:52.71666666666667, delay:0.593424818250868, throughput:1524, violation_rate:0.0000, forceoff_rate:0.0000, violations:0, force_offs:0
SIM_TRAIN step:13, travel time:44.932371954251614, q_loss:61.07602, rewards:-7.234166124131945, queue:4.436111111111111, delay:0.29817888471815324, throughput:2000, violation_rate:0.0000, forceoff_rate:0.0000, violations:0, force_offs:0
sim step:3600/3600
episode:13/300, sim_loss:61.07602
SIM_TRAIN step:14, travel time:44.85629040278469, q_loss:55.871223, rewards:-6.938750542534722, queue:4.238888888888889, delay:0.2965016259087457, throughput:2002, violation_rate:0.0000, forceoff_rate:0.0000, violations:0, force_offs:0
sim step:3600/3600
episode:14/300, sim_loss:55.871223
SIM_TRAIN step:15, travel time:44.508204873197414, q_loss:54.124344, rewards:-6.696249728732639, queue:4.094444444444444, delay:0.2990368313259549, throughput:2001, violation_rate:0.0000, forceoff_rate:0.0000, violations:0, force_offs:0
sim step:3600/3600
episode:15/300, sim_loss:54.124344
REAL_TEST step:15, travel time:194.61127956337174, q_loss:100, rewards:-92.11791449652777, queue:61.480555555555554, delay:0.5830560472276476, throughput:1557, violation_rate:0.0000, forceoff_rate:0.0000, violations:0, force_offs:0
SIM_TRAIN step:16, travel time:44.47664015904572, q_loss:51.93356, rewards:-6.9566663953993055, queue:4.25, delay:0.2922523710462782, throughput:2002, violation_rate:0.0000, forceoff_rate:0.0000, violations:0, force_offs:0
sim step:3600/3600
episode:16/300, sim_loss:51.93356
SIM_TRAIN step:17, travel time:46.31079065141721, q_loss:54.638535, rewards:-7.699999321831597, queue:4.7555555555555555, delay:0.297243160671658, throughput:2001, violation_rate:0.0000, forceoff_rate:0.0000, violations:0, force_offs:0
sim step:3600/3600
episode:17/300, sim_loss:54.638535
SIM_TRAIN step:18, travel time:45.01392342118349, q_loss:50.63149, rewards:-7.25333251953125, queue:4.436111111111111, delay:0.29366832309299046, throughput:2000, violation_rate:0.0000, forceoff_rate:0.0000, violations:0, force_offs:0
sim step:3600/3600
episode:18/300, sim_loss:50.63149
REAL_TEST step:18, travel time:184.54052369077306, q_loss:100, rewards:-79.32624240451389, queue:52.92777777777778, delay:0.5942539215087891, throughput:1524, violation_rate:0.0000, forceoff_rate:0.0000, violations:0, force_offs:0
SIM_TRAIN step:19, travel time:46.7503729487817, q_loss:49.755966, rewards:-7.550831434461806, queue:4.691666666666666, delay:0.299125968085395, throughput:2001, violation_rate:0.0000, forceoff_rate:0.0000, violations:0, force_offs:0
sim step:3600/3600
episode:19/300, sim_loss:49.755966
SIM_TRAIN step:20, travel time:45.14321233217305, q_loss:50.81517, rewards:-7.110831705729167, queue:4.436111111111111, delay:0.2957820044623481, throughput:2000, violation_rate:0.0000, forceoff_rate:0.0000, violations:0, force_offs:0
sim step:3600/3600
episode:20/300, sim_loss:50.81517
SIM_TRAIN step:21, travel time:48.253107906514174, q_loss:51.38622, rewards:-8.534996202256945, queue:5.3277777777777775, delay:0.31090808444552953, throughput:2000, violation_rate:0.0000, forceoff_rate:0.0000, violations:0, force_offs:0
sim step:3600/3600
episode:21/300, sim_loss:51.38622
REAL_TEST step:21, travel time:195.44086021505376, q_loss:100, rewards:-94.37542317708333, queue:62.96944444444444, delay:0.5963528527153863, throughput:1583, violation_rate:0.0000, forceoff_rate:0.0000, violations:0, force_offs:0
SIM_TRAIN step:22, travel time:43.55942317255097, q_loss:53.83323, rewards:-6.441664632161459, queue:3.9166666666666665, delay:0.2838507334391276, throughput:2000, violation_rate:0.0000, forceoff_rate:0.0000, violations:0, force_offs:0
sim step:3600/3600
episode:22/300, sim_loss:53.83323
SIM_TRAIN step:23, travel time:43.97762307309796, q_loss:54.092102, rewards:-6.390001085069445, queue:3.861111111111111, delay:0.2933038923475477, throughput:1999, violation_rate:0.0000, forceoff_rate:0.0000, violations:0, force_offs:0
sim step:3600/3600
episode:23/300, sim_loss:54.092102
SIM_TRAIN step:24, travel time:44.7319741422178, q_loss:52.57029, rewards:-6.703333197699653, queue:4.083333333333333, delay:0.2860429339938694, throughput:2001, violation_rate:0.0000, forceoff_rate:0.0000, violations:0, force_offs:0
sim step:3600/3600
episode:24/300, sim_loss:52.57029
REAL_TEST step:24, travel time:195.41222760290557, q_loss:100, rewards:-93.45541449652778, queue:62.361111111111114, delay:0.5869108412000869, throughput:1561, violation_rate:0.0000, forceoff_rate:0.0000, violations:0, force_offs:0
SIM_TRAIN step:25, travel time:45.218299353555444, q_loss:49.4558, rewards:-7.096664767795139, queue:4.3805555555555555, delay:0.29235735999213325, throughput:2000, violation_rate:0.0000, forceoff_rate:0.0000, violations:0, force_offs:0
sim step:3600/3600
episode:25/300, sim_loss:49.4558
SIM_TRAIN step:26, travel time:46.88612630532074, q_loss:49.74746, rewards:-7.41125013563368, queue:4.569444444444445, delay:0.2914357291327582, throughput:2001, violation_rate:0.0000, forceoff_rate:0.0000, violations:0, force_offs:0
sim step:3600/3600
episode:26/300, sim_loss:49.74746
SIM_TRAIN step:27, travel time:45.82247637991049, q_loss:52.129715, rewards:-7.264580620659722, queue:4.438888888888889, delay:0.29398307800292967, throughput:2000, violation_rate:0.0000, forceoff_rate:0.0000, violations:0, force_offs:0
sim step:3600/3600
episode:27/300, sim_loss:52.129715
REAL_TEST step:27, travel time:194.61127956337174, q_loss:100, rewards:-92.11791449652777, queue:61.480555555555554, delay:0.5830560472276476, throughput:1557, violation_rate:0.0000, forceoff_rate:0.0000, violations:0, force_offs:0
SIM_TRAIN step:28, travel time:44.89557434112382, q_loss:51.48152, rewards:-6.94792005750868, queue:4.233333333333333, delay:0.2907087114122179, throughput:2001, violation_rate:0.0000, forceoff_rate:0.0000, violations:0, force_offs:0
sim step:3600/3600
episode:28/300, sim_loss:51.48152
SIM_TRAIN step:29, travel time:44.0765788165092, q_loss:50.69898, rewards:-6.3254150390625, queue:3.827777777777778, delay:0.28919559054904515, throughput:2000, violation_rate:0.0000, forceoff_rate:0.0000, violations:0, force_offs:0
sim step:3600/3600
episode:29/300, sim_loss:50.69898
SIM_TRAIN step:30, travel time:43.556936847339635, q_loss:49.58991, rewards:-6.004163953993055, queue:3.591666666666667, delay:0.28954556783040364, throughput:1999, violation_rate:0.0000, forceoff_rate:0.0000, violations:0, force_offs:0
sim step:3600/3600
episode:30/300, sim_loss:49.58991
REAL_TEST step:30, travel time:195.41222760290557, q_loss:100, rewards:-93.45541449652778, queue:62.361111111111114, delay:0.5869108412000869, throughput:1561, violation_rate:0.0000, forceoff_rate:0.0000, violations:0, force_offs:0
SIM_TRAIN step:31, travel time:47.40825459970164, q_loss:48.997105, rewards:-7.861250813802084, queue:4.902777777777778, delay:0.3018684811062283, throughput:1997, violation_rate:0.0000, forceoff_rate:0.0000, violations:0, force_offs:0
sim step:3600/3600
episode:31/300, sim_loss:48.997105
SIM_TRAIN step:32, travel time:46.386872202884135, q_loss:48.86661, rewards:-6.949582926432291, queue:4.2555555555555555, delay:0.28378367953830297, throughput:2001, violation_rate:0.0000, forceoff_rate:0.0000, violations:0, force_offs:0
sim step:3600/3600
episode:32/300, sim_loss:48.86661
SIM_TRAIN step:33, travel time:46.26875310481868, q_loss:46.44586, rewards:-7.143332926432292, queue:4.391666666666667, delay:0.29313689337836374, throughput:2002, violation_rate:0.0000, forceoff_rate:0.0000, violations:0, force_offs:0
sim step:3600/3600
episode:33/300, sim_loss:46.44586
REAL_TEST step:33, travel time:195.41222760290557, q_loss:100, rewards:-93.45541449652778, queue:62.361111111111114, delay:0.5869108412000869, throughput:1561, violation_rate:0.0000, forceoff_rate:0.0000, violations:0, force_offs:0
SIM_TRAIN step:34, travel time:45.32968672302337, q_loss:45.523968, rewards:-7.0624986436631945, queue:4.363888888888889, delay:0.2959167056613498, throughput:1996, violation_rate:0.0000, forceoff_rate:0.0000, violations:0, force_offs:0
sim step:3600/3600
episode:34/300, sim_loss:45.523968
SIM_TRAIN step:35, travel time:46.42651439920556, q_loss:45.363117, rewards:-7.252914767795139, queue:4.461111111111111, delay:0.29855359395345055, throughput:2002, violation_rate:0.0000, forceoff_rate:0.0000, violations:0, force_offs:0
sim step:3600/3600
episode:35/300, sim_loss:45.363117
SIM_TRAIN step:36, travel time:43.63753723932473, q_loss:44.577724, rewards:-6.192917887369791, queue:3.7694444444444444, delay:0.29306873745388456, throughput:2001, violation_rate:0.0000, forceoff_rate:0.0000, violations:0, force_offs:0
sim step:3600/3600
episode:36/300, sim_loss:44.577724
REAL_TEST step:36, travel time:195.44086021505376, q_loss:100, rewards:-94.37542317708333, queue:62.96944444444444, delay:0.5963528527153863, throughput:1583, violation_rate:0.0000, forceoff_rate:0.0000, violations:0, force_offs:0
SIM_TRAIN step:37, travel time:48.37692690203879, q_loss:41.922676, rewards:-8.05374755859375, queue:4.969444444444444, delay:0.2994757546318902, throughput:1997, violation_rate:0.0000, forceoff_rate:0.0000, violations:0, force_offs:0
sim step:3600/3600
episode:37/300, sim_loss:41.922676
SIM_TRAIN step:38, travel time:45.48334162108404, q_loss:39.608547, rewards:-6.705833604600694, queue:4.072222222222222, delay:0.29527869754367403, throughput:2001, violation_rate:0.0000, forceoff_rate:0.0000, violations:0, force_offs:0
sim step:3600/3600
episode:38/300, sim_loss:39.608547
SIM_TRAIN step:39, travel time:47.31526603679761, q_loss:38.948696, rewards:-7.139585367838541, queue:4.441666666666666, delay:0.3016323513454861, throughput:2001, violation_rate:0.0000, forceoff_rate:0.0000, violations:0, force_offs:0
sim step:3600/3600
episode:39/300, sim_loss:38.948696
REAL_TEST step:39, travel time:195.44086021505376, q_loss:100, rewards:-94.37542317708333, queue:62.96944444444444, delay:0.5963528527153863, throughput:1583, violation_rate:0.0000, forceoff_rate:0.0000, violations:0, force_offs:0
SIM_TRAIN step:40, travel time:44.72252610641472, q_loss:40.92525, rewards:-6.4879150390625, queue:3.9555555555555557, delay:0.28926266564263237, throughput:2001, violation_rate:0.0000, forceoff_rate:0.0000, violations:0, force_offs:0
sim step:3600/3600
episode:40/300, sim_loss:40.92525
SIM_TRAIN step:41, travel time:45.7488811536549, q_loss:40.57022, rewards:-6.897915310329861, queue:4.208333333333333, delay:0.3014594184027778, throughput:2000, violation_rate:0.0000, forceoff_rate:0.0000, violations:0, force_offs:0
sim step:3600/3600
episode:41/300, sim_loss:40.57022
SIM_TRAIN step:42, travel time:44.2496270512183, q_loss:42.178593, rewards:-6.587498643663195, queue:3.9944444444444445, delay:0.29950076209174264, throughput:2000, violation_rate:0.0000, forceoff_rate:0.0000, violations:0, force_offs:0
sim step:3600/3600
episode:42/300, sim_loss:42.178593
REAL_TEST step:42, travel time:199.37781731909845, q_loss:100, rewards:-96.50166015625, queue:64.38888888888889, delay:0.6103642781575521, throughput:1595, violation_rate:0.0000, forceoff_rate:0.0000, violations:0, force_offs:0
SIM_TRAIN step:43, travel time:46.4425658876181, q_loss:39.80196, rewards:-7.12791748046875, queue:4.386111111111111, delay:0.29638701544867624, throughput:2000, violation_rate:0.0000, forceoff_rate:0.0000, violations:0, force_offs:0
sim step:3600/3600
episode:43/300, sim_loss:39.80196
SIM_TRAIN step:44, travel time:44.988562904027845, q_loss:38.061245, rewards:-6.781250678168403, queue:4.177777777777778, delay:0.2917477289835612, throughput:2002, violation_rate:0.0000, forceoff_rate:0.0000, violations:0, force_offs:0
sim step:3600/3600
episode:44/300, sim_loss:38.061245
SIM_TRAIN step:45, travel time:44.78020885131775, q_loss:36.767517, rewards:-6.723331705729167, queue:4.080555555555556, delay:0.29376807742648653, throughput:2002, violation_rate:0.0000, forceoff_rate:0.0000, violations:0, force_offs:0
sim step:3600/3600
episode:45/300, sim_loss:36.767517
REAL_TEST step:45, travel time:199.37781731909845, q_loss:100, rewards:-96.50166015625, queue:64.38888888888889, delay:0.6103642781575521, throughput:1595, violation_rate:0.0000, forceoff_rate:0.0000, violations:0, force_offs:0
SIM_TRAIN step:46, travel time:45.179512680258576, q_loss:36.90793, rewards:-6.749163140190972, queue:4.166666666666667, delay:0.3003872977362739, throughput:2000, violation_rate:0.0000, forceoff_rate:0.0000, violations:0, force_offs:0
sim step:3600/3600
episode:46/300, sim_loss:36.90793
SIM_TRAIN step:47, travel time:45.269517652909, q_loss:34.301388, rewards:-6.471669514973958, queue:3.9944444444444445, delay:0.29653267330593536, throughput:2000, violation_rate:0.0000, forceoff_rate:0.0000, violations:0, force_offs:0
sim step:3600/3600
episode:47/300, sim_loss:34.301388
SIM_TRAIN step:48, travel time:46.404773744405766, q_loss:35.51199, rewards:-7.430416531032986, queue:4.563888888888889, delay:0.30066892835828996, throughput:2000, violation_rate:0.0000, forceoff_rate:0.0000, violations:0, force_offs:0
sim step:3600/3600
episode:48/300, sim_loss:35.51199
REAL_TEST step:48, travel time:188.32095945174186, q_loss:100, rewards:-71.90749240451389, queue:47.955555555555556, delay:0.5912383185492621, throughput:1671, violation_rate:0.0000, forceoff_rate:0.0000, violations:0, force_offs:0
SIM_TRAIN step:49, travel time:45.11685728493287, q_loss:37.36374, rewards:-6.5495849609375, queue:3.9694444444444446, delay:0.29131141238742403, throughput:2000, violation_rate:0.0000, forceoff_rate:0.0000, violations:0, force_offs:0
sim step:3600/3600
episode:49/300, sim_loss:37.36374
SIM_TRAIN step:50, travel time:44.68722028841373, q_loss:36.302414, rewards:-6.796664767795139, queue:4.166666666666667, delay:0.2967951244778103, throughput:2000, violation_rate:0.0000, forceoff_rate:0.0000, violations:0, force_offs:0
sim step:3600/3600
episode:50/300, sim_loss:36.302414
SIM_TRAIN step:51, travel time:44.954748881153655, q_loss:36.496017, rewards:-6.719583468967014, queue:4.088888888888889, delay:0.29343812730577257, throughput:1997, violation_rate:0.0000, forceoff_rate:0.0000, violations:0, force_offs:0
sim step:3600/3600
episode:51/300, sim_loss:36.496017
REAL_TEST step:51, travel time:199.37781731909845, q_loss:100, rewards:-96.50166015625, queue:64.38888888888889, delay:0.6103642781575521, throughput:1595, violation_rate:0.0000, forceoff_rate:0.0000, violations:0, force_offs:0
SIM_TRAIN step:52, travel time:48.18150174042765, q_loss:36.852337, rewards:-7.64833238389757, queue:4.716666666666667, delay:0.30123420291476777, throughput:2000, violation_rate:0.0000, forceoff_rate:0.0000, violations:0, force_offs:0
sim step:3600/3600
episode:52/300, sim_loss:36.852337
SIM_TRAIN step:53, travel time:45.74191944306315, q_loss:39.239704, rewards:-6.910415988498264, queue:4.197222222222222, delay:0.3006559795803494, throughput:2000, violation_rate:0.0000, forceoff_rate:0.0000, violations:0, force_offs:0
sim step:3600/3600
episode:53/300, sim_loss:39.239704
SIM_TRAIN step:54, travel time:46.94587884806356, q_loss:37.62997, rewards:-7.256252712673611, queue:4.475, delay:0.30259884728325737, throughput:2001, violation_rate:0.0000, forceoff_rate:0.0000, violations:0, force_offs:0
sim step:3600/3600
episode:54/300, sim_loss:37.62997
REAL_TEST step:54, travel time:189.78404558404557, q_loss:100, rewards:-70.23584526909723, queue:46.830555555555556, delay:0.5892887539333768, throughput:1691, violation_rate:0.0000, forceoff_rate:0.0000, violations:0, force_offs:0
SIM_TRAIN step:55, travel time:45.72749875683739, q_loss:36.920956, rewards:-6.789583333333334, queue:4.122222222222222, delay:0.29369275834825304, throughput:2000, violation_rate:0.0000, forceoff_rate:0.0000, violations:0, force_offs:0
sim step:3600/3600
episode:55/300, sim_loss:36.920956
SIM_TRAIN step:56, travel time:45.57185479860766, q_loss:38.093803, rewards:-7.007497829861111, queue:4.272222222222222, delay:0.28983626895480685, throughput:1997, violation_rate:0.0000, forceoff_rate:0.0000, violations:0, force_offs:0
sim step:3600/3600
episode:56/300, sim_loss:38.093803
SIM_TRAIN step:57, travel time:45.335653903530584, q_loss:35.616085, rewards:-6.750000678168403, queue:4.116666666666666, delay:0.29848897722032336, throughput:2003, violation_rate:0.0000, forceoff_rate:0.0000, violations:0, force_offs:0
sim step:3600/3600
episode:57/300, sim_loss:35.616085
REAL_TEST step:57, travel time:189.78404558404557, q_loss:100, rewards:-70.23584526909723, queue:46.830555555555556, delay:0.5892887539333768, throughput:1691, violation_rate:0.0000, forceoff_rate:0.0000, violations:0, force_offs:0
SIM_TRAIN step:58, travel time:44.761431411530815, q_loss:40.269913, rewards:-6.590000406901042, queue:4.008333333333334, delay:0.2913886388142904, throughput:2002, violation_rate:0.0000, forceoff_rate:0.0000, violations:0, force_offs:0
sim step:3600/3600
episode:58/300, sim_loss:40.269913
SIM_TRAIN step:59, travel time:47.10740924912979, q_loss:41.488503, rewards:-7.684584554036459, queue:4.65, delay:0.30367692311604816, throughput:2000, violation_rate:0.0000, forceoff_rate:0.0000, violations:0, force_offs:0
sim step:3600/3600
episode:59/300, sim_loss:41.488503
SIM_TRAIN step:60, travel time:46.713505461767625, q_loss:41.65601, rewards:-7.070000542534722, queue:4.333333333333333, delay:0.3042705535888672, throughput:2002, violation_rate:0.0000, forceoff_rate:0.0000, violations:0, force_offs:0
sim step:3600/3600
episode:60/300, sim_loss:41.65601
REAL_TEST step:60, travel time:189.2661336379212, q_loss:100, rewards:-72.6783474392361, queue:48.48888888888889, delay:0.5930780622694227, throughput:1674, violation_rate:0.0000, forceoff_rate:0.0000, violations:0, force_offs:0
SIM_TRAIN step:61, travel time:45.42715067130781, q_loss:38.878727, rewards:-7.025415717230903, queue:4.305555555555555, delay:0.3029155519273546, throughput:2000, violation_rate:0.0000, forceoff_rate:0.0000, violations:0, force_offs:0
sim step:3600/3600
episode:61/300, sim_loss:38.878727
SIM_TRAIN step:62, travel time:44.70064644455495, q_loss:39.60812, rewards:-6.391665988498264, queue:3.886111111111111, delay:0.29347269270155163, throughput:2001, violation_rate:0.0000, forceoff_rate:0.0000, violations:0, force_offs:0
sim step:3600/3600
episode:62/300, sim_loss:39.60812
SIM_TRAIN step:63, travel time:44.359165424739196, q_loss:39.29616, rewards:-6.111666531032986, queue:3.727777777777778, delay:0.2878106858995226, throughput:2003, violation_rate:0.0000, forceoff_rate:0.0000, violations:0, force_offs:0
sim step:3600/3600
episode:63/300, sim_loss:39.29616
REAL_TEST step:63, travel time:204.6981460023175, q_loss:100, rewards:-103.56166449652778, queue:69.1138888888889, delay:0.6135636647542317, throughput:1637, violation_rate:0.0000, forceoff_rate:0.0000, violations:0, force_offs:0
SIM_TRAIN step:64, travel time:44.37245151665838, q_loss:39.56331, rewards:-6.361665852864584, queue:3.886111111111111, delay:0.293894280327691, throughput:2000, violation_rate:0.0000, forceoff_rate:0.0000, violations:0, force_offs:0
sim step:3600/3600
episode:64/300, sim_loss:39.56331
SIM_TRAIN step:65, travel time:46.263916500994036, q_loss:39.972656, rewards:-6.718330891927083, queue:4.091666666666667, delay:0.30168014102511936, throughput:2002, violation_rate:0.0000, forceoff_rate:0.0000, violations:0, force_offs:0
sim step:3600/3600
episode:65/300, sim_loss:39.972656
SIM_TRAIN step:66, travel time:46.647439085032325, q_loss:41.280006, rewards:-7.679165988498264, queue:4.741666666666666, delay:0.309209950764974, throughput:1998, violation_rate:0.0000, forceoff_rate:0.0000, violations:0, force_offs:0
sim step:3600/3600
episode:66/300, sim_loss:41.280006
REAL_TEST step:66, travel time:198.70035046728972, q_loss:100, rewards:-97.75001085069445, queue:65.25, delay:0.6079385121663411, throughput:1622, violation_rate:0.0000, forceoff_rate:0.0000, violations:0, force_offs:0
SIM_TRAIN step:67, travel time:46.74018877297566, q_loss:38.07499, rewards:-7.273330349392361, queue:4.472222222222222, delay:0.3071566687689887, throughput:2001, violation_rate:0.0000, forceoff_rate:0.0000, violations:0, force_offs:0
sim step:3600/3600
episode:67/300, sim_loss:38.07499
SIM_TRAIN step:68, travel time:44.72600696171059, q_loss:38.58781, rewards:-6.552080620659722, queue:3.986111111111111, delay:0.29144395192464195, throughput:2000, violation_rate:0.0000, forceoff_rate:0.0000, violations:0, force_offs:0
sim step:3600/3600
episode:68/300, sim_loss:38.58781
SIM_TRAIN step:69, travel time:45.12481352560915, q_loss:42.92333, rewards:-6.858335367838541, queue:4.177777777777778, delay:0.30661402808295357, throughput:2001, violation_rate:0.0000, forceoff_rate:0.0000, violations:0, force_offs:0
sim step:3600/3600
episode:69/300, sim_loss:42.92333
REAL_TEST step:69, travel time:206.83081896551724, q_loss:100, rewards:-98.88083767361111, queue:66.09166666666667, delay:0.5895817650689019, throughput:1703, violation_rate:0.0000, forceoff_rate:0.0000, violations:0, force_offs:0
SIM_TRAIN step:70, travel time:43.90064580228515, q_loss:43.79975, rewards:-6.411664496527778, queue:3.886111111111111, delay:0.2887062708536784, throughput:2002, violation_rate:0.0000, forceoff_rate:0.0000, violations:0, force_offs:0
sim step:3600/3600
episode:70/300, sim_loss:43.79975
SIM_TRAIN step:71, travel time:45.80009945300846, q_loss:42.85831, rewards:-7.225417073567709, queue:4.530555555555556, delay:0.3103487014770508, throughput:1997, violation_rate:0.0000, forceoff_rate:0.0000, violations:0, force_offs:0
sim step:3600/3600
episode:71/300, sim_loss:42.85831
SIM_TRAIN step:72, travel time:44.63152660367976, q_loss:42.425514, rewards:-6.502081298828125, queue:3.925, delay:0.29777872297498914, throughput:1995, violation_rate:0.0000, forceoff_rate:0.0000, violations:0, force_offs:0
sim step:3600/3600
episode:72/300, sim_loss:42.425514
REAL_TEST step:72, travel time:192.57738095238096, q_loss:100, rewards:-86.69166666666666, queue:57.922222222222224, delay:0.5816028171115452, throughput:1708, violation_rate:0.0000, forceoff_rate:0.0000, violations:0, force_offs:0
SIM_TRAIN step:73, travel time:45.797814207650276, q_loss:39.56055, rewards:-6.741248236762153, queue:3.9972222222222222, delay:0.2890512254503038, throughput:2001, violation_rate:0.0000, forceoff_rate:0.0000, violations:0, force_offs:0
sim step:3600/3600
episode:73/300, sim_loss:39.56055
SIM_TRAIN step:74, travel time:44.364133134624936, q_loss:39.750793, rewards:-7.003333875868056, queue:4.277777777777778, delay:0.30282185872395834, throughput:2002, violation_rate:0.0000, forceoff_rate:0.0000, violations:0, force_offs:0
sim step:3600/3600
episode:74/300, sim_loss:39.750793
SIM_TRAIN step:75, travel time:44.28415300546448, q_loss:37.310966, rewards:-6.482497151692709, queue:3.963888888888889, delay:0.29098534054226344, throughput:2003, violation_rate:0.0000, forceoff_rate:0.0000, violations:0, force_offs:0
sim step:3600/3600
episode:75/300, sim_loss:37.310966
REAL_TEST step:75, travel time:171.61988636363637, q_loss:100, rewards:-69.70876193576389, queue:46.46944444444444, delay:0.5943216535780165, throughput:1697, violation_rate:0.0000, forceoff_rate:0.0000, violations:0, force_offs:0
SIM_TRAIN step:76, travel time:45.5270740188773, q_loss:41.133213, rewards:-7.220831298828125, queue:4.4, delay:0.29216312832302516, throughput:2002, violation_rate:0.0000, forceoff_rate:0.0000, violations:0, force_offs:0
sim step:3600/3600
episode:76/300, sim_loss:41.133213
SIM_TRAIN step:77, travel time:45.937872763419485, q_loss:39.555233, rewards:-6.606247965494791, queue:4.038888888888889, delay:0.30108087327745225, throughput:2002, violation_rate:0.0000, forceoff_rate:0.0000, violations:0, force_offs:0
sim step:3600/3600
episode:77/300, sim_loss:39.555233
SIM_TRAIN step:78, travel time:48.751864743908506, q_loss:42.389046, rewards:-8.21624755859375, queue:5.052777777777778, delay:0.3107213338216146, throughput:1998, violation_rate:0.0000, forceoff_rate:0.0000, violations:0, force_offs:0
sim step:3600/3600
episode:78/300, sim_loss:42.389046
REAL_TEST step:78, travel time:199.37781731909845, q_loss:100, rewards:-96.50166015625, queue:64.38888888888889, delay:0.6103642781575521, throughput:1595, violation_rate:0.0000, forceoff_rate:0.0000, violations:0, force_offs:0
SIM_TRAIN step:79, travel time:44.35866865375062, q_loss:40.73391, rewards:-6.332084147135417, queue:3.8194444444444446, delay:0.296354866027832, throughput:2001, violation_rate:0.0000, forceoff_rate:0.0000, violations:0, force_offs:0
sim step:3600/3600
episode:79/300, sim_loss:40.73391
SIM_TRAIN step:80, travel time:45.94088425235966, q_loss:41.4396, rewards:-7.024580891927084, queue:4.3277777777777775, delay:0.3038018544514974, throughput:2002, violation_rate:0.0000, forceoff_rate:0.0000, violations:0, force_offs:0
sim step:3600/3600
episode:80/300, sim_loss:41.4396
SIM_TRAIN step:81, travel time:44.812033814022875, q_loss:39.78683, rewards:-6.632497829861111, queue:4.025, delay:0.30133241017659507, throughput:1997, violation_rate:0.0000, forceoff_rate:0.0000, violations:0, force_offs:0
sim step:3600/3600
episode:81/300, sim_loss:39.78683
REAL_TEST step:81, travel time:195.52068557919623, q_loss:100, rewards:-95.51498480902778, queue:63.72222222222222, delay:0.6039282904730903, throughput:1601, violation_rate:0.0000, forceoff_rate:0.0000, violations:0, force_offs:0
SIM_TRAIN step:82, travel time:46.61947342275211, q_loss:39.238476, rewards:-7.142080349392361, queue:4.377777777777778, delay:0.2984909905327691, throughput:2002, violation_rate:0.0000, forceoff_rate:0.0000, violations:0, force_offs:0
sim step:3600/3600
episode:82/300, sim_loss:39.238476
SIM_TRAIN step:83, travel time:45.55146693187469, q_loss:40.64366, rewards:-6.699581570095486, queue:4.055555555555555, delay:0.30354544321695964, throughput:2000, violation_rate:0.0000, forceoff_rate:0.0000, violations:0, force_offs:0
sim step:3600/3600
episode:83/300, sim_loss:40.64366
SIM_TRAIN step:84, travel time:45.89756340129289, q_loss:37.66602, rewards:-6.758330620659722, queue:4.15, delay:0.2986567391289605, throughput:2001, violation_rate:0.0000, forceoff_rate:0.0000, violations:0, force_offs:0
sim step:3600/3600
episode:84/300, sim_loss:37.66602
REAL_TEST step:84, travel time:199.37781731909845, q_loss:100, rewards:-96.50166015625, queue:64.38888888888889, delay:0.6103642781575521, throughput:1595, violation_rate:0.0000, forceoff_rate:0.0000, violations:0, force_offs:0
SIM_TRAIN step:85, travel time:45.885131775236204, q_loss:40.645794, rewards:-6.952914089626736, queue:4.291666666666667, delay:0.29936625162760416, throughput:2000, violation_rate:0.0000, forceoff_rate:0.0000, violations:0, force_offs:0
sim step:3600/3600
episode:85/300, sim_loss:40.645794
SIM_TRAIN step:86, travel time:44.79264047737444, q_loss:43.50518, rewards:-6.643330891927083, queue:4.016666666666667, delay:0.3016729990641276, throughput:2000, violation_rate:0.0000, forceoff_rate:0.0000, violations:0, force_offs:0
sim step:3600/3600
episode:86/300, sim_loss:43.50518
SIM_TRAIN step:87, travel time:46.008946322067594, q_loss:41.71771, rewards:-7.089584011501736, queue:4.308333333333334, delay:0.3078940921359592, throughput:2002, violation_rate:0.0000, forceoff_rate:0.0000, violations:0, force_offs:0
sim step:3600/3600
episode:87/300, sim_loss:41.71771
REAL_TEST step:87, travel time:198.37997587454765, q_loss:100, rewards:-94.3729275173611, queue:62.977777777777774, delay:0.594698715209961, throughput:1566, violation_rate:0.0000, forceoff_rate:0.0000, violations:0, force_offs:0
SIM_TRAIN step:88, travel time:46.257583291894576, q_loss:41.864616, rewards:-7.089164225260417, queue:4.358333333333333, delay:0.3018941455417209, throughput:2000, violation_rate:0.0000, forceoff_rate:0.0000, violations:0, force_offs:0
sim step:3600/3600
episode:88/300, sim_loss:41.864616
SIM_TRAIN step:89, travel time:44.00695825049702, q_loss:36.32717, rewards:-6.349165852864584, queue:3.8666666666666667, delay:0.2920162836710612, throughput:2002, violation_rate:0.0000, forceoff_rate:0.0000, violations:0, force_offs:0
sim step:3600/3600
episode:89/300, sim_loss:36.32717
SIM_TRAIN step:90, travel time:44.15663848831427, q_loss:36.570324, rewards:-6.579583740234375, queue:4.019444444444445, delay:0.3016295115152995, throughput:2001, violation_rate:0.0000, forceoff_rate:0.0000, violations:0, force_offs:0
sim step:3600/3600
episode:90/300, sim_loss:36.570324
REAL_TEST step:90, travel time:195.30167921250722, q_loss:100, rewards:-98.41917317708334, queue:65.68333333333334, delay:0.6024242824978299, throughput:1639, violation_rate:0.0000, forceoff_rate:0.0000, violations:0, force_offs:0
SIM_TRAIN step:91, travel time:45.492292391844856, q_loss:39.812477, rewards:-6.600000678168403, queue:4.0055555555555555, delay:0.298639170328776, throughput:2001, violation_rate:0.0000, forceoff_rate:0.0000, violations:0, force_offs:0
sim step:3600/3600
episode:91/300, sim_loss:39.812477
SIM_TRAIN step:92, travel time:44.37506209637357, q_loss:37.986393, rewards:-6.294582790798611, queue:3.808333333333333, delay:0.2867972267998589, throughput:2002, violation_rate:0.0000, forceoff_rate:0.0000, violations:0, force_offs:0
sim step:3600/3600
episode:92/300, sim_loss:37.986393
SIM_TRAIN step:93, travel time:45.338637493784184, q_loss:39.59471, rewards:-6.42291734483507, queue:3.8916666666666666, delay:0.2950194464789497, throughput:2001, violation_rate:0.0000, forceoff_rate:0.0000, violations:0, force_offs:0
sim step:3600/3600
episode:93/300, sim_loss:39.59471
REAL_TEST step:93, travel time:198.09149560117302, q_loss:100, rewards:-97.94041883680555, queue:65.375, delay:0.6031860775417752, throughput:1615, violation_rate:0.0000, forceoff_rate:0.0000, violations:0, force_offs:0
SIM_TRAIN step:94, travel time:44.90800596718051, q_loss:37.54422, rewards:-6.826247829861111, queue:4.136111111111111, delay:0.2951947953965929, throughput:2000, violation_rate:0.0000, forceoff_rate:0.0000, violations:0, force_offs:0
sim step:3600/3600
episode:94/300, sim_loss:37.54422
SIM_TRAIN step:95, travel time:46.16757831924416, q_loss:40.010067, rewards:-7.027915445963542, queue:4.275, delay:0.2956367916531033, throughput:2001, violation_rate:0.0000, forceoff_rate:0.0000, violations:0, force_offs:0
sim step:3600/3600
episode:95/300, sim_loss:40.010067
SIM_TRAIN step:96, travel time:48.375435106911986, q_loss:38.88466, rewards:-7.692916531032986, queue:4.794444444444444, delay:0.30867464277479384, throughput:2000, violation_rate:0.0000, forceoff_rate:0.0000, violations:0, force_offs:0
sim step:3600/3600
episode:96/300, sim_loss:38.88466
REAL_TEST step:96, travel time:198.09149560117302, q_loss:100, rewards:-97.94041883680555, queue:65.375, delay:0.6031860775417752, throughput:1615, violation_rate:0.0000, forceoff_rate:0.0000, violations:0, force_offs:0
SIM_TRAIN step:97, travel time:44.15564395822974, q_loss:38.83664, rewards:-6.187917073567708, queue:3.7222222222222223, delay:0.29926528930664065, throughput:2001, violation_rate:0.0000, forceoff_rate:0.0000, violations:0, force_offs:0
sim step:3600/3600
episode:97/300, sim_loss:38.83664
SIM_TRAIN step:98, travel time:46.76479363500746, q_loss:36.26259, rewards:-6.8833326551649305, queue:4.175, delay:0.3047305636935764, throughput:2001, violation_rate:0.0000, forceoff_rate:0.0000, violations:0, force_offs:0
sim step:3600/3600
episode:98/300, sim_loss:36.26259
SIM_TRAIN step:99, travel time:45.95773247140726, q_loss:37.30823, rewards:-7.159163411458334, queue:4.436111111111111, delay:0.3031129837036133, throughput:2000, violation_rate:0.0000, forceoff_rate:0.0000, violations:0, force_offs:0
sim step:3600/3600
episode:99/300, sim_loss:37.30823
REAL_TEST step:99, travel time:198.1755319148936, q_loss:100, rewards:-95.43209635416666, queue:63.63611111111111, delay:0.6042713589138455, throughput:1602, violation_rate:0.0000, forceoff_rate:0.0000, violations:0, force_offs:0
SIM_TRAIN step:100, travel time:43.71805072103431, q_loss:36.864346, rewards:-6.1054192437065975, queue:3.6333333333333333, delay:0.29290294647216797, throughput:2000, violation_rate:0.0000, forceoff_rate:0.0000, violations:0, force_offs:0
sim step:3600/3600
episode:100/300, sim_loss:36.864346
SIM_TRAIN step:101, travel time:44.83490800596718, q_loss:35.683804, rewards:-6.517498779296875, queue:3.95, delay:0.29169065687391493, throughput:2001, violation_rate:0.0000, forceoff_rate:0.0000, violations:0, force_offs:0
sim step:3600/3600
episode:101/300, sim_loss:35.683804
SIM_TRAIN step:102, travel time:44.461461959224266, q_loss:36.828617, rewards:-6.684583875868055, queue:4.102777777777778, delay:0.30288382636176214, throughput:2000, violation_rate:0.0000, forceoff_rate:0.0000, violations:0, force_offs:0
sim step:3600/3600
episode:102/300, sim_loss:36.828617
REAL_TEST step:102, travel time:203.8915857605178, q_loss:100, rewards:-98.83043619791667, queue:66.04722222222222, delay:0.5926052093505859, throughput:1701, violation_rate:0.0000, forceoff_rate:0.0000, violations:0, force_offs:0
SIM_TRAIN step:103, travel time:44.008440913604765, q_loss:38.618046, rewards:-6.291253662109375, queue:3.813888888888889, delay:0.2867604785495334, throughput:2001, violation_rate:0.0000, forceoff_rate:0.0000, violations:0, force_offs:0
sim step:3600/3600
episode:103/300, sim_loss:38.618046
SIM_TRAIN step:104, travel time:45.72393247269116, q_loss:37.76496, rewards:-6.788753255208333, queue:4.1194444444444445, delay:0.2989761776394314, throughput:2002, violation_rate:0.0000, forceoff_rate:0.0000, violations:0, force_offs:0
sim step:3600/3600
episode:104/300, sim_loss:37.76496
SIM_TRAIN step:105, travel time:44.620586772749874, q_loss:36.636974, rewards:-6.729163953993056, queue:4.105555555555555, delay:0.30039196014404296, throughput:2001, violation_rate:0.0000, forceoff_rate:0.0000, violations:0, force_offs:0
sim step:3600/3600
episode:105/300, sim_loss:36.636974
REAL_TEST step:105, travel time:192.7489663319551, q_loss:100, rewards:-96.08208550347223, queue:64.1138888888889, delay:0.5946883731418185, throughput:1603, violation_rate:0.0000, forceoff_rate:0.0000, violations:0, force_offs:0
SIM_TRAIN step:106, travel time:44.63505461767627, q_loss:38.713478, rewards:-6.249997287326389, queue:3.8, delay:0.2855580647786458, throughput:2001, violation_rate:0.0000, forceoff_rate:0.0000, violations:0, force_offs:0
sim step:3600/3600
episode:106/300, sim_loss:38.713478
SIM_TRAIN step:107, travel time:44.96921549155908, q_loss:37.546524, rewards:-6.75291748046875, queue:4.155555555555556, delay:0.2996852874755859, throughput:2001, violation_rate:0.0000, forceoff_rate:0.0000, violations:0, force_offs:0
sim step:3600/3600
episode:107/300, sim_loss:37.546524
SIM_TRAIN step:108, travel time:45.0173869846001, q_loss:40.356255, rewards:-6.862915717230903, queue:4.186111111111111, delay:0.29991351233588326, throughput:2002, violation_rate:0.0000, forceoff_rate:0.0000, violations:0, force_offs:0
sim step:3600/3600
episode:108/300, sim_loss:40.356255
REAL_TEST step:108, travel time:203.15758229897463, q_loss:100, rewards:-98.61748046875, queue:65.90277777777777, delay:0.5985945807562933, throughput:1701, violation_rate:0.0000, forceoff_rate:0.0000, violations:0, force_offs:0
SIM_TRAIN step:109, travel time:44.71520874751491, q_loss:40.37842, rewards:-6.633749728732639, queue:4.025, delay:0.2924748738606771, throughput:2003, violation_rate:0.0000, forceoff_rate:0.0000, violations:0, force_offs:0
sim step:3600/3600
episode:109/300, sim_loss:40.37842
SIM_TRAIN step:110, travel time:46.10526315789474, q_loss:39.62057, rewards:-6.973750813802083, queue:4.2555555555555555, delay:0.30733905368381076, throughput:2001, violation_rate:0.0000, forceoff_rate:0.0000, violations:0, force_offs:0
sim step:3600/3600
episode:110/300, sim_loss:39.62057
SIM_TRAIN step:111, travel time:44.80606663351566, q_loss:39.30137, rewards:-6.470831298828125, queue:3.9472222222222224, delay:0.2966030332777235, throughput:2000, violation_rate:0.0000, forceoff_rate:0.0000, violations:0, force_offs:0
sim step:3600/3600
episode:111/300, sim_loss:39.30137
REAL_TEST step:111, travel time:203.15758229897463, q_loss:100, rewards:-98.61748046875, queue:65.90277777777777, delay:0.5985945807562933, throughput:1701, violation_rate:0.0000, forceoff_rate:0.0000, violations:0, force_offs:0
SIM_TRAIN step:112, travel time:43.67974180734856, q_loss:42.853935, rewards:-6.100832790798611, queue:3.702777777777778, delay:0.29410408867730037, throughput:2001, violation_rate:0.0000, forceoff_rate:0.0000, violations:0, force_offs:0
sim step:3600/3600
episode:112/300, sim_loss:42.853935
SIM_TRAIN step:113, travel time:45.21102284011916, q_loss:38.93792, rewards:-6.55583021375868, queue:4.022222222222222, delay:0.2955542882283529, throughput:2001, violation_rate:0.0000, forceoff_rate:0.0000, violations:0, force_offs:0
sim step:3600/3600
episode:113/300, sim_loss:38.93792
SIM_TRAIN step:114, travel time:45.233862959285005, q_loss:42.026455, rewards:-7.075417751736111, queue:4.294444444444444, delay:0.30704519483778214, throughput:2001, violation_rate:0.0000, forceoff_rate:0.0000, violations:0, force_offs:0
sim step:3600/3600
episode:114/300, sim_loss:42.026455
REAL_TEST step:114, travel time:203.15758229897463, q_loss:100, rewards:-98.61748046875, queue:65.90277777777777, delay:0.5985945807562933, throughput:1701, violation_rate:0.0000, forceoff_rate:0.0000, violations:0, force_offs:0
SIM_TRAIN step:115, travel time:43.768238213399506, q_loss:39.332523, rewards:-6.1129163953993055, queue:3.6555555555555554, delay:0.29201846652560765, throughput:2003, violation_rate:0.0000, forceoff_rate:0.0000, violations:0, force_offs:0
sim step:3600/3600
episode:115/300, sim_loss:39.332523
SIM_TRAIN step:116, travel time:46.00049652432969, q_loss:40.97547, rewards:-7.124163140190972, queue:4.391666666666667, delay:0.3008748796251085, throughput:2001, violation_rate:0.0000, forceoff_rate:0.0000, violations:0, force_offs:0
sim step:3600/3600
episode:116/300, sim_loss:40.97547
SIM_TRAIN step:117, travel time:45.07458975634013, q_loss:40.928257, rewards:-6.858749050564236, queue:4.1194444444444445, delay:0.2971381293402778, throughput:2000, violation_rate:0.0000, forceoff_rate:0.0000, violations:0, force_offs:0
sim step:3600/3600
episode:117/300, sim_loss:40.928257
REAL_TEST step:117, travel time:203.8915857605178, q_loss:100, rewards:-98.83043619791667, queue:66.04722222222222, delay:0.5926052093505859, throughput:1701, violation_rate:0.0000, forceoff_rate:0.0000, violations:0, force_offs:0
SIM_TRAIN step:118, travel time:45.338301043219076, q_loss:42.59885, rewards:-6.780832926432292, queue:4.161111111111111, delay:0.2947186152140299, throughput:2001, violation_rate:0.0000, forceoff_rate:0.0000, violations:0, force_offs:0
sim step:3600/3600
episode:118/300, sim_loss:42.59885
SIM_TRAIN step:119, travel time:46.47590660705415, q_loss:41.37432, rewards:-7.284998236762153, queue:4.491666666666666, delay:0.3004464891221788, throughput:2002, violation_rate:0.0000, forceoff_rate:0.0000, violations:0, force_offs:0
sim step:3600/3600
episode:119/300, sim_loss:41.37432
SIM_TRAIN step:120, travel time:44.21929388363998, q_loss:37.859886, rewards:-6.246666124131944, queue:3.8055555555555554, delay:0.2973711649576823, throughput:2000, violation_rate:0.0000, forceoff_rate:0.0000, violations:0, force_offs:0
sim step:3600/3600
episode:120/300, sim_loss:37.859886
REAL_TEST step:120, travel time:203.8915857605178, q_loss:100, rewards:-98.83043619791667, queue:66.04722222222222, delay:0.5926052093505859, throughput:1701, violation_rate:0.0000, forceoff_rate:0.0000, violations:0, force_offs:0
SIM_TRAIN step:121, travel time:44.07757334659374, q_loss:42.863285, rewards:-6.129585096571181, queue:3.716666666666667, delay:0.2870033476087782, throughput:1998, violation_rate:0.0000, forceoff_rate:0.0000, violations:0, force_offs:0
sim step:3600/3600
episode:121/300, sim_loss:42.863285
SIM_TRAIN step:122, travel time:46.666169895678095, q_loss:38.559856, rewards:-6.908750406901041, queue:4.238888888888889, delay:0.30071690877278645, throughput:2001, violation_rate:0.0000, forceoff_rate:0.0000, violations:0, force_offs:0
sim step:3600/3600
episode:122/300, sim_loss:38.559856
SIM_TRAIN step:123, travel time:46.67031327697663, q_loss:39.449917, rewards:-7.239583333333333, queue:4.383333333333334, delay:0.3070460637410482, throughput:2001, violation_rate:0.0000, forceoff_rate:0.0000, violations:0, force_offs:0
sim step:3600/3600
episode:123/300, sim_loss:39.449917
REAL_TEST step:123, travel time:203.8915857605178, q_loss:100, rewards:-98.83043619791667, queue:66.04722222222222, delay:0.5926052093505859, throughput:1701, violation_rate:0.0000, forceoff_rate:0.0000, violations:0, force_offs:0
SIM_TRAIN step:124, travel time:43.70144063586687, q_loss:38.294502, rewards:-6.404581027560764, queue:3.8694444444444445, delay:0.2882511562771267, throughput:2002, violation_rate:0.0000, forceoff_rate:0.0000, violations:0, force_offs:0
sim step:3600/3600
episode:124/300, sim_loss:38.294502
SIM_TRAIN step:125, travel time:44.0655737704918, q_loss:43.01045, rewards:-6.547498236762153, queue:3.988888888888889, delay:0.29431741502549913, throughput:2001, violation_rate:0.0000, forceoff_rate:0.0000, violations:0, force_offs:0
sim step:3600/3600
episode:125/300, sim_loss:43.01045
SIM_TRAIN step:126, travel time:44.39980109398309, q_loss:41.537872, rewards:-6.178750271267361, queue:3.7444444444444445, delay:0.29702979193793405, throughput:1995, violation_rate:0.0000, forceoff_rate:0.0000, violations:0, force_offs:0
sim step:3600/3600
episode:126/300, sim_loss:41.537872
REAL_TEST step:126, travel time:197.86237980769232, q_loss:100, rewards:-95.47622612847222, queue:63.705555555555556, delay:0.5978802151150173, throughput:1574, violation_rate:0.0000, forceoff_rate:0.0000, violations:0, force_offs:0
SIM_TRAIN step:127, travel time:45.88033763654419, q_loss:39.50757, rewards:-7.1629143608940975, queue:4.386111111111111, delay:0.30996918148464625, throughput:2002, violation_rate:0.0000, forceoff_rate:0.0000, violations:0, force_offs:0
sim step:3600/3600
episode:127/300, sim_loss:39.50757
SIM_TRAIN step:128, travel time:46.36878727634195, q_loss:42.012276, rewards:-7.025417073567708, queue:4.333333333333333, delay:0.3013503180609809, throughput:2001, violation_rate:0.0000, forceoff_rate:0.0000, violations:0, force_offs:0
sim step:3600/3600
episode:128/300, sim_loss:42.012276
SIM_TRAIN step:129, travel time:45.02088513177524, q_loss:40.99184, rewards:-6.874996609157986, queue:4.208333333333333, delay:0.2998991436428494, throughput:1999, violation_rate:0.0000, forceoff_rate:0.0000, violations:0, force_offs:0
sim step:3600/3600
episode:129/300, sim_loss:40.99184
REAL_TEST step:129, travel time:194.55272305909617, q_loss:100, rewards:-71.15667860243056, queue:47.44166666666667, delay:0.5916206783718533, throughput:1626, violation_rate:0.0000, forceoff_rate:0.0000, violations:0, force_offs:0
SIM_TRAIN step:130, travel time:46.114868224763796, q_loss:40.78613, rewards:-6.686665852864583, queue:4.075, delay:0.3000842624240451, throughput:2000, violation_rate:0.0000, forceoff_rate:0.0000, violations:0, force_offs:0
sim step:3600/3600
episode:130/300, sim_loss:40.78613
SIM_TRAIN step:131, travel time:45.95126802585778, q_loss:39.022552, rewards:-7.182498508029514, queue:4.3694444444444445, delay:0.30050703684488933, throughput:2000, violation_rate:0.0000, forceoff_rate:0.0000, violations:0, force_offs:0
sim step:3600/3600
episode:131/300, sim_loss:39.022552
SIM_TRAIN step:132, travel time:44.941322725012434, q_loss:39.362503, rewards:-6.644583468967014, queue:4.0777777777777775, delay:0.29045282999674477, throughput:2002, violation_rate:0.0000, forceoff_rate:0.0000, violations:0, force_offs:0
sim step:3600/3600
episode:132/300, sim_loss:39.362503
REAL_TEST step:132, travel time:198.31483715319663, q_loss:100, rewards:-94.62374131944445, queue:63.15277777777778, delay:0.5997740427652994, throughput:1566, violation_rate:0.0000, forceoff_rate:0.0000, violations:0, force_offs:0
SIM_TRAIN step:133, travel time:45.52456575682382, q_loss:39.4025, rewards:-6.768747965494792, queue:4.163888888888889, delay:0.29806270599365237, throughput:2002, violation_rate:0.0000, forceoff_rate:0.0000, violations:0, force_offs:0
sim step:3600/3600
episode:133/300, sim_loss:39.4025
SIM_TRAIN step:134, travel time:47.39960238568588, q_loss:40.991806, rewards:-8.14125230577257, queue:5.002777777777778, delay:0.3173709233601888, throughput:2002, violation_rate:0.0000, forceoff_rate:0.0000, violations:0, force_offs:0
sim step:3600/3600
episode:134/300, sim_loss:40.991806
SIM_TRAIN step:135, travel time:46.049726504226754, q_loss:41.690453, rewards:-6.646666802300347, queue:4.066666666666666, delay:0.29774884117974176, throughput:2001, violation_rate:0.0000, forceoff_rate:0.0000, violations:0, force_offs:0
sim step:3600/3600
episode:135/300, sim_loss:41.690453
REAL_TEST step:135, travel time:191.25406976744185, q_loss:100, rewards:-94.85791015625, queue:63.28333333333333, delay:0.5976991865370008, throughput:1631, violation_rate:0.0000, forceoff_rate:0.0000, violations:0, force_offs:0
SIM_TRAIN step:136, travel time:48.16907011437096, q_loss:40.08993, rewards:-7.678333875868056, queue:4.75, delay:0.31471792856852215, throughput:2000, violation_rate:0.0000, forceoff_rate:0.0000, violations:0, force_offs:0
sim step:3600/3600
episode:136/300, sim_loss:40.08993
SIM_TRAIN step:137, travel time:44.347588264545, q_loss:41.451572, rewards:-6.7387505425347225, queue:4.127777777777778, delay:0.29909778171115453, throughput:2001, violation_rate:0.0000, forceoff_rate:0.0000, violations:0, force_offs:0
sim step:3600/3600
episode:137/300, sim_loss:41.451572
SIM_TRAIN step:138, travel time:46.991053677932406, q_loss:44.627583, rewards:-7.355413818359375, queue:4.563888888888889, delay:0.3000851525200738, throughput:2001, violation_rate:0.0000, forceoff_rate:0.0000, violations:0, force_offs:0
sim step:3600/3600
episode:138/300, sim_loss:44.627583
REAL_TEST step:138, travel time:178.5137668424136, q_loss:100, rewards:-71.16792534722222, queue:47.46666666666667, delay:0.5919715457492405, throughput:1602, violation_rate:0.0000, forceoff_rate:0.0000, violations:0, force_offs:0
SIM_TRAIN step:139, travel time:46.01589667163438, q_loss:40.23055, rewards:-6.860834418402778, queue:4.177777777777778, delay:0.3103667789035373, throughput:2002, violation_rate:0.0000, forceoff_rate:0.0000, violations:0, force_offs:0
sim step:3600/3600
episode:139/300, sim_loss:40.23055
SIM_TRAIN step:140, travel time:44.74092491297862, q_loss:41.705357, rewards:-6.747085232204861, queue:4.1, delay:0.2952292760213216, throughput:2001, violation_rate:0.0000, forceoff_rate:0.0000, violations:0, force_offs:0
sim step:3600/3600
episode:140/300, sim_loss:41.705357
SIM_TRAIN step:141, travel time:45.470412729985085, q_loss:41.064384, rewards:-6.867499457465278, queue:4.152777777777778, delay:0.3123363282945421, throughput:2001, violation_rate:0.0000, forceoff_rate:0.0000, violations:0, force_offs:0
sim step:3600/3600
episode:141/300, sim_loss:41.064384
REAL_TEST step:141, travel time:198.31483715319663, q_loss:100, rewards:-94.62374131944445, queue:63.15277777777778, delay:0.5997740427652994, throughput:1566, violation_rate:0.0000, forceoff_rate:0.0000, violations:0, force_offs:0
SIM_TRAIN step:142, travel time:48.49453280318092, q_loss:40.583107, rewards:-7.4345818413628475, queue:4.591666666666667, delay:0.29193935394287107, throughput:2001, violation_rate:0.0000, forceoff_rate:0.0000, violations:0, force_offs:0
sim step:3600/3600
episode:142/300, sim_loss:40.583107
SIM_TRAIN step:143, travel time:45.32173048234709, q_loss:40.43719, rewards:-6.150415717230903, queue:3.691666666666667, delay:0.29600914849175347, throughput:2001, violation_rate:0.0000, forceoff_rate:0.0000, violations:0, force_offs:0
sim step:3600/3600
episode:143/300, sim_loss:40.43719
SIM_TRAIN step:144, travel time:44.036264282165924, q_loss:36.83773, rewards:-6.325002034505208, queue:3.8555555555555556, delay:0.29830565982394747, throughput:2002, violation_rate:0.0000, forceoff_rate:0.0000, violations:0, force_offs:0
sim step:3600/3600
episode:144/300, sim_loss:36.83773
REAL_TEST step:144, travel time:198.31483715319663, q_loss:100, rewards:-94.62374131944445, queue:63.15277777777778, delay:0.5997740427652994, throughput:1566, violation_rate:0.0000, forceoff_rate:0.0000, violations:0, force_offs:0
SIM_TRAIN step:145, travel time:47.0, q_loss:37.578033, rewards:-6.9891676161024305, queue:4.319444444444445, delay:0.3104325612386068, throughput:2001, violation_rate:0.0000, forceoff_rate:0.0000, violations:0, force_offs:0
sim step:3600/3600
episode:145/300, sim_loss:37.578033
SIM_TRAIN step:146, travel time:45.3460964694182, q_loss:35.964603, rewards:-6.750000678168403, queue:4.15, delay:0.3021726820203993, throughput:2002, violation_rate:0.0000, forceoff_rate:0.0000, violations:0, force_offs:0
sim step:3600/3600
episode:146/300, sim_loss:35.964603
SIM_TRAIN step:147, travel time:45.06159960258321, q_loss:36.897907, rewards:-6.8245849609375, queue:4.188888888888889, delay:0.3054626888699002, throughput:1996, violation_rate:0.0000, forceoff_rate:0.0000, violations:0, force_offs:0
sim step:3600/3600
episode:147/300, sim_loss:36.897907
REAL_TEST step:147, travel time:193.09987893462468, q_loss:100, rewards:-91.98333333333333, queue:61.361111111111114, delay:0.583347659640842, throughput:1561, violation_rate:0.0000, forceoff_rate:0.0000, violations:0, force_offs:0
SIM_TRAIN step:148, travel time:44.4808552958727, q_loss:35.405193, rewards:-6.525833468967014, queue:3.8944444444444444, delay:0.3035672081841363, throughput:1999, violation_rate:0.0000, forceoff_rate:0.0000, violations:0, force_offs:0
sim step:3600/3600
episode:148/300, sim_loss:35.405193
SIM_TRAIN step:149, travel time:45.392945851962246, q_loss:36.784935, rewards:-6.766248236762153, queue:4.169444444444444, delay:0.3065273708767361, throughput:2003, violation_rate:0.0000, forceoff_rate:0.0000, violations:0, force_offs:0
sim step:3600/3600
episode:149/300, sim_loss:36.784935
SIM_TRAIN step:150, travel time:46.763301839880654, q_loss:36.4294, rewards:-7.59375, queue:4.647222222222222, delay:0.3060816446940104, throughput:2001, violation_rate:0.0000, forceoff_rate:0.0000, violations:0, force_offs:0
sim step:3600/3600
episode:150/300, sim_loss:36.4294
REAL_TEST step:150, travel time:195.70409882088714, q_loss:100, rewards:-110.33375651041666, queue:73.59444444444445, delay:0.6145592583550348, throughput:1693, violation_rate:0.0000, forceoff_rate:0.0000, violations:0, force_offs:0
SIM_TRAIN step:151, travel time:45.96419691695674, q_loss:37.046745, rewards:-7.129165988498264, queue:4.316666666666666, delay:0.3037608676486545, throughput:1995, violation_rate:0.0000, forceoff_rate:0.0000, violations:0, force_offs:0
sim step:3600/3600
episode:151/300, sim_loss:37.046745
SIM_TRAIN step:152, travel time:45.06563898557931, q_loss:38.35425, rewards:-6.805417887369791, queue:4.161111111111111, delay:0.29734827677408854, throughput:2001, violation_rate:0.0000, forceoff_rate:0.0000, violations:0, force_offs:0
sim step:3600/3600
episode:152/300, sim_loss:38.35425
SIM_TRAIN step:153, travel time:45.14470412729985, q_loss:39.881958, rewards:-6.758747694227431, queue:4.1194444444444445, delay:0.30062404208713106, throughput:1996, violation_rate:0.0000, forceoff_rate:0.0000, violations:0, force_offs:0
sim step:3600/3600
episode:153/300, sim_loss:39.881958
REAL_TEST step:153, travel time:198.31483715319663, q_loss:100, rewards:-94.62374131944445, queue:63.15277777777778, delay:0.5997740427652994, throughput:1566, violation_rate:0.0000, forceoff_rate:0.0000, violations:0, force_offs:0
SIM_TRAIN step:154, travel time:46.95773247140726, q_loss:38.335415, rewards:-7.506666395399305, queue:4.658333333333333, delay:0.3077707078721788, throughput:1996, violation_rate:0.0000, forceoff_rate:0.0000, violations:0, force_offs:0
sim step:3600/3600
episode:154/300, sim_loss:38.335415
SIM_TRAIN step:155, travel time:44.46295375435107, q_loss:37.28622, rewards:-6.431667073567708, queue:3.8833333333333333, delay:0.2958457522922092, throughput:1995, violation_rate:0.0000, forceoff_rate:0.0000, violations:0, force_offs:0
sim step:3600/3600
episode:155/300, sim_loss:37.28622
SIM_TRAIN step:156, travel time:43.60288270377733, q_loss:38.430157, rewards:-5.699582926432291, queue:3.4722222222222223, delay:0.28563668992784286, throughput:2002, violation_rate:0.0000, forceoff_rate:0.0000, violations:0, force_offs:0
sim step:3600/3600
episode:156/300, sim_loss:38.430157
REAL_TEST step:156, travel time:197.63278886872354, q_loss:100, rewards:-93.76460503472222, queue:62.55833333333333, delay:0.5985989040798612, throughput:1561, violation_rate:0.0000, forceoff_rate:0.0000, violations:0, force_offs:0
SIM_TRAIN step:157, travel time:44.36214605067064, q_loss:39.337723, rewards:-6.378750271267361, queue:3.8777777777777778, delay:0.29940467410617405, throughput:2003, violation_rate:0.0000, forceoff_rate:0.0000, violations:0, force_offs:0
sim step:3600/3600
episode:157/300, sim_loss:39.337723
SIM_TRAIN step:158, travel time:45.78230616302187, q_loss:39.23146, rewards:-6.784583197699653, queue:4.133333333333334, delay:0.3013680564032661, throughput:2001, violation_rate:0.0000, forceoff_rate:0.0000, violations:0, force_offs:0
sim step:3600/3600
episode:158/300, sim_loss:39.23146
SIM_TRAIN step:159, travel time:45.98657384385878, q_loss:40.958214, rewards:-6.653331163194444, queue:4.122222222222222, delay:0.2870985878838433, throughput:2001, violation_rate:0.0000, forceoff_rate:0.0000, violations:0, force_offs:0
sim step:3600/3600
episode:159/300, sim_loss:40.958214
REAL_TEST step:159, travel time:196.74348089751365, q_loss:100, rewards:-92.88207465277777, queue:61.99722222222222, delay:0.5937819163004557, throughput:1557, violation_rate:0.0000, forceoff_rate:0.0000, violations:0, force_offs:0
SIM_TRAIN step:160, travel time:47.92005958291956, q_loss:41.406067, rewards:-7.679996066623264, queue:4.769444444444445, delay:0.3166945563422309, throughput:2001, violation_rate:0.0000, forceoff_rate:0.0000, violations:0, force_offs:0
sim step:3600/3600
episode:160/300, sim_loss:41.406067
SIM_TRAIN step:161, travel time:45.63021868787276, q_loss:38.787594, rewards:-6.686251491970486, queue:4.019444444444445, delay:0.29343410068088105, throughput:2001, violation_rate:0.0000, forceoff_rate:0.0000, violations:0, force_offs:0
sim step:3600/3600
episode:161/300, sim_loss:38.787594
SIM_TRAIN step:162, travel time:45.32869219293884, q_loss:40.654026, rewards:-6.9808336046006945, queue:4.266666666666667, delay:0.2922630098130968, throughput:2001, violation_rate:0.0000, forceoff_rate:0.0000, violations:0, force_offs:0
sim step:3600/3600
episode:162/300, sim_loss:40.654026
REAL_TEST step:162, travel time:194.61127956337174, q_loss:100, rewards:-92.11791449652777, queue:61.480555555555554, delay:0.5830560472276476, throughput:1557, violation_rate:0.0000, forceoff_rate:0.0000, violations:0, force_offs:0
SIM_TRAIN step:163, travel time:45.09845847836897, q_loss:37.713108, rewards:-6.602915445963542, queue:4.052777777777778, delay:0.3037844763861762, throughput:1994, violation_rate:0.0000, forceoff_rate:0.0000, violations:0, force_offs:0
sim step:3600/3600
episode:163/300, sim_loss:37.713108
SIM_TRAIN step:164, travel time:43.83118172790467, q_loss:35.677578, rewards:-6.389168972439236, queue:3.875, delay:0.2907582812839084, throughput:2002, violation_rate:0.0000, forceoff_rate:0.0000, violations:0, force_offs:0
sim step:3600/3600
episode:164/300, sim_loss:35.677578
SIM_TRAIN step:165, travel time:47.01489572989077, q_loss:37.44259, rewards:-6.802085367838542, queue:4.205555555555556, delay:0.2941696590847439, throughput:2001, violation_rate:0.0000, forceoff_rate:0.0000, violations:0, force_offs:0
sim step:3600/3600
episode:165/300, sim_loss:37.44259
REAL_TEST step:165, travel time:184.54052369077306, q_loss:100, rewards:-79.32624240451389, queue:52.92777777777778, delay:0.5942539215087891, throughput:1524, violation_rate:0.0000, forceoff_rate:0.0000, violations:0, force_offs:0
SIM_TRAIN step:166, travel time:43.837140019860975, q_loss:35.837418, rewards:-6.077919514973958, queue:3.672222222222222, delay:0.28305704328748915, throughput:2001, violation_rate:0.0000, forceoff_rate:0.0000, violations:0, force_offs:0
sim step:3600/3600
episode:166/300, sim_loss:35.837418
SIM_TRAIN step:167, travel time:45.07504970178926, q_loss:38.31273, rewards:-6.751666259765625, queue:4.091666666666667, delay:0.30646985371907554, throughput:2002, violation_rate:0.0000, forceoff_rate:0.0000, violations:0, force_offs:0
sim step:3600/3600
episode:167/300, sim_loss:38.31273
SIM_TRAIN step:168, travel time:48.88276204669647, q_loss:39.26155, rewards:-7.743747965494792, queue:4.802777777777778, delay:0.30316410064697263, throughput:2002, violation_rate:0.0000, forceoff_rate:0.0000, violations:0, force_offs:0
sim step:3600/3600
episode:168/300, sim_loss:39.26155
REAL_TEST step:168, travel time:196.61673741661613, q_loss:100, rewards:-92.75665147569444, queue:61.891666666666666, delay:0.5927852630615235, throughput:1557, violation_rate:0.0000, forceoff_rate:0.0000, violations:0, force_offs:0
SIM_TRAIN step:169, travel time:44.383888612630535, q_loss:39.93821, rewards:-6.159586588541667, queue:3.7111111111111112, delay:0.29021085103352867, throughput:2000, violation_rate:0.0000, forceoff_rate:0.0000, violations:0, force_offs:0
sim step:3600/3600
episode:169/300, sim_loss:39.93821
SIM_TRAIN step:170, travel time:45.55168986083499, q_loss:41.589153, rewards:-6.667084418402778, queue:4.083333333333333, delay:0.29559126959906684, throughput:2001, violation_rate:0.0000, forceoff_rate:0.0000, violations:0, force_offs:0
sim step:3600/3600
episode:170/300, sim_loss:41.589153
SIM_TRAIN step:171, travel time:44.5022376926902, q_loss:37.51859, rewards:-6.228748914930556, queue:3.772222222222222, delay:0.2868413289388021, throughput:2001, violation_rate:0.0000, forceoff_rate:0.0000, violations:0, force_offs:0
sim step:3600/3600
episode:171/300, sim_loss:37.51859
REAL_TEST step:171, travel time:185.98805460750853, q_loss:100, rewards:-70.2662380642361, queue:46.84444444444444, delay:0.590815183851454, throughput:1691, violation_rate:0.0000, forceoff_rate:0.0000, violations:0, force_offs:0
SIM_TRAIN step:172, travel time:45.314612326043736, q_loss:36.358513, rewards:-6.543747287326389, queue:4.019444444444445, delay:0.2907178454928928, throughput:2001, violation_rate:0.0000, forceoff_rate:0.0000, violations:0, force_offs:0
sim step:3600/3600
episode:172/300, sim_loss:36.358513
SIM_TRAIN step:173, travel time:45.192441571357534, q_loss:39.482273, rewards:-6.431247287326389, queue:3.936111111111111, delay:0.29735694461398654, throughput:1997, violation_rate:0.0000, forceoff_rate:0.0000, violations:0, force_offs:0
sim step:3600/3600
episode:173/300, sim_loss:39.482273
SIM_TRAIN step:174, travel time:46.03874813710879, q_loss:40.79027, rewards:-7.113334147135417, queue:4.3277777777777775, delay:0.30693834092881944, throughput:2001, violation_rate:0.0000, forceoff_rate:0.0000, violations:0, force_offs:0
sim step:3600/3600
episode:174/300, sim_loss:40.79027
REAL_TEST step:174, travel time:195.27449822904367, q_loss:100, rewards:-71.83626302083333, queue:47.90833333333333, delay:0.5891972011990018, throughput:1601, violation_rate:0.0000, forceoff_rate:0.0000, violations:0, force_offs:0
SIM_TRAIN step:175, travel time:45.52085402184707, q_loss:38.662674, rewards:-6.781249321831597, queue:4.133333333333334, delay:0.300431760152181, throughput:2001, violation_rate:0.0000, forceoff_rate:0.0000, violations:0, force_offs:0
sim step:3600/3600
episode:175/300, sim_loss:38.662674
SIM_TRAIN step:176, travel time:44.52210630899155, q_loss:40.181973, rewards:-5.964999050564236, queue:3.6222222222222222, delay:0.28726954989963105, throughput:2002, violation_rate:0.0000, forceoff_rate:0.0000, violations:0, force_offs:0
sim step:3600/3600
episode:176/300, sim_loss:40.181973
SIM_TRAIN step:177, travel time:45.59741550695825, q_loss:41.74843, rewards:-6.281666395399306, queue:3.7694444444444444, delay:0.28468829260932077, throughput:2001, violation_rate:0.0000, forceoff_rate:0.0000, violations:0, force_offs:0
sim step:3600/3600
episode:177/300, sim_loss:41.74843
REAL_TEST step:177, travel time:197.63278886872354, q_loss:100, rewards:-93.76460503472222, queue:62.55833333333333, delay:0.5985989040798612, throughput:1561, violation_rate:0.0000, forceoff_rate:0.0000, violations:0, force_offs:0
SIM_TRAIN step:178, travel time:45.921929388364, q_loss:39.98677, rewards:-6.998748779296875, queue:4.263888888888889, delay:0.293381479051378, throughput:2001, violation_rate:0.0000, forceoff_rate:0.0000, violations:0, force_offs:0
sim step:3600/3600
episode:178/300, sim_loss:39.98677
SIM_TRAIN step:179, travel time:44.51466931874689, q_loss:41.69683, rewards:-6.040000406901042, queue:3.625, delay:0.2848679860432943, throughput:1999, violation_rate:0.0000, forceoff_rate:0.0000, violations:0, force_offs:0
sim step:3600/3600
episode:179/300, sim_loss:41.69683
SIM_TRAIN step:180, travel time:45.36530815109344, q_loss:42.54844, rewards:-7.192083740234375, queue:4.427777777777778, delay:0.3051136016845703, throughput:2001, violation_rate:0.0000, forceoff_rate:0.0000, violations:0, force_offs:0
sim step:3600/3600
episode:180/300, sim_loss:42.54844
REAL_TEST step:180, travel time:188.63318025258323, q_loss:100, rewards:-70.63082682291666, queue:47.09166666666667, delay:0.5880377875434027, throughput:1667, violation_rate:0.0000, forceoff_rate:0.0000, violations:0, force_offs:0
SIM_TRAIN step:181, travel time:47.05114200595829, q_loss:39.75473, rewards:-6.652916802300347, queue:4.0472222222222225, delay:0.29057078891330296, throughput:2001, violation_rate:0.0000, forceoff_rate:0.0000, violations:0, force_offs:0
sim step:3600/3600
episode:181/300, sim_loss:39.75473
SIM_TRAIN step:182, travel time:44.87773359840954, q_loss:36.974976, rewards:-6.374997965494791, queue:3.8722222222222222, delay:0.2897338443332248, throughput:2002, violation_rate:0.0000, forceoff_rate:0.0000, violations:0, force_offs:0
sim step:3600/3600
episode:182/300, sim_loss:36.974976
SIM_TRAIN step:183, travel time:46.89308801591248, q_loss:38.52386, rewards:-7.435415988498264, queue:4.611111111111111, delay:0.3033057106865777, throughput:1999, violation_rate:0.0000, forceoff_rate:0.0000, violations:0, force_offs:0
sim step:3600/3600
episode:183/300, sim_loss:38.52386
REAL_TEST step:183, travel time:170.33470346447444, q_loss:100, rewards:-70.59001736111111, queue:47.07222222222222, delay:0.590412606133355, throughput:1613, violation_rate:0.0000, forceoff_rate:0.0000, violations:0, force_offs:0
SIM_TRAIN step:184, travel time:46.12531079065142, q_loss:38.406364, rewards:-6.838331434461805, queue:4.169444444444444, delay:0.3054657194349501, throughput:2001, violation_rate:0.0000, forceoff_rate:0.0000, violations:0, force_offs:0
sim step:3600/3600
episode:184/300, sim_loss:38.406364
SIM_TRAIN step:185, travel time:45.39065606361829, q_loss:40.67246, rewards:-6.600833468967014, queue:4.011111111111111, delay:0.2956901338365343, throughput:2001, violation_rate:0.0000, forceoff_rate:0.0000, violations:0, force_offs:0
sim step:3600/3600
episode:185/300, sim_loss:40.67246
SIM_TRAIN step:186, travel time:46.98858560794044, q_loss:38.96231, rewards:-6.903335910373264, queue:4.258333333333334, delay:0.2968669255574544, throughput:2001, violation_rate:0.0000, forceoff_rate:0.0000, violations:0, force_offs:0
sim step:3600/3600
episode:186/300, sim_loss:38.96231
REAL_TEST step:186, travel time:186.49059829059829, q_loss:100, rewards:-70.39915907118055, queue:46.952777777777776, delay:0.5878022511800131, throughput:1686, violation_rate:0.0000, forceoff_rate:0.0000, violations:0, force_offs:0
SIM_TRAIN step:187, travel time:45.28145201392342, q_loss:41.318924, rewards:-6.4549981011284725, queue:3.977777777777778, delay:0.296160528394911, throughput:2001, violation_rate:0.0000, forceoff_rate:0.0000, violations:0, force_offs:0
sim step:3600/3600
episode:187/300, sim_loss:41.318924
SIM_TRAIN step:188, travel time:46.044687189672295, q_loss:37.645023, rewards:-7.36083509657118, queue:4.497222222222222, delay:0.3105277591281467, throughput:2002, violation_rate:0.0000, forceoff_rate:0.0000, violations:0, force_offs:0
sim step:3600/3600
episode:188/300, sim_loss:37.645023
SIM_TRAIN step:189, travel time:44.25844930417495, q_loss:41.676525, rewards:-6.161249457465278, queue:3.7111111111111112, delay:0.2916069878472222, throughput:2001, violation_rate:0.0000, forceoff_rate:0.0000, violations:0, force_offs:0
sim step:3600/3600
episode:189/300, sim_loss:41.676525
REAL_TEST step:189, travel time:170.8135898977751, q_loss:100, rewards:-68.60957573784722, queue:45.76111111111111, delay:0.5327652825249566, throughput:1586, violation_rate:0.0000, forceoff_rate:0.0000, violations:0, force_offs:0
SIM_TRAIN step:190, travel time:46.75546719681908, q_loss:43.07582, rewards:-7.059166802300347, queue:4.2972222222222225, delay:0.3015456305609809, throughput:2001, violation_rate:0.0000, forceoff_rate:0.0000, violations:0, force_offs:0
sim step:3600/3600
episode:190/300, sim_loss:43.07582
SIM_TRAIN step:191, travel time:44.747765640516384, q_loss:43.636356, rewards:-6.339166937934028, queue:3.85, delay:0.30342093573676215, throughput:2001, violation_rate:0.0000, forceoff_rate:0.0000, violations:0, force_offs:0
sim step:3600/3600
episode:191/300, sim_loss:43.636356
SIM_TRAIN step:192, travel time:46.45698657384386, q_loss:41.63277, rewards:-7.038334147135417, queue:4.266666666666667, delay:0.30184417300754124, throughput:2002, violation_rate:0.0000, forceoff_rate:0.0000, violations:0, force_offs:0
sim step:3600/3600
episode:192/300, sim_loss:41.63277
REAL_TEST step:192, travel time:180.66112759643917, q_loss:100, rewards:-70.92208116319445, queue:47.28611111111111, delay:0.5937803904215495, throughput:1596, violation_rate:0.0000, forceoff_rate:0.0000, violations:0, force_offs:0
SIM_TRAIN step:193, travel time:45.31725509696668, q_loss:39.247883, rewards:-6.676666937934028, queue:4.105555555555555, delay:0.29796051449245875, throughput:1999, violation_rate:0.0000, forceoff_rate:0.0000, violations:0, force_offs:0
sim step:3600/3600
episode:193/300, sim_loss:39.247883
SIM_TRAIN step:194, travel time:45.920556107249254, q_loss:38.82474, rewards:-6.837497965494792, queue:4.188888888888889, delay:0.30302293565538196, throughput:2001, violation_rate:0.0000, forceoff_rate:0.0000, violations:0, force_offs:0
sim step:3600/3600
episode:194/300, sim_loss:38.82474
SIM_TRAIN step:195, travel time:45.3276976628543, q_loss:38.01687, rewards:-6.675831434461806, queue:4.1, delay:0.30055084228515627, throughput:2001, violation_rate:0.0000, forceoff_rate:0.0000, violations:0, force_offs:0
sim step:3600/3600
episode:195/300, sim_loss:38.01687
REAL_TEST step:195, travel time:190.01096364685517, q_loss:100, rewards:-71.14582790798612, queue:47.45, delay:0.5871541341145833, throughput:1637, violation_rate:0.0000, forceoff_rate:0.0000, violations:0, force_offs:0
SIM_TRAIN step:196, travel time:44.590457256461235, q_loss:38.732357, rewards:-6.387915717230903, queue:3.941666666666667, delay:0.2935329437255859, throughput:2000, violation_rate:0.0000, forceoff_rate:0.0000, violations:0, force_offs:0
sim step:3600/3600
episode:196/300, sim_loss:38.732357
SIM_TRAIN step:197, travel time:45.74540029835902, q_loss:40.882637, rewards:-6.6958326551649305, queue:4.030555555555556, delay:0.3006267335679796, throughput:1997, violation_rate:0.0000, forceoff_rate:0.0000, violations:0, force_offs:0
sim step:3600/3600
episode:197/300, sim_loss:40.882637
SIM_TRAIN step:198, travel time:44.958768007948336, q_loss:41.061836, rewards:-6.448748101128472, queue:3.9305555555555554, delay:0.300549930996365, throughput:2002, violation_rate:0.0000, forceoff_rate:0.0000, violations:0, force_offs:0
sim step:3600/3600
episode:198/300, sim_loss:41.061836
REAL_TEST step:198, travel time:192.04947613504075, q_loss:100, rewards:-71.44833984375, queue:47.65, delay:0.5885413275824652, throughput:1615, violation_rate:0.0000, forceoff_rate:0.0000, violations:0, force_offs:0
SIM_TRAIN step:199, travel time:46.7277694982613, q_loss:41.34644, rewards:-7.092917209201389, queue:4.416666666666667, delay:0.302162594265408, throughput:2003, violation_rate:0.0000, forceoff_rate:0.0000, violations:0, force_offs:0
sim step:3600/3600
episode:199/300, sim_loss:41.34644
SIM_TRAIN step:200, travel time:45.31974142217802, q_loss:39.14362, rewards:-6.326249186197916, queue:3.8027777777777776, delay:0.2889405780368381, throughput:2000, violation_rate:0.0000, forceoff_rate:0.0000, violations:0, force_offs:0
sim step:3600/3600
episode:200/300, sim_loss:39.14362
SIM_TRAIN step:201, travel time:47.187375745526836, q_loss:38.43152, rewards:-7.568745252821181, queue:4.694444444444445, delay:0.29897270202636717, throughput:2002, violation_rate:0.0000, forceoff_rate:0.0000, violations:0, force_offs:0
sim step:3600/3600
episode:201/300, sim_loss:38.43152
REAL_TEST step:201, travel time:189.6804835924007, q_loss:100, rewards:-71.07125108506945, queue:47.397222222222226, delay:0.590967517428928, throughput:1653, violation_rate:0.0000, forceoff_rate:0.0000, violations:0, force_offs:0
SIM_TRAIN step:202, travel time:43.97961213326703, q_loss:40.2296, rewards:-6.3954149034288195, queue:3.886111111111111, delay:0.28925132751464844, throughput:1997, violation_rate:0.0000, forceoff_rate:0.0000, violations:0, force_offs:0
sim step:3600/3600
episode:202/300, sim_loss:40.2296
SIM_TRAIN step:203, travel time:44.52683896620278, q_loss:40.106075, rewards:-6.775832790798611, queue:4.186111111111111, delay:0.29277013142903646, throughput:2002, violation_rate:0.0000, forceoff_rate:0.0000, violations:0, force_offs:0
sim step:3600/3600
episode:203/300, sim_loss:40.106075
SIM_TRAIN step:204, travel time:44.690701143709596, q_loss:39.159153, rewards:-6.647085232204861, queue:4.088888888888889, delay:0.2999992794460721, throughput:2000, violation_rate:0.0000, forceoff_rate:0.0000, violations:0, force_offs:0
sim step:3600/3600
episode:204/300, sim_loss:39.159153
REAL_TEST step:204, travel time:174.7548794489093, q_loss:100, rewards:-70.29126519097223, queue:46.86944444444445, delay:0.5924374474419488, throughput:1654, violation_rate:0.0000, forceoff_rate:0.0000, violations:0, force_offs:0
SIM_TRAIN step:205, travel time:45.507203179334326, q_loss:37.11252, rewards:-6.390833875868055, queue:3.9138888888888888, delay:0.29275805155436196, throughput:2002, violation_rate:0.0000, forceoff_rate:0.0000, violations:0, force_offs:0
sim step:3600/3600
episode:205/300, sim_loss:37.11252
SIM_TRAIN step:206, travel time:47.60616608652412, q_loss:37.16661, rewards:-7.647915310329861, queue:4.786111111111111, delay:0.30235750410291884, throughput:2000, violation_rate:0.0000, forceoff_rate:0.0000, violations:0, force_offs:0
sim step:3600/3600
episode:206/300, sim_loss:37.16661
SIM_TRAIN step:207, travel time:46.755345599204375, q_loss:41.97389, rewards:-7.154582383897569, queue:4.386111111111111, delay:0.2900446573893229, throughput:1998, violation_rate:0.0000, forceoff_rate:0.0000, violations:0, force_offs:0
sim step:3600/3600
episode:207/300, sim_loss:41.97389
REAL_TEST step:207, travel time:182.55748502994012, q_loss:100, rewards:-71.14916449652777, queue:47.43055555555556, delay:0.5943492041693793, throughput:1585, violation_rate:0.0000, forceoff_rate:0.0000, violations:0, force_offs:0
SIM_TRAIN step:208, travel time:47.71755345599205, q_loss:44.390484, rewards:-6.967915174696181, queue:4.238888888888889, delay:0.28831185234917533, throughput:2002, violation_rate:0.0000, forceoff_rate:0.0000, violations:0, force_offs:0
sim step:3600/3600
episode:208/300, sim_loss:44.390484
SIM_TRAIN step:209, travel time:44.52809547488812, q_loss:40.81457, rewards:-6.367083740234375, queue:3.8555555555555556, delay:0.2907328923543294, throughput:2001, violation_rate:0.0000, forceoff_rate:0.0000, violations:0, force_offs:0
sim step:3600/3600
episode:209/300, sim_loss:40.81457
SIM_TRAIN step:210, travel time:43.40357852882704, q_loss:39.325134, rewards:-6.018333604600694, queue:3.647222222222222, delay:0.2790743721856011, throughput:2001, violation_rate:0.0000, forceoff_rate:0.0000, violations:0, force_offs:0
sim step:3600/3600
episode:210/300, sim_loss:39.325134
REAL_TEST step:210, travel time:190.3350938967136, q_loss:100, rewards:-93.84497612847223, queue:62.611111111111114, delay:0.5980520884195963, throughput:1614, violation_rate:0.0000, forceoff_rate:0.0000, violations:0, force_offs:0
SIM_TRAIN step:211, travel time:47.58975634012929, q_loss:42.803547, rewards:-7.294579399956597, queue:4.45, delay:0.30367579989963106, throughput:2001, violation_rate:0.0000, forceoff_rate:0.0000, violations:0, force_offs:0
sim step:3600/3600
episode:211/300, sim_loss:42.803547
SIM_TRAIN step:212, travel time:44.50969666832422, q_loss:39.239624, rewards:-6.49708251953125, queue:3.963888888888889, delay:0.2936236063639323, throughput:2001, violation_rate:0.0000, forceoff_rate:0.0000, violations:0, force_offs:0
sim step:3600/3600
episode:212/300, sim_loss:39.239624
SIM_TRAIN step:213, travel time:43.95325708602685, q_loss:38.85282, rewards:-6.102916124131944, queue:3.6777777777777776, delay:0.2893181059095595, throughput:2001, violation_rate:0.0000, forceoff_rate:0.0000, violations:0, force_offs:0
sim step:3600/3600
episode:213/300, sim_loss:38.85282
REAL_TEST step:213, travel time:199.28113879003558, q_loss:100, rewards:-96.53748914930556, queue:64.39722222222223, delay:0.610411622789171, throughput:1595, violation_rate:0.0000, forceoff_rate:0.0000, violations:0, force_offs:0
SIM_TRAIN step:214, travel time:44.33416210840378, q_loss:37.914734, rewards:-6.025832790798611, queue:3.6, delay:0.293444569905599, throughput:1998, violation_rate:0.0000, forceoff_rate:0.0000, violations:0, force_offs:0
sim step:3600/3600
episode:214/300, sim_loss:37.914734
SIM_TRAIN step:215, travel time:44.88562904027847, q_loss:40.104713, rewards:-6.55291748046875, queue:3.9722222222222223, delay:0.29229369693332247, throughput:2001, violation_rate:0.0000, forceoff_rate:0.0000, violations:0, force_offs:0
sim step:3600/3600
episode:215/300, sim_loss:40.104713
SIM_TRAIN step:216, travel time:45.118231495280675, q_loss:36.29255, rewards:-6.348748101128472, queue:3.8583333333333334, delay:0.29970402187771267, throughput:2002, violation_rate:0.0000, forceoff_rate:0.0000, violations:0, force_offs:0
sim step:3600/3600
episode:216/300, sim_loss:36.29255
REAL_TEST step:216, travel time:200.5336787564767, q_loss:100, rewards:-102.89832899305556, queue:68.66666666666667, delay:0.6059662289089627, throughput:1648, violation_rate:0.0000, forceoff_rate:0.0000, violations:0, force_offs:0
SIM_TRAIN step:217, travel time:44.52909000497265, q_loss:38.022793, rewards:-6.324167209201389, queue:3.8333333333333335, delay:0.2862622578938802, throughput:1996, violation_rate:0.0000, forceoff_rate:0.0000, violations:0, force_offs:0
sim step:3600/3600
episode:217/300, sim_loss:38.022793
SIM_TRAIN step:218, travel time:44.47938400397417, q_loss:38.735363, rewards:-6.194166395399305, queue:3.7416666666666667, delay:0.2903585433959961, throughput:2002, violation_rate:0.0000, forceoff_rate:0.0000, violations:0, force_offs:0
sim step:3600/3600
episode:218/300, sim_loss:38.735363
SIM_TRAIN step:219, travel time:44.54400795624068, q_loss:38.794796, rewards:-6.396251085069444, queue:3.922222222222222, delay:0.294640138414171, throughput:2000, violation_rate:0.0000, forceoff_rate:0.0000, violations:0, force_offs:0
sim step:3600/3600
episode:219/300, sim_loss:38.794796
REAL_TEST step:219, travel time:185.52616609783846, q_loss:100, rewards:-70.50123697916666, queue:47.01111111111111, delay:0.5895873175726997, throughput:1708, violation_rate:0.0000, forceoff_rate:0.0000, violations:0, force_offs:0
SIM_TRAIN step:220, travel time:46.95183714001986, q_loss:38.517426, rewards:-6.755000813802083, queue:4.030555555555556, delay:0.29373192257351344, throughput:2001, violation_rate:0.0000, forceoff_rate:0.0000, violations:0, force_offs:0
sim step:3600/3600
episode:220/300, sim_loss:38.517426
SIM_TRAIN step:221, travel time:45.507707608155144, q_loss:35.956944, rewards:-6.992496744791667, queue:4.313888888888889, delay:0.29803004794650606, throughput:2000, violation_rate:0.0000, forceoff_rate:0.0000, violations:0, force_offs:0
sim step:3600/3600
episode:221/300, sim_loss:35.956944
SIM_TRAIN step:222, travel time:45.08490566037736, q_loss:36.723778, rewards:-6.872915988498264, queue:4.177777777777778, delay:0.30402240753173826, throughput:2001, violation_rate:0.0000, forceoff_rate:0.0000, violations:0, force_offs:0
sim step:3600/3600
episode:222/300, sim_loss:36.723778
REAL_TEST step:222, travel time:192.71315468940315, q_loss:100, rewards:-91.00626627604167, queue:60.71388888888889, delay:0.5900314331054688, throughput:1552, violation_rate:0.0000, forceoff_rate:0.0000, violations:0, force_offs:0
SIM_TRAIN step:223, travel time:43.27308838133069, q_loss:37.90243, rewards:-5.792502170138889, queue:3.452777777777778, delay:0.28888943990071614, throughput:2001, violation_rate:0.0000, forceoff_rate:0.0000, violations:0, force_offs:0
sim step:3600/3600
episode:223/300, sim_loss:37.90243
SIM_TRAIN step:224, travel time:44.64349553128103, q_loss:37.95996, rewards:-6.378331841362847, queue:3.8472222222222223, delay:0.2990029864841037, throughput:2002, violation_rate:0.0000, forceoff_rate:0.0000, violations:0, force_offs:0
sim step:3600/3600
episode:224/300, sim_loss:37.95996
SIM_TRAIN step:225, travel time:46.690701143709596, q_loss:39.266922, rewards:-7.080415852864584, queue:4.347222222222222, delay:0.29740255143907335, throughput:2001, violation_rate:0.0000, forceoff_rate:0.0000, violations:0, force_offs:0
sim step:3600/3600
episode:225/300, sim_loss:39.266922
REAL_TEST step:225, travel time:192.71315468940315, q_loss:100, rewards:-91.00626627604167, queue:60.71388888888889, delay:0.5900314331054688, throughput:1552, violation_rate:0.0000, forceoff_rate:0.0000, violations:0, force_offs:0
SIM_TRAIN step:226, travel time:46.25198807157058, q_loss:40.238335, rewards:-6.802082655164931, queue:4.1722222222222225, delay:0.29342146979437933, throughput:2001, violation_rate:0.0000, forceoff_rate:0.0000, violations:0, force_offs:0
sim step:3600/3600
episode:226/300, sim_loss:40.238335
SIM_TRAIN step:227, travel time:44.0824230387289, q_loss:40.089634, rewards:-6.275830756293403, queue:3.8305555555555557, delay:0.2900411393907335, throughput:2002, violation_rate:0.0000, forceoff_rate:0.0000, violations:0, force_offs:0
sim step:3600/3600
episode:227/300, sim_loss:40.089634
SIM_TRAIN step:228, travel time:44.937344604674294, q_loss:38.84033, rewards:-6.48541734483507, queue:3.9555555555555557, delay:0.28719255659315324, throughput:2001, violation_rate:0.0000, forceoff_rate:0.0000, violations:0, force_offs:0
sim step:3600/3600
episode:228/300, sim_loss:38.84033
REAL_TEST step:228, travel time:185.20462232243517, q_loss:100, rewards:-70.675830078125, queue:47.138888888888886, delay:0.5920783996582031, throughput:1701, violation_rate:0.0000, forceoff_rate:0.0000, violations:0, force_offs:0
SIM_TRAIN step:229, travel time:44.93300248138958, q_loss:40.57132, rewards:-6.711250135633681, queue:4.072222222222222, delay:0.29552268981933594, throughput:2003, violation_rate:0.0000, forceoff_rate:0.0000, violations:0, force_offs:0
sim step:3600/3600
episode:229/300, sim_loss:40.57132
SIM_TRAIN step:230, travel time:44.83192441571357, q_loss:38.51027, rewards:-6.727915445963542, queue:4.088888888888889, delay:0.29928239186604816, throughput:2001, violation_rate:0.0000, forceoff_rate:0.0000, violations:0, force_offs:0
sim step:3600/3600
episode:230/300, sim_loss:38.51027
SIM_TRAIN step:231, travel time:44.8100447538538, q_loss:40.081593, rewards:-6.3258348253038195, queue:3.8027777777777776, delay:0.3048436482747396, throughput:2000, violation_rate:0.0000, forceoff_rate:0.0000, violations:0, force_offs:0
sim step:3600/3600
episode:231/300, sim_loss:40.081593
REAL_TEST step:231, travel time:194.61863425925927, q_loss:100, rewards:-71.37709418402778, queue:47.61388888888889, delay:0.5928186628553602, throughput:1630, violation_rate:0.0000, forceoff_rate:0.0000, violations:0, force_offs:0
SIM_TRAIN step:232, travel time:47.24266534062655, q_loss:39.25425, rewards:-7.092915852864583, queue:4.377777777777778, delay:0.2938442866007487, throughput:2001, violation_rate:0.0000, forceoff_rate:0.0000, violations:0, force_offs:0
sim step:3600/3600
episode:232/300, sim_loss:39.25425
SIM_TRAIN step:233, travel time:47.79483358171883, q_loss:40.476482, rewards:-7.6641655815972225, queue:4.7555555555555555, delay:0.3057411617702908, throughput:2003, violation_rate:0.0000, forceoff_rate:0.0000, violations:0, force_offs:0
sim step:3600/3600
episode:233/300, sim_loss:40.476482
SIM_TRAIN step:234, travel time:43.02436598707111, q_loss:41.097298, rewards:-5.822917344835069, queue:3.513888888888889, delay:0.2973811891343858, throughput:2001, violation_rate:0.0000, forceoff_rate:0.0000, violations:0, force_offs:0
sim step:3600/3600
episode:234/300, sim_loss:41.097298
REAL_TEST step:234, travel time:189.0812356979405, q_loss:100, rewards:-71.29791124131944, queue:47.57222222222222, delay:0.5933065626356336, throughput:1653, violation_rate:0.0000, forceoff_rate:0.0000, violations:0, force_offs:0
SIM_TRAIN step:235, travel time:46.32173048234709, q_loss:37.987717, rewards:-7.093752034505209, queue:4.333333333333333, delay:0.3058765199449327, throughput:2001, violation_rate:0.0000, forceoff_rate:0.0000, violations:0, force_offs:0
sim step:3600/3600
episode:235/300, sim_loss:37.987717
SIM_TRAIN step:236, travel time:45.05917454002984, q_loss:38.158066, rewards:-6.608749728732639, queue:4.061111111111111, delay:0.28620338439941406, throughput:1998, violation_rate:0.0000, forceoff_rate:0.0000, violations:0, force_offs:0
sim step:3600/3600
episode:236/300, sim_loss:38.158066
SIM_TRAIN step:237, travel time:44.378539493293594, q_loss:38.695694, rewards:-6.46541748046875, queue:3.875, delay:0.29565872616238065, throughput:2002, violation_rate:0.0000, forceoff_rate:0.0000, violations:0, force_offs:0
sim step:3600/3600
episode:237/300, sim_loss:38.695694
REAL_TEST step:237, travel time:185.20462232243517, q_loss:100, rewards:-70.675830078125, queue:47.138888888888886, delay:0.5920783996582031, throughput:1701, violation_rate:0.0000, forceoff_rate:0.0000, violations:0, force_offs:0
SIM_TRAIN step:238, travel time:44.68970661362506, q_loss:36.309776, rewards:-5.98625013563368, queue:3.6305555555555555, delay:0.28886947631835935, throughput:2001, violation_rate:0.0000, forceoff_rate:0.0000, violations:0, force_offs:0
sim step:3600/3600
episode:238/300, sim_loss:36.309776
SIM_TRAIN step:239, travel time:44.301342615614125, q_loss:39.052338, rewards:-6.5566650390625, queue:3.963888888888889, delay:0.2970197041829427, throughput:2000, violation_rate:0.0000, forceoff_rate:0.0000, violations:0, force_offs:0
sim step:3600/3600
episode:239/300, sim_loss:39.052338
SIM_TRAIN step:240, travel time:45.80258577821979, q_loss:38.57747, rewards:-6.64124755859375, queue:4.061111111111111, delay:0.297901365492079, throughput:1999, violation_rate:0.0000, forceoff_rate:0.0000, violations:0, force_offs:0
sim step:3600/3600
episode:240/300, sim_loss:38.57747
REAL_TEST step:240, travel time:190.05871990604814, q_loss:100, rewards:-73.13167860243055, queue:48.791666666666664, delay:0.5922603183322482, throughput:1602, violation_rate:0.0000, forceoff_rate:0.0000, violations:0, force_offs:0
SIM_TRAIN step:241, travel time:43.9433117851815, q_loss:42.00027, rewards:-6.538750542534722, queue:3.975, delay:0.29443405999077693, throughput:2001, violation_rate:0.0000, forceoff_rate:0.0000, violations:0, force_offs:0
sim step:3600/3600
episode:241/300, sim_loss:42.00027
SIM_TRAIN step:242, travel time:43.86623570363003, q_loss:38.545265, rewards:-6.285416666666666, queue:3.7666666666666666, delay:0.2950646294487847, throughput:2002, violation_rate:0.0000, forceoff_rate:0.0000, violations:0, force_offs:0
sim step:3600/3600
episode:242/300, sim_loss:38.545265
SIM_TRAIN step:243, travel time:44.707608155146694, q_loss:40.939995, rewards:-6.212498643663195, queue:3.775, delay:0.2978377448187934, throughput:1998, violation_rate:0.0000, forceoff_rate:0.0000, violations:0, force_offs:0
sim step:3600/3600
episode:243/300, sim_loss:40.939995
REAL_TEST step:243, travel time:183.75982532751092, q_loss:100, rewards:-79.13001844618056, queue:52.78611111111111, delay:0.5955888960096571, throughput:1524, violation_rate:0.0000, forceoff_rate:0.0000, violations:0, force_offs:0
SIM_TRAIN step:244, travel time:44.32123321730482, q_loss:42.90493, rewards:-6.591250271267361, queue:4.011111111111111, delay:0.2920497046576606, throughput:1998, violation_rate:0.0000, forceoff_rate:0.0000, violations:0, force_offs:0
sim step:3600/3600
episode:244/300, sim_loss:42.90493
SIM_TRAIN step:245, travel time:46.20338140228742, q_loss:38.756634, rewards:-6.577499728732639, queue:4.044444444444444, delay:0.28911007775200737, throughput:2001, violation_rate:0.0000, forceoff_rate:0.0000, violations:0, force_offs:0
sim step:3600/3600
episode:245/300, sim_loss:38.756634
SIM_TRAIN step:246, travel time:44.82943809050224, q_loss:38.289185, rewards:-6.094580756293403, queue:3.6944444444444446, delay:0.2894638697306315, throughput:2000, violation_rate:0.0000, forceoff_rate:0.0000, violations:0, force_offs:0
sim step:3600/3600
episode:246/300, sim_loss:38.289185
REAL_TEST step:246, travel time:185.10234419668382, q_loss:100, rewards:-72.764599609375, queue:48.55277777777778, delay:0.5977333068847657, throughput:1647, violation_rate:0.0000, forceoff_rate:0.0000, violations:0, force_offs:0
SIM_TRAIN step:247, travel time:44.612630532073595, q_loss:37.921597, rewards:-6.140831841362847, queue:3.736111111111111, delay:0.2873878902859158, throughput:2000, violation_rate:0.0000, forceoff_rate:0.0000, violations:0, force_offs:0
sim step:3600/3600
episode:247/300, sim_loss:37.921597
SIM_TRAIN step:248, travel time:45.93535554450522, q_loss:39.215664, rewards:-7.068747965494792, queue:4.397222222222222, delay:0.30133934020996095, throughput:2000, violation_rate:0.0000, forceoff_rate:0.0000, violations:0, force_offs:0
sim step:3600/3600
episode:248/300, sim_loss:39.215664
SIM_TRAIN step:249, travel time:44.12978617603183, q_loss:39.008724, rewards:-5.888750542534722, queue:3.563888888888889, delay:0.28124910990397134, throughput:2000, violation_rate:0.0000, forceoff_rate:0.0000, violations:0, force_offs:0
sim step:3600/3600
episode:249/300, sim_loss:39.008724
REAL_TEST step:249, travel time:184.9588806396345, q_loss:100, rewards:-72.98086480034722, queue:48.68888888888889, delay:0.5965185801188151, throughput:1656, violation_rate:0.0000, forceoff_rate:0.0000, violations:0, force_offs:0
SIM_TRAIN step:250, travel time:46.89159622078568, q_loss:39.77918, rewards:-7.344581434461806, queue:4.555555555555555, delay:0.29559349483913844, throughput:2000, violation_rate:0.0000, forceoff_rate:0.0000, violations:0, force_offs:0
sim step:3600/3600
episode:250/300, sim_loss:39.77918
SIM_TRAIN step:251, travel time:46.448035803083044, q_loss:38.017067, rewards:-6.969580756293403, queue:4.2972222222222225, delay:0.2914587444729275, throughput:2001, violation_rate:0.0000, forceoff_rate:0.0000, violations:0, force_offs:0
sim step:3600/3600
episode:251/300, sim_loss:38.017067
SIM_TRAIN step:252, travel time:44.22763419483101, q_loss:37.751705, rewards:-6.479580349392361, queue:3.911111111111111, delay:0.29671031104193796, throughput:1998, violation_rate:0.0000, forceoff_rate:0.0000, violations:0, force_offs:0
sim step:3600/3600
episode:252/300, sim_loss:37.751705
REAL_TEST step:252, travel time:199.5878612716763, q_loss:100, rewards:-102.83625217013889, queue:68.61944444444444, delay:0.6053787231445312, throughput:1641, violation_rate:0.0000, forceoff_rate:0.0000, violations:0, force_offs:0
SIM_TRAIN step:253, travel time:42.8668653750621, q_loss:35.881035, rewards:-5.911249457465278, queue:3.533333333333333, delay:0.2819933361477322, throughput:2003, violation_rate:0.0000, forceoff_rate:0.0000, violations:0, force_offs:0
sim step:3600/3600
episode:253/300, sim_loss:35.881035
SIM_TRAIN step:254, travel time:43.22056631892698, q_loss:36.51595, rewards:-5.85417005750868, queue:3.4972222222222222, delay:0.2913210127088759, throughput:2002, violation_rate:0.0000, forceoff_rate:0.0000, violations:0, force_offs:0
sim step:3600/3600
episode:254/300, sim_loss:36.51595
SIM_TRAIN step:255, travel time:44.1520874751491, q_loss:34.310307, rewards:-6.243332926432291, queue:3.727777777777778, delay:0.29306437174479166, throughput:2001, violation_rate:0.0000, forceoff_rate:0.0000, violations:0, force_offs:0
sim step:3600/3600
episode:255/300, sim_loss:34.310307
REAL_TEST step:255, travel time:196.74348089751365, q_loss:100, rewards:-92.88207465277777, queue:61.99722222222222, delay:0.5937819163004557, throughput:1557, violation_rate:0.0000, forceoff_rate:0.0000, violations:0, force_offs:0
SIM_TRAIN step:256, travel time:43.46792640477374, q_loss:34.57007, rewards:-6.051247829861111, queue:3.588888888888889, delay:0.2916361067030165, throughput:2000, violation_rate:0.0000, forceoff_rate:0.0000, violations:0, force_offs:0
sim step:3600/3600
episode:256/300, sim_loss:34.57007
SIM_TRAIN step:257, travel time:43.79264047737444, q_loss:37.701515, rewards:-6.412916395399305, queue:3.988888888888889, delay:0.2906313154432509, throughput:2001, violation_rate:0.0000, forceoff_rate:0.0000, violations:0, force_offs:0
sim step:3600/3600
episode:257/300, sim_loss:37.701515
SIM_TRAIN step:258, travel time:44.71052631578947, q_loss:35.32797, rewards:-6.5283318413628475, queue:3.9305555555555554, delay:0.2978163825141059, throughput:2001, violation_rate:0.0000, forceoff_rate:0.0000, violations:0, force_offs:0
sim step:3600/3600
episode:258/300, sim_loss:35.32797
REAL_TEST step:258, travel time:196.74348089751365, q_loss:100, rewards:-92.88207465277777, queue:61.99722222222222, delay:0.5937819163004557, throughput:1557, violation_rate:0.0000, forceoff_rate:0.0000, violations:0, force_offs:0
SIM_TRAIN step:259, travel time:44.48359840954274, q_loss:37.9521, rewards:-6.607914225260417, queue:4.0, delay:0.28967789543999567, throughput:2002, violation_rate:0.0000, forceoff_rate:0.0000, violations:0, force_offs:0
sim step:3600/3600
episode:259/300, sim_loss:37.9521
SIM_TRAIN step:260, travel time:44.82952286282306, q_loss:39.277737, rewards:-6.280411783854166, queue:3.702777777777778, delay:0.28761073218451605, throughput:2001, violation_rate:0.0000, forceoff_rate:0.0000, violations:0, force_offs:0
sim step:3600/3600
episode:260/300, sim_loss:39.277737
SIM_TRAIN step:261, travel time:44.88910989557434, q_loss:39.884037, rewards:-6.440833197699653, queue:3.8944444444444444, delay:0.2876239988538954, throughput:1999, violation_rate:0.0000, forceoff_rate:0.0000, violations:0, force_offs:0
sim step:3600/3600
episode:261/300, sim_loss:39.884037
REAL_TEST step:261, travel time:190.58155619596542, q_loss:100, rewards:-94.13374565972222, queue:62.81666666666667, delay:0.60320070054796, throughput:1646, violation_rate:0.0000, forceoff_rate:0.0000, violations:0, force_offs:0
SIM_TRAIN step:262, travel time:44.040775733465935, q_loss:39.09263, rewards:-6.238334147135417, queue:3.7805555555555554, delay:0.28695362938774954, throughput:2001, violation_rate:0.0000, forceoff_rate:0.0000, violations:0, force_offs:0
sim step:3600/3600
episode:262/300, sim_loss:39.09263
SIM_TRAIN step:263, travel time:44.04823470909995, q_loss:38.62303, rewards:-6.096665445963541, queue:3.7055555555555557, delay:0.291634644402398, throughput:2001, violation_rate:0.0000, forceoff_rate:0.0000, violations:0, force_offs:0
sim step:3600/3600
episode:263/300, sim_loss:38.62303
SIM_TRAIN step:264, travel time:43.55096966683242, q_loss:39.362007, rewards:-6.135415310329861, queue:3.6555555555555554, delay:0.2888058768378364, throughput:1998, violation_rate:0.0000, forceoff_rate:0.0000, violations:0, force_offs:0
sim step:3600/3600
episode:264/300, sim_loss:39.362007
REAL_TEST step:264, travel time:198.37923375902275, q_loss:100, rewards:-111.53415798611111, queue:74.43055555555556, delay:0.617645263671875, throughput:1713, violation_rate:0.0000, forceoff_rate:0.0000, violations:0, force_offs:0
SIM_TRAIN step:265, travel time:43.83988065638986, q_loss:38.907036, rewards:-5.907916259765625, queue:3.5166666666666666, delay:0.2933320999145508, throughput:2001, violation_rate:0.0000, forceoff_rate:0.0000, violations:0, force_offs:0
sim step:3600/3600
episode:265/300, sim_loss:38.907036
SIM_TRAIN step:266, travel time:45.5022376926902, q_loss:40.163204, rewards:-6.815414767795139, queue:4.166666666666667, delay:0.2910109837849935, throughput:1997, violation_rate:0.0000, forceoff_rate:0.0000, violations:0, force_offs:0
sim step:3600/3600
episode:266/300, sim_loss:40.163204
SIM_TRAIN step:267, travel time:44.55544505221283, q_loss:42.082233, rewards:-6.067081705729167, queue:3.6666666666666665, delay:0.2883061726888021, throughput:1999, violation_rate:0.0000, forceoff_rate:0.0000, violations:0, force_offs:0
sim step:3600/3600
episode:267/300, sim_loss:42.082233
REAL_TEST step:267, travel time:200.52786099460755, q_loss:100, rewards:-96.15666232638888, queue:64.14444444444445, delay:0.6022341410319011, throughput:1578, violation_rate:0.0000, forceoff_rate:0.0000, violations:0, force_offs:0
SIM_TRAIN step:268, travel time:44.522625559423176, q_loss:40.681973, rewards:-6.275000678168403, queue:3.8, delay:0.28557792239718965, throughput:2001, violation_rate:0.0000, forceoff_rate:0.0000, violations:0, force_offs:0
sim step:3600/3600
episode:268/300, sim_loss:40.681973
SIM_TRAIN step:269, travel time:46.59920437593237, q_loss:38.792038, rewards:-6.764583333333333, queue:4.122222222222222, delay:0.29536730448404946, throughput:2000, violation_rate:0.0000, forceoff_rate:0.0000, violations:0, force_offs:0
sim step:3600/3600
episode:269/300, sim_loss:38.792038
SIM_TRAIN step:270, travel time:45.941322725012434, q_loss:37.03199, rewards:-6.897500949435764, queue:4.225, delay:0.30054940117730033, throughput:2001, violation_rate:0.0000, forceoff_rate:0.0000, violations:0, force_offs:0
sim step:3600/3600
episode:270/300, sim_loss:37.03199
REAL_TEST step:270, travel time:186.1388101983003, q_loss:100, rewards:-70.61831597222222, queue:47.111111111111114, delay:0.5907264285617404, throughput:1697, violation_rate:0.0000, forceoff_rate:0.0000, violations:0, force_offs:0
SIM_TRAIN step:271, travel time:47.90750870213824, q_loss:41.2686, rewards:-7.38041517469618, queue:4.536111111111111, delay:0.3038963317871094, throughput:2000, violation_rate:0.0000, forceoff_rate:0.0000, violations:0, force_offs:0
sim step:3600/3600
episode:271/300, sim_loss:41.2686
SIM_TRAIN step:272, travel time:43.210343112879166, q_loss:39.48958, rewards:-5.609998236762153, queue:3.325, delay:0.28105061848958335, throughput:2000, violation_rate:0.0000, forceoff_rate:0.0000, violations:0, force_offs:0
sim step:3600/3600
episode:272/300, sim_loss:39.48958
SIM_TRAIN step:273, travel time:45.56986573843859, q_loss:40.945377, rewards:-6.893748643663194, queue:4.272222222222222, delay:0.30354557037353513, throughput:2001, violation_rate:0.0000, forceoff_rate:0.0000, violations:0, force_offs:0
sim step:3600/3600
episode:273/300, sim_loss:40.945377
REAL_TEST step:273, travel time:185.20462232243517, q_loss:100, rewards:-70.675830078125, queue:47.138888888888886, delay:0.5920783996582031, throughput:1701, violation_rate:0.0000, forceoff_rate:0.0000, violations:0, force_offs:0
SIM_TRAIN step:274, travel time:45.166583789159624, q_loss:43.417065, rewards:-6.42375013563368, queue:3.9027777777777777, delay:0.28964127434624565, throughput:2000, violation_rate:0.0000, forceoff_rate:0.0000, violations:0, force_offs:0
sim step:3600/3600
episode:274/300, sim_loss:43.417065
SIM_TRAIN step:275, travel time:43.67976131277971, q_loss:40.649273, rewards:-6.113751220703125, queue:3.65, delay:0.2903272204928928, throughput:2000, violation_rate:0.0000, forceoff_rate:0.0000, violations:0, force_offs:0
sim step:3600/3600
episode:275/300, sim_loss:40.649273
SIM_TRAIN step:276, travel time:45.16509199403282, q_loss:39.07519, rewards:-6.603750271267361, queue:4.041666666666667, delay:0.29871078067355683, throughput:2000, violation_rate:0.0000, forceoff_rate:0.0000, violations:0, force_offs:0
sim step:3600/3600
episode:276/300, sim_loss:39.07519
REAL_TEST step:276, travel time:185.20462232243517, q_loss:100, rewards:-70.675830078125, queue:47.138888888888886, delay:0.5920783996582031, throughput:1701, violation_rate:0.0000, forceoff_rate:0.0000, violations:0, force_offs:0
SIM_TRAIN step:277, travel time:45.82554671968191, q_loss:40.268692, rewards:-6.489162868923611, queue:3.888888888888889, delay:0.29448774125840926, throughput:2002, violation_rate:0.0000, forceoff_rate:0.0000, violations:0, force_offs:0
sim step:3600/3600
episode:277/300, sim_loss:40.268692
SIM_TRAIN step:278, travel time:45.57633018398806, q_loss:40.50414, rewards:-6.8745849609375, queue:4.219444444444444, delay:0.2946634716457791, throughput:2000, violation_rate:0.0000, forceoff_rate:0.0000, violations:0, force_offs:0
sim step:3600/3600
episode:278/300, sim_loss:40.50414
SIM_TRAIN step:279, travel time:44.089010442565886, q_loss:42.315685, rewards:-6.059583875868055, queue:3.7, delay:0.2939988454182943, throughput:2002, violation_rate:0.0000, forceoff_rate:0.0000, violations:0, force_offs:0
sim step:3600/3600
episode:279/300, sim_loss:42.315685
REAL_TEST step:279, travel time:184.38014664410605, q_loss:100, rewards:-70.28498806423612, queue:46.888888888888886, delay:0.5934321085611979, throughput:1706, violation_rate:0.0000, forceoff_rate:0.0000, violations:0, force_offs:0
SIM_TRAIN step:280, travel time:44.563121272365805, q_loss:39.688778, rewards:-6.327084011501736, queue:3.8027777777777776, delay:0.29678800370958114, throughput:2002, violation_rate:0.0000, forceoff_rate:0.0000, violations:0, force_offs:0
sim step:3600/3600
episode:280/300, sim_loss:39.688778
SIM_TRAIN step:281, travel time:44.244654400795625, q_loss:40.775486, rewards:-6.256667073567709, queue:3.7694444444444444, delay:0.29446065690782336, throughput:2001, violation_rate:0.0000, forceoff_rate:0.0000, violations:0, force_offs:0
sim step:3600/3600
episode:281/300, sim_loss:40.775486
SIM_TRAIN step:282, travel time:43.703630034808555, q_loss:40.14305, rewards:-5.646666802300347, queue:3.3472222222222223, delay:0.2793038686116536, throughput:2002, violation_rate:0.0000, forceoff_rate:0.0000, violations:0, force_offs:0
sim step:3600/3600
episode:282/300, sim_loss:40.14305
REAL_TEST step:282, travel time:193.3087287639133, q_loss:100, rewards:-95.64458550347223, queue:63.80833333333333, delay:0.600014411078559, throughput:1618, violation_rate:0.0000, forceoff_rate:0.0000, violations:0, force_offs:0
SIM_TRAIN step:283, travel time:43.40029835902536, q_loss:37.17982, rewards:-6.004170057508681, queue:3.625, delay:0.28699800703260636, throughput:2000, violation_rate:0.0000, forceoff_rate:0.0000, violations:0, force_offs:0
sim step:3600/3600
episode:283/300, sim_loss:37.17982
SIM_TRAIN step:284, travel time:45.17594433399602, q_loss:37.61201, rewards:-6.5512505425347225, queue:4.011111111111111, delay:0.2913225597805447, throughput:2001, violation_rate:0.0000, forceoff_rate:0.0000, violations:0, force_offs:0
sim step:3600/3600
episode:284/300, sim_loss:37.61201
SIM_TRAIN step:285, travel time:45.8941351888668, q_loss:37.781876, rewards:-7.060415988498264, queue:4.366666666666666, delay:0.3096284442477756, throughput:2002, violation_rate:0.0000, forceoff_rate:0.0000, violations:0, force_offs:0
sim step:3600/3600
episode:285/300, sim_loss:37.781876
REAL_TEST step:285, travel time:196.74348089751365, q_loss:100, rewards:-92.88207465277777, queue:61.99722222222222, delay:0.5937819163004557, throughput:1557, violation_rate:0.0000, forceoff_rate:0.0000, violations:0, force_offs:0
SIM_TRAIN step:286, travel time:44.54473161033797, q_loss:38.855797, rewards:-6.269583468967014, queue:3.8222222222222224, delay:0.29729970296223956, throughput:2002, violation_rate:0.0000, forceoff_rate:0.0000, violations:0, force_offs:0
sim step:3600/3600
episode:286/300, sim_loss:38.855797
SIM_TRAIN step:287, travel time:43.37574552683897, q_loss:36.635567, rewards:-5.775832790798611, queue:3.525, delay:0.2856428782145182, throughput:2001, violation_rate:0.0000, forceoff_rate:0.0000, violations:0, force_offs:0
sim step:3600/3600
episode:287/300, sim_loss:36.635567
SIM_TRAIN step:288, travel time:47.0397812033814, q_loss:34.672417, rewards:-7.057915581597222, queue:4.338888888888889, delay:0.2963337792290582, throughput:2000, violation_rate:0.0000, forceoff_rate:0.0000, violations:0, force_offs:0
sim step:3600/3600
episode:288/300, sim_loss:34.672417
REAL_TEST step:288, travel time:185.20462232243517, q_loss:100, rewards:-70.675830078125, queue:47.138888888888886, delay:0.5920783996582031, throughput:1701, violation_rate:0.0000, forceoff_rate:0.0000, violations:0, force_offs:0
SIM_TRAIN step:289, travel time:43.642466434609645, q_loss:37.047222, rewards:-5.984583875868055, queue:3.577777777777778, delay:0.29339305029975044, throughput:2000, violation_rate:0.0000, forceoff_rate:0.0000, violations:0, force_offs:0
sim step:3600/3600
episode:289/300, sim_loss:37.047222
SIM_TRAIN step:290, travel time:45.01392342118349, q_loss:35.493584, rewards:-6.410000271267361, queue:3.963888888888889, delay:0.2877698474460178, throughput:2000, violation_rate:0.0000, forceoff_rate:0.0000, violations:0, force_offs:0
sim step:3600/3600
episode:290/300, sim_loss:35.493584
SIM_TRAIN step:291, travel time:44.98657384385878, q_loss:38.284653, rewards:-6.3762498643663195, queue:3.888888888888889, delay:0.2896763695610894, throughput:2000, violation_rate:0.0000, forceoff_rate:0.0000, violations:0, force_offs:0
sim step:3600/3600
episode:291/300, sim_loss:38.284653
REAL_TEST step:291, travel time:185.20462232243517, q_loss:100, rewards:-70.675830078125, queue:47.138888888888886, delay:0.5920783996582031, throughput:1701, violation_rate:0.0000, forceoff_rate:0.0000, violations:0, force_offs:0
SIM_TRAIN step:292, travel time:45.04773744405768, q_loss:33.40669, rewards:-6.729583740234375, queue:4.144444444444445, delay:0.2919856389363607, throughput:2003, violation_rate:0.0000, forceoff_rate:0.0000, violations:0, force_offs:0
sim step:3600/3600
episode:292/300, sim_loss:33.40669
SIM_TRAIN step:293, travel time:43.74751491053678, q_loss:35.802155, rewards:-5.917500135633681, queue:3.566666666666667, delay:0.2875501208835178, throughput:2001, violation_rate:0.0000, forceoff_rate:0.0000, violations:0, force_offs:0
sim step:3600/3600
episode:293/300, sim_loss:35.802155
SIM_TRAIN step:294, travel time:45.40775733465937, q_loss:35.463093, rewards:-6.3604139539930555, queue:3.863888888888889, delay:0.2949002371893989, throughput:2000, violation_rate:0.0000, forceoff_rate:0.0000, violations:0, force_offs:0
sim step:3600/3600
episode:294/300, sim_loss:35.463093
REAL_TEST step:294, travel time:197.63278886872354, q_loss:100, rewards:-93.76460503472222, queue:62.55833333333333, delay:0.5985989040798612, throughput:1561, violation_rate:0.0000, forceoff_rate:0.0000, violations:0, force_offs:0
SIM_TRAIN step:295, travel time:43.3669314796425, q_loss:35.830936, rewards:-5.900001356336806, queue:3.522222222222222, delay:0.28622731102837456, throughput:2001, violation_rate:0.0000, forceoff_rate:0.0000, violations:0, force_offs:0
sim step:3600/3600
episode:295/300, sim_loss:35.830936
SIM_TRAIN step:296, travel time:44.4425658876181, q_loss:34.937965, rewards:-6.086250813802083, queue:3.7333333333333334, delay:0.2925757302178277, throughput:2000, violation_rate:0.0000, forceoff_rate:0.0000, violations:0, force_offs:0
sim step:3600/3600
episode:296/300, sim_loss:34.937965
SIM_TRAIN step:297, travel time:44.31576330183988, q_loss:37.117973, rewards:-5.945003933376736, queue:3.575, delay:0.29239237043592664, throughput:2000, violation_rate:0.0000, forceoff_rate:0.0000, violations:0, force_offs:0
sim step:3600/3600
episode:297/300, sim_loss:37.117973
REAL_TEST step:297, travel time:197.86248492159228, q_loss:100, rewards:-94.19874131944445, queue:62.861111111111114, delay:0.5960522121853299, throughput:1566, violation_rate:0.0000, forceoff_rate:0.0000, violations:0, force_offs:0
SIM_TRAIN step:298, travel time:43.87817006464446, q_loss:35.906986, rewards:-6.140416802300347, queue:3.7416666666666667, delay:0.2899910608927409, throughput:2000, violation_rate:0.0000, forceoff_rate:0.0000, violations:0, force_offs:0
sim step:3600/3600
episode:298/300, sim_loss:35.906986
SIM_TRAIN step:299, travel time:44.361511685728495, q_loss:36.28518, rewards:-6.735831705729167, queue:4.144444444444445, delay:0.3012756135728624, throughput:1999, violation_rate:0.0000, forceoff_rate:0.0000, violations:0, force_offs:0
sim step:3600/3600
episode:299/300, sim_loss:36.28518
Total time taken: 2008.0664794445038
