Sim Rollout episode:0/100, sim avg travel time:113.77288471053933, rewards:-41.20458713107639, queue:27.175, delay:0.6186688317192925, throughput:1974
Real rollout step:0/100, travel time:308.94701986754967, rewards:-170.6532986111111, queue:113.76944444444445, delay:0.8752023484971788, throughput:1487
forward model: training agent 0.
Epoch 0: forward train average loss 6.650100496080187.
epoch 0: forward test average loss 10.909204271104601.
Epoch 99: forward train average loss 0.1238762852218416.
epoch 99: forward test average loss 0.23241937160491943.
inverse model, training agent 0.
epoch 0: inverse train average loss 0.03653662072287665.
epoch 0: inverse test average loss 0.05804524487919278.
epoch 99: inverse train average loss 0.02553778514266014.
epoch 99: inverse test average loss 0.037953534060054354.
Policy training episode: 0, grounded actions taken: 0, last two uncertainties: {0: [0.5976998223198785]}, avg agent uncertainties: [0.5976998223198785], grounded actions by agent: [0]
Policy training episode: 0, iteration 0/1, policy training avg travel time:840.6427511133103, q_loss:0, rewards:-156.60911458333334, queue:103.65277777777777, delay:0.627431148952908, throughput:1097
Sim Rollout episode:1/100, sim avg travel time:113.7872340425532, rewards:-41.20458713107639, queue:27.175, delay:0.6186936696370443, throughput:1974
Real rollout step:1/100, travel time:308.94701986754967, rewards:-170.6532986111111, queue:113.76944444444445, delay:0.8752023484971788, throughput:1487
forward model: training agent 0.
Epoch 0: forward train average loss 0.12367257641421424.
epoch 0: forward test average loss 0.27916932106018066.
Epoch 99: forward train average loss 0.10759797692298889.
epoch 99: forward test average loss 0.2028082874086168.
inverse model, training agent 0.
epoch 0: inverse train average loss 0.02514646202325821.
epoch 0: inverse test average loss 0.04110464950402578.
epoch 99: inverse train average loss 0.021097382323609457.
epoch 99: inverse test average loss 0.029558320840199787.
Policy training episode: 1, grounded actions taken: 313, last two uncertainties: {0: [0.5976998223198785, 0.4985193371772766]}, avg agent uncertainties: [0.5481095797485775], grounded actions by agent: [313]
Policy training episode: 1, iteration 0/1, policy training avg travel time:258.71251855517073, q_loss:0, rewards:-141.83375651041666, queue:94.39444444444445, delay:0.6973937564425998, throughput:1756
Sim Rollout episode:2/100, sim avg travel time:113.77189510143494, rewards:-41.20458713107639, queue:27.175, delay:0.6186682383219401, throughput:1974
Real rollout step:2/100, travel time:308.94701986754967, rewards:-170.6532986111111, queue:113.76944444444445, delay:0.8752023484971788, throughput:1487
forward model: training agent 0.
Epoch 0: forward train average loss 0.10543573730521733.
epoch 0: forward test average loss 0.163016762998369.
Epoch 99: forward train average loss 0.058442800409264035.
epoch 99: forward test average loss 0.09993348519007365.
inverse model, training agent 0.
epoch 0: inverse train average loss 0.021080225706100464.
epoch 0: inverse test average loss 0.034878099958101906.
epoch 99: inverse train average loss 0.018778105990754232.
epoch 99: inverse test average loss 0.03158294823434618.
Policy training episode: 2, grounded actions taken: 334, last two uncertainties: {0: [0.4985193371772766, 0.402899674905671]}, avg agent uncertainties: [0.4507095060414738], grounded actions by agent: [334]
Policy training episode: 2, iteration 0/1, policy training avg travel time:324.0851063829787, q_loss:3810.19091796875, rewards:-174.95419921875, queue:116.38333333333334, delay:0.7151484171549479, throughput:1707
Sim Rollout episode:3/100, sim avg travel time:128.27164769915882, rewards:-52.232080078125, queue:34.522222222222226, delay:0.6575110965304904, throughput:1964
Real rollout step:3/100, travel time:284.57012750455374, rewards:-150.37411024305555, queue:100.24444444444444, delay:0.8576140509711372, throughput:1485
forward model: training agent 0.
Epoch 0: forward train average loss 0.4355236093203227.
epoch 0: forward test average loss 0.6117699146270752.
Epoch 99: forward train average loss 0.045252535906102925.
epoch 99: forward test average loss 0.0823299421204461.
inverse model, training agent 0.
epoch 0: inverse train average loss 0.020574816399150424.
epoch 0: inverse test average loss 0.02877008252673679.
epoch 99: inverse train average loss 0.017594020813703537.
epoch 99: inverse test average loss 0.023574768669075437.
Policy training episode: 3, grounded actions taken: 236, last two uncertainties: {0: [0.402899674905671, 0.4572043259938558]}, avg agent uncertainties: [0.43005200044976344], grounded actions by agent: [236]
Policy training episode: 3, iteration 0/1, policy training avg travel time:216.6546264225631, q_loss:455.6408386230469, rewards:-115.37331814236111, queue:76.65555555555555, delay:0.7045024871826172, throughput:1847
Sim Rollout episode:4/100, sim avg travel time:411.5917862444334, rewards:-138.07541232638889, queue:92.03055555555555, delay:0.6885387844509548, throughput:1426
Real rollout step:4/100, travel time:423.17996870109545, rewards:-190.57708333333332, queue:127.19722222222222, delay:0.8575026618109809, throughput:1087
forward model: training agent 0.
Epoch 0: forward train average loss 1.384283913506402.
epoch 0: forward test average loss 1.3689980506896973.
Epoch 99: forward train average loss 0.05548471295171314.
epoch 99: forward test average loss 0.08958824806743199.
inverse model, training agent 0.
epoch 0: inverse train average loss 0.08600660496287876.
epoch 0: inverse test average loss 0.14590835571289062.
epoch 99: inverse train average loss 0.022743451098601025.
epoch 99: inverse test average loss 0.030540063977241516.
Policy training episode: 4, grounded actions taken: 0, last two uncertainties: {0: [0.4572043259938558, 0.5986859841479195]}, avg agent uncertainties: [0.5279451550708877], grounded actions by agent: [0]
Policy training episode: 4, iteration 0/1, policy training avg travel time:267.80455220188026, q_loss:179.667724609375, rewards:-89.18331163194445, queue:59.11666666666667, delay:0.7154925028483073, throughput:1833
Sim Rollout episode:5/100, sim avg travel time:171.15776458951532, rewards:-81.50040147569445, queue:54.07222222222222, delay:0.6621505313449436, throughput:1886
Real rollout step:5/100, travel time:441.66472303206996, rewards:-216.45831163194444, queue:144.50277777777777, delay:0.8870711432562934, throughput:1120
forward model: training agent 0.
Epoch 0: forward train average loss 0.4132372472021315.
epoch 0: forward test average loss 0.6007030010223389.
Epoch 99: forward train average loss 0.0682347822520468.
epoch 99: forward test average loss 0.09482299619250828.
inverse model, training agent 0.
epoch 0: inverse train average loss 0.024122723274760775.
epoch 0: inverse test average loss 0.04160547587606642.
epoch 99: inverse train average loss 0.016512646857235167.
epoch 99: inverse test average loss 0.021840333938598633.
Policy training episode: 5, grounded actions taken: 48, last two uncertainties: {0: [0.5986859841479195, 0.6044587355520991]}, avg agent uncertainties: [0.6015723598500093], grounded actions by agent: [48]
Policy training episode: 5, iteration 0/1, policy training avg travel time:168.5796241345203, q_loss:196.0865478515625, rewards:-84.19792751736111, queue:55.86666666666667, delay:0.695812479654948, throughput:1906
Sim Rollout episode:6/100, sim avg travel time:177.2637308263236, rewards:-88.51875, queue:58.922222222222224, delay:0.6899421691894532, throughput:1876
Real rollout step:6/100, travel time:412.2366040361865, rewards:-207.85499131944445, queue:138.79722222222222, delay:0.8729124281141493, throughput:1189
forward model: training agent 0.
Epoch 0: forward train average loss 0.18372617165247598.
epoch 0: forward test average loss 0.28620496061113143.
Epoch 99: forward train average loss 0.04189686063263151.
epoch 99: forward test average loss 0.07183414697647095.
inverse model, training agent 0.
epoch 0: inverse train average loss 0.018266485176152654.
epoch 0: inverse test average loss 0.02169477939605713.
epoch 99: inverse train average loss 0.012747945057021247.
epoch 99: inverse test average loss 0.01758637113703622.
Policy training episode: 6, grounded actions taken: 287, last two uncertainties: {0: [0.6044587355520991, 0.48806996982958584]}, avg agent uncertainties: [0.5462643526908424], grounded actions by agent: [287]
Policy training episode: 6, iteration 0/1, policy training avg travel time:237.75507174666006, q_loss:208.2556610107422, rewards:-133.54535590277777, queue:88.89722222222223, delay:0.6854231940375434, throughput:1774
Sim Rollout episode:7/100, sim avg travel time:167.66155368629393, rewards:-85.24749891493056, queue:56.547222222222224, delay:0.7174591912163628, throughput:1938
Real rollout step:7/100, travel time:524.7214611872146, rewards:-209.62708333333333, queue:139.90555555555557, delay:0.7952311197916667, throughput:897
forward model: training agent 0.
Epoch 0: forward train average loss 0.8521807988484701.
epoch 0: forward test average loss 0.8247268199920654.
Epoch 99: forward train average loss 0.01781105436384678.
epoch 99: forward test average loss 0.036120726002587214.
inverse model, training agent 0.
epoch 0: inverse train average loss 0.02113679630888833.
epoch 0: inverse test average loss 0.02584175517161687.
epoch 99: inverse train average loss 0.01653279819422298.
epoch 99: inverse test average loss 0.01654291318522559.
Policy training episode: 7, grounded actions taken: 236, last two uncertainties: {0: [0.48806996982958584, 0.49283001033796203]}, avg agent uncertainties: [0.49044999008377393], grounded actions by agent: [236]
Policy training episode: 7, iteration 0/1, policy training avg travel time:253.04057397328054, q_loss:222.698486328125, rewards:-141.14461805555555, queue:93.975, delay:0.7129793802897135, throughput:1750
Sim Rollout episode:8/100, sim avg travel time:188.03562592775853, rewards:-104.71915147569445, queue:69.63055555555556, delay:0.6942296346028646, throughput:1899
Real rollout step:8/100, travel time:354.00770142180096, rewards:-202.89205729166667, queue:135.40555555555557, delay:0.8670103285047743, throughput:1446
forward model: training agent 0.
Epoch 0: forward train average loss 0.6231417722172208.
epoch 0: forward test average loss 0.501300123002794.
Epoch 99: forward train average loss 0.034462632404433355.
epoch 99: forward test average loss 0.06539113157325321.
inverse model, training agent 0.
epoch 0: inverse train average loss 0.015220684102839895.
epoch 0: inverse test average loss 0.02028230494923062.
epoch 99: inverse train average loss 0.011812038409213224.
epoch 99: inverse test average loss 0.020632726450761158.
Policy training episode: 8, grounded actions taken: 239, last two uncertainties: {0: [0.49283001033796203, 0.4377755163444413]}, avg agent uncertainties: [0.4653027633412017], grounded actions by agent: [239]
Policy training episode: 8, iteration 0/1, policy training avg travel time:238.40326571004454, q_loss:212.6090545654297, rewards:-130.67129991319445, queue:86.97222222222223, delay:0.7172691345214843, throughput:1766
Sim Rollout episode:9/100, sim avg travel time:135.03463631865412, rewards:-59.57165798611111, queue:39.43333333333333, delay:0.6863219367133246, throughput:1958
Real rollout step:9/100, travel time:311.01242937853107, rewards:-182.34364149305554, queue:121.625, delay:0.8718988206651476, throughput:1548
forward model: training agent 0.
Epoch 0: forward train average loss 0.1225787020391888.
epoch 0: forward test average loss 0.16949142350090873.
Epoch 99: forward train average loss 0.024847722715801664.
epoch 99: forward test average loss 0.04843622777197096.
inverse model, training agent 0.
epoch 0: inverse train average loss 0.018281200486752722.
epoch 0: inverse test average loss 0.028505393200450473.
epoch 99: inverse train average loss 0.013005190839370092.
epoch 99: inverse test average loss 0.025704258845912084.
Policy training episode: 9, grounded actions taken: 263, last two uncertainties: {0: [0.4377755163444413, 0.41776449365748297]}, avg agent uncertainties: [0.42777000500096213], grounded actions by agent: [263]
Policy training episode: 9, iteration 0/1, policy training avg travel time:186.362691736764, q_loss:199.1665802001953, rewards:-98.70748697916666, queue:65.49166666666666, delay:0.7124801635742187, throughput:1865
Sim Rollout episode:10/100, sim avg travel time:159.2073231073726, rewards:-81.0374728732639, queue:53.78333333333333, delay:0.6804748959011502, throughput:1927
Real rollout step:10/100, travel time:404.3194168323393, rewards:-213.4991970486111, queue:142.54166666666666, delay:0.8613822089301215, throughput:1245
forward model: training agent 0.
Epoch 0: forward train average loss 0.1384097784757614.
epoch 0: forward test average loss 0.18656720055474174.
Epoch 99: forward train average loss 0.01735716209643417.
epoch 99: forward test average loss 0.02599962717956967.
inverse model, training agent 0.
epoch 0: inverse train average loss 0.01999001225663556.
epoch 0: inverse test average loss 0.027779592408074275.
epoch 99: inverse train average loss 0.013288596438037025.
epoch 99: inverse test average loss 0.02500823885202408.
Policy training episode: 10, grounded actions taken: 246, last two uncertainties: {0: [0.41776449365748297, 0.4049322109669447]}, avg agent uncertainties: [0.41134835231221384], grounded actions by agent: [246]
Policy training episode: 10, iteration 0/1, policy training avg travel time:168.23948540326572, q_loss:183.82699584960938, rewards:-86.61747504340278, queue:57.51111111111111, delay:0.7205694410536024, throughput:1892
Sim Rollout episode:11/100, sim avg travel time:135.77783275606134, rewards:-59.70002170138889, queue:39.48888888888889, delay:0.6721844567192925, throughput:1954
Real rollout step:11/100, travel time:325.76758938869665, rewards:-187.93294270833334, queue:125.40833333333333, delay:0.8622996860080295, throughput:1513
forward model: training agent 0.
Epoch 0: forward train average loss 0.043420118590195976.
epoch 0: forward test average loss 0.0482413305176629.
Epoch 99: forward train average loss 0.020680090205536947.
epoch 99: forward test average loss 0.03519594338205126.
inverse model, training agent 0.
epoch 0: inverse train average loss 0.016454527982407145.
epoch 0: inverse test average loss 0.02239132010274463.
epoch 99: inverse train average loss 0.011785513824886747.
epoch 99: inverse test average loss 0.02040266080035104.
Policy training episode: 11, grounded actions taken: 281, last two uncertainties: {0: [0.4049322109669447, 0.3297947860840294]}, avg agent uncertainties: [0.36736349852548705], grounded actions by agent: [281]
Policy training episode: 11, iteration 0/1, policy training avg travel time:210.90450272142505, q_loss:184.59703063964844, rewards:-101.63919270833334, queue:67.3861111111111, delay:0.7497191535101997, throughput:1847
Sim Rollout episode:12/100, sim avg travel time:138.85749628896585, rewards:-63.475835503472226, queue:42.077777777777776, delay:0.6847897423638238, throughput:1947
Real rollout step:12/100, travel time:365.7124833997344, rewards:-189.49670138888888, queue:126.5, delay:0.8415206909179688, throughput:1265
forward model: training agent 0.
Epoch 0: forward train average loss 0.12980439927842882.
epoch 0: forward test average loss 0.10601972540219624.
Epoch 99: forward train average loss 0.022391051881843142.
epoch 99: forward test average loss 0.03666204379664527.
inverse model, training agent 0.
epoch 0: inverse train average loss 0.01573217184179359.
epoch 0: inverse test average loss 0.01409297933181127.
epoch 99: inverse train average loss 0.00994441058072779.
epoch 99: inverse test average loss 0.014934690048297247.
Policy training episode: 12, grounded actions taken: 248, last two uncertainties: {0: [0.3297947860840294, 0.3064950059271521]}, avg agent uncertainties: [0.31814489600559076], grounded actions by agent: [248]
Policy training episode: 12, iteration 0/1, policy training avg travel time:224.85254824344383, q_loss:196.97425842285156, rewards:-117.65748697916666, queue:78.125, delay:0.7267472161187066, throughput:1808
Sim Rollout episode:13/100, sim avg travel time:157.22365165759524, rewards:-78.83043619791667, queue:52.38333333333333, delay:0.684000735812717, throughput:1939
Real rollout step:13/100, travel time:417.91200545702594, rewards:-215.8212890625, queue:144.15833333333333, delay:0.8685837639702692, throughput:1185
forward model: training agent 0.
Epoch 0: forward train average loss 0.38971201247639126.
epoch 0: forward test average loss 0.2627302010854085.
Epoch 99: forward train average loss 0.013628797191712592.
epoch 99: forward test average loss 0.023510183725092147.
inverse model, training agent 0.
epoch 0: inverse train average loss 0.04946852558188968.
epoch 0: inverse test average loss 0.08548188209533691.
epoch 99: inverse train average loss 0.009405310162239604.
epoch 99: inverse test average loss 0.01916272524330351.
Policy training episode: 13, grounded actions taken: 84, last two uncertainties: {0: [0.3064950059271521, 0.41418417418996495]}, avg agent uncertainties: [0.36033959005855853], grounded actions by agent: [84]
Policy training episode: 13, iteration 0/1, policy training avg travel time:139.3171697179614, q_loss:199.95802307128906, rewards:-62.79167209201389, queue:41.602777777777774, delay:0.691798824734158, throughput:1960
Sim Rollout episode:14/100, sim avg travel time:132.75160811479466, rewards:-57.723773871527776, queue:38.19166666666667, delay:0.6762191772460937, throughput:1963
Real rollout step:14/100, travel time:304.00894354387924, rewards:-179.00618489583334, queue:119.39722222222223, delay:0.8681379530164931, throughput:1565
forward model: training agent 0.
Epoch 0: forward train average loss 0.05298642483022478.
epoch 0: forward test average loss 0.06123166117403242.
Epoch 99: forward train average loss 0.015079956708682908.
epoch 99: forward test average loss 0.02217470606168111.
inverse model, training agent 0.
epoch 0: inverse train average loss 0.012077917551828755.
epoch 0: inverse test average loss 0.010954051175051265.
epoch 99: inverse train average loss 0.008974707168009546.
epoch 99: inverse test average loss 0.012655487904946009.
Policy training episode: 14, grounded actions taken: 258, last two uncertainties: {0: [0.41418417418996495, 0.32436369810667304]}, avg agent uncertainties: [0.369273936148319], grounded actions by agent: [258]
Policy training episode: 14, iteration 0/1, policy training avg travel time:197.72637308263236, q_loss:207.704345703125, rewards:-101.41663411458333, queue:67.275, delay:0.7499137030707466, throughput:1864
Sim Rollout episode:15/100, sim avg travel time:158.840672934191, rewards:-79.55957573784723, queue:52.797222222222224, delay:0.6923386891682942, throughput:1938
Real rollout step:15/100, travel time:329.1384102279044, rewards:-199.60959201388889, queue:133.18055555555554, delay:0.8555619133843316, throughput:1556
forward model: training agent 0.
Epoch 0: forward train average loss 0.028664237923092313.
epoch 0: forward test average loss 0.0328353097041448.
Epoch 99: forward train average loss 0.015400852801071273.
epoch 99: forward test average loss 0.021372324890560575.
inverse model, training agent 0.
epoch 0: inverse train average loss 0.020122665911912918.
epoch 0: inverse test average loss 0.016625983433590993.
epoch 99: inverse train average loss 0.008516516846915087.
epoch 99: inverse test average loss 0.018088936391803954.
Policy training episode: 15, grounded actions taken: 306, last two uncertainties: {0: [0.32436369810667304, 0.28631281616787113]}, avg agent uncertainties: [0.3053382571372721], grounded actions by agent: [306]
Policy training episode: 15, iteration 0/1, policy training avg travel time:238.77684314695696, q_loss:181.7141876220703, rewards:-127.96877170138889, queue:84.90277777777777, delay:0.7619280497233073, throughput:1840
Sim Rollout episode:16/100, sim avg travel time:618.384957941613, rewards:-205.29212239583333, queue:136.73888888888888, delay:0.7307696872287326, throughput:1402
Real rollout step:16/100, travel time:506.8364831552999, rewards:-225.61208767361111, queue:150.63055555555556, delay:0.8502816942003039, throughput:973
forward model: training agent 0.
Epoch 0: forward train average loss 0.24453425738546583.
epoch 0: forward test average loss 0.17030741771062216.
Epoch 99: forward train average loss 0.01005326873726315.
epoch 99: forward test average loss 0.01576357086499532.
inverse model, training agent 0.
epoch 0: inverse train average loss 0.25525838136672974.
epoch 0: inverse test average loss 0.5649419360690646.
epoch 99: inverse train average loss 0.02846333674258656.
epoch 99: inverse test average loss 0.06609557072321574.
Policy training episode: 16, grounded actions taken: 0, last two uncertainties: {0: [0.28631281616787113, 0.7793247975409031]}, avg agent uncertainties: [0.5328188068543871], grounded actions by agent: [0]
Policy training episode: 16, iteration 0/1, policy training avg travel time:176.67540821375556, q_loss:186.8032989501953, rewards:-84.70164388020834, queue:56.15833333333333, delay:0.7016907585991754, throughput:1946
Sim Rollout episode:17/100, sim avg travel time:128.0796635329045, rewards:-54.278325737847226, queue:35.95, delay:0.695650143093533, throughput:1962
Real rollout step:17/100, travel time:314.608152173913, rewards:-192.33834635416667, queue:128.3138888888889, delay:0.874469502766927, throughput:1604
forward model: training agent 0.
Epoch 0: forward train average loss 0.046503560410605535.
epoch 0: forward test average loss 0.0639521214697096.
Epoch 99: forward train average loss 0.01347220130264759.
epoch 99: forward test average loss 0.02545249627696143.
inverse model, training agent 0.
epoch 0: inverse train average loss 0.019140780592958134.
epoch 0: inverse test average loss 0.03181934025552538.
epoch 99: inverse train average loss 0.009642904417382346.
epoch 99: inverse test average loss 0.015843200186888378.
Policy training episode: 17, grounded actions taken: 88, last two uncertainties: {0: [0.7793247975409031, 0.6568475907875432]}, avg agent uncertainties: [0.7180861941642231], grounded actions by agent: [88]
Policy training episode: 17, iteration 0/1, policy training avg travel time:126.42751113310243, q_loss:201.63523864746094, rewards:-52.541248914930556, queue:34.75, delay:0.6771758185492621, throughput:1966
Sim Rollout episode:18/100, sim avg travel time:125.09698169223157, rewards:-51.441243489583336, queue:34.025, delay:0.6715329911973741, throughput:1966
Real rollout step:18/100, travel time:300.74396406513193, rewards:-175.8875217013889, queue:117.35277777777777, delay:0.854044935438368, throughput:1555
forward model: training agent 0.
Epoch 0: forward train average loss 0.02703032477034463.
epoch 0: forward test average loss 0.04220839341481527.
Epoch 99: forward train average loss 0.012624424364831712.
epoch 99: forward test average loss 0.025745283398363326.
inverse model, training agent 0.
epoch 0: inverse train average loss 0.013362146293123564.
epoch 0: inverse test average loss 0.01678129533926646.
epoch 99: inverse train average loss 0.009000067599117756.
epoch 99: inverse test average loss 0.010694135808282428.
Policy training episode: 18, grounded actions taken: 343, last two uncertainties: {0: [0.6568475907875432, 0.5233178820047114]}, avg agent uncertainties: [0.5900827363961273], grounded actions by agent: [343]
Policy training episode: 18, iteration 0/1, policy training avg travel time:157.9500247402276, q_loss:198.4591522216797, rewards:-75.75413411458334, queue:50.225, delay:0.7165490892198351, throughput:1941
Sim Rollout episode:19/100, sim avg travel time:134.210786739238, rewards:-58.289165581597224, queue:38.59722222222222, delay:0.6654608408610027, throughput:1958
Real rollout step:19/100, travel time:312.23522527794034, rewards:-177.42290581597223, queue:118.3861111111111, delay:0.8538601345486111, throughput:1502
forward model: training agent 0.
Epoch 0: forward train average loss 0.016041238895720906.
epoch 0: forward test average loss 0.024824789000882044.
Epoch 99: forward train average loss 0.011204854274789492.
epoch 99: forward test average loss 0.021448619663715363.
inverse model, training agent 0.
epoch 0: inverse train average loss 0.009342904409600629.
epoch 0: inverse test average loss 0.0148866582247946.
epoch 99: inverse train average loss 0.007804085397058063.
epoch 99: inverse test average loss 0.015013367351558473.
Policy training episode: 19, grounded actions taken: 304, last two uncertainties: {0: [0.5233178820047114, 0.44411346366008125]}, avg agent uncertainties: [0.48371567283239636], grounded actions by agent: [304]
Policy training episode: 19, iteration 0/1, policy training avg travel time:183.2666996536368, q_loss:192.76670837402344, rewards:-94.57915581597223, queue:62.78055555555556, delay:0.7369390699598525, throughput:1884
Sim Rollout episode:20/100, sim avg travel time:126.8693715982187, rewards:-53.81417643229167, queue:35.66111111111111, delay:0.6705204433865017, throughput:1957
Real rollout step:20/100, travel time:278.5612535612536, rewards:-156.02000868055555, queue:103.99166666666666, delay:0.8637984381781684, throughput:1571
forward model: training agent 0.
Epoch 0: forward train average loss 0.016460915613505576.
epoch 0: forward test average loss 0.0261046075158649.
Epoch 99: forward train average loss 0.012246549543407228.
epoch 99: forward test average loss 0.021585732698440552.
inverse model, training agent 0.
epoch 0: inverse train average loss 0.00903469230979681.
epoch 0: inverse test average loss 0.011483184579345915.
epoch 99: inverse train average loss 0.006521557457745075.
epoch 99: inverse test average loss 0.006966068512863583.
Policy training episode: 20, grounded actions taken: 249, last two uncertainties: {0: [0.44411346366008125, 0.43941993030409016]}, avg agent uncertainties: [0.4417666969820857], grounded actions by agent: [249]
Policy training episode: 20, iteration 0/1, policy training avg travel time:158.70113805047006, q_loss:196.2857208251953, rewards:-75.71499565972222, queue:50.166666666666664, delay:0.6799655490451388, throughput:1931
Sim Rollout episode:21/100, sim avg travel time:126.04057397328056, rewards:-51.57125108506944, queue:34.016666666666666, delay:0.6635571797688802, throughput:1969
Real rollout step:21/100, travel time:284.38804286520025, rewards:-161.46124131944444, queue:107.75555555555556, delay:0.8555043538411459, throughput:1572
forward model: training agent 0.
Epoch 0: forward train average loss 0.012196278406514062.
epoch 0: forward test average loss 0.023521876997417875.
Epoch 99: forward train average loss 0.00992874325149589.
epoch 99: forward test average loss 0.022343495653735265.
inverse model, training agent 0.
epoch 0: inverse train average loss 0.011190179114540419.
epoch 0: inverse test average loss 0.014280369298325645.
epoch 99: inverse train average loss 0.007901320337421365.
epoch 99: inverse test average loss 0.015851413624154195.
Policy training episode: 21, grounded actions taken: 217, last two uncertainties: {0: [0.43941993030409016, 0.4191688718067275]}, avg agent uncertainties: [0.42929440105540884], grounded actions by agent: [217]
Policy training episode: 21, iteration 0/1, policy training avg travel time:140.15042058386936, q_loss:195.99728393554688, rewards:-61.775005425347224, queue:40.875, delay:0.6891466776529948, throughput:1949
Sim Rollout episode:22/100, sim avg travel time:151.4418604651163, rewards:-73.69916449652777, queue:48.919444444444444, delay:0.6947703891330295, throughput:1949
Real rollout step:22/100, travel time:301.23283909939596, rewards:-179.76166449652777, queue:119.88888888888889, delay:0.8652440388997396, throughput:1582
forward model: training agent 0.
Epoch 0: forward train average loss 0.032329445911778346.
epoch 0: forward test average loss 0.03528489503595564.
Epoch 99: forward train average loss 0.011628237035539415.
epoch 99: forward test average loss 0.017881846262349024.
inverse model, training agent 0.
epoch 0: inverse train average loss 0.015720984588066738.
epoch 0: inverse test average loss 0.023246390952004328.
epoch 99: inverse train average loss 0.006183582151101695.
epoch 99: inverse test average loss 0.00754663058453136.
Policy training episode: 22, grounded actions taken: 251, last two uncertainties: {0: [0.4191688718067275, 0.40259343025585015]}, avg agent uncertainties: [0.41088115103128886], grounded actions by agent: [251]
Policy training episode: 22, iteration 0/1, policy training avg travel time:168.03958436417616, q_loss:188.72430419921875, rewards:-81.48455946180556, queue:53.99166666666667, delay:0.7100557963053385, throughput:1904
Sim Rollout episode:23/100, sim avg travel time:130.61454725383473, rewards:-56.46416558159722, queue:37.38611111111111, delay:0.6785988277859158, throughput:1963
Real rollout step:23/100, travel time:305.1758957654723, rewards:-185.21994357638889, queue:123.575, delay:0.8659161885579427, throughput:1604
forward model: training agent 0.
Epoch 0: forward train average loss 0.013827468785974715.
epoch 0: forward test average loss 0.020789676242404513.
Epoch 99: forward train average loss 0.01092888642516401.
epoch 99: forward test average loss 0.019940539366669126.
inverse model, training agent 0.
epoch 0: inverse train average loss 0.010184949626111321.
epoch 0: inverse test average loss 0.03392431139945984.
epoch 99: inverse train average loss 0.004748162710004383.
epoch 99: inverse test average loss 0.01057906738585896.
Policy training episode: 23, grounded actions taken: 86, last two uncertainties: {0: [0.40259343025585015, 0.558463734222783]}, avg agent uncertainties: [0.48052858223931655], grounded actions by agent: [86]
Policy training episode: 23, iteration 0/1, policy training avg travel time:133.71400296882732, q_loss:187.03480529785156, rewards:-57.14831814236111, queue:37.78333333333333, delay:0.6913565317789714, throughput:1964
Sim Rollout episode:24/100, sim avg travel time:113.38000989609104, rewards:-42.16706814236111, queue:27.78611111111111, delay:0.6667127821180555, throughput:1972
Real rollout step:24/100, travel time:278.91150954308847, rewards:-154.1095703125, queue:102.69722222222222, delay:0.8681932237413195, throughput:1548
forward model: training agent 0.
Epoch 0: forward train average loss 0.015737759984201856.
epoch 0: forward test average loss 0.022600332068072423.
Epoch 99: forward train average loss 0.010851082702477774.
epoch 99: forward test average loss 0.018972884449693892.
inverse model, training agent 0.
epoch 0: inverse train average loss 0.011332761082384322.
epoch 0: inverse test average loss 0.014313942442337671.
epoch 99: inverse train average loss 0.005932482269903024.
epoch 99: inverse test average loss 0.00836802770694097.
Policy training episode: 24, grounded actions taken: 262, last two uncertainties: {0: [0.558463734222783, 0.4186624971942769]}, avg agent uncertainties: [0.48856311570852995], grounded actions by agent: [262]
Policy training episode: 24, iteration 0/1, policy training avg travel time:178.64176150420585, q_loss:183.74896240234375, rewards:-81.77083875868055, queue:54.13055555555555, delay:0.7198836432562934, throughput:1893
Sim Rollout episode:25/100, sim avg travel time:129.8174171202375, rewards:-54.09127061631944, queue:35.769444444444446, delay:0.6939366658528646, throughput:1970
Real rollout step:25/100, travel time:283.1078320090806, rewards:-159.59704861111112, queue:106.41666666666667, delay:0.8677581787109375, throughput:1560
forward model: training agent 0.
Epoch 0: forward train average loss 0.013929225711358918.
epoch 0: forward test average loss 0.019756957060760923.
Epoch 99: forward train average loss 0.010853079665038321.
epoch 99: forward test average loss 0.018035035994317796.
inverse model, training agent 0.
epoch 0: inverse train average loss 0.009522919439607196.
epoch 0: inverse test average loss 0.005768686377753814.
epoch 99: inverse train average loss 0.007726356024957365.
epoch 99: inverse test average loss 0.00938208732340071.
Policy training episode: 25, grounded actions taken: 203, last two uncertainties: {0: [0.4186624971942769, 0.46659838615192306]}, avg agent uncertainties: [0.44263044167309995], grounded actions by agent: [203]
Policy training episode: 25, iteration 0/1, policy training avg travel time:161.56556160316674, q_loss:184.2325897216797, rewards:-73.97043728298611, queue:49.00277777777778, delay:0.6946101294623481, throughput:1917
Sim Rollout episode:26/100, sim avg travel time:133.5779317169718, rewards:-58.945399305555554, queue:39.041666666666664, delay:0.6796344333224826, throughput:1953
Real rollout step:26/100, travel time:293.6032731376975, rewards:-168.77624782986112, queue:112.525, delay:0.8686621771918402, throughput:1573
forward model: training agent 0.
Epoch 0: forward train average loss 0.012010127926866213.
epoch 0: forward test average loss 0.01886744714445538.
Epoch 99: forward train average loss 0.010831930985053381.
epoch 99: forward test average loss 0.02355044749048021.
inverse model, training agent 0.
epoch 0: inverse train average loss 0.008905743145280413.
epoch 0: inverse test average loss 0.010772635539372763.
epoch 99: inverse train average loss 0.0043807838422556715.
epoch 99: inverse test average loss 0.00899417284462187.
Policy training episode: 26, grounded actions taken: 161, last two uncertainties: {0: [0.46659838615192306, 0.4660498064011335]}, avg agent uncertainties: [0.46632409627652827], grounded actions by agent: [161]
Policy training episode: 26, iteration 0/1, policy training avg travel time:144.5012370113805, q_loss:179.03721618652344, rewards:-63.398746744791666, queue:41.919444444444444, delay:0.7047290378146701, throughput:1953
Sim Rollout episode:27/100, sim avg travel time:117.6580900544285, rewards:-44.44290364583333, queue:29.316666666666666, delay:0.6463589138454862, throughput:1972
Real rollout step:27/100, travel time:247.6550724637681, rewards:-129.58207465277778, queue:86.34444444444445, delay:0.8301245795355903, throughput:1564
forward model: training agent 0.
Epoch 0: forward train average loss 0.01467432826757431.
epoch 0: forward test average loss 0.022861974106894598.
Epoch 99: forward train average loss 0.010172271273202367.
epoch 99: forward test average loss 0.016513742920425203.
inverse model, training agent 0.
epoch 0: inverse train average loss 0.010874475662906965.
epoch 0: inverse test average loss 0.037497742308510676.
epoch 99: inverse train average loss 0.005731119205140405.
epoch 99: inverse test average loss 0.014092400670051575.
Policy training episode: 27, grounded actions taken: 219, last two uncertainties: {0: [0.4660498064011335, 0.4234479775031408]}, avg agent uncertainties: [0.4447488919521372], grounded actions by agent: [219]
Policy training episode: 27, iteration 0/1, policy training avg travel time:143.1880257298367, q_loss:176.1570281982422, rewards:-61.20667860243056, queue:40.475, delay:0.6937511444091797, throughput:1957
Sim Rollout episode:28/100, sim avg travel time:118.84265215239981, rewards:-45.90123697916667, queue:30.3, delay:0.6612112257215712, throughput:1970
Real rollout step:28/100, travel time:262.1093210586881, rewards:-141.4495334201389, queue:94.325, delay:0.8571722242567275, throughput:1573
forward model: training agent 0.
Epoch 0: forward train average loss 0.012144624359077878.
epoch 0: forward test average loss 0.022503986126846738.
Epoch 99: forward train average loss 0.010547916094462076.
epoch 99: forward test average loss 0.029040412770377264.
inverse model, training agent 0.
epoch 0: inverse train average loss 0.011498311431043677.
epoch 0: inverse test average loss 0.011588263014952341.
epoch 99: inverse train average loss 0.0075873760506510735.
epoch 99: inverse test average loss 0.011906032347016864.
Policy training episode: 28, grounded actions taken: 104, last two uncertainties: {0: [0.4234479775031408, 0.5600187340544329]}, avg agent uncertainties: [0.49173335577878685], grounded actions by agent: [104]
Policy training episode: 28, iteration 0/1, policy training avg travel time:141.86887679366652, q_loss:179.54641723632812, rewards:-57.91877712673611, queue:38.272222222222226, delay:0.6756643931070964, throughput:1964
Sim Rollout episode:29/100, sim avg travel time:130.12666996536367, rewards:-52.48416883680556, queue:34.644444444444446, delay:0.6727156745062934, throughput:1965
Real rollout step:29/100, travel time:263.3480475382003, rewards:-144.39294704861112, queue:96.25555555555556, delay:0.8528800964355469, throughput:1605
forward model: training agent 0.
Epoch 0: forward train average loss 0.017373011964890692.
epoch 0: forward test average loss 0.03658071988158756.
Epoch 99: forward train average loss 0.010210678602258364.
epoch 99: forward test average loss 0.028371009561750624.
inverse model, training agent 0.
epoch 0: inverse train average loss 0.016173633022440806.
epoch 0: inverse test average loss 0.021870480643378362.
epoch 99: inverse train average loss 0.009372427956097655.
epoch 99: inverse test average loss 0.015255454927682877.
Policy training episode: 29, grounded actions taken: 21, last two uncertainties: {0: [0.5600187340544329, 0.7801587257120345]}, avg agent uncertainties: [0.6700887298832336], grounded actions by agent: [21]
Policy training episode: 29, iteration 0/1, policy training avg travel time:149.06577645895155, q_loss:182.23451232910156, rewards:-62.312098524305554, queue:41.18333333333333, delay:0.6984046088324652, throughput:1958
Sim Rollout episode:30/100, sim avg travel time:125.40029688273133, rewards:-51.194178602430554, queue:33.85, delay:0.6759710523817274, throughput:1972
Real rollout step:30/100, travel time:273.37064220183487, rewards:-140.51082899305555, queue:93.71388888888889, delay:0.8306978013780382, throughput:1465
forward model: training agent 0.
Epoch 0: forward train average loss 0.012524266830748983.
epoch 0: forward test average loss 0.019949365821149614.
Epoch 99: forward train average loss 0.00972752355866962.
epoch 99: forward test average loss 0.015550498333242204.
inverse model, training agent 0.
epoch 0: inverse train average loss 0.008662010646528669.
epoch 0: inverse test average loss 0.015169013291597366.
epoch 99: inverse train average loss 0.005266189006053739.
epoch 99: inverse test average loss 0.019770039866367977.
Policy training episode: 30, grounded actions taken: 184, last two uncertainties: {0: [0.7801587257120345, 0.6712657709916433]}, avg agent uncertainties: [0.7257122483518389], grounded actions by agent: [184]
Policy training episode: 30, iteration 0/1, policy training avg travel time:137.6541316180109, q_loss:172.39300537109375, rewards:-52.68960503472222, queue:34.775, delay:0.6505091773139106, throughput:1962
Sim Rollout episode:31/100, sim avg travel time:119.35378525482434, rewards:-47.09333767361111, queue:31.09722222222222, delay:0.685060543484158, throughput:1976
Real rollout step:31/100, travel time:264.50854214123007, rewards:-144.41665581597223, queue:96.31944444444444, delay:0.8562550862630208, throughput:1568
forward model: training agent 0.
Epoch 0: forward train average loss 0.015744957658979628.
epoch 0: forward test average loss 0.024080336093902588.
Epoch 99: forward train average loss 0.009581442301472029.
epoch 99: forward test average loss 0.019227064318127103.
inverse model, training agent 0.
epoch 0: inverse train average loss 0.008142245105571218.
epoch 0: inverse test average loss 0.0115628552933534.
epoch 99: inverse train average loss 0.0060576337079207105.
epoch 99: inverse test average loss 0.017223749723699357.
Policy training episode: 31, grounded actions taken: 219, last two uncertainties: {0: [0.6712657709916433, 0.6859829703138934]}, avg agent uncertainties: [0.6786243706527684], grounded actions by agent: [219]
Policy training episode: 31, iteration 0/1, policy training avg travel time:152.96585848589808, q_loss:166.50616455078125, rewards:-62.92705620659722, queue:41.53333333333333, delay:0.6949927435980903, throughput:1947
Sim Rollout episode:32/100, sim avg travel time:182.30727362691738, rewards:-71.09919704861112, queue:47.18888888888889, delay:0.6587547726101346, throughput:1913
Real rollout step:32/100, travel time:284.50985545335084, rewards:-137.66710069444446, queue:91.83333333333333, delay:0.7891574435763888, throughput:1354
forward model: training agent 0.
Epoch 0: forward train average loss 0.015794115968876414.
epoch 0: forward test average loss 0.020171023077434964.
Epoch 99: forward train average loss 0.009219805813497968.
epoch 99: forward test average loss 0.017045733001497056.
inverse model, training agent 0.
epoch 0: inverse train average loss 0.015790781213177577.
epoch 0: inverse test average loss 0.030769846505588956.
epoch 99: inverse train average loss 0.006455631202293767.
epoch 99: inverse test average loss 0.012500320043828752.
Policy training episode: 32, grounded actions taken: 226, last two uncertainties: {0: [0.6859829703138934, 0.6055909940765963]}, avg agent uncertainties: [0.6457869821952449], grounded actions by agent: [226]
Policy training episode: 32, iteration 0/1, policy training avg travel time:135.96734289955467, q_loss:171.38641357421875, rewards:-56.36082356770833, queue:37.208333333333336, delay:0.669456524319119, throughput:1916
Sim Rollout episode:33/100, sim avg travel time:117.5546759030183, rewards:-44.38375108506944, queue:29.21388888888889, delay:0.6468898773193359, throughput:1972
Real rollout step:33/100, travel time:287.06135357368754, rewards:-144.55792100694444, queue:96.42222222222222, delay:0.8199630737304687, throughput:1405
forward model: training agent 0.
Epoch 0: forward train average loss 0.011478333009613885.
epoch 0: forward test average loss 0.017896590961350337.
Epoch 99: forward train average loss 0.008917357876069017.
epoch 99: forward test average loss 0.015419481529129876.
inverse model, training agent 0.
epoch 0: inverse train average loss 0.008652032352983952.
epoch 0: inverse test average loss 0.016415958603223164.
epoch 99: inverse train average loss 0.005522488461186488.
epoch 99: inverse test average loss 0.00970494250456492.
Policy training episode: 33, grounded actions taken: 114, last two uncertainties: {0: [0.6055909940765963, 0.7200373915334543]}, avg agent uncertainties: [0.6628141928050253], grounded actions by agent: [114]
Policy training episode: 33, iteration 0/1, policy training avg travel time:135.96684809500246, q_loss:175.7461395263672, rewards:-55.891270616319446, queue:36.952777777777776, delay:0.6628513760036893, throughput:1965
Sim Rollout episode:34/100, sim avg travel time:133.2384957941613, rewards:-54.91915690104167, queue:36.333333333333336, delay:0.6492586347791883, throughput:1966
Real rollout step:34/100, travel time:316.85627938213565, rewards:-154.91166449652778, queue:103.31111111111112, delay:0.7926155938042535, throughput:1303
forward model: training agent 0.
Epoch 0: forward train average loss 0.010153305406371752.
epoch 0: forward test average loss 0.014504169838296043.
Epoch 99: forward train average loss 0.008702861662540171.
epoch 99: forward test average loss 0.016331980625788372.
inverse model, training agent 0.
epoch 0: inverse train average loss 0.007920483644637797.
epoch 0: inverse test average loss 0.013931248750951555.
epoch 99: inverse train average loss 0.005339074672924148.
epoch 99: inverse test average loss 0.010820967455705007.
Policy training episode: 34, grounded actions taken: 203, last two uncertainties: {0: [0.7200373915334543, 0.6209013117684259]}, avg agent uncertainties: [0.6704693516509401], grounded actions by agent: [203]
Policy training episode: 34, iteration 0/1, policy training avg travel time:174.13656605640773, q_loss:170.095703125, rewards:-64.55667860243055, queue:42.59722222222222, delay:0.6917240142822265, throughput:1912
Sim Rollout episode:35/100, sim avg travel time:166.48391885205345, rewards:-66.61749674479167, queue:44.12222222222222, delay:0.6532079060872396, throughput:1891
Real rollout step:35/100, travel time:271.2790996784566, rewards:-130.80164930555554, queue:87.25277777777778, delay:0.7761461893717448, throughput:1394
forward model: training agent 0.
Epoch 0: forward train average loss 0.0097470266951455.
epoch 0: forward test average loss 0.013946571697791418.
Epoch 99: forward train average loss 0.008527554985549714.
epoch 99: forward test average loss 0.01655421406030655.
inverse model, training agent 0.
epoch 0: inverse train average loss 0.005845769256767299.
epoch 0: inverse test average loss 0.010425195511844423.
epoch 99: inverse train average loss 0.004967960166848368.
epoch 99: inverse test average loss 0.011565099987718794.
Policy training episode: 35, grounded actions taken: 220, last two uncertainties: {0: [0.6209013117684259, 0.6003115337755945]}, avg agent uncertainties: [0.6106064227720103], grounded actions by agent: [220]
Policy training episode: 35, iteration 0/1, policy training avg travel time:139.30875804057396, q_loss:174.45521545410156, rewards:-56.05418294270833, queue:36.975, delay:0.6529255761040582, throughput:1957
Sim Rollout episode:36/100, sim avg travel time:158.8941118258288, rewards:-61.239171006944446, queue:40.51111111111111, delay:0.6627631293402778, throughput:1906
Real rollout step:36/100, travel time:299.75135135135133, rewards:-141.98832465277778, queue:94.75277777777778, delay:0.7817963494194878, throughput:1307
forward model: training agent 0.
Epoch 0: forward train average loss 0.010971581149432395.
epoch 0: forward test average loss 0.01617347366280026.
Epoch 99: forward train average loss 0.008040192537009716.
epoch 99: forward test average loss 0.015136605335606469.
inverse model, training agent 0.
epoch 0: inverse train average loss 0.005827608570042584.
epoch 0: inverse test average loss 0.016326388551129237.
epoch 99: inverse train average loss 0.00412631712646948.
epoch 99: inverse test average loss 0.006980130035016272.
Policy training episode: 36, grounded actions taken: 165, last two uncertainties: {0: [0.6003115337755945, 0.6105638105008337]}, avg agent uncertainties: [0.6054376721382142], grounded actions by agent: [165]
Policy training episode: 36, iteration 0/1, policy training avg travel time:127.07570509648689, q_loss:172.26560974121094, rewards:-50.35124782986111, queue:33.208333333333336, delay:0.6586959415011936, throughput:1961
Sim Rollout episode:37/100, sim avg travel time:113.36120732310738, rewards:-42.00665961371528, queue:27.613888888888887, delay:0.6640445285373264, throughput:1974
Real rollout step:37/100, travel time:247.31834319526627, rewards:-125.62835286458333, queue:83.77777777777777, delay:0.814058600531684, throughput:1525
forward model: training agent 0.
Epoch 0: forward train average loss 0.014818994949261347.
epoch 0: forward test average loss 0.02043204754590988.
Epoch 99: forward train average loss 0.010087381220526166.
epoch 99: forward test average loss 0.01921598778830634.
inverse model, training agent 0.
epoch 0: inverse train average loss 0.012264293101098802.
epoch 0: inverse test average loss 0.011542664116455449.
epoch 99: inverse train average loss 0.006182824571927388.
epoch 99: inverse test average loss 0.014589017464054955.
Policy training episode: 37, grounded actions taken: 128, last two uncertainties: {0: [0.6105638105008337, 0.696099426680141]}, avg agent uncertainties: [0.6533316185904874], grounded actions by agent: [128]
Policy training episode: 37, iteration 0/1, policy training avg travel time:151.44235526966847, q_loss:171.0143585205078, rewards:-61.66838650173611, queue:40.78888888888889, delay:0.6750204298231337, throughput:1935
Sim Rollout episode:38/100, sim avg travel time:185.07323107372588, rewards:-71.32374131944445, queue:47.25833333333333, delay:0.6591067843967013, throughput:1880
Real rollout step:38/100, travel time:285.62906436629066, rewards:-135.44039713541667, queue:90.37222222222222, delay:0.7759125603569879, throughput:1335
forward model: training agent 0.
Epoch 0: forward train average loss 0.011557444723116027.
epoch 0: forward test average loss 0.018335991435580783.
Epoch 99: forward train average loss 0.008052038546237681.
epoch 99: forward test average loss 0.013819379525052177.
inverse model, training agent 0.
epoch 0: inverse train average loss 0.014624849168790711.
epoch 0: inverse test average loss 0.021189805534150865.
epoch 99: inverse train average loss 0.004779445783545573.
epoch 99: inverse test average loss 0.005388394205106629.
Policy training episode: 38, grounded actions taken: 165, last two uncertainties: {0: [0.696099426680141, 0.639107293387254]}, avg agent uncertainties: [0.6676033600336975], grounded actions by agent: [165]
Policy training episode: 38, iteration 0/1, policy training avg travel time:149.07075705096486, q_loss:170.69085693359375, rewards:-61.67582465277778, queue:40.77777777777778, delay:0.6802344004313151, throughput:1947
Sim Rollout episode:39/100, sim avg travel time:121.18802572983671, rewards:-47.735416666666666, queue:31.52777777777778, delay:0.6433434380425347, throughput:1971
Real rollout step:39/100, travel time:327.9647058823529, rewards:-156.474609375, queue:104.36111111111111, delay:0.7737272474500868, throughput:1253
forward model: training agent 0.
Epoch 0: forward train average loss 0.010666334587666724.
epoch 0: forward test average loss 0.01952048142751058.
Epoch 99: forward train average loss 0.008247460031674968.
epoch 99: forward test average loss 0.013069789856672287.
inverse model, training agent 0.
epoch 0: inverse train average loss 0.006562452142437299.
epoch 0: inverse test average loss 0.011707597722609838.
epoch 99: inverse train average loss 0.004748362064775493.
epoch 99: inverse test average loss 0.011655727194415199.
Policy training episode: 39, grounded actions taken: 172, last two uncertainties: {0: [0.639107293387254, 0.6624354859193166]}, avg agent uncertainties: [0.6507713896532853], grounded actions by agent: [172]
Policy training episode: 39, iteration 0/1, policy training avg travel time:152.8703612073231, q_loss:163.9019775390625, rewards:-65.17165798611111, queue:43.05833333333333, delay:0.6825181749131944, throughput:1947
Sim Rollout episode:40/100, sim avg travel time:167.09599208312716, rewards:-65.97502170138888, queue:43.71666666666667, delay:0.6459697723388672, throughput:1911
Real rollout step:40/100, travel time:300.99797707349967, rewards:-143.03956163194445, queue:95.39444444444445, delay:0.7632511562771267, throughput:1309
forward model: training agent 0.
Epoch 0: forward train average loss 0.008675923881431421.
epoch 0: forward test average loss 0.01572755475838979.
Epoch 99: forward train average loss 0.007776747664643658.
epoch 99: forward test average loss 0.015400463508235084.
inverse model, training agent 0.
epoch 0: inverse train average loss 0.005594365298748016.
epoch 0: inverse test average loss 0.011834231101804309.
epoch 99: inverse train average loss 0.003849310748693016.
epoch 99: inverse test average loss 0.008796647191047668.
Policy training episode: 40, grounded actions taken: 174, last two uncertainties: {0: [0.6624354859193166, 0.6355669521623187]}, avg agent uncertainties: [0.6490012190408176], grounded actions by agent: [174]
Policy training episode: 40, iteration 0/1, policy training avg travel time:136.43344878772885, q_loss:167.31166076660156, rewards:-56.243733723958336, queue:37.166666666666664, delay:0.6744218190511068, throughput:1963
Sim Rollout episode:41/100, sim avg travel time:126.06877783275606, rewards:-50.80833333333333, queue:33.516666666666666, delay:0.6732250213623047, throughput:1972
Real rollout step:41/100, travel time:289.5297515886771, rewards:-161.93585069444444, queue:108.01944444444445, delay:0.8629107157389323, throughput:1526
forward model: training agent 0.
Epoch 0: forward train average loss 0.022138193663623598.
epoch 0: forward test average loss 0.03230112294356028.
Epoch 99: forward train average loss 0.010476878119839562.
epoch 99: forward test average loss 0.022607117891311646.
inverse model, training agent 0.
epoch 0: inverse train average loss 0.011981672296921412.
epoch 0: inverse test average loss 0.037436135941081576.
epoch 99: inverse train average loss 0.0052991791938742.
epoch 99: inverse test average loss 0.0066889650705787874.
Policy training episode: 41, grounded actions taken: 141, last two uncertainties: {0: [0.6355669521623187, 0.699988511370288]}, avg agent uncertainties: [0.6677777317663034], grounded actions by agent: [141]
Policy training episode: 41, iteration 0/1, policy training avg travel time:145.45324096981693, q_loss:170.43878173828125, rewards:-60.018733723958334, queue:39.580555555555556, delay:0.670282491048177, throughput:1941
Sim Rollout episode:42/100, sim avg travel time:123.32855022266205, rewards:-48.34001193576389, queue:31.966666666666665, delay:0.6457330067952474, throughput:1972
Real rollout step:42/100, travel time:260.8878504672897, rewards:-127.6483181423611, queue:85.10833333333333, delay:0.7885988871256511, throughput:1445
forward model: training agent 0.
Epoch 0: forward train average loss 0.012657482797900835.
epoch 0: forward test average loss 0.01630165179570516.
Epoch 99: forward train average loss 0.009281292971637514.
epoch 99: forward test average loss 0.011873801549275717.
inverse model, training agent 0.
epoch 0: inverse train average loss 0.008612554209927717.
epoch 0: inverse test average loss 0.011904583209090762.
epoch 99: inverse train average loss 0.005143655981454585.
epoch 99: inverse test average loss 0.00585940500928296.
Policy training episode: 42, grounded actions taken: 133, last two uncertainties: {0: [0.699988511370288, 0.7291738864448335]}, avg agent uncertainties: [0.7145811989075608], grounded actions by agent: [133]
Policy training episode: 42, iteration 0/1, policy training avg travel time:138.37852548243444, q_loss:168.44418334960938, rewards:-57.254573567708334, queue:37.78611111111111, delay:0.691162109375, throughput:1969
Sim Rollout episode:43/100, sim avg travel time:108.2642256308758, rewards:-38.05584038628472, queue:25.016666666666666, delay:0.6431352403428819, throughput:1974
Real rollout step:43/100, travel time:252.54847801578353, rewards:-137.5579318576389, queue:91.725, delay:0.8538731892903646, throughput:1612
forward model: training agent 0.
Epoch 0: forward train average loss 0.014661034155223105.
epoch 0: forward test average loss 0.02561234434445699.
Epoch 99: forward train average loss 0.010107431353794204.
epoch 99: forward test average loss 0.018479250371456146.
inverse model, training agent 0.
epoch 0: inverse train average loss 0.00561045187835892.
epoch 0: inverse test average loss 0.013102310399214426.
epoch 99: inverse train average loss 0.0041737920190725065.
epoch 99: inverse test average loss 0.007614338563548194.
Policy training episode: 43, grounded actions taken: 171, last two uncertainties: {0: [0.7291738864448335, 0.72555570602417]}, avg agent uncertainties: [0.7273647962345018], grounded actions by agent: [171]
Policy training episode: 43, iteration 0/1, policy training avg travel time:135.53785254824345, q_loss:169.27857971191406, rewards:-52.53874782986111, queue:34.644444444444446, delay:0.6523427327473958, throughput:1962
Sim Rollout episode:44/100, sim avg travel time:119.89064819396339, rewards:-46.72333984375, queue:30.833333333333332, delay:0.6588033040364584, throughput:1976
Real rollout step:44/100, travel time:280.90484530064214, rewards:-153.34917534722223, queue:102.2, delay:0.8411411709255643, throughput:1529
forward model: training agent 0.
Epoch 0: forward train average loss 0.011664303640524546.
epoch 0: forward test average loss 0.02075790862242381.
Epoch 99: forward train average loss 0.009349327017035749.
epoch 99: forward test average loss 0.01958938522471322.
inverse model, training agent 0.
epoch 0: inverse train average loss 0.004889062657538388.
epoch 0: inverse test average loss 0.012670212528771825.
epoch 99: inverse train average loss 0.0036562539947529635.
epoch 99: inverse test average loss 0.004966069840722614.
Policy training episode: 44, grounded actions taken: 211, last two uncertainties: {0: [0.72555570602417, 0.6658431073857678]}, avg agent uncertainties: [0.6956994067049689], grounded actions by agent: [211]
Policy training episode: 44, iteration 0/1, policy training avg travel time:123.30331519049976, q_loss:162.84332275390625, rewards:-48.413335503472226, queue:31.872222222222224, delay:0.6627677493625217, throughput:1959
Sim Rollout episode:45/100, sim avg travel time:120.96387926768926, rewards:-48.33499348958333, queue:31.961111111111112, delay:0.6663903554280599, throughput:1966
Real rollout step:45/100, travel time:267.85706246482835, rewards:-149.13916015625, queue:99.46388888888889, delay:0.8500348409016927, throughput:1589
forward model: training agent 0.
Epoch 0: forward train average loss 0.013544970088534884.
epoch 0: forward test average loss 0.01604121882054541.
Epoch 99: forward train average loss 0.010342556776271926.
epoch 99: forward test average loss 0.017495930194854736.
inverse model, training agent 0.
epoch 0: inverse train average loss 0.008386119993196594.
epoch 0: inverse test average loss 0.015053651399082608.
epoch 99: inverse train average loss 0.005209494382143021.
epoch 99: inverse test average loss 0.01023930518163575.
Policy training episode: 45, grounded actions taken: 160, last two uncertainties: {0: [0.6658431073857678, 0.7121838506725099]}, avg agent uncertainties: [0.6890134790291389], grounded actions by agent: [160]
Policy training episode: 45, iteration 0/1, policy training avg travel time:146.09401286491837, q_loss:157.23541259765625, rewards:-61.51459418402778, queue:40.641666666666666, delay:0.6947515275743272, throughput:1958
Sim Rollout episode:46/100, sim avg travel time:132.6833250865908, rewards:-55.90458441840278, queue:37.03888888888889, delay:0.6813326941596137, throughput:1967
Real rollout step:46/100, travel time:273.33930571108624, rewards:-153.11878255208333, queue:102.16388888888889, delay:0.8610965304904514, throughput:1584
forward model: training agent 0.
Epoch 0: forward train average loss 0.03287928385867013.
epoch 0: forward test average loss 0.06124563349617852.
Epoch 99: forward train average loss 0.009906165301799774.
epoch 99: forward test average loss 0.0207492137948672.
inverse model, training agent 0.
epoch 0: inverse train average loss 0.014730519511633448.
epoch 0: inverse test average loss 0.024333607819345262.
epoch 99: inverse train average loss 0.005796378064486716.
epoch 99: inverse test average loss 0.011175498159395324.
Policy training episode: 46, grounded actions taken: 96, last two uncertainties: {0: [0.7121838506725099, 0.838634280860424]}, avg agent uncertainties: [0.775409065766467], grounded actions by agent: [96]
Policy training episode: 46, iteration 0/1, policy training avg travel time:139.4760019792182, q_loss:149.35116577148438, rewards:-56.71749131944444, queue:37.455555555555556, delay:0.67912720574273, throughput:1967
Sim Rollout episode:47/100, sim avg travel time:117.40079168728353, rewards:-44.72540961371528, queue:29.497222222222224, delay:0.6699679056803386, throughput:1982
Real rollout step:47/100, travel time:264.6787103946637, rewards:-149.1787326388889, queue:99.46944444444445, delay:0.8623931884765625, throughput:1621
forward model: training agent 0.
Epoch 0: forward train average loss 0.013277694996860292.
epoch 0: forward test average loss 0.019976055456532374.
Epoch 99: forward train average loss 0.009445125237107277.
epoch 99: forward test average loss 0.019767429265711043.
inverse model, training agent 0.
epoch 0: inverse train average loss 0.008160761040118005.
epoch 0: inverse test average loss 0.011630306641260782.
epoch 99: inverse train average loss 0.0049975379887554384.
epoch 99: inverse test average loss 0.014958817925718095.
Policy training episode: 47, grounded actions taken: 184, last two uncertainties: {0: [0.838634280860424, 0.7772720801333587]}, avg agent uncertainties: [0.8079531804968914], grounded actions by agent: [184]
Policy training episode: 47, iteration 0/1, policy training avg travel time:116.53142008906482, q_loss:152.18966674804688, rewards:-43.040836588541666, queue:28.325, delay:0.6341476016574435, throughput:1965
Sim Rollout episode:48/100, sim avg travel time:107.59594460929773, rewards:-37.764583333333334, queue:24.855555555555554, delay:0.6407450358072917, throughput:1979
Real rollout step:48/100, travel time:239.0119318181818, rewards:-124.79246961805555, queue:83.21666666666667, delay:0.8469021267361111, throughput:1595
forward model: training agent 0.
Epoch 0: forward train average loss 0.012313427403569221.
epoch 0: forward test average loss 0.0206916191511684.
Epoch 99: forward train average loss 0.009596511411170164.
epoch 99: forward test average loss 0.018136760426892176.
inverse model, training agent 0.
epoch 0: inverse train average loss 0.004950251275052627.
epoch 0: inverse test average loss 0.010393649753597047.
epoch 99: inverse train average loss 0.0026515878012610804.
epoch 99: inverse test average loss 0.004491896782484319.
Policy training episode: 48, grounded actions taken: 182, last two uncertainties: {0: [0.7772720801333587, 0.7816957911683453]}, avg agent uncertainties: [0.7794839356508521], grounded actions by agent: [182]
Policy training episode: 48, iteration 0/1, policy training avg travel time:130.62741217219198, q_loss:145.3086395263672, rewards:-52.54582248263889, queue:34.65277777777778, delay:0.6736490885416667, throughput:1969
Sim Rollout episode:49/100, sim avg travel time:114.88866897575458, rewards:-44.15084092881944, queue:29.155555555555555, delay:0.6462937672932942, throughput:1965
Real rollout step:49/100, travel time:271.6191011235955, rewards:-153.05539279513889, queue:102.06944444444444, delay:0.8613892449273004, throughput:1592
forward model: training agent 0.
Epoch 0: forward train average loss 0.011363787369595634.
epoch 0: forward test average loss 0.020726627773708768.
Epoch 99: forward train average loss 0.009990713248650232.
epoch 99: forward test average loss 0.017619761327902477.
inverse model, training agent 0.
epoch 0: inverse train average loss 0.007265341364675098.
epoch 0: inverse test average loss 0.015693155427773792.
epoch 99: inverse train average loss 0.0037853196263313293.
epoch 99: inverse test average loss 0.004766212026071217.
Policy training episode: 49, grounded actions taken: 224, last two uncertainties: {0: [0.7816957911683453, 0.7053058261672656]}, avg agent uncertainties: [0.7435008086678054], grounded actions by agent: [224]
Policy training episode: 49, iteration 0/1, policy training avg travel time:128.52350321622959, q_loss:141.0259246826172, rewards:-51.65791015625, queue:34.06666666666667, delay:0.663399166531033, throughput:1927
Sim Rollout episode:50/100, sim avg travel time:110.98664027709054, rewards:-40.07668185763889, queue:26.408333333333335, delay:0.6345995161268446, throughput:1978
Real rollout step:50/100, travel time:263.6, rewards:-150.69083116319445, queue:100.56388888888888, delay:0.864269765218099, throughput:1617
forward model: training agent 0.
Epoch 0: forward train average loss 0.01219175486928887.
epoch 0: forward test average loss 0.024188136888874903.
Epoch 99: forward train average loss 0.010111346013016172.
epoch 99: forward test average loss 0.019670073356893327.
inverse model, training agent 0.
epoch 0: inverse train average loss 0.005651415429181523.
epoch 0: inverse test average loss 0.0057681515916354125.
epoch 99: inverse train average loss 0.0032419300017257533.
epoch 99: inverse test average loss 0.007765275529689259.
Policy training episode: 50, grounded actions taken: 171, last two uncertainties: {0: [0.7053058261672656, 0.7598730338116487]}, avg agent uncertainties: [0.7325894299894571], grounded actions by agent: [171]
Policy training episode: 50, iteration 0/1, policy training avg travel time:119.91439881246907, q_loss:145.0713653564453, rewards:-44.271259223090276, queue:29.175, delay:0.630206553141276, throughput:1971
Sim Rollout episode:51/100, sim avg travel time:111.05541810984661, rewards:-39.63541395399306, queue:26.066666666666666, delay:0.6452373928493924, throughput:1977
Real rollout step:51/100, travel time:264.62015945330296, rewards:-146.01459418402777, queue:97.40277777777777, delay:0.855670420328776, throughput:1575
forward model: training agent 0.
Epoch 0: forward train average loss 0.013501246149341265.
epoch 0: forward test average loss 0.018858264717790816.
Epoch 99: forward train average loss 0.011005757790472772.
epoch 99: forward test average loss 0.01831629127264023.
inverse model, training agent 0.
epoch 0: inverse train average loss 0.004429267564167579.
epoch 0: inverse test average loss 0.0026473209210154084.
epoch 99: inverse train average loss 0.0028937203395697805.
epoch 99: inverse test average loss 0.00410389072365231.
Policy training episode: 51, grounded actions taken: 133, last two uncertainties: {0: [0.7598730338116487, 0.7968035786516137]}, avg agent uncertainties: [0.7783383062316311], grounded actions by agent: [133]
Policy training episode: 51, iteration 0/1, policy training avg travel time:138.30826323602176, q_loss:140.509033203125, rewards:-56.03752712673611, queue:36.975, delay:0.6683049519856771, throughput:1967
Sim Rollout episode:52/100, sim avg travel time:110.45324096981692, rewards:-38.932080078125, queue:25.58888888888889, delay:0.6393430921766493, throughput:1981
Real rollout step:52/100, travel time:286.68381502890173, rewards:-160.42166883680557, queue:106.95555555555555, delay:0.870796627468533, throughput:1542
forward model: training agent 0.
Epoch 0: forward train average loss 0.013798912159270711.
epoch 0: forward test average loss 0.02160442703300052.
Epoch 99: forward train average loss 0.010706692727075683.
epoch 99: forward test average loss 0.01829060498211119.
inverse model, training agent 0.
epoch 0: inverse train average loss 0.013394244998279545.
epoch 0: inverse test average loss 0.010444339571727647.
epoch 99: inverse train average loss 0.005642404831531975.
epoch 99: inverse test average loss 0.010626376710004277.
Policy training episode: 52, grounded actions taken: 116, last two uncertainties: {0: [0.7968035786516137, 0.8612371337910493]}, avg agent uncertainties: [0.8290203562213314], grounded actions by agent: [116]
Policy training episode: 52, iteration 0/1, policy training avg travel time:133.4250371103414, q_loss:141.77389526367188, rewards:-51.10167100694444, queue:33.56388888888889, delay:0.6737184736463758, throughput:1969
Sim Rollout episode:53/100, sim avg travel time:107.9742701632855, rewards:-37.984171549479164, queue:25.005555555555556, delay:0.6401798672146267, throughput:1976
Real rollout step:53/100, travel time:247.08828522920203, rewards:-132.07577039930555, queue:88.08888888888889, delay:0.8434085422092014, throughput:1585
forward model: training agent 0.
Epoch 0: forward train average loss 0.012419387905134095.
epoch 0: forward test average loss 0.021913184887833066.
Epoch 99: forward train average loss 0.00992749465836419.
epoch 99: forward test average loss 0.02055138846238454.
inverse model, training agent 0.
epoch 0: inverse train average loss 0.0063387566349572605.
epoch 0: inverse test average loss 0.008597548223204084.
epoch 99: inverse train average loss 0.003312264465623432.
epoch 99: inverse test average loss 0.006280631654792362.
Policy training episode: 53, grounded actions taken: 160, last two uncertainties: {0: [0.8612371337910493, 0.8185373795529206]}, avg agent uncertainties: [0.8398872566719849], grounded actions by agent: [160]
Policy training episode: 53, iteration 0/1, policy training avg travel time:125.62097971301336, q_loss:137.11158752441406, rewards:-49.43623589409722, queue:32.53611111111111, delay:0.6601554870605468, throughput:1955
Sim Rollout episode:54/100, sim avg travel time:110.93814943097476, rewards:-39.99916720920139, queue:26.352777777777778, delay:0.650510491265191, throughput:1974
Real rollout step:54/100, travel time:285.2100744132799, rewards:-159.94039713541667, queue:106.58888888888889, delay:0.8727579752604167, throughput:1563
forward model: training agent 0.
Epoch 0: forward train average loss 0.013599632100926505.
epoch 0: forward test average loss 0.025885084436999425.
Epoch 99: forward train average loss 0.010015234558118714.
epoch 99: forward test average loss 0.018582417733139463.
inverse model, training agent 0.
epoch 0: inverse train average loss 0.006640527914795611.
epoch 0: inverse test average loss 0.018181576083103817.
epoch 99: inverse train average loss 0.003961502833084928.
epoch 99: inverse test average loss 0.007521350143684281.
Policy training episode: 54, grounded actions taken: 166, last two uncertainties: {0: [0.8185373795529206, 0.8365621442596117]}, avg agent uncertainties: [0.8275497619062662], grounded actions by agent: [166]
Policy training episode: 54, iteration 0/1, policy training avg travel time:121.71152894606631, q_loss:138.87831115722656, rewards:-46.47833116319445, queue:30.583333333333332, delay:0.6648372226291233, throughput:1964
Sim Rollout episode:55/100, sim avg travel time:114.75853537852548, rewards:-41.585413953993054, queue:27.363888888888887, delay:0.6439707438151042, throughput:1975
Real rollout step:55/100, travel time:244.73557966876072, rewards:-130.27664930555557, queue:86.86666666666666, delay:0.8392781575520833, throughput:1583
forward model: training agent 0.
Epoch 0: forward train average loss 0.01671596264673604.
epoch 0: forward test average loss 0.0244324439101749.
Epoch 99: forward train average loss 0.009738812430037392.
epoch 99: forward test average loss 0.020500299003389146.
inverse model, training agent 0.
epoch 0: inverse train average loss 0.006610410081015693.
epoch 0: inverse test average loss 0.01546053546998236.
epoch 99: inverse train average loss 0.002687250677910116.
epoch 99: inverse test average loss 0.0027118015310002696.
Policy training episode: 55, grounded actions taken: 186, last two uncertainties: {0: [0.8365621442596117, 0.7868760798540381]}, avg agent uncertainties: [0.8117191120568249], grounded actions by agent: [186]
Policy training episode: 55, iteration 0/1, policy training avg travel time:117.48936170212765, q_loss:131.22056579589844, rewards:-43.90167100694445, queue:28.930555555555557, delay:0.6613293965657552, throughput:1963
Sim Rollout episode:56/100, sim avg travel time:110.80455220188026, rewards:-39.95958116319444, queue:26.322222222222223, delay:0.6373981475830078, throughput:1978
Real rollout step:56/100, travel time:257.3130866924351, rewards:-144.49290364583334, queue:96.35, delay:0.8603756374782986, throughput:1634
forward model: training agent 0.
Epoch 0: forward train average loss 0.01194437262084749.
epoch 0: forward test average loss 0.021866890291372936.
Epoch 99: forward train average loss 0.010028986156814627.
epoch 99: forward test average loss 0.018860583504041035.
inverse model, training agent 0.
epoch 0: inverse train average loss 0.005980977892047829.
epoch 0: inverse test average loss 0.006363612910111745.
epoch 99: inverse train average loss 0.0034023916038374105.
epoch 99: inverse test average loss 0.004843622342579895.
Policy training episode: 56, grounded actions taken: 176, last two uncertainties: {0: [0.7868760798540381, 0.7919657305710845]}, avg agent uncertainties: [0.7894209052125614], grounded actions by agent: [176]
Policy training episode: 56, iteration 0/1, policy training avg travel time:122.94111825828797, q_loss:126.61515808105469, rewards:-46.77751193576389, queue:30.836111111111112, delay:0.6428869035508897, throughput:1972
Sim Rollout episode:57/100, sim avg travel time:119.72983671449778, rewards:-44.91790907118055, queue:29.55, delay:0.6467899746365018, throughput:1977
Real rollout step:57/100, travel time:263.60104529616723, rewards:-141.47082248263888, queue:94.34444444444445, delay:0.8330835978190104, throughput:1542
forward model: training agent 0.
Epoch 0: forward train average loss 0.00968310795724392.
epoch 0: forward test average loss 0.02346153226163652.
Epoch 99: forward train average loss 0.008546792384650972.
epoch 99: forward test average loss 0.0196655069788297.
inverse model, training agent 0.
epoch 0: inverse train average loss 0.005079527902934287.
epoch 0: inverse test average loss 0.011736960460742315.
epoch 99: inverse train average loss 0.0035984977148473263.
epoch 99: inverse test average loss 0.010239613552888235.
Policy training episode: 57, grounded actions taken: 120, last two uncertainties: {0: [0.7919657305710845, 0.8576384123828676]}, avg agent uncertainties: [0.8248020714769762], grounded actions by agent: [120]
Policy training episode: 57, iteration 0/1, policy training avg travel time:151.66996536368134, q_loss:125.59383392333984, rewards:-58.49458550347222, queue:38.62222222222222, delay:0.6513674841986762, throughput:1937
Sim Rollout episode:58/100, sim avg travel time:110.98762988619495, rewards:-39.62832845052083, queue:26.108333333333334, delay:0.6203697628445095, throughput:1972
Real rollout step:58/100, travel time:260.43220878421386, rewards:-125.18996310763889, queue:83.44166666666666, delay:0.7768058776855469, throughput:1415
forward model: training agent 0.
Epoch 0: forward train average loss 0.01613309048116207.
epoch 0: forward test average loss 0.020944590369860332.
Epoch 99: forward train average loss 0.009379450645711686.
epoch 99: forward test average loss 0.01583273046546512.
inverse model, training agent 0.
epoch 0: inverse train average loss 0.0021419356473618084.
epoch 0: inverse test average loss 0.006454812983671824.
epoch 99: inverse train average loss 0.0015259110110087527.
epoch 99: inverse test average loss 0.004289994223250283.
Policy training episode: 58, grounded actions taken: 188, last two uncertainties: {0: [0.8576384123828676, 0.7664028130471706]}, avg agent uncertainties: [0.8120206127150191], grounded actions by agent: [188]
Policy training episode: 58, iteration 0/1, policy training avg travel time:117.8441365660564, q_loss:134.24301147460938, rewards:-43.89293619791667, queue:28.836111111111112, delay:0.658006837632921, throughput:1971
Sim Rollout episode:59/100, sim avg travel time:106.61850569025235, rewards:-36.65957845052083, queue:24.13888888888889, delay:0.6256400638156467, throughput:1977
Real rollout step:59/100, travel time:263.4238683127572, rewards:-140.64000651041667, queue:93.75, delay:0.836427730984158, throughput:1518
forward model: training agent 0.
Epoch 0: forward train average loss 0.01258707625998391.
epoch 0: forward test average loss 0.020028964512877993.
Epoch 99: forward train average loss 0.009105486795306206.
epoch 99: forward test average loss 0.01939300199349721.
inverse model, training agent 0.
epoch 0: inverse train average loss 0.004728339327913191.
epoch 0: inverse test average loss 0.007699101231992245.
epoch 99: inverse train average loss 0.0032406694307509395.
epoch 99: inverse test average loss 0.01761164516210556.
Policy training episode: 59, grounded actions taken: 185, last two uncertainties: {0: [0.7664028130471706, 0.8034705772995949]}, avg agent uncertainties: [0.7849366951733827], grounded actions by agent: [185]
Policy training episode: 59, iteration 0/1, policy training avg travel time:119.53785254824345, q_loss:135.95022583007812, rewards:-44.904581705729164, queue:29.555555555555557, delay:0.6567012786865234, throughput:1976
Sim Rollout episode:60/100, sim avg travel time:107.71400296882732, rewards:-37.57083875868056, queue:24.716666666666665, delay:0.6506507873535157, throughput:1976
Real rollout step:60/100, travel time:266.9504730105732, rewards:-151.52836371527778, queue:101.03055555555555, delay:0.8710672166612413, throughput:1610
forward model: training agent 0.
Epoch 0: forward train average loss 0.011499059696992239.
epoch 0: forward test average loss 0.019114758405420516.
Epoch 99: forward train average loss 0.010061339371734195.
epoch 99: forward test average loss 0.017892107367515564.
inverse model, training agent 0.
epoch 0: inverse train average loss 0.0038944510743021965.
epoch 0: inverse test average loss 0.008019461399979062.
epoch 99: inverse train average loss 0.002404752109820644.
epoch 99: inverse test average loss 0.00939987806810273.
Policy training episode: 60, grounded actions taken: 158, last two uncertainties: {0: [0.8034705772995949, 0.8162288655837376]}, avg agent uncertainties: [0.8098497214416662], grounded actions by agent: [158]
Policy training episode: 60, iteration 0/1, policy training avg travel time:121.95893122216724, q_loss:128.4495391845703, rewards:-47.050846354166666, queue:31.08888888888889, delay:0.6427053663465712, throughput:1935
Sim Rollout episode:61/100, sim avg travel time:110.35823849579415, rewards:-38.50541449652778, queue:25.363888888888887, delay:0.6147171868218316, throughput:1979
Real rollout step:61/100, travel time:264.55594610427653, rewards:-142.01165364583332, queue:94.71944444444445, delay:0.8319461398654514, throughput:1537
forward model: training agent 0.
Epoch 0: forward train average loss 0.012670333600706525.
epoch 0: forward test average loss 0.01623989890019099.
Epoch 99: forward train average loss 0.009600189928379323.
epoch 99: forward test average loss 0.015539626280466715.
inverse model, training agent 0.
epoch 0: inverse train average loss 0.004477403437097867.
epoch 0: inverse test average loss 0.007438962658246358.
epoch 99: inverse train average loss 0.002065784168533153.
epoch 99: inverse test average loss 0.008444456797507074.
Policy training episode: 61, grounded actions taken: 117, last two uncertainties: {0: [0.8162288655837376, 0.869358202152782]}, avg agent uncertainties: [0.8427935338682598], grounded actions by agent: [117]
Policy training episode: 61, iteration 0/1, policy training avg travel time:144.01039089559623, q_loss:131.2291717529297, rewards:-56.9783203125, queue:37.605555555555554, delay:0.6704629686143663, throughput:1960
Sim Rollout episode:62/100, sim avg travel time:110.683819891143, rewards:-39.63458930121528, queue:26.080555555555556, delay:0.6324929979112414, throughput:1979
Real rollout step:62/100, travel time:271.8916478555305, rewards:-153.07248263888889, queue:102.03611111111111, delay:0.8692123413085937, throughput:1591
forward model: training agent 0.
Epoch 0: forward train average loss 0.013684506631559797.
epoch 0: forward test average loss 0.016076828870508406.
Epoch 99: forward train average loss 0.010404249860180749.
epoch 99: forward test average loss 0.021719799273543887.
inverse model, training agent 0.
epoch 0: inverse train average loss 0.004113850649446249.
epoch 0: inverse test average loss 0.01315158274438646.
epoch 99: inverse train average loss 0.0022516168084823424.
epoch 99: inverse test average loss 0.007032882629169358.
Policy training episode: 62, grounded actions taken: 174, last two uncertainties: {0: [0.869358202152782, 0.8328641624086432]}, avg agent uncertainties: [0.8511111822807127], grounded actions by agent: [174]
Policy training episode: 62, iteration 0/1, policy training avg travel time:123.22662048490847, q_loss:136.6271209716797, rewards:-46.56999240451389, queue:30.633333333333333, delay:0.6541835784912109, throughput:1974
Sim Rollout episode:63/100, sim avg travel time:108.95348837209302, rewards:-39.05457356770833, queue:25.758333333333333, delay:0.6306408352322048, throughput:1972
Real rollout step:63/100, travel time:292.55070821529745, rewards:-168.12916666666666, queue:112.15277777777777, delay:0.8707427130805121, throughput:1570
forward model: training agent 0.
Epoch 0: forward train average loss 0.013031062359611193.
epoch 0: forward test average loss 0.022348986731635198.
Epoch 99: forward train average loss 0.00963375075823731.
epoch 99: forward test average loss 0.02073838065067927.
inverse model, training agent 0.
epoch 0: inverse train average loss 0.004649206193991833.
epoch 0: inverse test average loss 0.0038617119813958802.
epoch 99: inverse train average loss 0.0021082729023570814.
epoch 99: inverse test average loss 0.0028435581674178443.
Policy training episode: 63, grounded actions taken: 226, last two uncertainties: {0: [0.8328641624086432, 0.7749430681268374]}, avg agent uncertainties: [0.8039036152677403], grounded actions by agent: [226]
Policy training episode: 63, iteration 0/1, policy training avg travel time:125.25630875804057, q_loss:131.63377380371094, rewards:-49.264990234375, queue:32.50833333333333, delay:0.6641003502739801, throughput:1965
Sim Rollout episode:64/100, sim avg travel time:112.70163285502227, rewards:-41.546671549479164, queue:27.380555555555556, delay:0.6490831587049696, throughput:1974
Real rollout step:64/100, travel time:293.31830829159713, rewards:-171.9054470486111, queue:114.63055555555556, delay:0.8772211710611979, throughput:1600
forward model: training agent 0.
Epoch 0: forward train average loss 0.011536789023213916.
epoch 0: forward test average loss 0.01668923596541087.
Epoch 99: forward train average loss 0.009763709579904875.
epoch 99: forward test average loss 0.01647000511487325.
inverse model, training agent 0.
epoch 0: inverse train average loss 0.007424073397285408.
epoch 0: inverse test average loss 0.014023039489984512.
epoch 99: inverse train average loss 0.0039020623080432415.
epoch 99: inverse test average loss 0.009434166881773207.
Policy training episode: 64, grounded actions taken: 164, last two uncertainties: {0: [0.7749430681268374, 0.8304865719543563]}, avg agent uncertainties: [0.8027148200405969], grounded actions by agent: [164]
Policy training episode: 64, iteration 0/1, policy training avg travel time:119.64324591786244, q_loss:128.4810791015625, rewards:-44.927083333333336, queue:29.575, delay:0.6654561360677084, throughput:1970
Sim Rollout episode:65/100, sim avg travel time:114.0291934685799, rewards:-42.252069769965274, queue:27.897222222222222, delay:0.6341612074110243, throughput:1976
Real rollout step:65/100, travel time:321.4730928444707, rewards:-182.96790364583333, queue:122.03888888888889, delay:0.8723169114854601, throughput:1490
forward model: training agent 0.
Epoch 0: forward train average loss 0.013477465758721033.
epoch 0: forward test average loss 0.019031370679537456.
Epoch 99: forward train average loss 0.009492700298627218.
epoch 99: forward test average loss 0.01707286387681961.
inverse model, training agent 0.
epoch 0: inverse train average loss 0.004369503714972072.
epoch 0: inverse test average loss 0.014496794177426232.
epoch 99: inverse train average loss 0.00171759445220232.
epoch 99: inverse test average loss 0.012636840343475342.
Policy training episode: 65, grounded actions taken: 182, last two uncertainties: {0: [0.8304865719543563, 0.8067821656664212]}, avg agent uncertainties: [0.8186343688103888], grounded actions by agent: [182]
Policy training episode: 65, iteration 0/1, policy training avg travel time:117.84957941613062, q_loss:127.82888793945312, rewards:-44.33500705295139, queue:29.177777777777777, delay:0.6336649576822917, throughput:1955
Sim Rollout episode:66/100, sim avg travel time:113.87827808015834, rewards:-40.16916775173611, queue:26.425, delay:0.6172754499647353, throughput:1978
Real rollout step:66/100, travel time:266.625, rewards:-147.53705512152777, queue:98.36111111111111, delay:0.86106931898329, throughput:1567
forward model: training agent 0.
Epoch 0: forward train average loss 0.014194617668787638.
epoch 0: forward test average loss 0.02197620024283727.
Epoch 99: forward train average loss 0.009594150301482942.
epoch 99: forward test average loss 0.015159155759546492.
inverse model, training agent 0.
epoch 0: inverse train average loss 0.008196676874326335.
epoch 0: inverse test average loss 0.00793208306034406.
epoch 99: inverse train average loss 0.004129397372404735.
epoch 99: inverse test average loss 0.006408581717146767.
Policy training episode: 66, grounded actions taken: 132, last two uncertainties: {0: [0.8067821656664212, 0.8726698648598459]}, avg agent uncertainties: [0.8397260152631336], grounded actions by agent: [132]
Policy training episode: 66, iteration 0/1, policy training avg travel time:130.19099455714993, q_loss:129.80947875976562, rewards:-49.36459418402778, queue:32.49444444444445, delay:0.6671557108561198, throughput:1970
Sim Rollout episode:67/100, sim avg travel time:132.9208312716477, rewards:-52.122081163194444, queue:34.425, delay:0.6102592044406467, throughput:1969
Real rollout step:67/100, travel time:302.408042578356, rewards:-169.71831597222223, queue:113.09166666666667, delay:0.8629131740993924, throughput:1502
forward model: training agent 0.
Epoch 0: forward train average loss 0.014385019739468893.
epoch 0: forward test average loss 0.021274079879124958.
Epoch 99: forward train average loss 0.009343736184140047.
epoch 99: forward test average loss 0.02063190605905321.
inverse model, training agent 0.
epoch 0: inverse train average loss 0.0056536382374664145.
epoch 0: inverse test average loss 0.005684590898454189.
epoch 99: inverse train average loss 0.0021016487282597357.
epoch 99: inverse test average loss 0.00475900847878721.
Policy training episode: 67, grounded actions taken: 100, last two uncertainties: {0: [0.8726698648598459, 0.9140282826291191]}, avg agent uncertainties: [0.8933490737444825], grounded actions by agent: [100]
Policy training episode: 67, iteration 0/1, policy training avg travel time:137.19297377535872, q_loss:126.17295837402344, rewards:-54.23623046875, queue:35.75833333333333, delay:0.6546667310926649, throughput:1957
Sim Rollout episode:68/100, sim avg travel time:110.80900544285008, rewards:-40.41166449652778, queue:26.644444444444446, delay:0.6512434217664931, throughput:1977
Real rollout step:68/100, travel time:273.7160633484163, rewards:-154.33497178819445, queue:102.95277777777778, delay:0.8627440558539496, throughput:1578
forward model: training agent 0.
Epoch 0: forward train average loss 0.01308568049636152.
epoch 0: forward test average loss 0.018405760327974956.
Epoch 99: forward train average loss 0.009698627930548456.
epoch 99: forward test average loss 0.02115414126051797.
inverse model, training agent 0.
epoch 0: inverse train average loss 0.006233443816502889.
epoch 0: inverse test average loss 0.010956748492187925.
epoch 99: inverse train average loss 0.0017333775888093645.
epoch 99: inverse test average loss 0.004625713556177086.
Policy training episode: 68, grounded actions taken: 258, last two uncertainties: {0: [0.9140282826291191, 0.7822297427389356]}, avg agent uncertainties: [0.8481290126840273], grounded actions by agent: [258]
Policy training episode: 68, iteration 0/1, policy training avg travel time:115.31766452251361, q_loss:129.8634033203125, rewards:-42.75375434027778, queue:28.177777777777777, delay:0.6469178941514757, throughput:1973
Sim Rollout episode:69/100, sim avg travel time:106.6853043047996, rewards:-36.95834147135417, queue:24.355555555555554, delay:0.6063568962944879, throughput:1976
Real rollout step:69/100, travel time:298.45117075956597, rewards:-172.231640625, queue:114.86666666666666, delay:0.874723392062717, throughput:1555
forward model: training agent 0.
Epoch 0: forward train average loss 0.011859031808045175.
epoch 0: forward test average loss 0.018106698162025876.
Epoch 99: forward train average loss 0.009793515006701151.
epoch 99: forward test average loss 0.016128218836254544.
inverse model, training agent 0.
epoch 0: inverse train average loss 0.003809545965244373.
epoch 0: inverse test average loss 0.011358164043890106.
epoch 99: inverse train average loss 0.0023731245504071317.
epoch 99: inverse test average loss 0.004671868764691883.
Policy training episode: 69, grounded actions taken: 194, last two uncertainties: {0: [0.7822297427389356, 0.8249250863161351]}, avg agent uncertainties: [0.8035774145275354], grounded actions by agent: [194]
Policy training episode: 69, iteration 0/1, policy training avg travel time:113.46561108362197, q_loss:130.79470825195312, rewards:-41.03457573784722, queue:27.005555555555556, delay:0.6594446818033854, throughput:1963
Sim Rollout episode:70/100, sim avg travel time:106.02325581395348, rewards:-36.40042046440972, queue:23.997222222222224, delay:0.6323573642306858, throughput:1974
Real rollout step:70/100, travel time:268.87223451327435, rewards:-154.26127387152778, queue:102.85833333333333, delay:0.8651165432400174, throughput:1607
forward model: training agent 0.
Epoch 0: forward train average loss 0.011753380919496218.
epoch 0: forward test average loss 0.01687121308512158.
Epoch 99: forward train average loss 0.010682300767964788.
epoch 99: forward test average loss 0.018681998882028792.
inverse model, training agent 0.
epoch 0: inverse train average loss 0.0037288346017400422.
epoch 0: inverse test average loss 0.01651950056354205.
epoch 99: inverse train average loss 0.0014212774242170984.
epoch 99: inverse test average loss 0.005474682069487042.
Policy training episode: 70, grounded actions taken: 177, last two uncertainties: {0: [0.8249250863161351, 0.8047605853941705]}, avg agent uncertainties: [0.8148428358551528], grounded actions by agent: [177]
Policy training episode: 70, iteration 0/1, policy training avg travel time:139.67342899554677, q_loss:126.0253677368164, rewards:-54.257085503472226, queue:35.78055555555556, delay:0.6747023688422309, throughput:1966
Sim Rollout episode:71/100, sim avg travel time:109.06086095992083, rewards:-38.70751139322917, queue:25.505555555555556, delay:0.6432786305745443, throughput:1977
Real rollout step:71/100, travel time:278.6978818283166, rewards:-160.6229709201389, queue:107.15, delay:0.8762500339084202, throughput:1600
forward model: training agent 0.
Epoch 0: forward train average loss 0.01249842055969768.
epoch 0: forward test average loss 0.02019044342968199.
Epoch 99: forward train average loss 0.00993140766190158.
epoch 99: forward test average loss 0.014444984909560945.
inverse model, training agent 0.
epoch 0: inverse train average loss 0.005544579070475366.
epoch 0: inverse test average loss 0.012231516341368357.
epoch 99: inverse train average loss 0.001983869445717169.
epoch 99: inverse test average loss 0.00943550674451722.
Policy training episode: 71, grounded actions taken: 190, last two uncertainties: {0: [0.8047605853941705, 0.7931417310403452]}, avg agent uncertainties: [0.7989511582172579], grounded actions by agent: [190]
Policy training episode: 71, iteration 0/1, policy training avg travel time:117.38891637803067, q_loss:129.99581909179688, rewards:-43.369563802083334, queue:28.558333333333334, delay:0.6226914723714193, throughput:1970
Sim Rollout episode:72/100, sim avg travel time:107.82137555665513, rewards:-37.40167100694445, queue:24.6, delay:0.6275288475884332, throughput:1979
Real rollout step:72/100, travel time:288.4980192416525, rewards:-165.5683376736111, queue:110.375, delay:0.8769660949707031, throughput:1572
forward model: training agent 0.
Epoch 0: forward train average loss 0.012413911314474212.
epoch 0: forward test average loss 0.02110464291440116.
Epoch 99: forward train average loss 0.010150835745864444.
epoch 99: forward test average loss 0.022853818204667833.
inverse model, training agent 0.
epoch 0: inverse train average loss 0.002661627484485507.
epoch 0: inverse test average loss 0.002340705133974552.
epoch 99: inverse train average loss 0.0012523745729898412.
epoch 99: inverse test average loss 0.0015567811982085307.
Policy training episode: 72, grounded actions taken: 166, last two uncertainties: {0: [0.7931417310403452, 0.8317164935999446]}, avg agent uncertainties: [0.8124291123201449], grounded actions by agent: [166]
Policy training episode: 72, iteration 0/1, policy training avg travel time:123.72191984166254, q_loss:124.58513641357422, rewards:-47.690831163194446, queue:31.444444444444443, delay:0.6533825344509548, throughput:1974
Sim Rollout episode:73/100, sim avg travel time:107.48144482929243, rewards:-36.96833767361111, queue:24.344444444444445, delay:0.6137702941894532, throughput:1980
Real rollout step:73/100, travel time:258.32922732362823, rewards:-144.5078884548611, queue:96.33888888888889, delay:0.8563651190863715, throughput:1589
forward model: training agent 0.
Epoch 0: forward train average loss 0.012095524825983577.
epoch 0: forward test average loss 0.018212238119708166.
Epoch 99: forward train average loss 0.009696891945269372.
epoch 99: forward test average loss 0.01922539124886195.
inverse model, training agent 0.
epoch 0: inverse train average loss 0.0033425518001119294.
epoch 0: inverse test average loss 0.005809923426972495.
epoch 99: inverse train average loss 0.0012194641555349033.
epoch 99: inverse test average loss 0.004972943699815207.
Policy training episode: 73, grounded actions taken: 134, last two uncertainties: {0: [0.8317164935999446, 0.8641388118267059]}, avg agent uncertainties: [0.8479276527133253], grounded actions by agent: [134]
Policy training episode: 73, iteration 0/1, policy training avg travel time:128.56358238495795, q_loss:122.18241119384766, rewards:-48.962076822916664, queue:32.275, delay:0.6521542019314236, throughput:1978
Sim Rollout episode:74/100, sim avg travel time:109.34784760019792, rewards:-38.684168836805554, queue:25.477777777777778, delay:0.6307454427083333, throughput:1978
Real rollout step:74/100, travel time:257.49357900614183, rewards:-143.80209418402777, queue:95.87222222222222, delay:0.863659922281901, throughput:1611
forward model: training agent 0.
Epoch 0: forward train average loss 0.011956792945663134.
epoch 0: forward test average loss 0.020389305220709905.
Epoch 99: forward train average loss 0.009932829894953303.
epoch 99: forward test average loss 0.018028907477855682.
inverse model, training agent 0.
epoch 0: inverse train average loss 0.0033941508477760684.
epoch 0: inverse test average loss 0.0032829087124102646.
epoch 99: inverse train average loss 0.0011494044059266646.
epoch 99: inverse test average loss 0.005125903627938694.
Policy training episode: 74, grounded actions taken: 219, last two uncertainties: {0: [0.8641388118267059, 0.7912907423244582]}, avg agent uncertainties: [0.827714777075582], grounded actions by agent: [219]
Policy training episode: 74, iteration 0/1, policy training avg travel time:121.28649183572489, q_loss:121.29486846923828, rewards:-45.355815972222224, queue:29.872222222222224, delay:0.6468953026665581, throughput:1978
Sim Rollout episode:75/100, sim avg travel time:116.9213260761999, rewards:-43.92373860677083, queue:28.988888888888887, delay:0.6348096635606554, throughput:1974
Real rollout step:75/100, travel time:262.9150513112885, rewards:-144.44076605902777, queue:96.29444444444445, delay:0.8377577887641059, throughput:1564
forward model: training agent 0.
Epoch 0: forward train average loss 0.01268101835416423.
epoch 0: forward test average loss 0.02340436064534717.
Epoch 99: forward train average loss 0.009155040089454915.
epoch 99: forward test average loss 0.017897457712226443.
inverse model, training agent 0.
epoch 0: inverse train average loss 0.003791128324034313.
epoch 0: inverse test average loss 0.005284461968888839.
epoch 99: inverse train average loss 0.0009523311293580466.
epoch 99: inverse test average loss 0.0025887608321176637.
Policy training episode: 75, grounded actions taken: 167, last two uncertainties: {0: [0.7912907423244582, 0.8409484843413035]}, avg agent uncertainties: [0.8161196133328809], grounded actions by agent: [167]
Policy training episode: 75, iteration 0/1, policy training avg travel time:123.74418604651163, q_loss:119.83070373535156, rewards:-46.496234809027776, queue:30.572222222222223, delay:0.6496837615966797, throughput:1972
Sim Rollout episode:76/100, sim avg travel time:107.13755566551212, rewards:-37.66915961371528, queue:24.808333333333334, delay:0.6319542778862848, throughput:1978
Real rollout step:76/100, travel time:260.0974133186571, rewards:-148.08041449652777, queue:98.75555555555556, delay:0.8592853122287326, throughput:1615
forward model: training agent 0.
Epoch 0: forward train average loss 0.01285992707643244.
epoch 0: forward test average loss 0.018924584819210902.
Epoch 99: forward train average loss 0.009773187960187594.
epoch 99: forward test average loss 0.020637256403764088.
inverse model, training agent 0.
epoch 0: inverse train average loss 0.00275271559237606.
epoch 0: inverse test average loss 0.001653248392459419.
epoch 99: inverse train average loss 0.0006533460723908825.
epoch 99: inverse test average loss 0.001018556429901057.
Policy training episode: 76, grounded actions taken: 211, last two uncertainties: {0: [0.8409484843413035, 0.7610202924244933]}, avg agent uncertainties: [0.8009843883828984], grounded actions by agent: [211]
Policy training episode: 76, iteration 0/1, policy training avg travel time:136.90648193963384, q_loss:121.82251739501953, rewards:-53.25163845486111, queue:35.083333333333336, delay:0.6740993075900608, throughput:1964
Sim Rollout episode:77/100, sim avg travel time:105.40029688273133, rewards:-35.459589301215274, queue:23.322222222222223, delay:0.5993128458658854, throughput:1979
Real rollout step:77/100, travel time:251.03297328027287, rewards:-135.74376085069446, queue:90.52222222222223, delay:0.8530391269259983, throughput:1590
forward model: training agent 0.
Epoch 0: forward train average loss 0.01555554216934575.
epoch 0: forward test average loss 0.019508245918485854.
Epoch 99: forward train average loss 0.010114489123225212.
epoch 99: forward test average loss 0.019483318759335413.
inverse model, training agent 0.
epoch 0: inverse train average loss 0.0024192708337472547.
epoch 0: inverse test average loss 0.001224322076369491.
epoch 99: inverse train average loss 0.001017403497826308.
epoch 99: inverse test average loss 0.003149543319725328.
Policy training episode: 77, grounded actions taken: 179, last two uncertainties: {0: [0.7610202924244933, 0.7996629446744918]}, avg agent uncertainties: [0.7803416185494926], grounded actions by agent: [179]
Policy training episode: 77, iteration 0/1, policy training avg travel time:123.91786244433449, q_loss:120.94869995117188, rewards:-46.764154730902774, queue:30.841666666666665, delay:0.654705301920573, throughput:1977
Sim Rollout episode:78/100, sim avg travel time:113.92825333993073, rewards:-42.71375325520833, queue:28.175, delay:0.6524538252088758, throughput:1977
Real rollout step:78/100, travel time:266.4903581267218, rewards:-152.91337890625, queue:101.96111111111111, delay:0.8650274488661024, throughput:1621
forward model: training agent 0.
Epoch 0: forward train average loss 0.015108321069015397.
epoch 0: forward test average loss 0.018924109637737274.
Epoch 99: forward train average loss 0.01027064211666584.
epoch 99: forward test average loss 0.018257959021462336.
inverse model, training agent 0.
epoch 0: inverse train average loss 0.0028286021616723803.
epoch 0: inverse test average loss 0.0009120109607465565.
epoch 99: inverse train average loss 0.0009135973361682975.
epoch 99: inverse test average loss 0.001075912525670396.
Policy training episode: 78, grounded actions taken: 212, last two uncertainties: {0: [0.7996629446744918, 0.7605373510056072]}, avg agent uncertainties: [0.7801001478400496], grounded actions by agent: [212]
Policy training episode: 78, iteration 0/1, policy training avg travel time:114.24690747154874, q_loss:123.69524383544922, rewards:-41.19458821614583, queue:27.041666666666668, delay:0.6381985982259114, throughput:1979
Sim Rollout episode:79/100, sim avg travel time:110.12469074715487, rewards:-40.1683349609375, queue:26.516666666666666, delay:0.6309823777940539, throughput:1972
Real rollout step:79/100, travel time:283.97298818232974, rewards:-163.40130208333332, queue:108.96666666666667, delay:0.8708713955349392, throughput:1584
forward model: training agent 0.
Epoch 0: forward train average loss 0.014829533381594552.
epoch 0: forward test average loss 0.023549670146571264.
Epoch 99: forward train average loss 0.010979370110564761.
epoch 99: forward test average loss 0.018069744110107422.
inverse model, training agent 0.
epoch 0: inverse train average loss 0.001870603792162405.
epoch 0: inverse test average loss 0.016775508928630087.
epoch 99: inverse train average loss 0.0008623404978101866.
epoch 99: inverse test average loss 0.0028381113273402057.
Policy training episode: 79, grounded actions taken: 224, last two uncertainties: {0: [0.7605373510056072, 0.7447337302896712]}, avg agent uncertainties: [0.7526355406476392], grounded actions by agent: [224]
Policy training episode: 79, iteration 0/1, policy training avg travel time:125.3142008906482, q_loss:121.0605697631836, rewards:-48.971256510416666, queue:32.352777777777774, delay:0.6693157619900174, throughput:1970
Sim Rollout episode:80/100, sim avg travel time:107.46857991093518, rewards:-36.595418294270836, queue:24.094444444444445, delay:0.6185134463840061, throughput:1978
Real rollout step:80/100, travel time:237.9551743220808, rewards:-129.4396267361111, queue:86.31944444444444, delay:0.8444341023763021, throughput:1630
forward model: training agent 0.
Epoch 0: forward train average loss 0.014488795151313147.
epoch 0: forward test average loss 0.024022500548097823.
Epoch 99: forward train average loss 0.01041691739939981.
epoch 99: forward test average loss 0.018514919612142775.
inverse model, training agent 0.
epoch 0: inverse train average loss 0.005814852063647575.
epoch 0: inverse test average loss 0.009520767256617546.
epoch 99: inverse train average loss 0.0019159131528188784.
epoch 99: inverse test average loss 0.004273497396045261.
Policy training episode: 80, grounded actions taken: 116, last two uncertainties: {0: [0.7447337302896712, 0.8446643660465877]}, avg agent uncertainties: [0.7946990481681294], grounded actions by agent: [116]
Policy training episode: 80, iteration 0/1, policy training avg travel time:121.75358733300347, q_loss:122.63754272460938, rewards:-45.69957682291667, queue:30.094444444444445, delay:0.6495349460177952, throughput:1970
Sim Rollout episode:81/100, sim avg travel time:112.56457199406235, rewards:-40.97042100694444, queue:27.016666666666666, delay:0.6311555650499132, throughput:1971
Real rollout step:81/100, travel time:266.97532989099255, rewards:-146.32041015625, queue:97.55, delay:0.8514387342664931, throughput:1581
forward model: training agent 0.
Epoch 0: forward train average loss 0.01275900068382422.
epoch 0: forward test average loss 0.022614878912766773.
Epoch 99: forward train average loss 0.00985509136484729.
epoch 99: forward test average loss 0.017656958765453763.
inverse model, training agent 0.
epoch 0: inverse train average loss 0.004021542612463236.
epoch 0: inverse test average loss 0.010912134415573545.
epoch 99: inverse train average loss 0.0006793234820684625.
epoch 99: inverse test average loss 0.0025968351918790075.
Policy training episode: 81, grounded actions taken: 173, last two uncertainties: {0: [0.8446643660465877, 0.8120063142644034]}, avg agent uncertainties: [0.8283353401554956], grounded actions by agent: [173]
Policy training episode: 81, iteration 0/1, policy training avg travel time:115.86491835724888, q_loss:123.48255157470703, rewards:-41.87333984375, queue:27.488888888888887, delay:0.6477533552381728, throughput:1962
Sim Rollout episode:82/100, sim avg travel time:117.70014844136566, rewards:-43.97081163194444, queue:28.977777777777778, delay:0.6381484561496311, throughput:1978
Real rollout step:82/100, travel time:248.1988888888889, rewards:-136.86949869791667, queue:91.275, delay:0.8575404696994358, throughput:1632
forward model: training agent 0.
Epoch 0: forward train average loss 0.017386847072177462.
epoch 0: forward test average loss 0.02570299555857976.
Epoch 99: forward train average loss 0.009689181629154418.
epoch 99: forward test average loss 0.021775627301798925.
inverse model, training agent 0.
epoch 0: inverse train average loss 0.007959073202477561.
epoch 0: inverse test average loss 0.012659500456518598.
epoch 99: inverse train average loss 0.0012570839155361885.
epoch 99: inverse test average loss 0.014602231275704172.
Policy training episode: 82, grounded actions taken: 147, last two uncertainties: {0: [0.8120063142644034, 0.8601110711693764]}, avg agent uncertainties: [0.8360586927168898], grounded actions by agent: [147]
Policy training episode: 82, iteration 0/1, policy training avg travel time:124.27115289460663, q_loss:124.2309341430664, rewards:-46.138758680555554, queue:30.369444444444444, delay:0.6442718929714627, throughput:1974
Sim Rollout episode:83/100, sim avg travel time:105.30529440870856, rewards:-35.134562174479164, queue:23.030555555555555, delay:0.6257264455159505, throughput:1980
Real rollout step:83/100, travel time:291.5175339366516, rewards:-168.63120659722222, queue:112.43333333333334, delay:0.8811565823025174, throughput:1577
forward model: training agent 0.
Epoch 0: forward train average loss 0.015097865213950476.
epoch 0: forward test average loss 0.02257005125284195.
Epoch 99: forward train average loss 0.009910283403264152.
epoch 99: forward test average loss 0.019446667697694566.
inverse model, training agent 0.
epoch 0: inverse train average loss 0.007793176194859875.
epoch 0: inverse test average loss 0.015523241211970648.
epoch 99: inverse train average loss 0.003019985898087422.
epoch 99: inverse test average loss 0.004742797464132309.
Policy training episode: 83, grounded actions taken: 52, last two uncertainties: {0: [0.8601110711693764, 0.9462700825598505]}, avg agent uncertainties: [0.9031905768646133], grounded actions by agent: [52]
Policy training episode: 83, iteration 0/1, policy training avg travel time:126.96288965858486, q_loss:118.75455474853516, rewards:-49.019580078125, queue:32.28055555555556, delay:0.6678240458170573, throughput:1960
Sim Rollout episode:84/100, sim avg travel time:108.55566551212272, rewards:-37.826253255208336, queue:24.966666666666665, delay:0.6093456692165798, throughput:1975
Real rollout step:84/100, travel time:270.6825574873808, rewards:-153.48753255208334, queue:102.31388888888888, delay:0.8387976752387153, throughput:1600
forward model: training agent 0.
Epoch 0: forward train average loss 0.013424056064751413.
epoch 0: forward test average loss 0.01865018407503764.
Epoch 99: forward train average loss 0.009095378116601043.
epoch 99: forward test average loss 0.015203907257980771.
inverse model, training agent 0.
epoch 0: inverse train average loss 0.005808204826381471.
epoch 0: inverse test average loss 0.008096495229336951.
epoch 99: inverse train average loss 0.0015775224957097736.
epoch 99: inverse test average loss 0.0035469812444514697.
Policy training episode: 84, grounded actions taken: 218, last two uncertainties: {0: [0.9462700825598505, 0.8345659330487252]}, avg agent uncertainties: [0.8904180078042878], grounded actions by agent: [218]
Policy training episode: 84, iteration 0/1, policy training avg travel time:111.24938149430974, q_loss:126.19981384277344, rewards:-38.62290852864583, queue:25.380555555555556, delay:0.6228291829427083, throughput:1968
Sim Rollout episode:85/100, sim avg travel time:104.4962962962963, rewards:-34.78333875868056, queue:22.908333333333335, delay:0.5917276170518663, throughput:1969
Real rollout step:85/100, travel time:270.3043974871502, rewards:-150.06748046875, queue:100.04444444444445, delay:0.8648374769422743, throughput:1577
forward model: training agent 0.
Epoch 0: forward train average loss 0.012144881611069044.
epoch 0: forward test average loss 0.02104573282930586.
Epoch 99: forward train average loss 0.009745073401265673.
epoch 99: forward test average loss 0.015013437304231856.
inverse model, training agent 0.
epoch 0: inverse train average loss 0.004194245570235782.
epoch 0: inverse test average loss 0.007063490028182666.
epoch 99: inverse train average loss 0.0025216881703171465.
epoch 99: inverse test average loss 0.009183297347691324.
Policy training episode: 85, grounded actions taken: 111, last two uncertainties: {0: [0.8345659330487252, 0.9307650493250953]}, avg agent uncertainties: [0.8826654911869103], grounded actions by agent: [111]
Policy training episode: 85, iteration 0/1, policy training avg travel time:127.24690747154874, q_loss:121.7305908203125, rewards:-48.79958224826389, queue:32.141666666666666, delay:0.647319327460395, throughput:1967
Sim Rollout episode:86/100, sim avg travel time:106.46561108362197, rewards:-36.27957899305556, queue:23.82777777777778, delay:0.6257052527533637, throughput:1976
Real rollout step:86/100, travel time:264.0304054054054, rewards:-147.3866970486111, queue:98.19166666666666, delay:0.869482421875, throughput:1605
forward model: training agent 0.
Epoch 0: forward train average loss 0.01059692870411608.
epoch 0: forward test average loss 0.019944003886646695.
Epoch 99: forward train average loss 0.00914557847297854.
epoch 99: forward test average loss 0.020515853332148656.
inverse model, training agent 0.
epoch 0: inverse train average loss 0.0025615073326561186.
epoch 0: inverse test average loss 0.00609309288362662.
epoch 99: inverse train average loss 0.0014327248403181632.
epoch 99: inverse test average loss 0.002815161792871853.
Policy training episode: 86, grounded actions taken: 164, last two uncertainties: {0: [0.9307650493250953, 0.8726281275351843]}, avg agent uncertainties: [0.9016965884301398], grounded actions by agent: [164]
Policy training episode: 86, iteration 0/1, policy training avg travel time:123.28352300841168, q_loss:117.74175262451172, rewards:-46.663319227430556, queue:30.719444444444445, delay:0.6392549302842881, throughput:1976
Sim Rollout episode:87/100, sim avg travel time:104.47996041563583, rewards:-34.502902560763886, queue:22.641666666666666, delay:0.6066849178738064, throughput:1980
Real rollout step:87/100, travel time:263.59843400447426, rewards:-148.62952473958333, queue:99.04722222222222, delay:0.8521087646484375, throughput:1605
forward model: training agent 0.
Epoch 0: forward train average loss 0.013228230592277315.
epoch 0: forward test average loss 0.019259737597571477.
Epoch 99: forward train average loss 0.010148413479328156.
epoch 99: forward test average loss 0.017228605018721685.
inverse model, training agent 0.
epoch 0: inverse train average loss 0.0031618941575288773.
epoch 0: inverse test average loss 0.00512194705920087.
epoch 99: inverse train average loss 0.0014265557595839102.
epoch 99: inverse test average loss 0.0034532423661504355.
Policy training episode: 87, grounded actions taken: 176, last two uncertainties: {0: [0.8726281275351843, 0.8657779816124175]}, avg agent uncertainties: [0.8692030545738009], grounded actions by agent: [176]
Policy training episode: 87, iteration 0/1, policy training avg travel time:120.29836714497773, q_loss:118.30023956298828, rewards:-45.28668077256945, queue:29.819444444444443, delay:0.6624952104356554, throughput:1968
Sim Rollout episode:88/100, sim avg travel time:145.24047501237013, rewards:-61.994563802083334, queue:41.044444444444444, delay:0.651327641805013, throughput:1920
Real rollout step:88/100, travel time:301.06983568075117, rewards:-168.97828776041666, queue:112.59722222222223, delay:0.8543449401855469, throughput:1516
forward model: training agent 0.
Epoch 0: forward train average loss 0.02983602260549863.
epoch 0: forward test average loss 0.04122568004661136.
Epoch 99: forward train average loss 0.009714992923869027.
epoch 99: forward test average loss 0.016339929567443.
inverse model, training agent 0.
epoch 0: inverse train average loss 0.01126629797120889.
epoch 0: inverse test average loss 0.02036108821630478.
epoch 99: inverse train average loss 0.003973158800767528.
epoch 99: inverse test average loss 0.009734497509068914.
Policy training episode: 88, grounded actions taken: 111, last two uncertainties: {0: [0.8657779816124175, 0.9208058926794264]}, avg agent uncertainties: [0.8932919371459219], grounded actions by agent: [111]
Policy training episode: 88, iteration 0/1, policy training avg travel time:119.10044532409698, q_loss:124.47972869873047, rewards:-44.46000434027778, queue:29.261111111111113, delay:0.6477973090277778, throughput:1969
Sim Rollout episode:89/100, sim avg travel time:105.57248886689757, rewards:-35.92623697916667, queue:23.616666666666667, delay:0.6229930029975044, throughput:1980
Real rollout step:89/100, travel time:296.8320916905444, rewards:-170.54241536458332, queue:113.68611111111112, delay:0.8824599372016059, throughput:1557
forward model: training agent 0.
Epoch 0: forward train average loss 0.014197513668073548.
epoch 0: forward test average loss 0.025557911230458155.
Epoch 99: forward train average loss 0.009879711187548108.
epoch 99: forward test average loss 0.020131346252229478.
inverse model, training agent 0.
epoch 0: inverse train average loss 0.0069330064579844475.
epoch 0: inverse test average loss 0.018323287781741884.
epoch 99: inverse train average loss 0.003637327786741985.
epoch 99: inverse test average loss 0.01594326500263479.
Policy training episode: 89, grounded actions taken: 184, last two uncertainties: {0: [0.9208058926794264, 0.8671366395221816]}, avg agent uncertainties: [0.8939712661008039], grounded actions by agent: [184]
Policy training episode: 89, iteration 0/1, policy training avg travel time:113.16625432953983, q_loss:119.37992858886719, rewards:-40.627102322048614, queue:26.708333333333332, delay:0.6192984263102214, throughput:1979
Sim Rollout episode:90/100, sim avg travel time:104.92973775358733, rewards:-35.56333279079861, queue:23.405555555555555, delay:0.6273662990993923, throughput:1966
Real rollout step:90/100, travel time:281.6185332575327, rewards:-159.36627604166668, queue:106.27222222222223, delay:0.8668017917209201, throughput:1584
forward model: training agent 0.
Epoch 0: forward train average loss 0.010960408589906163.
epoch 0: forward test average loss 0.02049936354160309.
Epoch 99: forward train average loss 0.008966613871355852.
epoch 99: forward test average loss 0.019319469730059307.
inverse model, training agent 0.
epoch 0: inverse train average loss 0.002585364389233291.
epoch 0: inverse test average loss 0.007758861045456595.
epoch 99: inverse train average loss 0.0010098214034870681.
epoch 99: inverse test average loss 0.006237927979479234.
Policy training episode: 90, grounded actions taken: 181, last two uncertainties: {0: [0.8671366395221816, 0.8652526295847363]}, avg agent uncertainties: [0.8661946345534589], grounded actions by agent: [181]
Policy training episode: 90, iteration 0/1, policy training avg travel time:126.1850569025235, q_loss:121.37369537353516, rewards:-49.27999674479167, queue:32.46944444444444, delay:0.6714286380343967, throughput:1951
Sim Rollout episode:91/100, sim avg travel time:108.67590301830776, rewards:-38.27167697482639, queue:25.216666666666665, delay:0.6367739783393012, throughput:1983
Real rollout step:91/100, travel time:248.68818380743983, rewards:-138.98002387152778, queue:92.66666666666667, delay:0.855210706922743, throughput:1657
forward model: training agent 0.
Epoch 0: forward train average loss 0.012006327716840638.
epoch 0: forward test average loss 0.021189480192131467.
Epoch 99: forward train average loss 0.009915028595262103.
epoch 99: forward test average loss 0.017311532464292314.
inverse model, training agent 0.
epoch 0: inverse train average loss 0.0032626706492414493.
epoch 0: inverse test average loss 0.002507961406889889.
epoch 99: inverse train average loss 0.0015215910841814345.
epoch 99: inverse test average loss 0.002532768373688062.
Policy training episode: 91, grounded actions taken: 187, last two uncertainties: {0: [0.8652526295847363, 0.8423499173588223]}, avg agent uncertainties: [0.8538012734717793], grounded actions by agent: [187]
Policy training episode: 91, iteration 0/1, policy training avg travel time:120.54675903018308, q_loss:119.95757293701172, rewards:-44.860004340277776, queue:29.505555555555556, delay:0.6632358974880642, throughput:1976
Sim Rollout episode:92/100, sim avg travel time:105.0766947055913, rewards:-35.53583441840278, queue:23.413888888888888, delay:0.6263857099745008, throughput:1976
Real rollout step:92/100, travel time:275.86607636967346, rewards:-159.72629123263889, queue:106.4888888888889, delay:0.8668934292263455, throughput:1602
forward model: training agent 0.
Epoch 0: forward train average loss 0.013074661501579814.
epoch 0: forward test average loss 0.020834755566385057.
Epoch 99: forward train average loss 0.010017442620462842.
epoch 99: forward test average loss 0.019058323568767972.
inverse model, training agent 0.
epoch 0: inverse train average loss 0.01004597596410248.
epoch 0: inverse test average loss 0.014435789754821194.
epoch 99: inverse train average loss 0.005312856700685289.
epoch 99: inverse test average loss 0.013735068341096243.
Policy training episode: 92, grounded actions taken: 149, last two uncertainties: {0: [0.8423499173588223, 0.8838825338416629]}, avg agent uncertainties: [0.8631162256002426], grounded actions by agent: [149]
Policy training episode: 92, iteration 0/1, policy training avg travel time:117.39238000989609, q_loss:118.69464111328125, rewards:-43.083751085069444, queue:28.283333333333335, delay:0.6515474107530382, throughput:1973
Sim Rollout episode:93/100, sim avg travel time:112.43839683325086, rewards:-41.11669108072917, queue:27.05, delay:0.6319781833224827, throughput:1975
Real rollout step:93/100, travel time:282.9942163100058, rewards:-157.1841037326389, queue:104.83888888888889, delay:0.8493593004014757, throughput:1540
forward model: training agent 0.
Epoch 0: forward train average loss 0.02276261316405402.
epoch 0: forward test average loss 0.03827982313103146.
Epoch 99: forward train average loss 0.010625711124804284.
epoch 99: forward test average loss 0.019973440302742854.
inverse model, training agent 0.
epoch 0: inverse train average loss 0.004191657528281212.
epoch 0: inverse test average loss 0.013794575300481584.
epoch 99: inverse train average loss 0.002324418475230535.
epoch 99: inverse test average loss 0.010392340727978282.
Policy training episode: 93, grounded actions taken: 127, last two uncertainties: {0: [0.8838825338416629, 0.8951631446679433]}, avg agent uncertainties: [0.8895228392548031], grounded actions by agent: [127]
Policy training episode: 93, iteration 0/1, policy training avg travel time:120.8668975754577, q_loss:113.70865631103516, rewards:-44.47915581597222, queue:29.21388888888889, delay:0.6442271338568794, throughput:1981
Sim Rollout episode:94/100, sim avg travel time:106.50667986145473, rewards:-36.26124674479167, queue:23.81388888888889, delay:0.6081954956054687, throughput:1981
Real rollout step:94/100, travel time:268.41541874653353, rewards:-153.07124565972222, queue:102.03888888888889, delay:0.8680113898383246, throughput:1617
forward model: training agent 0.
Epoch 0: forward train average loss 0.014200239545769162.
epoch 0: forward test average loss 0.0197232605682479.
Epoch 99: forward train average loss 0.009772083825535245.
epoch 99: forward test average loss 0.018320761620998383.
inverse model, training agent 0.
epoch 0: inverse train average loss 0.008009667094382975.
epoch 0: inverse test average loss 0.008374868995613523.
epoch 99: inverse train average loss 0.0027180407454984058.
epoch 99: inverse test average loss 0.004082180818335878.
Policy training episode: 94, grounded actions taken: 178, last two uncertainties: {0: [0.8951631446679433, 0.8693662312295701]}, avg agent uncertainties: [0.8822646879487568], grounded actions by agent: [178]
Policy training episode: 94, iteration 0/1, policy training avg travel time:116.59376546264225, q_loss:116.85104370117188, rewards:-42.41958550347222, queue:27.95277777777778, delay:0.6508690728081598, throughput:1975
Sim Rollout episode:95/100, sim avg travel time:105.10786739238002, rewards:-34.96834038628472, queue:22.977777777777778, delay:0.6106294420030381, throughput:1979
Real rollout step:95/100, travel time:249.2050139275766, rewards:-136.58497178819445, queue:91.00277777777778, delay:0.8672587076822916, throughput:1636
forward model: training agent 0.
Epoch 0: forward train average loss 0.011586820913685692.
epoch 0: forward test average loss 0.019569365514649287.
Epoch 99: forward train average loss 0.010325677278969023.
epoch 99: forward test average loss 0.01725881215598848.
inverse model, training agent 0.
epoch 0: inverse train average loss 0.0026376968663599757.
epoch 0: inverse test average loss 0.0028640813090735013.
epoch 99: inverse train average loss 0.001004182578374942.
epoch 99: inverse test average loss 0.003510216354495949.
Policy training episode: 95, grounded actions taken: 205, last two uncertainties: {0: [0.8693662312295701, 0.8310234101282226]}, avg agent uncertainties: [0.8501948206788963], grounded actions by agent: [205]
Policy training episode: 95, iteration 0/1, policy training avg travel time:124.12666996536367, q_loss:114.95792388916016, rewards:-47.713351779513886, queue:31.46388888888889, delay:0.6436358981662327, throughput:1973
Sim Rollout episode:96/100, sim avg travel time:103.1044037605146, rewards:-33.56457790798611, queue:22.075, delay:0.6077862209743924, throughput:1979
Real rollout step:96/100, travel time:257.55791829882486, rewards:-143.3625542534722, queue:95.59166666666667, delay:0.863429684109158, throughput:1604
forward model: training agent 0.
Epoch 0: forward train average loss 0.012228877801034186.
epoch 0: forward test average loss 0.0215766289167934.
Epoch 99: forward train average loss 0.01004078197810385.
epoch 99: forward test average loss 0.015996856821907893.
inverse model, training agent 0.
epoch 0: inverse train average loss 0.00357166129267878.
epoch 0: inverse test average loss 0.0037490271497517824.
epoch 99: inverse train average loss 0.0011650959236754312.
epoch 99: inverse test average loss 0.003838266782824778.
Policy training episode: 96, grounded actions taken: 159, last two uncertainties: {0: [0.8310234101282226, 0.8454397983021207]}, avg agent uncertainties: [0.8382316042151716], grounded actions by agent: [159]
Policy training episode: 96, iteration 0/1, policy training avg travel time:148.31914893617022, q_loss:117.49002075195312, rewards:-59.979595269097224, queue:39.52777777777778, delay:0.6857466379801432, throughput:1953
Sim Rollout episode:97/100, sim avg travel time:104.11380504700644, rewards:-34.25209147135417, queue:22.555555555555557, delay:0.613807635837131, throughput:1981
Real rollout step:97/100, travel time:255.57825370675454, rewards:-144.49290364583334, queue:96.35555555555555, delay:0.8649559868706598, throughput:1635
forward model: training agent 0.
Epoch 0: forward train average loss 0.012776896564496888.
epoch 0: forward test average loss 0.017976457046137914.
Epoch 99: forward train average loss 0.010024619599183401.
epoch 99: forward test average loss 0.017217400173346203.
inverse model, training agent 0.
epoch 0: inverse train average loss 0.003948344435128901.
epoch 0: inverse test average loss 0.0037660993014772734.
epoch 99: inverse train average loss 0.0014284449215564462.
epoch 99: inverse test average loss 0.0037030039562119376.
Policy training episode: 97, grounded actions taken: 167, last two uncertainties: {0: [0.8454397983021207, 0.8467300832271576]}, avg agent uncertainties: [0.8460849407646391], grounded actions by agent: [167]
Policy training episode: 97, iteration 0/1, policy training avg travel time:125.5794161306284, q_loss:118.79016876220703, rewards:-48.346256510416666, queue:31.816666666666666, delay:0.6546048058403863, throughput:1946
Sim Rollout episode:98/100, sim avg travel time:107.10984661058882, rewards:-36.69207085503472, queue:24.119444444444444, delay:0.6207339816623264, throughput:1980
Real rollout step:98/100, travel time:244.0606394707828, rewards:-135.00418836805557, queue:90.06388888888888, delay:0.853609381781684, throughput:1647
forward model: training agent 0.
Epoch 0: forward train average loss 0.013900164307819473.
epoch 0: forward test average loss 0.022254672315385606.
Epoch 99: forward train average loss 0.010789328979121314.
epoch 99: forward test average loss 0.02220448272095786.
inverse model, training agent 0.
epoch 0: inverse train average loss 0.005183318940301736.
epoch 0: inverse test average loss 0.006014557348357307.
epoch 99: inverse train average loss 0.0011432611564588216.
epoch 99: inverse test average loss 0.0003127928163545827.
Policy training episode: 98, grounded actions taken: 192, last two uncertainties: {0: [0.8467300832271576, 0.7956801288657718]}, avg agent uncertainties: [0.8212051060464647], grounded actions by agent: [192]
Policy training episode: 98, iteration 0/1, policy training avg travel time:116.48243443839684, q_loss:124.18949890136719, rewards:-42.431255425347224, queue:27.925, delay:0.6439981672498915, throughput:1979
Sim Rollout episode:99/100, sim avg travel time:110.06234537357744, rewards:-38.433330620659724, queue:25.27777777777778, delay:0.6268739064534505, throughput:1978
Real rollout step:99/100, travel time:284.8521641371557, rewards:-164.3854275173611, queue:109.66388888888889, delay:0.8771597120496962, throughput:1573
forward model: training agent 0.
Epoch 0: forward train average loss 0.012193020640148057.
epoch 0: forward test average loss 0.020721101926432714.
Epoch 99: forward train average loss 0.009692454503642188.
epoch 99: forward test average loss 0.016918006870481703.
inverse model, training agent 0.
epoch 0: inverse train average loss 0.012061674665245745.
epoch 0: inverse test average loss 0.017907349599732295.
epoch 99: inverse train average loss 0.005523479026224878.
epoch 99: inverse test average loss 0.008396693815787634.
Policy training episode: 99, grounded actions taken: 147, last two uncertainties: {0: [0.7956801288657718, 0.8551764611568716]}, avg agent uncertainties: [0.8254282950113216], grounded actions by agent: [147]
Policy training episode: 99, iteration 0/1, policy training avg travel time:110.36318654131618, q_loss:125.43865203857422, rewards:-38.041254340277774, queue:24.958333333333332, delay:0.6130864885118272, throughput:1977
Total time taken: 1688.4185600280762
