Sim Rollout episode:0/100, sim avg travel time:125.5334249084249, rewards:-8.758658175998264, queue:2.0231481481481484, delay:0.45776344581886574, throughput:4304
Real rollout step:0/100, travel time:156.40974680098012, rewards:-26.08097873263889, queue:7.4185185185185185, delay:0.49989471435546873, throughput:3520
forward model: training agent 0.
Epoch 0: forward train average loss 0.8736959430906508.
epoch 0: forward test average loss 1.3716956244574652.
Epoch 99: forward train average loss 0.009270074880785413.
epoch 99: forward test average loss 0.0176894325349066.
inverse model, training agent 0.
epoch 0: inverse train average loss 0.030704523540205426.
epoch 0: inverse test average loss 0.04883362849553426.
epoch 99: inverse train average loss 0.01676045109828313.
epoch 99: inverse test average loss 0.022816636496120028.
forward model: training agent 1.
Epoch 0: forward train average loss 0.7326285044352213.
epoch 0: forward test average loss 1.0114018122355144.
Epoch 99: forward train average loss 0.022218040708038542.
epoch 99: forward test average loss 0.039594037665261164.
inverse model, training agent 1.
epoch 0: inverse train average loss 0.03550772120555242.
epoch 0: inverse test average loss 0.055820733308792114.
epoch 99: inverse train average loss 0.02374835643503401.
epoch 99: inverse test average loss 0.04132471647527483.
forward model: training agent 2.
Epoch 0: forward train average loss 0.5300386018223233.
epoch 0: forward test average loss 0.8499992158677843.
Epoch 99: forward train average loss 0.009823853356970681.
epoch 99: forward test average loss 0.019776490827401478.
inverse model, training agent 2.
epoch 0: inverse train average loss 0.01934599917795923.
epoch 0: inverse test average loss 0.03099158571826087.
epoch 99: inverse train average loss 0.01687243560122119.
epoch 99: inverse test average loss 0.02322908987601598.
Policy training episode: 0, grounded actions taken: 321, last two uncertainties: {0: [0.0], 1: [0.0], 2: [0.0]}, avg agent uncertainties: [0.0, 0.0, 0.0], grounded actions by agent: [107, 106, 108]
Policy training episode: 0, iteration 0/1, policy training avg travel time:237.29068436713206, q_loss:0, rewards:-41.69136013454861, queue:9.799074074074074, delay:0.5654973347981771, throughput:4024
Sim Rollout episode:1/100, sim avg travel time:125.51762013729977, rewards:-8.967824300130209, queue:2.0925925925925926, delay:0.46499430338541664, throughput:4303
Real rollout step:1/100, travel time:156.40974680098012, rewards:-26.08097873263889, queue:7.4185185185185185, delay:0.49989471435546873, throughput:3520
forward model: training agent 0.
Epoch 0: forward train average loss 0.009202850982546806.
epoch 0: forward test average loss 0.01918758948644002.
Epoch 99: forward train average loss 0.0073742855133281816.
epoch 99: forward test average loss 0.012605614132351346.
inverse model, training agent 0.
epoch 0: inverse train average loss 0.016307297059231333.
epoch 0: inverse test average loss 0.029701610406239826.
epoch 99: inverse train average loss 0.014595591980550025.
epoch 99: inverse test average loss 0.0185711532831192.
forward model: training agent 1.
Epoch 0: forward train average loss 0.02250631981425815.
epoch 0: forward test average loss 0.03849813507662879.
Epoch 99: forward train average loss 0.009896940241257349.
epoch 99: forward test average loss 0.014018524438142776.
inverse model, training agent 1.
epoch 0: inverse train average loss 0.023896707428826228.
epoch 0: inverse test average loss 0.03497700393199921.
epoch 99: inverse train average loss 0.02224718199835883.
epoch 99: inverse test average loss 0.028864588174555037.
forward model: training agent 2.
Epoch 0: forward train average loss 0.009759353680743111.
epoch 0: forward test average loss 0.01781106988588969.
Epoch 99: forward train average loss 0.008410689007076953.
epoch 99: forward test average loss 0.014218207034799788.
inverse model, training agent 2.
epoch 0: inverse train average loss 0.016774770493308704.
epoch 0: inverse test average loss 0.024981598059336346.
epoch 99: inverse train average loss 0.01672407715684838.
epoch 99: inverse test average loss 0.022850228680504694.
Policy training episode: 1, grounded actions taken: 361, last two uncertainties: {0: [0.0, 0.0], 1: [0.0, 0.0], 2: [0.0, 0.0]}, avg agent uncertainties: [0.0, 0.0, 0.0], grounded actions by agent: [134, 119, 108]
Policy training episode: 1, iteration 0/1, policy training avg travel time:232.1617108874657, q_loss:0, rewards:-40.897588433159726, queue:9.790740740740741, delay:0.5880248458297165, throughput:4081
Sim Rollout episode:2/100, sim avg travel time:126.00640732265447, rewards:-9.370047336154514, queue:2.164814814814815, delay:0.46958948771158854, throughput:4302
Real rollout step:2/100, travel time:156.40974680098012, rewards:-26.08097873263889, queue:7.4185185185185185, delay:0.49989471435546873, throughput:3520
forward model: training agent 0.
Epoch 0: forward train average loss 0.0073319124057888985.
epoch 0: forward test average loss 0.012475642065207163.
Epoch 99: forward train average loss 0.006412569019529555.
epoch 99: forward test average loss 0.012517054047849443.
inverse model, training agent 0.
epoch 0: inverse train average loss 0.015091191977262497.
epoch 0: inverse test average loss 0.038470579518212214.
epoch 99: inverse train average loss 0.014510064696272215.
epoch 99: inverse test average loss 0.028378370735380385.
forward model: training agent 1.
Epoch 0: forward train average loss 0.00986049303578006.
epoch 0: forward test average loss 0.014812567167811923.
Epoch 99: forward train average loss 0.007624143838054604.
epoch 99: forward test average loss 0.011827681213617325.
inverse model, training agent 1.
epoch 0: inverse train average loss 0.022499407331148785.
epoch 0: inverse test average loss 0.03005282249715593.
epoch 99: inverse train average loss 0.021172738323609035.
epoch 99: inverse test average loss 0.03261322114202711.
forward model: training agent 2.
Epoch 0: forward train average loss 0.00845317780557606.
epoch 0: forward test average loss 0.0163492432071103.
Epoch 99: forward train average loss 0.0077628328775366144.
epoch 99: forward test average loss 0.013829311148987876.
inverse model, training agent 2.
epoch 0: inverse train average loss 0.016912082624104288.
epoch 0: inverse test average loss 0.023339710301823087.
epoch 99: inverse train average loss 0.016452927349342242.
epoch 99: inverse test average loss 0.023439755870236292.
Policy training episode: 2, grounded actions taken: 359, last two uncertainties: {0: [0.0, 0.0], 1: [0.0, 0.0], 2: [0.0, 0.0]}, avg agent uncertainties: [0.0, 0.0, 0.0], grounded actions by agent: [125, 123, 111]
Policy training episode: 2, iteration 0/1, policy training avg travel time:209.13801785305563, q_loss:9.938339233398438, rewards:-41.13838975694444, queue:9.86111111111111, delay:0.6148833098234954, throughput:4173
Sim Rollout episode:3/100, sim avg travel time:135.9963378347448, rewards:-24.998291015625, queue:5.562037037037037, delay:0.6111643473307292, throughput:4286
Real rollout step:3/100, travel time:157.9040361275755, rewards:-27.1477294921875, queue:7.311111111111111, delay:0.5771662394205729, throughput:3397
forward model: training agent 0.
Epoch 0: forward train average loss 0.01379547268152237.
epoch 0: forward test average loss 0.018941652443673875.
Epoch 99: forward train average loss 0.006511254443062676.
epoch 99: forward test average loss 0.01308725443151262.
inverse model, training agent 0.
epoch 0: inverse train average loss 0.01065865345299244.
epoch 0: inverse test average loss 0.018217617852820292.
epoch 99: inverse train average loss 0.009787963496314155.
epoch 99: inverse test average loss 0.012730711036258273.
forward model: training agent 1.
Epoch 0: forward train average loss 0.015944546088576317.
epoch 0: forward test average loss 0.02164320730500751.
Epoch 99: forward train average loss 0.00913976826187637.
epoch 99: forward test average loss 0.013447605901294284.
inverse model, training agent 1.
epoch 0: inverse train average loss 0.034607707212368645.
epoch 0: inverse test average loss 0.05413993696371714.
epoch 99: inverse train average loss 0.024945500410265393.
epoch 99: inverse test average loss 0.04870435926649305.
forward model: training agent 2.
Epoch 0: forward train average loss 0.013868352605236901.
epoch 0: forward test average loss 0.020334711505307093.
Epoch 99: forward train average loss 0.00628461523188485.
epoch 99: forward test average loss 0.013332460075616837.
inverse model, training agent 2.
epoch 0: inverse train average loss 0.01652454108827644.
epoch 0: inverse test average loss 0.02675663348701265.
epoch 99: inverse train average loss 0.0154428794566128.
epoch 99: inverse test average loss 0.027522133456336126.
Policy training episode: 3, grounded actions taken: 364, last two uncertainties: {0: [0.0, 0.0], 1: [0.0, 0.0], 2: [0.0, 0.0]}, avg agent uncertainties: [0.0, 0.0, 0.0], grounded actions by agent: [113, 119, 132]
Policy training episode: 3, iteration 0/1, policy training avg travel time:131.28571428571428, q_loss:10.221138954162598, rewards:-19.27462429470486, queue:4.277777777777778, delay:0.5991337528935186, throughput:4298
Sim Rollout episode:4/100, sim avg travel time:128.27512016479744, rewards:-14.818101671006945, queue:3.3361111111111112, delay:0.5796541002061631, throughput:4299
Real rollout step:4/100, travel time:147.22998903508773, rewards:-22.737129720052085, queue:6.110185185185185, delay:0.5233809294524017, throughput:3499
forward model: training agent 0.
Epoch 0: forward train average loss 0.006871957642336686.
epoch 0: forward test average loss 0.013544855018456778.
Epoch 99: forward train average loss 0.005568102209104432.
epoch 99: forward test average loss 0.00884991553094652.
inverse model, training agent 0.
epoch 0: inverse train average loss 0.009762509312066767.
epoch 0: inverse test average loss 0.014288206895192465.
epoch 99: inverse train average loss 0.009333769376907084.
epoch 99: inverse test average loss 0.01205803867843416.
forward model: training agent 1.
Epoch 0: forward train average loss 0.0115858626862367.
epoch 0: forward test average loss 0.015922537280453578.
Epoch 99: forward train average loss 0.0065075984845558805.
epoch 99: forward test average loss 0.009991313848230574.
inverse model, training agent 1.
epoch 0: inverse train average loss 0.024768221295542188.
epoch 0: inverse test average loss 0.03811693025959863.
epoch 99: inverse train average loss 0.01852663875454002.
epoch 99: inverse test average loss 0.030153507159815893.
forward model: training agent 2.
Epoch 0: forward train average loss 0.008130479397045242.
epoch 0: forward test average loss 0.012178890407085419.
Epoch 99: forward train average loss 0.006252265017893579.
epoch 99: forward test average loss 0.011159136063522763.
inverse model, training agent 2.
epoch 0: inverse train average loss 0.015694591734144423.
epoch 0: inverse test average loss 0.026268869638442993.
epoch 99: inverse train average loss 0.015428961565097174.
epoch 99: inverse test average loss 0.023018494248390198.
Policy training episode: 4, grounded actions taken: 361, last two uncertainties: {0: [0.0, 0.0], 1: [0.0, 0.0], 2: [0.0, 0.0]}, avg agent uncertainties: [0.0, 0.0, 0.0], grounded actions by agent: [127, 126, 108]
Policy training episode: 4, iteration 0/1, policy training avg travel time:131.62302586404212, q_loss:10.091939926147461, rewards:-19.917127821180557, queue:4.691666666666666, delay:0.6115373399522569, throughput:4298
Sim Rollout episode:5/100, sim avg travel time:134.21103227283132, rewards:-22.899446614583333, queue:5.750925925925926, delay:0.6226215503833912, throughput:4298
Real rollout step:5/100, travel time:150.72497279651796, rewards:-28.340239800347224, queue:7.608333333333333, delay:0.5627353809497975, throughput:3521
forward model: training agent 0.
Epoch 0: forward train average loss 0.005905124358832836.
epoch 0: forward test average loss 0.010147071960899565.
Epoch 99: forward train average loss 0.004869067834483253.
epoch 99: forward test average loss 0.008221370064549975.
inverse model, training agent 0.
epoch 0: inverse train average loss 0.01061982816706101.
epoch 0: inverse test average loss 0.01634231126970715.
epoch 99: inverse train average loss 0.009857101883325312.
epoch 99: inverse test average loss 0.015693075954914093.
forward model: training agent 1.
Epoch 0: forward train average loss 0.008550038250784079.
epoch 0: forward test average loss 0.012026688290966881.
Epoch 99: forward train average loss 0.006070574435094993.
epoch 99: forward test average loss 0.012834270381265216.
inverse model, training agent 1.
epoch 0: inverse train average loss 0.013992588346203169.
epoch 0: inverse test average loss 0.026379412247074976.
epoch 99: inverse train average loss 0.012092279580732187.
epoch 99: inverse test average loss 0.02775922914346059.
forward model: training agent 2.
Epoch 0: forward train average loss 0.006248634101616012.
epoch 0: forward test average loss 0.01085644629266527.
Epoch 99: forward train average loss 0.005166199679176013.
epoch 99: forward test average loss 0.010691744171910815.
inverse model, training agent 2.
epoch 0: inverse train average loss 0.016216398320264287.
epoch 0: inverse test average loss 0.022090890341334872.
epoch 99: inverse train average loss 0.015544461293352975.
epoch 99: inverse test average loss 0.02046751810444726.
Policy training episode: 5, grounded actions taken: 347, last two uncertainties: {0: [0.0, 0.0], 1: [0.0, 0.0], 2: [0.0, 0.0]}, avg agent uncertainties: [0.0, 0.0, 0.0], grounded actions by agent: [116, 118, 113]
Policy training episode: 5, iteration 0/1, policy training avg travel time:129.46611721611723, q_loss:9.385181427001953, rewards:-16.292500813802082, queue:3.8092592592592593, delay:0.5841975459346065, throughput:4301
Sim Rollout episode:6/100, sim avg travel time:127.44871794871794, rewards:-13.037217881944445, queue:2.975, delay:0.5622191252531828, throughput:4300
Real rollout step:6/100, travel time:148.34340958605665, rewards:-22.885872395833335, queue:6.438888888888889, delay:0.5139520150643808, throughput:3527
forward model: training agent 0.
Epoch 0: forward train average loss 0.00509799106253518.
epoch 0: forward test average loss 0.00895624483625094.
Epoch 99: forward train average loss 0.004712592292990949.
epoch 99: forward test average loss 0.007251155459218555.
inverse model, training agent 0.
epoch 0: inverse train average loss 0.011343437453938855.
epoch 0: inverse test average loss 0.023192941314644284.
epoch 99: inverse train average loss 0.01042161002341244.
epoch 99: inverse test average loss 0.01611033288968934.
forward model: training agent 1.
Epoch 0: forward train average loss 0.006820353368918101.
epoch 0: forward test average loss 0.01116590698560079.
Epoch 99: forward train average loss 0.0057149917508165044.
epoch 99: forward test average loss 0.01078792702820566.
inverse model, training agent 1.
epoch 0: inverse train average loss 0.016555070256193478.
epoch 0: inverse test average loss 0.023708028097947437.
epoch 99: inverse train average loss 0.01562857772741053.
epoch 99: inverse test average loss 0.026163664129045274.
forward model: training agent 2.
Epoch 0: forward train average loss 0.006545083390341865.
epoch 0: forward test average loss 0.008414881096945869.
Epoch 99: forward train average loss 0.005724358682831128.
epoch 99: forward test average loss 0.007563754916191101.
inverse model, training agent 2.
epoch 0: inverse train average loss 0.015154045903020434.
epoch 0: inverse test average loss 0.02217013223303689.
epoch 99: inverse train average loss 0.014385528034634061.
epoch 99: inverse test average loss 0.022479984495374892.
Policy training episode: 6, grounded actions taken: 357, last two uncertainties: {0: [0.0, 0.0], 1: [0.0, 0.0], 2: [0.0, 0.0]}, avg agent uncertainties: [0.0, 0.0, 0.0], grounded actions by agent: [125, 119, 113]
Policy training episode: 6, iteration 0/1, policy training avg travel time:129.28365384615384, q_loss:8.297886848449707, rewards:-15.371526421440972, queue:3.5907407407407406, delay:0.5629886203342014, throughput:4303
Sim Rollout episode:7/100, sim avg travel time:127.88143739986266, rewards:-13.315833875868055, queue:3.189814814814815, delay:0.5442152235243055, throughput:4302
Real rollout step:7/100, travel time:153.8390586962402, rewards:-25.71967230902778, queue:7.463888888888889, delay:0.5028050175419561, throughput:3541
forward model: training agent 0.
Epoch 0: forward train average loss 0.004397582159274154.
epoch 0: forward test average loss 0.007526473452647527.
Epoch 99: forward train average loss 0.004068619778586758.
epoch 99: forward test average loss 0.0068759046908881925.
inverse model, training agent 0.
epoch 0: inverse train average loss 0.01103609251893229.
epoch 0: inverse test average loss 0.015053068598111471.
epoch 99: inverse train average loss 0.010516433045268059.
epoch 99: inverse test average loss 0.011631833389401436.
forward model: training agent 1.
Epoch 0: forward train average loss 0.00814823361320628.
epoch 0: forward test average loss 0.012324511177010007.
Epoch 99: forward train average loss 0.005612952841652764.
epoch 99: forward test average loss 0.009384822100400925.
inverse model, training agent 1.
epoch 0: inverse train average loss 0.01605807513826423.
epoch 0: inverse test average loss 0.02096586094962226.
epoch 99: inverse train average loss 0.014895594161417749.
epoch 99: inverse test average loss 0.02101140469312668.
forward model: training agent 2.
Epoch 0: forward train average loss 0.005417438637879159.
epoch 0: forward test average loss 0.008290571057134204.
Epoch 99: forward train average loss 0.005009290658765369.
epoch 99: forward test average loss 0.008472141706281237.
inverse model, training agent 2.
epoch 0: inverse train average loss 0.014952758120165931.
epoch 0: inverse test average loss 0.020408685836527083.
epoch 99: inverse train average loss 0.01407159637245867.
epoch 99: inverse test average loss 0.018918068044715457.
Policy training episode: 7, grounded actions taken: 372, last two uncertainties: {0: [0.0, 0.0], 1: [0.0, 0.0], 2: [0.0, 0.0]}, avg agent uncertainties: [0.0, 0.0, 0.0], grounded actions by agent: [123, 117, 132]
Policy training episode: 7, iteration 0/1, policy training avg travel time:128.86037994964522, q_loss:7.868082523345947, rewards:-15.6012939453125, queue:3.5064814814814813, delay:0.5825008251048901, throughput:4300
Sim Rollout episode:8/100, sim avg travel time:127.0734721904326, rewards:-12.923193359375, queue:2.835185185185185, delay:0.5662979125976563, throughput:4300
Real rollout step:8/100, travel time:150.21289274106175, rewards:-24.60971408420139, queue:6.712037037037037, delay:0.5312952112268519, throughput:3535
forward model: training agent 0.
Epoch 0: forward train average loss 0.004127516566465299.
epoch 0: forward test average loss 0.007684703916311264.
Epoch 99: forward train average loss 0.0037918827082547876.
epoch 99: forward test average loss 0.007677524454063839.
inverse model, training agent 0.
epoch 0: inverse train average loss 0.011467529874708917.
epoch 0: inverse test average loss 0.016879976623588137.
epoch 99: inverse train average loss 0.010401094539297951.
epoch 99: inverse test average loss 0.018512696855598025.
forward model: training agent 1.
Epoch 0: forward train average loss 0.005840190065403779.
epoch 0: forward test average loss 0.010996628552675247.
Epoch 99: forward train average loss 0.004898441955447197.
epoch 99: forward test average loss 0.011121668749385409.
inverse model, training agent 1.
epoch 0: inverse train average loss 0.01624608805610074.
epoch 0: inverse test average loss 0.02492709954579671.
epoch 99: inverse train average loss 0.015312245322598351.
epoch 99: inverse test average loss 0.023153857224517398.
forward model: training agent 2.
Epoch 0: forward train average loss 0.0068166909946335685.
epoch 0: forward test average loss 0.009722330917914709.
Epoch 99: forward train average loss 0.005148296037481891.
epoch 99: forward test average loss 0.010075120048390495.
inverse model, training agent 2.
epoch 0: inverse train average loss 0.013560875836345885.
epoch 0: inverse test average loss 0.01920209328333537.
epoch 99: inverse train average loss 0.012433274131682184.
epoch 99: inverse test average loss 0.01840831504927741.
Policy training episode: 8, grounded actions taken: 365, last two uncertainties: {0: [0.0, 0.0], 1: [0.0, 0.0], 2: [0.0, 0.0]}, avg agent uncertainties: [0.0, 0.0, 0.0], grounded actions by agent: [119, 126, 120]
Policy training episode: 8, iteration 0/1, policy training avg travel time:129.14073226544622, q_loss:7.446030616760254, rewards:-15.406532118055555, queue:3.466666666666667, delay:0.5679135923032408, throughput:4300
Sim Rollout episode:9/100, sim avg travel time:127.5716575091575, rewards:-12.373887803819445, queue:2.962962962962963, delay:0.5345703690140335, throughput:4303
Real rollout step:9/100, travel time:150.8970108695652, rewards:-24.391476779513887, queue:7.089814814814815, delay:0.4904823585792824, throughput:3528
forward model: training agent 0.
Epoch 0: forward train average loss 0.004256610499901904.
epoch 0: forward test average loss 0.007612917158338759.
Epoch 99: forward train average loss 0.0038844344413114917.
epoch 99: forward test average loss 0.007055950247579151.
inverse model, training agent 0.
epoch 0: inverse train average loss 0.009324627514514659.
epoch 0: inverse test average loss 0.024865163697136775.
epoch 99: inverse train average loss 0.008902498624391027.
epoch 99: inverse test average loss 0.018409304320812225.
forward model: training agent 1.
Epoch 0: forward train average loss 0.005683231374455823.
epoch 0: forward test average loss 0.009844575491216447.
Epoch 99: forward train average loss 0.004830617250667678.
epoch 99: forward test average loss 0.008458783643113242.
inverse model, training agent 1.
epoch 0: inverse train average loss 0.014654049649834633.
epoch 0: inverse test average loss 0.023226208984851837.
epoch 99: inverse train average loss 0.013545018310348192.
epoch 99: inverse test average loss 0.018719519178072613.
forward model: training agent 2.
Epoch 0: forward train average loss 0.0065446751606133245.
epoch 0: forward test average loss 0.010016181816657385.
Epoch 99: forward train average loss 0.005742662689752049.
epoch 99: forward test average loss 0.008500006463792589.
inverse model, training agent 2.
epoch 0: inverse train average loss 0.013052279129624367.
epoch 0: inverse test average loss 0.017780092855294544.
epoch 99: inverse train average loss 0.011642898122469584.
epoch 99: inverse test average loss 0.018487017187807295.
Policy training episode: 9, grounded actions taken: 358, last two uncertainties: {0: [0.0, 0.0], 1: [0.0, 0.0], 2: [0.0, 0.0]}, avg agent uncertainties: [0.0, 0.0, 0.0], grounded actions by agent: [112, 117, 129]
Policy training episode: 9, iteration 0/1, policy training avg travel time:128.37651636530097, q_loss:6.806920528411865, rewards:-14.398613823784721, queue:3.2324074074074076, delay:0.5609796594690394, throughput:4303
Sim Rollout episode:10/100, sim avg travel time:126.2041657129778, rewards:-11.032040744357639, queue:2.5175925925925924, delay:0.5219429298683449, throughput:4302
Real rollout step:10/100, travel time:152.07290533188248, rewards:-24.222037760416665, queue:7.050925925925926, delay:0.47208918818721063, throughput:3523
forward model: training agent 0.
Epoch 0: forward train average loss 0.0043058083910081126.
epoch 0: forward test average loss 0.008056259403626123.
Epoch 99: forward train average loss 0.003954809935142596.
epoch 99: forward test average loss 0.005936324389444457.
inverse model, training agent 0.
epoch 0: inverse train average loss 0.010326722429858314.
epoch 0: inverse test average loss 0.011448822087711759.
epoch 99: inverse train average loss 0.009159141013191806.
epoch 99: inverse test average loss 0.013286434941821627.
forward model: training agent 1.
Epoch 0: forward train average loss 0.005825193495386177.
epoch 0: forward test average loss 0.008083745630251037.
Epoch 99: forward train average loss 0.004936843179166317.
epoch 99: forward test average loss 0.007474022813969188.
inverse model, training agent 1.
epoch 0: inverse train average loss 0.0148768186983135.
epoch 0: inverse test average loss 0.020464510553412966.
epoch 99: inverse train average loss 0.013001463272505336.
epoch 99: inverse test average loss 0.02472206536266539.
forward model: training agent 2.
Epoch 0: forward train average loss 0.006563951468302144.
epoch 0: forward test average loss 0.011700147142012915.
Epoch 99: forward train average loss 0.006020807557635837.
epoch 99: forward test average loss 0.009491439080900617.
inverse model, training agent 2.
epoch 0: inverse train average loss 0.012817614815301366.
epoch 0: inverse test average loss 0.020224661462836795.
epoch 99: inverse train average loss 0.011815596578849686.
epoch 99: inverse test average loss 0.013846507089005576.
Policy training episode: 10, grounded actions taken: 341, last two uncertainties: {0: [0.0, 0.0], 1: [0.0, 0.0], 2: [0.0, 0.0]}, avg agent uncertainties: [0.0, 0.0, 0.0], grounded actions by agent: [105, 124, 112]
Policy training episode: 10, iteration 0/1, policy training avg travel time:127.48695652173913, q_loss:6.484804630279541, rewards:-13.286941189236112, queue:2.9694444444444446, delay:0.5456449720594618, throughput:4301
Sim Rollout episode:11/100, sim avg travel time:126.32295719844358, rewards:-10.877454291449652, queue:2.462037037037037, delay:0.5169351083260996, throughput:4302
Real rollout step:11/100, travel time:153.92041428182065, rewards:-25.687646484375, queue:7.354629629629629, delay:0.4950572826244213, throughput:3520
forward model: training agent 0.
Epoch 0: forward train average loss 0.00412213605725103.
epoch 0: forward test average loss 0.00820056266254849.
Epoch 99: forward train average loss 0.0036802912234432167.
epoch 99: forward test average loss 0.006941977267464002.
inverse model, training agent 0.
epoch 0: inverse train average loss 0.009561381613214811.
epoch 0: inverse test average loss 0.010737148423989614.
epoch 99: inverse train average loss 0.008623542678025033.
epoch 99: inverse test average loss 0.009589883602327771.
forward model: training agent 1.
Epoch 0: forward train average loss 0.00558472259177102.
epoch 0: forward test average loss 0.00862463770641221.
Epoch 99: forward train average loss 0.005123053987820943.
epoch 99: forward test average loss 0.010809963362084495.
inverse model, training agent 1.
epoch 0: inverse train average loss 0.013017420139577653.
epoch 0: inverse test average loss 0.022759723166624706.
epoch 99: inverse train average loss 0.011403624899685383.
epoch 99: inverse test average loss 0.018390734990437824.
forward model: training agent 2.
Epoch 0: forward train average loss 0.005852392046815819.
epoch 0: forward test average loss 0.010795443836185668.
Epoch 99: forward train average loss 0.004868714656266902.
epoch 99: forward test average loss 0.009452049516969256.
inverse model, training agent 2.
epoch 0: inverse train average loss 0.01128007864786519.
epoch 0: inverse test average loss 0.016164604160520766.
epoch 99: inverse train average loss 0.010721255714694658.
epoch 99: inverse test average loss 0.01731796148750517.
Policy training episode: 11, grounded actions taken: 362, last two uncertainties: {0: [0.0, 0.0], 1: [0.0, 0.0], 2: [0.0, 0.0]}, avg agent uncertainties: [0.0, 0.0, 0.0], grounded actions by agent: [115, 118, 129]
Policy training episode: 11, iteration 0/1, policy training avg travel time:128.4097047379263, q_loss:6.074812889099121, rewards:-14.564028591579861, queue:3.237037037037037, delay:0.5514886926721644, throughput:4297
Sim Rollout episode:12/100, sim avg travel time:126.18627002288329, rewards:-10.05203857421875, queue:2.346296296296296, delay:0.4922881514937789, throughput:4301
Real rollout step:12/100, travel time:156.64403570462537, rewards:-25.233146158854165, queue:7.602777777777778, delay:0.45636364972149884, throughput:3527
forward model: training agent 0.
Epoch 0: forward train average loss 0.004493309857530726.
epoch 0: forward test average loss 0.006336532119247649.
Epoch 99: forward train average loss 0.0038692490715119573.
epoch 99: forward test average loss 0.006009961788853009.
inverse model, training agent 0.
epoch 0: inverse train average loss 0.009672375809815194.
epoch 0: inverse test average loss 0.016064174473285675.
epoch 99: inverse train average loss 0.008123585540387366.
epoch 99: inverse test average loss 0.011212886621554693.
forward model: training agent 1.
Epoch 0: forward train average loss 0.005769187687999672.
epoch 0: forward test average loss 0.009052498059140312.
Epoch 99: forward train average loss 0.005005511765678723.
epoch 99: forward test average loss 0.0108124568230576.
inverse model, training agent 1.
epoch 0: inverse train average loss 0.012607744791441493.
epoch 0: inverse test average loss 0.01797496610217624.
epoch 99: inverse train average loss 0.010705433268513944.
epoch 99: inverse test average loss 0.022661208278603025.
forward model: training agent 2.
Epoch 0: forward train average loss 0.006158152802122964.
epoch 0: forward test average loss 0.009595505479309294.
Epoch 99: forward train average loss 0.005197535372442669.
epoch 99: forward test average loss 0.007838110956880782.
inverse model, training agent 2.
epoch 0: inverse train average loss 0.011945184734132554.
epoch 0: inverse test average loss 0.015302597234646479.
epoch 99: inverse train average loss 0.010955854629476866.
epoch 99: inverse test average loss 0.02127453436454137.
Policy training episode: 12, grounded actions taken: 378, last two uncertainties: {0: [0.0, 0.0], 1: [0.0, 0.0], 2: [0.0, 0.0]}, avg agent uncertainties: [0.0, 0.0, 0.0], grounded actions by agent: [128, 125, 125]
Policy training episode: 12, iteration 0/1, policy training avg travel time:128.11304347826086, q_loss:5.776978492736816, rewards:-13.924863009982639, queue:3.1444444444444444, delay:0.552531263563368, throughput:4302
Sim Rollout episode:13/100, sim avg travel time:126.27603570611124, rewards:-10.63356458875868, queue:2.452777777777778, delay:0.5001806188512732, throughput:4303
Real rollout step:13/100, travel time:152.63732681336595, rewards:-25.690180121527778, queue:7.45462962962963, delay:0.45943292688440396, throughput:3530
forward model: training agent 0.
Epoch 0: forward train average loss 0.003721516061988142.
epoch 0: forward test average loss 0.006609706001149284.
Epoch 99: forward train average loss 0.0033750482317474154.
epoch 99: forward test average loss 0.0080084138446384.
inverse model, training agent 0.
epoch 0: inverse train average loss 0.008321772639950117.
epoch 0: inverse test average loss 0.01225823826260037.
epoch 99: inverse train average loss 0.007031569153898292.
epoch 99: inverse test average loss 0.016330048441886902.
forward model: training agent 1.
Epoch 0: forward train average loss 0.005165810696780682.
epoch 0: forward test average loss 0.00897227931353781.
Epoch 99: forward train average loss 0.004631595530857642.
epoch 99: forward test average loss 0.006917892023921013.
inverse model, training agent 1.
epoch 0: inverse train average loss 0.013422710614071952.
epoch 0: inverse test average loss 0.020114709933598835.
epoch 99: inverse train average loss 0.01187387564116054.
epoch 99: inverse test average loss 0.017271147006087832.
forward model: training agent 2.
Epoch 0: forward train average loss 0.006396587731109725.
epoch 0: forward test average loss 0.01223384216427803.
Epoch 99: forward train average loss 0.005132591972748439.
epoch 99: forward test average loss 0.008020024539695846.
inverse model, training agent 2.
epoch 0: inverse train average loss 0.00971027339498202.
epoch 0: inverse test average loss 0.015276211417383619.
epoch 99: inverse train average loss 0.008433821507626109.
epoch 99: inverse test average loss 0.011014827837546667.
Policy training episode: 13, grounded actions taken: 358, last two uncertainties: {0: [0.0, 0.0], 1: [0.0, 0.0], 2: [0.0, 0.0]}, avg agent uncertainties: [0.0, 0.0, 0.0], grounded actions by agent: [118, 124, 116]
Policy training episode: 13, iteration 0/1, policy training avg travel time:128.10872053101397, q_loss:5.660428524017334, rewards:-13.54194064670139, queue:3.087037037037037, delay:0.5395242196542246, throughput:4301
Sim Rollout episode:14/100, sim avg travel time:126.16643772893772, rewards:-10.401064724392361, queue:2.463888888888889, delay:0.5057342529296875, throughput:4302
Real rollout step:14/100, travel time:154.97747014115092, rewards:-25.111572265625, queue:7.42962962962963, delay:0.4616993091724537, throughput:3531
forward model: training agent 0.
Epoch 0: forward train average loss 0.003560058306902647.
epoch 0: forward test average loss 0.006401063874363899.
Epoch 99: forward train average loss 0.0033645289432671335.
epoch 99: forward test average loss 0.006244940476285087.
inverse model, training agent 0.
epoch 0: inverse train average loss 0.008215832937922742.
epoch 0: inverse test average loss 0.010512841244538626.
epoch 99: inverse train average loss 0.007812843554549746.
epoch 99: inverse test average loss 0.011577477057774862.
forward model: training agent 1.
Epoch 0: forward train average loss 0.005597397892011536.
epoch 0: forward test average loss 0.010338010473383797.
Epoch 99: forward train average loss 0.004769470490929153.
epoch 99: forward test average loss 0.00864399555656645.
inverse model, training agent 1.
epoch 0: inverse train average loss 0.011613433766696189.
epoch 0: inverse test average loss 0.01636771361033122.
epoch 99: inverse train average loss 0.010781785473227501.
epoch 99: inverse test average loss 0.014709253278043535.
forward model: training agent 2.
Epoch 0: forward train average loss 0.005514365517430835.
epoch 0: forward test average loss 0.008743437627951304.
Epoch 99: forward train average loss 0.004860112857487466.
epoch 99: forward test average loss 0.00797330132789082.
inverse model, training agent 2.
epoch 0: inverse train average loss 0.01008701024370061.
epoch 0: inverse test average loss 0.011378086689445708.
epoch 99: inverse train average loss 0.009125785177780522.
epoch 99: inverse test average loss 0.011725090444087982.
Policy training episode: 14, grounded actions taken: 332, last two uncertainties: {0: [0.0, 0.0], 1: [0.0, 0.0], 2: [0.0, 0.0]}, avg agent uncertainties: [0.0, 0.0, 0.0], grounded actions by agent: [126, 98, 108]
Policy training episode: 14, iteration 0/1, policy training avg travel time:128.44871794871796, q_loss:5.383830547332764, rewards:-14.021761067708333, queue:3.198148148148148, delay:0.5453219943576388, throughput:4298
Sim Rollout episode:15/100, sim avg travel time:126.50228937728937, rewards:-10.456387668185764, queue:2.4444444444444446, delay:0.506796208134404, throughput:4302
Real rollout step:15/100, travel time:152.52644360496492, rewards:-24.740001085069444, queue:7.337037037037037, delay:0.4601109540020978, throughput:3550
forward model: training agent 0.
Epoch 0: forward train average loss 0.003560310591840082.
epoch 0: forward test average loss 0.007269558807214101.
Epoch 99: forward train average loss 0.003315833138508929.
epoch 99: forward test average loss 0.006837814011507564.
inverse model, training agent 0.
epoch 0: inverse train average loss 0.007962231213847796.
epoch 0: inverse test average loss 0.008994037492407693.
epoch 99: inverse train average loss 0.0069886865094304085.
epoch 99: inverse test average loss 0.009589113295078278.
forward model: training agent 1.
Epoch 0: forward train average loss 0.005418127713104089.
epoch 0: forward test average loss 0.008978236880567338.
Epoch 99: forward train average loss 0.004716030632456143.
epoch 99: forward test average loss 0.007912101844946543.
inverse model, training agent 1.
epoch 0: inverse train average loss 0.009357873764302995.
epoch 0: inverse test average loss 0.022139651907814875.
epoch 99: inverse train average loss 0.008390510765214762.
epoch 99: inverse test average loss 0.020198349323537614.
forward model: training agent 2.
Epoch 0: forward train average loss 0.0055486175955997575.
epoch 0: forward test average loss 0.01103666341967053.
Epoch 99: forward train average loss 0.005033277389076021.
epoch 99: forward test average loss 0.007832726670636071.
inverse model, training agent 2.
epoch 0: inverse train average loss 0.009970205422076914.
epoch 0: inverse test average loss 0.014427957435448965.
epoch 99: inverse train average loss 0.008763038967218664.
epoch 99: inverse test average loss 0.021366672383414373.
Policy training episode: 15, grounded actions taken: 336, last two uncertainties: {0: [0.0, 0.0], 1: [0.0, 0.0], 2: [0.0, 0.0]}, avg agent uncertainties: [0.0, 0.0, 0.0], grounded actions by agent: [91, 110, 135]
Policy training episode: 15, iteration 0/1, policy training avg travel time:127.97849462365592, q_loss:5.0722784996032715, rewards:-13.272824435763889, queue:3.062037037037037, delay:0.5312433313440393, throughput:4299
Sim Rollout episode:16/100, sim avg travel time:125.70107576104371, rewards:-9.666066487630209, queue:2.2425925925925925, delay:0.4888310750325521, throughput:4303
Real rollout step:16/100, travel time:159.06401291016675, rewards:-29.046023220486113, queue:8.59537037037037, delay:0.4641317296911169, throughput:3559
forward model: training agent 0.
Epoch 0: forward train average loss 0.003803179340644015.
epoch 0: forward test average loss 0.005698717302746243.
Epoch 99: forward train average loss 0.003466228540572855.
epoch 99: forward test average loss 0.005272036004397605.
inverse model, training agent 0.
epoch 0: inverse train average loss 0.00819031625158257.
epoch 0: inverse test average loss 0.0064735132166081006.
epoch 99: inverse train average loss 0.007383834881087144.
epoch 99: inverse test average loss 0.008820672002103593.
forward model: training agent 1.
Epoch 0: forward train average loss 0.005979562695655558.
epoch 0: forward test average loss 0.008224773324198194.
Epoch 99: forward train average loss 0.0051264527978168595.
epoch 99: forward test average loss 0.010103239781326719.
inverse model, training agent 1.
epoch 0: inverse train average loss 0.010201446505056487.
epoch 0: inverse test average loss 0.014790745659006966.
epoch 99: inverse train average loss 0.009135155628124872.
epoch 99: inverse test average loss 0.015823666834168963.
forward model: training agent 2.
Epoch 0: forward train average loss 0.004918947401973937.
epoch 0: forward test average loss 0.007709737867116928.
Epoch 99: forward train average loss 0.004311873318834437.
epoch 99: forward test average loss 0.008022716061936485.
inverse model, training agent 2.
epoch 0: inverse train average loss 0.007983418285018869.
epoch 0: inverse test average loss 0.013414879226022296.
epoch 99: inverse train average loss 0.007332145443393124.
epoch 99: inverse test average loss 0.009289553595913781.
Policy training episode: 16, grounded actions taken: 374, last two uncertainties: {0: [0.0, 0.0], 1: [0.0, 0.0], 2: [0.0, 0.0]}, avg agent uncertainties: [0.0, 0.0, 0.0], grounded actions by agent: [124, 130, 120]
Policy training episode: 16, iteration 0/1, policy training avg travel time:128.02403846153845, q_loss:4.142460346221924, rewards:-13.21875, queue:3.075, delay:0.5237200136537905, throughput:4299
Sim Rollout episode:17/100, sim avg travel time:125.8143315018315, rewards:-9.61032443576389, queue:2.236111111111111, delay:0.48821784125434026, throughput:4302
Real rollout step:17/100, travel time:153.7296346414073, rewards:-23.913981119791668, queue:7.038888888888889, delay:0.45879477041739003, throughput:3546
forward model: training agent 0.
Epoch 0: forward train average loss 0.0037725402249230277.
epoch 0: forward test average loss 0.006542360617054833.
Epoch 99: forward train average loss 0.0034724436700344086.
epoch 99: forward test average loss 0.006711568890346421.
inverse model, training agent 0.
epoch 0: inverse train average loss 0.008234179785682095.
epoch 0: inverse test average loss 0.014831758207745023.
epoch 99: inverse train average loss 0.007116652818189727.
epoch 99: inverse test average loss 0.01696306715408961.
forward model: training agent 1.
Epoch 0: forward train average loss 0.0059412337011761135.
epoch 0: forward test average loss 0.008871948967377344.
Epoch 99: forward train average loss 0.00487019307911396.
epoch 99: forward test average loss 0.01002024445268843.
inverse model, training agent 1.
epoch 0: inverse train average loss 0.014063016614980169.
epoch 0: inverse test average loss 0.012816513578097025.
epoch 99: inverse train average loss 0.010785986772841878.
epoch 99: inverse test average loss 0.01418461360865169.
forward model: training agent 2.
Epoch 0: forward train average loss 0.005528705711993907.
epoch 0: forward test average loss 0.007557108584377501.
Epoch 99: forward train average loss 0.004742657300084829.
epoch 99: forward test average loss 0.00720357708632946.
inverse model, training agent 2.
epoch 0: inverse train average loss 0.00872651870465941.
epoch 0: inverse test average loss 0.023858450767066743.
epoch 99: inverse train average loss 0.007918601752155356.
epoch 99: inverse test average loss 0.013639515886704126.
Policy training episode: 17, grounded actions taken: 336, last two uncertainties: {0: [0.0, 0.0], 1: [0.0, 0.0], 2: [0.0, 0.0]}, avg agent uncertainties: [0.0, 0.0, 0.0], grounded actions by agent: [122, 106, 108]
Policy training episode: 17, iteration 0/1, policy training avg travel time:128.28094257606955, q_loss:3.485501289367676, rewards:-13.203240288628471, queue:3.0277777777777777, delay:0.5160673353407118, throughput:4301
Sim Rollout episode:18/100, sim avg travel time:125.98054919908466, rewards:-9.923053656684028, queue:2.3296296296296295, delay:0.4824821189597801, throughput:4301
Real rollout step:18/100, travel time:194.36445536445535, rewards:-43.202596028645836, queue:13.300925925925926, delay:0.4759404500325521, throughput:3419
forward model: training agent 0.
Epoch 0: forward train average loss 0.003497468669795328.
epoch 0: forward test average loss 0.006400697761111789.
Epoch 99: forward train average loss 0.0031353074850307572.
epoch 99: forward test average loss 0.005888581482900513.
inverse model, training agent 0.
epoch 0: inverse train average loss 0.01036373774210612.
epoch 0: inverse test average loss 0.019113585766818788.
epoch 99: inverse train average loss 0.007389838082922829.
epoch 99: inverse test average loss 0.01742375683453348.
forward model: training agent 1.
Epoch 0: forward train average loss 0.01893141720857885.
epoch 0: forward test average loss 0.019122637808322906.
Epoch 99: forward train average loss 0.005547228993641006.
epoch 99: forward test average loss 0.010261328683959113.
inverse model, training agent 1.
epoch 0: inverse train average loss 0.008543770656817488.
epoch 0: inverse test average loss 0.02052942828999625.
epoch 99: inverse train average loss 0.007574332360592153.
epoch 99: inverse test average loss 0.01663621763388316.
forward model: training agent 2.
Epoch 0: forward train average loss 0.005937216699951225.
epoch 0: forward test average loss 0.010492635683880912.
Epoch 99: forward train average loss 0.004332848462379641.
epoch 99: forward test average loss 0.009023435827758577.
inverse model, training agent 2.
epoch 0: inverse train average loss 0.008226167928013537.
epoch 0: inverse test average loss 0.009576998237106536.
epoch 99: inverse train average loss 0.007790897662440936.
epoch 99: inverse test average loss 0.014064419600698683.
Policy training episode: 18, grounded actions taken: 341, last two uncertainties: {0: [0.0, 0.0], 1: [0.0, 0.0], 2: [0.0, 0.0]}, avg agent uncertainties: [0.0, 0.0, 0.0], grounded actions by agent: [111, 110, 120]
Policy training episode: 18, iteration 0/1, policy training avg travel time:127.97848477912565, q_loss:3.2369132041931152, rewards:-12.939444986979167, queue:2.938888888888889, delay:0.522238102665654, throughput:4302
Sim Rollout episode:19/100, sim avg travel time:125.51076007326007, rewards:-8.98995361328125, queue:2.0675925925925926, delay:0.47613333242910877, throughput:4303
Real rollout step:19/100, travel time:181.23167396061268, rewards:-34.10267740885417, queue:10.622222222222222, delay:0.4660799944842303, throughput:3440
forward model: training agent 0.
Epoch 0: forward train average loss 0.00404805772834354.
epoch 0: forward test average loss 0.006790807056758139.
Epoch 99: forward train average loss 0.0036055843552781474.
epoch 99: forward test average loss 0.006783218847380744.
inverse model, training agent 0.
epoch 0: inverse train average loss 0.008199518029060628.
epoch 0: inverse test average loss 0.015010008381472694.
epoch 99: inverse train average loss 0.006203676884373029.
epoch 99: inverse test average loss 0.00960765489273601.
forward model: training agent 1.
Epoch 0: forward train average loss 0.006369403563439846.
epoch 0: forward test average loss 0.01017415937450197.
Epoch 99: forward train average loss 0.005183310765359137.
epoch 99: forward test average loss 0.008348228202925788.
inverse model, training agent 1.
epoch 0: inverse train average loss 0.010598872891730733.
epoch 0: inverse test average loss 0.020524189703994326.
epoch 99: inverse train average loss 0.008765245063437356.
epoch 99: inverse test average loss 0.02081648177570767.
forward model: training agent 2.
Epoch 0: forward train average loss 0.00524164146433274.
epoch 0: forward test average loss 0.009163659893804126.
Epoch 99: forward train average loss 0.004387573080344332.
epoch 99: forward test average loss 0.00875725762711631.
inverse model, training agent 2.
epoch 0: inverse train average loss 0.00898913966698779.
epoch 0: inverse test average loss 0.012474143670664893.
epoch 99: inverse train average loss 0.007330662156972621.
epoch 99: inverse test average loss 0.012511983099910948.
Policy training episode: 19, grounded actions taken: 347, last two uncertainties: {0: [0.0, 0.0], 1: [0.0, 0.0], 2: [0.0, 0.0]}, avg agent uncertainties: [0.0, 0.0, 0.0], grounded actions by agent: [106, 112, 129]
Policy training episode: 19, iteration 0/1, policy training avg travel time:127.41094322344323, q_loss:3.06518292427063, rewards:-12.395741102430556, queue:2.786111111111111, delay:0.5187286376953125, throughput:4303
Sim Rollout episode:20/100, sim avg travel time:125.7930876630808, rewards:-9.567176649305555, queue:2.212037037037037, delay:0.4843634711371528, throughput:4300
Real rollout step:20/100, travel time:187.04448105436575, rewards:-38.86717122395833, queue:12.161111111111111, delay:0.4796829788773148, throughput:3439
forward model: training agent 0.
Epoch 0: forward train average loss 0.003299211307118336.
epoch 0: forward test average loss 0.006262420159247186.
Epoch 99: forward train average loss 0.0029462784425252015.
epoch 99: forward test average loss 0.006026770298679669.
inverse model, training agent 0.
epoch 0: inverse train average loss 0.0077880727541115545.
epoch 0: inverse test average loss 0.010742381629016664.
epoch 99: inverse train average loss 0.0063672541744179195.
epoch 99: inverse test average loss 0.007894009144769775.
forward model: training agent 1.
Epoch 0: forward train average loss 0.00629814900457859.
epoch 0: forward test average loss 0.010025691241025925.
Epoch 99: forward train average loss 0.005216722376644611.
epoch 99: forward test average loss 0.007939776198731529.
inverse model, training agent 1.
epoch 0: inverse train average loss 0.009503866649336286.
epoch 0: inverse test average loss 0.012893644471963247.
epoch 99: inverse train average loss 0.008283465997212462.
epoch 99: inverse test average loss 0.014654731584919823.
forward model: training agent 2.
Epoch 0: forward train average loss 0.005119970792697536.
epoch 0: forward test average loss 0.007968544960021973.
Epoch 99: forward train average loss 0.00450377921677298.
epoch 99: forward test average loss 0.007342880384789573.
inverse model, training agent 2.
epoch 0: inverse train average loss 0.009291729993290372.
epoch 0: inverse test average loss 0.014928410450617472.
epoch 99: inverse train average loss 0.00857477697233359.
epoch 99: inverse test average loss 0.017457708302471373.
Policy training episode: 20, grounded actions taken: 344, last two uncertainties: {0: [0.0, 0.0], 1: [0.0, 0.0], 2: [0.0, 0.0]}, avg agent uncertainties: [0.0, 0.0, 0.0], grounded actions by agent: [113, 104, 127]
Policy training episode: 20, iteration 0/1, policy training avg travel time:127.76144688644689, q_loss:3.01495361328125, rewards:-12.645228407118056, queue:2.859259259259259, delay:0.5166743525752315, throughput:4301
Sim Rollout episode:21/100, sim avg travel time:125.57005494505495, rewards:-9.07370334201389, queue:2.109259259259259, delay:0.47181955973307294, throughput:4304
Real rollout step:21/100, travel time:184.35289256198348, rewards:-35.96513129340278, queue:11.15925925925926, delay:0.4761141741717303, throughput:3411
forward model: training agent 0.
Epoch 0: forward train average loss 0.0032340498227212164.
epoch 0: forward test average loss 0.006576753945814239.
Epoch 99: forward train average loss 0.0030087820357746547.
epoch 99: forward test average loss 0.005706775519582961.
inverse model, training agent 0.
epoch 0: inverse train average loss 0.0085478610255652.
epoch 0: inverse test average loss 0.006781085497803158.
epoch 99: inverse train average loss 0.006780398647404379.
epoch 99: inverse test average loss 0.007909134030342102.
forward model: training agent 1.
Epoch 0: forward train average loss 0.005309472481409709.
epoch 0: forward test average loss 0.007173422517047988.
Epoch 99: forward train average loss 0.0046517437634368735.
epoch 99: forward test average loss 0.006491507093111674.
inverse model, training agent 1.
epoch 0: inverse train average loss 0.0097957585627834.
epoch 0: inverse test average loss 0.018225536578231387.
epoch 99: inverse train average loss 0.00819186648974816.
epoch 99: inverse test average loss 0.017078911264737446.
forward model: training agent 2.
Epoch 0: forward train average loss 0.005369419645931985.
epoch 0: forward test average loss 0.010658798946274651.
Epoch 99: forward train average loss 0.004647239370064603.
epoch 99: forward test average loss 0.00925948926144176.
inverse model, training agent 2.
epoch 0: inverse train average loss 0.007574524006081952.
epoch 0: inverse test average loss 0.014898488091097938.
epoch 99: inverse train average loss 0.00662506858093871.
epoch 99: inverse test average loss 0.017183435046010546.
Policy training episode: 21, grounded actions taken: 363, last two uncertainties: {0: [0.0, 0.0], 1: [0.0, 0.0], 2: [0.0, 0.0]}, avg agent uncertainties: [0.0, 0.0, 0.0], grounded actions by agent: [117, 131, 115]
Policy training episode: 21, iteration 0/1, policy training avg travel time:127.42229343099108, q_loss:3.0439910888671875, rewards:-11.859908040364584, queue:2.734259259259259, delay:0.4978167498553241, throughput:4300
Sim Rollout episode:22/100, sim avg travel time:125.87983520256351, rewards:-9.383148193359375, queue:2.1351851851851853, delay:0.4780654342086227, throughput:4303
Real rollout step:22/100, travel time:148.04894722450095, rewards:-20.4994873046875, queue:5.988888888888889, delay:0.4700368810583044, throughput:3508
forward model: training agent 0.
Epoch 0: forward train average loss 0.0036893481802609232.
epoch 0: forward test average loss 0.007161339744925499.
Epoch 99: forward train average loss 0.003356328441037072.
epoch 99: forward test average loss 0.006537191983726289.
inverse model, training agent 0.
epoch 0: inverse train average loss 0.00673691038456228.
epoch 0: inverse test average loss 0.015664690484603245.
epoch 99: inverse train average loss 0.0060593548437787425.
epoch 99: inverse test average loss 0.010448445462518267.
forward model: training agent 1.
Epoch 0: forward train average loss 0.0047758664521906115.
epoch 0: forward test average loss 0.0068937453130880995.
Epoch 99: forward train average loss 0.004112937177220981.
epoch 99: forward test average loss 0.007295856459273232.
inverse model, training agent 1.
epoch 0: inverse train average loss 0.008081272761854861.
epoch 0: inverse test average loss 0.012323776053057777.
epoch 99: inverse train average loss 0.007163599961333805.
epoch 99: inverse test average loss 0.010411013331678178.
forward model: training agent 2.
Epoch 0: forward train average loss 0.005178690163625611.
epoch 0: forward test average loss 0.00858453040321668.
Epoch 99: forward train average loss 0.004470308259543445.
epoch 99: forward test average loss 0.007205175028906928.
inverse model, training agent 2.
epoch 0: inverse train average loss 0.008765570301976468.
epoch 0: inverse test average loss 0.012461306734217538.
epoch 99: inverse train average loss 0.007871352963977389.
epoch 99: inverse test average loss 0.015154242929485109.
Policy training episode: 22, grounded actions taken: 384, last two uncertainties: {0: [0.0, 0.0], 1: [0.0, 0.0], 2: [0.0, 0.0]}, avg agent uncertainties: [0.0, 0.0, 0.0], grounded actions by agent: [119, 137, 128]
Policy training episode: 22, iteration 0/1, policy training avg travel time:127.82105263157895, q_loss:3.0289363861083984, rewards:-12.773196072048611, queue:2.8703703703703702, delay:0.5192898220486111, throughput:4303
Sim Rollout episode:23/100, sim avg travel time:125.75463492790112, rewards:-9.59416775173611, queue:2.2185185185185183, delay:0.48575439453125, throughput:4301
Real rollout step:23/100, travel time:151.28408163265306, rewards:-22.08541531032986, queue:6.599074074074074, delay:0.4600080984610098, throughput:3528
forward model: training agent 0.
Epoch 0: forward train average loss 0.0033479497457544007.
epoch 0: forward test average loss 0.0055717697574032676.
Epoch 99: forward train average loss 0.003063226325644387.
epoch 99: forward test average loss 0.0055407072520918315.
inverse model, training agent 0.
epoch 0: inverse train average loss 0.008127448355986012.
epoch 0: inverse test average loss 0.012358315702941682.
epoch 99: inverse train average loss 0.006281816090146701.
epoch 99: inverse test average loss 0.011341610302527746.
forward model: training agent 1.
Epoch 0: forward train average loss 0.004824937631686528.
epoch 0: forward test average loss 0.007160825240943167.
Epoch 99: forward train average loss 0.0038470134346021544.
epoch 99: forward test average loss 0.008449008895291222.
inverse model, training agent 1.
epoch 0: inverse train average loss 0.007950606031550301.
epoch 0: inverse test average loss 0.009167293707529703.
epoch 99: inverse train average loss 0.007453817460272048.
epoch 99: inverse test average loss 0.009968239400121901.
forward model: training agent 2.
Epoch 0: forward train average loss 0.005249576022227605.
epoch 0: forward test average loss 0.008340403023693297.
Epoch 99: forward train average loss 0.00451958965924051.
epoch 99: forward test average loss 0.006685184935728709.
inverse model, training agent 2.
epoch 0: inverse train average loss 0.007509198660651843.
epoch 0: inverse test average loss 0.01082697469327185.
epoch 99: inverse train average loss 0.006154578489561875.
epoch 99: inverse test average loss 0.00808952831559711.
Policy training episode: 23, grounded actions taken: 350, last two uncertainties: {0: [0.0, 0.0], 1: [0.0, 0.0], 2: [0.0, 0.0]}, avg agent uncertainties: [0.0, 0.0, 0.0], grounded actions by agent: [114, 127, 109]
Policy training episode: 23, iteration 0/1, policy training avg travel time:127.33737697413596, q_loss:3.0493252277374268, rewards:-11.780879720052083, queue:2.6907407407407407, delay:0.5093120998806424, throughput:4304
Sim Rollout episode:24/100, sim avg travel time:125.89839816933639, rewards:-9.471714952256944, queue:2.1574074074074074, delay:0.4797857779043692, throughput:4303
Real rollout step:24/100, travel time:156.75368248772503, rewards:-25.930878363715276, queue:7.802777777777778, delay:0.46829071044921877, throughput:3439
forward model: training agent 0.
Epoch 0: forward train average loss 0.0032764154796799025.
epoch 0: forward test average loss 0.0053804924504624475.
Epoch 99: forward train average loss 0.0030542120544446837.
epoch 99: forward test average loss 0.006643058732151985.
inverse model, training agent 0.
epoch 0: inverse train average loss 0.007312078649799029.
epoch 0: inverse test average loss 0.006283195689320564.
epoch 99: inverse train average loss 0.0058591411345534855.
epoch 99: inverse test average loss 0.006272463645372126.
forward model: training agent 1.
Epoch 0: forward train average loss 0.005885500874784257.
epoch 0: forward test average loss 0.0076322923931810595.
Epoch 99: forward train average loss 0.0046210708614024855.
epoch 99: forward test average loss 0.007516191651423772.
inverse model, training agent 1.
epoch 0: inverse train average loss 0.007838952355086803.
epoch 0: inverse test average loss 0.015173465841346316.
epoch 99: inverse train average loss 0.007136432971391413.
epoch 99: inverse test average loss 0.018624256882402632.
forward model: training agent 2.
Epoch 0: forward train average loss 0.005118432765205701.
epoch 0: forward test average loss 0.007951591163873672.
Epoch 99: forward train average loss 0.004245850412795941.
epoch 99: forward test average loss 0.008689509911669625.
inverse model, training agent 2.
epoch 0: inverse train average loss 0.008031014973918596.
epoch 0: inverse test average loss 0.010487248086267047.
epoch 99: inverse train average loss 0.0066757917197214234.
epoch 99: inverse test average loss 0.014515197111500634.
Policy training episode: 24, grounded actions taken: 372, last two uncertainties: {0: [0.0, 0.0], 1: [0.0, 0.0], 2: [0.0, 0.0]}, avg agent uncertainties: [0.0, 0.0, 0.0], grounded actions by agent: [125, 128, 119]
Policy training episode: 24, iteration 0/1, policy training avg travel time:128.16155606407324, q_loss:3.1476516723632812, rewards:-12.935603841145833, queue:2.9814814814814814, delay:0.5069819132486979, throughput:4301
Sim Rollout episode:25/100, sim avg travel time:125.80173992673993, rewards:-9.350464545355903, queue:2.1351851851851853, delay:0.475383221661603, throughput:4301
Real rollout step:25/100, travel time:147.67620847961112, rewards:-21.237916395399306, queue:6.2787037037037035, delay:0.4531895955403646, throughput:3552
forward model: training agent 0.
Epoch 0: forward train average loss 0.0033632152092953524.
epoch 0: forward test average loss 0.006323932566576534.
Epoch 99: forward train average loss 0.0031871023173961374.
epoch 99: forward test average loss 0.00609403724471728.
inverse model, training agent 0.
epoch 0: inverse train average loss 0.00770926299608416.
epoch 0: inverse test average loss 0.010490510612726212.
epoch 99: inverse train average loss 0.006967054162588384.
epoch 99: inverse test average loss 0.007539744799335797.
forward model: training agent 1.
Epoch 0: forward train average loss 0.004661933932867315.
epoch 0: forward test average loss 0.0063066136919789845.
Epoch 99: forward train average loss 0.004212377385960685.
epoch 99: forward test average loss 0.006229200917813513.
inverse model, training agent 1.
epoch 0: inverse train average loss 0.006745711175931824.
epoch 0: inverse test average loss 0.010138634178373549.
epoch 99: inverse train average loss 0.006023373040888045.
epoch 99: inverse test average loss 0.007380719400114483.
forward model: training agent 2.
Epoch 0: forward train average loss 0.005136184653060304.
epoch 0: forward test average loss 0.007294816689358817.
Epoch 99: forward train average loss 0.004738670049442185.
epoch 99: forward test average loss 0.008148226473066542.
inverse model, training agent 2.
epoch 0: inverse train average loss 0.008447846087316671.
epoch 0: inverse test average loss 0.013795026474528842.
epoch 99: inverse train average loss 0.007702248377932442.
epoch 99: inverse test average loss 0.013848820080359777.
Policy training episode: 25, grounded actions taken: 326, last two uncertainties: {0: [0.0, 0.0], 1: [0.0, 0.0], 2: [0.0, 0.0]}, avg agent uncertainties: [0.0, 0.0, 0.0], grounded actions by agent: [99, 127, 100]
Policy training episode: 25, iteration 0/1, policy training avg travel time:127.08560311284047, q_loss:3.0342588424682617, rewards:-11.621849229600695, queue:2.5842592592592593, delay:0.5080017654984086, throughput:4303
Sim Rollout episode:26/100, sim avg travel time:126.23409610983981, rewards:-10.059166802300346, queue:2.433333333333333, delay:0.4944141529224537, throughput:4300
Real rollout step:26/100, travel time:148.13985249931713, rewards:-21.093983289930556, queue:6.305555555555555, delay:0.46955945050274883, throughput:3519
forward model: training agent 0.
Epoch 0: forward train average loss 0.0032059882974459063.
epoch 0: forward test average loss 0.004794057872560289.
Epoch 99: forward train average loss 0.0028615452659626803.
epoch 99: forward test average loss 0.00409399200644758.
inverse model, training agent 0.
epoch 0: inverse train average loss 0.006966311018913984.
epoch 0: inverse test average loss 0.007119280389613575.
epoch 99: inverse train average loss 0.005880799558427598.
epoch 99: inverse test average loss 0.009118456393480301.
forward model: training agent 1.
Epoch 0: forward train average loss 0.004643741943356063.
epoch 0: forward test average loss 0.006687386996216244.
Epoch 99: forward train average loss 0.003923759847465489.
epoch 99: forward test average loss 0.007271403239832984.
inverse model, training agent 1.
epoch 0: inverse train average loss 0.007674046481649081.
epoch 0: inverse test average loss 0.014847364690568712.
epoch 99: inverse train average loss 0.006423811117808024.
epoch 99: inverse test average loss 0.011992404030428993.
forward model: training agent 2.
Epoch 0: forward train average loss 0.005549560507966412.
epoch 0: forward test average loss 0.006022895789808697.
Epoch 99: forward train average loss 0.0047024986189272665.
epoch 99: forward test average loss 0.005421936511993408.
inverse model, training agent 2.
epoch 0: inverse train average loss 0.007601011234025161.
epoch 0: inverse test average loss 0.014918983396556642.
epoch 99: inverse train average loss 0.00684382114559412.
epoch 99: inverse test average loss 0.011715034643809.
Policy training episode: 26, grounded actions taken: 335, last two uncertainties: {0: [0.0, 0.0], 1: [0.0, 0.0], 2: [0.0, 0.0]}, avg agent uncertainties: [0.0, 0.0, 0.0], grounded actions by agent: [115, 106, 114]
Policy training episode: 26, iteration 0/1, policy training avg travel time:128.06706340123597, q_loss:2.877067804336548, rewards:-12.669631618923612, queue:2.9212962962962963, delay:0.5001009340639467, throughput:4295
Sim Rollout episode:27/100, sim avg travel time:125.7584706959707, rewards:-9.162037489149306, queue:2.0925925925925926, delay:0.4736523663556134, throughput:4303
Real rollout step:27/100, travel time:149.19733984799132, rewards:-21.603329806857637, queue:6.412037037037037, delay:0.45418520326967593, throughput:3533
forward model: training agent 0.
Epoch 0: forward train average loss 0.0034341237818201384.
epoch 0: forward test average loss 0.005949399123589198.
Epoch 99: forward train average loss 0.0031721658176845973.
epoch 99: forward test average loss 0.005346022546291351.
inverse model, training agent 0.
epoch 0: inverse train average loss 0.007600425328645442.
epoch 0: inverse test average loss 0.007597404842575391.
epoch 99: inverse train average loss 0.006069557844764656.
epoch 99: inverse test average loss 0.010288570076227188.
forward model: training agent 1.
Epoch 0: forward train average loss 0.0043948740801877445.
epoch 0: forward test average loss 0.006953859494792091.
Epoch 99: forward train average loss 0.003957454425593217.
epoch 99: forward test average loss 0.006634114931027095.
inverse model, training agent 1.
epoch 0: inverse train average loss 0.00863564842277103.
epoch 0: inverse test average loss 0.010857703371180428.
epoch 99: inverse train average loss 0.0067983764844636125.
epoch 99: inverse test average loss 0.010018290330966314.
forward model: training agent 2.
Epoch 0: forward train average loss 0.004921542739288675.
epoch 0: forward test average loss 0.007206583809521463.
Epoch 99: forward train average loss 0.004250427345848746.
epoch 99: forward test average loss 0.007164681537283791.
inverse model, training agent 2.
epoch 0: inverse train average loss 0.007399005142764913.
epoch 0: inverse test average loss 0.021259614990817174.
epoch 99: inverse train average loss 0.0066428545655475724.
epoch 99: inverse test average loss 0.016961889962355297.
Policy training episode: 27, grounded actions taken: 350, last two uncertainties: {0: [0.0, 0.0], 1: [0.0, 0.0], 2: [0.0, 0.0]}, avg agent uncertainties: [0.0, 0.0, 0.0], grounded actions by agent: [126, 112, 112]
Policy training episode: 27, iteration 0/1, policy training avg travel time:127.43877317463951, q_loss:2.863586902618408, rewards:-11.99338107638889, queue:2.7527777777777778, delay:0.5024967900028935, throughput:4300
Sim Rollout episode:28/100, sim avg travel time:126.08058608058609, rewards:-9.77578396267361, queue:2.2425925925925925, delay:0.48021890145761, throughput:4302
Real rollout step:28/100, travel time:148.33051771117167, rewards:-21.11032443576389, queue:6.299074074074074, delay:0.44859757600007233, throughput:3520
forward model: training agent 0.
Epoch 0: forward train average loss 0.003375866605589787.
epoch 0: forward test average loss 0.006935277539822791.
Epoch 99: forward train average loss 0.003114542354726129.
epoch 99: forward test average loss 0.00610791291627619.
inverse model, training agent 0.
epoch 0: inverse train average loss 0.006411192938685417.
epoch 0: inverse test average loss 0.009935391859875785.
epoch 99: inverse train average loss 0.0046909732433656854.
epoch 99: inverse test average loss 0.00825548627310329.
forward model: training agent 1.
Epoch 0: forward train average loss 0.004337008835540878.
epoch 0: forward test average loss 0.0073252034684022265.
Epoch 99: forward train average loss 0.0039382436209254796.
epoch 99: forward test average loss 0.006550513000951873.
inverse model, training agent 1.
epoch 0: inverse train average loss 0.0060971202328801155.
epoch 0: inverse test average loss 0.00813563292225202.
epoch 99: inverse train average loss 0.005069914066957103.
epoch 99: inverse test average loss 0.010581944965653949.
forward model: training agent 2.
Epoch 0: forward train average loss 0.005197966988715861.
epoch 0: forward test average loss 0.006135629490017891.
Epoch 99: forward train average loss 0.004378906761606534.
epoch 99: forward test average loss 0.007449216933714019.
inverse model, training agent 2.
epoch 0: inverse train average loss 0.006931956650482284.
epoch 0: inverse test average loss 0.016353347649176914.
epoch 99: inverse train average loss 0.005579819023195241.
epoch 99: inverse test average loss 0.012692624910010232.
Policy training episode: 28, grounded actions taken: 367, last two uncertainties: {0: [0.0, 0.0], 1: [0.0, 0.0], 2: [0.0, 0.0]}, avg agent uncertainties: [0.0, 0.0, 0.0], grounded actions by agent: [123, 129, 115]
Policy training episode: 28, iteration 0/1, policy training avg travel time:128.02014190890364, q_loss:2.8538811206817627, rewards:-12.724537489149306, queue:2.946296296296296, delay:0.5056351273148149, throughput:4303
Sim Rollout episode:29/100, sim avg travel time:126.23580586080585, rewards:-9.355415852864583, queue:2.183333333333333, delay:0.45947045220269095, throughput:4304
Real rollout step:29/100, travel time:153.17273473857105, rewards:-23.928938802083334, queue:6.962037037037037, delay:0.4496017738624855, throughput:3501
forward model: training agent 0.
Epoch 0: forward train average loss 0.003402641974389553.
epoch 0: forward test average loss 0.006755901914503839.
Epoch 99: forward train average loss 0.003026884463098314.
epoch 99: forward test average loss 0.004994920765360196.
inverse model, training agent 0.
epoch 0: inverse train average loss 0.008582396587977806.
epoch 0: inverse test average loss 0.012945838841713138.
epoch 99: inverse train average loss 0.005188707469238175.
epoch 99: inverse test average loss 0.012687279118431939.
forward model: training agent 1.
Epoch 0: forward train average loss 0.005367976302901904.
epoch 0: forward test average loss 0.00746256485581398.
Epoch 99: forward train average loss 0.004481966193351481.
epoch 99: forward test average loss 0.007865741228063902.
inverse model, training agent 1.
epoch 0: inverse train average loss 0.011004588877161344.
epoch 0: inverse test average loss 0.015271023743682437.
epoch 99: inverse train average loss 0.008161869417462084.
epoch 99: inverse test average loss 0.010554949028624428.
forward model: training agent 2.
Epoch 0: forward train average loss 0.006785525836878353.
epoch 0: forward test average loss 0.00694231026702457.
Epoch 99: forward train average loss 0.004301420412957668.
epoch 99: forward test average loss 0.005896694337328275.
inverse model, training agent 2.
epoch 0: inverse train average loss 0.008092414691216417.
epoch 0: inverse test average loss 0.02289534608523051.
epoch 99: inverse train average loss 0.0065360648764504325.
epoch 99: inverse test average loss 0.009219890667332543.
Policy training episode: 29, grounded actions taken: 357, last two uncertainties: {0: [0.0, 0.0], 1: [0.0, 0.0], 2: [0.0, 0.0]}, avg agent uncertainties: [0.0, 0.0, 0.0], grounded actions by agent: [128, 115, 114]
Policy training episode: 29, iteration 0/1, policy training avg travel time:128.37193865873198, q_loss:2.909477949142456, rewards:-13.080696614583333, queue:2.9851851851851854, delay:0.5087562843605324, throughput:4302
Sim Rollout episode:30/100, sim avg travel time:125.57345537757438, rewards:-8.943241373697917, queue:2.066666666666667, delay:0.4714427806712963, throughput:4303
Real rollout step:30/100, travel time:151.6022696568495, rewards:-25.79181586371528, queue:7.484259259259259, delay:0.44358800252278646, throughput:3548
forward model: training agent 0.
Epoch 0: forward train average loss 0.0033962755050096246.
epoch 0: forward test average loss 0.007027854522069295.
Epoch 99: forward train average loss 0.002979756125973331.
epoch 99: forward test average loss 0.005269962673385938.
inverse model, training agent 0.
epoch 0: inverse train average loss 0.008969493106835418.
epoch 0: inverse test average loss 0.01614207194911109.
epoch 99: inverse train average loss 0.006027748549564017.
epoch 99: inverse test average loss 0.009572928978337182.
forward model: training agent 1.
Epoch 0: forward train average loss 0.004422502023064428.
epoch 0: forward test average loss 0.006217270261711544.
Epoch 99: forward train average loss 0.004001678640229834.
epoch 99: forward test average loss 0.006095015961262915.
inverse model, training agent 1.
epoch 0: inverse train average loss 0.006943522228135003.
epoch 0: inverse test average loss 0.010710941006739935.
epoch 99: inverse train average loss 0.005988762610488468.
epoch 99: inverse test average loss 0.014340982255008485.
forward model: training agent 2.
Epoch 0: forward train average loss 0.005059124694930183.
epoch 0: forward test average loss 0.008657507598400116.
Epoch 99: forward train average loss 0.0042214409655166995.
epoch 99: forward test average loss 0.009561048613654243.
inverse model, training agent 2.
epoch 0: inverse train average loss 0.006887200184994274.
epoch 0: inverse test average loss 0.009474553995662265.
epoch 99: inverse train average loss 0.006674997042864561.
epoch 99: inverse test average loss 0.008880303551753363.
Policy training episode: 30, grounded actions taken: 356, last two uncertainties: {0: [0.0, 0.0], 1: [0.0, 0.0], 2: [0.0, 0.0]}, avg agent uncertainties: [0.0, 0.0, 0.0], grounded actions by agent: [125, 118, 113]
Policy training episode: 30, iteration 0/1, policy training avg travel time:127.90434782608696, q_loss:2.8862838745117188, rewards:-12.474628363715278, queue:2.8722222222222222, delay:0.5024843004014757, throughput:4303
Sim Rollout episode:31/100, sim avg travel time:125.15544871794872, rewards:-8.474490695529514, queue:1.9333333333333333, delay:0.4618827537254051, throughput:4302
Real rollout step:31/100, travel time:148.48795017600867, rewards:-21.886805555555554, queue:6.440740740740741, delay:0.4516676726164641, throughput:3547
forward model: training agent 0.
Epoch 0: forward train average loss 0.0032930351897246307.
epoch 0: forward test average loss 0.007283410678307216.
Epoch 99: forward train average loss 0.0029899499172137845.
epoch 99: forward test average loss 0.007493179705407884.
inverse model, training agent 0.
epoch 0: inverse train average loss 0.005227602914803558.
epoch 0: inverse test average loss 0.012079098572333654.
epoch 99: inverse train average loss 0.004496801437603103.
epoch 99: inverse test average loss 0.01414748364024692.
forward model: training agent 1.
Epoch 0: forward train average loss 0.004100608794639508.
epoch 0: forward test average loss 0.006495338761144214.
Epoch 99: forward train average loss 0.003427822039359146.
epoch 99: forward test average loss 0.006450934542549981.
inverse model, training agent 1.
epoch 0: inverse train average loss 0.007492058186067475.
epoch 0: inverse test average loss 0.011683285650279786.
epoch 99: inverse train average loss 0.006983398356371456.
epoch 99: inverse test average loss 0.01134993756810824.
forward model: training agent 2.
Epoch 0: forward train average loss 0.005399536548389329.
epoch 0: forward test average loss 0.0106027333272828.
Epoch 99: forward train average loss 0.004595049915628301.
epoch 99: forward test average loss 0.009979106485843658.
inverse model, training agent 2.
epoch 0: inverse train average loss 0.005011754420896371.
epoch 0: inverse test average loss 0.0070288702845573425.
epoch 99: inverse train average loss 0.004068994222001897.
epoch 99: inverse test average loss 0.00744493015938335.
Policy training episode: 31, grounded actions taken: 393, last two uncertainties: {0: [0.0, 0.0], 1: [0.0, 0.0], 2: [0.0, 0.0]}, avg agent uncertainties: [0.0, 0.0, 0.0], grounded actions by agent: [138, 132, 123]
Policy training episode: 31, iteration 0/1, policy training avg travel time:128.0286106660563, q_loss:2.9423203468322754, rewards:-12.687171766493055, queue:2.8518518518518516, delay:0.5090503833912037, throughput:4302
Sim Rollout episode:32/100, sim avg travel time:125.30809698078683, rewards:-8.918611653645833, queue:2.0175925925925924, delay:0.47335193775318285, throughput:4304
Real rollout step:32/100, travel time:147.12113754443533, rewards:-19.729169379340277, queue:5.843518518518518, delay:0.4478234467683015, throughput:3510
forward model: training agent 0.
Epoch 0: forward train average loss 0.0034734319585065046.
epoch 0: forward test average loss 0.008001391879386373.
Epoch 99: forward train average loss 0.003021850975023376.
epoch 99: forward test average loss 0.005757467407319281.
inverse model, training agent 0.
epoch 0: inverse train average loss 0.005336126416093773.
epoch 0: inverse test average loss 0.006820144131779671.
epoch 99: inverse train average loss 0.004069236003690296.
epoch 99: inverse test average loss 0.00852668078409301.
forward model: training agent 1.
Epoch 0: forward train average loss 0.0045435055572953485.
epoch 0: forward test average loss 0.006235701342423757.
Epoch 99: forward train average loss 0.004017117174549235.
epoch 99: forward test average loss 0.006708356448345714.
inverse model, training agent 1.
epoch 0: inverse train average loss 0.007491920453806718.
epoch 0: inverse test average loss 0.009422465744945738.
epoch 99: inverse train average loss 0.006610068389111095.
epoch 99: inverse test average loss 0.010218334280782275.
forward model: training agent 2.
Epoch 0: forward train average loss 0.004788439617388778.
epoch 0: forward test average loss 0.008363996942838034.
Epoch 99: forward train average loss 0.004150164779275656.
epoch 99: forward test average loss 0.008221026510000229.
inverse model, training agent 2.
epoch 0: inverse train average loss 0.005236806865367625.
epoch 0: inverse test average loss 0.006802646236287223.
epoch 99: inverse train average loss 0.004796614404767752.
epoch 99: inverse test average loss 0.008331245846218534.
Policy training episode: 32, grounded actions taken: 402, last two uncertainties: {0: [0.0, 0.0], 1: [0.0, 0.0], 2: [0.0, 0.0]}, avg agent uncertainties: [0.0, 0.0, 0.0], grounded actions by agent: [121, 117, 164]
Policy training episode: 32, iteration 0/1, policy training avg travel time:128.5295194508009, q_loss:2.9464962482452393, rewards:-13.68037109375, queue:3.0675925925925926, delay:0.5203704268844039, throughput:4300
Sim Rollout episode:33/100, sim avg travel time:126.00663767452507, rewards:-9.102823893229166, queue:2.0861111111111112, delay:0.4648408112702546, throughput:4302
Real rollout step:33/100, travel time:147.9905838041431, rewards:-19.902119954427082, queue:6.04537037037037, delay:0.4407361065899884, throughput:3565
forward model: training agent 0.
Epoch 0: forward train average loss 0.0033789841044280264.
epoch 0: forward test average loss 0.006789230224159028.
Epoch 99: forward train average loss 0.00300607028313809.
epoch 99: forward test average loss 0.006251112661427922.
inverse model, training agent 0.
epoch 0: inverse train average loss 0.010127757468985187.
epoch 0: inverse test average loss 0.011445862137609057.
epoch 99: inverse train average loss 0.007140777073800564.
epoch 99: inverse test average loss 0.015260731594430076.
forward model: training agent 1.
Epoch 0: forward train average loss 0.004178027467181285.
epoch 0: forward test average loss 0.007196945862637626.
Epoch 99: forward train average loss 0.0036058336392872864.
epoch 99: forward test average loss 0.007380196617709266.
inverse model, training agent 1.
epoch 0: inverse train average loss 0.007322924366841714.
epoch 0: inverse test average loss 0.012340478599071503.
epoch 99: inverse train average loss 0.0065133228587607546.
epoch 99: inverse test average loss 0.015836883750226762.
forward model: training agent 2.
Epoch 0: forward train average loss 0.005346847801572747.
epoch 0: forward test average loss 0.009792216949992709.
Epoch 99: forward train average loss 0.00461505198230346.
epoch 99: forward test average loss 0.00968214414185948.
inverse model, training agent 2.
epoch 0: inverse train average loss 0.006674689033793079.
epoch 0: inverse test average loss 0.009189647932847341.
epoch 99: inverse train average loss 0.0050858914231260615.
epoch 99: inverse test average loss 0.005972042058904965.
Policy training episode: 33, grounded actions taken: 355, last two uncertainties: {0: [0.0, 0.0], 1: [0.0, 0.0], 2: [0.0, 0.0]}, avg agent uncertainties: [0.0, 0.0, 0.0], grounded actions by agent: [107, 136, 112]
Policy training episode: 33, iteration 0/1, policy training avg travel time:127.64835164835165, q_loss:2.92026686668396, rewards:-12.222452799479166, queue:2.7324074074074076, delay:0.5108914975766783, throughput:4301
Sim Rollout episode:34/100, sim avg travel time:126.04647435897436, rewards:-9.149259440104167, queue:2.075925925925926, delay:0.4597291734483507, throughput:4303
Real rollout step:34/100, travel time:148.27225701061803, rewards:-19.39162055121528, queue:5.819444444444445, delay:0.4438365229853877, throughput:3532
forward model: training agent 0.
Epoch 0: forward train average loss 0.0031979003817670876.
epoch 0: forward test average loss 0.005860000020927853.
Epoch 99: forward train average loss 0.0027736720318595567.
epoch 99: forward test average loss 0.005730906087491248.
inverse model, training agent 0.
epoch 0: inverse train average loss 0.007365598964194457.
epoch 0: inverse test average loss 0.03281815929545297.
epoch 99: inverse train average loss 0.005552442899594705.
epoch 99: inverse test average loss 0.01388983635438813.
forward model: training agent 1.
Epoch 0: forward train average loss 0.004455012734979391.
epoch 0: forward test average loss 0.007298360475235515.
Epoch 99: forward train average loss 0.0037369896761245197.
epoch 99: forward test average loss 0.007524057394928402.
inverse model, training agent 1.
epoch 0: inverse train average loss 0.007582553972800572.
epoch 0: inverse test average loss 0.010696329590347078.
epoch 99: inverse train average loss 0.0070457665456665885.
epoch 99: inverse test average loss 0.012019108153051801.
forward model: training agent 2.
Epoch 0: forward train average loss 0.004935715399268601.
epoch 0: forward test average loss 0.007863909420039918.
Epoch 99: forward train average loss 0.004186404765480095.
epoch 99: forward test average loss 0.007676795952849918.
inverse model, training agent 2.
epoch 0: inverse train average loss 0.0072873251305686105.
epoch 0: inverse test average loss 0.021240254657136068.
epoch 99: inverse train average loss 0.006567097941620482.
epoch 99: inverse test average loss 0.011565364069408841.
Policy training episode: 34, grounded actions taken: 340, last two uncertainties: {0: [0.0, 0.0], 1: [0.0, 0.0], 2: [0.0, 0.0]}, avg agent uncertainties: [0.0, 0.0, 0.0], grounded actions by agent: [123, 103, 114]
Policy training episode: 34, iteration 0/1, policy training avg travel time:127.30869565217391, q_loss:2.860410451889038, rewards:-11.867222764756944, queue:2.636111111111111, delay:0.4998185899522569, throughput:4301
Sim Rollout episode:35/100, sim avg travel time:125.56923781185625, rewards:-9.322684733072917, queue:2.1638888888888888, delay:0.48110441984953706, throughput:4302
Real rollout step:35/100, travel time:150.89768076398363, rewards:-24.520879448784722, queue:7.16574074074074, delay:0.4732616565845631, throughput:3518
forward model: training agent 0.
Epoch 0: forward train average loss 0.003380140600105127.
epoch 0: forward test average loss 0.006548766253723038.
Epoch 99: forward train average loss 0.002873588560356034.
epoch 99: forward test average loss 0.005729978697167503.
inverse model, training agent 0.
epoch 0: inverse train average loss 0.009173428743249841.
epoch 0: inverse test average loss 0.01471758054362403.
epoch 99: inverse train average loss 0.0049517761088079875.
epoch 99: inverse test average loss 0.0036816382974696658.
forward model: training agent 1.
Epoch 0: forward train average loss 0.004747418479786979.
epoch 0: forward test average loss 0.007526820732487572.
Epoch 99: forward train average loss 0.003664053562614653.
epoch 99: forward test average loss 0.006052533578541543.
inverse model, training agent 1.
epoch 0: inverse train average loss 0.007986352054609193.
epoch 0: inverse test average loss 0.011240952958663305.
epoch 99: inverse train average loss 0.0064580665073461.
epoch 99: inverse test average loss 0.008075654920604493.
forward model: training agent 2.
Epoch 0: forward train average loss 0.004970088756332795.
epoch 0: forward test average loss 0.00961577809519238.
Epoch 99: forward train average loss 0.003796475422051218.
epoch 99: forward test average loss 0.009515446921189627.
inverse model, training agent 2.
epoch 0: inverse train average loss 0.00724155983577172.
epoch 0: inverse test average loss 0.01438083334101571.
epoch 99: inverse train average loss 0.00524860206577513.
epoch 99: inverse test average loss 0.009826714793841044.
Policy training episode: 35, grounded actions taken: 365, last two uncertainties: {0: [0.0, 0.0], 1: [0.0, 0.0], 2: [0.0, 0.0]}, avg agent uncertainties: [0.0, 0.0, 0.0], grounded actions by agent: [121, 118, 126]
Policy training episode: 35, iteration 0/1, policy training avg travel time:128.67986270022882, q_loss:2.791172742843628, rewards:-13.470461697048611, queue:3.091666666666667, delay:0.5082735414858217, throughput:4302
Sim Rollout episode:36/100, sim avg travel time:126.09496567505721, rewards:-9.84787326388889, queue:2.3324074074074073, delay:0.48748694525824654, throughput:4303
Real rollout step:36/100, travel time:150.7258718572587, rewards:-25.049810112847222, queue:7.313888888888889, delay:0.46022101508246527, throughput:3551
forward model: training agent 0.
Epoch 0: forward train average loss 0.0028190851315028137.
epoch 0: forward test average loss 0.006241619379984008.
Epoch 99: forward train average loss 0.00257204571324918.
epoch 99: forward test average loss 0.006189039183987511.
inverse model, training agent 0.
epoch 0: inverse train average loss 0.005391781890971793.
epoch 0: inverse test average loss 0.0025017582940765554.
epoch 99: inverse train average loss 0.0043264888744387366.
epoch 99: inverse test average loss 0.007017629221081734.
forward model: training agent 1.
Epoch 0: forward train average loss 0.004353456871791018.
epoch 0: forward test average loss 0.007845772430300713.
Epoch 99: forward train average loss 0.003669075978298982.
epoch 99: forward test average loss 0.007413896835512585.
inverse model, training agent 1.
epoch 0: inverse train average loss 0.005014466587454081.
epoch 0: inverse test average loss 0.016866326332092285.
epoch 99: inverse train average loss 0.004163293064468437.
epoch 99: inverse test average loss 0.007064344568385018.
forward model: training agent 2.
Epoch 0: forward train average loss 0.005108382966783311.
epoch 0: forward test average loss 0.006328972470429208.
Epoch 99: forward train average loss 0.004153985633618302.
epoch 99: forward test average loss 0.008704550564289093.
inverse model, training agent 2.
epoch 0: inverse train average loss 0.006167069698373477.
epoch 0: inverse test average loss 0.008313975814316008.
epoch 99: inverse train average loss 0.005902297691338592.
epoch 99: inverse test average loss 0.008953766276439032.
Policy training episode: 36, grounded actions taken: 360, last two uncertainties: {0: [0.0, 0.0], 1: [0.0, 0.0], 2: [0.0, 0.0]}, avg agent uncertainties: [0.0, 0.0, 0.0], grounded actions by agent: [118, 126, 116]
Policy training episode: 36, iteration 0/1, policy training avg travel time:127.10935712651568, q_loss:2.911425828933716, rewards:-11.724678548177083, queue:2.651851851851852, delay:0.5059925220630787, throughput:4304
Sim Rollout episode:37/100, sim avg travel time:125.10114416475973, rewards:-8.515230305989583, queue:1.9055555555555554, delay:0.46975453694661456, throughput:4303
Real rollout step:37/100, travel time:147.14409769335143, rewards:-19.473383246527778, queue:5.815740740740741, delay:0.4558842411747685, throughput:3535
forward model: training agent 0.
Epoch 0: forward train average loss 0.003203390476604303.
epoch 0: forward test average loss 0.005858244167433845.
Epoch 99: forward train average loss 0.0028559621940884325.
epoch 99: forward test average loss 0.004725816763109631.
inverse model, training agent 0.
epoch 0: inverse train average loss 0.007497506733569834.
epoch 0: inverse test average loss 0.010741903136173883.
epoch 99: inverse train average loss 0.00490538470654024.
epoch 99: inverse test average loss 0.00872876246770223.
forward model: training agent 1.
Epoch 0: forward train average loss 0.0044835640324486625.
epoch 0: forward test average loss 0.005314943484134144.
Epoch 99: forward train average loss 0.003745234881838163.
epoch 99: forward test average loss 0.005599614232778549.
inverse model, training agent 1.
epoch 0: inverse train average loss 0.005845256460209687.
epoch 0: inverse test average loss 0.008366709782017602.
epoch 99: inverse train average loss 0.004908079902331035.
epoch 99: inverse test average loss 0.007101485816140969.
forward model: training agent 2.
Epoch 0: forward train average loss 0.005570807597703404.
epoch 0: forward test average loss 0.011397668470939001.
Epoch 99: forward train average loss 0.004332547955628898.
epoch 99: forward test average loss 0.010576440642277399.
inverse model, training agent 2.
epoch 0: inverse train average loss 0.00600978121575382.
epoch 0: inverse test average loss 0.013406109478738572.
epoch 99: inverse train average loss 0.0055450356254975.
epoch 99: inverse test average loss 0.01458959529797236.
Policy training episode: 37, grounded actions taken: 368, last two uncertainties: {0: [0.0, 0.0], 1: [0.0, 0.0], 2: [0.0, 0.0]}, avg agent uncertainties: [0.0, 0.0, 0.0], grounded actions by agent: [115, 135, 118]
Policy training episode: 37, iteration 0/1, policy training avg travel time:128.04784798534797, q_loss:2.973285675048828, rewards:-12.976527235243056, queue:2.9277777777777776, delay:0.5073073210539641, throughput:4304
Sim Rollout episode:38/100, sim avg travel time:125.74542124542124, rewards:-9.318609619140625, queue:2.183333333333333, delay:0.4795437848126447, throughput:4300
Real rollout step:38/100, travel time:147.2136080238547, rewards:-20.364680989583334, queue:6.059259259259259, delay:0.45946870026765047, throughput:3540
forward model: training agent 0.
Epoch 0: forward train average loss 0.0032694783682624498.
epoch 0: forward test average loss 0.00818947268029054.
Epoch 99: forward train average loss 0.002978198282006714.
epoch 99: forward test average loss 0.009245994604296155.
inverse model, training agent 0.
epoch 0: inverse train average loss 0.005825295319987668.
epoch 0: inverse test average loss 0.011999263531631894.
epoch 99: inverse train average loss 0.003469022973957989.
epoch 99: inverse test average loss 0.004339503796978129.
forward model: training agent 1.
Epoch 0: forward train average loss 0.003996504418965843.
epoch 0: forward test average loss 0.009009099255005518.
Epoch 99: forward train average loss 0.0034064180217683315.
epoch 99: forward test average loss 0.007704546054204305.
inverse model, training agent 1.
epoch 0: inverse train average loss 0.006175756764908631.
epoch 0: inverse test average loss 0.013312219745583005.
epoch 99: inverse train average loss 0.0046733589842915535.
epoch 99: inverse test average loss 0.005465024150907993.
forward model: training agent 2.
Epoch 0: forward train average loss 0.0050286827608942986.
epoch 0: forward test average loss 0.006608765986230638.
Epoch 99: forward train average loss 0.004201390728768375.
epoch 99: forward test average loss 0.007156083153353797.
inverse model, training agent 2.
epoch 0: inverse train average loss 0.006336706897450818.
epoch 0: inverse test average loss 0.006665100653966268.
epoch 99: inverse train average loss 0.005704592602948348.
epoch 99: inverse test average loss 0.013890237030055787.
Policy training episode: 38, grounded actions taken: 363, last two uncertainties: {0: [0.0, 0.0], 1: [0.0, 0.0], 2: [0.0, 0.0]}, avg agent uncertainties: [0.0, 0.0, 0.0], grounded actions by agent: [123, 120, 120]
Policy training episode: 38, iteration 0/1, policy training avg travel time:127.70199130235751, q_loss:2.965184211730957, rewards:-12.2415283203125, queue:2.808333333333333, delay:0.5092388011791088, throughput:4300
Sim Rollout episode:39/100, sim avg travel time:125.2545204852369, rewards:-8.768891059027778, queue:2.05, delay:0.47809120460792826, throughput:4304
Real rollout step:39/100, travel time:148.2902097902098, rewards:-20.62550998263889, queue:6.232407407407408, delay:0.4577701427318432, throughput:3573
forward model: training agent 0.
Epoch 0: forward train average loss 0.0032407353218230936.
epoch 0: forward test average loss 0.0052970823728375966.
Epoch 99: forward train average loss 0.0027585862100952202.
epoch 99: forward test average loss 0.005961456232600742.
inverse model, training agent 0.
epoch 0: inverse train average loss 0.005613902273277442.
epoch 0: inverse test average loss 0.01399293914437294.
epoch 99: inverse train average loss 0.004319161228421662.
epoch 99: inverse test average loss 0.006784764015012317.
forward model: training agent 1.
Epoch 0: forward train average loss 0.004478985029790137.
epoch 0: forward test average loss 0.0069722071703937315.
Epoch 99: forward train average loss 0.00385988379518191.
epoch 99: forward test average loss 0.006486103973454899.
inverse model, training agent 1.
epoch 0: inverse train average loss 0.005916045150823063.
epoch 0: inverse test average loss 0.012670206940836377.
epoch 99: inverse train average loss 0.004498375062313344.
epoch 99: inverse test average loss 0.012039018174012503.
forward model: training agent 2.
Epoch 0: forward train average loss 0.005217062412864632.
epoch 0: forward test average loss 0.010112661454412673.
Epoch 99: forward train average loss 0.004272013126562039.
epoch 99: forward test average loss 0.008838233434491687.
inverse model, training agent 2.
epoch 0: inverse train average loss 0.00796734169125557.
epoch 0: inverse test average loss 0.010228753089904785.
epoch 99: inverse train average loss 0.006339170038700104.
epoch 99: inverse test average loss 0.007580753726263841.
Policy training episode: 39, grounded actions taken: 351, last two uncertainties: {0: [0.0, 0.0], 1: [0.0, 0.0], 2: [0.0, 0.0]}, avg agent uncertainties: [0.0, 0.0, 0.0], grounded actions by agent: [111, 118, 122]
Policy training episode: 39, iteration 0/1, policy training avg travel time:127.29281135531136, q_loss:3.0280399322509766, rewards:-11.814954969618055, queue:2.710185185185185, delay:0.49646792941623263, throughput:4300
Sim Rollout episode:40/100, sim avg travel time:125.46199633699634, rewards:-9.090972222222222, queue:2.1018518518518516, delay:0.47674085828993057, throughput:4303
Real rollout step:40/100, travel time:146.6692077320991, rewards:-19.555185275607638, queue:5.8657407407407405, delay:0.459630697744864, throughput:3531
forward model: training agent 0.
Epoch 0: forward train average loss 0.003584644136329492.
epoch 0: forward test average loss 0.006672516465187073.
Epoch 99: forward train average loss 0.0030685043893754482.
epoch 99: forward test average loss 0.0049579569862948526.
inverse model, training agent 0.
epoch 0: inverse train average loss 0.0035778463611172307.
epoch 0: inverse test average loss 0.01196451774901814.
epoch 99: inverse train average loss 0.003001284087076783.
epoch 99: inverse test average loss 0.007061927682823605.
forward model: training agent 1.
Epoch 0: forward train average loss 0.0040218642809324795.
epoch 0: forward test average loss 0.009214868976010216.
Epoch 99: forward train average loss 0.003431138996448782.
epoch 99: forward test average loss 0.007048133760690689.
inverse model, training agent 1.
epoch 0: inverse train average loss 0.004970034015261465.
epoch 0: inverse test average loss 0.0070811791552437674.
epoch 99: inverse train average loss 0.004259272737221586.
epoch 99: inverse test average loss 0.008688820319043266.
forward model: training agent 2.
Epoch 0: forward train average loss 0.00504708466016584.
epoch 0: forward test average loss 0.008443964645266533.
Epoch 99: forward train average loss 0.004216798374222385.
epoch 99: forward test average loss 0.005978518890009986.
inverse model, training agent 2.
epoch 0: inverse train average loss 0.007342151055733363.
epoch 0: inverse test average loss 0.013133907897604836.
epoch 99: inverse train average loss 0.006544915959239006.
epoch 99: inverse test average loss 0.00999026269548469.
Policy training episode: 40, grounded actions taken: 350, last two uncertainties: {0: [0.0, 0.0], 1: [0.0, 0.0], 2: [0.0, 0.0]}, avg agent uncertainties: [0.0, 0.0, 0.0], grounded actions by agent: [107, 115, 128]
Policy training episode: 40, iteration 0/1, policy training avg travel time:128.03960622710622, q_loss:2.9917452335357666, rewards:-12.99087863498264, queue:2.924074074074074, delay:0.5146744339554398, throughput:4300
Sim Rollout episode:41/100, sim avg travel time:125.4665750915751, rewards:-9.255510796440973, queue:2.0972222222222223, delay:0.47602663393373845, throughput:4303
Real rollout step:41/100, travel time:146.62292404029404, rewards:-19.676622178819443, queue:5.828703703703703, delay:0.46644756175853586, throughput:3525
forward model: training agent 0.
Epoch 0: forward train average loss 0.0029124669316742155.
epoch 0: forward test average loss 0.0066597917013698155.
Epoch 99: forward train average loss 0.0026530553586781025.
epoch 99: forward test average loss 0.005623840623431736.
inverse model, training agent 0.
epoch 0: inverse train average loss 0.004285185960017973.
epoch 0: inverse test average loss 0.006218637857172225.
epoch 99: inverse train average loss 0.0036723571053395667.
epoch 99: inverse test average loss 0.0031566164430437815.
forward model: training agent 1.
Epoch 0: forward train average loss 0.004612746803710858.
epoch 0: forward test average loss 0.006030470546748903.
Epoch 99: forward train average loss 0.0038984709212349523.
epoch 99: forward test average loss 0.007447086274623871.
inverse model, training agent 1.
epoch 0: inverse train average loss 0.006488938608931171.
epoch 0: inverse test average loss 0.01090912272532781.
epoch 99: inverse train average loss 0.0051058999573191.
epoch 99: inverse test average loss 0.012389090326097276.
forward model: training agent 2.
Epoch 0: forward train average loss 0.005174009232885308.
epoch 0: forward test average loss 0.006388273917966419.
Epoch 99: forward train average loss 0.004496066934532589.
epoch 99: forward test average loss 0.006615046204792129.
inverse model, training agent 2.
epoch 0: inverse train average loss 0.0073543379290236365.
epoch 0: inverse test average loss 0.009231494118769964.
epoch 99: inverse train average loss 0.0051967911422252655.
epoch 99: inverse test average loss 0.006522553041577339.
Policy training episode: 41, grounded actions taken: 362, last two uncertainties: {0: [0.0, 0.0], 1: [0.0, 0.0], 2: [0.0, 0.0]}, avg agent uncertainties: [0.0, 0.0, 0.0], grounded actions by agent: [109, 129, 124]
Policy training episode: 41, iteration 0/1, policy training avg travel time:126.71206225680933, q_loss:3.072807788848877, rewards:-11.14069552951389, queue:2.484259259259259, delay:0.49426925094039353, throughput:4298
Sim Rollout episode:42/100, sim avg travel time:125.47138278388279, rewards:-8.776759847005208, queue:1.9722222222222223, delay:0.46249508327907984, throughput:4305
Real rollout step:42/100, travel time:149.36531165311652, rewards:-19.192451985677085, queue:5.906481481481482, delay:0.4476138079607928, throughput:3549
forward model: training agent 0.
Epoch 0: forward train average loss 0.0032411437067720625.
epoch 0: forward test average loss 0.006160992715093825.
Epoch 99: forward train average loss 0.0027803977847927147.
epoch 99: forward test average loss 0.007139919325709343.
inverse model, training agent 0.
epoch 0: inverse train average loss 0.004022407423083981.
epoch 0: inverse test average loss 0.003322681308620506.
epoch 99: inverse train average loss 0.003673981823441055.
epoch 99: inverse test average loss 0.010090041491720412.
forward model: training agent 1.
Epoch 0: forward train average loss 0.005038833452595605.
epoch 0: forward test average loss 0.008698530081245635.
Epoch 99: forward train average loss 0.004063597776823574.
epoch 99: forward test average loss 0.00937613265381919.
inverse model, training agent 1.
epoch 0: inverse train average loss 0.006079284991655085.
epoch 0: inverse test average loss 0.011037107557058334.
epoch 99: inverse train average loss 0.004995288534296883.
epoch 99: inverse test average loss 0.006822500274413162.
forward model: training agent 2.
Epoch 0: forward train average loss 0.004784821636146969.
epoch 0: forward test average loss 0.008648935705423355.
Epoch 99: forward train average loss 0.003955460101779964.
epoch 99: forward test average loss 0.006881534018450313.
inverse model, training agent 2.
epoch 0: inverse train average loss 0.005286179431196716.
epoch 0: inverse test average loss 0.008461481167210473.
epoch 99: inverse train average loss 0.004587593022733927.
epoch 99: inverse test average loss 0.012300641586383184.
Policy training episode: 42, grounded actions taken: 360, last two uncertainties: {0: [0.0, 0.0], 1: [0.0, 0.0], 2: [0.0, 0.0]}, avg agent uncertainties: [0.0, 0.0, 0.0], grounded actions by agent: [114, 118, 128]
Policy training episode: 42, iteration 0/1, policy training avg travel time:128.15728021978023, q_loss:2.904383897781372, rewards:-12.943519422743055, queue:2.888888888888889, delay:0.5067537660951967, throughput:4304
Sim Rollout episode:43/100, sim avg travel time:125.78484779125658, rewards:-9.214628770616319, queue:2.1148148148148147, delay:0.4727527759693287, throughput:4304
Real rollout step:43/100, travel time:147.08996728462378, rewards:-19.082774522569444, queue:5.775925925925926, delay:0.45724803783275464, throughput:3519
forward model: training agent 0.
Epoch 0: forward train average loss 0.0029468455662329993.
epoch 0: forward test average loss 0.005754799685544438.
Epoch 99: forward train average loss 0.002732625489847528.
epoch 99: forward test average loss 0.006343121743864483.
inverse model, training agent 0.
epoch 0: inverse train average loss 0.004174900034235584.
epoch 0: inverse test average loss 0.005582036657465829.
epoch 99: inverse train average loss 0.003646853793826368.
epoch 99: inverse test average loss 0.002346595115442243.
forward model: training agent 1.
Epoch 0: forward train average loss 0.004548081300324864.
epoch 0: forward test average loss 0.007461515565713246.
Epoch 99: forward train average loss 0.003571709773192803.
epoch 99: forward test average loss 0.00768668618467119.
inverse model, training agent 1.
epoch 0: inverse train average loss 0.00498735076851315.
epoch 0: inverse test average loss 0.008794482797384262.
epoch 99: inverse train average loss 0.004296032090981801.
epoch 99: inverse test average loss 0.006184478911260764.
forward model: training agent 2.
Epoch 0: forward train average loss 0.005517170661025577.
epoch 0: forward test average loss 0.007493350654840469.
Epoch 99: forward train average loss 0.004577559418976307.
epoch 99: forward test average loss 0.007195863458845351.
inverse model, training agent 2.
epoch 0: inverse train average loss 0.005944915374533998.
epoch 0: inverse test average loss 0.008714094964994324.
epoch 99: inverse train average loss 0.004649706133123901.
epoch 99: inverse test average loss 0.006206705545385678.
Policy training episode: 43, grounded actions taken: 355, last two uncertainties: {0: [0.0, 0.0], 1: [0.0, 0.0], 2: [0.0, 0.0]}, avg agent uncertainties: [0.0, 0.0, 0.0], grounded actions by agent: [112, 120, 123]
Policy training episode: 43, iteration 0/1, policy training avg travel time:128.00778388278388, q_loss:3.0323336124420166, rewards:-12.825694444444444, queue:2.9212962962962963, delay:0.5050710042317709, throughput:4299
Sim Rollout episode:44/100, sim avg travel time:125.95445181963836, rewards:-9.528105333116319, queue:2.174074074074074, delay:0.4760458487051505, throughput:4303
Real rollout step:44/100, travel time:147.61622210125205, rewards:-19.30916748046875, queue:5.812962962962963, delay:0.4626221268265336, throughput:3527
forward model: training agent 0.
Epoch 0: forward train average loss 0.003340069359789292.
epoch 0: forward test average loss 0.005951085852252113.
Epoch 99: forward train average loss 0.0028625791375007895.
epoch 99: forward test average loss 0.004768578335642815.
inverse model, training agent 0.
epoch 0: inverse train average loss 0.003947146806038088.
epoch 0: inverse test average loss 0.004830763675272465.
epoch 99: inverse train average loss 0.0027341648625830808.
epoch 99: inverse test average loss 0.0037948167365458277.
forward model: training agent 1.
Epoch 0: forward train average loss 0.004200981619457404.
epoch 0: forward test average loss 0.008294872111744352.
Epoch 99: forward train average loss 0.0035762321203947067.
epoch 99: forward test average loss 0.008315489523940615.
inverse model, training agent 1.
epoch 0: inverse train average loss 0.0052412878204551.
epoch 0: inverse test average loss 0.0077928536468082005.
epoch 99: inverse train average loss 0.003705030358913872.
epoch 99: inverse test average loss 0.007296035687128703.
forward model: training agent 2.
Epoch 0: forward train average loss 0.004908394999802113.
epoch 0: forward test average loss 0.009272986816035377.
Epoch 99: forward train average loss 0.003962796491881211.
epoch 99: forward test average loss 0.008126827577749888.
inverse model, training agent 2.
epoch 0: inverse train average loss 0.005716504632598824.
epoch 0: inverse test average loss 0.008709228701061673.
epoch 99: inverse train average loss 0.00450687472605043.
epoch 99: inverse test average loss 0.0094016765554746.
Policy training episode: 44, grounded actions taken: 355, last two uncertainties: {0: [0.0, 0.0], 1: [0.0, 0.0], 2: [0.0, 0.0]}, avg agent uncertainties: [0.0, 0.0, 0.0], grounded actions by agent: [121, 110, 124]
Policy training episode: 44, iteration 0/1, policy training avg travel time:128.4070006863418, q_loss:2.9800875186920166, rewards:-13.338096788194445, queue:3.0481481481481483, delay:0.5158629240813078, throughput:4304
Sim Rollout episode:45/100, sim avg travel time:125.44840997483414, rewards:-8.878983561197916, queue:2.036111111111111, delay:0.4642675894278067, throughput:4303
Real rollout step:45/100, travel time:146.43453355155484, rewards:-18.24527859157986, queue:5.550925925925926, delay:0.43889420120804395, throughput:3521
forward model: training agent 0.
Epoch 0: forward train average loss 0.0028004137695663506.
epoch 0: forward test average loss 0.005202856535712878.
Epoch 99: forward train average loss 0.002529946828467978.
epoch 99: forward test average loss 0.004444582387804985.
inverse model, training agent 0.
epoch 0: inverse train average loss 0.004946477349019713.
epoch 0: inverse test average loss 0.009313503694203164.
epoch 99: inverse train average loss 0.003926555367393626.
epoch 99: inverse test average loss 0.012348182085487578.
forward model: training agent 1.
Epoch 0: forward train average loss 0.004515428975638416.
epoch 0: forward test average loss 0.00708658496538798.
Epoch 99: forward train average loss 0.0036384863261547354.
epoch 99: forward test average loss 0.005250709131360054.
inverse model, training agent 1.
epoch 0: inverse train average loss 0.004967255362619956.
epoch 0: inverse test average loss 0.010061639878484938.
epoch 99: inverse train average loss 0.004006425901833508.
epoch 99: inverse test average loss 0.010043941024276946.
forward model: training agent 2.
Epoch 0: forward train average loss 0.005440403500364887.
epoch 0: forward test average loss 0.009515344268745847.
Epoch 99: forward train average loss 0.004325218343486388.
epoch 99: forward test average loss 0.008161069204409918.
inverse model, training agent 2.
epoch 0: inverse train average loss 0.006077953510814243.
epoch 0: inverse test average loss 0.008041616529226303.
epoch 99: inverse train average loss 0.004811477123035325.
epoch 99: inverse test average loss 0.009587912716799311.
Policy training episode: 45, grounded actions taken: 351, last two uncertainties: {0: [0.0, 0.0], 1: [0.0, 0.0], 2: [0.0, 0.0]}, avg agent uncertainties: [0.0, 0.0, 0.0], grounded actions by agent: [122, 105, 124]
Policy training episode: 45, iteration 0/1, policy training avg travel time:127.9768825818265, q_loss:2.925400495529175, rewards:-12.60712890625, queue:2.859259259259259, delay:0.501911191587095, throughput:4303
Sim Rollout episode:46/100, sim avg travel time:125.3547722590982, rewards:-8.96000230577257, queue:2.0407407407407407, delay:0.4752507527669271, throughput:4303
Real rollout step:46/100, travel time:148.22040816326532, rewards:-18.665041775173613, queue:5.712037037037037, delay:0.4561470314308449, throughput:3532
forward model: training agent 0.
Epoch 0: forward train average loss 0.0028506574841837087.
epoch 0: forward test average loss 0.00424721816347705.
Epoch 99: forward train average loss 0.0025622983359628254.
epoch 99: forward test average loss 0.0039385199132892824.
inverse model, training agent 0.
epoch 0: inverse train average loss 0.003980385139584541.
epoch 0: inverse test average loss 0.006845013135009342.
epoch 99: inverse train average loss 0.003324417681950662.
epoch 99: inverse test average loss 0.005996501073241234.
forward model: training agent 1.
Epoch 0: forward train average loss 0.004743666077653567.
epoch 0: forward test average loss 0.007197556396325429.
Epoch 99: forward train average loss 0.003888817193607489.
epoch 99: forward test average loss 0.007332376721832488.
inverse model, training agent 1.
epoch 0: inverse train average loss 0.00457069914167126.
epoch 0: inverse test average loss 0.010072560360034307.
epoch 99: inverse train average loss 0.0038026937076614965.
epoch 99: inverse test average loss 0.005324923329883152.
forward model: training agent 2.
Epoch 0: forward train average loss 0.0049641259635488195.
epoch 0: forward test average loss 0.007498736182848613.
Epoch 99: forward train average loss 0.004139923283623325.
epoch 99: forward test average loss 0.006484267612298329.
inverse model, training agent 2.
epoch 0: inverse train average loss 0.005986201887329419.
epoch 0: inverse test average loss 0.011503670778539445.
epoch 99: inverse train average loss 0.005340460066994031.
epoch 99: inverse test average loss 0.007386224758293893.
Policy training episode: 46, grounded actions taken: 367, last two uncertainties: {0: [0.0, 0.0], 1: [0.0, 0.0], 2: [0.0, 0.0]}, avg agent uncertainties: [0.0, 0.0, 0.0], grounded actions by agent: [116, 124, 127]
Policy training episode: 46, iteration 0/1, policy training avg travel time:127.33974358974359, q_loss:2.971652030944824, rewards:-11.659861924913194, queue:2.6416666666666666, delay:0.4962141248914931, throughput:4304
Sim Rollout episode:47/100, sim avg travel time:126.11515567765568, rewards:-9.669536675347222, queue:2.224074074074074, delay:0.47265788890697336, throughput:4302
Real rollout step:47/100, travel time:149.12527173913043, rewards:-19.30768500434028, queue:5.863888888888889, delay:0.45503274423104745, throughput:3528
forward model: training agent 0.
Epoch 0: forward train average loss 0.0030748710657159486.
epoch 0: forward test average loss 0.006076492369174957.
Epoch 99: forward train average loss 0.0026954609072870677.
epoch 99: forward test average loss 0.004989265567726559.
inverse model, training agent 0.
epoch 0: inverse train average loss 0.0031356937251985073.
epoch 0: inverse test average loss 0.009023377464877235.
epoch 99: inverse train average loss 0.0024838517937395307.
epoch 99: inverse test average loss 0.007444299550520049.
forward model: training agent 1.
Epoch 0: forward train average loss 0.00454499117202229.
epoch 0: forward test average loss 0.006315175029966567.
Epoch 99: forward train average loss 0.0036322351855536303.
epoch 99: forward test average loss 0.006690017879009247.
inverse model, training agent 1.
epoch 0: inverse train average loss 0.004941091044909424.
epoch 0: inverse test average loss 0.008084546360704634.
epoch 99: inverse train average loss 0.004260901025392943.
epoch 99: inverse test average loss 0.006549630003670852.
forward model: training agent 2.
Epoch 0: forward train average loss 0.004895960084266133.
epoch 0: forward test average loss 0.011956889182329178.
Epoch 99: forward train average loss 0.003943317259351413.
epoch 99: forward test average loss 0.007091464888718393.
inverse model, training agent 2.
epoch 0: inverse train average loss 0.004372279832346572.
epoch 0: inverse test average loss 0.0084306328660912.
epoch 99: inverse train average loss 0.0033444386596481004.
epoch 99: inverse test average loss 0.006557128702600797.
Policy training episode: 47, grounded actions taken: 370, last two uncertainties: {0: [0.0, 0.0], 1: [0.0, 0.0], 2: [0.0, 0.0]}, avg agent uncertainties: [0.0, 0.0, 0.0], grounded actions by agent: [136, 111, 123]
Policy training episode: 47, iteration 0/1, policy training avg travel time:128.0164835164835, q_loss:2.9960756301879883, rewards:-12.677176920572917, queue:2.862962962962963, delay:0.5035732128002025, throughput:4302
Sim Rollout episode:48/100, sim avg travel time:125.76470588235294, rewards:-9.389676242404514, queue:2.151851851851852, delay:0.4806468822337963, throughput:4304
Real rollout step:48/100, travel time:147.61231687466088, rewards:-19.524354383680556, queue:5.8694444444444445, delay:0.4515825907389323, throughput:3538
forward model: training agent 0.
Epoch 0: forward train average loss 0.0028537228289577696.
epoch 0: forward test average loss 0.004466982144448493.
Epoch 99: forward train average loss 0.0025761936170359454.
epoch 99: forward test average loss 0.006577018027504285.
inverse model, training agent 0.
epoch 0: inverse train average loss 0.004049795162346628.
epoch 0: inverse test average loss 0.004472806532349851.
epoch 99: inverse train average loss 0.0030462798765963977.
epoch 99: inverse test average loss 0.0032550463349454934.
forward model: training agent 1.
Epoch 0: forward train average loss 0.004288902971893549.
epoch 0: forward test average loss 0.007339822542336252.
Epoch 99: forward train average loss 0.0036601138611634574.
epoch 99: forward test average loss 0.00749816248814265.
inverse model, training agent 1.
epoch 0: inverse train average loss 0.004969590705715948.
epoch 0: inverse test average loss 0.015292029827833176.
epoch 99: inverse train average loss 0.004148474325322443.
epoch 99: inverse test average loss 0.010338622248835035.
forward model: training agent 2.
Epoch 0: forward train average loss 0.0051409609408842195.
epoch 0: forward test average loss 0.009340655472543504.
Epoch 99: forward train average loss 0.004032935326298078.
epoch 99: forward test average loss 0.008801241715749105.
inverse model, training agent 2.
epoch 0: inverse train average loss 0.004646204981125063.
epoch 0: inverse test average loss 0.007043728190991614.
epoch 99: inverse train average loss 0.003954072793324788.
epoch 99: inverse test average loss 0.006293293502595689.
Policy training episode: 48, grounded actions taken: 349, last two uncertainties: {0: [0.0, 0.0], 1: [0.0, 0.0], 2: [0.0, 0.0]}, avg agent uncertainties: [0.0, 0.0, 0.0], grounded actions by agent: [115, 115, 119]
Policy training episode: 48, iteration 0/1, policy training avg travel time:127.11716247139589, q_loss:2.9634552001953125, rewards:-11.465089246961806, queue:2.5935185185185183, delay:0.4939624362521701, throughput:4301
Sim Rollout episode:49/100, sim avg travel time:126.36515567765568, rewards:-9.901066080729167, queue:2.3064814814814816, delay:0.4855362503616898, throughput:4303
Real rollout step:49/100, travel time:147.02452316076295, rewards:-17.271668836805556, queue:5.344444444444444, delay:0.42977337307400176, throughput:3527
forward model: training agent 0.
Epoch 0: forward train average loss 0.003085413585520453.
epoch 0: forward test average loss 0.005061973300245073.
Epoch 99: forward train average loss 0.002741163234329886.
epoch 99: forward test average loss 0.00545847002002928.
inverse model, training agent 0.
epoch 0: inverse train average loss 0.0038364078435632917.
epoch 0: inverse test average loss 0.00310102462147673.
epoch 99: inverse train average loss 0.0029850072330898708.
epoch 99: inverse test average loss 0.005900123053126865.
forward model: training agent 1.
Epoch 0: forward train average loss 0.0045325056546264226.
epoch 0: forward test average loss 0.00627575090361966.
Epoch 99: forward train average loss 0.0035050553269684315.
epoch 99: forward test average loss 0.007026896501580874.
inverse model, training agent 1.
epoch 0: inverse train average loss 0.003999739937070344.
epoch 0: inverse test average loss 0.01189446242319213.
epoch 99: inverse train average loss 0.0032997483698030314.
epoch 99: inverse test average loss 0.01617739929093255.
forward model: training agent 2.
Epoch 0: forward train average loss 0.005737838231854969.
epoch 0: forward test average loss 0.009378418326377869.
Epoch 99: forward train average loss 0.004466814558125204.
epoch 99: forward test average loss 0.006435106818874677.
inverse model, training agent 2.
epoch 0: inverse train average loss 0.01171048761655887.
epoch 0: inverse test average loss 0.011929472287495932.
epoch 99: inverse train average loss 0.0065563878872328335.
epoch 99: inverse test average loss 0.008532549978958236.
Policy training episode: 49, grounded actions taken: 331, last two uncertainties: {0: [0.0, 0.0], 1: [0.0, 0.0], 2: [0.0, 0.0]}, avg agent uncertainties: [0.0, 0.0, 0.0], grounded actions by agent: [111, 113, 107]
Policy training episode: 49, iteration 0/1, policy training avg travel time:127.79441391941391, q_loss:2.9171557426452637, rewards:-12.39254421657986, queue:2.876851851851852, delay:0.49966362847222223, throughput:4300
Sim Rollout episode:50/100, sim avg travel time:125.7948717948718, rewards:-9.03486056857639, queue:2.1074074074074076, delay:0.4642927381727431, throughput:4303
Real rollout step:50/100, travel time:153.38893431452712, rewards:-20.940831163194446, queue:6.338888888888889, delay:0.45198607268156826, throughput:3518
forward model: training agent 0.
Epoch 0: forward train average loss 0.002860686638289028.
epoch 0: forward test average loss 0.006617828582723935.
Epoch 99: forward train average loss 0.0025717843220465714.
epoch 99: forward test average loss 0.004440402508609825.
inverse model, training agent 0.
epoch 0: inverse train average loss 0.0035078327378465068.
epoch 0: inverse test average loss 0.011789779282278486.
epoch 99: inverse train average loss 0.0027654546623428664.
epoch 99: inverse test average loss 0.013923353619045682.
forward model: training agent 1.
Epoch 0: forward train average loss 0.005230866734766298.
epoch 0: forward test average loss 0.007727309440573056.
Epoch 99: forward train average loss 0.004203911560277144.
epoch 99: forward test average loss 0.008371036913659837.
inverse model, training agent 1.
epoch 0: inverse train average loss 0.005862816754314635.
epoch 0: inverse test average loss 0.011376384645700455.
epoch 99: inverse train average loss 0.003554707884581553.
epoch 99: inverse test average loss 0.008784567730294334.
forward model: training agent 2.
Epoch 0: forward train average loss 0.004918748823304971.
epoch 0: forward test average loss 0.007292455683151881.
Epoch 99: forward train average loss 0.003938373695645068.
epoch 99: forward test average loss 0.006493479220403565.
inverse model, training agent 2.
epoch 0: inverse train average loss 0.005976653192192316.
epoch 0: inverse test average loss 0.01470306060380406.
epoch 99: inverse train average loss 0.004609854788415962.
epoch 99: inverse test average loss 0.008439343422651291.
Policy training episode: 50, grounded actions taken: 374, last two uncertainties: {0: [0.0, 0.0], 1: [0.0, 0.0], 2: [0.0, 0.0]}, avg agent uncertainties: [0.0, 0.0, 0.0], grounded actions by agent: [125, 123, 126]
Policy training episode: 50, iteration 0/1, policy training avg travel time:127.97711146715496, q_loss:2.962007522583008, rewards:-12.650322808159721, queue:2.875, delay:0.5002079716435185, throughput:4302
Sim Rollout episode:51/100, sim avg travel time:125.64782608695653, rewards:-9.468195936414931, queue:2.1925925925925926, delay:0.4884675767686632, throughput:4304
Real rollout step:51/100, travel time:147.4076607387141, rewards:-19.49629584418403, queue:5.853703703703704, delay:0.4594737300166377, throughput:3507
forward model: training agent 0.
Epoch 0: forward train average loss 0.0029115155856642458.
epoch 0: forward test average loss 0.006541506697734197.
Epoch 99: forward train average loss 0.002428362818641795.
epoch 99: forward test average loss 0.006874739088945919.
inverse model, training agent 0.
epoch 0: inverse train average loss 0.003103745092327396.
epoch 0: inverse test average loss 0.002893484507997831.
epoch 99: inverse train average loss 0.002490303505005108.
epoch 99: inverse test average loss 0.007679456224044164.
forward model: training agent 1.
Epoch 0: forward train average loss 0.004911693175219827.
epoch 0: forward test average loss 0.007614031020137999.
Epoch 99: forward train average loss 0.003744048997759819.
epoch 99: forward test average loss 0.006529498845338821.
inverse model, training agent 1.
epoch 0: inverse train average loss 0.006238053708026807.
epoch 0: inverse test average loss 0.01393490077720748.
epoch 99: inverse train average loss 0.003747412520978186.
epoch 99: inverse test average loss 0.006882504249612491.
forward model: training agent 2.
Epoch 0: forward train average loss 0.005422465296255218.
epoch 0: forward test average loss 0.008830651640892029.
Epoch 99: forward train average loss 0.0042688426975574754.
epoch 99: forward test average loss 0.008249472826719284.
inverse model, training agent 2.
epoch 0: inverse train average loss 0.005224119199232923.
epoch 0: inverse test average loss 0.009980822188986672.
epoch 99: inverse train average loss 0.0037864738454421363.
epoch 99: inverse test average loss 0.009068303224113252.
Policy training episode: 51, grounded actions taken: 350, last two uncertainties: {0: [0.0, 0.0], 1: [0.0, 0.0], 2: [0.0, 0.0]}, avg agent uncertainties: [0.0, 0.0, 0.0], grounded actions by agent: [113, 115, 122]
Policy training episode: 51, iteration 0/1, policy training avg travel time:127.85599816849818, q_loss:2.912386178970337, rewards:-12.56781955295139, queue:2.8046296296296296, delay:0.5106522736725984, throughput:4303
Sim Rollout episode:52/100, sim avg travel time:125.78164339665827, rewards:-9.170094129774306, queue:2.089814814814815, delay:0.4750376948603877, throughput:4303
Real rollout step:52/100, travel time:147.75873362445415, rewards:-18.479536946614584, queue:5.660185185185185, delay:0.44140370686848956, throughput:3517
forward model: training agent 0.
Epoch 0: forward train average loss 0.002874441341393524.
epoch 0: forward test average loss 0.006124235482679473.
Epoch 99: forward train average loss 0.0025539440102875233.
epoch 99: forward test average loss 0.005024852852026622.
inverse model, training agent 0.
epoch 0: inverse train average loss 0.0034576330282207993.
epoch 0: inverse test average loss 0.00675038600133525.
epoch 99: inverse train average loss 0.0029127569610459935.
epoch 99: inverse test average loss 0.007732129759258694.
forward model: training agent 1.
Epoch 0: forward train average loss 0.00445112529107266.
epoch 0: forward test average loss 0.006193127276168929.
Epoch 99: forward train average loss 0.0036208810698654917.
epoch 99: forward test average loss 0.0063505346576372785.
inverse model, training agent 1.
epoch 0: inverse train average loss 0.004648382878965802.
epoch 0: inverse test average loss 0.007762231346633699.
epoch 99: inverse train average loss 0.003467355311537782.
epoch 99: inverse test average loss 0.007816925851835145.
forward model: training agent 2.
Epoch 0: forward train average loss 0.00504621635708544.
epoch 0: forward test average loss 0.007635919584168328.
Epoch 99: forward train average loss 0.003963387260834376.
epoch 99: forward test average loss 0.0075568026966518825.
inverse model, training agent 2.
epoch 0: inverse train average loss 0.005607591217590703.
epoch 0: inverse test average loss 0.007921322766277526.
epoch 99: inverse train average loss 0.0041008526976737715.
epoch 99: inverse test average loss 0.013600301825337939.
Policy training episode: 52, grounded actions taken: 341, last two uncertainties: {0: [0.0, 0.0], 1: [0.0, 0.0], 2: [0.0, 0.0]}, avg agent uncertainties: [0.0, 0.0, 0.0], grounded actions by agent: [114, 105, 122]
Policy training episode: 52, iteration 0/1, policy training avg travel time:127.71023117418173, q_loss:2.9821646213531494, rewards:-12.15268283420139, queue:2.7712962962962964, delay:0.4943057024920428, throughput:4302
Sim Rollout episode:53/100, sim avg travel time:125.4877546349279, rewards:-9.095278591579861, queue:2.1185185185185187, delay:0.4761432788990162, throughput:4303
Real rollout step:53/100, travel time:149.29050736497544, rewards:-20.433326551649305, queue:6.183333333333334, delay:0.44888300012659144, throughput:3506
forward model: training agent 0.
Epoch 0: forward train average loss 0.0026970702844361463.
epoch 0: forward test average loss 0.004913731788595517.
Epoch 99: forward train average loss 0.002410741497038139.
epoch 99: forward test average loss 0.004827921796176169.
inverse model, training agent 0.
epoch 0: inverse train average loss 0.0035305008706119326.
epoch 0: inverse test average loss 0.004235535239179929.
epoch 99: inverse train average loss 0.00215396867133677.
epoch 99: inverse test average loss 0.0030924699967727065.
forward model: training agent 1.
Epoch 0: forward train average loss 0.00436879259844621.
epoch 0: forward test average loss 0.007011474420626958.
Epoch 99: forward train average loss 0.003667721317874061.
epoch 99: forward test average loss 0.008759580138656829.
inverse model, training agent 1.
epoch 0: inverse train average loss 0.003254756150353286.
epoch 0: inverse test average loss 0.007687193031112353.
epoch 99: inverse train average loss 0.0024144535936001274.
epoch 99: inverse test average loss 0.011129062208864424.
forward model: training agent 2.
Epoch 0: forward train average loss 0.004685012002786.
epoch 0: forward test average loss 0.00734890459312333.
Epoch 99: forward train average loss 0.0038782720350556904.
epoch 99: forward test average loss 0.007243429621060689.
inverse model, training agent 2.
epoch 0: inverse train average loss 0.0051462833976580035.
epoch 0: inverse test average loss 0.007469908023873965.
epoch 99: inverse train average loss 0.004413611669507291.
epoch 99: inverse test average loss 0.006461609361900223.
Policy training episode: 53, grounded actions taken: 371, last two uncertainties: {0: [0.0, 0.0], 1: [0.0, 0.0], 2: [0.0, 0.0]}, avg agent uncertainties: [0.0, 0.0, 0.0], grounded actions by agent: [127, 127, 117]
Policy training episode: 53, iteration 0/1, policy training avg travel time:127.69398031586175, q_loss:2.9306442737579346, rewards:-11.947547743055555, queue:2.674074074074074, delay:0.4962060998987268, throughput:4299
Sim Rollout episode:54/100, sim avg travel time:125.90567765567765, rewards:-9.09504869249132, queue:2.1287037037037035, delay:0.46519956235532406, throughput:4304
Real rollout step:54/100, travel time:151.13548737442304, rewards:-20.164632161458332, queue:6.0814814814814815, delay:0.44727851019965276, throughput:3532
forward model: training agent 0.
Epoch 0: forward train average loss 0.002646732506238752.
epoch 0: forward test average loss 0.004821072849962447.
Epoch 99: forward train average loss 0.0023699041662944686.
epoch 99: forward test average loss 0.004917849062217606.
inverse model, training agent 0.
epoch 0: inverse train average loss 0.005167795552147759.
epoch 0: inverse test average loss 0.008145562062660852.
epoch 99: inverse train average loss 0.0029576398535735076.
epoch 99: inverse test average loss 0.005427463601032893.
forward model: training agent 1.
Epoch 0: forward train average loss 0.004892894687751929.
epoch 0: forward test average loss 0.0074288178649213575.
Epoch 99: forward train average loss 0.004159783478826284.
epoch 99: forward test average loss 0.007562180360158284.
inverse model, training agent 1.
epoch 0: inverse train average loss 0.0049669866760571795.
epoch 0: inverse test average loss 0.0034961606272392804.
epoch 99: inverse train average loss 0.00445756528319584.
epoch 99: inverse test average loss 0.006918921859727966.
forward model: training agent 2.
Epoch 0: forward train average loss 0.004691725907226403.
epoch 0: forward test average loss 0.006530741850535075.
Epoch 99: forward train average loss 0.003606047946959734.
epoch 99: forward test average loss 0.0075536322676473195.
inverse model, training agent 2.
epoch 0: inverse train average loss 0.005631025156213177.
epoch 0: inverse test average loss 0.012634662704335319.
epoch 99: inverse train average loss 0.004810663354065683.
epoch 99: inverse test average loss 0.015585128217935562.
Policy training episode: 54, grounded actions taken: 353, last two uncertainties: {0: [0.0, 0.0], 1: [0.0, 0.0], 2: [0.0, 0.0]}, avg agent uncertainties: [0.0, 0.0, 0.0], grounded actions by agent: [115, 113, 125]
Policy training episode: 54, iteration 0/1, policy training avg travel time:127.48696248856359, q_loss:2.85003662109375, rewards:-11.867872450086805, queue:2.683333333333333, delay:0.4927873964662905, throughput:4299
Sim Rollout episode:55/100, sim avg travel time:125.58499199267902, rewards:-9.359815131293402, queue:2.1305555555555555, delay:0.47924397786458334, throughput:4303
Real rollout step:55/100, travel time:151.8473884657236, rewards:-21.30778130425347, queue:6.300925925925926, delay:0.4573215060763889, throughput:3537
forward model: training agent 0.
Epoch 0: forward train average loss 0.003018106851312849.
epoch 0: forward test average loss 0.006421073236399227.
Epoch 99: forward train average loss 0.0027462181428240407.
epoch 99: forward test average loss 0.006724536211954223.
inverse model, training agent 0.
epoch 0: inverse train average loss 0.0037922681205802495.
epoch 0: inverse test average loss 0.00695483966006173.
epoch 99: inverse train average loss 0.0028158738536553252.
epoch 99: inverse test average loss 0.0036248796515994603.
forward model: training agent 1.
Epoch 0: forward train average loss 0.004789455897278256.
epoch 0: forward test average loss 0.0078588148785962.
Epoch 99: forward train average loss 0.003996032341900799.
epoch 99: forward test average loss 0.007379852649238374.
inverse model, training agent 1.
epoch 0: inverse train average loss 0.006076793652027845.
epoch 0: inverse test average loss 0.00430731578833527.
epoch 99: inverse train average loss 0.005037861358788278.
epoch 99: inverse test average loss 0.00436287559568882.
forward model: training agent 2.
Epoch 0: forward train average loss 0.005336734155813853.
epoch 0: forward test average loss 0.007014424643582768.
Epoch 99: forward train average loss 0.004136424770371782.
epoch 99: forward test average loss 0.007157318087087737.
inverse model, training agent 2.
epoch 0: inverse train average loss 0.0048322187633150155.
epoch 0: inverse test average loss 0.009109517559409142.
epoch 99: inverse train average loss 0.0028464795969840554.
epoch 99: inverse test average loss 0.003656064211908314.
Policy training episode: 55, grounded actions taken: 338, last two uncertainties: {0: [0.0, 0.0], 1: [0.0, 0.0], 2: [0.0, 0.0]}, avg agent uncertainties: [0.0, 0.0, 0.0], grounded actions by agent: [105, 119, 114]
Policy training episode: 55, iteration 0/1, policy training avg travel time:127.34843285289408, q_loss:2.8752219676971436, rewards:-11.961664496527778, queue:2.700925925925926, delay:0.5003187391493056, throughput:4300
Sim Rollout episode:56/100, sim avg travel time:125.81258581235699, rewards:-9.563612196180555, queue:2.191666666666667, delay:0.492165289984809, throughput:4303
Real rollout step:56/100, travel time:148.02167434299648, rewards:-20.077867296006943, queue:6.030555555555556, delay:0.45510717321325234, throughput:3543
forward model: training agent 0.
Epoch 0: forward train average loss 0.0029358655317789977.
epoch 0: forward test average loss 0.004796841699216101.
Epoch 99: forward train average loss 0.0026789458675516974.
epoch 99: forward test average loss 0.0057116229501035475.
inverse model, training agent 0.
epoch 0: inverse train average loss 0.0037725460715591908.
epoch 0: inverse test average loss 0.006180368777778413.
epoch 99: inverse train average loss 0.0029534961407383284.
epoch 99: inverse test average loss 0.01048458471066422.
forward model: training agent 1.
Epoch 0: forward train average loss 0.004279212146583531.
epoch 0: forward test average loss 0.006356036497486962.
Epoch 99: forward train average loss 0.0034063634359174306.
epoch 99: forward test average loss 0.0065598127742608385.
inverse model, training agent 1.
epoch 0: inverse train average loss 0.005999389363245832.
epoch 0: inverse test average loss 0.008504383059011566.
epoch 99: inverse train average loss 0.002871632265547911.
epoch 99: inverse test average loss 0.006395001378324296.
forward model: training agent 2.
Epoch 0: forward train average loss 0.004988861528949605.
epoch 0: forward test average loss 0.00801170203420851.
Epoch 99: forward train average loss 0.004029103296084536.
epoch 99: forward test average loss 0.007422595388359494.
inverse model, training agent 2.
epoch 0: inverse train average loss 0.007783573276052873.
epoch 0: inverse test average loss 0.014936175611284044.
epoch 99: inverse train average loss 0.00465587583473987.
epoch 99: inverse test average loss 0.00750997807416651.
Policy training episode: 56, grounded actions taken: 363, last two uncertainties: {0: [0.0, 0.0], 1: [0.0, 0.0], 2: [0.0, 0.0]}, avg agent uncertainties: [0.0, 0.0, 0.0], grounded actions by agent: [131, 103, 129]
Policy training episode: 56, iteration 0/1, policy training avg travel time:128.3488904140929, q_loss:2.9322781562805176, rewards:-13.022547743055556, queue:2.933333333333333, delay:0.5090388545283565, throughput:4303
Sim Rollout episode:57/100, sim avg travel time:124.96155606407322, rewards:-8.380277506510417, queue:1.974074074074074, delay:0.4672468114782263, throughput:4303
Real rollout step:57/100, travel time:151.61337683523655, rewards:-20.701848687065972, queue:6.283333333333333, delay:0.4484397605613426, throughput:3529
forward model: training agent 0.
Epoch 0: forward train average loss 0.0030368885749744046.
epoch 0: forward test average loss 0.005614198537336456.
Epoch 99: forward train average loss 0.002685962218998207.
epoch 99: forward test average loss 0.004523803066048358.
inverse model, training agent 0.
epoch 0: inverse train average loss 0.0033856273059629733.
epoch 0: inverse test average loss 0.0038107472161451974.
epoch 99: inverse train average loss 0.0023770553008135823.
epoch 99: inverse test average loss 0.003527427092194557.
forward model: training agent 1.
Epoch 0: forward train average loss 0.005282263581951459.
epoch 0: forward test average loss 0.0073100849986076355.
Epoch 99: forward train average loss 0.004317970584250159.
epoch 99: forward test average loss 0.006471923448973232.
inverse model, training agent 1.
epoch 0: inverse train average loss 0.00461871942712201.
epoch 0: inverse test average loss 0.0068876973042885465.
epoch 99: inverse train average loss 0.0028599149081856012.
epoch 99: inverse test average loss 0.01395141002204683.
forward model: training agent 2.
Epoch 0: forward train average loss 0.005006291023972962.
epoch 0: forward test average loss 0.008756498495737711.
Epoch 99: forward train average loss 0.0035586427483293745.
epoch 99: forward test average loss 0.00691664136118359.
inverse model, training agent 2.
epoch 0: inverse train average loss 0.006040572292274899.
epoch 0: inverse test average loss 0.014651411523421606.
epoch 99: inverse train average loss 0.005025629264612992.
epoch 99: inverse test average loss 0.01597405680351787.
Policy training episode: 57, grounded actions taken: 342, last two uncertainties: {0: [0.0, 0.0], 1: [0.0, 0.0], 2: [0.0, 0.0]}, avg agent uncertainties: [0.0, 0.0, 0.0], grounded actions by agent: [111, 116, 115]
Policy training episode: 57, iteration 0/1, policy training avg travel time:128.09702517162472, q_loss:2.9038569927215576, rewards:-12.644395616319445, queue:2.8740740740740742, delay:0.49704047309027777, throughput:4297
Sim Rollout episode:58/100, sim avg travel time:125.85446224256293, rewards:-9.354630533854166, queue:2.151851851851852, delay:0.47858287669994215, throughput:4303
Real rollout step:58/100, travel time:149.5517334777898, rewards:-21.51639133029514, queue:6.364814814814815, delay:0.454690353958695, throughput:3546
forward model: training agent 0.
Epoch 0: forward train average loss 0.003039690096759134.
epoch 0: forward test average loss 0.004735614276594586.
Epoch 99: forward train average loss 0.002715491431040896.
epoch 99: forward test average loss 0.006298604524797863.
inverse model, training agent 0.
epoch 0: inverse train average loss 0.004157170084201627.
epoch 0: inverse test average loss 0.006702737054891056.
epoch 99: inverse train average loss 0.002967630202571551.
epoch 99: inverse test average loss 0.007127428841259744.
forward model: training agent 1.
Epoch 0: forward train average loss 0.004329869678864877.
epoch 0: forward test average loss 0.006063278350565169.
Epoch 99: forward train average loss 0.0036127539868983957.
epoch 99: forward test average loss 0.006522719230916765.
inverse model, training agent 1.
epoch 0: inverse train average loss 0.003660020832386282.
epoch 0: inverse test average loss 0.00509314632250203.
epoch 99: inverse train average loss 0.0026693283838944305.
epoch 99: inverse test average loss 0.010980916519959768.
forward model: training agent 2.
Epoch 0: forward train average loss 0.005019764105478923.
epoch 0: forward test average loss 0.007206190791394975.
Epoch 99: forward train average loss 0.0038491937642296157.
epoch 99: forward test average loss 0.006731490915020307.
inverse model, training agent 2.
epoch 0: inverse train average loss 0.0062987988607751.
epoch 0: inverse test average loss 0.008173281326889992.
epoch 99: inverse train average loss 0.005358375401960479.
epoch 99: inverse test average loss 0.007052644673320983.
Policy training episode: 58, grounded actions taken: 342, last two uncertainties: {0: [0.0, 0.0], 1: [0.0, 0.0], 2: [0.0, 0.0]}, avg agent uncertainties: [0.0, 0.0, 0.0], grounded actions by agent: [109, 112, 121]
Policy training episode: 58, iteration 0/1, policy training avg travel time:128.64851258581237, q_loss:2.8276376724243164, rewards:-13.462681749131944, queue:3.099074074074074, delay:0.5047995108145255, throughput:4297
Sim Rollout episode:59/100, sim avg travel time:125.49610805860806, rewards:-8.83226793077257, queue:2.035185185185185, delay:0.4688949019820602, throughput:4303
Real rollout step:59/100, travel time:149.28285017610403, rewards:-20.616944715711806, queue:6.161111111111111, delay:0.4483953970449942, throughput:3550
forward model: training agent 0.
Epoch 0: forward train average loss 0.002939955590085851.
epoch 0: forward test average loss 0.00508321759601434.
Epoch 99: forward train average loss 0.0027374790774451364.
epoch 99: forward test average loss 0.0054208698372046156.
inverse model, training agent 0.
epoch 0: inverse train average loss 0.003089854467867149.
epoch 0: inverse test average loss 0.010649470819367303.
epoch 99: inverse train average loss 0.0025176702377696833.
epoch 99: inverse test average loss 0.005928950384259224.
forward model: training agent 1.
Epoch 0: forward train average loss 0.004019306248260869.
epoch 0: forward test average loss 0.00667724282377296.
Epoch 99: forward train average loss 0.0032312729292445714.
epoch 99: forward test average loss 0.008458587444490857.
inverse model, training agent 1.
epoch 0: inverse train average loss 0.004043266384138001.
epoch 0: inverse test average loss 0.01091135044892629.
epoch 99: inverse train average loss 0.002922034641313884.
epoch 99: inverse test average loss 0.007699169425500764.
forward model: training agent 2.
Epoch 0: forward train average loss 0.0047380333869821495.
epoch 0: forward test average loss 0.007864590320322249.
Epoch 99: forward train average loss 0.003672147480150064.
epoch 99: forward test average loss 0.006190896862083011.
inverse model, training agent 2.
epoch 0: inverse train average loss 0.005664687862412797.
epoch 0: inverse test average loss 0.008322597791751226.
epoch 99: inverse train average loss 0.004727100384318166.
epoch 99: inverse test average loss 0.009879143701659309.
Policy training episode: 59, grounded actions taken: 372, last two uncertainties: {0: [0.0, 0.0], 1: [0.0, 0.0], 2: [0.0, 0.0]}, avg agent uncertainties: [0.0, 0.0, 0.0], grounded actions by agent: [112, 126, 134]
Policy training episode: 59, iteration 0/1, policy training avg travel time:127.70084687571527, q_loss:2.8591461181640625, rewards:-12.312684461805556, queue:2.824074074074074, delay:0.49685341163917823, throughput:4302
Sim Rollout episode:60/100, sim avg travel time:125.97527472527473, rewards:-9.485415310329861, queue:2.198148148148148, delay:0.4709000764069734, throughput:4303
Real rollout step:60/100, travel time:152.6837933861711, rewards:-21.7826416015625, queue:6.475, delay:0.4473081800672743, throughput:3507
forward model: training agent 0.
Epoch 0: forward train average loss 0.0031397993572884137.
epoch 0: forward test average loss 0.0051538704170121085.
Epoch 99: forward train average loss 0.002780212089419365.
epoch 99: forward test average loss 0.005367997619840834.
inverse model, training agent 0.
epoch 0: inverse train average loss 0.0026087809172976348.
epoch 0: inverse test average loss 0.0036245250763992467.
epoch 99: inverse train average loss 0.0018313370334605377.
epoch 99: inverse test average loss 0.003231491841789749.
forward model: training agent 1.
Epoch 0: forward train average loss 0.004798457750843631.
epoch 0: forward test average loss 0.010283249119917551.
Epoch 99: forward train average loss 0.00384680207611786.
epoch 99: forward test average loss 0.011436829136477577.
inverse model, training agent 1.
epoch 0: inverse train average loss 0.013325048817528619.
epoch 0: inverse test average loss 0.02219382342365053.
epoch 99: inverse train average loss 0.007318694144487381.
epoch 99: inverse test average loss 0.025083030263582867.
forward model: training agent 2.
Epoch 0: forward train average loss 0.0054890742111537195.
epoch 0: forward test average loss 0.007584895110792584.
Epoch 99: forward train average loss 0.00423061428591609.
epoch 99: forward test average loss 0.006889317184686661.
inverse model, training agent 2.
epoch 0: inverse train average loss 0.007234855606738064.
epoch 0: inverse test average loss 0.005778229277994897.
epoch 99: inverse train average loss 0.004348006513383653.
epoch 99: inverse test average loss 0.004300374641186661.
Policy training episode: 60, grounded actions taken: 347, last two uncertainties: {0: [0.0, 0.0], 1: [0.0, 0.0], 2: [0.0, 0.0]}, avg agent uncertainties: [0.0, 0.0, 0.0], grounded actions by agent: [118, 119, 110]
Policy training episode: 60, iteration 0/1, policy training avg travel time:127.73330283623056, q_loss:2.7504730224609375, rewards:-12.458567979600694, queue:2.812037037037037, delay:0.4984299271195023, throughput:4300
Sim Rollout episode:61/100, sim avg travel time:125.90547035934996, rewards:-9.275741238064237, queue:2.1638888888888888, delay:0.4678275214301215, throughput:4303
Real rollout step:61/100, travel time:148.23360655737704, rewards:-19.009164767795138, queue:5.7481481481481485, delay:0.45190946790907116, throughput:3510
forward model: training agent 0.
Epoch 0: forward train average loss 0.0029336526058614254.
epoch 0: forward test average loss 0.004583454794353909.
Epoch 99: forward train average loss 0.0025717122480273247.
epoch 99: forward test average loss 0.004159862382544411.
inverse model, training agent 0.
epoch 0: inverse train average loss 0.0019864248525765208.
epoch 0: inverse test average loss 0.006322448245353169.
epoch 99: inverse train average loss 0.0015748284446696441.
epoch 99: inverse test average loss 0.00481138171421157.
forward model: training agent 1.
Epoch 0: forward train average loss 0.004307125591569477.
epoch 0: forward test average loss 0.006226193780700366.
Epoch 99: forward train average loss 0.0036226073279976845.
epoch 99: forward test average loss 0.005384833448463016.
inverse model, training agent 1.
epoch 0: inverse train average loss 0.005241865654372507.
epoch 0: inverse test average loss 0.006314004047049416.
epoch 99: inverse train average loss 0.003996451876850592.
epoch 99: inverse test average loss 0.003937583313220077.
forward model: training agent 2.
Epoch 0: forward train average loss 0.005084190828104814.
epoch 0: forward test average loss 0.006616668361756537.
Epoch 99: forward train average loss 0.003727499447349045.
epoch 99: forward test average loss 0.007043671276834276.
inverse model, training agent 2.
epoch 0: inverse train average loss 0.006064756514711512.
epoch 0: inverse test average loss 0.011943257103363672.
epoch 99: inverse train average loss 0.004536449184848202.
epoch 99: inverse test average loss 0.009505549652708901.
Policy training episode: 61, grounded actions taken: 352, last two uncertainties: {0: [0.0, 0.0], 1: [0.0, 0.0], 2: [0.0, 0.0]}, avg agent uncertainties: [0.0, 0.0, 0.0], grounded actions by agent: [112, 129, 111]
Policy training episode: 61, iteration 0/1, policy training avg travel time:128.01442307692307, q_loss:2.821082353591919, rewards:-12.666343858506945, queue:2.865740740740741, delay:0.5045341209129051, throughput:4297
Sim Rollout episode:62/100, sim avg travel time:125.27283131151293, rewards:-9.117594401041666, queue:2.098148148148148, delay:0.4758023297345197, throughput:4305
Real rollout step:62/100, travel time:149.75690456658464, rewards:-21.465097384982638, queue:6.4148148148148145, delay:0.4588459156177662, throughput:3510
forward model: training agent 0.
Epoch 0: forward train average loss 0.0028396741901006964.
epoch 0: forward test average loss 0.00500911350051562.
Epoch 99: forward train average loss 0.002710184237609307.
epoch 99: forward test average loss 0.006653983145952225.
inverse model, training agent 0.
epoch 0: inverse train average loss 0.0029400093222243916.
epoch 0: inverse test average loss 0.0022717436077073216.
epoch 99: inverse train average loss 0.0019439349675344096.
epoch 99: inverse test average loss 0.0022570511791855097.
forward model: training agent 1.
Epoch 0: forward train average loss 0.004484017327841785.
epoch 0: forward test average loss 0.006709155937035878.
Epoch 99: forward train average loss 0.0035070647589034503.
epoch 99: forward test average loss 0.006437435953153504.
inverse model, training agent 1.
epoch 0: inverse train average loss 0.0035117301676008436.
epoch 0: inverse test average loss 0.005475726806455188.
epoch 99: inverse train average loss 0.002493587684714132.
epoch 99: inverse test average loss 0.005630819126963615.
forward model: training agent 2.
Epoch 0: forward train average loss 0.004943613428622484.
epoch 0: forward test average loss 0.008793519602881538.
Epoch 99: forward train average loss 0.003703323089414173.
epoch 99: forward test average loss 0.007403258855144183.
inverse model, training agent 2.
epoch 0: inverse train average loss 0.005840919394459989.
epoch 0: inverse test average loss 0.010435836596621407.
epoch 99: inverse train average loss 0.004022288705325789.
epoch 99: inverse test average loss 0.00633174946738614.
Policy training episode: 62, grounded actions taken: 386, last two uncertainties: {0: [0.0, 0.0], 1: [0.0, 0.0], 2: [0.0, 0.0]}, avg agent uncertainties: [0.0, 0.0, 0.0], grounded actions by agent: [119, 140, 127]
Policy training episode: 62, iteration 0/1, policy training avg travel time:128.46611721611723, q_loss:2.8149445056915283, rewards:-12.957221137152779, queue:2.9453703703703704, delay:0.5080967090747974, throughput:4302
Sim Rollout episode:63/100, sim avg travel time:125.58791208791209, rewards:-9.119862196180556, queue:2.1074074074074076, delay:0.48023839879918984, throughput:4303
Real rollout step:63/100, travel time:148.37214983713355, rewards:-20.186109754774307, queue:6.037037037037037, delay:0.4569205955222801, throughput:3542
forward model: training agent 0.
Epoch 0: forward train average loss 0.0027867394189039865.
epoch 0: forward test average loss 0.00580243393778801.
Epoch 99: forward train average loss 0.002565784017658896.
epoch 99: forward test average loss 0.004927450377080176.
inverse model, training agent 0.
epoch 0: inverse train average loss 0.0025642868648800585.
epoch 0: inverse test average loss 0.003479063096973631.
epoch 99: inverse train average loss 0.0018401094453616275.
epoch 99: inverse test average loss 0.005231846537854936.
forward model: training agent 1.
Epoch 0: forward train average loss 0.004446518503957325.
epoch 0: forward test average loss 0.008139563931359185.
Epoch 99: forward train average loss 0.003420922284324964.
epoch 99: forward test average loss 0.007840945902797911.
inverse model, training agent 1.
epoch 0: inverse train average loss 0.003349720500409603.
epoch 0: inverse test average loss 0.005303429902091416.
epoch 99: inverse train average loss 0.00204144767485559.
epoch 99: inverse test average loss 0.008433758384651609.
forward model: training agent 2.
Epoch 0: forward train average loss 0.004878241982724931.
epoch 0: forward test average loss 0.010544866737392213.
Epoch 99: forward train average loss 0.003731850224236647.
epoch 99: forward test average loss 0.007884468883275986.
inverse model, training agent 2.
epoch 0: inverse train average loss 0.004683430358353589.
epoch 0: inverse test average loss 0.008325018195642365.
epoch 99: inverse train average loss 0.0038810622257490954.
epoch 99: inverse test average loss 0.011285874992609024.
Policy training episode: 63, grounded actions taken: 373, last two uncertainties: {0: [0.0, 0.0], 1: [0.0, 0.0], 2: [0.0, 0.0]}, avg agent uncertainties: [0.0, 0.0, 0.0], grounded actions by agent: [122, 130, 121]
Policy training episode: 63, iteration 0/1, policy training avg travel time:127.91622796978713, q_loss:2.8611791133880615, rewards:-12.738935004340277, queue:2.914814814814815, delay:0.5031653510199653, throughput:4304
Sim Rollout episode:64/100, sim avg travel time:125.66758178906429, rewards:-9.139815266927084, queue:2.1185185185185187, delay:0.4791894418221933, throughput:4304
Real rollout step:64/100, travel time:146.78696126568468, rewards:-17.786203342013888, queue:5.409259259259259, delay:0.4474575466579861, throughput:3520
forward model: training agent 0.
Epoch 0: forward train average loss 0.0028162027916146647.
epoch 0: forward test average loss 0.004598342503110568.
Epoch 99: forward train average loss 0.002444033148801989.
epoch 99: forward test average loss 0.004075896098381943.
inverse model, training agent 0.
epoch 0: inverse train average loss 0.001850518229831424.
epoch 0: inverse test average loss 0.00391304110073381.
epoch 99: inverse train average loss 0.0014857873579280244.
epoch 99: inverse test average loss 0.005852099301086532.
forward model: training agent 1.
Epoch 0: forward train average loss 0.00430650750382079.
epoch 0: forward test average loss 0.006486920639872551.
Epoch 99: forward train average loss 0.0035103029674953884.
epoch 99: forward test average loss 0.006256714463233948.
inverse model, training agent 1.
epoch 0: inverse train average loss 0.004864755862702926.
epoch 0: inverse test average loss 0.005140165901846356.
epoch 99: inverse train average loss 0.0037061866476304.
epoch 99: inverse test average loss 0.003721565215124024.
forward model: training agent 2.
Epoch 0: forward train average loss 0.005461583638356792.
epoch 0: forward test average loss 0.008286449644300673.
Epoch 99: forward train average loss 0.0039521992827455206.
epoch 99: forward test average loss 0.0061289968176020514.
inverse model, training agent 2.
epoch 0: inverse train average loss 0.00785190953562657.
epoch 0: inverse test average loss 0.013504376841915978.
epoch 99: inverse train average loss 0.005469546963771184.
epoch 99: inverse test average loss 0.009690711481703652.
Policy training episode: 64, grounded actions taken: 335, last two uncertainties: {0: [0.0, 0.0], 1: [0.0, 0.0], 2: [0.0, 0.0]}, avg agent uncertainties: [0.0, 0.0, 0.0], grounded actions by agent: [106, 122, 107]
Policy training episode: 64, iteration 0/1, policy training avg travel time:127.63621794871794, q_loss:2.8176097869873047, rewards:-12.28453640407986, queue:2.7907407407407407, delay:0.5009678028247975, throughput:4299
Sim Rollout episode:65/100, sim avg travel time:125.18452380952381, rewards:-8.649303521050347, queue:1.9694444444444446, delay:0.47650429054542826, throughput:4305
Real rollout step:65/100, travel time:147.24007612833063, rewards:-18.31398383246528, queue:5.557407407407408, delay:0.46400152135778355, throughput:3536
forward model: training agent 0.
Epoch 0: forward train average loss 0.0028014599552585017.
epoch 0: forward test average loss 0.005805226042866707.
Epoch 99: forward train average loss 0.0025221778390308223.
epoch 99: forward test average loss 0.006341102636522717.
inverse model, training agent 0.
epoch 0: inverse train average loss 0.0025784332926074662.
epoch 0: inverse test average loss 0.005287391651007865.
epoch 99: inverse train average loss 0.0019880784934179652.
epoch 99: inverse test average loss 0.004913677357965046.
forward model: training agent 1.
Epoch 0: forward train average loss 0.004655251745134592.
epoch 0: forward test average loss 0.006893402586380641.
Epoch 99: forward train average loss 0.0034614355406827396.
epoch 99: forward test average loss 0.008774121188455157.
inverse model, training agent 1.
epoch 0: inverse train average loss 0.00406979847078522.
epoch 0: inverse test average loss 0.00426096629558338.
epoch 99: inverse train average loss 0.003147932312761744.
epoch 99: inverse test average loss 0.0052604033715195125.
forward model: training agent 2.
Epoch 0: forward train average loss 0.00525745480424828.
epoch 0: forward test average loss 0.008398976590898301.
Epoch 99: forward train average loss 0.0038578297115034526.
epoch 99: forward test average loss 0.007819042023685243.
inverse model, training agent 2.
epoch 0: inverse train average loss 0.005972100525266594.
epoch 0: inverse test average loss 0.011814670430289375.
epoch 99: inverse train average loss 0.005243771347320742.
epoch 99: inverse test average loss 0.010138661911090216.
Policy training episode: 65, grounded actions taken: 328, last two uncertainties: {0: [0.0, 0.0], 1: [0.0, 0.0], 2: [0.0, 0.0]}, avg agent uncertainties: [0.0, 0.0, 0.0], grounded actions by agent: [106, 106, 116]
Policy training episode: 65, iteration 0/1, policy training avg travel time:127.78255893797207, q_loss:2.821946144104004, rewards:-12.161619737413194, queue:2.813888888888889, delay:0.4949168452510127, throughput:4300
Sim Rollout episode:66/100, sim avg travel time:125.24107142857143, rewards:-8.730509440104166, queue:2.0194444444444444, delay:0.47405367250795716, throughput:4303
Real rollout step:66/100, travel time:147.32510288065845, rewards:-18.494261338975694, queue:5.592592592592593, delay:0.460366623489945, throughput:3500
forward model: training agent 0.
Epoch 0: forward train average loss 0.003135154334207376.
epoch 0: forward test average loss 0.0061271656304597855.
Epoch 99: forward train average loss 0.0026430515572428703.
epoch 99: forward test average loss 0.005444160145190027.
inverse model, training agent 0.
epoch 0: inverse train average loss 0.0019927292467198437.
epoch 0: inverse test average loss 0.010861974209547043.
epoch 99: inverse train average loss 0.001279232286227246.
epoch 99: inverse test average loss 0.004731772881415155.
forward model: training agent 1.
Epoch 0: forward train average loss 0.0042803580355313085.
epoch 0: forward test average loss 0.008860936181412803.
Epoch 99: forward train average loss 0.003249489805764622.
epoch 99: forward test average loss 0.007217645024259885.
inverse model, training agent 1.
epoch 0: inverse train average loss 0.004945197323751118.
epoch 0: inverse test average loss 0.005768257917629348.
epoch 99: inverse train average loss 0.004399083916925722.
epoch 99: inverse test average loss 0.0037516775127086374.
forward model: training agent 2.
Epoch 0: forward train average loss 0.00531210129459699.
epoch 0: forward test average loss 0.006146467394298977.
Epoch 99: forward train average loss 0.004176613512552447.
epoch 99: forward test average loss 0.00785780077179273.
inverse model, training agent 2.
epoch 0: inverse train average loss 0.0060912674396402305.
epoch 0: inverse test average loss 0.008034203201532364.
epoch 99: inverse train average loss 0.005542808108859592.
epoch 99: inverse test average loss 0.0055821673530671335.
Policy training episode: 66, grounded actions taken: 351, last two uncertainties: {0: [0.0, 0.0], 1: [0.0, 0.0], 2: [0.0, 0.0]}, avg agent uncertainties: [0.0, 0.0, 0.0], grounded actions by agent: [118, 106, 127]
Policy training episode: 66, iteration 0/1, policy training avg travel time:127.61950549450549, q_loss:2.8684751987457275, rewards:-12.02208251953125, queue:2.7018518518518517, delay:0.49424800166377314, throughput:4304
Sim Rollout episode:67/100, sim avg travel time:125.48535469107551, rewards:-9.031435818142361, queue:2.0824074074074073, delay:0.4802109329788773, throughput:4303
Real rollout step:67/100, travel time:149.04554131442598, rewards:-20.721346028645833, queue:6.097222222222222, delay:0.46264411078559026, throughput:3516
forward model: training agent 0.
Epoch 0: forward train average loss 0.0030431033422549567.
epoch 0: forward test average loss 0.005356870591640472.
Epoch 99: forward train average loss 0.002694961511426502.
epoch 99: forward test average loss 0.004981762626104885.
inverse model, training agent 0.
epoch 0: inverse train average loss 0.002976341483493646.
epoch 0: inverse test average loss 0.005384249198767874.
epoch 99: inverse train average loss 0.001893783841903011.
epoch 99: inverse test average loss 0.008069816148943372.
forward model: training agent 1.
Epoch 0: forward train average loss 0.004515918696092235.
epoch 0: forward test average loss 0.006508587756090694.
Epoch 99: forward train average loss 0.003514760122117069.
epoch 99: forward test average loss 0.005822933382458157.
inverse model, training agent 1.
epoch 0: inverse train average loss 0.004046327874271406.
epoch 0: inverse test average loss 0.005689670435256428.
epoch 99: inverse train average loss 0.0027794966525915596.
epoch 99: inverse test average loss 0.006879007857706811.
forward model: training agent 2.
Epoch 0: forward train average loss 0.005479556715322865.
epoch 0: forward test average loss 0.009913956125577291.
Epoch 99: forward train average loss 0.00413412455883291.
epoch 99: forward test average loss 0.009374503874116473.
inverse model, training agent 2.
epoch 0: inverse train average loss 0.006362919074793656.
epoch 0: inverse test average loss 0.008062468220790228.
epoch 99: inverse train average loss 0.005305914518733819.
epoch 99: inverse test average loss 0.012966785579919815.
Policy training episode: 67, grounded actions taken: 374, last two uncertainties: {0: [0.0, 0.0], 1: [0.0, 0.0], 2: [0.0, 0.0]}, avg agent uncertainties: [0.0, 0.0, 0.0], grounded actions by agent: [130, 122, 122]
Policy training episode: 67, iteration 0/1, policy training avg travel time:127.35209334248455, q_loss:2.7483363151550293, rewards:-11.733378092447916, queue:2.638888888888889, delay:0.4985786720558449, throughput:4300
Sim Rollout episode:68/100, sim avg travel time:125.55288461538461, rewards:-9.062641059027778, queue:2.0842592592592593, delay:0.4686823527018229, throughput:4305
Real rollout step:68/100, travel time:147.96146540027138, rewards:-20.703521050347224, queue:6.181481481481481, delay:0.4591083102756076, throughput:3539
forward model: training agent 0.
Epoch 0: forward train average loss 0.00294480100274086.
epoch 0: forward test average loss 0.00523587999244531.
Epoch 99: forward train average loss 0.0025746976542803976.
epoch 99: forward test average loss 0.004840948515468174.
inverse model, training agent 0.
epoch 0: inverse train average loss 0.0026267386145061916.
epoch 0: inverse test average loss 0.005250772254334556.
epoch 99: inverse train average loss 0.0012104836059734225.
epoch 99: inverse test average loss 0.019377273093495104.
forward model: training agent 1.
Epoch 0: forward train average loss 0.004258326875666778.
epoch 0: forward test average loss 0.0064259786158800125.
Epoch 99: forward train average loss 0.003408940922882822.
epoch 99: forward test average loss 0.005626768701606327.
inverse model, training agent 1.
epoch 0: inverse train average loss 0.0034542950128929484.
epoch 0: inverse test average loss 0.006780573891268836.
epoch 99: inverse train average loss 0.0024965196951395935.
epoch 99: inverse test average loss 0.004550588834616873.
forward model: training agent 2.
Epoch 0: forward train average loss 0.0048627858567568995.
epoch 0: forward test average loss 0.006951115404566129.
Epoch 99: forward train average loss 0.0037266857818596894.
epoch 99: forward test average loss 0.007735825661155913.
inverse model, training agent 2.
epoch 0: inverse train average loss 0.005555818323045969.
epoch 0: inverse test average loss 0.011174314137962129.
epoch 99: inverse train average loss 0.00403330625138349.
epoch 99: inverse test average loss 0.02264823971523179.
Policy training episode: 68, grounded actions taken: 359, last two uncertainties: {0: [0.0, 0.0], 1: [0.0, 0.0], 2: [0.0, 0.0]}, avg agent uncertainties: [0.0, 0.0, 0.0], grounded actions by agent: [120, 120, 119]
Policy training episode: 68, iteration 0/1, policy training avg travel time:128.5108720531014, q_loss:2.7537026405334473, rewards:-13.078658040364584, queue:2.974074074074074, delay:0.49593788429542823, throughput:4300
Sim Rollout episode:69/100, sim avg travel time:125.5401509951956, rewards:-8.847963460286458, queue:2.1055555555555556, delay:0.4698347868742766, throughput:4303
Real rollout step:69/100, travel time:150.70442814452593, rewards:-19.845460340711806, queue:6.157407407407407, delay:0.44944198043258105, throughput:3532
forward model: training agent 0.
Epoch 0: forward train average loss 0.0030481178416974014.
epoch 0: forward test average loss 0.00635907467868593.
Epoch 99: forward train average loss 0.00265186114443673.
epoch 99: forward test average loss 0.005385398657785522.
inverse model, training agent 0.
epoch 0: inverse train average loss 0.003249886135260264.
epoch 0: inverse test average loss 0.006342380514575375.
epoch 99: inverse train average loss 0.002047217632126477.
epoch 99: inverse test average loss 0.010070270237823328.
forward model: training agent 1.
Epoch 0: forward train average loss 0.005556613103383117.
epoch 0: forward test average loss 0.007232218566868041.
Epoch 99: forward train average loss 0.0039803752054770785.
epoch 99: forward test average loss 0.008331448253658082.
inverse model, training agent 1.
epoch 0: inverse train average loss 0.003580577412827147.
epoch 0: inverse test average loss 0.005131647611657779.
epoch 99: inverse train average loss 0.00278040094094144.
epoch 99: inverse test average loss 0.0034870601466536755.
forward model: training agent 2.
Epoch 0: forward train average loss 0.005233686313860946.
epoch 0: forward test average loss 0.007079172051615185.
Epoch 99: forward train average loss 0.003601314344753822.
epoch 99: forward test average loss 0.008747647205988566.
inverse model, training agent 2.
epoch 0: inverse train average loss 0.006096740770671103.
epoch 0: inverse test average loss 0.02038065530359745.
epoch 99: inverse train average loss 0.005035309431453546.
epoch 99: inverse test average loss 0.012707560426659055.
Policy training episode: 69, grounded actions taken: 352, last two uncertainties: {0: [0.0, 0.0], 1: [0.0, 0.0], 2: [0.0, 0.0]}, avg agent uncertainties: [0.0, 0.0, 0.0], grounded actions by agent: [122, 113, 117]
Policy training episode: 69, iteration 0/1, policy training avg travel time:127.92402745995423, q_loss:2.808347463607788, rewards:-12.545743815104167, queue:2.9157407407407407, delay:0.49857635498046876, throughput:4302
Sim Rollout episode:70/100, sim avg travel time:125.45937285420004, rewards:-9.063655598958333, queue:2.1203703703703702, delay:0.48410045482494213, throughput:4304
Real rollout step:70/100, travel time:148.5697990222705, rewards:-20.538427734375, queue:6.200925925925926, delay:0.45851050482855904, throughput:3537
forward model: training agent 0.
Epoch 0: forward train average loss 0.002853015385982063.
epoch 0: forward test average loss 0.004865405667159293.
Epoch 99: forward train average loss 0.0025022576252619424.
epoch 99: forward test average loss 0.005168988472885556.
inverse model, training agent 0.
epoch 0: inverse train average loss 0.0021491842473753625.
epoch 0: inverse test average loss 0.008054463089340262.
epoch 99: inverse train average loss 0.0015683556686983341.
epoch 99: inverse test average loss 0.0017916145734488964.
forward model: training agent 1.
Epoch 0: forward train average loss 0.004384357171754043.
epoch 0: forward test average loss 0.006583753352363904.
Epoch 99: forward train average loss 0.0033788354032569462.
epoch 99: forward test average loss 0.0063237763113445705.
inverse model, training agent 1.
epoch 0: inverse train average loss 0.0037867527248130906.
epoch 0: inverse test average loss 0.004183588652975029.
epoch 99: inverse train average loss 0.0029790408961060974.
epoch 99: inverse test average loss 0.0047268397692177035.
forward model: training agent 2.
Epoch 0: forward train average loss 0.004832565991414918.
epoch 0: forward test average loss 0.0062257688906457685.
Epoch 99: forward train average loss 0.0032503073000245625.
epoch 99: forward test average loss 0.005608679726719856.
inverse model, training agent 2.
epoch 0: inverse train average loss 0.006495185196399689.
epoch 0: inverse test average loss 0.013176022718350092.
epoch 99: inverse train average loss 0.0054631781660848195.
epoch 99: inverse test average loss 0.012121499412589602.
Policy training episode: 70, grounded actions taken: 348, last two uncertainties: {0: [0.0, 0.0], 1: [0.0, 0.0], 2: [0.0, 0.0]}, avg agent uncertainties: [0.0, 0.0, 0.0], grounded actions by agent: [114, 120, 114]
Policy training episode: 70, iteration 0/1, policy training avg travel time:127.44599542334096, q_loss:2.80354642868042, rewards:-12.008102756076388, queue:2.75, delay:0.5004617196542246, throughput:4299
Sim Rollout episode:71/100, sim avg travel time:125.5934065934066, rewards:-9.046391465928819, queue:2.075925925925926, delay:0.47708988896122684, throughput:4303
Real rollout step:71/100, travel time:148.36371033360456, rewards:-19.088053385416668, queue:5.729629629629629, delay:0.45644333450882524, throughput:3536
forward model: training agent 0.
Epoch 0: forward train average loss 0.0031995553419821793.
epoch 0: forward test average loss 0.00661012116405699.
Epoch 99: forward train average loss 0.0027842833660542965.
epoch 99: forward test average loss 0.005469454038474295.
inverse model, training agent 0.
epoch 0: inverse train average loss 0.00294691634674867.
epoch 0: inverse test average loss 0.003148036181098885.
epoch 99: inverse train average loss 0.0018707987878264652.
epoch 99: inverse test average loss 0.0022593431381715667.
forward model: training agent 1.
Epoch 0: forward train average loss 0.004829454960094558.
epoch 0: forward test average loss 0.007013518777158525.
Epoch 99: forward train average loss 0.0036861064015991157.
epoch 99: forward test average loss 0.007821272644731734.
inverse model, training agent 1.
epoch 0: inverse train average loss 0.004122675706942876.
epoch 0: inverse test average loss 0.005593790465758907.
epoch 99: inverse train average loss 0.0028118326380434963.
epoch 99: inverse test average loss 0.002319634542800486.
forward model: training agent 2.
Epoch 0: forward train average loss 0.005497390714784463.
epoch 0: forward test average loss 0.007919897842738364.
Epoch 99: forward train average loss 0.003658651788201597.
epoch 99: forward test average loss 0.00699098077085283.
inverse model, training agent 2.
epoch 0: inverse train average loss 0.004708224441856146.
epoch 0: inverse test average loss 0.007882981457644038.
epoch 99: inverse train average loss 0.0037726621764401593.
epoch 99: inverse test average loss 0.008504653970400492.
Policy training episode: 71, grounded actions taken: 337, last two uncertainties: {0: [0.0, 0.0], 1: [0.0, 0.0], 2: [0.0, 0.0]}, avg agent uncertainties: [0.0, 0.0, 0.0], grounded actions by agent: [111, 103, 123]
Policy training episode: 71, iteration 0/1, policy training avg travel time:127.03822384985122, q_loss:2.859687566757202, rewards:-11.504073079427084, queue:2.5805555555555557, delay:0.49231041802300346, throughput:4300
Sim Rollout episode:72/100, sim avg travel time:126.25022893772893, rewards:-9.604029676649306, queue:2.2462962962962965, delay:0.4773721765588831, throughput:4304
Real rollout step:72/100, travel time:149.0454178984144, rewards:-20.663661024305554, queue:6.267592592592592, delay:0.45833683720341434, throughput:3573
forward model: training agent 0.
Epoch 0: forward train average loss 0.003082410639358891.
epoch 0: forward test average loss 0.0062300409707758166.
Epoch 99: forward train average loss 0.0024895001616742876.
epoch 99: forward test average loss 0.005275727146201664.
inverse model, training agent 0.
epoch 0: inverse train average loss 0.003730530281447702.
epoch 0: inverse test average loss 0.005936495882148544.
epoch 99: inverse train average loss 0.002360893309944206.
epoch 99: inverse test average loss 0.00441808230890375.
forward model: training agent 1.
Epoch 0: forward train average loss 0.004452674649655819.
epoch 0: forward test average loss 0.007201009947392676.
Epoch 99: forward train average loss 0.0033035524603393343.
epoch 99: forward test average loss 0.006949818175699975.
inverse model, training agent 1.
epoch 0: inverse train average loss 0.003612763403604428.
epoch 0: inverse test average loss 0.004685148286322753.
epoch 99: inverse train average loss 0.0024541939557012585.
epoch 99: inverse test average loss 0.009285702887508605.
forward model: training agent 2.
Epoch 0: forward train average loss 0.005631846479243702.
epoch 0: forward test average loss 0.008543180508746041.
Epoch 99: forward train average loss 0.003997213155445125.
epoch 99: forward test average loss 0.009326200932264328.
inverse model, training agent 2.
epoch 0: inverse train average loss 0.006061564510067304.
epoch 0: inverse test average loss 0.007404032266802258.
epoch 99: inverse train average loss 0.005184076519476043.
epoch 99: inverse test average loss 0.008334945059484906.
Policy training episode: 72, grounded actions taken: 347, last two uncertainties: {0: [0.0, 0.0], 1: [0.0, 0.0], 2: [0.0, 0.0]}, avg agent uncertainties: [0.0, 0.0, 0.0], grounded actions by agent: [120, 113, 114]
Policy training episode: 72, iteration 0/1, policy training avg travel time:128.20393682764936, q_loss:2.8477559089660645, rewards:-12.799351671006944, queue:2.9166666666666665, delay:0.5041723745840567, throughput:4302
Sim Rollout episode:73/100, sim avg travel time:125.77454795147631, rewards:-9.361342366536459, queue:2.200925925925926, delay:0.47987388328269676, throughput:4302
Real rollout step:73/100, travel time:151.50296336206895, rewards:-22.773611111111112, queue:6.830555555555556, delay:0.4453343709309896, throughput:3556
forward model: training agent 0.
Epoch 0: forward train average loss 0.0031828321516513824.
epoch 0: forward test average loss 0.0049911751929256655.
Epoch 99: forward train average loss 0.002874830530749427.
epoch 99: forward test average loss 0.005425069067213271.
inverse model, training agent 0.
epoch 0: inverse train average loss 0.002173947842998637.
epoch 0: inverse test average loss 0.008930120824111832.
epoch 99: inverse train average loss 0.0016547130524284309.
epoch 99: inverse test average loss 0.004926206440561348.
forward model: training agent 1.
Epoch 0: forward train average loss 0.004467182689242893.
epoch 0: forward test average loss 0.006221055570575926.
Epoch 99: forward train average loss 0.0033971944099499118.
epoch 99: forward test average loss 0.006115271606379085.
inverse model, training agent 1.
epoch 0: inverse train average loss 0.002810413638750712.
epoch 0: inverse test average loss 0.007301710235575835.
epoch 99: inverse train average loss 0.002235496856479181.
epoch 99: inverse test average loss 0.02669673330254025.
forward model: training agent 2.
Epoch 0: forward train average loss 0.005226753548615509.
epoch 0: forward test average loss 0.007464972635110219.
Epoch 99: forward train average loss 0.0037854512532552085.
epoch 99: forward test average loss 0.007485684421327379.
inverse model, training agent 2.
epoch 0: inverse train average loss 0.00610069226887491.
epoch 0: inverse test average loss 0.014732325242625343.
epoch 99: inverse train average loss 0.00392103541849388.
epoch 99: inverse test average loss 0.008309449586603377.
Policy training episode: 73, grounded actions taken: 345, last two uncertainties: {0: [0.0, 0.0], 1: [0.0, 0.0], 2: [0.0, 0.0]}, avg agent uncertainties: [0.0, 0.0, 0.0], grounded actions by agent: [112, 120, 113]
Policy training episode: 73, iteration 0/1, policy training avg travel time:127.8180361638819, q_loss:2.7727925777435303, rewards:-12.199625651041666, queue:2.7648148148148146, delay:0.49943582040292245, throughput:4299
Sim Rollout episode:74/100, sim avg travel time:125.88369963369964, rewards:-9.388981119791667, queue:2.200925925925926, delay:0.4803643685800058, throughput:4303
Real rollout step:74/100, travel time:152.00162866449512, rewards:-24.775138346354165, queue:7.314814814814815, delay:0.4659732394748264, throughput:3534
forward model: training agent 0.
Epoch 0: forward train average loss 0.002843893443544706.
epoch 0: forward test average loss 0.006149535170859761.
Epoch 99: forward train average loss 0.0024212774199744067.
epoch 99: forward test average loss 0.0053068411846955614.
inverse model, training agent 0.
epoch 0: inverse train average loss 0.0026809173222217294.
epoch 0: inverse test average loss 0.0026963380061917836.
epoch 99: inverse train average loss 0.0014793523845987187.
epoch 99: inverse test average loss 0.00196759188030329.
forward model: training agent 1.
Epoch 0: forward train average loss 0.004020713631891542.
epoch 0: forward test average loss 0.00646765385237005.
Epoch 99: forward train average loss 0.003238717145803902.
epoch 99: forward test average loss 0.006274245058496793.
inverse model, training agent 1.
epoch 0: inverse train average loss 0.0026416031178086996.
epoch 0: inverse test average loss 0.00651027655435933.
epoch 99: inverse train average loss 0.0020222373358491394.
epoch 99: inverse test average loss 0.006410166207287047.
forward model: training agent 2.
Epoch 0: forward train average loss 0.0055278948404722745.
epoch 0: forward test average loss 0.008191514760255814.
Epoch 99: forward train average loss 0.0037547656231456334.
epoch 99: forward test average loss 0.007520455453130934.
inverse model, training agent 2.
epoch 0: inverse train average loss 0.007084192656394508.
epoch 0: inverse test average loss 0.02268259558412764.
epoch 99: inverse train average loss 0.005313303942481677.
epoch 99: inverse test average loss 0.023823104798793793.
Policy training episode: 74, grounded actions taken: 352, last two uncertainties: {0: [0.0, 0.0], 1: [0.0, 0.0], 2: [0.0, 0.0]}, avg agent uncertainties: [0.0, 0.0, 0.0], grounded actions by agent: [122, 113, 117]
Policy training episode: 74, iteration 0/1, policy training avg travel time:127.5448717948718, q_loss:2.799595355987549, rewards:-11.842362467447916, queue:2.6972222222222224, delay:0.49721544053819444, throughput:4302
Sim Rollout episode:75/100, sim avg travel time:125.14236667429618, rewards:-8.485599772135417, queue:1.9351851851851851, delay:0.4676736902307581, throughput:4303
Real rollout step:75/100, travel time:151.76075122482308, rewards:-23.54638671875, queue:6.982407407407408, delay:0.4615306147822627, throughput:3511
forward model: training agent 0.
Epoch 0: forward train average loss 0.002690030054913627.
epoch 0: forward test average loss 0.005018909151355426.
Epoch 99: forward train average loss 0.002451507115943564.
epoch 99: forward test average loss 0.004602038405007786.
inverse model, training agent 0.
epoch 0: inverse train average loss 0.0025256133457231852.
epoch 0: inverse test average loss 0.012026747067769369.
epoch 99: inverse train average loss 0.0012830840553053552.
epoch 99: inverse test average loss 0.0045393437548126615.
forward model: training agent 1.
Epoch 0: forward train average loss 0.004381976659513182.
epoch 0: forward test average loss 0.0069857098990016514.
Epoch 99: forward train average loss 0.003462636015481419.
epoch 99: forward test average loss 0.006965649003783862.
inverse model, training agent 1.
epoch 0: inverse train average loss 0.003573924018484023.
epoch 0: inverse test average loss 0.004124659941428238.
epoch 99: inverse train average loss 0.002640806578306688.
epoch 99: inverse test average loss 0.003904561512172222.
forward model: training agent 2.
Epoch 0: forward train average loss 0.004968441815839874.
epoch 0: forward test average loss 0.009584796511464648.
Epoch 99: forward train average loss 0.003587009540448586.
epoch 99: forward test average loss 0.007905787891811795.
inverse model, training agent 2.
epoch 0: inverse train average loss 0.0050189415406849645.
epoch 0: inverse test average loss 0.014087554067373276.
epoch 99: inverse train average loss 0.004302265846894847.
epoch 99: inverse test average loss 0.007639213361673885.
Policy training episode: 75, grounded actions taken: 383, last two uncertainties: {0: [0.0, 0.0], 1: [0.0, 0.0], 2: [0.0, 0.0]}, avg agent uncertainties: [0.0, 0.0, 0.0], grounded actions by agent: [126, 126, 131]
Policy training episode: 75, iteration 0/1, policy training avg travel time:128.4446224256293, q_loss:2.763948917388916, rewards:-13.282317437065972, queue:3.0194444444444444, delay:0.5070585462782118, throughput:4295
Sim Rollout episode:76/100, sim avg travel time:126.02380407415885, rewards:-9.706389702690972, queue:2.265740740740741, delay:0.48742099338107636, throughput:4304
Real rollout step:76/100, travel time:148.08592272358823, rewards:-20.398607042100693, queue:6.151851851851852, delay:0.4605524698893229, throughput:3560
forward model: training agent 0.
Epoch 0: forward train average loss 0.002851964698897468.
epoch 0: forward test average loss 0.005851714354422357.
Epoch 99: forward train average loss 0.002488601150818997.
epoch 99: forward test average loss 0.005516280730565389.
inverse model, training agent 0.
epoch 0: inverse train average loss 0.0015880235781272252.
epoch 0: inverse test average loss 0.003945720071593921.
epoch 99: inverse train average loss 0.001172318818539174.
epoch 99: inverse test average loss 0.0049602376917998.
forward model: training agent 1.
Epoch 0: forward train average loss 0.004120140026013057.
epoch 0: forward test average loss 0.008528932929039001.
Epoch 99: forward train average loss 0.0030860285688605574.
epoch 99: forward test average loss 0.009128709634145101.
inverse model, training agent 1.
epoch 0: inverse train average loss 0.0038666651170286867.
epoch 0: inverse test average loss 0.004514944015277756.
epoch 99: inverse train average loss 0.0013573907134640547.
epoch 99: inverse test average loss 0.005133632570505142.
forward model: training agent 2.
Epoch 0: forward train average loss 0.005493400825394524.
epoch 0: forward test average loss 0.006436348168386353.
Epoch 99: forward train average loss 0.0037599971207479634.
epoch 99: forward test average loss 0.007977112713787291.
inverse model, training agent 2.
epoch 0: inverse train average loss 0.008069292331735292.
epoch 0: inverse test average loss 0.009279687164558304.
epoch 99: inverse train average loss 0.0068564277866648305.
epoch 99: inverse test average loss 0.01428754006822904.
Policy training episode: 76, grounded actions taken: 348, last two uncertainties: {0: [0.0, 0.0], 1: [0.0, 0.0], 2: [0.0, 0.0]}, avg agent uncertainties: [0.0, 0.0, 0.0], grounded actions by agent: [118, 119, 111]
Policy training episode: 76, iteration 0/1, policy training avg travel time:127.5091575091575, q_loss:2.8267595767974854, rewards:-11.982316080729166, queue:2.691666666666667, delay:0.49930143003110533, throughput:4304
Sim Rollout episode:77/100, sim avg travel time:125.59990844586862, rewards:-9.457083468967014, queue:2.1972222222222224, delay:0.4879195036711516, throughput:4301
Real rollout step:77/100, travel time:146.8570263658603, rewards:-18.928888617621528, queue:5.739814814814815, delay:0.4577581334997107, throughput:3536
forward model: training agent 0.
Epoch 0: forward train average loss 0.0025721865499185193.
epoch 0: forward test average loss 0.006803740850753254.
Epoch 99: forward train average loss 0.0022077463153335783.
epoch 99: forward test average loss 0.004226805849207772.
inverse model, training agent 0.
epoch 0: inverse train average loss 0.001885210784773032.
epoch 0: inverse test average loss 0.0016112702174319162.
epoch 99: inverse train average loss 0.001165910649837719.
epoch 99: inverse test average loss 0.0022722909020053018.
forward model: training agent 1.
Epoch 0: forward train average loss 0.0041201588076849776.
epoch 0: forward test average loss 0.00759622785780165.
Epoch 99: forward train average loss 0.003009531388266219.
epoch 99: forward test average loss 0.005165184951490826.
inverse model, training agent 1.
epoch 0: inverse train average loss 0.0023368150513205263.
epoch 0: inverse test average loss 0.011225111161669096.
epoch 99: inverse train average loss 0.0014594314205977651.
epoch 99: inverse test average loss 0.00612784694466326.
forward model: training agent 2.
Epoch 0: forward train average loss 0.0051534827798604965.
epoch 0: forward test average loss 0.007450542102257411.
Epoch 99: forward train average loss 0.0035611578366822666.
epoch 99: forward test average loss 0.008378743711445067.
inverse model, training agent 2.
epoch 0: inverse train average loss 0.007122722350888782.
epoch 0: inverse test average loss 0.00995111713806788.
epoch 99: inverse train average loss 0.005767018223802249.
epoch 99: inverse test average loss 0.011777521421511969.
Policy training episode: 77, grounded actions taken: 360, last two uncertainties: {0: [0.0, 0.0], 1: [0.0, 0.0], 2: [0.0, 0.0]}, avg agent uncertainties: [0.0, 0.0, 0.0], grounded actions by agent: [112, 115, 133]
Policy training episode: 77, iteration 0/1, policy training avg travel time:128.67811355311355, q_loss:2.8461687564849854, rewards:-13.325230577256944, queue:3.026851851851852, delay:0.5058753119574653, throughput:4299
Sim Rollout episode:78/100, sim avg travel time:125.21935041171089, rewards:-8.75194363064236, queue:1.9814814814814814, delay:0.4691734031394676, throughput:4300
Real rollout step:78/100, travel time:149.73178000541859, rewards:-23.146893988715277, queue:6.714814814814815, delay:0.4561351352267795, throughput:3543
forward model: training agent 0.
Epoch 0: forward train average loss 0.003052684168020884.
epoch 0: forward test average loss 0.006197805826862653.
Epoch 99: forward train average loss 0.0024713081462929645.
epoch 99: forward test average loss 0.005814448412921693.
inverse model, training agent 0.
epoch 0: inverse train average loss 0.004953241234438287.
epoch 0: inverse test average loss 0.017005347543292575.
epoch 99: inverse train average loss 0.001595217553484771.
epoch 99: inverse test average loss 0.00852481358581119.
forward model: training agent 1.
Epoch 0: forward train average loss 0.0040167332626879215.
epoch 0: forward test average loss 0.006928512205680211.
Epoch 99: forward train average loss 0.0030413326910800403.
epoch 99: forward test average loss 0.006053818803694513.
inverse model, training agent 1.
epoch 0: inverse train average loss 0.0032974102327393163.
epoch 0: inverse test average loss 0.003327157244914108.
epoch 99: inverse train average loss 0.002211910426720149.
epoch 99: inverse test average loss 0.004019062966108322.
forward model: training agent 2.
Epoch 0: forward train average loss 0.005743580145968331.
epoch 0: forward test average loss 0.008635493616263071.
Epoch 99: forward train average loss 0.003634789182494084.
epoch 99: forward test average loss 0.00882862756649653.
inverse model, training agent 2.
epoch 0: inverse train average loss 0.006443690094682906.
epoch 0: inverse test average loss 0.013288222667243745.
epoch 99: inverse train average loss 0.004786090563154883.
epoch 99: inverse test average loss 0.013227248357401954.
Policy training episode: 78, grounded actions taken: 337, last two uncertainties: {0: [0.0, 0.0], 1: [0.0, 0.0], 2: [0.0, 0.0]}, avg agent uncertainties: [0.0, 0.0, 0.0], grounded actions by agent: [119, 112, 106]
Policy training episode: 78, iteration 0/1, policy training avg travel time:127.76923076923077, q_loss:2.7380168437957764, rewards:-12.42213134765625, queue:2.8027777777777776, delay:0.5022054036458333, throughput:4300
Sim Rollout episode:79/100, sim avg travel time:125.47791256580453, rewards:-9.115555826822916, queue:2.1, delay:0.4911570231119792, throughput:4303
Real rollout step:79/100, travel time:150.22252227923306, rewards:-25.637079535590278, queue:7.252777777777778, delay:0.4929387410481771, throughput:3549
forward model: training agent 0.
Epoch 0: forward train average loss 0.0029072858289712006.
epoch 0: forward test average loss 0.004759897788365682.
Epoch 99: forward train average loss 0.0025423935148864985.
epoch 99: forward test average loss 0.005782418366935518.
inverse model, training agent 0.
epoch 0: inverse train average loss 0.0035468789800587627.
epoch 0: inverse test average loss 0.00220249157347199.
epoch 99: inverse train average loss 0.00194696637077464.
epoch 99: inverse test average loss 0.0023193643428385258.
forward model: training agent 1.
Epoch 0: forward train average loss 0.004035781499826246.
epoch 0: forward test average loss 0.008441852612627877.
Epoch 99: forward train average loss 0.0029735524828235307.
epoch 99: forward test average loss 0.007358078120483292.
inverse model, training agent 1.
epoch 0: inverse train average loss 0.003934803703385923.
epoch 0: inverse test average loss 0.007137020428975423.
epoch 99: inverse train average loss 0.0022226100942740836.
epoch 99: inverse test average loss 0.0068496353924274445.
forward model: training agent 2.
Epoch 0: forward train average loss 0.004969849665131833.
epoch 0: forward test average loss 0.007602278971009784.
Epoch 99: forward train average loss 0.0037035602662298414.
epoch 99: forward test average loss 0.008573191861311594.
inverse model, training agent 2.
epoch 0: inverse train average loss 0.007051074980861611.
epoch 0: inverse test average loss 0.011062237123648325.
epoch 99: inverse train average loss 0.005694143163661162.
epoch 99: inverse test average loss 0.005862693095372783.
Policy training episode: 79, grounded actions taken: 353, last two uncertainties: {0: [0.0, 0.0], 1: [0.0, 0.0], 2: [0.0, 0.0]}, avg agent uncertainties: [0.0, 0.0, 0.0], grounded actions by agent: [123, 121, 109]
Policy training episode: 79, iteration 0/1, policy training avg travel time:127.67116704805493, q_loss:2.6970150470733643, rewards:-12.394444444444444, queue:2.835185185185185, delay:0.49814091435185187, throughput:4302
Sim Rollout episode:80/100, sim avg travel time:125.61198810340883, rewards:-9.348660617404514, queue:2.1972222222222224, delay:0.48486949779369215, throughput:4304
Real rollout step:80/100, travel time:149.1511879049676, rewards:-22.84513888888889, queue:6.659259259259259, delay:0.47887251112196183, throughput:3555
forward model: training agent 0.
Epoch 0: forward train average loss 0.002787555516180065.
epoch 0: forward test average loss 0.005031891374124421.
Epoch 99: forward train average loss 0.002498316630307171.
epoch 99: forward test average loss 0.004561676126387384.
inverse model, training agent 0.
epoch 0: inverse train average loss 0.002207844641007897.
epoch 0: inverse test average loss 0.0022805194603279233.
epoch 99: inverse train average loss 0.0013737055641185078.
epoch 99: inverse test average loss 0.003155608247551653.
forward model: training agent 1.
Epoch 0: forward train average loss 0.004724018017037047.
epoch 0: forward test average loss 0.007448630614413155.
Epoch 99: forward train average loss 0.003291248447365231.
epoch 99: forward test average loss 0.007115094405081537.
inverse model, training agent 1.
epoch 0: inverse train average loss 0.004093908989388082.
epoch 0: inverse test average loss 0.0018590997335397536.
epoch 99: inverse train average loss 0.002363086057205995.
epoch 99: inverse test average loss 0.007126517283419768.
forward model: training agent 2.
Epoch 0: forward train average loss 0.005008801921374268.
epoch 0: forward test average loss 0.010652951896190643.
Epoch 99: forward train average loss 0.003322009307642778.
epoch 99: forward test average loss 0.01118810847401619.
inverse model, training agent 2.
epoch 0: inverse train average loss 0.00710315474619468.
epoch 0: inverse test average loss 0.013327235149012672.
epoch 99: inverse train average loss 0.005320819043036964.
epoch 99: inverse test average loss 0.009617323676745096.
Policy training episode: 80, grounded actions taken: 347, last two uncertainties: {0: [0.0, 0.0], 1: [0.0, 0.0], 2: [0.0, 0.0]}, avg agent uncertainties: [0.0, 0.0, 0.0], grounded actions by agent: [113, 116, 118]
Policy training episode: 80, iteration 0/1, policy training avg travel time:127.41990846681922, q_loss:2.738056182861328, rewards:-11.884536404079862, queue:2.661111111111111, delay:0.4998125994646991, throughput:4303
Sim Rollout episode:81/100, sim avg travel time:125.80851063829788, rewards:-9.630555555555556, queue:2.272222222222222, delay:0.4871590508355035, throughput:4302
Real rollout step:81/100, travel time:147.41981641468684, rewards:-21.075838216145833, queue:6.237962962962963, delay:0.47623748779296876, throughput:3553
forward model: training agent 0.
Epoch 0: forward train average loss 0.0029260563250217172.
epoch 0: forward test average loss 0.006363307850228416.
Epoch 99: forward train average loss 0.0024648397229611874.
epoch 99: forward test average loss 0.004900048590368695.
inverse model, training agent 0.
epoch 0: inverse train average loss 0.0009767026769825155.
epoch 0: inverse test average loss 0.006138339017828305.
epoch 99: inverse train average loss 0.00046161801179146604.
epoch 99: inverse test average loss 0.00341256997651524.
forward model: training agent 1.
Epoch 0: forward train average loss 0.004285342577430937.
epoch 0: forward test average loss 0.006561596774392658.
Epoch 99: forward train average loss 0.0030731698498129845.
epoch 99: forward test average loss 0.007215094442168872.
inverse model, training agent 1.
epoch 0: inverse train average loss 0.00276218988518748.
epoch 0: inverse test average loss 0.006896073412564065.
epoch 99: inverse train average loss 0.001688564998201198.
epoch 99: inverse test average loss 0.0032771326821400886.
forward model: training agent 2.
Epoch 0: forward train average loss 0.005202300846576691.
epoch 0: forward test average loss 0.009433261636230681.
Epoch 99: forward train average loss 0.0035117939631972048.
epoch 99: forward test average loss 0.010558703707324134.
inverse model, training agent 2.
epoch 0: inverse train average loss 0.006605923072331482.
epoch 0: inverse test average loss 0.008937060005135007.
epoch 99: inverse train average loss 0.005629162821504805.
epoch 99: inverse test average loss 0.008294588161839379.
Policy training episode: 81, grounded actions taken: 374, last two uncertainties: {0: [0.0, 0.0], 1: [0.0, 0.0], 2: [0.0, 0.0]}, avg agent uncertainties: [0.0, 0.0, 0.0], grounded actions by agent: [116, 129, 129]
Policy training episode: 81, iteration 0/1, policy training avg travel time:128.03157894736842, q_loss:2.733104705810547, rewards:-12.562358940972222, queue:2.8342592592592593, delay:0.5046581692165799, throughput:4301
Sim Rollout episode:82/100, sim avg travel time:125.54143772893772, rewards:-9.055136447482639, queue:2.0861111111111112, delay:0.4811821831597222, throughput:4302
Real rollout step:82/100, travel time:148.67796610169492, rewards:-23.424351671006946, queue:6.655555555555556, delay:0.49921225088614, throughput:3566
forward model: training agent 0.
Epoch 0: forward train average loss 0.0029480701519383323.
epoch 0: forward test average loss 0.004696872292293442.
Epoch 99: forward train average loss 0.0026677479553553793.
epoch 99: forward test average loss 0.006490026497178608.
inverse model, training agent 0.
epoch 0: inverse train average loss 0.006485986005928781.
epoch 0: inverse test average loss 0.013243376380867429.
epoch 99: inverse train average loss 0.002716054920003646.
epoch 99: inverse test average loss 0.004382771336370044.
forward model: training agent 1.
Epoch 0: forward train average loss 0.004288648358649678.
epoch 0: forward test average loss 0.007294622560342153.
Epoch 99: forward train average loss 0.003014656197693613.
epoch 99: forward test average loss 0.007727741367287106.
inverse model, training agent 1.
epoch 0: inverse train average loss 0.003307144700859984.
epoch 0: inverse test average loss 0.007448280281904671.
epoch 99: inverse train average loss 0.0020174828047553697.
epoch 99: inverse test average loss 0.00958772169219123.
forward model: training agent 2.
Epoch 0: forward train average loss 0.004868541637228595.
epoch 0: forward test average loss 0.011195199771059884.
Epoch 99: forward train average loss 0.003259196618778838.
epoch 99: forward test average loss 0.00857882656984859.
inverse model, training agent 2.
epoch 0: inverse train average loss 0.00583806483902865.
epoch 0: inverse test average loss 0.01127628568145964.
epoch 99: inverse train average loss 0.004261742397728894.
epoch 99: inverse test average loss 0.007530245722995864.
Policy training episode: 82, grounded actions taken: 354, last two uncertainties: {0: [0.0, 0.0], 1: [0.0, 0.0], 2: [0.0, 0.0]}, avg agent uncertainties: [0.0, 0.0, 0.0], grounded actions by agent: [109, 132, 113]
Policy training episode: 82, iteration 0/1, policy training avg travel time:127.96727688787185, q_loss:2.6261684894561768, rewards:-12.638015407986112, queue:2.9694444444444446, delay:0.5034400657371239, throughput:4299
Sim Rollout episode:83/100, sim avg travel time:125.92492561226825, rewards:-9.272917344835069, queue:2.137962962962963, delay:0.47926149721498845, throughput:4302
Real rollout step:83/100, travel time:146.97121911485203, rewards:-18.259629991319443, queue:5.589814814814815, delay:0.4626859311704282, throughput:3538
forward model: training agent 0.
Epoch 0: forward train average loss 0.002762641240325239.
epoch 0: forward test average loss 0.004840797020329369.
Epoch 99: forward train average loss 0.0024616076197061273.
epoch 99: forward test average loss 0.004705068137910631.
inverse model, training agent 0.
epoch 0: inverse train average loss 0.003987003531720903.
epoch 0: inverse test average loss 0.011387043943007788.
epoch 99: inverse train average loss 0.0023880230469836127.
epoch 99: inverse test average loss 0.0062214175963567365.
forward model: training agent 1.
Epoch 0: forward train average loss 0.004406817360884613.
epoch 0: forward test average loss 0.00787635064787335.
Epoch 99: forward train average loss 0.0033058798354532984.
epoch 99: forward test average loss 0.007178967818617821.
inverse model, training agent 1.
epoch 0: inverse train average loss 0.0037401141598820686.
epoch 0: inverse test average loss 0.003694218997326162.
epoch 99: inverse train average loss 0.0023658983797455826.
epoch 99: inverse test average loss 0.004619374043411679.
forward model: training agent 2.
Epoch 0: forward train average loss 0.0050327218551602625.
epoch 0: forward test average loss 0.009601019736793306.
Epoch 99: forward train average loss 0.0032516629952523443.
epoch 99: forward test average loss 0.0094165268043677.
inverse model, training agent 2.
epoch 0: inverse train average loss 0.008143187914457586.
epoch 0: inverse test average loss 0.015904774682389364.
epoch 99: inverse train average loss 0.005801344083415138.
epoch 99: inverse test average loss 0.014214284304115508.
Policy training episode: 83, grounded actions taken: 338, last two uncertainties: {0: [0.0, 0.0], 1: [0.0, 0.0], 2: [0.0, 0.0]}, avg agent uncertainties: [0.0, 0.0, 0.0], grounded actions by agent: [114, 119, 105]
Policy training episode: 83, iteration 0/1, policy training avg travel time:127.7254632807138, q_loss:2.5914852619171143, rewards:-12.172083875868056, queue:2.7601851851851853, delay:0.5045108371310764, throughput:4303
Sim Rollout episode:84/100, sim avg travel time:125.36415655756466, rewards:-9.10551283094618, queue:2.089814814814815, delay:0.4896957962601273, throughput:4302
Real rollout step:84/100, travel time:147.20167160959826, rewards:-21.465558539496527, queue:6.157407407407407, delay:0.515258393464265, throughput:3560
forward model: training agent 0.
Epoch 0: forward train average loss 0.0026821942689518132.
epoch 0: forward test average loss 0.004903838866286808.
Epoch 99: forward train average loss 0.0022710840890391003.
epoch 99: forward test average loss 0.005287371782792939.
inverse model, training agent 0.
epoch 0: inverse train average loss 0.0027046246298899255.
epoch 0: inverse test average loss 0.007624021420876185.
epoch 99: inverse train average loss 0.0012555009840677183.
epoch 99: inverse test average loss 0.006781256240275171.
forward model: training agent 1.
Epoch 0: forward train average loss 0.004803931081874503.
epoch 0: forward test average loss 0.005882057050863902.
Epoch 99: forward train average loss 0.003212793523238765.
epoch 99: forward test average loss 0.006415938130683369.
inverse model, training agent 1.
epoch 0: inverse train average loss 0.0026538812348412145.
epoch 0: inverse test average loss 0.005196103826165199.
epoch 99: inverse train average loss 0.0015609692523462905.
epoch 99: inverse test average loss 0.006114422861072753.
forward model: training agent 2.
Epoch 0: forward train average loss 0.005442774647639858.
epoch 0: forward test average loss 0.007606734211246173.
Epoch 99: forward train average loss 0.0035371885945399604.
epoch 99: forward test average loss 0.008792442993985282.
inverse model, training agent 2.
epoch 0: inverse train average loss 0.006691004667017195.
epoch 0: inverse test average loss 0.00698515959084034.
epoch 99: inverse train average loss 0.004519658525370889.
epoch 99: inverse test average loss 0.006178785943322712.
Policy training episode: 84, grounded actions taken: 317, last two uncertainties: {0: [0.0, 0.0], 1: [0.0, 0.0], 2: [0.0, 0.0]}, avg agent uncertainties: [0.0, 0.0, 0.0], grounded actions by agent: [106, 98, 113]
Policy training episode: 84, iteration 0/1, policy training avg travel time:127.8573717948718, q_loss:2.716017007827759, rewards:-12.41930202907986, queue:2.789814814814815, delay:0.5051661173502604, throughput:4303
Sim Rollout episode:85/100, sim avg travel time:125.8693064774548, rewards:-9.475276692708333, queue:2.1657407407407407, delay:0.47024284645363135, throughput:4301
Real rollout step:85/100, travel time:146.11032416235358, rewards:-18.48027886284722, queue:5.529629629629629, delay:0.463395267062717, throughput:3521
forward model: training agent 0.
Epoch 0: forward train average loss 0.0025960232338143718.
epoch 0: forward test average loss 0.004265325971775585.
Epoch 99: forward train average loss 0.002325761985654632.
epoch 99: forward test average loss 0.004599445809920629.
inverse model, training agent 0.
epoch 0: inverse train average loss 0.003438578608135382.
epoch 0: inverse test average loss 0.0016423314809799194.
epoch 99: inverse train average loss 0.0014723680085606044.
epoch 99: inverse test average loss 0.0026515075005590916.
forward model: training agent 1.
Epoch 0: forward train average loss 0.004054079246189859.
epoch 0: forward test average loss 0.005662400068508254.
Epoch 99: forward train average loss 0.002981548818449179.
epoch 99: forward test average loss 0.006951895438962513.
inverse model, training agent 1.
epoch 0: inverse train average loss 0.0032127890994565356.
epoch 0: inverse test average loss 0.001664115090130104.
epoch 99: inverse train average loss 0.001912267180159688.
epoch 99: inverse test average loss 0.0024924639922877154.
forward model: training agent 2.
Epoch 0: forward train average loss 0.004861752347399791.
epoch 0: forward test average loss 0.008985207312636904.
Epoch 99: forward train average loss 0.0033902854451702703.
epoch 99: forward test average loss 0.007573447914587127.
inverse model, training agent 2.
epoch 0: inverse train average loss 0.006870246285365688.
epoch 0: inverse test average loss 0.013738699671294954.
epoch 99: inverse train average loss 0.0028345488891419438.
epoch 99: inverse test average loss 0.006923227881391843.
Policy training episode: 85, grounded actions taken: 336, last two uncertainties: {0: [0.0, 0.0], 1: [0.0, 0.0], 2: [0.0, 0.0]}, avg agent uncertainties: [0.0, 0.0, 0.0], grounded actions by agent: [112, 110, 114]
Policy training episode: 85, iteration 0/1, policy training avg travel time:127.5529627087623, q_loss:2.704404592514038, rewards:-12.002825249565973, queue:2.721296296296296, delay:0.5026503386320891, throughput:4301
Sim Rollout episode:86/100, sim avg travel time:125.6771978021978, rewards:-8.98995361328125, queue:2.098148148148148, delay:0.46769386574074073, throughput:4303
Real rollout step:86/100, travel time:147.1728528853969, rewards:-19.848935275607637, queue:5.9222222222222225, delay:0.4637076483832465, throughput:3545
forward model: training agent 0.
Epoch 0: forward train average loss 0.0025400034048491055.
epoch 0: forward test average loss 0.005004494140545527.
Epoch 99: forward train average loss 0.0021708769361592.
epoch 99: forward test average loss 0.004917024117377069.
inverse model, training agent 0.
epoch 0: inverse train average loss 0.0037293664645403624.
epoch 0: inverse test average loss 0.011968128383159637.
epoch 99: inverse train average loss 0.0018746998523258502.
epoch 99: inverse test average loss 0.010311887496047549.
forward model: training agent 1.
Epoch 0: forward train average loss 0.004234141773647732.
epoch 0: forward test average loss 0.007422017968363232.
Epoch 99: forward train average loss 0.0031040309824877316.
epoch 99: forward test average loss 0.008172046807077196.
inverse model, training agent 1.
epoch 0: inverse train average loss 0.004845189396291971.
epoch 0: inverse test average loss 0.002892257800946633.
epoch 99: inverse train average loss 0.002783077329190241.
epoch 99: inverse test average loss 0.004489778644508786.
forward model: training agent 2.
Epoch 0: forward train average loss 0.005562073033716943.
epoch 0: forward test average loss 0.006152580595678753.
Epoch 99: forward train average loss 0.003708783174968428.
epoch 99: forward test average loss 0.007681045060356458.
inverse model, training agent 2.
epoch 0: inverse train average loss 0.014244827545351453.
epoch 0: inverse test average loss 0.019085922174983554.
epoch 99: inverse train average loss 0.00622547459271219.
epoch 99: inverse test average loss 0.008360064898928007.
Policy training episode: 86, grounded actions taken: 346, last two uncertainties: {0: [0.0, 0.0], 1: [0.0, 0.0], 2: [0.0, 0.0]}, avg agent uncertainties: [0.0, 0.0, 0.0], grounded actions by agent: [122, 120, 104]
Policy training episode: 86, iteration 0/1, policy training avg travel time:127.59020146520146, q_loss:2.6203818321228027, rewards:-11.99176025390625, queue:2.7324074074074076, delay:0.5017324376989294, throughput:4305
Sim Rollout episode:87/100, sim avg travel time:125.61638818951705, rewards:-9.299953206380208, queue:2.1194444444444445, delay:0.4833549216941551, throughput:4302
Real rollout step:87/100, travel time:145.98100588550028, rewards:-19.816341145833334, queue:5.747222222222222, delay:0.481051183629919, throughput:3588
forward model: training agent 0.
Epoch 0: forward train average loss 0.0031305386477874387.
epoch 0: forward test average loss 0.006514084214965503.
Epoch 99: forward train average loss 0.0026246623343063723.
epoch 99: forward test average loss 0.005296047569976913.
inverse model, training agent 0.
epoch 0: inverse train average loss 0.0030034546119471392.
epoch 0: inverse test average loss 0.011283804352084795.
epoch 99: inverse train average loss 0.0014650281906748812.
epoch 99: inverse test average loss 0.006229263419906299.
forward model: training agent 1.
Epoch 0: forward train average loss 0.004149676352325413.
epoch 0: forward test average loss 0.007555437998639213.
Epoch 99: forward train average loss 0.003021801718407207.
epoch 99: forward test average loss 0.00943368093834983.
inverse model, training agent 1.
epoch 0: inverse train average loss 0.002145389612350199.
epoch 0: inverse test average loss 0.007372730515069432.
epoch 99: inverse train average loss 0.0010495993386333187.
epoch 99: inverse test average loss 0.007491272977656788.
forward model: training agent 2.
Epoch 0: forward train average loss 0.005225272435281012.
epoch 0: forward test average loss 0.006979913761218389.
Epoch 99: forward train average loss 0.003617907098184029.
epoch 99: forward test average loss 0.007917495237456428.
inverse model, training agent 2.
epoch 0: inverse train average loss 0.007051416465805637.
epoch 0: inverse test average loss 0.013138925035794577.
epoch 99: inverse train average loss 0.004281624065091212.
epoch 99: inverse test average loss 0.01035792256395022.
Policy training episode: 87, grounded actions taken: 337, last two uncertainties: {0: [0.0, 0.0], 1: [0.0, 0.0], 2: [0.0, 0.0]}, avg agent uncertainties: [0.0, 0.0, 0.0], grounded actions by agent: [118, 103, 116]
Policy training episode: 87, iteration 0/1, policy training avg travel time:127.23460746166171, q_loss:2.482694387435913, rewards:-11.645183648003472, queue:2.636111111111111, delay:0.4986114501953125, throughput:4299
Sim Rollout episode:88/100, sim avg travel time:125.45593957427329, rewards:-8.877545844184027, queue:2.0787037037037037, delay:0.4704816182454427, throughput:4304
Real rollout step:88/100, travel time:145.23406563601844, rewards:-18.169166395399305, queue:5.464814814814815, delay:0.45515125415943286, throughput:3538
forward model: training agent 0.
Epoch 0: forward train average loss 0.003046314594232374.
epoch 0: forward test average loss 0.005308149796393182.
Epoch 99: forward train average loss 0.0024507331351439157.
epoch 99: forward test average loss 0.004744944680068228.
inverse model, training agent 0.
epoch 0: inverse train average loss 0.0020317918258822626.
epoch 0: inverse test average loss 0.002476733462471101.
epoch 99: inverse train average loss 0.001472721076829152.
epoch 99: inverse test average loss 0.003462934556106726.
forward model: training agent 1.
Epoch 0: forward train average loss 0.004058984677410788.
epoch 0: forward test average loss 0.00607870870994197.
Epoch 99: forward train average loss 0.0029361353566249213.
epoch 99: forward test average loss 0.005666844339834319.
inverse model, training agent 1.
epoch 0: inverse train average loss 0.003030722417558233.
epoch 0: inverse test average loss 0.011043367700444328.
epoch 99: inverse train average loss 0.001911417956257032.
epoch 99: inverse test average loss 0.006065649394359853.
forward model: training agent 2.
Epoch 0: forward train average loss 0.005432798009779718.
epoch 0: forward test average loss 0.007559885995255576.
Epoch 99: forward train average loss 0.0037277600624495083.
epoch 99: forward test average loss 0.00791431466738383.
inverse model, training agent 2.
epoch 0: inverse train average loss 0.006572469551530149.
epoch 0: inverse test average loss 0.009267732294069396.
epoch 99: inverse train average loss 0.004817344300034974.
epoch 99: inverse test average loss 0.012431108289294772.
Policy training episode: 88, grounded actions taken: 346, last two uncertainties: {0: [0.0, 0.0], 1: [0.0, 0.0], 2: [0.0, 0.0]}, avg agent uncertainties: [0.0, 0.0, 0.0], grounded actions by agent: [120, 118, 108]
Policy training episode: 88, iteration 0/1, policy training avg travel time:127.1141876430206, q_loss:2.591719388961792, rewards:-11.582732476128472, queue:2.5768518518518517, delay:0.5027391221788194, throughput:4298
Sim Rollout episode:89/100, sim avg travel time:125.63309681849394, rewards:-9.120370144314236, queue:2.10462962962963, delay:0.4760854650426794, throughput:4305
Real rollout step:89/100, travel time:146.62149659863945, rewards:-19.673654513888888, queue:5.936111111111111, delay:0.46157616509331595, throughput:3529
forward model: training agent 0.
Epoch 0: forward train average loss 0.0025279587134718895.
epoch 0: forward test average loss 0.00517161563038826.
Epoch 99: forward train average loss 0.002239775585217608.
epoch 99: forward test average loss 0.006835829466581345.
inverse model, training agent 0.
epoch 0: inverse train average loss 0.0009461214972866906.
epoch 0: inverse test average loss 0.0017068072273913357.
epoch 99: inverse train average loss 0.0004546947182259626.
epoch 99: inverse test average loss 0.0025061417577995192.
forward model: training agent 1.
Epoch 0: forward train average loss 0.00435456359345052.
epoch 0: forward test average loss 0.0070145053582059014.
Epoch 99: forward train average loss 0.002921249976174699.
epoch 99: forward test average loss 0.008178610768583085.
inverse model, training agent 1.
epoch 0: inverse train average loss 0.0020035048170636096.
epoch 0: inverse test average loss 0.00625225104805496.
epoch 99: inverse train average loss 0.001152762696923067.
epoch 99: inverse test average loss 0.005350521688039104.
forward model: training agent 2.
Epoch 0: forward train average loss 0.004894196262790097.
epoch 0: forward test average loss 0.010019889722267786.
Epoch 99: forward train average loss 0.0033070266557236514.
epoch 99: forward test average loss 0.009714129070440928.
inverse model, training agent 2.
epoch 0: inverse train average loss 0.005923083879881435.
epoch 0: inverse test average loss 0.0062364623364475034.
epoch 99: inverse train average loss 0.004740672392977608.
epoch 99: inverse test average loss 0.006120687143670188.
Policy training episode: 89, grounded actions taken: 334, last two uncertainties: {0: [0.0, 0.0], 1: [0.0, 0.0], 2: [0.0, 0.0]}, avg agent uncertainties: [0.0, 0.0, 0.0], grounded actions by agent: [119, 114, 101]
Policy training episode: 89, iteration 0/1, policy training avg travel time:128.67528604118993, q_loss:2.603670597076416, rewards:-13.278377278645833, queue:3.0592592592592593, delay:0.5061577690972222, throughput:4302
Sim Rollout episode:90/100, sim avg travel time:125.45308924485126, rewards:-9.039813910590278, queue:2.1, delay:0.475053631817853, throughput:4304
Real rollout step:90/100, travel time:146.78793616445768, rewards:-19.2218505859375, queue:5.787962962962963, delay:0.45432281494140625, throughput:3545
forward model: training agent 0.
Epoch 0: forward train average loss 0.002889780638118585.
epoch 0: forward test average loss 0.005593479093578126.
Epoch 99: forward train average loss 0.002526457861272825.
epoch 99: forward test average loss 0.005405310955312517.
inverse model, training agent 0.
epoch 0: inverse train average loss 0.0028744517152922023.
epoch 0: inverse test average loss 0.0024783258429831928.
epoch 99: inverse train average loss 0.001253757548208038.
epoch 99: inverse test average loss 0.01367416750225756.
forward model: training agent 1.
Epoch 0: forward train average loss 0.004538033364547623.
epoch 0: forward test average loss 0.0064891402920087176.
Epoch 99: forward train average loss 0.0030016013835039404.
epoch 99: forward test average loss 0.006681016542845302.
inverse model, training agent 1.
epoch 0: inverse train average loss 0.002685903235235148.
epoch 0: inverse test average loss 0.0031351582664582464.
epoch 99: inverse train average loss 0.0013593100528750154.
epoch 99: inverse test average loss 0.004171379220982392.
forward model: training agent 2.
Epoch 0: forward train average loss 0.004823129727608628.
epoch 0: forward test average loss 0.0074361515127950245.
Epoch 99: forward train average loss 0.0032991748303174973.
epoch 99: forward test average loss 0.00885134231713083.
inverse model, training agent 2.
epoch 0: inverse train average loss 0.00636533306290706.
epoch 0: inverse test average loss 0.0054237541432182.
epoch 99: inverse train average loss 0.0044106280741592245.
epoch 99: inverse test average loss 0.007793856163819631.
Policy training episode: 90, grounded actions taken: 356, last two uncertainties: {0: [0.0, 0.0], 1: [0.0, 0.0], 2: [0.0, 0.0]}, avg agent uncertainties: [0.0, 0.0, 0.0], grounded actions by agent: [114, 113, 129]
Policy training episode: 90, iteration 0/1, policy training avg travel time:127.69008926527809, q_loss:2.7173354625701904, rewards:-12.385692003038194, queue:2.8027777777777776, delay:0.5061888518156828, throughput:4304
Sim Rollout episode:91/100, sim avg travel time:125.53021978021978, rewards:-8.994073486328125, queue:2.0592592592592593, delay:0.47436579951533564, throughput:4303
Real rollout step:91/100, travel time:149.03848238482385, rewards:-21.037638346354168, queue:6.262962962962963, delay:0.47655023645471645, throughput:3539
forward model: training agent 0.
Epoch 0: forward train average loss 0.002413893351331353.
epoch 0: forward test average loss 0.006464776272575061.
Epoch 99: forward train average loss 0.002096563810482621.
epoch 99: forward test average loss 0.006171240160862605.
inverse model, training agent 0.
epoch 0: inverse train average loss 0.0012559080690455933.
epoch 0: inverse test average loss 0.0041237277910113335.
epoch 99: inverse train average loss 0.0007072690156443665.
epoch 99: inverse test average loss 0.0055149200682838755.
forward model: training agent 1.
Epoch 0: forward train average loss 0.005219297069642279.
epoch 0: forward test average loss 0.00867225643661287.
Epoch 99: forward train average loss 0.003351364543454515.
epoch 99: forward test average loss 0.00885674688551161.
inverse model, training agent 1.
epoch 0: inverse train average loss 0.005444221405519379.
epoch 0: inverse test average loss 0.014922604378726747.
epoch 99: inverse train average loss 0.0027749165116498866.
epoch 99: inverse test average loss 0.013331947434279654.
forward model: training agent 2.
Epoch 0: forward train average loss 0.005275526290966405.
epoch 0: forward test average loss 0.007384841640790303.
Epoch 99: forward train average loss 0.0036539522310098014.
epoch 99: forward test average loss 0.007099851138061947.
inverse model, training agent 2.
epoch 0: inverse train average loss 0.004084468663980563.
epoch 0: inverse test average loss 0.00884481705725193.
epoch 99: inverse train average loss 0.0034783857667611707.
epoch 99: inverse test average loss 0.005644581798050139.
Policy training episode: 91, grounded actions taken: 336, last two uncertainties: {0: [0.0, 0.0], 1: [0.0, 0.0], 2: [0.0, 0.0]}, avg agent uncertainties: [0.0, 0.0, 0.0], grounded actions by agent: [110, 115, 111]
Policy training episode: 91, iteration 0/1, policy training avg travel time:127.60997940032044, q_loss:2.585747718811035, rewards:-11.928286404079861, queue:2.737962962962963, delay:0.49742132116247106, throughput:4304
Sim Rollout episode:92/100, sim avg travel time:125.23117418173496, rewards:-8.535184054904514, queue:1.9694444444444446, delay:0.4653309009693287, throughput:4303
Real rollout step:92/100, travel time:147.08971911644397, rewards:-20.689816623263887, queue:6.139814814814815, delay:0.4659949408637153, throughput:3517
forward model: training agent 0.
Epoch 0: forward train average loss 0.0029792983809279073.
epoch 0: forward test average loss 0.005537501639790005.
Epoch 99: forward train average loss 0.002518016275846296.
epoch 99: forward test average loss 0.0055104802466101116.
inverse model, training agent 0.
epoch 0: inverse train average loss 0.0021117860451340675.
epoch 0: inverse test average loss 0.020207675484319527.
epoch 99: inverse train average loss 0.001372120530706727.
epoch 99: inverse test average loss 0.0046931300312280655.
forward model: training agent 1.
Epoch 0: forward train average loss 0.004258423991915252.
epoch 0: forward test average loss 0.005661139885584514.
Epoch 99: forward train average loss 0.0028291469853785303.
epoch 99: forward test average loss 0.006535600456926558.
inverse model, training agent 1.
epoch 0: inverse train average loss 0.0024935357893506684.
epoch 0: inverse test average loss 0.0014752085682832533.
epoch 99: inverse train average loss 0.0017812781605041688.
epoch 99: inverse test average loss 0.0029627015400263998.
forward model: training agent 2.
Epoch 0: forward train average loss 0.004966772782305877.
epoch 0: forward test average loss 0.00953251247604688.
Epoch 99: forward train average loss 0.003243503057294422.
epoch 99: forward test average loss 0.009539382739199532.
inverse model, training agent 2.
epoch 0: inverse train average loss 0.0065976883181267315.
epoch 0: inverse test average loss 0.012257698095507093.
epoch 99: inverse train average loss 0.004874378287543853.
epoch 99: inverse test average loss 0.005340613424777985.
Policy training episode: 92, grounded actions taken: 355, last two uncertainties: {0: [0.0, 0.0], 1: [0.0, 0.0], 2: [0.0, 0.0]}, avg agent uncertainties: [0.0, 0.0, 0.0], grounded actions by agent: [112, 118, 125]
Policy training episode: 92, iteration 0/1, policy training avg travel time:128.31242847333485, q_loss:2.646207332611084, rewards:-13.083380805121529, queue:2.9694444444444446, delay:0.5130750868055556, throughput:4301
Sim Rollout episode:93/100, sim avg travel time:125.2822156099794, rewards:-8.491852484809028, queue:1.9259259259259258, delay:0.46931191903573494, throughput:4304
Real rollout step:93/100, travel time:147.73694181326115, rewards:-21.065412055121527, queue:6.189814814814815, delay:0.46867234971788196, throughput:3549
forward model: training agent 0.
Epoch 0: forward train average loss 0.0026494234593378175.
epoch 0: forward test average loss 0.005141088945998086.
Epoch 99: forward train average loss 0.0023404978888316285.
epoch 99: forward test average loss 0.0065512073536713915.
inverse model, training agent 0.
epoch 0: inverse train average loss 0.002351555481760038.
epoch 0: inverse test average loss 0.005387696851458814.
epoch 99: inverse train average loss 0.0010826950634105338.
epoch 99: inverse test average loss 0.01196241420176294.
forward model: training agent 1.
Epoch 0: forward train average loss 0.004491400491032336.
epoch 0: forward test average loss 0.00658944518201881.
Epoch 99: forward train average loss 0.003118594125327137.
epoch 99: forward test average loss 0.008885425411992602.
inverse model, training agent 1.
epoch 0: inverse train average loss 0.0020604689877169826.
epoch 0: inverse test average loss 0.007265060933099853.
epoch 99: inverse train average loss 0.0011058820333952706.
epoch 99: inverse test average loss 0.0029643775584797063.
forward model: training agent 2.
Epoch 0: forward train average loss 0.005138122580117649.
epoch 0: forward test average loss 0.009509529504511092.
Epoch 99: forward train average loss 0.0032518282015290526.
epoch 99: forward test average loss 0.008774523105886247.
inverse model, training agent 2.
epoch 0: inverse train average loss 0.004706827613214652.
epoch 0: inverse test average loss 0.008446836223204931.
epoch 99: inverse train average loss 0.00401452121635278.
epoch 99: inverse test average loss 0.0072174401332934695.
Policy training episode: 93, grounded actions taken: 349, last two uncertainties: {0: [0.0, 0.0], 1: [0.0, 0.0], 2: [0.0, 0.0]}, avg agent uncertainties: [0.0, 0.0, 0.0], grounded actions by agent: [127, 111, 111]
Policy training episode: 93, iteration 0/1, policy training avg travel time:128.15682234432234, q_loss:2.627918004989624, rewards:-12.532918294270834, queue:2.8407407407407406, delay:0.5019826818395544, throughput:4302
Sim Rollout episode:94/100, sim avg travel time:126.16064073226545, rewards:-9.553470865885417, queue:2.227777777777778, delay:0.4788140190972222, throughput:4303
Real rollout step:94/100, travel time:149.36864982341754, rewards:-20.959120008680557, queue:6.308333333333334, delay:0.47751911304615163, throughput:3531
forward model: training agent 0.
Epoch 0: forward train average loss 0.0029774211450583404.
epoch 0: forward test average loss 0.006738530885842111.
Epoch 99: forward train average loss 0.0025608731537229484.
epoch 99: forward test average loss 0.007382892279161347.
inverse model, training agent 0.
epoch 0: inverse train average loss 0.006439350028004911.
epoch 0: inverse test average loss 0.004873629866374863.
epoch 99: inverse train average loss 0.0019477047996285062.
epoch 99: inverse test average loss 0.0016939833120785705.
forward model: training agent 1.
Epoch 0: forward train average loss 0.005145638508515226.
epoch 0: forward test average loss 0.007864808042844137.
Epoch 99: forward train average loss 0.003311211864153544.
epoch 99: forward test average loss 0.007517839057577981.
inverse model, training agent 1.
epoch 0: inverse train average loss 0.00362675199802551.
epoch 0: inverse test average loss 0.023791611194610596.
epoch 99: inverse train average loss 0.0022362934347862997.
epoch 99: inverse test average loss 0.006888792280935579.
forward model: training agent 2.
Epoch 0: forward train average loss 0.005435055328740014.
epoch 0: forward test average loss 0.011101645727952322.
Epoch 99: forward train average loss 0.003558385910259353.
epoch 99: forward test average loss 0.010417731271849738.
inverse model, training agent 2.
epoch 0: inverse train average loss 0.0047206081863906645.
epoch 0: inverse test average loss 0.012561150309112337.
epoch 99: inverse train average loss 0.0033184405830171374.
epoch 99: inverse test average loss 0.008294475575288137.
Policy training episode: 94, grounded actions taken: 338, last two uncertainties: {0: [0.0, 0.0], 1: [0.0, 0.0], 2: [0.0, 0.0]}, avg agent uncertainties: [0.0, 0.0, 0.0], grounded actions by agent: [107, 105, 126]
Policy training episode: 94, iteration 0/1, policy training avg travel time:127.58571755550469, q_loss:2.6324942111968994, rewards:-11.937548828125, queue:2.7314814814814814, delay:0.4999701040762442, throughput:4303
Sim Rollout episode:95/100, sim avg travel time:126.0624428179323, rewards:-9.81444363064236, queue:2.2824074074074074, delay:0.4836952492042824, throughput:4303
Real rollout step:95/100, travel time:147.27428571428572, rewards:-19.98439670138889, queue:5.991666666666666, delay:0.4690411603009259, throughput:3530
forward model: training agent 0.
Epoch 0: forward train average loss 0.002706272941496637.
epoch 0: forward test average loss 0.005563591917355855.
Epoch 99: forward train average loss 0.002514391645996107.
epoch 99: forward test average loss 0.004192648041579459.
inverse model, training agent 0.
epoch 0: inverse train average loss 0.0024732391919112867.
epoch 0: inverse test average loss 0.0016718068703388174.
epoch 99: inverse train average loss 0.0007211995996638305.
epoch 99: inverse test average loss 0.0009091763317378031.
forward model: training agent 1.
Epoch 0: forward train average loss 0.003976423500312699.
epoch 0: forward test average loss 0.005765566809309853.
Epoch 99: forward train average loss 0.0029838517722156313.
epoch 99: forward test average loss 0.005885034592615234.
inverse model, training agent 1.
epoch 0: inverse train average loss 0.0025072750738925403.
epoch 0: inverse test average loss 0.003947609608682494.
epoch 99: inverse train average loss 0.0010100864650060732.
epoch 99: inverse test average loss 0.004924972852071126.
forward model: training agent 2.
Epoch 0: forward train average loss 0.0050475818829403985.
epoch 0: forward test average loss 0.007283139146036572.
Epoch 99: forward train average loss 0.003291958063426945.
epoch 99: forward test average loss 0.0068812645557853915.
inverse model, training agent 2.
epoch 0: inverse train average loss 0.005199489649385214.
epoch 0: inverse test average loss 0.005111121882994969.
epoch 99: inverse train average loss 0.0036126447634564508.
epoch 99: inverse test average loss 0.0060126253714164095.
Policy training episode: 95, grounded actions taken: 332, last two uncertainties: {0: [0.0, 0.0], 1: [0.0, 0.0], 2: [0.0, 0.0]}, avg agent uncertainties: [0.0, 0.0, 0.0], grounded actions by agent: [109, 114, 109]
Policy training episode: 95, iteration 0/1, policy training avg travel time:127.21497252747253, q_loss:2.679762125015259, rewards:-11.527594672309029, queue:2.651851851851852, delay:0.5058161982783564, throughput:4300
Sim Rollout episode:96/100, sim avg travel time:125.72213321126115, rewards:-9.194489881727431, queue:2.1240740740740742, delay:0.474645600495515, throughput:4302
Real rollout step:96/100, travel time:148.7328078282142, rewards:-20.712453884548612, queue:6.311111111111111, delay:0.4648284912109375, throughput:3529
forward model: training agent 0.
Epoch 0: forward train average loss 0.0025865057638535895.
epoch 0: forward test average loss 0.005326628684997559.
Epoch 99: forward train average loss 0.0023036010873814425.
epoch 99: forward test average loss 0.005741448865996467.
inverse model, training agent 0.
epoch 0: inverse train average loss 0.0012309700121275252.
epoch 0: inverse test average loss 0.00305480702728447.
epoch 99: inverse train average loss 0.0006246325081317789.
epoch 99: inverse test average loss 0.006033773016598489.
forward model: training agent 1.
Epoch 0: forward train average loss 0.004397261215166913.
epoch 0: forward test average loss 0.0076001543137762285.
Epoch 99: forward train average loss 0.0031723123975098133.
epoch 99: forward test average loss 0.00820507543782393.
inverse model, training agent 1.
epoch 0: inverse train average loss 0.0020253758282504147.
epoch 0: inverse test average loss 0.004363312282496029.
epoch 99: inverse train average loss 0.0009527787333354354.
epoch 99: inverse test average loss 0.0035345665334413448.
forward model: training agent 2.
Epoch 0: forward train average loss 0.005216297279629443.
epoch 0: forward test average loss 0.006950986468129688.
Epoch 99: forward train average loss 0.0033778372324175304.
epoch 99: forward test average loss 0.009295139047834609.
inverse model, training agent 2.
epoch 0: inverse train average loss 0.005824797735032108.
epoch 0: inverse test average loss 0.004490625630650256.
epoch 99: inverse train average loss 0.00470842333096597.
epoch 99: inverse test average loss 0.008724578138854768.
Policy training episode: 96, grounded actions taken: 373, last two uncertainties: {0: [0.0, 0.0], 1: [0.0, 0.0], 2: [0.0, 0.0]}, avg agent uncertainties: [0.0, 0.0, 0.0], grounded actions by agent: [127, 124, 122]
Policy training episode: 96, iteration 0/1, policy training avg travel time:127.57061112382696, q_loss:2.638813018798828, rewards:-12.325927734375, queue:2.7981481481481483, delay:0.5055551599573206, throughput:4300
Sim Rollout episode:97/100, sim avg travel time:125.27878233005265, rewards:-8.43212890625, queue:1.9333333333333333, delay:0.4601421780056424, throughput:4302
Real rollout step:97/100, travel time:148.50218579234974, rewards:-19.957455783420137, queue:6.058333333333334, delay:0.4545568960684317, throughput:3512
forward model: training agent 0.
Epoch 0: forward train average loss 0.002675296635263496.
epoch 0: forward test average loss 0.005024888656205601.
Epoch 99: forward train average loss 0.0022607992868870497.
epoch 99: forward test average loss 0.005176135028402011.
inverse model, training agent 0.
epoch 0: inverse train average loss 0.0038022979602424633.
epoch 0: inverse test average loss 0.006000334189997779.
epoch 99: inverse train average loss 0.0011644356547751361.
epoch 99: inverse test average loss 0.00210136402812269.
forward model: training agent 1.
Epoch 0: forward train average loss 0.004635761129773325.
epoch 0: forward test average loss 0.007437518073452843.
Epoch 99: forward train average loss 0.003081446099612448.
epoch 99: forward test average loss 0.005906791943642829.
inverse model, training agent 1.
epoch 0: inverse train average loss 0.0034135713293734524.
epoch 0: inverse test average loss 0.006758526096948319.
epoch 99: inverse train average loss 0.0021060440016703475.
epoch 99: inverse test average loss 0.005865919769146583.
forward model: training agent 2.
Epoch 0: forward train average loss 0.005606274948351913.
epoch 0: forward test average loss 0.008515470971663794.
Epoch 99: forward train average loss 0.0035138337148560416.
epoch 99: forward test average loss 0.007699290497435464.
inverse model, training agent 2.
epoch 0: inverse train average loss 0.007602970633241866.
epoch 0: inverse test average loss 0.01045575158463584.
epoch 99: inverse train average loss 0.0059950134923888575.
epoch 99: inverse test average loss 0.009734860310951868.
Policy training episode: 97, grounded actions taken: 359, last two uncertainties: {0: [0.0, 0.0], 1: [0.0, 0.0], 2: [0.0, 0.0]}, avg agent uncertainties: [0.0, 0.0, 0.0], grounded actions by agent: [121, 121, 117]
Policy training episode: 97, iteration 0/1, policy training avg travel time:128.24015567765568, q_loss:2.6045658588409424, rewards:-12.831068250868055, queue:2.8694444444444445, delay:0.5002869782624422, throughput:4302
Sim Rollout episode:98/100, sim avg travel time:125.73855311355311, rewards:-9.639537896050347, queue:2.2185185185185183, delay:0.4864395706741898, throughput:4301
Real rollout step:98/100, travel time:153.64166216945495, rewards:-26.478797743055555, queue:7.666666666666667, delay:0.4750727335611979, throughput:3563
forward model: training agent 0.
Epoch 0: forward train average loss 0.0028247382595307296.
epoch 0: forward test average loss 0.005558516623245345.
Epoch 99: forward train average loss 0.0023796015626026523.
epoch 99: forward test average loss 0.004535418624679248.
inverse model, training agent 0.
epoch 0: inverse train average loss 0.0016990235178834861.
epoch 0: inverse test average loss 0.007711044202248256.
epoch 99: inverse train average loss 0.0007814907973321775.
epoch 99: inverse test average loss 0.009370334239469634.
forward model: training agent 1.
Epoch 0: forward train average loss 0.00527207480950488.
epoch 0: forward test average loss 0.008130578945080439.
Epoch 99: forward train average loss 0.0031777112227347163.
epoch 99: forward test average loss 0.0070469605012072455.
inverse model, training agent 1.
epoch 0: inverse train average loss 0.004717215171290768.
epoch 0: inverse test average loss 0.0056113799413045245.
epoch 99: inverse train average loss 0.0010832056674795847.
epoch 99: inverse test average loss 0.0156323601388269.
forward model: training agent 2.
Epoch 0: forward train average loss 0.006993992461098565.
epoch 0: forward test average loss 0.010031005574597253.
Epoch 99: forward train average loss 0.0033027403987944126.
epoch 99: forward test average loss 0.0070463478979137205.
inverse model, training agent 2.
epoch 0: inverse train average loss 0.007282912731170654.
epoch 0: inverse test average loss 0.010579013576110205.
epoch 99: inverse train average loss 0.004292084421548579.
epoch 99: inverse test average loss 0.01715666014287207.
Policy training episode: 98, grounded actions taken: 344, last two uncertainties: {0: [0.0, 0.0], 1: [0.0, 0.0], 2: [0.0, 0.0]}, avg agent uncertainties: [0.0, 0.0, 0.0], grounded actions by agent: [116, 115, 113]
Policy training episode: 98, iteration 0/1, policy training avg travel time:128.25978484779125, q_loss:2.658386707305908, rewards:-12.66740993923611, queue:2.8805555555555555, delay:0.49344493724681715, throughput:4302
Sim Rollout episode:99/100, sim avg travel time:125.67139588100686, rewards:-9.050046793619792, queue:2.049074074074074, delay:0.4713027388961227, throughput:4304
Real rollout step:99/100, travel time:150.53157321720195, rewards:-23.02768825954861, queue:6.817592592592592, delay:0.4543769836425781, throughput:3526
forward model: training agent 0.
Epoch 0: forward train average loss 0.0030620810058381823.
epoch 0: forward test average loss 0.005044590060909589.
Epoch 99: forward train average loss 0.002570588710821337.
epoch 99: forward test average loss 0.005361473187804222.
inverse model, training agent 0.
epoch 0: inverse train average loss 0.0024042195873335004.
epoch 0: inverse test average loss 0.00929630889246861.
epoch 99: inverse train average loss 0.001306261802609596.
epoch 99: inverse test average loss 0.0022894935892610294.
forward model: training agent 1.
Epoch 0: forward train average loss 0.005139194791101747.
epoch 0: forward test average loss 0.00686466611093945.
Epoch 99: forward train average loss 0.0035450466287632785.
epoch 99: forward test average loss 0.006014525890350342.
inverse model, training agent 1.
epoch 0: inverse train average loss 0.004312672212512957.
epoch 0: inverse test average loss 0.00743023119866848.
epoch 99: inverse train average loss 0.0013503761211824086.
epoch 99: inverse test average loss 0.006818323499626583.
forward model: training agent 2.
Epoch 0: forward train average loss 0.005718752120931943.
epoch 0: forward test average loss 0.007608628107441796.
Epoch 99: forward train average loss 0.0035976694586376348.
epoch 99: forward test average loss 0.008588851739962896.
inverse model, training agent 2.
epoch 0: inverse train average loss 0.0064442479569051005.
epoch 0: inverse test average loss 0.010762687772512436.
epoch 99: inverse train average loss 0.004875841240088145.
epoch 99: inverse test average loss 0.009036878744761149.
Policy training episode: 99, grounded actions taken: 361, last two uncertainties: {0: [0.0, 0.0], 1: [0.0, 0.0], 2: [0.0, 0.0]}, avg agent uncertainties: [0.0, 0.0, 0.0], grounded actions by agent: [110, 124, 127]
Policy training episode: 99, iteration 0/1, policy training avg travel time:127.19565217391305, q_loss:2.624843120574951, rewards:-11.546713595920139, queue:2.664814814814815, delay:0.48892110188802085, throughput:4300
Total time taken: 3129.079797267914
