Policy training episode: 0, grounded actions taken: 0, last two uncertainties: {0: [0.0], 1: [0.0], 2: [0.0]}, avg agent uncertainties: [np.float64(0.0), np.float64(0.0), np.float64(0.0)], grounded actions by agent: [0, 0, 0]
REAL_TRAIN step:0, travel time:274.7332010206975, q_loss:100, rewards:-95.62639, queue:35.93704, delay:0.6642966, throughput:3246, violation_rate:0.0000, forceoff_rate:0.1343, violations:0, force_offs:145
REAL_TRAIN_PER_INT step:0 int:0 id:84 violations:0 force_offs:30 decisions:360 violation_rate:0.0000 forceoff_rate:0.0833 queue:7.7500
REAL_TRAIN_PER_INT step:0 int:1 id:87 violations:0 force_offs:58 decisions:360 violation_rate:0.0000 forceoff_rate:0.1611 queue:95.8722
REAL_TRAIN_PER_INT step:0 int:2 id:98 violations:0 force_offs:57 decisions:360 violation_rate:0.0000 forceoff_rate:0.1583 queue:4.1889
forward model: training agent 0.
Epoch 0: forward train average loss 0.4495408932367961.
epoch 0: forward test average loss 0.7370447052849664.
Epoch 99: forward train average loss 0.012265402202804884.
epoch 99: forward test average loss 0.020789785517586604.
inverse model, training agent 0.
epoch 0: inverse train average loss 0.02759506098098225.
epoch 0: inverse test average loss 0.04489752815829383.
epoch 99: inverse train average loss 0.016640632930729125.
epoch 99: inverse test average loss 0.03151697748237186.
forward model: training agent 1.
Epoch 0: forward train average loss 1.9207750426398382.
epoch 0: forward test average loss 3.0752024120754666.
Epoch 99: forward train average loss 0.05245869275596407.
epoch 99: forward test average loss 0.09827655553817749.
inverse model, training agent 1.
epoch 0: inverse train average loss 0.03803728520870209.
epoch 0: inverse test average loss 0.060803502798080444.
epoch 99: inverse train average loss 0.021344378176662657.
epoch 99: inverse test average loss 0.041768938302993774.
forward model: training agent 2.
Epoch 0: forward train average loss 1.4260121716393366.
epoch 0: forward test average loss 2.2189814249674478.
Epoch 99: forward train average loss 0.05952497240569857.
epoch 99: forward test average loss 0.1065193083551195.
inverse model, training agent 2.
epoch 0: inverse train average loss 0.02308886167075899.
epoch 0: inverse test average loss 0.03331665529145135.
epoch 99: inverse train average loss 0.016291983839538362.
epoch 99: inverse test average loss 0.025504859785238903.
GAT episode:0/100 grounded:False sim_loss:0.0000
Policy training episode: 1, grounded actions taken: 0, last two uncertainties: {0: [0.0, 0.0], 1: [0.0, 0.0], 2: [0.0, 0.0]}, avg agent uncertainties: [np.float64(0.0), np.float64(0.0), np.float64(0.0)], grounded actions by agent: [0, 0, 0]
REAL_TRAIN step:1, travel time:274.7332010206975, q_loss:100, rewards:-95.62639, queue:35.93704, delay:0.6642966, throughput:3246, violation_rate:0.0000, forceoff_rate:0.1343, violations:0, force_offs:145
REAL_TRAIN_PER_INT step:1 int:0 id:84 violations:0 force_offs:30 decisions:360 violation_rate:0.0000 forceoff_rate:0.0833 queue:7.7500
REAL_TRAIN_PER_INT step:1 int:1 id:87 violations:0 force_offs:58 decisions:360 violation_rate:0.0000 forceoff_rate:0.1611 queue:95.8722
REAL_TRAIN_PER_INT step:1 int:2 id:98 violations:0 force_offs:57 decisions:360 violation_rate:0.0000 forceoff_rate:0.1583 queue:4.1889
forward model: training agent 0.
Epoch 0: forward train average loss 0.012135409439603487.
epoch 0: forward test average loss 0.017308172666364245.
Epoch 99: forward train average loss 0.009960751566621993.
epoch 99: forward test average loss 0.021350776155789692.
inverse model, training agent 0.
epoch 0: inverse train average loss 0.01759979397886329.
epoch 0: inverse test average loss 0.030022086368666753.
epoch 99: inverse train average loss 0.013656847592857149.
epoch 99: inverse test average loss 0.01949583739042282.
forward model: training agent 1.
Epoch 0: forward train average loss 0.05187490665250354.
epoch 0: forward test average loss 0.08049388064278497.
Epoch 99: forward train average loss 0.026355262017912336.
epoch 99: forward test average loss 0.056709188554022044.
inverse model, training agent 1.
epoch 0: inverse train average loss 0.0211552863733636.
epoch 0: inverse test average loss 0.03277432256274753.
epoch 99: inverse train average loss 0.017456473782658577.
epoch 99: inverse test average loss 0.02830099728372362.
forward model: training agent 2.
Epoch 0: forward train average loss 0.058909805284606084.
epoch 0: forward test average loss 0.11321980092260572.
Epoch 99: forward train average loss 0.040553261836369835.
epoch 99: forward test average loss 0.08083606428570217.
inverse model, training agent 2.
epoch 0: inverse train average loss 0.01644992559320397.
epoch 0: inverse test average loss 0.025136908723248377.
epoch 99: inverse train average loss 0.015432822414570384.
epoch 99: inverse test average loss 0.025207494695981342.
GAT episode:1/100 grounded:False sim_loss:0.0000
Policy training episode: 2, grounded actions taken: 0, last two uncertainties: {0: [0.0, 0.0], 1: [0.0, 0.0], 2: [0.0, 0.0]}, avg agent uncertainties: [np.float64(0.0), np.float64(0.0), np.float64(0.0)], grounded actions by agent: [0, 0, 0]
REAL_TRAIN step:2, travel time:220.7735260770975, q_loss:100, rewards:-93.14445, queue:27.078703, delay:0.5934629, throughput:3312, violation_rate:0.0000, forceoff_rate:0.1370, violations:0, force_offs:148
REAL_TRAIN_PER_INT step:2 int:0 id:84 violations:0 force_offs:31 decisions:360 violation_rate:0.0000 forceoff_rate:0.0861 queue:6.1750
REAL_TRAIN_PER_INT step:2 int:1 id:87 violations:0 force_offs:58 decisions:360 violation_rate:0.0000 forceoff_rate:0.1611 queue:69.8611
REAL_TRAIN_PER_INT step:2 int:2 id:98 violations:0 force_offs:59 decisions:360 violation_rate:0.0000 forceoff_rate:0.1639 queue:5.2000
forward model: training agent 0.
Epoch 0: forward train average loss 0.010250649518436857.
epoch 0: forward test average loss 0.014426613433493508.
Epoch 99: forward train average loss 0.007233235985040665.
epoch 99: forward test average loss 0.010680447022120157.
inverse model, training agent 0.
epoch 0: inverse train average loss 0.015585104210509194.
epoch 0: inverse test average loss 0.026905173228846654.
epoch 99: inverse train average loss 0.014042368158698082.
epoch 99: inverse test average loss 0.021302395396762423.
forward model: training agent 1.
Epoch 0: forward train average loss 0.16379597120814854.
epoch 0: forward test average loss 0.25209538141886395.
Epoch 99: forward train average loss 0.011769691896107461.
epoch 99: forward test average loss 0.021374666856394872.
inverse model, training agent 1.
epoch 0: inverse train average loss 0.07767389714717865.
epoch 0: inverse test average loss 0.11875834067662557.
epoch 99: inverse train average loss 0.01708581091629134.
epoch 99: inverse test average loss 0.04497598773903317.
forward model: training agent 2.
Epoch 0: forward train average loss 0.14893853333261278.
epoch 0: forward test average loss 0.22634736696879068.
Epoch 99: forward train average loss 0.01841025882297092.
epoch 99: forward test average loss 0.0387444943189621.
inverse model, training agent 2.
epoch 0: inverse train average loss 0.015622257772419188.
epoch 0: inverse test average loss 0.029968038201332092.
epoch 99: inverse train average loss 0.009813718290792571.
epoch 99: inverse test average loss 0.012823688073290719.
GAT episode:2/100 grounded:False sim_loss:34.1512
Policy training episode: 3, grounded actions taken: 0, last two uncertainties: {0: [0.0, 0.0], 1: [0.0, 0.0], 2: [0.0, 0.0]}, avg agent uncertainties: [np.float64(0.0), np.float64(0.0), np.float64(0.0)], grounded actions by agent: [0, 0, 0]
REAL_TRAIN step:3, travel time:328.43662374821173, q_loss:100, rewards:-99.381065, queue:45.30463, delay:0.67621505, throughput:3139, violation_rate:0.0000, forceoff_rate:0.1278, violations:0, force_offs:138
REAL_TRAIN_PER_INT step:3 int:0 id:84 violations:0 force_offs:25 decisions:360 violation_rate:0.0000 forceoff_rate:0.0694 queue:11.5833
REAL_TRAIN_PER_INT step:3 int:1 id:87 violations:0 force_offs:54 decisions:360 violation_rate:0.0000 forceoff_rate:0.1500 queue:115.9472
REAL_TRAIN_PER_INT step:3 int:2 id:98 violations:0 force_offs:59 decisions:360 violation_rate:0.0000 forceoff_rate:0.1639 queue:8.3833
forward model: training agent 0.
Epoch 0: forward train average loss 0.02202695980668068.
epoch 0: forward test average loss 0.026827822128931682.
Epoch 99: forward train average loss 0.006970331176287598.
epoch 99: forward test average loss 0.011481517718897926.
inverse model, training agent 0.
epoch 0: inverse train average loss 0.014077675011422899.
epoch 0: inverse test average loss 0.02286755707528856.
epoch 99: inverse train average loss 0.01262007612321112.
epoch 99: inverse test average loss 0.01549189661939939.
forward model: training agent 1.
Epoch 0: forward train average loss 0.6072520679897733.
epoch 0: forward test average loss 0.8222837713029649.
Epoch 99: forward train average loss 0.01435241661965847.
epoch 99: forward test average loss 0.02943108727534612.
inverse model, training agent 1.
epoch 0: inverse train average loss 0.02561161294579506.
epoch 0: inverse test average loss 0.036313520537482366.
epoch 99: inverse train average loss 0.013573688351445727.
epoch 99: inverse test average loss 0.021278486483626895.
forward model: training agent 2.
Epoch 0: forward train average loss 0.7309861183166504.
epoch 0: forward test average loss 1.024652851952447.
Epoch 99: forward train average loss 0.05017047872145971.
epoch 99: forward test average loss 0.09644269943237305.
inverse model, training agent 2.
epoch 0: inverse train average loss 0.01907384830216567.
epoch 0: inverse test average loss 0.033341424332724676.
epoch 99: inverse train average loss 0.01369654449323813.
epoch 99: inverse test average loss 0.022215028603871662.
GAT episode:3/100 grounded:False sim_loss:32.1321
Policy training episode: 4, grounded actions taken: 0, last two uncertainties: {0: [0.0, 0.0], 1: [0.0, 0.0], 2: [0.0, 0.0]}, avg agent uncertainties: [np.float64(0.0), np.float64(0.0), np.float64(0.0)], grounded actions by agent: [0, 0, 0]
REAL_TRAIN step:4, travel time:421.71365272777626, q_loss:100, rewards:-87.31664, queue:60.488888, delay:0.60147595, throughput:3150, violation_rate:0.0000, forceoff_rate:0.1463, violations:0, force_offs:158
REAL_TRAIN_PER_INT step:4 int:0 id:84 violations:0 force_offs:33 decisions:360 violation_rate:0.0000 forceoff_rate:0.0917 queue:6.2972
REAL_TRAIN_PER_INT step:4 int:1 id:87 violations:0 force_offs:66 decisions:360 violation_rate:0.0000 forceoff_rate:0.1833 queue:166.6889
REAL_TRAIN_PER_INT step:4 int:2 id:98 violations:0 force_offs:59 decisions:360 violation_rate:0.0000 forceoff_rate:0.1639 queue:8.4806
forward model: training agent 0.
Epoch 0: forward train average loss 0.008302525617182255.
epoch 0: forward test average loss 0.013659140715996424.
Epoch 99: forward train average loss 0.004521318556119998.
epoch 99: forward test average loss 0.009124209069543414.
inverse model, training agent 0.
epoch 0: inverse train average loss 0.01165364496409893.
epoch 0: inverse test average loss 0.020751979615953233.
epoch 99: inverse train average loss 0.010637078434228897.
epoch 99: inverse test average loss 0.015346465425358878.
forward model: training agent 1.
Epoch 0: forward train average loss 0.7745511796739366.
epoch 0: forward test average loss 0.9833959208594428.
Epoch 99: forward train average loss 0.021609264529413648.
epoch 99: forward test average loss 0.03657527102364434.
inverse model, training agent 1.
epoch 0: inverse train average loss 0.015728205649389163.
epoch 0: inverse test average loss 0.027150337894757588.
epoch 99: inverse train average loss 0.013785879231161542.
epoch 99: inverse test average loss 0.026686046686437394.
forward model: training agent 2.
Epoch 0: forward train average loss 0.5492362380027771.
epoch 0: forward test average loss 0.7546532418992784.
Epoch 99: forward train average loss 0.05737722416718801.
epoch 99: forward test average loss 0.10379698541429308.
inverse model, training agent 2.
epoch 0: inverse train average loss 0.013374430851803886.
epoch 0: inverse test average loss 0.016323615279462602.
epoch 99: inverse train average loss 0.012392375204298232.
epoch 99: inverse test average loss 0.01407719279328982.
GAT episode:4/100 grounded:False sim_loss:30.8227
Policy training episode: 5, grounded actions taken: 0, last two uncertainties: {0: [0.0, 0.5612667658262782], 1: [0.0, 0.7446519919567638], 2: [0.0, 1.636489737364981]}, avg agent uncertainties: [np.float64(0.2806333829131391), np.float64(0.3723259959783819), np.float64(0.8182448686824905)], grounded actions by agent: [0, 0, 0]
REAL_TRAIN step:5, travel time:635.4715878916622, q_loss:100, rewards:-137.19785, queue:115.075, delay:0.6843792, throughput:2698, violation_rate:0.0000, forceoff_rate:0.1611, violations:0, force_offs:174
REAL_TRAIN_PER_INT step:5 int:0 id:84 violations:0 force_offs:46 decisions:360 violation_rate:0.0000 forceoff_rate:0.1278 queue:72.3500
REAL_TRAIN_PER_INT step:5 int:1 id:87 violations:0 force_offs:69 decisions:360 violation_rate:0.0000 forceoff_rate:0.1917 queue:210.6889
REAL_TRAIN_PER_INT step:5 int:2 id:98 violations:0 force_offs:59 decisions:360 violation_rate:0.0000 forceoff_rate:0.1639 queue:62.1861
forward model: training agent 0.
Epoch 0: forward train average loss 2.8391320440504284.
epoch 0: forward test average loss 4.692636066012913.
Epoch 99: forward train average loss 0.051663055188126035.
epoch 99: forward test average loss 0.09045798579851787.
inverse model, training agent 0.
epoch 0: inverse train average loss 0.013482868671417236.
epoch 0: inverse test average loss 0.02158915913767285.
epoch 99: inverse train average loss 0.01259723057349523.
epoch 99: inverse test average loss 0.01577854073709912.
forward model: training agent 1.
Epoch 0: forward train average loss 0.315816988547643.
epoch 0: forward test average loss 0.33111513985527885.
Epoch 99: forward train average loss 0.01271844572491116.
epoch 99: forward test average loss 0.016555026173591614.
inverse model, training agent 1.
epoch 0: inverse train average loss 0.021644904381699033.
epoch 0: inverse test average loss 0.027093265619542863.
epoch 99: inverse train average loss 0.01956711295578215.
epoch 99: inverse test average loss 0.021981498433483973.
forward model: training agent 2.
Epoch 0: forward train average loss 1.9392240577273898.
epoch 0: forward test average loss 2.602355851067437.
Epoch 99: forward train average loss 0.09751245545016395.
epoch 99: forward test average loss 0.12485866414176093.
inverse model, training agent 2.
epoch 0: inverse train average loss 0.01661169363392724.
epoch 0: inverse test average loss 0.017699443631702.
epoch 99: inverse train average loss 0.014249664834804006.
epoch 99: inverse test average loss 0.020776405930519104.
GAT episode:5/100 grounded:True sim_loss:28.4572
Policy training episode: 6, grounded actions taken: 0, last two uncertainties: {0: [0.5612667658262782, 0.5216897990968492], 1: [0.7446519919567638, 0.8128174775176578], 2: [1.636489737364981, 1.598715943760342]}, avg agent uncertainties: [np.float64(0.5414782824615637), np.float64(0.7787347347372108), np.float64(1.6176028405626615)], grounded actions by agent: [0, 0, 0]
REAL_TRAIN step:6, travel time:632.7349693251534, q_loss:100, rewards:-117.489746, queue:97.50092, delay:0.6580941, throughput:2261, violation_rate:0.0000, forceoff_rate:0.1593, violations:0, force_offs:172
REAL_TRAIN_PER_INT step:6 int:0 id:84 violations:0 force_offs:44 decisions:360 violation_rate:0.0000 forceoff_rate:0.1222 queue:44.8278
REAL_TRAIN_PER_INT step:6 int:1 id:87 violations:0 force_offs:69 decisions:360 violation_rate:0.0000 forceoff_rate:0.1917 queue:197.1861
REAL_TRAIN_PER_INT step:6 int:2 id:98 violations:0 force_offs:59 decisions:360 violation_rate:0.0000 forceoff_rate:0.1639 queue:50.4889
forward model: training agent 0.
Epoch 0: forward train average loss 0.05421010570393668.
epoch 0: forward test average loss 0.07179923521147834.
Epoch 99: forward train average loss 0.006961537525057793.
epoch 99: forward test average loss 0.010696931431690851.
inverse model, training agent 0.
epoch 0: inverse train average loss 0.009877798250979848.
epoch 0: inverse test average loss 0.022996901637978025.
epoch 99: inverse train average loss 0.008743401513331465.
epoch 99: inverse test average loss 0.017111524525615904.
forward model: training agent 1.
Epoch 0: forward train average loss 0.045617332888974085.
epoch 0: forward test average loss 0.06015660365422567.
Epoch 99: forward train average loss 0.005807586221231354.
epoch 99: forward test average loss 0.011814497825172212.
inverse model, training agent 1.
epoch 0: inverse train average loss 0.016805323047770396.
epoch 0: inverse test average loss 0.025349011851681605.
epoch 99: inverse train average loss 0.014604571585853895.
epoch 99: inverse test average loss 0.022000480857160356.
forward model: training agent 2.
Epoch 0: forward train average loss 0.12224586639139387.
epoch 0: forward test average loss 0.17220445473988852.
Epoch 99: forward train average loss 0.01680010764135255.
epoch 99: forward test average loss 0.023611864282025233.
inverse model, training agent 2.
epoch 0: inverse train average loss 0.01406814633972115.
epoch 0: inverse test average loss 0.019104839199119143.
epoch 99: inverse train average loss 0.009986140558289157.
epoch 99: inverse test average loss 0.015208037363158332.
GAT episode:6/100 grounded:True sim_loss:26.5039
Policy training episode: 7, grounded actions taken: 1026, last two uncertainties: {0: [0.5216897990968492, 0.4048250190085835], 1: [0.8128174775176578, 0.606090883910656], 2: [1.598715943760342, 1.0802057476507292]}, avg agent uncertainties: [np.float64(0.46325740905271634), np.float64(0.7094541807141569), np.float64(1.3394608457055357)], grounded actions by agent: [349, 340, 337]
REAL_TRAIN step:7, travel time:625.29203539823, q_loss:100, rewards:-324.3228, queue:139.19444, delay:0.72218424, throughput:2412, violation_rate:0.0000, forceoff_rate:0.1787, violations:0, force_offs:193
REAL_TRAIN_PER_INT step:7 int:0 id:84 violations:0 force_offs:69 decisions:360 violation_rate:0.0000 forceoff_rate:0.1917 queue:271.0333
REAL_TRAIN_PER_INT step:7 int:1 id:87 violations:0 force_offs:65 decisions:360 violation_rate:0.0000 forceoff_rate:0.1806 queue:130.4000
REAL_TRAIN_PER_INT step:7 int:2 id:98 violations:0 force_offs:59 decisions:360 violation_rate:0.0000 forceoff_rate:0.1639 queue:16.1500
forward model: training agent 0.
Epoch 0: forward train average loss 2.027333550983005.
epoch 0: forward test average loss 1.4818472862243652.
Epoch 99: forward train average loss 0.010292339656088088.
epoch 99: forward test average loss 0.01698831882741716.
inverse model, training agent 0.
epoch 0: inverse train average loss 0.048787593841552734.
epoch 0: inverse test average loss 0.08176574442121717.
epoch 99: inverse train average loss 0.016501291551523738.
epoch 99: inverse test average loss 0.026632396711243525.
forward model: training agent 1.
Epoch 0: forward train average loss 0.02517800612582101.
epoch 0: forward test average loss 0.03432687454753452.
Epoch 99: forward train average loss 0.006498120725154877.
epoch 99: forward test average loss 0.010916291425625483.
inverse model, training agent 1.
epoch 0: inverse train average loss 0.01731931252612008.
epoch 0: inverse test average loss 0.025519209603468578.
epoch 99: inverse train average loss 0.013584895059466362.
epoch 99: inverse test average loss 0.020569996701346502.
forward model: training agent 2.
Epoch 0: forward train average loss 0.035774736354748406.
epoch 0: forward test average loss 0.050488453772332936.
Epoch 99: forward train average loss 0.014442490206824409.
epoch 99: forward test average loss 0.022887099120352004.
inverse model, training agent 2.
epoch 0: inverse train average loss 0.009688757463461824.
epoch 0: inverse test average loss 0.02313664307196935.
epoch 99: inverse train average loss 0.008865609247651365.
epoch 99: inverse test average loss 0.01868065032694075.
GAT episode:7/100 grounded:True sim_loss:30.7229
Policy training episode: 8, grounded actions taken: 20, last two uncertainties: {0: [0.4048250190085835, 0.5745051806999577], 1: [0.606090883910656, 0.7882716339495447], 2: [1.0802057476507292, 1.5015533145931033]}, avg agent uncertainties: [np.float64(0.4896650998542706), np.float64(0.6971812589301003), np.float64(1.2908795311219161)], grounded actions by agent: [0, 20, 0]
REAL_TRAIN step:8, travel time:186.23185628742516, q_loss:100, rewards:-48.72528, queue:15.516666, delay:0.57211053, throughput:3697, violation_rate:0.0000, forceoff_rate:0.1213, violations:0, force_offs:131
REAL_TRAIN_PER_INT step:8 int:0 id:84 violations:0 force_offs:34 decisions:360 violation_rate:0.0000 forceoff_rate:0.0944 queue:4.2278
REAL_TRAIN_PER_INT step:8 int:1 id:87 violations:0 force_offs:55 decisions:360 violation_rate:0.0000 forceoff_rate:0.1528 queue:37.8861
REAL_TRAIN_PER_INT step:8 int:2 id:98 violations:0 force_offs:42 decisions:360 violation_rate:0.0000 forceoff_rate:0.1167 queue:4.4361
forward model: training agent 0.
Epoch 0: forward train average loss 0.009020708294378387.
epoch 0: forward test average loss 0.012919327451123131.
Epoch 99: forward train average loss 0.0059955088007781245.
epoch 99: forward test average loss 0.009730835341744952.
inverse model, training agent 0.
epoch 0: inverse train average loss 0.01536914747622278.
epoch 0: inverse test average loss 0.023555988238917455.
epoch 99: inverse train average loss 0.014029761362406943.
epoch 99: inverse test average loss 0.019847578472561307.
forward model: training agent 1.
Epoch 0: forward train average loss 0.013458843239479594.
epoch 0: forward test average loss 0.02234089043405321.
Epoch 99: forward train average loss 0.007432674885623985.
epoch 99: forward test average loss 0.010943826701905992.
inverse model, training agent 1.
epoch 0: inverse train average loss 0.00980694591999054.
epoch 0: inverse test average loss 0.014182959993680319.
epoch 99: inverse train average loss 0.007530582965248161.
epoch 99: inverse test average loss 0.014243702093760172.
forward model: training agent 2.
Epoch 0: forward train average loss 0.023351899865600798.
epoch 0: forward test average loss 0.03177053729693095.
Epoch 99: forward train average loss 0.01679667520026366.
epoch 99: forward test average loss 0.02605306026008394.
inverse model, training agent 2.
epoch 0: inverse train average loss 0.01946898673971494.
epoch 0: inverse test average loss 0.03383640944957733.
epoch 99: inverse train average loss 0.012222346125377549.
epoch 99: inverse test average loss 0.02086916731463538.
GAT episode:8/100 grounded:True sim_loss:42.4866
Policy training episode: 9, grounded actions taken: 570, last two uncertainties: {0: [0.5745051806999577, 0.2512680670867364], 1: [0.7882716339495447, 0.6915425890021853], 2: [1.5015533145931033, 1.4691906475358538]}, avg agent uncertainties: [np.float64(0.41288662389334707), np.float64(0.7399071114758651), np.float64(1.4853719810644785)], grounded actions by agent: [303, 267, 0]
REAL_TRAIN step:9, travel time:703.7785577536695, q_loss:100, rewards:-118.29114, queue:103.68426, delay:0.67121136, throughput:2125, violation_rate:0.0000, forceoff_rate:0.1537, violations:0, force_offs:166
REAL_TRAIN_PER_INT step:9 int:0 id:84 violations:0 force_offs:41 decisions:360 violation_rate:0.0000 forceoff_rate:0.1139 queue:41.0750
REAL_TRAIN_PER_INT step:9 int:1 id:87 violations:0 force_offs:68 decisions:360 violation_rate:0.0000 forceoff_rate:0.1889 queue:217.9500
REAL_TRAIN_PER_INT step:9 int:2 id:98 violations:0 force_offs:57 decisions:360 violation_rate:0.0000 forceoff_rate:0.1583 queue:52.0278
forward model: training agent 0.
Epoch 0: forward train average loss 0.138153569565879.
epoch 0: forward test average loss 0.11504704753557841.
Epoch 99: forward train average loss 0.008938588201999664.
epoch 99: forward test average loss 0.01515051308605406.
inverse model, training agent 0.
epoch 0: inverse train average loss 0.010595003349913491.
epoch 0: inverse test average loss 0.020098315344916448.
epoch 99: inverse train average loss 0.006750231815709008.
epoch 99: inverse test average loss 0.01171547919511795.
forward model: training agent 1.
Epoch 0: forward train average loss 0.11260121232933468.
epoch 0: forward test average loss 0.0965512924724155.
Epoch 99: forward train average loss 0.0045542905831502545.
epoch 99: forward test average loss 0.007916406210925844.
inverse model, training agent 1.
epoch 0: inverse train average loss 0.009692226950493123.
epoch 0: inverse test average loss 0.007049549164043533.
epoch 99: inverse train average loss 0.0075882309012942845.
epoch 99: inverse test average loss 0.014594052814775042.
forward model: training agent 2.
Epoch 0: forward train average loss 0.21121671795845032.
epoch 0: forward test average loss 0.3213885227839152.
Epoch 99: forward train average loss 0.01749426768057876.
epoch 99: forward test average loss 0.026430785655975342.
inverse model, training agent 2.
epoch 0: inverse train average loss 0.01364867016673088.
epoch 0: inverse test average loss 0.01828796250952615.
epoch 99: inverse train average loss 0.012995656993654039.
epoch 99: inverse test average loss 0.01670808924569024.
GAT episode:9/100 grounded:True sim_loss:46.4683
Policy training episode: 10, grounded actions taken: 435, last two uncertainties: {0: [0.2512680670867364, 0.5270046975049708], 1: [0.6915425890021853, 0.694651241766082], 2: [1.4691906475358538, 1.521716625160641]}, avg agent uncertainties: [np.float64(0.38913638229585357), np.float64(0.6930969153841336), np.float64(1.4954536363482474)], grounded actions by agent: [0, 351, 84]
REAL_TRAIN step:10, travel time:173.4100437687169, q_loss:100, rewards:-39.500267, queue:12.087037, delay:0.6161686, throughput:4066, violation_rate:0.0000, forceoff_rate:0.1407, violations:0, force_offs:152
REAL_TRAIN_PER_INT step:10 int:0 id:84 violations:0 force_offs:43 decisions:360 violation_rate:0.0000 forceoff_rate:0.1194 queue:24.8861
REAL_TRAIN_PER_INT step:10 int:1 id:87 violations:0 force_offs:52 decisions:360 violation_rate:0.0000 forceoff_rate:0.1444 queue:7.7694
REAL_TRAIN_PER_INT step:10 int:2 id:98 violations:0 force_offs:57 decisions:360 violation_rate:0.0000 forceoff_rate:0.1583 queue:3.6056
forward model: training agent 0.
Epoch 0: forward train average loss 0.06157681677076551.
epoch 0: forward test average loss 0.07360075910886128.
Epoch 99: forward train average loss 0.010916493522624174.
epoch 99: forward test average loss 0.016882593433062237.
inverse model, training agent 0.
epoch 0: inverse train average loss 0.006743748465345966.
epoch 0: inverse test average loss 0.014874473214149475.
epoch 99: inverse train average loss 0.0054566217586398125.
epoch 99: inverse test average loss 0.00994311273097992.
forward model: training agent 1.
Epoch 0: forward train average loss 0.011251695454120636.
epoch 0: forward test average loss 0.01866029616859224.
Epoch 99: forward train average loss 0.007824710052874353.
epoch 99: forward test average loss 0.012219057728846868.
inverse model, training agent 1.
epoch 0: inverse train average loss 0.006975922837025589.
epoch 0: inverse test average loss 0.009874333110120561.
epoch 99: inverse train average loss 0.005157133978274133.
epoch 99: inverse test average loss 0.008656383388572268.
forward model: training agent 2.
Epoch 0: forward train average loss 0.1519775374068154.
epoch 0: forward test average loss 0.27633971638149685.
Epoch 99: forward train average loss 0.026788208219740126.
epoch 99: forward test average loss 0.03908585508664449.
inverse model, training agent 2.
epoch 0: inverse train average loss 0.017688428776131734.
epoch 0: inverse test average loss 0.02755857093466653.
epoch 99: inverse train average loss 0.010688136021296183.
epoch 99: inverse test average loss 0.015337483750449287.
GAT episode:10/100 grounded:True sim_loss:48.1782
Policy training episode: 11, grounded actions taken: 601, last two uncertainties: {0: [0.5270046975049708, 0.5088019276658694], 1: [0.694651241766082, 0.5134626616206434], 2: [1.521716625160641, 1.2769229759772618]}, avg agent uncertainties: [np.float64(0.5179033125854201), np.float64(0.6040569516933627), np.float64(1.3993198005689513)], grounded actions by agent: [0, 351, 250]
REAL_TRAIN step:11, travel time:718.1551563951688, q_loss:100, rewards:-98.69555, queue:104.59259, delay:0.6898371, throughput:2369, violation_rate:0.0000, forceoff_rate:0.1537, violations:0, force_offs:166
REAL_TRAIN_PER_INT step:11 int:0 id:84 violations:0 force_offs:41 decisions:360 violation_rate:0.0000 forceoff_rate:0.1139 queue:38.9417
REAL_TRAIN_PER_INT step:11 int:1 id:87 violations:0 force_offs:66 decisions:360 violation_rate:0.0000 forceoff_rate:0.1833 queue:219.8500
REAL_TRAIN_PER_INT step:11 int:2 id:98 violations:0 force_offs:59 decisions:360 violation_rate:0.0000 forceoff_rate:0.1639 queue:54.9861
forward model: training agent 0.
Epoch 0: forward train average loss 0.13993747697936165.
epoch 0: forward test average loss 0.10095268487930298.
Epoch 99: forward train average loss 0.010051986823479334.
epoch 99: forward test average loss 0.018234376278188493.
inverse model, training agent 0.
epoch 0: inverse train average loss 0.013037515183289846.
epoch 0: inverse test average loss 0.020272812495628994.
epoch 99: inverse train average loss 0.0069672105213006335.
epoch 99: inverse test average loss 0.016424140996403165.
forward model: training agent 1.
Epoch 0: forward train average loss 0.03653076870573892.
epoch 0: forward test average loss 0.047608549396197.
Epoch 99: forward train average loss 0.005253806141101652.
epoch 99: forward test average loss 0.011277623888519075.
inverse model, training agent 1.
epoch 0: inverse train average loss 0.1318040175570382.
epoch 0: inverse test average loss 0.12820115023189121.
epoch 99: inverse train average loss 0.019290348928835657.
epoch 99: inverse test average loss 0.03959716690911187.
forward model: training agent 2.
Epoch 0: forward train average loss 0.25288745429780746.
epoch 0: forward test average loss 0.1735763152440389.
Epoch 99: forward train average loss 0.01911103104551633.
epoch 99: forward test average loss 0.029360056751304202.
inverse model, training agent 2.
epoch 0: inverse train average loss 0.004072391712624166.
epoch 0: inverse test average loss 0.007368384136093987.
epoch 99: inverse train average loss 0.0038844807487395075.
epoch 99: inverse test average loss 0.005849100235435698.
GAT episode:11/100 grounded:True sim_loss:50.1305
Policy training episode: 12, grounded actions taken: 633, last two uncertainties: {0: [0.5088019276658694, 0.18656275837371747], 1: [0.5134626616206434, 0.7043417569663789], 2: [1.2769229759772618, 1.1418860331177711]}, avg agent uncertainties: [np.float64(0.34768234301979345), np.float64(0.6089022092935111), np.float64(1.2094045045475164)], grounded actions by agent: [348, 18, 267]
REAL_TRAIN step:12, travel time:568.3186750428326, q_loss:100, rewards:-76.7572, queue:84.662964, delay:0.6626161, throughput:2590, violation_rate:0.0000, forceoff_rate:0.1620, violations:0, force_offs:175
REAL_TRAIN_PER_INT step:12 int:0 id:84 violations:0 force_offs:50 decisions:360 violation_rate:0.0000 forceoff_rate:0.1389 queue:41.7278
REAL_TRAIN_PER_INT step:12 int:1 id:87 violations:0 force_offs:66 decisions:360 violation_rate:0.0000 forceoff_rate:0.1833 queue:160.2222
REAL_TRAIN_PER_INT step:12 int:2 id:98 violations:0 force_offs:59 decisions:360 violation_rate:0.0000 forceoff_rate:0.1639 queue:52.0389
forward model: training agent 0.
Epoch 0: forward train average loss 0.01777901334895028.
epoch 0: forward test average loss 0.027550112042162154.
Epoch 99: forward train average loss 0.008701521075434156.
epoch 99: forward test average loss 0.01459582895040512.
inverse model, training agent 0.
epoch 0: inverse train average loss 0.007468091841373179.
epoch 0: inverse test average loss 0.011436956624190012.
epoch 99: inverse train average loss 0.004326919714609782.
epoch 99: inverse test average loss 0.006750500243571069.
forward model: training agent 1.
Epoch 0: forward train average loss 0.8043711317910088.
epoch 0: forward test average loss 0.8658505545722114.
Epoch 99: forward train average loss 0.038405718074904546.
epoch 99: forward test average loss 0.055002450942993164.
inverse model, training agent 1.
epoch 0: inverse train average loss 0.008903143720494376.
epoch 0: inverse test average loss 0.017274621460172866.
epoch 99: inverse train average loss 0.00545914564281702.
epoch 99: inverse test average loss 0.007753027396069633.
forward model: training agent 2.
Epoch 0: forward train average loss 0.9543706708484225.
epoch 0: forward test average loss 1.4215300877888997.
Epoch 99: forward train average loss 0.029174504180749256.
epoch 99: forward test average loss 0.04586716161833869.
inverse model, training agent 2.
epoch 0: inverse train average loss 0.007885029746426476.
epoch 0: inverse test average loss 0.012923159119155671.
epoch 99: inverse train average loss 0.006751738799115022.
epoch 99: inverse test average loss 0.009094024077057838.
GAT episode:12/100 grounded:True sim_loss:111.1613
Policy training episode: 13, grounded actions taken: 278, last two uncertainties: {0: [0.18656275837371747, 0.4450372318426768], 1: [0.7043417569663789, 0.6608713140090307], 2: [1.1418860331177711, 1.221203148861726]}, avg agent uncertainties: [np.float64(0.3157999951081971), np.float64(0.6826065354877048), np.float64(1.1815445909897486)], grounded actions by agent: [71, 71, 136]
REAL_TRAIN step:13, travel time:152.16766882516188, q_loss:100, rewards:-48.381374, queue:8.544444, delay:0.5900424, throughput:4141, violation_rate:0.0000, forceoff_rate:0.1389, violations:0, force_offs:150
REAL_TRAIN_PER_INT step:13 int:0 id:84 violations:0 force_offs:41 decisions:360 violation_rate:0.0000 forceoff_rate:0.1139 queue:8.2056
REAL_TRAIN_PER_INT step:13 int:1 id:87 violations:0 force_offs:53 decisions:360 violation_rate:0.0000 forceoff_rate:0.1472 queue:7.6806
REAL_TRAIN_PER_INT step:13 int:2 id:98 violations:0 force_offs:56 decisions:360 violation_rate:0.0000 forceoff_rate:0.1556 queue:9.7472
forward model: training agent 0.
Epoch 0: forward train average loss 0.012975013504425684.
epoch 0: forward test average loss 0.017498450974623363.
Epoch 99: forward train average loss 0.0061991725944810444.
epoch 99: forward test average loss 0.011890364189942678.
inverse model, training agent 0.
epoch 0: inverse train average loss 0.007317297574546602.
epoch 0: inverse test average loss 0.009373439682854546.
epoch 99: inverse train average loss 0.004895904463612371.
epoch 99: inverse test average loss 0.0043531374798880685.
forward model: training agent 1.
Epoch 0: forward train average loss 0.024336169577307172.
epoch 0: forward test average loss 0.03573999139997694.
Epoch 99: forward train average loss 0.007357599006758796.
epoch 99: forward test average loss 0.0115873950223128.
inverse model, training agent 1.
epoch 0: inverse train average loss 0.01069063072403272.
epoch 0: inverse test average loss 0.00845278579638236.
epoch 99: inverse train average loss 0.006603409950104024.
epoch 99: inverse test average loss 0.011241466634803347.
forward model: training agent 2.
Epoch 0: forward train average loss 0.0599925567706426.
epoch 0: forward test average loss 0.08092433876461452.
Epoch 99: forward train average loss 0.014814040520124964.
epoch 99: forward test average loss 0.024910873009098902.
inverse model, training agent 2.
epoch 0: inverse train average loss 0.008443750130633513.
epoch 0: inverse test average loss 0.010093234479427338.
epoch 99: inverse train average loss 0.006842277530166838.
epoch 99: inverse test average loss 0.007101578430997001.
GAT episode:13/100 grounded:True sim_loss:172.3712
Policy training episode: 14, grounded actions taken: 9, last two uncertainties: {0: [0.4450372318426768, 0.5478282314207819], 1: [0.6608713140090307, 0.8005457697643175], 2: [1.221203148861726, 1.4630492839548324]}, avg agent uncertainties: [np.float64(0.4964327316317293), np.float64(0.7307085418866741), np.float64(1.3421262164082792)], grounded actions by agent: [0, 3, 6]
REAL_TRAIN step:14, travel time:228.69085833914863, q_loss:100, rewards:-140.71109, queue:41.36111, delay:0.64208883, throughput:3783, violation_rate:0.0000, forceoff_rate:0.1102, violations:0, force_offs:119
REAL_TRAIN_PER_INT step:14 int:0 id:84 violations:0 force_offs:51 decisions:360 violation_rate:0.0000 forceoff_rate:0.1417 queue:107.1167
REAL_TRAIN_PER_INT step:14 int:1 id:87 violations:0 force_offs:53 decisions:360 violation_rate:0.0000 forceoff_rate:0.1472 queue:7.5333
REAL_TRAIN_PER_INT step:14 int:2 id:98 violations:0 force_offs:15 decisions:360 violation_rate:0.0000 forceoff_rate:0.0417 queue:9.4333
forward model: training agent 0.
Epoch 0: forward train average loss 0.1375319262345632.
epoch 0: forward test average loss 0.07823699050479466.
Epoch 99: forward train average loss 0.0070823874945441885.
epoch 99: forward test average loss 0.011444093038638433.
inverse model, training agent 0.
epoch 0: inverse train average loss 0.004526272002193663.
epoch 0: inverse test average loss 0.004541006456646655.
epoch 99: inverse train average loss 0.0033276153004003894.
epoch 99: inverse test average loss 0.0038829810089535182.
forward model: training agent 1.
Epoch 0: forward train average loss 0.007471978457437621.
epoch 0: forward test average loss 0.013053634928332435.
Epoch 99: forward train average loss 0.00674603424138493.
epoch 99: forward test average loss 0.010005949685970942.
inverse model, training agent 1.
epoch 0: inverse train average loss 0.008909136781262027.
epoch 0: inverse test average loss 0.005109591939900484.
epoch 99: inverse train average loss 0.0062596676871180534.
epoch 99: inverse test average loss 0.006304039309422175.
forward model: training agent 2.
Epoch 0: forward train average loss 0.015549814535511864.
epoch 0: forward test average loss 0.027902795208825007.
Epoch 99: forward train average loss 0.014191947877407074.
epoch 99: forward test average loss 0.025111775431368086.
inverse model, training agent 2.
epoch 0: inverse train average loss 0.021872128670414288.
epoch 0: inverse test average loss 0.027209792700078752.
epoch 99: inverse train average loss 0.0033362373295757505.
epoch 99: inverse test average loss 0.00622488372027874.
GAT episode:14/100 grounded:True sim_loss:201.8858
Policy training episode: 15, grounded actions taken: 354, last two uncertainties: {0: [0.5478282314207819, 0.5616857573390007], 1: [0.8005457697643175, 0.7551717392272419], 2: [1.4630492839548324, 1.3004429603616396]}, avg agent uncertainties: [np.float64(0.5547569943798913), np.float64(0.7778587544957797), np.float64(1.3817461221582361)], grounded actions by agent: [0, 108, 246]
REAL_TRAIN step:15, travel time:287.547191796784, q_loss:100, rewards:-208.46829, queue:65.62222, delay:0.65724194, throughput:3704, violation_rate:0.0000, forceoff_rate:0.1037, violations:0, force_offs:112
REAL_TRAIN_PER_INT step:15 int:0 id:84 violations:0 force_offs:62 decisions:360 violation_rate:0.0000 forceoff_rate:0.1722 queue:179.5667
REAL_TRAIN_PER_INT step:15 int:1 id:87 violations:0 force_offs:42 decisions:360 violation_rate:0.0000 forceoff_rate:0.1167 queue:7.9000
REAL_TRAIN_PER_INT step:15 int:2 id:98 violations:0 force_offs:8 decisions:360 violation_rate:0.0000 forceoff_rate:0.0222 queue:9.4000
forward model: training agent 0.
Epoch 0: forward train average loss 0.01168206168545617.
epoch 0: forward test average loss 0.012031510886218812.
Epoch 99: forward train average loss 0.007084984746244218.
epoch 99: forward test average loss 0.011816718926032385.
inverse model, training agent 0.
epoch 0: inverse train average loss 0.00588653821291195.
epoch 0: inverse test average loss 0.01084866871436437.
epoch 99: inverse train average loss 0.004207841120660305.
epoch 99: inverse test average loss 0.006805218135317166.
forward model: training agent 1.
Epoch 0: forward train average loss 0.00817468079427878.
epoch 0: forward test average loss 0.014166047589646446.
Epoch 99: forward train average loss 0.007433959075974094.
epoch 99: forward test average loss 0.01203321334388521.
inverse model, training agent 1.
epoch 0: inverse train average loss 0.009679354313347075.
epoch 0: inverse test average loss 0.018643595278263092.
epoch 99: inverse train average loss 0.00645990969820155.
epoch 99: inverse test average loss 0.007732701177398364.
forward model: training agent 2.
Epoch 0: forward train average loss 0.015732734981510375.
epoch 0: forward test average loss 0.02544638266166051.
Epoch 99: forward train average loss 0.014110022741887305.
epoch 99: forward test average loss 0.022493549519115023.
inverse model, training agent 2.
epoch 0: inverse train average loss 0.011656593324409591.
epoch 0: inverse test average loss 0.023260667506191466.
epoch 99: inverse train average loss 0.0063302345677382415.
epoch 99: inverse test average loss 0.013239529811673693.
GAT episode:15/100 grounded:True sim_loss:196.6583
Policy training episode: 16, grounded actions taken: 882, last two uncertainties: {0: [0.5616857573390007, 0.5123705382976267], 1: [0.7551717392272419, 0.7315719342894025], 2: [1.3004429603616396, 1.3616337620549732]}, avg agent uncertainties: [np.float64(0.5370281478183137), np.float64(0.7433718367583222), np.float64(1.3310383612083063)], grounded actions by agent: [339, 337, 206]
REAL_TRAIN step:16, travel time:298.5145631067961, q_loss:100, rewards:-217.63858, queue:68.96296, delay:0.6615043, throughput:3640, violation_rate:0.0000, forceoff_rate:0.1176, violations:0, force_offs:127
REAL_TRAIN_PER_INT step:16 int:0 id:84 violations:0 force_offs:63 decisions:360 violation_rate:0.0000 forceoff_rate:0.1750 queue:189.4722
REAL_TRAIN_PER_INT step:16 int:1 id:87 violations:0 force_offs:50 decisions:360 violation_rate:0.0000 forceoff_rate:0.1389 queue:8.1111
REAL_TRAIN_PER_INT step:16 int:2 id:98 violations:0 force_offs:14 decisions:360 violation_rate:0.0000 forceoff_rate:0.0389 queue:9.3056
forward model: training agent 0.
Epoch 0: forward train average loss 0.00742462370544672.
epoch 0: forward test average loss 0.010459695839219622.
Epoch 99: forward train average loss 0.0061416055800186265.
epoch 99: forward test average loss 0.010142373955912061.
inverse model, training agent 0.
epoch 0: inverse train average loss 0.004660649742517207.
epoch 0: inverse test average loss 0.006609843009048038.
epoch 99: inverse train average loss 0.003890042658895254.
epoch 99: inverse test average loss 0.0035863911939991843.
forward model: training agent 1.
Epoch 0: forward train average loss 0.006863440697391828.
epoch 0: forward test average loss 0.010643383695019616.
Epoch 99: forward train average loss 0.006257238590882884.
epoch 99: forward test average loss 0.011387206614017487.
inverse model, training agent 1.
epoch 0: inverse train average loss 0.00513711173294319.
epoch 0: inverse test average loss 0.006275733311971028.
epoch 99: inverse train average loss 0.004311118740588427.
epoch 99: inverse test average loss 0.004933167869846026.
forward model: training agent 2.
Epoch 0: forward train average loss 0.013582210159964032.
epoch 0: forward test average loss 0.022137702339225344.
Epoch 99: forward train average loss 0.011902378044194646.
epoch 99: forward test average loss 0.023289400670263503.
inverse model, training agent 2.
epoch 0: inverse train average loss 0.009781758818361495.
epoch 0: inverse test average loss 0.015313576079077192.
epoch 99: inverse train average loss 0.006367327541940742.
epoch 99: inverse test average loss 0.011267197214894824.
GAT episode:16/100 grounded:True sim_loss:193.4840
Policy training episode: 17, grounded actions taken: 906, last two uncertainties: {0: [0.5123705382976267, 0.49386780046754414], 1: [0.7315719342894025, 0.6951590183708403], 2: [1.3616337620549732, 1.2822252581516902]}, avg agent uncertainties: [np.float64(0.5031191693825854), np.float64(0.7133654763301214), np.float64(1.3219295101033317)], grounded actions by agent: [343, 286, 277]
REAL_TRAIN step:17, travel time:226.00412844036697, q_loss:100, rewards:-124.15611, queue:38.464813, delay:0.6014588, throughput:3857, violation_rate:0.0000, forceoff_rate:0.1278, violations:0, force_offs:138
REAL_TRAIN_PER_INT step:17 int:0 id:84 violations:0 force_offs:56 decisions:360 violation_rate:0.0000 forceoff_rate:0.1556 queue:99.3694
REAL_TRAIN_PER_INT step:17 int:1 id:87 violations:0 force_offs:49 decisions:360 violation_rate:0.0000 forceoff_rate:0.1361 queue:7.7556
REAL_TRAIN_PER_INT step:17 int:2 id:98 violations:0 force_offs:33 decisions:360 violation_rate:0.0000 forceoff_rate:0.0917 queue:8.2694
forward model: training agent 0.
Epoch 0: forward train average loss 0.007603275279204051.
epoch 0: forward test average loss 0.013361302514870962.
Epoch 99: forward train average loss 0.006111600953671668.
epoch 99: forward test average loss 0.01035808233751191.
inverse model, training agent 0.
epoch 0: inverse train average loss 0.027665726840496063.
epoch 0: inverse test average loss 0.008359158411622047.
epoch 99: inverse train average loss 0.00504829299946626.
epoch 99: inverse test average loss 0.0032643827920158706.
forward model: training agent 1.
Epoch 0: forward train average loss 0.014910653233528137.
epoch 0: forward test average loss 0.02082274357477824.
Epoch 99: forward train average loss 0.008329066758354505.
epoch 99: forward test average loss 0.013258673664596345.
inverse model, training agent 1.
epoch 0: inverse train average loss 0.24093321296903822.
epoch 0: inverse test average loss 0.31721389293670654.
epoch 99: inverse train average loss 0.002751540108066466.
epoch 99: inverse test average loss 0.007617329557736714.
forward model: training agent 2.
Epoch 0: forward train average loss 0.04445031864775552.
epoch 0: forward test average loss 0.05389614237679376.
Epoch 99: forward train average loss 0.014856769806808896.
epoch 99: forward test average loss 0.023261804547574785.
inverse model, training agent 2.
epoch 0: inverse train average loss 0.0018846715878074367.
epoch 0: inverse test average loss 0.0007134259536138012.
epoch 99: inverse train average loss 0.0011363679077476263.
epoch 99: inverse test average loss 0.0016421139136784607.
GAT episode:17/100 grounded:True sim_loss:202.4192
Policy training episode: 18, grounded actions taken: 390, last two uncertainties: {0: [0.49386780046754414, 0.5364724328120549], 1: [0.6951590183708403, 0.7449068933725357], 2: [1.2822252581516902, 1.2524918572770225]}, avg agent uncertainties: [np.float64(0.5151701166397995), np.float64(0.720032955871688), np.float64(1.2673585577143562)], grounded actions by agent: [37, 85, 268]
REAL_TRAIN step:18, travel time:307.8356294536817, q_loss:100, rewards:-226.90286, queue:72.32593, delay:0.66359437, throughput:3623, violation_rate:0.0000, forceoff_rate:0.1481, violations:0, force_offs:160
REAL_TRAIN_PER_INT step:18 int:0 id:84 violations:0 force_offs:66 decisions:360 violation_rate:0.0000 forceoff_rate:0.1833 queue:199.2639
REAL_TRAIN_PER_INT step:18 int:1 id:87 violations:0 force_offs:52 decisions:360 violation_rate:0.0000 forceoff_rate:0.1444 queue:8.0611
REAL_TRAIN_PER_INT step:18 int:2 id:98 violations:0 force_offs:42 decisions:360 violation_rate:0.0000 forceoff_rate:0.1167 queue:9.6528
forward model: training agent 0.
Epoch 0: forward train average loss 0.008632822790079646.
epoch 0: forward test average loss 0.012214534398582246.
Epoch 99: forward train average loss 0.00677785649895668.
epoch 99: forward test average loss 0.010208302074008517.
inverse model, training agent 0.
epoch 0: inverse train average loss 0.0047833236813959144.
epoch 0: inverse test average loss 0.011087561233176125.
epoch 99: inverse train average loss 0.0037917333085917765.
epoch 99: inverse test average loss 0.011276780317227045.
forward model: training agent 1.
Epoch 0: forward train average loss 0.006971362357338269.
epoch 0: forward test average loss 0.01026936744650205.
Epoch 99: forward train average loss 0.005483065214422014.
epoch 99: forward test average loss 0.00915523080362214.
inverse model, training agent 1.
epoch 0: inverse train average loss 0.002770922405438291.
epoch 0: inverse test average loss 0.0049386535667710835.
epoch 99: inverse train average loss 0.0015519308961100048.
epoch 99: inverse test average loss 0.0017129699764255849.
forward model: training agent 2.
Epoch 0: forward train average loss 0.01335788807935185.
epoch 0: forward test average loss 0.020885831779903836.
Epoch 99: forward train average loss 0.011577207388149368.
epoch 99: forward test average loss 0.01930187311437395.
inverse model, training agent 2.
epoch 0: inverse train average loss 0.002094790649910768.
epoch 0: inverse test average loss 0.0026819807891216543.
epoch 99: inverse train average loss 0.0014954961500027114.
epoch 99: inverse test average loss 0.0019416601086656253.
GAT episode:18/100 grounded:True sim_loss:204.9401
Policy training episode: 19, grounded actions taken: 945, last two uncertainties: {0: [0.5364724328120549, 0.373216450214386], 1: [0.7449068933725357, 0.3605592722280158], 2: [1.2524918572770225, 0.3619739583796925]}, avg agent uncertainties: [np.float64(0.45484444151322045), np.float64(0.5527330828002758), np.float64(0.8072329078283575)], grounded actions by agent: [249, 347, 349]
REAL_TRAIN step:19, travel time:370.5518403317781, q_loss:100, rewards:-270.45026, queue:88.099075, delay:0.69039714, throughput:3231, violation_rate:0.0000, forceoff_rate:0.1546, violations:0, force_offs:167
REAL_TRAIN_PER_INT step:19 int:0 id:84 violations:0 force_offs:65 decisions:360 violation_rate:0.0000 forceoff_rate:0.1806 queue:214.1917
REAL_TRAIN_PER_INT step:19 int:1 id:87 violations:0 force_offs:58 decisions:360 violation_rate:0.0000 forceoff_rate:0.1611 queue:40.4028
REAL_TRAIN_PER_INT step:19 int:2 id:98 violations:0 force_offs:44 decisions:360 violation_rate:0.0000 forceoff_rate:0.1222 queue:9.7028
forward model: training agent 0.
Epoch 0: forward train average loss 0.007878052898579173.
epoch 0: forward test average loss 0.013234533369541168.
Epoch 99: forward train average loss 0.006611551572051313.
epoch 99: forward test average loss 0.010462596184677549.
inverse model, training agent 0.
epoch 0: inverse train average loss 0.008981180273824267.
epoch 0: inverse test average loss 0.014398563239309523.
epoch 99: inverse train average loss 0.006339162588119507.
epoch 99: inverse test average loss 0.012323848489258025.
forward model: training agent 1.
Epoch 0: forward train average loss 0.03142891782853338.
epoch 0: forward test average loss 0.03524871004952325.
Epoch 99: forward train average loss 0.004895194330149227.
epoch 99: forward test average loss 0.007986102253198624.
inverse model, training agent 1.
epoch 0: inverse train average loss 0.025485667089621227.
epoch 0: inverse test average loss 0.03611045082410177.
epoch 99: inverse train average loss 0.011678412349687682.
epoch 99: inverse test average loss 0.017700720992353227.
forward model: training agent 2.
Epoch 0: forward train average loss 0.013653639910949601.
epoch 0: forward test average loss 0.01998201260964076.
Epoch 99: forward train average loss 0.011843508316410912.
epoch 99: forward test average loss 0.014941553274790445.
inverse model, training agent 2.
epoch 0: inverse train average loss 0.007327905649112331.
epoch 0: inverse test average loss 0.02219964646630817.
epoch 99: inverse train average loss 0.005623270860976643.
epoch 99: inverse test average loss 0.014656264748838212.
GAT episode:19/100 grounded:True sim_loss:264.5231
Policy training episode: 20, grounded actions taken: 12, last two uncertainties: {0: [0.373216450214386, 0.5231840453214116], 1: [0.3605592722280158, 0.7767422313491503], 2: [0.3619739583796925, 1.1869938203030161]}, avg agent uncertainties: [np.float64(0.4482002477678988), np.float64(0.568650751788583), np.float64(0.7744838893413544)], grounded actions by agent: [8, 0, 4]
REAL_TRAIN step:20, travel time:151.16085047376936, q_loss:100, rewards:-49.139454, queue:8.709259, delay:0.5968309, throughput:4069, violation_rate:0.0000, forceoff_rate:0.1204, violations:0, force_offs:130
REAL_TRAIN_PER_INT step:20 int:0 id:84 violations:0 force_offs:46 decisions:360 violation_rate:0.0000 forceoff_rate:0.1278 queue:7.6167
REAL_TRAIN_PER_INT step:20 int:1 id:87 violations:0 force_offs:48 decisions:360 violation_rate:0.0000 forceoff_rate:0.1333 queue:9.2611
REAL_TRAIN_PER_INT step:20 int:2 id:98 violations:0 force_offs:36 decisions:360 violation_rate:0.0000 forceoff_rate:0.1000 queue:9.2500
forward model: training agent 0.
Epoch 0: forward train average loss 0.0060191357301341165.
epoch 0: forward test average loss 0.008655760851171281.
Epoch 99: forward train average loss 0.005124386089543502.
epoch 99: forward test average loss 0.006594378294216262.
inverse model, training agent 0.
epoch 0: inverse train average loss 0.0036712735891342163.
epoch 0: inverse test average loss 0.003134849662375119.
epoch 99: inverse train average loss 0.002247643501808246.
epoch 99: inverse test average loss 0.0029195257359080845.
forward model: training agent 1.
Epoch 0: forward train average loss 0.00671077985316515.
epoch 0: forward test average loss 0.009369889895121256.
Epoch 99: forward train average loss 0.005565342286394702.
epoch 99: forward test average loss 0.008683648374345567.
inverse model, training agent 1.
epoch 0: inverse train average loss 0.01136585728575786.
epoch 0: inverse test average loss 0.02174687965048684.
epoch 99: inverse train average loss 0.008654499529964395.
epoch 99: inverse test average loss 0.018504872918128967.
forward model: training agent 2.
Epoch 0: forward train average loss 0.012431360367271636.
epoch 0: forward test average loss 0.014968340595563253.
Epoch 99: forward train average loss 0.010984937970836958.
epoch 99: forward test average loss 0.016354107194476657.
inverse model, training agent 2.
epoch 0: inverse train average loss 0.011469278691543473.
epoch 0: inverse test average loss 0.0137172755267885.
epoch 99: inverse train average loss 0.003462831231041087.
epoch 99: inverse test average loss 0.009961938071582053.
GAT episode:20/100 grounded:True sim_loss:300.7349
Policy training episode: 21, grounded actions taken: 1, last two uncertainties: {0: [0.5231840453214116, 0.5143060030208694], 1: [0.7767422313491503, 0.7382448163297441], 2: [1.1869938203030161, 0.9640458484490713]}, avg agent uncertainties: [np.float64(0.5187450241711404), np.float64(0.7574935238394472), np.float64(1.0755198343760437)], grounded actions by agent: [0, 1, 0]
REAL_TRAIN step:21, travel time:254.57610208816706, q_loss:100, rewards:-174.03171, queue:52.750927, delay:0.6669223, throughput:3722, violation_rate:0.0000, forceoff_rate:0.1463, violations:0, force_offs:158
REAL_TRAIN_PER_INT step:21 int:0 id:84 violations:0 force_offs:59 decisions:360 violation_rate:0.0000 forceoff_rate:0.1639 queue:140.7750
REAL_TRAIN_PER_INT step:21 int:1 id:87 violations:0 force_offs:40 decisions:360 violation_rate:0.0000 forceoff_rate:0.1111 queue:8.2222
REAL_TRAIN_PER_INT step:21 int:2 id:98 violations:0 force_offs:59 decisions:360 violation_rate:0.0000 forceoff_rate:0.1639 queue:9.2556
forward model: training agent 0.
Epoch 0: forward train average loss 0.03279958127273454.
epoch 0: forward test average loss 0.03204840670029322.
Epoch 99: forward train average loss 0.00589455912510554.
epoch 99: forward test average loss 0.009595249676042132.
inverse model, training agent 0.
epoch 0: inverse train average loss 0.002722622826695442.
epoch 0: inverse test average loss 0.00553381484415796.
epoch 99: inverse train average loss 0.0022304497607466248.
epoch 99: inverse test average loss 0.002253185103957852.
forward model: training agent 1.
Epoch 0: forward train average loss 0.0067311932022372884.
epoch 0: forward test average loss 0.00985025531715817.
Epoch 99: forward train average loss 0.005152987316250801.
epoch 99: forward test average loss 0.008269042190578248.
inverse model, training agent 1.
epoch 0: inverse train average loss 0.023712775359551113.
epoch 0: inverse test average loss 0.05136187871297201.
epoch 99: inverse train average loss 0.003588692880132132.
epoch 99: inverse test average loss 0.006742313090297911.
forward model: training agent 2.
Epoch 0: forward train average loss 0.010481082109941376.
epoch 0: forward test average loss 0.015970820354090795.
Epoch 99: forward train average loss 0.009350142959091399.
epoch 99: forward test average loss 0.015586738785107931.
inverse model, training agent 2.
epoch 0: inverse train average loss 0.004682642368910213.
epoch 0: inverse test average loss 0.0028109725357757676.
epoch 99: inverse train average loss 0.001430369240956174.
epoch 99: inverse test average loss 0.0020513291367226178.
GAT episode:21/100 grounded:True sim_loss:300.2921
Policy training episode: 22, grounded actions taken: 1030, last two uncertainties: {0: [0.5143060030208694, 0.5021032210853364], 1: [0.7382448163297441, 0.5670770383543439], 2: [0.9640458484490713, 0.4690228797495365]}, avg agent uncertainties: [np.float64(0.508204612053103), np.float64(0.6526609273420441), np.float64(0.7165343640993038)], grounded actions by agent: [328, 352, 350]
REAL_TRAIN step:22, travel time:354.6079326923077, q_loss:100, rewards:-280.47, queue:90.11389, delay:0.70674616, throughput:3544, violation_rate:0.0000, forceoff_rate:0.1639, violations:0, force_offs:177
REAL_TRAIN_PER_INT step:22 int:0 id:84 violations:0 force_offs:67 decisions:360 violation_rate:0.0000 forceoff_rate:0.1861 queue:253.0889
REAL_TRAIN_PER_INT step:22 int:1 id:87 violations:0 force_offs:51 decisions:360 violation_rate:0.0000 forceoff_rate:0.1417 queue:7.9778
REAL_TRAIN_PER_INT step:22 int:2 id:98 violations:0 force_offs:59 decisions:360 violation_rate:0.0000 forceoff_rate:0.1639 queue:9.2750
forward model: training agent 0.
Epoch 0: forward train average loss 0.011081023555662897.
epoch 0: forward test average loss 0.01902629766199324.
Epoch 99: forward train average loss 0.007735252587331666.
epoch 99: forward test average loss 0.011711842897865508.
inverse model, training agent 0.
epoch 0: inverse train average loss 0.0026979325080497395.
epoch 0: inverse test average loss 0.002626928707791699.
epoch 99: inverse train average loss 0.00252122951981922.
epoch 99: inverse test average loss 0.0030776487870348822.
forward model: training agent 1.
Epoch 0: forward train average loss 0.00503761378220386.
epoch 0: forward test average loss 0.009262111451890733.
Epoch 99: forward train average loss 0.004455176906453239.
epoch 99: forward test average loss 0.007810872048139572.
inverse model, training agent 1.
epoch 0: inverse train average loss 0.006963825784623623.
epoch 0: inverse test average loss 0.006634205993678834.
epoch 99: inverse train average loss 0.005847210737152232.
epoch 99: inverse test average loss 0.003067028165484468.
forward model: training agent 2.
Epoch 0: forward train average loss 0.010270235853062736.
epoch 0: forward test average loss 0.016845668355623882.
Epoch 99: forward train average loss 0.009494807778133286.
epoch 99: forward test average loss 0.013743267705043158.
inverse model, training agent 2.
epoch 0: inverse train average loss 0.012998758194347223.
epoch 0: inverse test average loss 0.0314641147851944.
epoch 99: inverse train average loss 0.0035450047709875638.
epoch 99: inverse test average loss 0.008125092834234238.
GAT episode:22/100 grounded:True sim_loss:325.9557
Policy training episode: 23, grounded actions taken: 295, last two uncertainties: {0: [0.5021032210853364, 0.5124337122672133], 1: [0.5670770383543439, 0.7179760000771946], 2: [0.4690228797495365, 0.9142932156721751]}, avg agent uncertainties: [np.float64(0.5072684666762749), np.float64(0.6425265192157692), np.float64(0.6916580477108558)], grounded actions by agent: [224, 71, 0]
REAL_TRAIN step:23, travel time:257.12974609829956, q_loss:100, rewards:-175.97589, queue:53.383335, delay:0.66703355, throughput:3719, violation_rate:0.0000, forceoff_rate:0.1509, violations:0, force_offs:163
REAL_TRAIN_PER_INT step:23 int:0 id:84 violations:0 force_offs:59 decisions:360 violation_rate:0.0000 forceoff_rate:0.1639 queue:143.6083
REAL_TRAIN_PER_INT step:23 int:1 id:87 violations:0 force_offs:45 decisions:360 violation_rate:0.0000 forceoff_rate:0.1250 queue:7.2500
REAL_TRAIN_PER_INT step:23 int:2 id:98 violations:0 force_offs:59 decisions:360 violation_rate:0.0000 forceoff_rate:0.1639 queue:9.2917
forward model: training agent 0.
Epoch 0: forward train average loss 0.008840212598443031.
epoch 0: forward test average loss 0.015490180088414086.
Epoch 99: forward train average loss 0.006501532987587982.
epoch 99: forward test average loss 0.012418741567267312.
inverse model, training agent 0.
epoch 0: inverse train average loss 0.0024952758103609085.
epoch 0: inverse test average loss 0.003975549298855994.
epoch 99: inverse train average loss 0.0018584717634237474.
epoch 99: inverse test average loss 0.0031986708442370095.
forward model: training agent 1.
Epoch 0: forward train average loss 0.004893280669218964.
epoch 0: forward test average loss 0.007648626549376382.
Epoch 99: forward train average loss 0.004480989701631997.
epoch 99: forward test average loss 0.007168993353843689.
inverse model, training agent 1.
epoch 0: inverse train average loss 0.007992174165944258.
epoch 0: inverse test average loss 0.0167881374557813.
epoch 99: inverse train average loss 0.006505650157729785.
epoch 99: inverse test average loss 0.007313628991444905.
forward model: training agent 2.
Epoch 0: forward train average loss 0.010734213723076714.
epoch 0: forward test average loss 0.016364719304773543.
Epoch 99: forward train average loss 0.009977119457390573.
epoch 99: forward test average loss 0.016351595520973206.
inverse model, training agent 2.
epoch 0: inverse train average loss 0.00929985950804419.
epoch 0: inverse test average loss 0.01187948841187689.
epoch 99: inverse train average loss 0.00566864251676533.
epoch 99: inverse test average loss 0.00984679369462861.
GAT episode:23/100 grounded:True sim_loss:338.7774
Policy training episode: 24, grounded actions taken: 211, last two uncertainties: {0: [0.5124337122672133, 0.5176303871803813], 1: [0.7179760000771946, 0.7449514453609785], 2: [0.9142932156721751, 0.9904814082715246]}, avg agent uncertainties: [np.float64(0.5150320497237973), np.float64(0.7314637227190866), np.float64(0.9523873119718499)], grounded actions by agent: [159, 52, 0]
REAL_TRAIN step:24, travel time:157.68346820809248, q_loss:100, rewards:-55.80804, queue:11.366667, delay:0.61152524, throughput:4023, violation_rate:0.0000, forceoff_rate:0.1343, violations:0, force_offs:145
REAL_TRAIN_PER_INT step:24 int:0 id:84 violations:0 force_offs:49 decisions:360 violation_rate:0.0000 forceoff_rate:0.1361 queue:16.7556
REAL_TRAIN_PER_INT step:24 int:1 id:87 violations:0 force_offs:37 decisions:360 violation_rate:0.0000 forceoff_rate:0.1028 queue:7.9583
REAL_TRAIN_PER_INT step:24 int:2 id:98 violations:0 force_offs:59 decisions:360 violation_rate:0.0000 forceoff_rate:0.1639 queue:9.3861
forward model: training agent 0.
Epoch 0: forward train average loss 0.00589950651758247.
epoch 0: forward test average loss 0.009606209066179063.
Epoch 99: forward train average loss 0.00467850464499659.
epoch 99: forward test average loss 0.00874205513132943.
inverse model, training agent 0.
epoch 0: inverse train average loss 0.003633800842281845.
epoch 0: inverse test average loss 0.0025407520588487387.
epoch 99: inverse train average loss 0.0031875321227643224.
epoch 99: inverse test average loss 0.0021689572733723456.
forward model: training agent 1.
Epoch 0: forward train average loss 0.005184397515323427.
epoch 0: forward test average loss 0.008403997868299484.
Epoch 99: forward train average loss 0.004715943450315131.
epoch 99: forward test average loss 0.007789444178342819.
inverse model, training agent 1.
epoch 0: inverse train average loss 0.01222430956032541.
epoch 0: inverse test average loss 0.02302424858013789.
epoch 99: inverse train average loss 0.0068972935486170985.
epoch 99: inverse test average loss 0.009033862501382828.
forward model: training agent 2.
Epoch 0: forward train average loss 0.010551462984747358.
epoch 0: forward test average loss 0.01477890047762129.
Epoch 99: forward train average loss 0.009699460119009018.
epoch 99: forward test average loss 0.013457126087612577.
inverse model, training agent 2.
epoch 0: inverse train average loss 0.006301079152358903.
epoch 0: inverse test average loss 0.012337036430835724.
epoch 99: inverse train average loss 0.005143949296325445.
epoch 99: inverse test average loss 0.009156767692830827.
GAT episode:24/100 grounded:True sim_loss:329.9202
Policy training episode: 25, grounded actions taken: 498, last two uncertainties: {0: [0.5176303871803813, 0.5299217280414369], 1: [0.7449514453609785, 0.7151445382999049], 2: [0.9904814082715246, 0.9655132338404655]}, avg agent uncertainties: [np.float64(0.5237760576109092), np.float64(0.7300479918304417), np.float64(0.9779973210559951)], grounded actions by agent: [120, 191, 187]
REAL_TRAIN step:25, travel time:229.60286054827176, q_loss:100, rewards:-114.519165, queue:35.89352, delay:0.656914, throughput:3545, violation_rate:0.0000, forceoff_rate:0.1278, violations:0, force_offs:138
REAL_TRAIN_PER_INT step:25 int:0 id:84 violations:0 force_offs:55 decisions:360 violation_rate:0.0000 forceoff_rate:0.1528 queue:65.3083
REAL_TRAIN_PER_INT step:25 int:1 id:87 violations:0 force_offs:36 decisions:360 violation_rate:0.0000 forceoff_rate:0.1000 queue:33.0750
REAL_TRAIN_PER_INT step:25 int:2 id:98 violations:0 force_offs:47 decisions:360 violation_rate:0.0000 forceoff_rate:0.1306 queue:9.2972
forward model: training agent 0.
Epoch 0: forward train average loss 0.00604777710719241.
epoch 0: forward test average loss 0.011221158421701856.
Epoch 99: forward train average loss 0.004679317223942942.
epoch 99: forward test average loss 0.00940206315782335.
inverse model, training agent 0.
epoch 0: inverse train average loss 0.018530562313066587.
epoch 0: inverse test average loss 0.014857782930549648.
epoch 99: inverse train average loss 0.007750070343414943.
epoch 99: inverse test average loss 0.013797492616706424.
forward model: training agent 1.
Epoch 0: forward train average loss 0.08985739284091526.
epoch 0: forward test average loss 0.1462976468933953.
Epoch 99: forward train average loss 0.00630417921476894.
epoch 99: forward test average loss 0.010288253426551819.
inverse model, training agent 1.
epoch 0: inverse train average loss 0.007855858446823226.
epoch 0: inverse test average loss 0.017212064729796514.
epoch 99: inverse train average loss 0.0062897368851635195.
epoch 99: inverse test average loss 0.018603251212173037.
forward model: training agent 2.
Epoch 0: forward train average loss 0.0635764350493749.
epoch 0: forward test average loss 0.06899471580982208.
Epoch 99: forward train average loss 0.010658672493365075.
epoch 99: forward test average loss 0.02084499266412523.
inverse model, training agent 2.
epoch 0: inverse train average loss 0.007120876366065608.
epoch 0: inverse test average loss 0.005562705298264821.
epoch 99: inverse train average loss 0.0034744187465144526.
epoch 99: inverse test average loss 0.004824962673915757.
GAT episode:25/100 grounded:True sim_loss:317.9230
Policy training episode: 26, grounded actions taken: 434, last two uncertainties: {0: [0.5299217280414369, 0.5989377382728789], 1: [0.7151445382999049, 0.6170389576090707], 2: [0.9655132338404655, 1.0259224984380935]}, avg agent uncertainties: [np.float64(0.5644297331571579), np.float64(0.6660917479544878), np.float64(0.9957178661392795)], grounded actions by agent: [3, 351, 80]
REAL_TRAIN step:26, travel time:148.22523148148147, q_loss:100, rewards:-43.96753, queue:6.999074, delay:0.5842016, throughput:4140, violation_rate:0.0000, forceoff_rate:0.1370, violations:0, force_offs:148
REAL_TRAIN_PER_INT step:26 int:0 id:84 violations:0 force_offs:49 decisions:360 violation_rate:0.0000 forceoff_rate:0.1361 queue:4.9417
REAL_TRAIN_PER_INT step:26 int:1 id:87 violations:0 force_offs:40 decisions:360 violation_rate:0.0000 forceoff_rate:0.1111 queue:6.8139
REAL_TRAIN_PER_INT step:26 int:2 id:98 violations:0 force_offs:59 decisions:360 violation_rate:0.0000 forceoff_rate:0.1639 queue:9.2417
forward model: training agent 0.
Epoch 0: forward train average loss 0.005360491470330291.
epoch 0: forward test average loss 0.00742121578918563.
Epoch 99: forward train average loss 0.005122037914892037.
epoch 99: forward test average loss 0.007533746874994702.
inverse model, training agent 0.
epoch 0: inverse train average loss 0.008884092275467183.
epoch 0: inverse test average loss 0.011295448160833783.
epoch 99: inverse train average loss 0.007085212609834141.
epoch 99: inverse test average loss 0.01164741524391704.
forward model: training agent 1.
Epoch 0: forward train average loss 0.005042466955880324.
epoch 0: forward test average loss 0.00719088398747974.
Epoch 99: forward train average loss 0.004436362120840285.
epoch 99: forward test average loss 0.006919379242592388.
inverse model, training agent 1.
epoch 0: inverse train average loss 0.015770081223713026.
epoch 0: inverse test average loss 0.022546839382913377.
epoch 99: inverse train average loss 0.010114034430848228.
epoch 99: inverse test average loss 0.009800207283761766.
forward model: training agent 2.
Epoch 0: forward train average loss 0.010955817997455597.
epoch 0: forward test average loss 0.013920406914419599.
Epoch 99: forward train average loss 0.009864196181297302.
epoch 99: forward test average loss 0.012847640034225252.
inverse model, training agent 2.
epoch 0: inverse train average loss 0.01192623438934485.
epoch 0: inverse test average loss 0.0077954404469993376.
epoch 99: inverse train average loss 0.006827034884028965.
epoch 99: inverse test average loss 0.012164790597226884.
GAT episode:26/100 grounded:True sim_loss:283.3685
Policy training episode: 27, grounded actions taken: 462, last two uncertainties: {0: [0.5989377382728789, 0.6124812194870578], 1: [0.6170389576090707, 0.7726434534622564], 2: [1.0259224984380935, 0.9242080390453339]}, avg agent uncertainties: [np.float64(0.6057094788799684), np.float64(0.6948412055356635), np.float64(0.9750652687417136)], grounded actions by agent: [78, 41, 343]
REAL_TRAIN step:27, travel time:149.25162337662337, q_loss:100, rewards:-44.587505, queue:7.2601852, delay:0.58785945, throughput:4146, violation_rate:0.0000, forceoff_rate:0.0963, violations:0, force_offs:104
REAL_TRAIN_PER_INT step:27 int:0 id:84 violations:0 force_offs:49 decisions:360 violation_rate:0.0000 forceoff_rate:0.1361 queue:4.9278
REAL_TRAIN_PER_INT step:27 int:1 id:87 violations:0 force_offs:25 decisions:360 violation_rate:0.0000 forceoff_rate:0.0694 queue:7.5611
REAL_TRAIN_PER_INT step:27 int:2 id:98 violations:0 force_offs:30 decisions:360 violation_rate:0.0000 forceoff_rate:0.0833 queue:9.2917
forward model: training agent 0.
Epoch 0: forward train average loss 0.005055084928042359.
epoch 0: forward test average loss 0.008185695856809616.
Epoch 99: forward train average loss 0.004560731299635436.
epoch 99: forward test average loss 0.006751749871505631.
inverse model, training agent 0.
epoch 0: inverse train average loss 0.008012480723361174.
epoch 0: inverse test average loss 0.011648520827293396.
epoch 99: inverse train average loss 0.004382466742148002.
epoch 99: inverse test average loss 0.01586887116233508.
forward model: training agent 1.
Epoch 0: forward train average loss 0.005212173693709903.
epoch 0: forward test average loss 0.00994146822227372.
Epoch 99: forward train average loss 0.004596867702073521.
epoch 99: forward test average loss 0.007075409922334883.
inverse model, training agent 1.
epoch 0: inverse train average loss 0.008772808747986952.
epoch 0: inverse test average loss 0.012909892946481705.
epoch 99: inverse train average loss 0.007902606804337766.
epoch 99: inverse test average loss 0.009487127704131935.
forward model: training agent 2.
Epoch 0: forward train average loss 0.010439956974652078.
epoch 0: forward test average loss 0.013728784190283881.
Epoch 99: forward train average loss 0.009830495549572838.
epoch 99: forward test average loss 0.011833040664593378.
inverse model, training agent 2.
epoch 0: inverse train average loss 0.0058513095912834006.
epoch 0: inverse test average loss 0.005928062109483613.
epoch 99: inverse train average loss 0.003567595603979296.
epoch 99: inverse test average loss 0.0037414335335294404.
GAT episode:27/100 grounded:True sim_loss:226.3885
Policy training episode: 28, grounded actions taken: 356, last two uncertainties: {0: [0.6124812194870578, 0.6006710146036413], 1: [0.7726434534622564, 0.7209986371298631], 2: [0.9242080390453339, 1.06714372601774]}, avg agent uncertainties: [np.float64(0.6065761170453495), np.float64(0.7468210452960597), np.float64(0.995675882531537)], grounded actions by agent: [162, 112, 82]
REAL_TRAIN step:28, travel time:148.70603307710226, q_loss:100, rewards:-43.803604, queue:7.099074, delay:0.5760242, throughput:4128, violation_rate:0.0000, forceoff_rate:0.0741, violations:0, force_offs:80
REAL_TRAIN_PER_INT step:28 int:0 id:84 violations:0 force_offs:50 decisions:360 violation_rate:0.0000 forceoff_rate:0.1389 queue:5.0250
REAL_TRAIN_PER_INT step:28 int:1 id:87 violations:0 force_offs:25 decisions:360 violation_rate:0.0000 forceoff_rate:0.0694 queue:6.9389
REAL_TRAIN_PER_INT step:28 int:2 id:98 violations:0 force_offs:5 decisions:360 violation_rate:0.0000 forceoff_rate:0.0139 queue:9.3333
forward model: training agent 0.
Epoch 0: forward train average loss 0.004835306977232297.
epoch 0: forward test average loss 0.007380982240041097.
Epoch 99: forward train average loss 0.004381004979627.
epoch 99: forward test average loss 0.007144404368268119.
inverse model, training agent 0.
epoch 0: inverse train average loss 0.0038149754982441664.
epoch 0: inverse test average loss 0.0038873271809683908.
epoch 99: inverse train average loss 0.0023240703804832366.
epoch 99: inverse test average loss 0.0023195654567744997.
forward model: training agent 1.
Epoch 0: forward train average loss 0.0047519974824455045.
epoch 0: forward test average loss 0.008081287145614624.
Epoch 99: forward train average loss 0.004249525773856375.
epoch 99: forward test average loss 0.010197770678334765.
inverse model, training agent 1.
epoch 0: inverse train average loss 0.009159959645734893.
epoch 0: inverse test average loss 0.011800383114152484.
epoch 99: inverse train average loss 0.00443469722651773.
epoch 99: inverse test average loss 0.0067390745712651145.
forward model: training agent 2.
Epoch 0: forward train average loss 0.010909832393129667.
epoch 0: forward test average loss 0.01650872164302402.
Epoch 99: forward train average loss 0.009680870920419693.
epoch 99: forward test average loss 0.014749576648076376.
inverse model, training agent 2.
epoch 0: inverse train average loss 0.004521806051747667.
epoch 0: inverse test average loss 0.012628768881162008.
epoch 99: inverse train average loss 0.0020896066238896716.
epoch 99: inverse test average loss 0.0062534430374701815.
GAT episode:28/100 grounded:True sim_loss:219.8110
Policy training episode: 29, grounded actions taken: 697, last two uncertainties: {0: [0.6006710146036413, 0.5877001167999374], 1: [0.7209986371298631, 0.6747963040239281], 2: [1.06714372601774, 1.0424170366591878]}, avg agent uncertainties: [np.float64(0.5941855657017894), np.float64(0.6978974705768957), np.float64(1.054780381338464)], grounded actions by agent: [310, 247, 140]
REAL_TRAIN step:29, travel time:148.53680766534237, q_loss:100, rewards:-44.14694, queue:7.150926, delay:0.57491624, throughput:4102, violation_rate:0.0000, forceoff_rate:0.0972, violations:0, force_offs:105
REAL_TRAIN_PER_INT step:29 int:0 id:84 violations:0 force_offs:51 decisions:360 violation_rate:0.0000 forceoff_rate:0.1417 queue:5.3639
REAL_TRAIN_PER_INT step:29 int:1 id:87 violations:0 force_offs:23 decisions:360 violation_rate:0.0000 forceoff_rate:0.0639 queue:6.7083
REAL_TRAIN_PER_INT step:29 int:2 id:98 violations:0 force_offs:31 decisions:360 violation_rate:0.0000 forceoff_rate:0.0861 queue:9.3806
forward model: training agent 0.
Epoch 0: forward train average loss 0.004259446842802895.
epoch 0: forward test average loss 0.0072896550926897265.
Epoch 99: forward train average loss 0.003926059489862787.
epoch 99: forward test average loss 0.007334200458394157.
inverse model, training agent 0.
epoch 0: inverse train average loss 0.0032639477608932387.
epoch 0: inverse test average loss 0.0034073928578032386.
epoch 99: inverse train average loss 0.0013973002270278004.
epoch 99: inverse test average loss 0.002621138261424171.
forward model: training agent 1.
Epoch 0: forward train average loss 0.004284783576925595.
epoch 0: forward test average loss 0.007658325549628999.
Epoch 99: forward train average loss 0.004050912749436166.
epoch 99: forward test average loss 0.007149815559387207.
inverse model, training agent 1.
epoch 0: inverse train average loss 0.012009811898072561.
epoch 0: inverse test average loss 0.017587248649862077.
epoch 99: inverse train average loss 0.006334739530252086.
epoch 99: inverse test average loss 0.009902945823139615.
forward model: training agent 2.
Epoch 0: forward train average loss 0.009759794713722335.
epoch 0: forward test average loss 0.0150324660870764.
Epoch 99: forward train average loss 0.008664445020258427.
epoch 99: forward test average loss 0.014271891779369779.
inverse model, training agent 2.
epoch 0: inverse train average loss 0.013876760068039099.
epoch 0: inverse test average loss 0.012765629010068046.
epoch 99: inverse train average loss 0.0047059511869317954.
epoch 99: inverse test average loss 0.006620619239078628.
GAT episode:29/100 grounded:True sim_loss:223.1188
Policy training episode: 30, grounded actions taken: 866, last two uncertainties: {0: [0.5877001167999374, 0.5457561913463804], 1: [0.6747963040239281, 0.6886466019683414], 2: [1.0424170366591878, 0.9024969256586499]}, avg agent uncertainties: [np.float64(0.5667281540731589), np.float64(0.6817214529961347), np.float64(0.9724569811589189)], grounded actions by agent: [328, 190, 348]
REAL_TRAIN step:30, travel time:148.3047220283787, q_loss:100, rewards:-43.60611, queue:7.0212965, delay:0.5779111, throughput:4127, violation_rate:0.0000, forceoff_rate:0.1065, violations:0, force_offs:115
REAL_TRAIN_PER_INT step:30 int:0 id:84 violations:0 force_offs:51 decisions:360 violation_rate:0.0000 forceoff_rate:0.1417 queue:4.7833
REAL_TRAIN_PER_INT step:30 int:1 id:87 violations:0 force_offs:28 decisions:360 violation_rate:0.0000 forceoff_rate:0.0778 queue:7.0444
REAL_TRAIN_PER_INT step:30 int:2 id:98 violations:0 force_offs:36 decisions:360 violation_rate:0.0000 forceoff_rate:0.1000 queue:9.2361
forward model: training agent 0.
Epoch 0: forward train average loss 0.004612108744266961.
epoch 0: forward test average loss 0.00916686033209165.
Epoch 99: forward train average loss 0.004314701952454116.
epoch 99: forward test average loss 0.008904864804612266.
inverse model, training agent 0.
epoch 0: inverse train average loss 0.001391161388407151.
epoch 0: inverse test average loss 0.002160761376015014.
epoch 99: inverse train average loss 0.0012465783964014715.
epoch 99: inverse test average loss 0.0016697341569751087.
forward model: training agent 1.
Epoch 0: forward train average loss 0.004426118503842089.
epoch 0: forward test average loss 0.0063674745874272454.
Epoch 99: forward train average loss 0.0039282494431568515.
epoch 99: forward test average loss 0.006011308481295903.
inverse model, training agent 1.
epoch 0: inverse train average loss 0.006838242730332745.
epoch 0: inverse test average loss 0.02014179217318694.
epoch 99: inverse train average loss 0.005646686483588483.
epoch 99: inverse test average loss 0.016660836214820545.
forward model: training agent 2.
Epoch 0: forward train average loss 0.009430010803043842.
epoch 0: forward test average loss 0.01707176284657584.
Epoch 99: forward train average loss 0.008997889856497446.
epoch 99: forward test average loss 0.013945743027660582.
inverse model, training agent 2.
epoch 0: inverse train average loss 0.005265382532444265.
epoch 0: inverse test average loss 0.011606327361530729.
epoch 99: inverse train average loss 0.0050461980928149484.
epoch 99: inverse test average loss 0.007920781564381387.
GAT episode:30/100 grounded:True sim_loss:223.9033
Policy training episode: 31, grounded actions taken: 764, last two uncertainties: {0: [0.5457561913463804, 0.5816861535939906], 1: [0.6886466019683414, 0.5651954035792086], 2: [0.9024969256586499, 0.610231898062759]}, avg agent uncertainties: [np.float64(0.5637211724701855), np.float64(0.626921002773775), np.float64(0.7563644118607045)], grounded actions by agent: [93, 323, 348]
REAL_TRAIN step:31, travel time:148.2490680335508, q_loss:100, rewards:-43.426388, queue:6.9935184, delay:0.5787404, throughput:4121, violation_rate:0.0000, forceoff_rate:0.1259, violations:0, force_offs:136
REAL_TRAIN_PER_INT step:31 int:0 id:84 violations:0 force_offs:51 decisions:360 violation_rate:0.0000 forceoff_rate:0.1417 queue:4.6889
REAL_TRAIN_PER_INT step:31 int:1 id:87 violations:0 force_offs:40 decisions:360 violation_rate:0.0000 forceoff_rate:0.1111 queue:7.0278
REAL_TRAIN_PER_INT step:31 int:2 id:98 violations:0 force_offs:45 decisions:360 violation_rate:0.0000 forceoff_rate:0.1250 queue:9.2639
forward model: training agent 0.
Epoch 0: forward train average loss 0.004340205703758531.
epoch 0: forward test average loss 0.00695793516933918.
Epoch 99: forward train average loss 0.0038425250289340815.
epoch 99: forward test average loss 0.00724202146132787.
inverse model, training agent 0.
epoch 0: inverse train average loss 0.0015099980454477998.
epoch 0: inverse test average loss 0.0010289358130345743.
epoch 99: inverse train average loss 0.0012743755554159482.
epoch 99: inverse test average loss 0.0017330735507938596.
forward model: training agent 1.
Epoch 0: forward train average loss 0.004425006556428141.
epoch 0: forward test average loss 0.008481401743160354.
Epoch 99: forward train average loss 0.0039104257917238604.
epoch 99: forward test average loss 0.007135807226101558.
inverse model, training agent 1.
epoch 0: inverse train average loss 0.005669077858328819.
epoch 0: inverse test average loss 0.013794188698132833.
epoch 99: inverse train average loss 0.0024500451205919185.
epoch 99: inverse test average loss 0.005333225139313274.
forward model: training agent 2.
Epoch 0: forward train average loss 0.009793466060525842.
epoch 0: forward test average loss 0.014233754326899847.
Epoch 99: forward train average loss 0.008904373169773154.
epoch 99: forward test average loss 0.014335994919141134.
inverse model, training agent 2.
epoch 0: inverse train average loss 0.004319051384098.
epoch 0: inverse test average loss 0.006290537201695972.
epoch 99: inverse train average loss 0.003563646123641067.
epoch 99: inverse test average loss 0.007064972900682026.
GAT episode:31/100 grounded:True sim_loss:221.8377
Policy training episode: 32, grounded actions taken: 305, last two uncertainties: {0: [0.5816861535939906, 0.5903103671140141], 1: [0.5651954035792086, 0.6056421565512816], 2: [0.610231898062759, 0.8573040265176032]}, avg agent uncertainties: [np.float64(0.5859982603540024), np.float64(0.5854187800652451), np.float64(0.7337679622901812)], grounded actions by agent: [72, 208, 25]
REAL_TRAIN step:32, travel time:148.53557358053303, q_loss:100, rewards:-43.525, queue:7.0583334, delay:0.592727, throughput:4144, violation_rate:0.0000, forceoff_rate:0.1370, violations:0, force_offs:148
REAL_TRAIN_PER_INT step:32 int:0 id:84 violations:0 force_offs:51 decisions:360 violation_rate:0.0000 forceoff_rate:0.1417 queue:4.8528
REAL_TRAIN_PER_INT step:32 int:1 id:87 violations:0 force_offs:43 decisions:360 violation_rate:0.0000 forceoff_rate:0.1194 queue:7.1083
REAL_TRAIN_PER_INT step:32 int:2 id:98 violations:0 force_offs:54 decisions:360 violation_rate:0.0000 forceoff_rate:0.1500 queue:9.2139
forward model: training agent 0.
Epoch 0: forward train average loss 0.004216404786954324.
epoch 0: forward test average loss 0.007919286274247699.
Epoch 99: forward train average loss 0.004057672185202439.
epoch 99: forward test average loss 0.00849968691666921.
inverse model, training agent 0.
epoch 0: inverse train average loss 0.0013711278119848834.
epoch 0: inverse test average loss 0.0020600800505942768.
epoch 99: inverse train average loss 0.0009679415703026785.
epoch 99: inverse test average loss 0.002063673765709003.
forward model: training agent 1.
Epoch 0: forward train average loss 0.004573001422815853.
epoch 0: forward test average loss 0.006510474822587437.
Epoch 99: forward train average loss 0.00397694447181291.
epoch 99: forward test average loss 0.006045559007260535.
inverse model, training agent 1.
epoch 0: inverse train average loss 0.006557011976838112.
epoch 0: inverse test average loss 0.007040012213918898.
epoch 99: inverse train average loss 0.0038921557780769137.
epoch 99: inverse test average loss 0.013527554563350148.
forward model: training agent 2.
Epoch 0: forward train average loss 0.009869888942274783.
epoch 0: forward test average loss 0.015791510542233784.
Epoch 99: forward train average loss 0.009081888529989455.
epoch 99: forward test average loss 0.017156129082043965.
inverse model, training agent 2.
epoch 0: inverse train average loss 0.005818594816244311.
epoch 0: inverse test average loss 0.006953632045123313.
epoch 99: inverse train average loss 0.0051970224724047715.
epoch 99: inverse test average loss 0.011557123313347498.
GAT episode:32/100 grounded:True sim_loss:210.0815
Policy training episode: 33, grounded actions taken: 383, last two uncertainties: {0: [0.5903103671140141, 0.5775609839293692], 1: [0.6056421565512816, 0.6512034487393167], 2: [0.8573040265176032, 0.7858313080337312]}, avg agent uncertainties: [np.float64(0.5839356755216916), np.float64(0.6284228026452992), np.float64(0.8215676672756672)], grounded actions by agent: [194, 111, 78]
REAL_TRAIN step:33, travel time:143.85881542699724, q_loss:100, rewards:-37.222507, queue:5.137037, delay:0.5517094, throughput:4182, violation_rate:0.0000, forceoff_rate:0.1157, violations:0, force_offs:125
REAL_TRAIN_PER_INT step:33 int:0 id:84 violations:0 force_offs:51 decisions:360 violation_rate:0.0000 forceoff_rate:0.1417 queue:4.8167
REAL_TRAIN_PER_INT step:33 int:1 id:87 violations:0 force_offs:15 decisions:360 violation_rate:0.0000 forceoff_rate:0.0417 queue:7.9111
REAL_TRAIN_PER_INT step:33 int:2 id:98 violations:0 force_offs:59 decisions:360 violation_rate:0.0000 forceoff_rate:0.1639 queue:2.6833
forward model: training agent 0.
Epoch 0: forward train average loss 0.004051789382679595.
epoch 0: forward test average loss 0.007190484139654372.
Epoch 99: forward train average loss 0.0038128838253517947.
epoch 99: forward test average loss 0.006073093041777611.
inverse model, training agent 0.
epoch 0: inverse train average loss 0.0038730905184315313.
epoch 0: inverse test average loss 0.01264154745472802.
epoch 99: inverse train average loss 0.0031563682067725393.
epoch 99: inverse test average loss 0.003748598806042638.
forward model: training agent 1.
Epoch 0: forward train average loss 0.005038237302667565.
epoch 0: forward test average loss 0.007390734843081898.
Epoch 99: forward train average loss 0.004429790243092511.
epoch 99: forward test average loss 0.008660176148017248.
inverse model, training agent 1.
epoch 0: inverse train average loss 0.010904169744915433.
epoch 0: inverse test average loss 0.021547730598184798.
epoch 99: inverse train average loss 0.004179955304910739.
epoch 99: inverse test average loss 0.00572318004237281.
forward model: training agent 2.
Epoch 0: forward train average loss 0.011102340701553557.
epoch 0: forward test average loss 0.017425755659739178.
Epoch 99: forward train average loss 0.009494474157691002.
epoch 99: forward test average loss 0.01712285727262497.
inverse model, training agent 2.
epoch 0: inverse train average loss 0.04973194830947452.
epoch 0: inverse test average loss 0.05983914269341363.
epoch 99: inverse train average loss 0.008441044638554255.
epoch 99: inverse test average loss 0.011670850217342377.
GAT episode:33/100 grounded:True sim_loss:182.4731
Policy training episode: 34, grounded actions taken: 218, last two uncertainties: {0: [0.5775609839293692, 0.7060202812155087], 1: [0.6512034487393167, 0.6424604444040193], 2: [0.7858313080337312, 0.9522300735116005]}, avg agent uncertainties: [np.float64(0.641790632572439), np.float64(0.646831946571668), np.float64(0.8690306907726659)], grounded actions by agent: [19, 172, 27]
REAL_TRAIN step:34, travel time:149.7580087577783, q_loss:100, rewards:-44.362225, queue:7.5925927, delay:0.584373, throughput:4133, violation_rate:0.0000, forceoff_rate:0.1065, violations:0, force_offs:115
REAL_TRAIN_PER_INT step:34 int:0 id:84 violations:0 force_offs:51 decisions:360 violation_rate:0.0000 forceoff_rate:0.1417 queue:4.9472
REAL_TRAIN_PER_INT step:34 int:1 id:87 violations:0 force_offs:16 decisions:360 violation_rate:0.0000 forceoff_rate:0.0444 queue:9.4139
REAL_TRAIN_PER_INT step:34 int:2 id:98 violations:0 force_offs:48 decisions:360 violation_rate:0.0000 forceoff_rate:0.1333 queue:8.4167
forward model: training agent 0.
Epoch 0: forward train average loss 0.004439682027118074.
epoch 0: forward test average loss 0.008213430229160521.
Epoch 99: forward train average loss 0.003974113251186079.
epoch 99: forward test average loss 0.008363182346026102.
inverse model, training agent 0.
epoch 0: inverse train average loss 0.0032214035745710135.
epoch 0: inverse test average loss 0.006943829150663482.
epoch 99: inverse train average loss 0.00215772879568653.
epoch 99: inverse test average loss 0.005044383928179741.
forward model: training agent 1.
Epoch 0: forward train average loss 0.004951911978423595.
epoch 0: forward test average loss 0.00877483437458674.
Epoch 99: forward train average loss 0.004205154410252969.
epoch 99: forward test average loss 0.007232670982678731.
inverse model, training agent 1.
epoch 0: inverse train average loss 0.012003602873947885.
epoch 0: inverse test average loss 0.01816270003716151.
epoch 99: inverse train average loss 0.008272589184343815.
epoch 99: inverse test average loss 0.015528185500038994.
forward model: training agent 2.
Epoch 0: forward train average loss 0.011905652574366994.
epoch 0: forward test average loss 0.020951638619105022.
Epoch 99: forward train average loss 0.009280456747445796.
epoch 99: forward test average loss 0.018684921993149653.
inverse model, training agent 2.
epoch 0: inverse train average loss 0.02077523349887795.
epoch 0: inverse test average loss 0.030962987078560725.
epoch 99: inverse train average loss 0.004669783688667748.
epoch 99: inverse test average loss 0.005635731336143281.
GAT episode:34/100 grounded:True sim_loss:165.6249
Policy training episode: 35, grounded actions taken: 501, last two uncertainties: {0: [0.7060202812155087, 0.7165484717322721], 1: [0.6424604444040193, 0.6704697041875787], 2: [0.9522300735116005, 0.843618324233426]}, avg agent uncertainties: [np.float64(0.7112843764738904), np.float64(0.6564650742957989), np.float64(0.8979241988725133)], grounded actions by agent: [75, 149, 277]
REAL_TRAIN step:35, travel time:145.55901902360762, q_loss:100, rewards:-38.505554, queue:5.6925926, delay:0.5717326, throughput:4192, violation_rate:0.0000, forceoff_rate:0.1222, violations:0, force_offs:132
REAL_TRAIN_PER_INT step:35 int:0 id:84 violations:0 force_offs:51 decisions:360 violation_rate:0.0000 forceoff_rate:0.1417 queue:5.3778
REAL_TRAIN_PER_INT step:35 int:1 id:87 violations:0 force_offs:24 decisions:360 violation_rate:0.0000 forceoff_rate:0.0667 queue:8.0389
REAL_TRAIN_PER_INT step:35 int:2 id:98 violations:0 force_offs:57 decisions:360 violation_rate:0.0000 forceoff_rate:0.1583 queue:3.6611
forward model: training agent 0.
Epoch 0: forward train average loss 0.003949493842406405.
epoch 0: forward test average loss 0.006255853300293286.
Epoch 99: forward train average loss 0.0037078626660837066.
epoch 99: forward test average loss 0.00827800834344493.
inverse model, training agent 0.
epoch 0: inverse train average loss 0.014815387005607287.
epoch 0: inverse test average loss 0.025623937447865803.
epoch 99: inverse train average loss 0.007149666030373838.
epoch 99: inverse test average loss 0.017364015181859333.
forward model: training agent 1.
Epoch 0: forward train average loss 0.0052890002520547975.
epoch 0: forward test average loss 0.00779515587621265.
Epoch 99: forward train average loss 0.00453367368835542.
epoch 99: forward test average loss 0.008615764892763562.
inverse model, training agent 1.
epoch 0: inverse train average loss 0.0122567487673627.
epoch 0: inverse test average loss 0.026796129014756944.
epoch 99: inverse train average loss 0.0077692003299792605.
epoch 99: inverse test average loss 0.013949343313773474.
forward model: training agent 2.
Epoch 0: forward train average loss 0.010803253907296393.
epoch 0: forward test average loss 0.017276822692818113.
Epoch 99: forward train average loss 0.009418458781308599.
epoch 99: forward test average loss 0.014894994182719124.
inverse model, training agent 2.
epoch 0: inverse train average loss 0.017025646443168323.
epoch 0: inverse test average loss 0.023431928621398077.
epoch 99: inverse train average loss 0.010091463310850991.
epoch 99: inverse test average loss 0.01943464328845342.
GAT episode:35/100 grounded:True sim_loss:154.0733
Policy training episode: 36, grounded actions taken: 593, last two uncertainties: {0: [0.7165484717322721, 0.6968841611511177], 1: [0.6704697041875787, 0.703025357839134], 2: [0.843618324233426, 0.8739935537179311]}, avg agent uncertainties: [np.float64(0.706716316441695), np.float64(0.6867475310133564), np.float64(0.8588059389756786)], grounded actions by agent: [194, 132, 267]
REAL_TRAIN step:36, travel time:192.49393867363918, q_loss:100, rewards:-79.72665, queue:21.345371, delay:0.6603465, throughput:3982, violation_rate:0.0000, forceoff_rate:0.1333, violations:0, force_offs:144
REAL_TRAIN_PER_INT step:36 int:0 id:84 violations:0 force_offs:51 decisions:360 violation_rate:0.0000 forceoff_rate:0.1417 queue:5.4583
REAL_TRAIN_PER_INT step:36 int:1 id:87 violations:0 force_offs:36 decisions:360 violation_rate:0.0000 forceoff_rate:0.1000 queue:54.3917
REAL_TRAIN_PER_INT step:36 int:2 id:98 violations:0 force_offs:57 decisions:360 violation_rate:0.0000 forceoff_rate:0.1583 queue:4.1861
forward model: training agent 0.
Epoch 0: forward train average loss 0.004333057182116641.
epoch 0: forward test average loss 0.006125430886944135.
Epoch 99: forward train average loss 0.0040165809397068285.
epoch 99: forward test average loss 0.006183576045764817.
inverse model, training agent 0.
epoch 0: inverse train average loss 0.011060135232077705.
epoch 0: inverse test average loss 0.020894737707244024.
epoch 99: inverse train average loss 0.0070560891181230545.
epoch 99: inverse test average loss 0.010266138033734428.
forward model: training agent 1.
Epoch 0: forward train average loss 0.042256580044825874.
epoch 0: forward test average loss 0.03789710170692868.
Epoch 99: forward train average loss 0.007061837861935298.
epoch 99: forward test average loss 0.010672632604837418.
inverse model, training agent 1.
epoch 0: inverse train average loss 0.008458653878834512.
epoch 0: inverse test average loss 0.011359455270899666.
epoch 99: inverse train average loss 0.006561364150709576.
epoch 99: inverse test average loss 0.016036219894886017.
forward model: training agent 2.
Epoch 0: forward train average loss 0.0159782398906019.
epoch 0: forward test average loss 0.02210831642150879.
Epoch 99: forward train average loss 0.011961876725157103.
epoch 99: forward test average loss 0.020262411071194544.
inverse model, training agent 2.
epoch 0: inverse train average loss 0.009286110185914569.
epoch 0: inverse test average loss 0.020394703166352376.
epoch 99: inverse train average loss 0.008801060832209058.
epoch 99: inverse test average loss 0.012971943865219751.
GAT episode:36/100 grounded:True sim_loss:125.1330
Policy training episode: 37, grounded actions taken: 727, last two uncertainties: {0: [0.6968841611511177, 0.8425668726364771], 1: [0.703025357839134, 0.396091511597236], 2: [0.8739935537179311, 0.6743852948149045]}, avg agent uncertainties: [np.float64(0.7697255168937974), np.float64(0.549558434718185), np.float64(0.7741894242664178)], grounded actions by agent: [62, 328, 337]
REAL_TRAIN step:37, travel time:145.62777905111162, q_loss:100, rewards:-39.10334, queue:5.9092593, delay:0.5798973, throughput:4194, violation_rate:0.0000, forceoff_rate:0.1065, violations:0, force_offs:115
REAL_TRAIN_PER_INT step:37 int:0 id:84 violations:0 force_offs:51 decisions:360 violation_rate:0.0000 forceoff_rate:0.1417 queue:5.2111
REAL_TRAIN_PER_INT step:37 int:1 id:87 violations:0 force_offs:27 decisions:360 violation_rate:0.0000 forceoff_rate:0.0750 queue:7.7556
REAL_TRAIN_PER_INT step:37 int:2 id:98 violations:0 force_offs:37 decisions:360 violation_rate:0.0000 forceoff_rate:0.1028 queue:4.7611
forward model: training agent 0.
Epoch 0: forward train average loss 0.0039198073661989635.
epoch 0: forward test average loss 0.007042929323183166.
Epoch 99: forward train average loss 0.0036774205250872504.
epoch 99: forward test average loss 0.00699052069750097.
inverse model, training agent 0.
epoch 0: inverse train average loss 0.007019952870905399.
epoch 0: inverse test average loss 0.021379332575533126.
epoch 99: inverse train average loss 0.006139444394244088.
epoch 99: inverse test average loss 0.016998015758064058.
forward model: training agent 1.
Epoch 0: forward train average loss 0.005718619355724918.
epoch 0: forward test average loss 0.009635030809375975.
Epoch 99: forward train average loss 0.004382773250755336.
epoch 99: forward test average loss 0.007693529956870609.
inverse model, training agent 1.
epoch 0: inverse train average loss 0.0068843937996360995.
epoch 0: inverse test average loss 0.007314314769852596.
epoch 99: inverse train average loss 0.004365066221604745.
epoch 99: inverse test average loss 0.007192189080847634.
forward model: training agent 2.
Epoch 0: forward train average loss 0.010668167637454139.
epoch 0: forward test average loss 0.017365359597735934.
Epoch 99: forward train average loss 0.009357537142932415.
epoch 99: forward test average loss 0.016259194248252444.
inverse model, training agent 2.
epoch 0: inverse train average loss 0.008531573745939467.
epoch 0: inverse test average loss 0.013877313998010423.
epoch 99: inverse train average loss 0.0076152898578180205.
epoch 99: inverse test average loss 0.018094692793157365.
GAT episode:37/100 grounded:True sim_loss:89.1711
Policy training episode: 38, grounded actions taken: 275, last two uncertainties: {0: [0.8425668726364771, 0.8496533701817195], 1: [0.396091511597236, 0.7050993728968832], 2: [0.6743852948149045, 0.8210030463006761]}, avg agent uncertainties: [np.float64(0.8461101214090982), np.float64(0.5505954422470596), np.float64(0.7476941705577903)], grounded actions by agent: [106, 64, 105]
REAL_TRAIN step:38, travel time:165.35817419655334, q_loss:100, rewards:-58.436665, queue:13.2287035, delay:0.6309363, throughput:4074, violation_rate:0.0000, forceoff_rate:0.1222, violations:0, force_offs:132
REAL_TRAIN_PER_INT step:38 int:0 id:84 violations:0 force_offs:51 decisions:360 violation_rate:0.0000 forceoff_rate:0.1417 queue:5.9306
REAL_TRAIN_PER_INT step:38 int:1 id:87 violations:0 force_offs:27 decisions:360 violation_rate:0.0000 forceoff_rate:0.0750 queue:28.5889
REAL_TRAIN_PER_INT step:38 int:2 id:98 violations:0 force_offs:54 decisions:360 violation_rate:0.0000 forceoff_rate:0.1500 queue:5.1667
forward model: training agent 0.
Epoch 0: forward train average loss 0.004282329231500626.
epoch 0: forward test average loss 0.008118386483854718.
Epoch 99: forward train average loss 0.003952379700624281.
epoch 99: forward test average loss 0.006298943526215023.
inverse model, training agent 0.
epoch 0: inverse train average loss 0.008163250051438808.
epoch 0: inverse test average loss 0.012303188857105043.
epoch 99: inverse train average loss 0.007757714328666528.
epoch 99: inverse test average loss 0.0061145562471614946.
forward model: training agent 1.
Epoch 0: forward train average loss 0.012466659562455283.
epoch 0: forward test average loss 0.01647971322139104.
Epoch 99: forward train average loss 0.004365007186101543.
epoch 99: forward test average loss 0.009310519943634668.
inverse model, training agent 1.
epoch 0: inverse train average loss 0.004413119155085749.
epoch 0: inverse test average loss 0.005855141311056084.
epoch 99: inverse train average loss 0.0035226670507755545.
epoch 99: inverse test average loss 0.007447212727533447.
forward model: training agent 2.
Epoch 0: forward train average loss 0.015065096318721771.
epoch 0: forward test average loss 0.020921991103225283.
Epoch 99: forward train average loss 0.00961426966306236.
epoch 99: forward test average loss 0.01687594834301207.
inverse model, training agent 2.
epoch 0: inverse train average loss 0.008786265117426714.
epoch 0: inverse test average loss 0.01385566426648034.
epoch 99: inverse train average loss 0.008037399914529588.
epoch 99: inverse test average loss 0.011813104980521731.
GAT episode:38/100 grounded:True sim_loss:79.7508
Policy training episode: 39, grounded actions taken: 274, last two uncertainties: {0: [0.8496533701817195, 0.9769492447376251], 1: [0.7050993728968832, 0.5762485388252471], 2: [0.8210030463006761, 0.8494880313674609]}, avg agent uncertainties: [np.float64(0.9133013074596723), np.float64(0.6406739558610651), np.float64(0.8352455388340685)], grounded actions by agent: [81, 175, 18]
REAL_TRAIN step:39, travel time:147.06437471158284, q_loss:100, rewards:-39.988346, queue:6.335185, delay:0.54847455, throughput:4154, violation_rate:0.0000, forceoff_rate:0.1102, violations:0, force_offs:119
REAL_TRAIN_PER_INT step:39 int:0 id:84 violations:0 force_offs:51 decisions:360 violation_rate:0.0000 forceoff_rate:0.1417 queue:6.1750
REAL_TRAIN_PER_INT step:39 int:1 id:87 violations:0 force_offs:14 decisions:360 violation_rate:0.0000 forceoff_rate:0.0389 queue:10.3056
REAL_TRAIN_PER_INT step:39 int:2 id:98 violations:0 force_offs:54 decisions:360 violation_rate:0.0000 forceoff_rate:0.1500 queue:2.5250
forward model: training agent 0.
Epoch 0: forward train average loss 0.004252533376630809.
epoch 0: forward test average loss 0.006777958116597599.
Epoch 99: forward train average loss 0.004005578553511037.
epoch 99: forward test average loss 0.006510658396614922.
inverse model, training agent 0.
epoch 0: inverse train average loss 0.005685850046575069.
epoch 0: inverse test average loss 0.008831837524970373.
epoch 99: inverse train average loss 0.002891126037057903.
epoch 99: inverse test average loss 0.004041715266389979.
forward model: training agent 1.
Epoch 0: forward train average loss 0.005965022577179803.
epoch 0: forward test average loss 0.008256622693604894.
Epoch 99: forward train average loss 0.005090960094498264.
epoch 99: forward test average loss 0.008553894857565561.
inverse model, training agent 1.
epoch 0: inverse train average loss 0.015100451186299324.
epoch 0: inverse test average loss 0.01756473258137703.
epoch 99: inverse train average loss 0.0027376620047208336.
epoch 99: inverse test average loss 0.01143793161544535.
forward model: training agent 2.
Epoch 0: forward train average loss 0.011173745410309898.
epoch 0: forward test average loss 0.01765732963879903.
Epoch 99: forward train average loss 0.009970723754829831.
epoch 99: forward test average loss 0.017887816660934024.
inverse model, training agent 2.
epoch 0: inverse train average loss 0.010197184772955047.
epoch 0: inverse test average loss 0.015076177815596262.
epoch 99: inverse train average loss 0.00793966454350286.
epoch 99: inverse test average loss 0.011852434111966027.
GAT episode:39/100 grounded:True sim_loss:77.6179
Policy training episode: 40, grounded actions taken: 386, last two uncertainties: {0: [0.9769492447376251, 1.1573010279072655], 1: [0.5762485388252471, 0.6184154397083653], 2: [0.8494880313674609, 0.8736593049433496]}, avg agent uncertainties: [np.float64(1.0671251363224452), np.float64(0.5973319892668062), np.float64(0.8615736681554053)], grounded actions by agent: [48, 209, 129]
REAL_TRAIN step:40, travel time:150.80934837669813, q_loss:100, rewards:-42.30334, queue:7.4166665, delay:0.5871363, throughput:4172, violation_rate:0.0000, forceoff_rate:0.1194, violations:0, force_offs:129
REAL_TRAIN_PER_INT step:40 int:0 id:84 violations:0 force_offs:51 decisions:360 violation_rate:0.0000 forceoff_rate:0.1417 queue:6.2306
REAL_TRAIN_PER_INT step:40 int:1 id:87 violations:0 force_offs:21 decisions:360 violation_rate:0.0000 forceoff_rate:0.0583 queue:12.7028
REAL_TRAIN_PER_INT step:40 int:2 id:98 violations:0 force_offs:57 decisions:360 violation_rate:0.0000 forceoff_rate:0.1583 queue:3.3167
forward model: training agent 0.
Epoch 0: forward train average loss 0.004101835708651278.
epoch 0: forward test average loss 0.007391276872820324.
Epoch 99: forward train average loss 0.003739267225480742.
epoch 99: forward test average loss 0.0066080401755041545.
inverse model, training agent 0.
epoch 0: inverse train average loss 0.00653045614146524.
epoch 0: inverse test average loss 0.018808763888147142.
epoch 99: inverse train average loss 0.004835686335961024.
epoch 99: inverse test average loss 0.008427464920613501.
forward model: training agent 1.
Epoch 0: forward train average loss 0.005436566968758901.
epoch 0: forward test average loss 0.00939539654387368.
Epoch 99: forward train average loss 0.004786061588674784.
epoch 99: forward test average loss 0.008550857918130027.
inverse model, training agent 1.
epoch 0: inverse train average loss 0.003622753597382042.
epoch 0: inverse test average loss 0.005294009215301937.
epoch 99: inverse train average loss 0.002683858076731364.
epoch 99: inverse test average loss 0.0035398400181697477.
forward model: training agent 2.
Epoch 0: forward train average loss 0.012739902155266868.
epoch 0: forward test average loss 0.01893990735212962.
Epoch 99: forward train average loss 0.010638997786574893.
epoch 99: forward test average loss 0.017668012115690444.
inverse model, training agent 2.
epoch 0: inverse train average loss 0.008346771407458518.
epoch 0: inverse test average loss 0.008741205765141381.
epoch 99: inverse train average loss 0.006574760812024276.
epoch 99: inverse test average loss 0.006631162948906422.
GAT episode:40/100 grounded:True sim_loss:70.9022
Policy training episode: 41, grounded actions taken: 781, last two uncertainties: {0: [1.1573010279072655, 1.1484060181511773], 1: [0.6184154397083653, 0.36860454426043565], 2: [0.8736593049433496, 0.562769871039523]}, avg agent uncertainties: [np.float64(1.1528535230292214), np.float64(0.4935099919844005), np.float64(0.7182145879914363)], grounded actions by agent: [135, 311, 335]
REAL_TRAIN step:41, travel time:148.18728403593641, q_loss:100, rewards:-39.07278, queue:6.8935184, delay:0.57433385, throughput:4155, violation_rate:0.0000, forceoff_rate:0.1167, violations:0, force_offs:126
REAL_TRAIN_PER_INT step:41 int:0 id:84 violations:0 force_offs:51 decisions:360 violation_rate:0.0000 forceoff_rate:0.1417 queue:5.8167
REAL_TRAIN_PER_INT step:41 int:1 id:87 violations:0 force_offs:18 decisions:360 violation_rate:0.0000 forceoff_rate:0.0500 queue:10.9944
REAL_TRAIN_PER_INT step:41 int:2 id:98 violations:0 force_offs:57 decisions:360 violation_rate:0.0000 forceoff_rate:0.1583 queue:3.8694
forward model: training agent 0.
Epoch 0: forward train average loss 0.004116663916243447.
epoch 0: forward test average loss 0.005877988412976265.
Epoch 99: forward train average loss 0.003919060031572978.
epoch 99: forward test average loss 0.005693960313995679.
inverse model, training agent 0.
epoch 0: inverse train average loss 0.005580601489378346.
epoch 0: inverse test average loss 0.0076796431094408035.
epoch 99: inverse train average loss 0.002833601087331772.
epoch 99: inverse test average loss 0.010428208236893019.
forward model: training agent 1.
Epoch 0: forward train average loss 0.007225567371480995.
epoch 0: forward test average loss 0.011178220311800638.
Epoch 99: forward train average loss 0.004206853660030497.
epoch 99: forward test average loss 0.007694291157854928.
inverse model, training agent 1.
epoch 0: inverse train average loss 0.04575267806649208.
epoch 0: inverse test average loss 0.08981057504812877.
epoch 99: inverse train average loss 0.01185153155691094.
epoch 99: inverse test average loss 0.021273872918552823.
forward model: training agent 2.
Epoch 0: forward train average loss 0.012564975975288285.
epoch 0: forward test average loss 0.018588354190190632.
Epoch 99: forward train average loss 0.009358217836254172.
epoch 99: forward test average loss 0.01457438866297404.
inverse model, training agent 2.
epoch 0: inverse train average loss 0.008167623128328059.
epoch 0: inverse test average loss 0.009851132623023458.
epoch 99: inverse train average loss 0.007828901314900981.
epoch 99: inverse test average loss 0.011992649071746402.
GAT episode:41/100 grounded:True sim_loss:68.5863
Policy training episode: 42, grounded actions taken: 368, last two uncertainties: {0: [1.1484060181511773, 1.0933209443257914], 1: [0.36860454426043565, 0.6081457682781749], 2: [0.562769871039523, 0.7743163289295303]}, avg agent uncertainties: [np.float64(1.1208634812384843), np.float64(0.4883751562693053), np.float64(0.6685430999845267)], grounded actions by agent: [216, 86, 66]
REAL_TRAIN step:42, travel time:145.70713793894882, q_loss:100, rewards:-37.76055, queue:5.8305554, delay:0.5615005, throughput:4184, violation_rate:0.0000, forceoff_rate:0.1148, violations:0, force_offs:124
REAL_TRAIN_PER_INT step:42 int:0 id:84 violations:0 force_offs:51 decisions:360 violation_rate:0.0000 forceoff_rate:0.1417 queue:6.5111
REAL_TRAIN_PER_INT step:42 int:1 id:87 violations:0 force_offs:16 decisions:360 violation_rate:0.0000 forceoff_rate:0.0444 queue:7.2500
REAL_TRAIN_PER_INT step:42 int:2 id:98 violations:0 force_offs:57 decisions:360 violation_rate:0.0000 forceoff_rate:0.1583 queue:3.7306
forward model: training agent 0.
Epoch 0: forward train average loss 0.004112363172074159.
epoch 0: forward test average loss 0.006429749230543773.
Epoch 99: forward train average loss 0.003640607309838136.
epoch 99: forward test average loss 0.006791625585820939.
inverse model, training agent 0.
epoch 0: inverse train average loss 0.01290579398887025.
epoch 0: inverse test average loss 0.028004280394977994.
epoch 99: inverse train average loss 0.00526415416970849.
epoch 99: inverse test average loss 0.011643182072374556.
forward model: training agent 1.
Epoch 0: forward train average loss 0.004597185800472896.
epoch 0: forward test average loss 0.007494788202974532.
Epoch 99: forward train average loss 0.003974902340107494.
epoch 99: forward test average loss 0.007498549297451973.
inverse model, training agent 1.
epoch 0: inverse train average loss 0.005696732343898879.
epoch 0: inverse test average loss 0.009586405009031296.
epoch 99: inverse train average loss 0.0030771393018464246.
epoch 99: inverse test average loss 0.0035730962538056904.
forward model: training agent 2.
Epoch 0: forward train average loss 0.010122003654638926.
epoch 0: forward test average loss 0.015946124990781147.
Epoch 99: forward train average loss 0.009211677230066724.
epoch 99: forward test average loss 0.01739987979332606.
inverse model, training agent 2.
epoch 0: inverse train average loss 0.009664244018495083.
epoch 0: inverse test average loss 0.009228743198845122.
epoch 99: inverse train average loss 0.008928378216094442.
epoch 99: inverse test average loss 0.00794906686577532.
GAT episode:42/100 grounded:True sim_loss:68.5067
Policy training episode: 43, grounded actions taken: 313, last two uncertainties: {0: [1.0933209443257914, 1.165699140396383], 1: [0.6081457682781749, 0.5407651505536504], 2: [0.7743163289295303, 0.7780090853571892]}, avg agent uncertainties: [np.float64(1.1295100423610873), np.float64(0.5744554594159126), np.float64(0.7761627071433597)], grounded actions by agent: [153, 156, 4]
REAL_TRAIN step:43, travel time:146.85507246376812, q_loss:100, rewards:-41.657482, queue:6.4342594, delay:0.55084896, throughput:4169, violation_rate:0.0000, forceoff_rate:0.1065, violations:0, force_offs:115
REAL_TRAIN_PER_INT step:43 int:0 id:84 violations:0 force_offs:41 decisions:360 violation_rate:0.0000 forceoff_rate:0.1139 queue:7.7056
REAL_TRAIN_PER_INT step:43 int:1 id:87 violations:0 force_offs:16 decisions:360 violation_rate:0.0000 forceoff_rate:0.0444 queue:8.5861
REAL_TRAIN_PER_INT step:43 int:2 id:98 violations:0 force_offs:58 decisions:360 violation_rate:0.0000 forceoff_rate:0.1611 queue:3.0111
forward model: training agent 0.
Epoch 0: forward train average loss 0.005066952564650112.
epoch 0: forward test average loss 0.008188401038448015.
Epoch 99: forward train average loss 0.0039198389276862144.
epoch 99: forward test average loss 0.006619258266356256.
inverse model, training agent 0.
epoch 0: inverse train average loss 0.009709371771249507.
epoch 0: inverse test average loss 0.009473857780297598.
epoch 99: inverse train average loss 0.007362993537551827.
epoch 99: inverse test average loss 0.00792475003335211.
forward model: training agent 1.
Epoch 0: forward train average loss 0.005537020249499215.
epoch 0: forward test average loss 0.009619759188758003.
Epoch 99: forward train average loss 0.004688935509572427.
epoch 99: forward test average loss 0.007250978300968806.
inverse model, training agent 1.
epoch 0: inverse train average loss 0.004067778975392382.
epoch 0: inverse test average loss 0.0038927483320650128.
epoch 99: inverse train average loss 0.0028758507946299184.
epoch 99: inverse test average loss 0.005698534349600474.
forward model: training agent 2.
Epoch 0: forward train average loss 0.010534256282779906.
epoch 0: forward test average loss 0.01657161530521181.
Epoch 99: forward train average loss 0.009542432717151113.
epoch 99: forward test average loss 0.02068505518966251.
inverse model, training agent 2.
epoch 0: inverse train average loss 0.00764270695961184.
epoch 0: inverse test average loss 0.014905479219224717.
epoch 99: inverse train average loss 0.00697190376619498.
epoch 99: inverse test average loss 0.010941114276647568.
GAT episode:43/100 grounded:True sim_loss:64.8056
Policy training episode: 44, grounded actions taken: 547, last two uncertainties: {0: [1.165699140396383, 1.0339003619220521], 1: [0.5407651505536504, 0.5568269215524196], 2: [0.7780090853571892, 0.8240627523925569]}, avg agent uncertainties: [np.float64(1.0997997511592175), np.float64(0.5487960360530351), np.float64(0.801035918874873)], grounded actions by agent: [222, 221, 104]
REAL_TRAIN step:44, travel time:151.94140715109575, q_loss:100, rewards:-46.10777, queue:8.453704, delay:0.5724615, throughput:4127, violation_rate:0.0000, forceoff_rate:0.1269, violations:0, force_offs:137
REAL_TRAIN_PER_INT step:44 int:0 id:84 violations:0 force_offs:49 decisions:360 violation_rate:0.0000 forceoff_rate:0.1361 queue:6.6472
REAL_TRAIN_PER_INT step:44 int:1 id:87 violations:0 force_offs:32 decisions:360 violation_rate:0.0000 forceoff_rate:0.0889 queue:16.1333
REAL_TRAIN_PER_INT step:44 int:2 id:98 violations:0 force_offs:56 decisions:360 violation_rate:0.0000 forceoff_rate:0.1556 queue:2.5806
forward model: training agent 0.
Epoch 0: forward train average loss 0.004392946552899148.
epoch 0: forward test average loss 0.009200195057524575.
Epoch 99: forward train average loss 0.0037004617560240957.
epoch 99: forward test average loss 0.007475994527339935.
inverse model, training agent 0.
epoch 0: inverse train average loss 0.010446138369540373.
epoch 0: inverse test average loss 0.012106488148371378.
epoch 99: inverse train average loss 0.007445101936658223.
epoch 99: inverse test average loss 0.012235726333326764.
forward model: training agent 1.
Epoch 0: forward train average loss 0.007117533642384741.
epoch 0: forward test average loss 0.01608703202671475.
Epoch 99: forward train average loss 0.0046244085145493346.
epoch 99: forward test average loss 0.014081762068801455.
inverse model, training agent 1.
epoch 0: inverse train average loss 0.006969684631460243.
epoch 0: inverse test average loss 0.008001434099343088.
epoch 99: inverse train average loss 0.004468009651949008.
epoch 99: inverse test average loss 0.004877768456935883.
forward model: training agent 2.
Epoch 0: forward train average loss 0.010752429978715049.
epoch 0: forward test average loss 0.01645760652091768.
Epoch 99: forward train average loss 0.00976909345222844.
epoch 99: forward test average loss 0.013881135318014357.
inverse model, training agent 2.
epoch 0: inverse train average loss 0.010264560166332457.
epoch 0: inverse test average loss 0.014839241488112343.
epoch 99: inverse train average loss 0.008341346349981096.
epoch 99: inverse test average loss 0.008604249606529871.
GAT episode:44/100 grounded:True sim_loss:60.4193
Policy training episode: 45, grounded actions taken: 424, last two uncertainties: {0: [1.0339003619220521, 1.2916226343976127], 1: [0.5568269215524196, 0.5263418844176664], 2: [0.8240627523925569, 0.8511737285388841]}, avg agent uncertainties: [np.float64(1.1627614981598324), np.float64(0.541584402985043), np.float64(0.8376182404657204)], grounded actions by agent: [81, 234, 109]
REAL_TRAIN step:45, travel time:159.35707678075855, q_loss:100, rewards:-52.97666, queue:10.929629, delay:0.5934746, throughput:4123, violation_rate:0.0000, forceoff_rate:0.1185, violations:0, force_offs:128
REAL_TRAIN_PER_INT step:45 int:0 id:84 violations:0 force_offs:50 decisions:360 violation_rate:0.0000 forceoff_rate:0.1389 queue:6.3278
REAL_TRAIN_PER_INT step:45 int:1 id:87 violations:0 force_offs:24 decisions:360 violation_rate:0.0000 forceoff_rate:0.0667 queue:23.5889
REAL_TRAIN_PER_INT step:45 int:2 id:98 violations:0 force_offs:54 decisions:360 violation_rate:0.0000 forceoff_rate:0.1500 queue:2.8722
forward model: training agent 0.
Epoch 0: forward train average loss 0.004186482323954503.
epoch 0: forward test average loss 0.008689331511656443.
Epoch 99: forward train average loss 0.00371328912054499.
epoch 99: forward test average loss 0.006621731238232719.
inverse model, training agent 0.
epoch 0: inverse train average loss 0.005488207563757896.
epoch 0: inverse test average loss 0.006663991759220759.
epoch 99: inverse train average loss 0.004000832740631368.
epoch 99: inverse test average loss 0.005331928531328837.
forward model: training agent 1.
Epoch 0: forward train average loss 0.007060349194539918.
epoch 0: forward test average loss 0.011579992870489756.
Epoch 99: forward train average loss 0.005510544197426902.
epoch 99: forward test average loss 0.0109052455259694.
inverse model, training agent 1.
epoch 0: inverse train average loss 0.007066180722581016.
epoch 0: inverse test average loss 0.006810826145940357.
epoch 99: inverse train average loss 0.004963128051410119.
epoch 99: inverse test average loss 0.012110527604818344.
forward model: training agent 2.
Epoch 0: forward train average loss 0.011442437767982483.
epoch 0: forward test average loss 0.018432175119717915.
Epoch 99: forward train average loss 0.010068404798706373.
epoch 99: forward test average loss 0.019564927452140383.
inverse model, training agent 2.
epoch 0: inverse train average loss 0.008048332710233.
epoch 0: inverse test average loss 0.014232727802462049.
epoch 99: inverse train average loss 0.0069327567600541646.
epoch 99: inverse test average loss 0.010424943019946417.
GAT episode:45/100 grounded:True sim_loss:53.7175
Policy training episode: 46, grounded actions taken: 822, last two uncertainties: {0: [1.2916226343976127, 1.192787717945046], 1: [0.5263418844176664, 0.3261072080996301], 2: [0.8511737285388841, 0.5094103022582002]}, avg agent uncertainties: [np.float64(1.2422051761713293), np.float64(0.42622454625864825), np.float64(0.6802920153985421)], grounded actions by agent: [154, 332, 336]
REAL_TRAIN step:46, travel time:192.38151658767774, q_loss:100, rewards:-79.716675, queue:21.151852, delay:0.585496, throughput:3998, violation_rate:0.0000, forceoff_rate:0.1519, violations:0, force_offs:164
REAL_TRAIN_PER_INT step:46 int:0 id:84 violations:0 force_offs:50 decisions:360 violation_rate:0.0000 forceoff_rate:0.1389 queue:6.9778
REAL_TRAIN_PER_INT step:46 int:1 id:87 violations:0 force_offs:56 decisions:360 violation_rate:0.0000 forceoff_rate:0.1556 queue:53.2639
REAL_TRAIN_PER_INT step:46 int:2 id:98 violations:0 force_offs:58 decisions:360 violation_rate:0.0000 forceoff_rate:0.1611 queue:3.2139
forward model: training agent 0.
Epoch 0: forward train average loss 0.004531998859925402.
epoch 0: forward test average loss 0.00702951413889726.
Epoch 99: forward train average loss 0.003945013818641503.
epoch 99: forward test average loss 0.00843729761739572.
inverse model, training agent 0.
epoch 0: inverse train average loss 0.00454484179822935.
epoch 0: inverse test average loss 0.010438924034436544.
epoch 99: inverse train average loss 0.003662947720537583.
epoch 99: inverse test average loss 0.004018405374760429.
forward model: training agent 1.
Epoch 0: forward train average loss 0.01340931322839525.
epoch 0: forward test average loss 0.020652026765876345.
Epoch 99: forward train average loss 0.006346433319979244.
epoch 99: forward test average loss 0.009903619272841347.
inverse model, training agent 1.
epoch 0: inverse train average loss 0.008547707357340388.
epoch 0: inverse test average loss 0.008181812655594613.
epoch 99: inverse train average loss 0.005703234320713414.
epoch 99: inverse test average loss 0.007861342281103134.
forward model: training agent 2.
Epoch 0: forward train average loss 0.01589020134674178.
epoch 0: forward test average loss 0.021947786211967468.
Epoch 99: forward train average loss 0.012815523892641068.
epoch 99: forward test average loss 0.019409404032760195.
inverse model, training agent 2.
epoch 0: inverse train average loss 0.00878629626499282.
epoch 0: inverse test average loss 0.014356594118807051.
epoch 99: inverse train average loss 0.008330516931083467.
epoch 99: inverse test average loss 0.011522408988740709.
GAT episode:46/100 grounded:True sim_loss:47.0143
Policy training episode: 47, grounded actions taken: 393, last two uncertainties: {0: [1.192787717945046, 1.1064073756337165], 1: [0.3261072080996301, 0.5119615266720454], 2: [0.5094103022582002, 0.8075488151775466]}, avg agent uncertainties: [np.float64(1.1495975467893813), np.float64(0.41903436738583777), np.float64(0.6584795587178733)], grounded actions by agent: [248, 140, 5]
REAL_TRAIN step:47, travel time:183.91054991739438, q_loss:100, rewards:-68.80027, queue:18.128704, delay:0.5880187, throughput:3976, violation_rate:0.0000, forceoff_rate:0.1389, violations:0, force_offs:150
REAL_TRAIN_PER_INT step:47 int:0 id:84 violations:0 force_offs:50 decisions:360 violation_rate:0.0000 forceoff_rate:0.1389 queue:6.6944
REAL_TRAIN_PER_INT step:47 int:1 id:87 violations:0 force_offs:41 decisions:360 violation_rate:0.0000 forceoff_rate:0.1139 queue:44.1389
REAL_TRAIN_PER_INT step:47 int:2 id:98 violations:0 force_offs:59 decisions:360 violation_rate:0.0000 forceoff_rate:0.1639 queue:3.5528
forward model: training agent 0.
Epoch 0: forward train average loss 0.004227515930930774.
epoch 0: forward test average loss 0.006841044252117475.
Epoch 99: forward train average loss 0.0037747294021149478.
epoch 99: forward test average loss 0.007939515014489492.
inverse model, training agent 0.
epoch 0: inverse train average loss 0.0030258724259005654.
epoch 0: inverse test average loss 0.004075493767029709.
epoch 99: inverse train average loss 0.0018536113331922227.
epoch 99: inverse test average loss 0.0030501223583188322.
forward model: training agent 1.
Epoch 0: forward train average loss 0.008789197955694463.
epoch 0: forward test average loss 0.012541787905825509.
Epoch 99: forward train average loss 0.006705454033282068.
epoch 99: forward test average loss 0.009939361777570512.
inverse model, training agent 1.
epoch 0: inverse train average loss 0.01709731833802329.
epoch 0: inverse test average loss 0.02754045112265481.
epoch 99: inverse train average loss 0.004967829160806205.
epoch 99: inverse test average loss 0.008854639199044969.
forward model: training agent 2.
Epoch 0: forward train average loss 0.015213194613655409.
epoch 0: forward test average loss 0.019320599734783173.
Epoch 99: forward train average loss 0.011609200802114274.
epoch 99: forward test average loss 0.018528964784410264.
inverse model, training agent 2.
epoch 0: inverse train average loss 0.007198188350432449.
epoch 0: inverse test average loss 0.014673246691624323.
epoch 99: inverse train average loss 0.005670616610182656.
epoch 99: inverse test average loss 0.00962370302942064.
GAT episode:47/100 grounded:True sim_loss:44.6490
Policy training episode: 48, grounded actions taken: 242, last two uncertainties: {0: [1.1064073756337165, 1.1044835971461402], 1: [0.5119615266720454, 0.6102293829123179], 2: [0.8075488151775466, 0.7829516207178434]}, avg agent uncertainties: [np.float64(1.1054454863899283), np.float64(0.5610954547921816), np.float64(0.795250217947695)], grounded actions by agent: [191, 47, 4]
REAL_TRAIN step:48, travel time:187.72082434699257, q_loss:100, rewards:-67.89666, queue:18.825926, delay:0.5695489, throughput:3919, violation_rate:0.0000, forceoff_rate:0.1463, violations:0, force_offs:158
REAL_TRAIN_PER_INT step:48 int:0 id:84 violations:0 force_offs:50 decisions:360 violation_rate:0.0000 forceoff_rate:0.1389 queue:6.5056
REAL_TRAIN_PER_INT step:48 int:1 id:87 violations:0 force_offs:52 decisions:360 violation_rate:0.0000 forceoff_rate:0.1444 queue:46.6806
REAL_TRAIN_PER_INT step:48 int:2 id:98 violations:0 force_offs:56 decisions:360 violation_rate:0.0000 forceoff_rate:0.1556 queue:3.2917
forward model: training agent 0.
Epoch 0: forward train average loss 0.003793264894435803.
epoch 0: forward test average loss 0.006486719474196434.
Epoch 99: forward train average loss 0.003448203826944033.
epoch 99: forward test average loss 0.007825270295143127.
inverse model, training agent 0.
epoch 0: inverse train average loss 0.001484631250301997.
epoch 0: inverse test average loss 0.0024806089285347196.
epoch 99: inverse train average loss 0.0009025754116009921.
epoch 99: inverse test average loss 0.00143071328703728.
forward model: training agent 1.
Epoch 0: forward train average loss 0.009163755613068739.
epoch 0: forward test average loss 0.011313226073980331.
Epoch 99: forward train average loss 0.005764633417129517.
epoch 99: forward test average loss 0.008160460326406691.
inverse model, training agent 1.
epoch 0: inverse train average loss 0.011786475363704894.
epoch 0: inverse test average loss 0.005052490393508278.
epoch 99: inverse train average loss 0.00676192208710644.
epoch 99: inverse test average loss 0.009846289538674884.
forward model: training agent 2.
Epoch 0: forward train average loss 0.013328262915213903.
epoch 0: forward test average loss 0.01831243849462933.
Epoch 99: forward train average loss 0.010701704149444899.
epoch 99: forward test average loss 0.0172429159283638.
inverse model, training agent 2.
epoch 0: inverse train average loss 0.007199585334294372.
epoch 0: inverse test average loss 0.011852678739362292.
epoch 99: inverse train average loss 0.006458035566740566.
epoch 99: inverse test average loss 0.007764859435458978.
GAT episode:48/100 grounded:True sim_loss:42.1940
Policy training episode: 49, grounded actions taken: 715, last two uncertainties: {0: [1.1044835971461402, 1.1157975314391984], 1: [0.6102293829123179, 0.5526305610107051], 2: [0.7829516207178434, 0.49858763532506095]}, avg agent uncertainties: [np.float64(1.1101405642926694), np.float64(0.5814299719615115), np.float64(0.6407696280214522)], grounded actions by agent: [170, 211, 334]
REAL_TRAIN step:49, travel time:193.5090860502405, q_loss:100, rewards:-77.43888, queue:20.139814, delay:0.5368216, throughput:3540, violation_rate:0.0000, forceoff_rate:0.1278, violations:0, force_offs:138
REAL_TRAIN_PER_INT step:49 int:0 id:84 violations:0 force_offs:46 decisions:360 violation_rate:0.0000 forceoff_rate:0.1278 queue:5.7111
REAL_TRAIN_PER_INT step:49 int:1 id:87 violations:0 force_offs:43 decisions:360 violation_rate:0.0000 forceoff_rate:0.1194 queue:51.6917
REAL_TRAIN_PER_INT step:49 int:2 id:98 violations:0 force_offs:49 decisions:360 violation_rate:0.0000 forceoff_rate:0.1361 queue:3.0167
forward model: training agent 0.
Epoch 0: forward train average loss 0.003631449666702085.
epoch 0: forward test average loss 0.005457060618533028.
Epoch 99: forward train average loss 0.0031492520744601884.
epoch 99: forward test average loss 0.00551537714070744.
inverse model, training agent 0.
epoch 0: inverse train average loss 0.004954011645168066.
epoch 0: inverse test average loss 0.003505788436288842.
epoch 99: inverse train average loss 0.003033449226576421.
epoch 99: inverse test average loss 0.004683751612901688.
forward model: training agent 1.
Epoch 0: forward train average loss 0.007122083981004026.
epoch 0: forward test average loss 0.009447512941228019.
Epoch 99: forward train average loss 0.0037741194893088606.
epoch 99: forward test average loss 0.0072477832436561584.
inverse model, training agent 1.
epoch 0: inverse train average loss 0.004294882114562724.
epoch 0: inverse test average loss 0.005774121110637982.
epoch 99: inverse train average loss 0.002032535603373415.
epoch 99: inverse test average loss 0.0041956827044487.
forward model: training agent 2.
Epoch 0: forward train average loss 0.00931771368616157.
epoch 0: forward test average loss 0.015779504345522985.
Epoch 99: forward train average loss 0.00760881882160902.
epoch 99: forward test average loss 0.012697528219885297.
inverse model, training agent 2.
epoch 0: inverse train average loss 0.007878159276313253.
epoch 0: inverse test average loss 0.013909919394387139.
epoch 99: inverse train average loss 0.006746681407094002.
epoch 99: inverse test average loss 0.00899520930316713.
GAT episode:49/100 grounded:True sim_loss:42.3207
Policy training episode: 50, grounded actions taken: 305, last two uncertainties: {0: [1.1157975314391984, 1.038409859769874], 1: [0.5526305610107051, 0.7016895651817322], 2: [0.49858763532506095, 0.7839617979195382]}, avg agent uncertainties: [np.float64(1.0771036956045363), np.float64(0.6271600630962186), np.float64(0.6412747166222996)], grounded actions by agent: [207, 95, 3]
REAL_TRAIN step:50, travel time:151.36213704994194, q_loss:100, rewards:-43.334984, queue:7.5583334, delay:0.529342, throughput:4133, violation_rate:0.0000, forceoff_rate:0.1222, violations:0, force_offs:132
REAL_TRAIN_PER_INT step:50 int:0 id:84 violations:0 force_offs:51 decisions:360 violation_rate:0.0000 forceoff_rate:0.1417 queue:5.7056
REAL_TRAIN_PER_INT step:50 int:1 id:87 violations:0 force_offs:31 decisions:360 violation_rate:0.0000 forceoff_rate:0.0861 queue:14.0389
REAL_TRAIN_PER_INT step:50 int:2 id:98 violations:0 force_offs:50 decisions:360 violation_rate:0.0000 forceoff_rate:0.1389 queue:2.9306
forward model: training agent 0.
Epoch 0: forward train average loss 0.004300311673432589.
epoch 0: forward test average loss 0.006841105305486255.
Epoch 99: forward train average loss 0.0037665757247143323.
epoch 99: forward test average loss 0.0061884671449661255.
inverse model, training agent 0.
epoch 0: inverse train average loss 0.001873972515265147.
epoch 0: inverse test average loss 0.004163520307176643.
epoch 99: inverse train average loss 0.0006549938245572977.
epoch 99: inverse test average loss 0.003014663958715068.
forward model: training agent 1.
Epoch 0: forward train average loss 0.005929250477088822.
epoch 0: forward test average loss 0.010953127923938964.
Epoch 99: forward train average loss 0.00476608673731486.
epoch 99: forward test average loss 0.009265865302748151.
inverse model, training agent 1.
epoch 0: inverse train average loss 0.0025370565450025927.
epoch 0: inverse test average loss 0.003241993486881256.
epoch 99: inverse train average loss 0.0017002133342127006.
epoch 99: inverse test average loss 0.003767168459792932.
forward model: training agent 2.
Epoch 0: forward train average loss 0.010819996189739969.
epoch 0: forward test average loss 0.01844185921880934.
Epoch 99: forward train average loss 0.009313524390260378.
epoch 99: forward test average loss 0.016656165321667988.
inverse model, training agent 2.
epoch 0: inverse train average loss 0.006541279661986563.
epoch 0: inverse test average loss 0.014658829818169275.
epoch 99: inverse train average loss 0.0060627031036549145.
epoch 99: inverse test average loss 0.008582311371962229.
GAT episode:50/100 grounded:True sim_loss:43.6669
Policy training episode: 51, grounded actions taken: 329, last two uncertainties: {0: [1.038409859769874, 1.05167195962535], 1: [0.7016895651817322, 0.6742542244493961], 2: [0.7839617979195382, 0.8107550432284673]}, avg agent uncertainties: [np.float64(1.045040909697612), np.float64(0.6879718948155642), np.float64(0.7973584205740027)], grounded actions by agent: [183, 145, 1]
REAL_TRAIN step:51, travel time:145.96626893070217, q_loss:100, rewards:-37.689995, queue:5.7462964, delay:0.5202853, throughput:4188, violation_rate:0.0000, forceoff_rate:0.1000, violations:0, force_offs:108
REAL_TRAIN_PER_INT step:51 int:0 id:84 violations:0 force_offs:49 decisions:360 violation_rate:0.0000 forceoff_rate:0.1361 queue:5.8333
REAL_TRAIN_PER_INT step:51 int:1 id:87 violations:0 force_offs:33 decisions:360 violation_rate:0.0000 forceoff_rate:0.0917 queue:7.3722
REAL_TRAIN_PER_INT step:51 int:2 id:98 violations:0 force_offs:26 decisions:360 violation_rate:0.0000 forceoff_rate:0.0722 queue:4.0333
forward model: training agent 0.
Epoch 0: forward train average loss 0.004178589468614923.
epoch 0: forward test average loss 0.006907678312725491.
Epoch 99: forward train average loss 0.0037427786220279005.
epoch 99: forward test average loss 0.006685332705577214.
inverse model, training agent 0.
epoch 0: inverse train average loss 0.0022810419581623543.
epoch 0: inverse test average loss 0.005217353244208627.
epoch 99: inverse train average loss 0.0018074716337853009.
epoch 99: inverse test average loss 0.005528977865146266.
forward model: training agent 1.
Epoch 0: forward train average loss 0.006026865190101994.
epoch 0: forward test average loss 0.00974166269103686.
Epoch 99: forward train average loss 0.004903888950745265.
epoch 99: forward test average loss 0.010336567958196005.
inverse model, training agent 1.
epoch 0: inverse train average loss 0.0023067116530405152.
epoch 0: inverse test average loss 0.0028734147134754392.
epoch 99: inverse train average loss 0.0013815807178616524.
epoch 99: inverse test average loss 0.001735354411519236.
forward model: training agent 2.
Epoch 0: forward train average loss 0.010332730909188589.
epoch 0: forward test average loss 0.016930413742860157.
Epoch 99: forward train average loss 0.008757562893960211.
epoch 99: forward test average loss 0.016157363024022844.
inverse model, training agent 2.
epoch 0: inverse train average loss 0.006814863222340743.
epoch 0: inverse test average loss 0.017858086774746578.
epoch 99: inverse train average loss 0.005412633530795574.
epoch 99: inverse test average loss 0.015905392666657765.
GAT episode:51/100 grounded:True sim_loss:43.3826
Policy training episode: 52, grounded actions taken: 414, last two uncertainties: {0: [1.05167195962535, 1.1195949542853567], 1: [0.6742542244493961, 0.6424692941208681], 2: [0.8107550432284673, 0.9101933356788423]}, avg agent uncertainties: [np.float64(1.0856334569553534), np.float64(0.6583617592851321), np.float64(0.8604741894536547)], grounded actions by agent: [135, 202, 77]
REAL_TRAIN step:52, travel time:212.87168381158637, q_loss:100, rewards:-87.41059, queue:25.039814, delay:0.640573, throughput:3475, violation_rate:0.0000, forceoff_rate:0.1426, violations:0, force_offs:154
REAL_TRAIN_PER_INT step:52 int:0 id:84 violations:0 force_offs:50 decisions:360 violation_rate:0.0000 forceoff_rate:0.1389 queue:5.5306
REAL_TRAIN_PER_INT step:52 int:1 id:87 violations:0 force_offs:53 decisions:360 violation_rate:0.0000 forceoff_rate:0.1472 queue:66.9639
REAL_TRAIN_PER_INT step:52 int:2 id:98 violations:0 force_offs:51 decisions:360 violation_rate:0.0000 forceoff_rate:0.1417 queue:2.6250
forward model: training agent 0.
Epoch 0: forward train average loss 0.003879808872524235.
epoch 0: forward test average loss 0.0060764940248595346.
Epoch 99: forward train average loss 0.0035589289748006398.
epoch 99: forward test average loss 0.005450349094139205.
inverse model, training agent 0.
epoch 0: inverse train average loss 0.005255265665861468.
epoch 0: inverse test average loss 0.010237432705859343.
epoch 99: inverse train average loss 0.003719216730031702.
epoch 99: inverse test average loss 0.0023643706744122836.
forward model: training agent 1.
Epoch 0: forward train average loss 0.01931160046822495.
epoch 0: forward test average loss 0.013879947778251436.
Epoch 99: forward train average loss 0.0038923145685758856.
epoch 99: forward test average loss 0.007034048231111633.
inverse model, training agent 1.
epoch 0: inverse train average loss 0.004741528640604681.
epoch 0: inverse test average loss 0.01478712550467915.
epoch 99: inverse train average loss 0.00365453045297828.
epoch 99: inverse test average loss 0.00520514448483785.
forward model: training agent 2.
Epoch 0: forward train average loss 0.012109910862313377.
epoch 0: forward test average loss 0.017149834997124143.
Epoch 99: forward train average loss 0.008725367900398042.
epoch 99: forward test average loss 0.01438361406326294.
inverse model, training agent 2.
epoch 0: inverse train average loss 0.00697542695949475.
epoch 0: inverse test average loss 0.014741574310594134.
epoch 99: inverse train average loss 0.005454986873600218.
epoch 99: inverse test average loss 0.012870787332455317.
GAT episode:52/100 grounded:True sim_loss:42.4843
Policy training episode: 53, grounded actions taken: 507, last two uncertainties: {0: [1.1195949542853567, 1.2193449036942587], 1: [0.6424692941208681, 0.6922413114872243], 2: [0.9101933356788423, 0.7923512943089008]}, avg agent uncertainties: [np.float64(1.1694699289898076), np.float64(0.6673553028040462), np.float64(0.8512723149938716)], grounded actions by agent: [111, 149, 247]
REAL_TRAIN step:53, travel time:145.41435450584729, q_loss:100, rewards:-37.963055, queue:5.6212964, delay:0.5227637, throughput:4195, violation_rate:0.0000, forceoff_rate:0.0935, violations:0, force_offs:101
REAL_TRAIN_PER_INT step:53 int:0 id:84 violations:0 force_offs:49 decisions:360 violation_rate:0.0000 forceoff_rate:0.1361 queue:6.3889
REAL_TRAIN_PER_INT step:53 int:1 id:87 violations:0 force_offs:38 decisions:360 violation_rate:0.0000 forceoff_rate:0.1056 queue:6.7833
REAL_TRAIN_PER_INT step:53 int:2 id:98 violations:0 force_offs:14 decisions:360 violation_rate:0.0000 forceoff_rate:0.0389 queue:3.6917
forward model: training agent 0.
Epoch 0: forward train average loss 0.004442603223853641.
epoch 0: forward test average loss 0.005259297788143158.
Epoch 99: forward train average loss 0.0040871269690493746.
epoch 99: forward test average loss 0.006621044543054368.
inverse model, training agent 0.
epoch 0: inverse train average loss 0.0019236101975871457.
epoch 0: inverse test average loss 0.00219278068592151.
epoch 99: inverse train average loss 0.001177514929117428.
epoch 99: inverse test average loss 0.0016139433977918492.
forward model: training agent 1.
Epoch 0: forward train average loss 0.006566401260594527.
epoch 0: forward test average loss 0.009506330307987.
Epoch 99: forward train average loss 0.00500378395534224.
epoch 99: forward test average loss 0.009548327989048429.
inverse model, training agent 1.
epoch 0: inverse train average loss 0.002545580914657977.
epoch 0: inverse test average loss 0.007966756613718139.
epoch 99: inverse train average loss 0.0013983958116215137.
epoch 99: inverse test average loss 0.008297515929573111.
forward model: training agent 2.
Epoch 0: forward train average loss 0.01013503409922123.
epoch 0: forward test average loss 0.01455183078845342.
Epoch 99: forward train average loss 0.008578657690021727.
epoch 99: forward test average loss 0.0126173525220818.
inverse model, training agent 2.
epoch 0: inverse train average loss 0.006838025111291144.
epoch 0: inverse test average loss 0.016061266677247152.
epoch 99: inverse train average loss 0.005783317507141166.
epoch 99: inverse test average loss 0.014858438736862607.
GAT episode:53/100 grounded:True sim_loss:41.3362
Policy training episode: 54, grounded actions taken: 550, last two uncertainties: {0: [1.2193449036942587, 1.1204771763748593], 1: [0.6922413114872243, 0.6426820322871208], 2: [0.7923512943089008, 0.8809043033255471]}, avg agent uncertainties: [np.float64(1.1699110400345591), np.float64(0.6674616718871726), np.float64(0.8366277988172239)], grounded actions by agent: [189, 191, 170]
REAL_TRAIN step:54, travel time:145.09038770360175, q_loss:100, rewards:-39.084457, queue:5.687037, delay:0.5300637, throughput:4191, violation_rate:0.0000, forceoff_rate:0.1157, violations:0, force_offs:125
REAL_TRAIN_PER_INT step:54 int:0 id:84 violations:0 force_offs:48 decisions:360 violation_rate:0.0000 forceoff_rate:0.1333 queue:6.3861
REAL_TRAIN_PER_INT step:54 int:1 id:87 violations:0 force_offs:34 decisions:360 violation_rate:0.0000 forceoff_rate:0.0944 queue:7.7417
REAL_TRAIN_PER_INT step:54 int:2 id:98 violations:0 force_offs:43 decisions:360 violation_rate:0.0000 forceoff_rate:0.1194 queue:2.9333
forward model: training agent 0.
Epoch 0: forward train average loss 0.004137002449068759.
epoch 0: forward test average loss 0.00727855952249633.
Epoch 99: forward train average loss 0.0037576018108261954.
epoch 99: forward test average loss 0.006042512754599254.
inverse model, training agent 0.
epoch 0: inverse train average loss 0.0007037482832351492.
epoch 0: inverse test average loss 0.0006305522078441249.
epoch 99: inverse train average loss 0.0004627338300148646.
epoch 99: inverse test average loss 0.0008765815550254451.
forward model: training agent 1.
Epoch 0: forward train average loss 0.0056308239905370604.
epoch 0: forward test average loss 0.009020279679033492.
Epoch 99: forward train average loss 0.004814541846927669.
epoch 99: forward test average loss 0.007824939158227708.
inverse model, training agent 1.
epoch 0: inverse train average loss 0.0033596682155297864.
epoch 0: inverse test average loss 0.0035287488458885085.
epoch 99: inverse train average loss 0.0017844855772434836.
epoch 99: inverse test average loss 0.0016668870941632325.
forward model: training agent 2.
Epoch 0: forward train average loss 0.009464028808805678.
epoch 0: forward test average loss 0.013582539227273729.
Epoch 99: forward train average loss 0.008344541096852886.
epoch 99: forward test average loss 0.01577236834499571.
inverse model, training agent 2.
epoch 0: inverse train average loss 0.007160374998218483.
epoch 0: inverse test average loss 0.008307054017980894.
epoch 99: inverse train average loss 0.0049853335238165325.
epoch 99: inverse test average loss 0.005729742917335696.
GAT episode:54/100 grounded:True sim_loss:43.2450
Policy training episode: 55, grounded actions taken: 599, last two uncertainties: {0: [1.1204771763748593, 1.0536216755708059], 1: [0.6426820322871208, 0.6839559619625409], 2: [0.8809043033255471, 0.84154325193829]}, avg agent uncertainties: [np.float64(1.0870494259728325), np.float64(0.6633189971248309), np.float64(0.8612237776319186)], grounded actions by agent: [237, 163, 199]
REAL_TRAIN step:55, travel time:151.41994027107742, q_loss:100, rewards:-45.691944, queue:8.247222, delay:0.5693735, throughput:4182, violation_rate:0.0000, forceoff_rate:0.1269, violations:0, force_offs:137
REAL_TRAIN_PER_INT step:55 int:0 id:84 violations:0 force_offs:51 decisions:360 violation_rate:0.0000 forceoff_rate:0.1417 queue:5.5056
REAL_TRAIN_PER_INT step:55 int:1 id:87 violations:0 force_offs:30 decisions:360 violation_rate:0.0000 forceoff_rate:0.0833 queue:16.4778
REAL_TRAIN_PER_INT step:55 int:2 id:98 violations:0 force_offs:56 decisions:360 violation_rate:0.0000 forceoff_rate:0.1556 queue:2.7583
forward model: training agent 0.
Epoch 0: forward train average loss 0.004086072091013193.
epoch 0: forward test average loss 0.007732532504532073.
Epoch 99: forward train average loss 0.0037230361873904863.
epoch 99: forward test average loss 0.007221167286237081.
inverse model, training agent 0.
epoch 0: inverse train average loss 0.0018925648441331254.
epoch 0: inverse test average loss 0.0010788488305277294.
epoch 99: inverse train average loss 0.0007564108624743918.
epoch 99: inverse test average loss 0.00033422099012467597.
forward model: training agent 1.
Epoch 0: forward train average loss 0.007464828176630868.
epoch 0: forward test average loss 0.011875680337349573.
Epoch 99: forward train average loss 0.004838196664220757.
epoch 99: forward test average loss 0.009648339615927802.
inverse model, training agent 1.
epoch 0: inverse train average loss 0.021385834862788517.
epoch 0: inverse test average loss 0.039041802287101746.
epoch 99: inverse train average loss 0.005966088631086879.
epoch 99: inverse test average loss 0.01258703445394834.
forward model: training agent 2.
Epoch 0: forward train average loss 0.010289655377467474.
epoch 0: forward test average loss 0.016128480434417725.
Epoch 99: forward train average loss 0.008882831575142013.
epoch 99: forward test average loss 0.01836849997440974.
inverse model, training agent 2.
epoch 0: inverse train average loss 0.005725493188947439.
epoch 0: inverse test average loss 0.005736469912032287.
epoch 99: inverse train average loss 0.003975949094941218.
epoch 99: inverse test average loss 0.01557832376824485.
GAT episode:55/100 grounded:True sim_loss:39.3825
Policy training episode: 56, grounded actions taken: 611, last two uncertainties: {0: [1.0536216755708059, 1.0698058189617263], 1: [0.6839559619625409, 0.6917364575796657], 2: [0.84154325193829, 0.8313796031806204]}, avg agent uncertainties: [np.float64(1.061713747266266), np.float64(0.6878462097711033), np.float64(0.8364614275594553)], grounded actions by agent: [186, 155, 270]
REAL_TRAIN step:56, travel time:145.21139705882354, q_loss:100, rewards:-37.340836, queue:5.55463, delay:0.5281957, throughput:4182, violation_rate:0.0000, forceoff_rate:0.1046, violations:0, force_offs:113
REAL_TRAIN_PER_INT step:56 int:0 id:84 violations:0 force_offs:49 decisions:360 violation_rate:0.0000 forceoff_rate:0.1361 queue:5.7056
REAL_TRAIN_PER_INT step:56 int:1 id:87 violations:0 force_offs:36 decisions:360 violation_rate:0.0000 forceoff_rate:0.1000 queue:7.0278
REAL_TRAIN_PER_INT step:56 int:2 id:98 violations:0 force_offs:28 decisions:360 violation_rate:0.0000 forceoff_rate:0.0778 queue:3.9306
forward model: training agent 0.
Epoch 0: forward train average loss 0.00400209804582927.
epoch 0: forward test average loss 0.007076512401302655.
Epoch 99: forward train average loss 0.003598500353594621.
epoch 99: forward test average loss 0.005406002203623454.
inverse model, training agent 0.
epoch 0: inverse train average loss 0.0008079608637166934.
epoch 0: inverse test average loss 0.001320517887102647.
epoch 99: inverse train average loss 0.00018744791062393537.
epoch 99: inverse test average loss 0.009214359232121043.
forward model: training agent 1.
Epoch 0: forward train average loss 0.00542970457010799.
epoch 0: forward test average loss 0.008388028790553411.
Epoch 99: forward train average loss 0.00450339877150125.
epoch 99: forward test average loss 0.00769967461625735.
inverse model, training agent 1.
epoch 0: inverse train average loss 0.005969884391460154.
epoch 0: inverse test average loss 0.009687150932020612.
epoch 99: inverse train average loss 0.003384221603886949.
epoch 99: inverse test average loss 0.0023176693228176897.
forward model: training agent 2.
Epoch 0: forward train average loss 0.009435328137543466.
epoch 0: forward test average loss 0.01480385454164611.
Epoch 99: forward train average loss 0.008306187370585071.
epoch 99: forward test average loss 0.01382522409160932.
inverse model, training agent 2.
epoch 0: inverse train average loss 0.006562820273554987.
epoch 0: inverse test average loss 0.005200791586604383.
epoch 99: inverse train average loss 0.0036529934344192347.
epoch 99: inverse test average loss 0.006033227468530337.
GAT episode:56/100 grounded:True sim_loss:42.1640
Policy training episode: 57, grounded actions taken: 630, last two uncertainties: {0: [1.0698058189617263, 0.9204743320743243], 1: [0.6917364575796657, 0.6841689752207862], 2: [0.8313796031806204, 0.8636279644237624]}, avg agent uncertainties: [np.float64(0.9951400755180253), np.float64(0.6879527164002259), np.float64(0.8475037838021915)], grounded actions by agent: [269, 185, 176]
REAL_TRAIN step:57, travel time:145.19811969731714, q_loss:100, rewards:-38.196663, queue:5.498148, delay:0.5367937, throughput:4189, violation_rate:0.0000, forceoff_rate:0.1130, violations:0, force_offs:122
REAL_TRAIN_PER_INT step:57 int:0 id:84 violations:0 force_offs:49 decisions:360 violation_rate:0.0000 forceoff_rate:0.1361 queue:5.5750
REAL_TRAIN_PER_INT step:57 int:1 id:87 violations:0 force_offs:27 decisions:360 violation_rate:0.0000 forceoff_rate:0.0750 queue:7.7583
REAL_TRAIN_PER_INT step:57 int:2 id:98 violations:0 force_offs:46 decisions:360 violation_rate:0.0000 forceoff_rate:0.1278 queue:3.1611
forward model: training agent 0.
Epoch 0: forward train average loss 0.004162037796858285.
epoch 0: forward test average loss 0.006882689065403408.
Epoch 99: forward train average loss 0.0036797160282731056.
epoch 99: forward test average loss 0.006797171922193633.
inverse model, training agent 0.
epoch 0: inverse train average loss 0.0028541770104008415.
epoch 0: inverse test average loss 0.0020854825981789166.
epoch 99: inverse train average loss 0.0013787809164366787.
epoch 99: inverse test average loss 0.005270807796882259.
forward model: training agent 1.
Epoch 0: forward train average loss 0.005482516458464993.
epoch 0: forward test average loss 0.007519905765851338.
Epoch 99: forward train average loss 0.0047428129861752195.
epoch 99: forward test average loss 0.0071573493381341296.
inverse model, training agent 1.
epoch 0: inverse train average loss 0.005054513458162546.
epoch 0: inverse test average loss 0.008020911365747452.
epoch 99: inverse train average loss 0.003542549442499876.
epoch 99: inverse test average loss 0.006502982642915513.
forward model: training agent 2.
Epoch 0: forward train average loss 0.009919938113954332.
epoch 0: forward test average loss 0.014529881791936027.
Epoch 99: forward train average loss 0.009052729854981104.
epoch 99: forward test average loss 0.016132769485314686.
inverse model, training agent 2.
epoch 0: inverse train average loss 0.005705839747356044.
epoch 0: inverse test average loss 0.01261869983540641.
epoch 99: inverse train average loss 0.004109092781113254.
epoch 99: inverse test average loss 0.007792756375339296.
GAT episode:57/100 grounded:True sim_loss:42.9914
Policy training episode: 58, grounded actions taken: 511, last two uncertainties: {0: [0.9204743320743243, 1.0676222943597369], 1: [0.6841689752207862, 0.698226951311032], 2: [0.8636279644237624, 0.8360094083680047]}, avg agent uncertainties: [np.float64(0.9940483132170306), np.float64(0.6911979632659091), np.float64(0.8498186863958836)], grounded actions by agent: [133, 165, 213]
REAL_TRAIN step:58, travel time:144.22161046111492, q_loss:100, rewards:-36.75972, queue:5.1518517, delay:0.52802944, throughput:4196, violation_rate:0.0000, forceoff_rate:0.1157, violations:0, force_offs:125
REAL_TRAIN_PER_INT step:58 int:0 id:84 violations:0 force_offs:51 decisions:360 violation_rate:0.0000 forceoff_rate:0.1417 queue:5.1306
REAL_TRAIN_PER_INT step:58 int:1 id:87 violations:0 force_offs:43 decisions:360 violation_rate:0.0000 forceoff_rate:0.1194 queue:7.2528
REAL_TRAIN_PER_INT step:58 int:2 id:98 violations:0 force_offs:31 decisions:360 violation_rate:0.0000 forceoff_rate:0.0861 queue:3.0722
forward model: training agent 0.
Epoch 0: forward train average loss 0.00402307774250706.
epoch 0: forward test average loss 0.008258381444546912.
Epoch 99: forward train average loss 0.003683344047102663.
epoch 99: forward test average loss 0.005629169030321969.
inverse model, training agent 0.
epoch 0: inverse train average loss 0.0006242192854794363.
epoch 0: inverse test average loss 0.0021586588376926053.
epoch 99: inverse train average loss 0.00038918331524150237.
epoch 99: inverse test average loss 0.0020889262539438075.
forward model: training agent 1.
Epoch 0: forward train average loss 0.005392837855550978.
epoch 0: forward test average loss 0.0096531609694163.
Epoch 99: forward train average loss 0.00451019209706121.
epoch 99: forward test average loss 0.006790643971827295.
inverse model, training agent 1.
epoch 0: inverse train average loss 0.0038041924126446247.
epoch 0: inverse test average loss 0.003046217684944471.
epoch 99: inverse train average loss 0.0014940219407435507.
epoch 99: inverse test average loss 0.0006520378713806471.
forward model: training agent 2.
Epoch 0: forward train average loss 0.008791230618953705.
epoch 0: forward test average loss 0.01977625572019153.
Epoch 99: forward train average loss 0.00782611376295487.
epoch 99: forward test average loss 0.016980880664454565.
inverse model, training agent 2.
epoch 0: inverse train average loss 0.004814376485430532.
epoch 0: inverse test average loss 0.003989868072999848.
epoch 99: inverse train average loss 0.00424889594109522.
epoch 99: inverse test average loss 0.005416203911105792.
GAT episode:58/100 grounded:True sim_loss:41.5760
Policy training episode: 59, grounded actions taken: 584, last two uncertainties: {0: [1.0676222943597369, 1.0088459620873134], 1: [0.698226951311032, 0.7366099690397581], 2: [0.8360094083680047, 0.7965870117147763]}, avg agent uncertainties: [np.float64(1.0382341282235252), np.float64(0.717418460175395), np.float64(0.8162982100413905)], grounded actions by agent: [160, 137, 287]
REAL_TRAIN step:59, travel time:355.26009438909284, q_loss:100, rewards:-62.583584, queue:48.29259, delay:0.55114216, throughput:2981, violation_rate:0.0000, forceoff_rate:0.1463, violations:0, force_offs:158
REAL_TRAIN_PER_INT step:59 int:0 id:84 violations:0 force_offs:48 decisions:360 violation_rate:0.0000 forceoff_rate:0.1333 queue:8.8583
REAL_TRAIN_PER_INT step:59 int:1 id:87 violations:0 force_offs:58 decisions:360 violation_rate:0.0000 forceoff_rate:0.1611 queue:118.4639
REAL_TRAIN_PER_INT step:59 int:2 id:98 violations:0 force_offs:52 decisions:360 violation_rate:0.0000 forceoff_rate:0.1444 queue:17.5556
forward model: training agent 0.
Epoch 0: forward train average loss 0.19930203258991241.
epoch 0: forward test average loss 0.5181656413608127.
Epoch 99: forward train average loss 0.004805125554816591.
epoch 99: forward test average loss 0.008844455911053551.
inverse model, training agent 0.
epoch 0: inverse train average loss 0.05499554177125295.
epoch 0: inverse test average loss 0.030499321757815778.
epoch 99: inverse train average loss 0.004271372687071562.
epoch 99: inverse test average loss 0.005509801415933503.
forward model: training agent 1.
Epoch 0: forward train average loss 0.5477588640318977.
epoch 0: forward test average loss 0.4716429180569119.
Epoch 99: forward train average loss 0.003651298892994722.
epoch 99: forward test average loss 0.0070257774657673305.
inverse model, training agent 1.
epoch 0: inverse train average loss 0.9001965390311347.
epoch 0: inverse test average loss 1.143614927927653.
epoch 99: inverse train average loss 0.0012201566779468623.
epoch 99: inverse test average loss 0.003765469984601724.
forward model: training agent 2.
Epoch 0: forward train average loss 1.1175698439280193.
epoch 0: forward test average loss 1.4725251727634006.
Epoch 99: forward train average loss 0.019086070772674348.
epoch 99: forward test average loss 0.03321807086467743.
inverse model, training agent 2.
epoch 0: inverse train average loss 0.0013242164600847496.
epoch 0: inverse test average loss 0.00234093786113792.
epoch 99: inverse train average loss 0.00046143965947622847.
epoch 99: inverse test average loss 0.003824437709732188.
GAT episode:59/100 grounded:True sim_loss:44.3346
Policy training episode: 60, grounded actions taken: 464, last two uncertainties: {0: [1.0088459620873134, 0.87184677761462], 1: [0.7366099690397581, 0.7537381204466025], 2: [0.7965870117147763, 1.225265669822693]}, avg agent uncertainties: [np.float64(0.9403463698509666), np.float64(0.7451740447431803), np.float64(1.0109263407687346)], grounded actions by agent: [306, 125, 33]
REAL_TRAIN step:60, travel time:145.6156665139716, q_loss:100, rewards:-36.85832, queue:5.5898147, delay:0.51793826, throughput:4198, violation_rate:0.0000, forceoff_rate:0.1185, violations:0, force_offs:128
REAL_TRAIN_PER_INT step:60 int:0 id:84 violations:0 force_offs:49 decisions:360 violation_rate:0.0000 forceoff_rate:0.1361 queue:5.2278
REAL_TRAIN_PER_INT step:60 int:1 id:87 violations:0 force_offs:37 decisions:360 violation_rate:0.0000 forceoff_rate:0.1028 queue:7.6028
REAL_TRAIN_PER_INT step:60 int:2 id:98 violations:0 force_offs:42 decisions:360 violation_rate:0.0000 forceoff_rate:0.1167 queue:3.9389
forward model: training agent 0.
Epoch 0: forward train average loss 0.004867561678919528.
epoch 0: forward test average loss 0.008386535363064872.
Epoch 99: forward train average loss 0.0038430530370937455.
epoch 99: forward test average loss 0.0067402612831857465.
inverse model, training agent 0.
epoch 0: inverse train average loss 0.0012018948586450683.
epoch 0: inverse test average loss 0.005313774363862144.
epoch 99: inverse train average loss 0.0009068409239666329.
epoch 99: inverse test average loss 0.0011113129310413366.
forward model: training agent 1.
Epoch 0: forward train average loss 0.005610291225214799.
epoch 0: forward test average loss 0.008324933548768362.
Epoch 99: forward train average loss 0.004653505101386044.
epoch 99: forward test average loss 0.008150857769780688.
inverse model, training agent 1.
epoch 0: inverse train average loss 0.004821597288052241.
epoch 0: inverse test average loss 0.012622240465134382.
epoch 99: inverse train average loss 0.0026679306239303616.
epoch 99: inverse test average loss 0.007525094422615237.
forward model: training agent 2.
Epoch 0: forward train average loss 0.01081510902278953.
epoch 0: forward test average loss 0.017348955902788375.
Epoch 99: forward train average loss 0.009125182405114174.
epoch 99: forward test average loss 0.015970429612530604.
inverse model, training agent 2.
epoch 0: inverse train average loss 0.005941692636244827.
epoch 0: inverse test average loss 0.010812325610054864.
epoch 99: inverse train average loss 0.003310199852825867.
epoch 99: inverse test average loss 0.006310712960031297.
GAT episode:60/100 grounded:True sim_loss:44.4081
Policy training episode: 61, grounded actions taken: 631, last two uncertainties: {0: [0.87184677761462, 0.87897834405303], 1: [0.7537381204466025, 0.8074669162432353], 2: [1.225265669822693, 0.9229420895377795]}, avg agent uncertainties: [np.float64(0.875412560833825), np.float64(0.7806025183449189), np.float64(1.0741038796802362)], grounded actions by agent: [229, 112, 290]
REAL_TRAIN step:61, travel time:144.89217710484056, q_loss:100, rewards:-37.45307, queue:5.483333, delay:0.5191803, throughput:4188, violation_rate:0.0000, forceoff_rate:0.1287, violations:0, force_offs:139
REAL_TRAIN_PER_INT step:61 int:0 id:84 violations:0 force_offs:51 decisions:360 violation_rate:0.0000 forceoff_rate:0.1417 queue:5.0750
REAL_TRAIN_PER_INT step:61 int:1 id:87 violations:0 force_offs:45 decisions:360 violation_rate:0.0000 forceoff_rate:0.1250 queue:7.8667
REAL_TRAIN_PER_INT step:61 int:2 id:98 violations:0 force_offs:43 decisions:360 violation_rate:0.0000 forceoff_rate:0.1194 queue:3.5083
forward model: training agent 0.
Epoch 0: forward train average loss 0.004265304810057084.
epoch 0: forward test average loss 0.008016622728771634.
Epoch 99: forward train average loss 0.003687409580581718.
epoch 99: forward test average loss 0.006192544682158364.
inverse model, training agent 0.
epoch 0: inverse train average loss 0.0010716925737344557.
epoch 0: inverse test average loss 0.002155281137675047.
epoch 99: inverse train average loss 0.0002824706801523765.
epoch 99: inverse test average loss 0.0007222143208814992.
forward model: training agent 1.
Epoch 0: forward train average loss 0.0051862332555982806.
epoch 0: forward test average loss 0.00800033700135019.
Epoch 99: forward train average loss 0.0045729818133016424.
epoch 99: forward test average loss 0.007126238197088242.
inverse model, training agent 1.
epoch 0: inverse train average loss 0.004939442396991783.
epoch 0: inverse test average loss 0.011320286326938205.
epoch 99: inverse train average loss 0.0027885797899216413.
epoch 99: inverse test average loss 0.0032250074048837027.
forward model: training agent 2.
Epoch 0: forward train average loss 0.00894757660312785.
epoch 0: forward test average loss 0.016037690970632765.
Epoch 99: forward train average loss 0.008318593415121237.
epoch 99: forward test average loss 0.0186505988240242.
inverse model, training agent 2.
epoch 0: inverse train average loss 0.004330874731143315.
epoch 0: inverse test average loss 0.009079307317733765.
epoch 99: inverse train average loss 0.0033357619928816953.
epoch 99: inverse test average loss 0.004833302253650295.
GAT episode:61/100 grounded:True sim_loss:42.7791
Policy training episode: 62, grounded actions taken: 559, last two uncertainties: {0: [0.87897834405303, 0.935675044523345], 1: [0.8074669162432353, 0.8184438620176581], 2: [0.9229420895377795, 0.9291859769158893]}, avg agent uncertainties: [np.float64(0.9073266942881875), np.float64(0.8129553891304466), np.float64(0.9260640332268344)], grounded actions by agent: [128, 122, 309]
REAL_TRAIN step:62, travel time:145.69583142464498, q_loss:100, rewards:-37.531113, queue:5.549074, delay:0.5194642, throughput:4195, violation_rate:0.0000, forceoff_rate:0.1241, violations:0, force_offs:134
REAL_TRAIN_PER_INT step:62 int:0 id:84 violations:0 force_offs:51 decisions:360 violation_rate:0.0000 forceoff_rate:0.1417 queue:5.2500
REAL_TRAIN_PER_INT step:62 int:1 id:87 violations:0 force_offs:42 decisions:360 violation_rate:0.0000 forceoff_rate:0.1167 queue:7.7056
REAL_TRAIN_PER_INT step:62 int:2 id:98 violations:0 force_offs:41 decisions:360 violation_rate:0.0000 forceoff_rate:0.1139 queue:3.6917
forward model: training agent 0.
Epoch 0: forward train average loss 0.0038322129597266517.
epoch 0: forward test average loss 0.0076794591214921736.
Epoch 99: forward train average loss 0.003565634238637156.
epoch 99: forward test average loss 0.005650126478738255.
inverse model, training agent 0.
epoch 0: inverse train average loss 0.0006872171377633802.
epoch 0: inverse test average loss 0.0004067894511131777.
epoch 99: inverse train average loss 0.0003133511086667164.
epoch 99: inverse test average loss 0.0005926741028411521.
forward model: training agent 1.
Epoch 0: forward train average loss 0.005313391693764263.
epoch 0: forward test average loss 0.006199682338370217.
Epoch 99: forward train average loss 0.004767370824184682.
epoch 99: forward test average loss 0.006394369941618707.
inverse model, training agent 1.
epoch 0: inverse train average loss 0.0026727712764922115.
epoch 0: inverse test average loss 0.004037875061233838.
epoch 99: inverse train average loss 0.0012034348199247485.
epoch 99: inverse test average loss 0.0020913585968729523.
forward model: training agent 2.
Epoch 0: forward train average loss 0.009634415515595011.
epoch 0: forward test average loss 0.015869713491863675.
Epoch 99: forward train average loss 0.008644306721786657.
epoch 99: forward test average loss 0.015073754721217685.
inverse model, training agent 2.
epoch 0: inverse train average loss 0.0032372540121691096.
epoch 0: inverse test average loss 0.0035958420485258102.
epoch 99: inverse train average loss 0.0017325050042321284.
epoch 99: inverse test average loss 0.0053879571043782765.
GAT episode:62/100 grounded:True sim_loss:43.6635
Policy training episode: 63, grounded actions taken: 573, last two uncertainties: {0: [0.935675044523345, 0.9686624462405841], 1: [0.8184438620176581, 0.8223746656543679], 2: [0.9291859769158893, 0.879142176773813]}, avg agent uncertainties: [np.float64(0.9521687453819645), np.float64(0.820409263836013), np.float64(0.9041640768448511)], grounded actions by agent: [129, 161, 283]
REAL_TRAIN step:63, travel time:148.5376121463078, q_loss:100, rewards:-38.96694, queue:6.562963, delay:0.5142943, throughput:4100, violation_rate:0.0000, forceoff_rate:0.1056, violations:0, force_offs:114
REAL_TRAIN_PER_INT step:63 int:0 id:84 violations:0 force_offs:50 decisions:360 violation_rate:0.0000 forceoff_rate:0.1389 queue:5.2361
REAL_TRAIN_PER_INT step:63 int:1 id:87 violations:0 force_offs:28 decisions:360 violation_rate:0.0000 forceoff_rate:0.0778 queue:10.9361
REAL_TRAIN_PER_INT step:63 int:2 id:98 violations:0 force_offs:36 decisions:360 violation_rate:0.0000 forceoff_rate:0.1000 queue:3.5167
forward model: training agent 0.
Epoch 0: forward train average loss 0.004202636890113354.
epoch 0: forward test average loss 0.007140906527638435.
Epoch 99: forward train average loss 0.0037225082827111087.
epoch 99: forward test average loss 0.007583102625277307.
inverse model, training agent 0.
epoch 0: inverse train average loss 0.02378765493631363.
epoch 0: inverse test average loss 0.056720597876442805.
epoch 99: inverse train average loss 0.005251564085483551.
epoch 99: inverse test average loss 0.008170884309543503.
forward model: training agent 1.
Epoch 0: forward train average loss 0.005986160909136136.
epoch 0: forward test average loss 0.010670751333236694.
Epoch 99: forward train average loss 0.0048374202516343855.
epoch 99: forward test average loss 0.00978226794136895.
inverse model, training agent 1.
epoch 0: inverse train average loss 0.0028502275235950947.
epoch 0: inverse test average loss 0.0006506238132715225.
epoch 99: inverse train average loss 0.0015667178021329972.
epoch 99: inverse test average loss 0.0012203548620972368.
forward model: training agent 2.
Epoch 0: forward train average loss 0.011262897815969255.
epoch 0: forward test average loss 0.023607412974039715.
Epoch 99: forward train average loss 0.009447799374659857.
epoch 99: forward test average loss 0.014787108533912234.
inverse model, training agent 2.
epoch 0: inverse train average loss 0.006104849046096206.
epoch 0: inverse test average loss 0.006228359416127205.
epoch 99: inverse train average loss 0.004050785003023015.
epoch 99: inverse test average loss 0.005739196100168758.
GAT episode:63/100 grounded:True sim_loss:42.4695
Policy training episode: 64, grounded actions taken: 709, last two uncertainties: {0: [0.9686624462405841, 0.8368412409391668], 1: [0.8223746656543679, 0.8197469018399716], 2: [0.879142176773813, 0.8680803009205394]}, avg agent uncertainties: [np.float64(0.9027518435898754), np.float64(0.8210607837471697), np.float64(0.8736112388471762)], grounded actions by agent: [285, 169, 255]
REAL_TRAIN step:64, travel time:526.4067944250871, q_loss:100, rewards:-76.364204, queue:75.6287, delay:0.579466, throughput:2582, violation_rate:0.0000, forceoff_rate:0.1574, violations:0, force_offs:170
REAL_TRAIN_PER_INT step:64 int:0 id:84 violations:0 force_offs:51 decisions:360 violation_rate:0.0000 forceoff_rate:0.1417 queue:17.5611
REAL_TRAIN_PER_INT step:64 int:1 id:87 violations:0 force_offs:66 decisions:360 violation_rate:0.0000 forceoff_rate:0.1833 queue:169.9944
REAL_TRAIN_PER_INT step:64 int:2 id:98 violations:0 force_offs:53 decisions:360 violation_rate:0.0000 forceoff_rate:0.1472 queue:39.3306
forward model: training agent 0.
Epoch 0: forward train average loss 0.31090879771444535.
epoch 0: forward test average loss 0.35312366485595703.
Epoch 99: forward train average loss 0.005108551536169317.
epoch 99: forward test average loss 0.010321119593249427.
inverse model, training agent 0.
epoch 0: inverse train average loss 0.008494694096346697.
epoch 0: inverse test average loss 0.008230045023891661.
epoch 99: inverse train average loss 0.00029980939547790005.
epoch 99: inverse test average loss 0.00897754149304496.
forward model: training agent 1.
Epoch 0: forward train average loss 0.10139971060885324.
epoch 0: forward test average loss 0.0662051108148363.
Epoch 99: forward train average loss 0.0027362066838476392.
epoch 99: forward test average loss 0.004569561945067512.
inverse model, training agent 1.
epoch 0: inverse train average loss 0.00999936658061213.
epoch 0: inverse test average loss 0.016913321283128526.
epoch 99: inverse train average loss 0.004559379950579669.
epoch 99: inverse test average loss 0.007253606907195515.
forward model: training agent 2.
Epoch 0: forward train average loss 0.17636581427521175.
epoch 0: forward test average loss 0.17742607990900675.
Epoch 99: forward train average loss 0.009489924439953433.
epoch 99: forward test average loss 0.015978417462772794.
inverse model, training agent 2.
epoch 0: inverse train average loss 0.011422460277875265.
epoch 0: inverse test average loss 0.010657767040861977.
epoch 99: inverse train average loss 0.0025430564095990527.
epoch 99: inverse test average loss 0.0033621106089817155.
GAT episode:64/100 grounded:True sim_loss:39.9397
Policy training episode: 65, grounded actions taken: 422, last two uncertainties: {0: [0.8368412409391668, 0.9219311897953352], 1: [0.8197469018399716, 0.879868528412448], 2: [0.8680803009205394, 0.8986870115001996]}, avg agent uncertainties: [np.float64(0.8793862153672509), np.float64(0.8498077151262098), np.float64(0.8833836562103695)], grounded actions by agent: [161, 77, 184]
REAL_TRAIN step:65, travel time:301.5768351536703, q_loss:100, rewards:-55.405006, queue:37.511112, delay:0.5426121, throughput:3217, violation_rate:0.0000, forceoff_rate:0.1306, violations:0, force_offs:141
REAL_TRAIN_PER_INT step:65 int:0 id:84 violations:0 force_offs:51 decisions:360 violation_rate:0.0000 forceoff_rate:0.1417 queue:4.7083
REAL_TRAIN_PER_INT step:65 int:1 id:87 violations:0 force_offs:55 decisions:360 violation_rate:0.0000 forceoff_rate:0.1528 queue:97.6250
REAL_TRAIN_PER_INT step:65 int:2 id:98 violations:0 force_offs:35 decisions:360 violation_rate:0.0000 forceoff_rate:0.0972 queue:10.2000
forward model: training agent 0.
Epoch 0: forward train average loss 0.005062703560623858.
epoch 0: forward test average loss 0.007682400859064526.
Epoch 99: forward train average loss 0.0035892482329573897.
epoch 99: forward test average loss 0.0050234490384658175.
inverse model, training agent 0.
epoch 0: inverse train average loss 0.005674182298308652.
epoch 0: inverse test average loss 0.0013979308294235831.
epoch 99: inverse train average loss 0.0017084986126671235.
epoch 99: inverse test average loss 0.0012039189912482267.
forward model: training agent 1.
Epoch 0: forward train average loss 0.005873135291039944.
epoch 0: forward test average loss 0.009199768304824829.
Epoch 99: forward train average loss 0.004020676896389987.
epoch 99: forward test average loss 0.0072023653321795994.
inverse model, training agent 1.
epoch 0: inverse train average loss 0.003364434672726525.
epoch 0: inverse test average loss 0.006013915356662538.
epoch 99: inverse train average loss 0.0013522909527334075.
epoch 99: inverse test average loss 0.0032058973382744524.
forward model: training agent 2.
Epoch 0: forward train average loss 0.011667881367935075.
epoch 0: forward test average loss 0.016568870180182986.
Epoch 99: forward train average loss 0.008559458268185457.
epoch 99: forward test average loss 0.014315933816962771.
inverse model, training agent 2.
epoch 0: inverse train average loss 0.003144872323092487.
epoch 0: inverse test average loss 0.0030643295289741624.
epoch 99: inverse train average loss 0.0021390122775402334.
epoch 99: inverse test average loss 0.002181065786215994.
GAT episode:65/100 grounded:True sim_loss:39.8351
Policy training episode: 66, grounded actions taken: 514, last two uncertainties: {0: [0.9219311897953352, 0.9642563141054578], 1: [0.879868528412448, 0.8327521446678373], 2: [0.8986870115001996, 0.8819045715861851]}, avg agent uncertainties: [np.float64(0.9430937519503965), np.float64(0.8563103365401427), np.float64(0.8902957915431924)], grounded actions by agent: [121, 177, 216]
REAL_TRAIN step:66, travel time:284.8757873519778, q_loss:100, rewards:-55.19943, queue:34.567593, delay:0.53986603, throughput:3274, violation_rate:0.0000, forceoff_rate:0.1296, violations:0, force_offs:140
REAL_TRAIN_PER_INT step:66 int:0 id:84 violations:0 force_offs:50 decisions:360 violation_rate:0.0000 forceoff_rate:0.1389 queue:4.6111
REAL_TRAIN_PER_INT step:66 int:1 id:87 violations:0 force_offs:51 decisions:360 violation_rate:0.0000 forceoff_rate:0.1417 queue:91.3417
REAL_TRAIN_PER_INT step:66 int:2 id:98 violations:0 force_offs:39 decisions:360 violation_rate:0.0000 forceoff_rate:0.1083 queue:7.7500
forward model: training agent 0.
Epoch 0: forward train average loss 0.004195961946000655.
epoch 0: forward test average loss 0.007840927690267563.
Epoch 99: forward train average loss 0.003636266156617138.
epoch 99: forward test average loss 0.0065976207454999285.
inverse model, training agent 0.
epoch 0: inverse train average loss 0.0008174713196543356.
epoch 0: inverse test average loss 0.0004805248204825653.
epoch 99: inverse train average loss 0.0002591885438758052.
epoch 99: inverse test average loss 9.362767539439826e-05.
forward model: training agent 1.
Epoch 0: forward train average loss 0.005759429652243853.
epoch 0: forward test average loss 0.007000483365522491.
Epoch 99: forward train average loss 0.0036529465061095026.
epoch 99: forward test average loss 0.005882580454150836.
inverse model, training agent 1.
epoch 0: inverse train average loss 0.0019381841217788558.
epoch 0: inverse test average loss 0.00045688471032513515.
epoch 99: inverse train average loss 0.0011645557080757702.
epoch 99: inverse test average loss 0.00020973906955785223.
forward model: training agent 2.
Epoch 0: forward train average loss 0.011005023080441687.
epoch 0: forward test average loss 0.018046103417873383.
Epoch 99: forward train average loss 0.00808345785157548.
epoch 99: forward test average loss 0.016719032492902543.
inverse model, training agent 2.
epoch 0: inverse train average loss 0.010847475172744857.
epoch 0: inverse test average loss 0.010082947297228707.
epoch 99: inverse train average loss 0.0032740988147755465.
epoch 99: inverse test average loss 0.004035686039262348.
GAT episode:66/100 grounded:True sim_loss:38.2491
Policy training episode: 67, grounded actions taken: 568, last two uncertainties: {0: [0.9642563141054578, 0.9509880695078108], 1: [0.8327521446678373, 0.8360591045684285], 2: [0.8819045715861851, 0.8694811302754614]}, avg agent uncertainties: [np.float64(0.9576221918066343), np.float64(0.8344056246181328), np.float64(0.8756928509308233)], grounded actions by agent: [171, 172, 225]
REAL_TRAIN step:67, travel time:147.22074650790017, q_loss:100, rewards:-35.60556, queue:5.5555553, delay:0.51033896, throughput:4211, violation_rate:0.0000, forceoff_rate:0.0759, violations:0, force_offs:82
REAL_TRAIN_PER_INT step:67 int:0 id:84 violations:0 force_offs:51 decisions:360 violation_rate:0.0000 forceoff_rate:0.1417 queue:4.8583
REAL_TRAIN_PER_INT step:67 int:1 id:87 violations:0 force_offs:26 decisions:360 violation_rate:0.0000 forceoff_rate:0.0722 queue:7.2583
REAL_TRAIN_PER_INT step:67 int:2 id:98 violations:0 force_offs:5 decisions:360 violation_rate:0.0000 forceoff_rate:0.0139 queue:4.5500
forward model: training agent 0.
Epoch 0: forward train average loss 0.00413946807384491.
epoch 0: forward test average loss 0.0061919478078683214.
Epoch 99: forward train average loss 0.0038662670801083245.
epoch 99: forward test average loss 0.006537577965193325.
inverse model, training agent 0.
epoch 0: inverse train average loss 0.005477395084906473.
epoch 0: inverse test average loss 0.002734051551669836.
epoch 99: inverse train average loss 0.0028245317387498086.
epoch 99: inverse test average loss 0.0019263150946547587.
forward model: training agent 1.
Epoch 0: forward train average loss 0.005450605725248654.
epoch 0: forward test average loss 0.01124772181113561.
Epoch 99: forward train average loss 0.004634766891184781.
epoch 99: forward test average loss 0.010416506065262688.
inverse model, training agent 1.
epoch 0: inverse train average loss 0.07510343028439416.
epoch 0: inverse test average loss 0.033160330520735845.
epoch 99: inverse train average loss 0.0014285340633553763.
epoch 99: inverse test average loss 0.0009572471802433332.
forward model: training agent 2.
Epoch 0: forward train average loss 0.010000726415051354.
epoch 0: forward test average loss 0.016845148470666673.
Epoch 99: forward train average loss 0.008973861837552654.
epoch 99: forward test average loss 0.01715627561012904.
inverse model, training agent 2.
epoch 0: inverse train average loss 0.00606599139670531.
epoch 0: inverse test average loss 0.006211868745999204.
epoch 99: inverse train average loss 0.0015118050440731975.
epoch 99: inverse test average loss 0.0063523656378189726.
GAT episode:67/100 grounded:True sim_loss:36.3827
Policy training episode: 68, grounded actions taken: 480, last two uncertainties: {0: [0.9509880695078108, 1.0364926328261694], 1: [0.8360591045684285, 0.7326269937886132], 2: [0.8694811302754614, 1.0578612877262963]}, avg agent uncertainties: [np.float64(0.9937403511669901), np.float64(0.7843430491785208), np.float64(0.9636712090008788)], grounded actions by agent: [137, 256, 87]
REAL_TRAIN step:68, travel time:148.90013742556116, q_loss:100, rewards:-38.034172, queue:6.3851852, delay:0.53495085, throughput:4196, violation_rate:0.0000, forceoff_rate:0.1167, violations:0, force_offs:126
REAL_TRAIN_PER_INT step:68 int:0 id:84 violations:0 force_offs:51 decisions:360 violation_rate:0.0000 forceoff_rate:0.1417 queue:4.5750
REAL_TRAIN_PER_INT step:68 int:1 id:87 violations:0 force_offs:38 decisions:360 violation_rate:0.0000 forceoff_rate:0.1056 queue:10.2333
REAL_TRAIN_PER_INT step:68 int:2 id:98 violations:0 force_offs:37 decisions:360 violation_rate:0.0000 forceoff_rate:0.1028 queue:4.3472
forward model: training agent 0.
Epoch 0: forward train average loss 0.0042282141124208765.
epoch 0: forward test average loss 0.005745685969789823.
Epoch 99: forward train average loss 0.003809103121360143.
epoch 99: forward test average loss 0.005672367910544078.
inverse model, training agent 0.
epoch 0: inverse train average loss 0.003600274342008763.
epoch 0: inverse test average loss 0.001123493252735999.
epoch 99: inverse train average loss 0.0023550627132256827.
epoch 99: inverse test average loss 0.001142513589002192.
forward model: training agent 1.
Epoch 0: forward train average loss 0.00570180577536424.
epoch 0: forward test average loss 0.008258151925272413.
Epoch 99: forward train average loss 0.004828237307568391.
epoch 99: forward test average loss 0.009454029301802317.
inverse model, training agent 1.
epoch 0: inverse train average loss 0.005850521381944418.
epoch 0: inverse test average loss 0.012132606158653894.
epoch 99: inverse train average loss 0.0019639350551490984.
epoch 99: inverse test average loss 0.009613622807794146.
forward model: training agent 2.
Epoch 0: forward train average loss 0.010667241074972682.
epoch 0: forward test average loss 0.017677019867632125.
Epoch 99: forward train average loss 0.009128647856414318.
epoch 99: forward test average loss 0.015256660266055001.
inverse model, training agent 2.
epoch 0: inverse train average loss 0.009453381929132674.
epoch 0: inverse test average loss 0.0061184124400218325.
epoch 99: inverse train average loss 0.0012155036545462078.
epoch 99: inverse test average loss 0.0029123055024279487.
GAT episode:68/100 grounded:True sim_loss:32.6372
Policy training episode: 69, grounded actions taken: 609, last two uncertainties: {0: [1.0364926328261694, 1.021409429444207], 1: [0.7326269937886132, 0.810343690464894], 2: [1.0578612877262963, 0.8690474321444829]}, avg agent uncertainties: [np.float64(1.0289510311351884), np.float64(0.7714853421267536), np.float64(0.9634543599353895)], grounded actions by agent: [163, 145, 301]
REAL_TRAIN step:69, travel time:146.82115869017633, q_loss:100, rewards:-36.92806, queue:5.837963, delay:0.5256489, throughput:4182, violation_rate:0.0000, forceoff_rate:0.1231, violations:0, force_offs:133
REAL_TRAIN_PER_INT step:69 int:0 id:84 violations:0 force_offs:51 decisions:360 violation_rate:0.0000 forceoff_rate:0.1417 queue:4.3583
REAL_TRAIN_PER_INT step:69 int:1 id:87 violations:0 force_offs:36 decisions:360 violation_rate:0.0000 forceoff_rate:0.1000 queue:8.7944
REAL_TRAIN_PER_INT step:69 int:2 id:98 violations:0 force_offs:46 decisions:360 violation_rate:0.0000 forceoff_rate:0.1278 queue:4.3611
forward model: training agent 0.
Epoch 0: forward train average loss 0.004023006961991389.
epoch 0: forward test average loss 0.006847958597871993.
Epoch 99: forward train average loss 0.003621066092616982.
epoch 99: forward test average loss 0.006685835412806935.
inverse model, training agent 0.
epoch 0: inverse train average loss 0.0028120671761118704.
epoch 0: inverse test average loss 0.008864548471238878.
epoch 99: inverse train average loss 0.0022222576404197347.
epoch 99: inverse test average loss 0.008053150855832629.
forward model: training agent 1.
Epoch 0: forward train average loss 0.00545676290575001.
epoch 0: forward test average loss 0.009869487749205695.
Epoch 99: forward train average loss 0.004703009035438299.
epoch 99: forward test average loss 0.008731158243285285.
inverse model, training agent 1.
epoch 0: inverse train average loss 0.001782499176139633.
epoch 0: inverse test average loss 0.007356714250312911.
epoch 99: inverse train average loss 0.001232497096579108.
epoch 99: inverse test average loss 0.007215284638934665.
forward model: training agent 2.
Epoch 0: forward train average loss 0.010702901416354708.
epoch 0: forward test average loss 0.012894137038124932.
Epoch 99: forward train average loss 0.00933113880455494.
epoch 99: forward test average loss 0.014120010452138053.
inverse model, training agent 2.
epoch 0: inverse train average loss 0.002627955258099569.
epoch 0: inverse test average loss 0.004352196016245418.
epoch 99: inverse train average loss 0.001616073966336747.
epoch 99: inverse test average loss 0.003187726924402846.
GAT episode:69/100 grounded:True sim_loss:32.5965
Policy training episode: 70, grounded actions taken: 575, last two uncertainties: {0: [1.021409429444207, 1.027366116311815], 1: [0.810343690464894, 0.8521280917856429], 2: [0.8690474321444829, 0.8804039071003597]}, avg agent uncertainties: [np.float64(1.024387772878011), np.float64(0.8312358911252684), np.float64(0.8747256696224213)], grounded actions by agent: [187, 93, 295]
REAL_TRAIN step:70, travel time:145.7256251433815, q_loss:100, rewards:-36.915836, queue:5.4546294, delay:0.51827633, throughput:4194, violation_rate:0.0000, forceoff_rate:0.0954, violations:0, force_offs:103
REAL_TRAIN_PER_INT step:70 int:0 id:84 violations:0 force_offs:51 decisions:360 violation_rate:0.0000 forceoff_rate:0.1417 queue:4.8417
REAL_TRAIN_PER_INT step:70 int:1 id:87 violations:0 force_offs:26 decisions:360 violation_rate:0.0000 forceoff_rate:0.0722 queue:8.0639
REAL_TRAIN_PER_INT step:70 int:2 id:98 violations:0 force_offs:26 decisions:360 violation_rate:0.0000 forceoff_rate:0.0722 queue:3.4583
forward model: training agent 0.
Epoch 0: forward train average loss 0.004174999064869351.
epoch 0: forward test average loss 0.007458203782637914.
Epoch 99: forward train average loss 0.0035672981498969924.
epoch 99: forward test average loss 0.009262260670463244.
inverse model, training agent 0.
epoch 0: inverse train average loss 0.0015683176849658291.
epoch 0: inverse test average loss 0.0018801169159511726.
epoch 99: inverse train average loss 0.00018835775942231217.
epoch 99: inverse test average loss 0.0015135606647365624.
forward model: training agent 1.
Epoch 0: forward train average loss 0.005130209028720856.
epoch 0: forward test average loss 0.008508972823619843.
Epoch 99: forward train average loss 0.004476586149798499.
epoch 99: forward test average loss 0.00719339938627349.
inverse model, training agent 1.
epoch 0: inverse train average loss 0.004307255355848206.
epoch 0: inverse test average loss 0.0033838618967112983.
epoch 99: inverse train average loss 0.0010376211883138036.
epoch 99: inverse test average loss 0.0022545840539452103.
forward model: training agent 2.
Epoch 0: forward train average loss 0.009451376481188668.
epoch 0: forward test average loss 0.016616817149851058.
Epoch 99: forward train average loss 0.008262649385465516.
epoch 99: forward test average loss 0.014241895327965418.
inverse model, training agent 2.
epoch 0: inverse train average loss 0.023558892723586824.
epoch 0: inverse test average loss 0.034550300902790494.
epoch 99: inverse train average loss 0.004170781725810634.
epoch 99: inverse test average loss 0.010570529848337173.
GAT episode:70/100 grounded:True sim_loss:33.4376
Policy training episode: 71, grounded actions taken: 600, last two uncertainties: {0: [1.027366116311815, 0.9580135797460874], 1: [0.8521280917856429, 0.808477177636491], 2: [0.8804039071003597, 0.903991775545809]}, avg agent uncertainties: [np.float64(0.9926898480289512), np.float64(0.8303026347110669), np.float64(0.8921978413230843)], grounded actions by agent: [241, 166, 193]
REAL_TRAIN step:71, travel time:572.7324690630525, q_loss:100, rewards:-89.03276, queue:86.187965, delay:0.59218735, throughput:2476, violation_rate:0.0000, forceoff_rate:0.1574, violations:0, force_offs:170
REAL_TRAIN_PER_INT step:71 int:0 id:84 violations:0 force_offs:49 decisions:360 violation_rate:0.0000 forceoff_rate:0.1361 queue:30.5222
REAL_TRAIN_PER_INT step:71 int:1 id:87 violations:0 force_offs:66 decisions:360 violation_rate:0.0000 forceoff_rate:0.1833 queue:180.5278
REAL_TRAIN_PER_INT step:71 int:2 id:98 violations:0 force_offs:55 decisions:360 violation_rate:0.0000 forceoff_rate:0.1528 queue:47.5139
forward model: training agent 0.
Epoch 0: forward train average loss 0.10699664801359177.
epoch 0: forward test average loss 0.06762968831592137.
Epoch 99: forward train average loss 0.005414134201904138.
epoch 99: forward test average loss 0.013180298937691582.
inverse model, training agent 0.
epoch 0: inverse train average loss 0.0006566997665989523.
epoch 0: inverse test average loss 0.0021244174050581125.
epoch 99: inverse train average loss 0.00023104373313900497.
epoch 99: inverse test average loss 0.00880109653290775.
forward model: training agent 1.
Epoch 0: forward train average loss 0.11047864705324173.
epoch 0: forward test average loss 0.0479480524857839.
Epoch 99: forward train average loss 0.0025284809267355334.
epoch 99: forward test average loss 0.004672804640399085.
inverse model, training agent 1.
epoch 0: inverse train average loss 0.004535756513683332.
epoch 0: inverse test average loss 0.006127477727002568.
epoch 99: inverse train average loss 0.0018260219884622428.
epoch 99: inverse test average loss 0.0016218454434743358.
forward model: training agent 2.
Epoch 0: forward train average loss 0.489781164460712.
epoch 0: forward test average loss 0.20056661632325914.
Epoch 99: forward train average loss 0.010566247834099663.
epoch 99: forward test average loss 0.020984115699927013.
inverse model, training agent 2.
epoch 0: inverse train average loss 0.005992956511262391.
epoch 0: inverse test average loss 0.007225506214631928.
epoch 99: inverse train average loss 0.0037295489261547723.
epoch 99: inverse test average loss 0.007311344974570804.
GAT episode:71/100 grounded:True sim_loss:34.5387
Policy training episode: 72, grounded actions taken: 689, last two uncertainties: {0: [0.9580135797460874, 0.927031066848172], 1: [0.808477177636491, 0.8362474599646197], 2: [0.903991775545809, 0.8310693230893876]}, avg agent uncertainties: [np.float64(0.9425223232971297), np.float64(0.8223623188005553), np.float64(0.8675305493175983)], grounded actions by agent: [251, 154, 284]
REAL_TRAIN step:72, travel time:145.14223345588235, q_loss:100, rewards:-37.865288, queue:5.437037, delay:0.5274461, throughput:4185, violation_rate:0.0000, forceoff_rate:0.1306, violations:0, force_offs:141
REAL_TRAIN_PER_INT step:72 int:0 id:84 violations:0 force_offs:51 decisions:360 violation_rate:0.0000 forceoff_rate:0.1417 queue:5.2167
REAL_TRAIN_PER_INT step:72 int:1 id:87 violations:0 force_offs:32 decisions:360 violation_rate:0.0000 forceoff_rate:0.0889 queue:8.4833
REAL_TRAIN_PER_INT step:72 int:2 id:98 violations:0 force_offs:58 decisions:360 violation_rate:0.0000 forceoff_rate:0.1611 queue:2.6111
forward model: training agent 0.
Epoch 0: forward train average loss 0.004541062284260988.
epoch 0: forward test average loss 0.008203263911936019.
Epoch 99: forward train average loss 0.0036266313141418826.
epoch 99: forward test average loss 0.007076015902890099.
inverse model, training agent 0.
epoch 0: inverse train average loss 0.003881163526481638.
epoch 0: inverse test average loss 0.004994855889688349.
epoch 99: inverse train average loss 0.001235794440920775.
epoch 99: inverse test average loss 0.007901003377305137.
forward model: training agent 1.
Epoch 0: forward train average loss 0.0053461046061582035.
epoch 0: forward test average loss 0.008756287395954132.
Epoch 99: forward train average loss 0.004536203263948361.
epoch 99: forward test average loss 0.0072850092417664.
inverse model, training agent 1.
epoch 0: inverse train average loss 0.016202103863987658.
epoch 0: inverse test average loss 0.05247522062725491.
epoch 99: inverse train average loss 0.005293415083239476.
epoch 99: inverse test average loss 0.016992436514960393.
forward model: training agent 2.
Epoch 0: forward train average loss 0.010845643985602591.
epoch 0: forward test average loss 0.01681570957104365.
Epoch 99: forward train average loss 0.00944622616387076.
epoch 99: forward test average loss 0.014328123380740484.
inverse model, training agent 2.
epoch 0: inverse train average loss 0.1672411792808109.
epoch 0: inverse test average loss 0.2690323392550151.
epoch 99: inverse train average loss 0.002901807634366883.
epoch 99: inverse test average loss 0.005517811255736483.
GAT episode:72/100 grounded:True sim_loss:36.7447
Policy training episode: 73, grounded actions taken: 587, last two uncertainties: {0: [0.927031066848172, 0.9655166683925522], 1: [0.8362474599646197, 0.8553478555546866], 2: [0.8310693230893876, 0.8013989226685629]}, avg agent uncertainties: [np.float64(0.9462738676203621), np.float64(0.8457976577596531), np.float64(0.8162341228789753)], grounded actions by agent: [174, 130, 283]
REAL_TRAIN step:73, travel time:656.5421538461538, q_loss:100, rewards:-105.402466, queue:99.28241, delay:0.6115245, throughput:2341, violation_rate:0.0000, forceoff_rate:0.1639, violations:0, force_offs:177
REAL_TRAIN_PER_INT step:73 int:0 id:84 violations:0 force_offs:53 decisions:360 violation_rate:0.0000 forceoff_rate:0.1472 queue:42.9861
REAL_TRAIN_PER_INT step:73 int:1 id:87 violations:0 force_offs:66 decisions:360 violation_rate:0.0000 forceoff_rate:0.1833 queue:198.1194
REAL_TRAIN_PER_INT step:73 int:2 id:98 violations:0 force_offs:58 decisions:360 violation_rate:0.0000 forceoff_rate:0.1611 queue:56.7417
forward model: training agent 0.
Epoch 0: forward train average loss 0.029151987698343065.
epoch 0: forward test average loss 0.03902513119909498.
Epoch 99: forward train average loss 0.004028924585630496.
epoch 99: forward test average loss 0.010089098579353757.
inverse model, training agent 0.
epoch 0: inverse train average loss 0.008797554195755057.
epoch 0: inverse test average loss 0.012828837252325483.
epoch 99: inverse train average loss 0.0022067182645615605.
epoch 99: inverse test average loss 0.003167994438930085.
forward model: training agent 1.
Epoch 0: forward train average loss 0.031731342896819115.
epoch 0: forward test average loss 0.03956049018436008.
Epoch 99: forward train average loss 0.002170132835292154.
epoch 99: forward test average loss 0.004099304684334331.
inverse model, training agent 1.
epoch 0: inverse train average loss 0.023716997044781845.
epoch 0: inverse test average loss 0.01930916143788232.
epoch 99: inverse train average loss 0.0004334608626474316.
epoch 99: inverse test average loss 0.005264860215700335.
forward model: training agent 2.
Epoch 0: forward train average loss 0.08100250901447402.
epoch 0: forward test average loss 0.12275552087359959.
Epoch 99: forward train average loss 0.008745868172910478.
epoch 99: forward test average loss 0.012965271870295206.
inverse model, training agent 2.
epoch 0: inverse train average loss 0.0013569533669700224.
epoch 0: inverse test average loss 0.010421561491158273.
epoch 99: inverse train average loss 0.0006789128108519233.
epoch 99: inverse test average loss 0.001085754173497359.
GAT episode:73/100 grounded:True sim_loss:34.7946
Policy training episode: 74, grounded actions taken: 579, last two uncertainties: {0: [0.9655166683925522, 1.0640018527706465], 1: [0.8553478555546866, 0.8014544662502077], 2: [0.8013989226685629, 0.8070850458410052]}, avg agent uncertainties: [np.float64(1.0147592605815994), np.float64(0.8284011609024471), np.float64(0.8042419842547841)], grounded actions by agent: [135, 206, 238]
REAL_TRAIN step:74, travel time:148.6360294117647, q_loss:100, rewards:-39.409447, queue:6.4333334, delay:0.5145445, throughput:4198, violation_rate:0.0000, forceoff_rate:0.1130, violations:0, force_offs:122
REAL_TRAIN_PER_INT step:74 int:0 id:84 violations:0 force_offs:50 decisions:360 violation_rate:0.0000 forceoff_rate:0.1389 queue:5.0944
REAL_TRAIN_PER_INT step:74 int:1 id:87 violations:0 force_offs:22 decisions:360 violation_rate:0.0000 forceoff_rate:0.0611 queue:10.4083
REAL_TRAIN_PER_INT step:74 int:2 id:98 violations:0 force_offs:50 decisions:360 violation_rate:0.0000 forceoff_rate:0.1389 queue:3.7972
forward model: training agent 0.
Epoch 0: forward train average loss 0.004192643022785584.
epoch 0: forward test average loss 0.006011815120776494.
Epoch 99: forward train average loss 0.0036976932444506222.
epoch 99: forward test average loss 0.006218145291010539.
inverse model, training agent 0.
epoch 0: inverse train average loss 0.000355294530486895.
epoch 0: inverse test average loss 0.00093232566804444.
epoch 99: inverse train average loss 0.0001361260664351802.
epoch 99: inverse test average loss 0.0011428005907671629.
forward model: training agent 1.
Epoch 0: forward train average loss 0.0054802170230282676.
epoch 0: forward test average loss 0.008831909961170621.
Epoch 99: forward train average loss 0.0043871973434256185.
epoch 99: forward test average loss 0.008211938871277703.
inverse model, training agent 1.
epoch 0: inverse train average loss 0.003325717161513037.
epoch 0: inverse test average loss 0.0025191031292908722.
epoch 99: inverse train average loss 0.0004314246212339236.
epoch 99: inverse test average loss 0.0014044612439142333.
forward model: training agent 2.
Epoch 0: forward train average loss 0.010436840769317415.
epoch 0: forward test average loss 0.0166398286819458.
Epoch 99: forward train average loss 0.009268570277425978.
epoch 99: forward test average loss 0.013758436673217349.
inverse model, training agent 2.
epoch 0: inverse train average loss 0.0051869673447476495.
epoch 0: inverse test average loss 0.013125259636176957.
epoch 99: inverse train average loss 0.0036018058761126464.
epoch 99: inverse test average loss 0.0051868509294258226.
GAT episode:74/100 grounded:True sim_loss:34.7384
Policy training episode: 75, grounded actions taken: 584, last two uncertainties: {0: [1.0640018527706465, 1.034904542234209], 1: [0.8014544662502077, 0.7829031920267476], 2: [0.8070850458410052, 0.7954461033145587]}, avg agent uncertainties: [np.float64(1.0494531975024277), np.float64(0.7921788291384777), np.float64(0.8012655745777819)], grounded actions by agent: [172, 186, 226]
REAL_TRAIN step:75, travel time:146.5618131868132, q_loss:100, rewards:-38.13668, queue:5.835185, delay:0.5113049, throughput:4185, violation_rate:0.0000, forceoff_rate:0.1241, violations:0, force_offs:134
REAL_TRAIN_PER_INT step:75 int:0 id:84 violations:0 force_offs:51 decisions:360 violation_rate:0.0000 forceoff_rate:0.1417 queue:4.6611
REAL_TRAIN_PER_INT step:75 int:1 id:87 violations:0 force_offs:29 decisions:360 violation_rate:0.0000 forceoff_rate:0.0806 queue:9.4056
REAL_TRAIN_PER_INT step:75 int:2 id:98 violations:0 force_offs:54 decisions:360 violation_rate:0.0000 forceoff_rate:0.1500 queue:3.4389
forward model: training agent 0.
Epoch 0: forward train average loss 0.003918904345482588.
epoch 0: forward test average loss 0.006718236953020096.
Epoch 99: forward train average loss 0.0035008793282839987.
epoch 99: forward test average loss 0.007970199816756778.
inverse model, training agent 0.
epoch 0: inverse train average loss 0.000712263236184501.
epoch 0: inverse test average loss 0.0016173241189486969.
epoch 99: inverse train average loss 0.00029633583067657635.
epoch 99: inverse test average loss 0.0013765886550471704.
forward model: training agent 1.
Epoch 0: forward train average loss 0.004953123215172026.
epoch 0: forward test average loss 0.008116814411348768.
Epoch 99: forward train average loss 0.004418980795890093.
epoch 99: forward test average loss 0.009026635024282668.
inverse model, training agent 1.
epoch 0: inverse train average loss 0.013499094276792474.
epoch 0: inverse test average loss 0.018551784257094067.
epoch 99: inverse train average loss 0.00323222485733115.
epoch 99: inverse test average loss 0.005291838302380509.
forward model: training agent 2.
Epoch 0: forward train average loss 0.009397435726390945.
epoch 0: forward test average loss 0.01959672984149721.
Epoch 99: forward train average loss 0.008749337763422065.
epoch 99: forward test average loss 0.016997605562210083.
inverse model, training agent 2.
epoch 0: inverse train average loss 0.006502993223774765.
epoch 0: inverse test average loss 0.005928330019944244.
epoch 99: inverse train average loss 0.005053258604473538.
epoch 99: inverse test average loss 0.005520813581016328.
GAT episode:75/100 grounded:True sim_loss:38.4306
Policy training episode: 76, grounded actions taken: 558, last two uncertainties: {0: [1.034904542234209, 0.9514016290505727], 1: [0.7829031920267476, 0.8921718781193098], 2: [0.7954461033145587, 0.7841896252499686]}, avg agent uncertainties: [np.float64(0.9931530856423908), np.float64(0.8375375350730287), np.float64(0.7898178642822636)], grounded actions by agent: [254, 73, 231]
REAL_TRAIN step:76, travel time:146.46550538620215, q_loss:100, rewards:-37.461937, queue:5.7833333, delay:0.51797384, throughput:4184, violation_rate:0.0000, forceoff_rate:0.1157, violations:0, force_offs:125
REAL_TRAIN_PER_INT step:76 int:0 id:84 violations:0 force_offs:51 decisions:360 violation_rate:0.0000 forceoff_rate:0.1417 queue:5.3944
REAL_TRAIN_PER_INT step:76 int:1 id:87 violations:0 force_offs:24 decisions:360 violation_rate:0.0000 forceoff_rate:0.0667 queue:8.1222
REAL_TRAIN_PER_INT step:76 int:2 id:98 violations:0 force_offs:50 decisions:360 violation_rate:0.0000 forceoff_rate:0.1389 queue:3.8333
forward model: training agent 0.
Epoch 0: forward train average loss 0.004409218983103831.
epoch 0: forward test average loss 0.006954917063315709.
Epoch 99: forward train average loss 0.003843598843862613.
epoch 99: forward test average loss 0.0060897328787379796.
inverse model, training agent 0.
epoch 0: inverse train average loss 0.0004891786472095797.
epoch 0: inverse test average loss 0.0005556915194675741.
epoch 99: inverse train average loss 0.00018432503727833845.
epoch 99: inverse test average loss 0.0008985290769487619.
forward model: training agent 1.
Epoch 0: forward train average loss 0.005363570319281684.
epoch 0: forward test average loss 0.008641111767954297.
Epoch 99: forward train average loss 0.004762816139393383.
epoch 99: forward test average loss 0.006742400427659352.
inverse model, training agent 1.
epoch 0: inverse train average loss 0.002092144400295284.
epoch 0: inverse test average loss 0.003881053792105781.
epoch 99: inverse train average loss 0.0008958993421401829.
epoch 99: inverse test average loss 0.0026648157444368633.
forward model: training agent 2.
Epoch 0: forward train average loss 0.010088205337524414.
epoch 0: forward test average loss 0.012725139243735207.
Epoch 99: forward train average loss 0.009248501000305017.
epoch 99: forward test average loss 0.01338340300652716.
inverse model, training agent 2.
epoch 0: inverse train average loss 0.004564082508699762.
epoch 0: inverse test average loss 0.005790913787980874.
epoch 99: inverse train average loss 0.0024852946711083255.
epoch 99: inverse test average loss 0.008425701409578323.
GAT episode:76/100 grounded:True sim_loss:38.0963
Policy training episode: 77, grounded actions taken: 639, last two uncertainties: {0: [0.9514016290505727, 0.8078415984080898], 1: [0.8921718781193098, 0.8392808846301503], 2: [0.7841896252499686, 0.819927917752001]}, avg agent uncertainties: [np.float64(0.8796216137293312), np.float64(0.86572638137473), np.float64(0.8020587715009848)], grounded actions by agent: [328, 149, 162]
REAL_TRAIN step:77, travel time:476.2325648414986, q_loss:100, rewards:-97.02976, queue:71.187035, delay:0.6296258, throughput:2582, violation_rate:0.0000, forceoff_rate:0.1639, violations:0, force_offs:177
REAL_TRAIN_PER_INT step:77 int:0 id:84 violations:0 force_offs:53 decisions:360 violation_rate:0.0000 forceoff_rate:0.1472 queue:14.4278
REAL_TRAIN_PER_INT step:77 int:1 id:87 violations:0 force_offs:64 decisions:360 violation_rate:0.0000 forceoff_rate:0.1778 queue:172.8861
REAL_TRAIN_PER_INT step:77 int:2 id:98 violations:0 force_offs:60 decisions:360 violation_rate:0.0000 forceoff_rate:0.1667 queue:26.2472
forward model: training agent 0.
Epoch 0: forward train average loss 0.01942450739443302.
epoch 0: forward test average loss 0.01779989070362515.
Epoch 99: forward train average loss 0.003496489849769407.
epoch 99: forward test average loss 0.006925027610527145.
inverse model, training agent 0.
epoch 0: inverse train average loss 0.03774935379624367.
epoch 0: inverse test average loss 0.039972432785564.
epoch 99: inverse train average loss 0.003943232250296407.
epoch 99: inverse test average loss 0.011040631267759535.
forward model: training agent 1.
Epoch 0: forward train average loss 0.07654664831029044.
epoch 0: forward test average loss 0.07409919301668803.
Epoch 99: forward train average loss 0.0028902620801495183.
epoch 99: forward test average loss 0.004426665811075104.
inverse model, training agent 1.
epoch 0: inverse train average loss 0.03117137857609325.
epoch 0: inverse test average loss 0.07553765177726746.
epoch 99: inverse train average loss 0.0032036700285971165.
epoch 99: inverse test average loss 0.00520449069639047.
forward model: training agent 2.
Epoch 0: forward train average loss 0.14424494198626941.
epoch 0: forward test average loss 0.08234876063134935.
Epoch 99: forward train average loss 0.008887416476176845.
epoch 99: forward test average loss 0.015428858498732248.
inverse model, training agent 2.
epoch 0: inverse train average loss 0.08366777913437949.
epoch 0: inverse test average loss 0.22142545382181802.
epoch 99: inverse train average loss 0.0008288927880736688.
epoch 99: inverse test average loss 0.0018037698335117642.
GAT episode:77/100 grounded:True sim_loss:37.0216
Policy training episode: 78, grounded actions taken: 408, last two uncertainties: {0: [0.8078415984080898, 0.9726797138651212], 1: [0.8392808846301503, 0.9472073117891947], 2: [0.819927917752001, 0.8040110225478808]}, avg agent uncertainties: [np.float64(0.8902606561366055), np.float64(0.8932440982096725), np.float64(0.8119694701499409)], grounded actions by agent: [135, 63, 210]
REAL_TRAIN step:78, travel time:150.0265872106349, q_loss:100, rewards:-40.03638, queue:6.876852, delay:0.5297636, throughput:4195, violation_rate:0.0000, forceoff_rate:0.1315, violations:0, force_offs:142
REAL_TRAIN_PER_INT step:78 int:0 id:84 violations:0 force_offs:51 decisions:360 violation_rate:0.0000 forceoff_rate:0.1417 queue:6.1861
REAL_TRAIN_PER_INT step:78 int:1 id:87 violations:0 force_offs:32 decisions:360 violation_rate:0.0000 forceoff_rate:0.0889 queue:11.6444
REAL_TRAIN_PER_INT step:78 int:2 id:98 violations:0 force_offs:59 decisions:360 violation_rate:0.0000 forceoff_rate:0.1639 queue:2.8000
forward model: training agent 0.
Epoch 0: forward train average loss 0.004005010291520093.
epoch 0: forward test average loss 0.005544185638427734.
Epoch 99: forward train average loss 0.0035692532029416827.
epoch 99: forward test average loss 0.006557360084520446.
inverse model, training agent 0.
epoch 0: inverse train average loss 0.0007022008907774256.
epoch 0: inverse test average loss 0.0010769258693067564.
epoch 99: inverse train average loss 0.0001151688041621431.
epoch 99: inverse test average loss 0.00016260218884175023.
forward model: training agent 1.
Epoch 0: forward train average loss 0.006014607329335477.
epoch 0: forward test average loss 0.00947584667139583.
Epoch 99: forward train average loss 0.004860383510175679.
epoch 99: forward test average loss 0.007482373466094335.
inverse model, training agent 1.
epoch 0: inverse train average loss 0.006689921331902345.
epoch 0: inverse test average loss 0.010917555954721238.
epoch 99: inverse train average loss 0.0009777226562922199.
epoch 99: inverse test average loss 0.005294980688227547.
forward model: training agent 2.
Epoch 0: forward train average loss 0.011440008464786742.
epoch 0: forward test average loss 0.017208658986621432.
Epoch 99: forward train average loss 0.010011266710029708.
epoch 99: forward test average loss 0.017313570612006716.
inverse model, training agent 2.
epoch 0: inverse train average loss 0.008372732438147068.
epoch 0: inverse test average loss 0.008177321404218674.
epoch 99: inverse train average loss 0.004777999750028054.
epoch 99: inverse test average loss 0.009384070212642351.
GAT episode:78/100 grounded:True sim_loss:39.1721
Policy training episode: 79, grounded actions taken: 552, last two uncertainties: {0: [0.9726797138651212, 0.9208414514859518], 1: [0.9472073117891947, 0.8856978357666069], 2: [0.8040110225478808, 0.7879157243503465]}, avg agent uncertainties: [np.float64(0.9467605826755365), np.float64(0.9164525737779008), np.float64(0.7959633734491136)], grounded actions by agent: [150, 157, 245]
REAL_TRAIN step:79, travel time:730.2564924655338, q_loss:100, rewards:-124.34894, queue:110.397224, delay:0.66883016, throughput:2187, violation_rate:0.0000, forceoff_rate:0.1667, violations:0, force_offs:180
REAL_TRAIN_PER_INT step:79 int:0 id:84 violations:0 force_offs:55 decisions:360 violation_rate:0.0000 forceoff_rate:0.1528 queue:44.3167
REAL_TRAIN_PER_INT step:79 int:1 id:87 violations:0 force_offs:66 decisions:360 violation_rate:0.0000 forceoff_rate:0.1833 queue:224.2000
REAL_TRAIN_PER_INT step:79 int:2 id:98 violations:0 force_offs:59 decisions:360 violation_rate:0.0000 forceoff_rate:0.1639 queue:62.6750
forward model: training agent 0.
Epoch 0: forward train average loss 0.018304939692219097.
epoch 0: forward test average loss 0.017078697681427002.
Epoch 99: forward train average loss 0.0038275676262047556.
epoch 99: forward test average loss 0.007945048726267286.
inverse model, training agent 0.
epoch 0: inverse train average loss 0.013171071807543436.
epoch 0: inverse test average loss 0.02298280017243491.
epoch 99: inverse train average loss 0.0021315737523966366.
epoch 99: inverse test average loss 0.003422151384357777.
forward model: training agent 1.
Epoch 0: forward train average loss 0.021392506650752492.
epoch 0: forward test average loss 0.02925575938489702.
Epoch 99: forward train average loss 0.0018063657140980165.
epoch 99: forward test average loss 0.003479813225567341.
inverse model, training agent 1.
epoch 0: inverse train average loss 0.7429139349195693.
epoch 0: inverse test average loss 1.0460513962639704.
epoch 99: inverse train average loss 0.018874286570482783.
epoch 99: inverse test average loss 0.0811583979262246.
forward model: training agent 2.
Epoch 0: forward train average loss 0.03445279556843969.
epoch 0: forward test average loss 0.05337750415007273.
Epoch 99: forward train average loss 0.008109265834920935.
epoch 99: forward test average loss 0.01480803100599183.
inverse model, training agent 2.
epoch 0: inverse train average loss 0.001161276246421039.
epoch 0: inverse test average loss 0.005245398316118453.
epoch 99: inverse train average loss 0.0005817391283926554.
epoch 99: inverse test average loss 0.0008221653958268386.
GAT episode:79/100 grounded:True sim_loss:39.8732
Policy training episode: 80, grounded actions taken: 490, last two uncertainties: {0: [0.9208414514859518, 1.00953931129641], 1: [0.8856978357666069, 0.95194291472435], 2: [0.7879157243503465, 0.7378977658020125]}, avg agent uncertainties: [np.float64(0.9651903813911809), np.float64(0.9188203752454784), np.float64(0.7629067450761795)], grounded actions by agent: [129, 80, 281]
REAL_TRAIN step:80, travel time:249.72659375833555, q_loss:100, rewards:-85.11805, queue:31.368519, delay:0.6358283, throughput:3442, violation_rate:0.0000, forceoff_rate:0.1500, violations:0, force_offs:162
REAL_TRAIN_PER_INT step:80 int:0 id:84 violations:0 force_offs:50 decisions:360 violation_rate:0.0000 forceoff_rate:0.1389 queue:7.1472
REAL_TRAIN_PER_INT step:80 int:1 id:87 violations:0 force_offs:53 decisions:360 violation_rate:0.0000 forceoff_rate:0.1472 queue:80.4111
REAL_TRAIN_PER_INT step:80 int:2 id:98 violations:0 force_offs:59 decisions:360 violation_rate:0.0000 forceoff_rate:0.1639 queue:6.5472
forward model: training agent 0.
Epoch 0: forward train average loss 0.003740072871247927.
epoch 0: forward test average loss 0.006301267486479547.
Epoch 99: forward train average loss 0.003303954429510567.
epoch 99: forward test average loss 0.005503289815452363.
inverse model, training agent 0.
epoch 0: inverse train average loss 0.0008355574455991802.
epoch 0: inverse test average loss 0.0018279756315880353.
epoch 99: inverse train average loss 0.00010003975815682982.
epoch 99: inverse test average loss 0.0009000816434207889.
forward model: training agent 1.
Epoch 0: forward train average loss 0.006897851410839293.
epoch 0: forward test average loss 0.008273578766319487.
Epoch 99: forward train average loss 0.003341372073110607.
epoch 99: forward test average loss 0.0065755970362159945.
inverse model, training agent 1.
epoch 0: inverse train average loss 0.005441649609969722.
epoch 0: inverse test average loss 0.013984200027253892.
epoch 99: inverse train average loss 0.002636261180871063.
epoch 99: inverse test average loss 0.007902302261855867.
forward model: training agent 2.
Epoch 0: forward train average loss 0.014330730876988836.
epoch 0: forward test average loss 0.020843576225969527.
Epoch 99: forward train average loss 0.010151405508319536.
epoch 99: forward test average loss 0.01684872806072235.
inverse model, training agent 2.
epoch 0: inverse train average loss 0.006303815067642265.
epoch 0: inverse test average loss 0.01845568170150121.
epoch 99: inverse train average loss 0.005374081536299652.
epoch 99: inverse test average loss 0.0063932471805148655.
GAT episode:80/100 grounded:True sim_loss:41.5122
Policy training episode: 81, grounded actions taken: 556, last two uncertainties: {0: [1.00953931129641, 0.8221892227729162], 1: [0.95194291472435, 0.9372198169430097], 2: [0.7378977658020125, 0.7992772007981936]}, avg agent uncertainties: [np.float64(0.9158642670346631), np.float64(0.9445813658336799), np.float64(0.7685874833001031)], grounded actions by agent: [313, 100, 143]
REAL_TRAIN step:81, travel time:235.60762277058393, q_loss:100, rewards:-53.84109, queue:25.914814, delay:0.5675809, throughput:3493, violation_rate:0.0000, forceoff_rate:0.1481, violations:0, force_offs:160
REAL_TRAIN_PER_INT step:81 int:0 id:84 violations:0 force_offs:51 decisions:360 violation_rate:0.0000 forceoff_rate:0.1417 queue:6.6083
REAL_TRAIN_PER_INT step:81 int:1 id:87 violations:0 force_offs:50 decisions:360 violation_rate:0.0000 forceoff_rate:0.1389 queue:66.2083
REAL_TRAIN_PER_INT step:81 int:2 id:98 violations:0 force_offs:59 decisions:360 violation_rate:0.0000 forceoff_rate:0.1639 queue:4.9278
forward model: training agent 0.
Epoch 0: forward train average loss 0.004134257634480794.
epoch 0: forward test average loss 0.00812094865573777.
Epoch 99: forward train average loss 0.003630382991913292.
epoch 99: forward test average loss 0.0084789064195421.
inverse model, training agent 0.
epoch 0: inverse train average loss 0.00042536702029691596.
epoch 0: inverse test average loss 0.0002342259685974568.
epoch 99: inverse train average loss 0.00012938538808763647.
epoch 99: inverse test average loss 0.0001582842863475283.
forward model: training agent 1.
Epoch 0: forward train average loss 0.00862338776803679.
epoch 0: forward test average loss 0.011519740439123578.
Epoch 99: forward train average loss 0.00402204863106211.
epoch 99: forward test average loss 0.006998436939385202.
inverse model, training agent 1.
epoch 0: inverse train average loss 0.0028480819116036096.
epoch 0: inverse test average loss 0.006387082445952628.
epoch 99: inverse train average loss 0.0007805719570670691.
epoch 99: inverse test average loss 0.004160936507913802.
forward model: training agent 2.
Epoch 0: forward train average loss 0.01507818347050084.
epoch 0: forward test average loss 0.020766416357623205.
Epoch 99: forward train average loss 0.009150478781925308.
epoch 99: forward test average loss 0.016812174684471555.
inverse model, training agent 2.
epoch 0: inverse train average loss 0.004960242193192244.
epoch 0: inverse test average loss 0.007812764081690047.
epoch 99: inverse train average loss 0.0031905585589508214.
epoch 99: inverse test average loss 0.004603538041313489.
GAT episode:81/100 grounded:True sim_loss:49.5170
Policy training episode: 82, grounded actions taken: 556, last two uncertainties: {0: [0.8221892227729162, 0.8418158817622396], 1: [0.9372198169430097, 0.8980649687349797], 2: [0.7992772007981936, 0.8178170076674885]}, avg agent uncertainties: [np.float64(0.8320025522675779), np.float64(0.9176423928389947), np.float64(0.8085471042328412)], grounded actions by agent: [259, 169, 128]
REAL_TRAIN step:82, travel time:149.09667812142038, q_loss:100, rewards:-39.197773, queue:6.612963, delay:0.53450495, throughput:4199, violation_rate:0.0000, forceoff_rate:0.1287, violations:0, force_offs:139
REAL_TRAIN_PER_INT step:82 int:0 id:84 violations:0 force_offs:51 decisions:360 violation_rate:0.0000 forceoff_rate:0.1417 queue:6.2083
REAL_TRAIN_PER_INT step:82 int:1 id:87 violations:0 force_offs:31 decisions:360 violation_rate:0.0000 forceoff_rate:0.0861 queue:10.1722
REAL_TRAIN_PER_INT step:82 int:2 id:98 violations:0 force_offs:57 decisions:360 violation_rate:0.0000 forceoff_rate:0.1583 queue:3.4583
forward model: training agent 0.
Epoch 0: forward train average loss 0.004140090197324753.
epoch 0: forward test average loss 0.006519337909089195.
Epoch 99: forward train average loss 0.003692767738054196.
epoch 99: forward test average loss 0.006975389603111479.
inverse model, training agent 0.
epoch 0: inverse train average loss 0.00025003702952138457.
epoch 0: inverse test average loss 0.0003983748124988375.
epoch 99: inverse train average loss 4.826154428075016e-05.
epoch 99: inverse test average loss 0.00037814310417161323.
forward model: training agent 1.
Epoch 0: forward train average loss 0.00548735757668813.
epoch 0: forward test average loss 0.009390809055831697.
Epoch 99: forward train average loss 0.004944683673481147.
epoch 99: forward test average loss 0.00806771508521504.
inverse model, training agent 1.
epoch 0: inverse train average loss 0.0007652387010037071.
epoch 0: inverse test average loss 0.0009622040541014738.
epoch 99: inverse train average loss 0.0001638742493620763.
epoch 99: inverse test average loss 0.0002762512045188083.
forward model: training agent 2.
Epoch 0: forward train average loss 0.010733428307705455.
epoch 0: forward test average loss 0.016788516607549455.
Epoch 99: forward train average loss 0.00970331434574392.
epoch 99: forward test average loss 0.015720150536961026.
inverse model, training agent 2.
epoch 0: inverse train average loss 0.00409244399310814.
epoch 0: inverse test average loss 0.006853235678540336.
epoch 99: inverse train average loss 0.0030413071314493814.
epoch 99: inverse test average loss 0.005203518809543716.
GAT episode:82/100 grounded:True sim_loss:48.1968
Policy training episode: 83, grounded actions taken: 774, last two uncertainties: {0: [0.8418158817622396, 0.7289859340422683], 1: [0.8980649687349797, 0.8482688198486964], 2: [0.8178170076674885, 0.7822150960564613]}, avg agent uncertainties: [np.float64(0.7854009079022539), np.float64(0.873166894291838), np.float64(0.800016051861975)], grounded actions by agent: [309, 203, 262]
REAL_TRAIN step:83, travel time:148.08064146620848, q_loss:100, rewards:-38.67806, queue:6.186111, delay:0.5303086, throughput:4191, violation_rate:0.0000, forceoff_rate:0.1324, violations:0, force_offs:143
REAL_TRAIN_PER_INT step:83 int:0 id:84 violations:0 force_offs:51 decisions:360 violation_rate:0.0000 forceoff_rate:0.1417 queue:5.7750
REAL_TRAIN_PER_INT step:83 int:1 id:87 violations:0 force_offs:33 decisions:360 violation_rate:0.0000 forceoff_rate:0.0917 queue:9.6028
REAL_TRAIN_PER_INT step:83 int:2 id:98 violations:0 force_offs:59 decisions:360 violation_rate:0.0000 forceoff_rate:0.1639 queue:3.1806
forward model: training agent 0.
Epoch 0: forward train average loss 0.004157293174001906.
epoch 0: forward test average loss 0.00608690765996774.
Epoch 99: forward train average loss 0.0036830867951114974.
epoch 99: forward test average loss 0.005916974196831386.
inverse model, training agent 0.
epoch 0: inverse train average loss 0.002786285321538647.
epoch 0: inverse test average loss 4.533344751204519e-05.
epoch 99: inverse train average loss 0.000553473002380795.
epoch 99: inverse test average loss 0.0002502832212485373.
forward model: training agent 1.
Epoch 0: forward train average loss 0.005062938253912661.
epoch 0: forward test average loss 0.007905266765091155.
Epoch 99: forward train average loss 0.004193817317071889.
epoch 99: forward test average loss 0.00920278454820315.
inverse model, training agent 1.
epoch 0: inverse train average loss 0.002076333518036538.
epoch 0: inverse test average loss 0.003181634315599998.
epoch 99: inverse train average loss 0.0001882063047054948.
epoch 99: inverse test average loss 0.0003271565785528057.
forward model: training agent 2.
Epoch 0: forward train average loss 0.010129400632447667.
epoch 0: forward test average loss 0.016682400471634336.
Epoch 99: forward train average loss 0.008913755520350404.
epoch 99: forward test average loss 0.018734329276614718.
inverse model, training agent 2.
epoch 0: inverse train average loss 0.0052175977681246065.
epoch 0: inverse test average loss 0.008878854827748405.
epoch 99: inverse train average loss 0.0021568747340805.
epoch 99: inverse test average loss 0.0034551468367377916.
GAT episode:83/100 grounded:True sim_loss:47.3172
Policy training episode: 84, grounded actions taken: 620, last two uncertainties: {0: [0.7289859340422683, 0.8899348484145271], 1: [0.8482688198486964, 0.7698190451496177], 2: [0.7822150960564613, 0.7152834859159257]}, avg agent uncertainties: [np.float64(0.8094603912283977), np.float64(0.8090439324991571), np.float64(0.7487492909861935)], grounded actions by agent: [80, 220, 320]
REAL_TRAIN step:84, travel time:144.46750861079218, q_loss:100, rewards:-36.157784, queue:5.0898147, delay:0.5090714, throughput:4196, violation_rate:0.0000, forceoff_rate:0.1278, violations:0, force_offs:138
REAL_TRAIN_PER_INT step:84 int:0 id:84 violations:0 force_offs:50 decisions:360 violation_rate:0.0000 forceoff_rate:0.1389 queue:5.5222
REAL_TRAIN_PER_INT step:84 int:1 id:87 violations:0 force_offs:29 decisions:360 violation_rate:0.0000 forceoff_rate:0.0806 queue:7.1361
REAL_TRAIN_PER_INT step:84 int:2 id:98 violations:0 force_offs:59 decisions:360 violation_rate:0.0000 forceoff_rate:0.1639 queue:2.6111
forward model: training agent 0.
Epoch 0: forward train average loss 0.0042464168638818795.
epoch 0: forward test average loss 0.007001967065864139.
Epoch 99: forward train average loss 0.00398956099525094.
epoch 99: forward test average loss 0.006220722157094214.
inverse model, training agent 0.
epoch 0: inverse train average loss 0.00040243271764160856.
epoch 0: inverse test average loss 0.0012157828443580205.
epoch 99: inverse train average loss 0.00021546609463661702.
epoch 99: inverse test average loss 0.0026974763928188216.
forward model: training agent 1.
Epoch 0: forward train average loss 0.005071175284683704.
epoch 0: forward test average loss 0.008553520258929994.
Epoch 99: forward train average loss 0.004154724638081259.
epoch 99: forward test average loss 0.00775078394346767.
inverse model, training agent 1.
epoch 0: inverse train average loss 0.0003270090577037384.
epoch 0: inverse test average loss 0.0006731463492744499.
epoch 99: inverse train average loss 3.553567229472618e-05.
epoch 99: inverse test average loss 0.0002801488347661992.
forward model: training agent 2.
Epoch 0: forward train average loss 0.010119108069274161.
epoch 0: forward test average loss 0.01564644194311566.
Epoch 99: forward train average loss 0.009086917257971235.
epoch 99: forward test average loss 0.015429606868161095.
inverse model, training agent 2.
epoch 0: inverse train average loss 0.0072105082993706065.
epoch 0: inverse test average loss 0.006730841679705514.
epoch 99: inverse train average loss 0.004225811765839656.
epoch 99: inverse test average loss 0.00664411298930645.
GAT episode:84/100 grounded:True sim_loss:45.7711
Policy training episode: 85, grounded actions taken: 593, last two uncertainties: {0: [0.8899348484145271, 0.8317530503703489], 1: [0.7698190451496177, 0.834687181810538], 2: [0.7152834859159257, 0.7137948473294576]}, avg agent uncertainties: [np.float64(0.860843949392438), np.float64(0.8022531134800779), np.float64(0.7145391666226917)], grounded actions by agent: [152, 155, 286]
REAL_TRAIN step:85, travel time:147.84150251946863, q_loss:100, rewards:-37.389717, queue:6.125926, delay:0.52135247, throughput:4186, violation_rate:0.0000, forceoff_rate:0.1204, violations:0, force_offs:130
REAL_TRAIN_PER_INT step:85 int:0 id:84 violations:0 force_offs:50 decisions:360 violation_rate:0.0000 forceoff_rate:0.1389 queue:5.7583
REAL_TRAIN_PER_INT step:85 int:1 id:87 violations:0 force_offs:26 decisions:360 violation_rate:0.0000 forceoff_rate:0.0722 queue:8.5639
REAL_TRAIN_PER_INT step:85 int:2 id:98 violations:0 force_offs:54 decisions:360 violation_rate:0.0000 forceoff_rate:0.1500 queue:4.0556
forward model: training agent 0.
Epoch 0: forward train average loss 0.0037981137736803955.
epoch 0: forward test average loss 0.006357749096221394.
Epoch 99: forward train average loss 0.003393609438919359.
epoch 99: forward test average loss 0.007689165986246533.
inverse model, training agent 0.
epoch 0: inverse train average loss 0.0010345933454421659.
epoch 0: inverse test average loss 0.00046028818340144225.
epoch 99: inverse train average loss 0.0004356988582811836.
epoch 99: inverse test average loss 0.0004452258516620431.
forward model: training agent 1.
Epoch 0: forward train average loss 0.005434367598758804.
epoch 0: forward test average loss 0.008950868828429116.
Epoch 99: forward train average loss 0.004526817757222388.
epoch 99: forward test average loss 0.009310993883344863.
inverse model, training agent 1.
epoch 0: inverse train average loss 0.00016262726866342645.
epoch 0: inverse test average loss 0.0010141264113675181.
epoch 99: inverse train average loss 3.65268329510905e-05.
epoch 99: inverse test average loss 0.0009653506341338572.
forward model: training agent 2.
Epoch 0: forward train average loss 0.010400489386585023.
epoch 0: forward test average loss 0.014425696598158943.
Epoch 99: forward train average loss 0.009307004821797213.
epoch 99: forward test average loss 0.016347339583767787.
inverse model, training agent 2.
epoch 0: inverse train average loss 0.020371234872274928.
epoch 0: inverse test average loss 0.04454342027505239.
epoch 99: inverse train average loss 0.004047794888416926.
epoch 99: inverse test average loss 0.0067992994251350565.
GAT episode:85/100 grounded:True sim_loss:45.3541
Policy training episode: 86, grounded actions taken: 563, last two uncertainties: {0: [0.8317530503703489, 0.9007232568330235], 1: [0.834687181810538, 0.8372870627376768], 2: [0.7137948473294576, 0.6914596521192127]}, avg agent uncertainties: [np.float64(0.8662381536016861), np.float64(0.8359871222741074), np.float64(0.7026272497243351)], grounded actions by agent: [150, 145, 268]
REAL_TRAIN step:86, travel time:148.5421631530706, q_loss:100, rewards:-38.60501, queue:6.3935184, delay:0.53670365, throughput:4194, violation_rate:0.0000, forceoff_rate:0.1250, violations:0, force_offs:135
REAL_TRAIN_PER_INT step:86 int:0 id:84 violations:0 force_offs:51 decisions:360 violation_rate:0.0000 forceoff_rate:0.1417 queue:5.7972
REAL_TRAIN_PER_INT step:86 int:1 id:87 violations:0 force_offs:32 decisions:360 violation_rate:0.0000 forceoff_rate:0.0889 queue:9.6611
REAL_TRAIN_PER_INT step:86 int:2 id:98 violations:0 force_offs:52 decisions:360 violation_rate:0.0000 forceoff_rate:0.1444 queue:3.7222
forward model: training agent 0.
Epoch 0: forward train average loss 0.0038821262617905936.
epoch 0: forward test average loss 0.006636002411444982.
Epoch 99: forward train average loss 0.0033408188675012854.
epoch 99: forward test average loss 0.006105165514681075.
inverse model, training agent 0.
epoch 0: inverse train average loss 0.0014453207517767118.
epoch 0: inverse test average loss 0.0021383745802773368.
epoch 99: inverse train average loss 0.0008186158180857698.
epoch 99: inverse test average loss 0.0013143061821918106.
forward model: training agent 1.
Epoch 0: forward train average loss 0.005201420850223965.
epoch 0: forward test average loss 0.009458288964298036.
Epoch 99: forward train average loss 0.004462736658751965.
epoch 99: forward test average loss 0.0074502889894776875.
inverse model, training agent 1.
epoch 0: inverse train average loss 0.002103580573424956.
epoch 0: inverse test average loss 0.00012387599094331058.
epoch 99: inverse train average loss 0.00028011428366880864.
epoch 99: inverse test average loss 0.001147672874544191.
forward model: training agent 2.
Epoch 0: forward train average loss 0.010225488493839899.
epoch 0: forward test average loss 0.017065847085581884.
Epoch 99: forward train average loss 0.009259076168139776.
epoch 99: forward test average loss 0.01655828207731247.
inverse model, training agent 2.
epoch 0: inverse train average loss 0.004560351992646853.
epoch 0: inverse test average loss 0.012534806297885047.
epoch 99: inverse train average loss 0.003406120671166314.
epoch 99: inverse test average loss 0.014610503282811906.
GAT episode:86/100 grounded:True sim_loss:46.3896
Policy training episode: 87, grounded actions taken: 654, last two uncertainties: {0: [0.9007232568330235, 0.8736307800643974], 1: [0.8372870627376768, 0.8071100774738523], 2: [0.6914596521192127, 0.6678859813345803]}, avg agent uncertainties: [np.float64(0.8871770184487104), np.float64(0.8221985701057646), np.float64(0.6796728167268965)], grounded actions by agent: [179, 184, 291]
REAL_TRAIN step:87, travel time:147.42755289788408, q_loss:100, rewards:-38.335003, queue:6.0666666, delay:0.5240671, throughput:4179, violation_rate:0.0000, forceoff_rate:0.1278, violations:0, force_offs:138
REAL_TRAIN_PER_INT step:87 int:0 id:84 violations:0 force_offs:48 decisions:360 violation_rate:0.0000 forceoff_rate:0.1333 queue:6.9611
REAL_TRAIN_PER_INT step:87 int:1 id:87 violations:0 force_offs:31 decisions:360 violation_rate:0.0000 forceoff_rate:0.0861 queue:8.1500
REAL_TRAIN_PER_INT step:87 int:2 id:98 violations:0 force_offs:59 decisions:360 violation_rate:0.0000 forceoff_rate:0.1639 queue:3.0889
forward model: training agent 0.
Epoch 0: forward train average loss 0.003816104494035244.
epoch 0: forward test average loss 0.006519748518864314.
Epoch 99: forward train average loss 0.0035142452559537357.
epoch 99: forward test average loss 0.006226992027627097.
inverse model, training agent 0.
epoch 0: inverse train average loss 0.0016496063779211706.
epoch 0: inverse test average loss 0.0005587846592081607.
epoch 99: inverse train average loss 0.0009549585390939481.
epoch 99: inverse test average loss 0.0012551184691902664.
forward model: training agent 1.
Epoch 0: forward train average loss 0.00520429801609781.
epoch 0: forward test average loss 0.008377547479338117.
Epoch 99: forward train average loss 0.004323980253603723.
epoch 99: forward test average loss 0.008078615284628339.
inverse model, training agent 1.
epoch 0: inverse train average loss 0.00035622915311250836.
epoch 0: inverse test average loss 0.004564461505247487.
epoch 99: inverse train average loss 6.869408793540465e-05.
epoch 99: inverse test average loss 0.0015030913054943085.
forward model: training agent 2.
Epoch 0: forward train average loss 0.010211744242244296.
epoch 0: forward test average loss 0.015120802654160393.
Epoch 99: forward train average loss 0.009232721394962735.
epoch 99: forward test average loss 0.015001369847191704.
inverse model, training agent 2.
epoch 0: inverse train average loss 0.009271180567642054.
epoch 0: inverse test average loss 0.00820622593164444.
epoch 99: inverse train average loss 0.0022917468514707354.
epoch 99: inverse test average loss 0.004524766467511654.
GAT episode:87/100 grounded:True sim_loss:44.2078
Policy training episode: 88, grounded actions taken: 582, last two uncertainties: {0: [0.8736307800643974, 0.9494820318288273], 1: [0.8071100774738523, 0.8147279960413774], 2: [0.6678859813345803, 0.6549114614725113]}, avg agent uncertainties: [np.float64(0.9115564059466124), np.float64(0.8109190367576149), np.float64(0.6613987214035458)], grounded actions by agent: [130, 174, 278]
REAL_TRAIN step:88, travel time:146.88333715333485, q_loss:100, rewards:-38.733894, queue:6.0175924, delay:0.5229414, throughput:4187, violation_rate:0.0000, forceoff_rate:0.1250, violations:0, force_offs:135
REAL_TRAIN_PER_INT step:88 int:0 id:84 violations:0 force_offs:47 decisions:360 violation_rate:0.0000 forceoff_rate:0.1306 queue:7.2667
REAL_TRAIN_PER_INT step:88 int:1 id:87 violations:0 force_offs:31 decisions:360 violation_rate:0.0000 forceoff_rate:0.0861 queue:7.6000
REAL_TRAIN_PER_INT step:88 int:2 id:98 violations:0 force_offs:57 decisions:360 violation_rate:0.0000 forceoff_rate:0.1583 queue:3.1861
forward model: training agent 0.
Epoch 0: forward train average loss 0.004234690063943465.
epoch 0: forward test average loss 0.006609469445215331.
Epoch 99: forward train average loss 0.0036383897273076903.
epoch 99: forward test average loss 0.006074746863709556.
inverse model, training agent 0.
epoch 0: inverse train average loss 0.0015567406986115708.
epoch 0: inverse test average loss 0.001509070875019663.
epoch 99: inverse train average loss 0.0010449704196718004.
epoch 99: inverse test average loss 0.0013514243546524085.
forward model: training agent 1.
Epoch 0: forward train average loss 0.005274058009187381.
epoch 0: forward test average loss 0.008272156947188906.
Epoch 99: forward train average loss 0.004465282170308961.
epoch 99: forward test average loss 0.008884234146939384.
inverse model, training agent 1.
epoch 0: inverse train average loss 0.0005401900751975416.
epoch 0: inverse test average loss 0.0005675170493001739.
epoch 99: inverse train average loss 0.00022852460415379028.
epoch 99: inverse test average loss 0.0005241417545928723.
forward model: training agent 2.
Epoch 0: forward train average loss 0.010122371216615042.
epoch 0: forward test average loss 0.01653069340520435.
Epoch 99: forward train average loss 0.008868918236758973.
epoch 99: forward test average loss 0.014233895060088899.
inverse model, training agent 2.
epoch 0: inverse train average loss 0.008698677437172996.
epoch 0: inverse test average loss 0.015318816734684838.
epoch 99: inverse train average loss 0.004466243346946107.
epoch 99: inverse test average loss 0.009662271787722906.
GAT episode:88/100 grounded:True sim_loss:47.1025
Policy training episode: 89, grounded actions taken: 612, last two uncertainties: {0: [0.9494820318288273, 0.8844437289569113], 1: [0.8147279960413774, 0.8129426036443975], 2: [0.6549114614725113, 0.6468576394849354]}, avg agent uncertainties: [np.float64(0.9169628803928693), np.float64(0.8138352998428875), np.float64(0.6508845504787233)], grounded actions by agent: [194, 164, 254]
REAL_TRAIN step:89, travel time:148.84448007329362, q_loss:100, rewards:-38.468327, queue:6.45, delay:0.51745385, throughput:4201, violation_rate:0.0000, forceoff_rate:0.1102, violations:0, force_offs:119
REAL_TRAIN_PER_INT step:89 int:0 id:84 violations:0 force_offs:50 decisions:360 violation_rate:0.0000 forceoff_rate:0.1389 queue:7.0861
REAL_TRAIN_PER_INT step:89 int:1 id:87 violations:0 force_offs:30 decisions:360 violation_rate:0.0000 forceoff_rate:0.0833 queue:8.6028
REAL_TRAIN_PER_INT step:89 int:2 id:98 violations:0 force_offs:39 decisions:360 violation_rate:0.0000 forceoff_rate:0.1083 queue:3.6611
forward model: training agent 0.
Epoch 0: forward train average loss 0.004091656145950158.
epoch 0: forward test average loss 0.006989467475149367.
Epoch 99: forward train average loss 0.003701609197176165.
epoch 99: forward test average loss 0.006873347899980015.
inverse model, training agent 0.
epoch 0: inverse train average loss 0.0017653278644300168.
epoch 0: inverse test average loss 0.0013417388157298167.
epoch 99: inverse train average loss 0.0012649177418400843.
epoch 99: inverse test average loss 0.0023836527640620866.
forward model: training agent 1.
Epoch 0: forward train average loss 0.005550283731685745.
epoch 0: forward test average loss 0.00824502483010292.
Epoch 99: forward train average loss 0.004556975586132871.
epoch 99: forward test average loss 0.00860539534025722.
inverse model, training agent 1.
epoch 0: inverse train average loss 0.0002014746601667462.
epoch 0: inverse test average loss 0.00032678886072466814.
epoch 99: inverse train average loss 4.962466411800253e-05.
epoch 99: inverse test average loss 0.0001067953126039356.
forward model: training agent 2.
Epoch 0: forward train average loss 0.011035315692424774.
epoch 0: forward test average loss 0.015879375239213307.
Epoch 99: forward train average loss 0.009697865487800704.
epoch 99: forward test average loss 0.018764163884851668.
inverse model, training agent 2.
epoch 0: inverse train average loss 0.008221899883614646.
epoch 0: inverse test average loss 0.013359965549574958.
epoch 99: inverse train average loss 0.0034562713570064968.
epoch 99: inverse test average loss 0.00666710486014684.
GAT episode:89/100 grounded:True sim_loss:47.3708
Policy training episode: 90, grounded actions taken: 621, last two uncertainties: {0: [0.8844437289569113, 0.8378773003816604], 1: [0.8129426036443975, 0.7947431546118524], 2: [0.6468576394849354, 0.6630092947019471]}, avg agent uncertainties: [np.float64(0.8611605146692858), np.float64(0.8038428791281249), np.float64(0.6549334670934412)], grounded actions by agent: [255, 180, 186]
REAL_TRAIN step:90, travel time:148.1113662456946, q_loss:100, rewards:-39.504177, queue:6.4342594, delay:0.53846693, throughput:4180, violation_rate:0.0000, forceoff_rate:0.1306, violations:0, force_offs:141
REAL_TRAIN_PER_INT step:90 int:0 id:84 violations:0 force_offs:50 decisions:360 violation_rate:0.0000 forceoff_rate:0.1389 queue:7.9917
REAL_TRAIN_PER_INT step:90 int:1 id:87 violations:0 force_offs:33 decisions:360 violation_rate:0.0000 forceoff_rate:0.0917 queue:8.4833
REAL_TRAIN_PER_INT step:90 int:2 id:98 violations:0 force_offs:58 decisions:360 violation_rate:0.0000 forceoff_rate:0.1611 queue:2.8278
forward model: training agent 0.
Epoch 0: forward train average loss 0.004161070877065261.
epoch 0: forward test average loss 0.004938707997401555.
Epoch 99: forward train average loss 0.0037182998429569933.
epoch 99: forward test average loss 0.006871290297971832.
inverse model, training agent 0.
epoch 0: inverse train average loss 0.0010163267531121771.
epoch 0: inverse test average loss 0.0015562479901644918.
epoch 99: inverse train average loss 0.0005285825334592826.
epoch 99: inverse test average loss 0.0015630685051696168.
forward model: training agent 1.
Epoch 0: forward train average loss 0.005359992798831727.
epoch 0: forward test average loss 0.009198103927903704.
Epoch 99: forward train average loss 0.004370118025690317.
epoch 99: forward test average loss 0.0087513311041726.
inverse model, training agent 1.
epoch 0: inverse train average loss 0.00031585118105997227.
epoch 0: inverse test average loss 8.216324365801281e-05.
epoch 99: inverse train average loss 8.285816228534613e-05.
epoch 99: inverse test average loss 6.875899796594038e-05.
forward model: training agent 2.
Epoch 0: forward train average loss 0.01014910162323051.
epoch 0: forward test average loss 0.014462064951658249.
Epoch 99: forward train average loss 0.009260861927436458.
epoch 99: forward test average loss 0.015862789418962266.
inverse model, training agent 2.
epoch 0: inverse train average loss 0.017454355541202757.
epoch 0: inverse test average loss 0.022499968608220417.
epoch 99: inverse train average loss 0.00381363235000107.
epoch 99: inverse test average loss 0.0027597835287451744.
GAT episode:90/100 grounded:True sim_loss:44.5998
Policy training episode: 91, grounded actions taken: 660, last two uncertainties: {0: [0.8378773003816604, 0.8220011030634244], 1: [0.7947431546118524, 0.7891049022475879], 2: [0.6630092947019471, 0.6465419842137231]}, avg agent uncertainties: [np.float64(0.8299392017225424), np.float64(0.7919240284297202), np.float64(0.6547756394578351)], grounded actions by agent: [232, 187, 241]
REAL_TRAIN step:91, travel time:147.85079074031628, q_loss:100, rewards:-39.956398, queue:6.5435185, delay:0.52258956, throughput:4173, violation_rate:0.0000, forceoff_rate:0.1250, violations:0, force_offs:135
REAL_TRAIN_PER_INT step:91 int:0 id:84 violations:0 force_offs:47 decisions:360 violation_rate:0.0000 forceoff_rate:0.1306 queue:9.3306
REAL_TRAIN_PER_INT step:91 int:1 id:87 violations:0 force_offs:29 decisions:360 violation_rate:0.0000 forceoff_rate:0.0806 queue:7.4611
REAL_TRAIN_PER_INT step:91 int:2 id:98 violations:0 force_offs:59 decisions:360 violation_rate:0.0000 forceoff_rate:0.1639 queue:2.8389
forward model: training agent 0.
Epoch 0: forward train average loss 0.0037274143865538966.
epoch 0: forward test average loss 0.006310843759112888.
Epoch 99: forward train average loss 0.0032337970203823512.
epoch 99: forward test average loss 0.00632542185485363.
inverse model, training agent 0.
epoch 0: inverse train average loss 0.0002813510962166927.
epoch 0: inverse test average loss 0.0003451733112645646.
epoch 99: inverse train average loss 0.00019400146629777737.
epoch 99: inverse test average loss 0.0002299921632382191.
forward model: training agent 1.
Epoch 0: forward train average loss 0.005150112737384107.
epoch 0: forward test average loss 0.00896898036201795.
Epoch 99: forward train average loss 0.004212254140939977.
epoch 99: forward test average loss 0.008793096989393234.
inverse model, training agent 1.
epoch 0: inverse train average loss 7.927580878054464e-05.
epoch 0: inverse test average loss 0.0005170754819927323.
epoch 99: inverse train average loss 1.7042367592997227e-05.
epoch 99: inverse test average loss 0.0003194276400285566.
forward model: training agent 2.
Epoch 0: forward train average loss 0.009525929888089498.
epoch 0: forward test average loss 0.01718316227197647.
Epoch 99: forward train average loss 0.008665138441655371.
epoch 99: forward test average loss 0.017537309063805476.
inverse model, training agent 2.
epoch 0: inverse train average loss 0.0041645242729120785.
epoch 0: inverse test average loss 0.005334285191363758.
epoch 99: inverse train average loss 0.00232686182587511.
epoch 99: inverse test average loss 0.0029157562595274714.
GAT episode:91/100 grounded:True sim_loss:43.6600
Policy training episode: 92, grounded actions taken: 543, last two uncertainties: {0: [0.8220011030634244, 0.9032985717886024], 1: [0.7891049022475879, 0.7582839097413752], 2: [0.6465419842137231, 0.6505807232525613]}, avg agent uncertainties: [np.float64(0.8626498374260134), np.float64(0.7736944059944815), np.float64(0.6485613537331423)], grounded actions by agent: [121, 188, 234]
REAL_TRAIN step:92, travel time:147.1249137336094, q_loss:100, rewards:-39.179985, queue:6.2157407, delay:0.5315538, throughput:4179, violation_rate:0.0000, forceoff_rate:0.1278, violations:0, force_offs:138
REAL_TRAIN_PER_INT step:92 int:0 id:84 violations:0 force_offs:50 decisions:360 violation_rate:0.0000 forceoff_rate:0.1389 queue:8.9694
REAL_TRAIN_PER_INT step:92 int:1 id:87 violations:0 force_offs:29 decisions:360 violation_rate:0.0000 forceoff_rate:0.0806 queue:7.1278
REAL_TRAIN_PER_INT step:92 int:2 id:98 violations:0 force_offs:59 decisions:360 violation_rate:0.0000 forceoff_rate:0.1639 queue:2.5500
forward model: training agent 0.
Epoch 0: forward train average loss 0.0041825952422287725.
epoch 0: forward test average loss 0.0072469305660989546.
Epoch 99: forward train average loss 0.003826592221028275.
epoch 99: forward test average loss 0.006672287980715434.
inverse model, training agent 0.
epoch 0: inverse train average loss 0.0008963624584592051.
epoch 0: inverse test average loss 0.002446555635995335.
epoch 99: inverse train average loss 0.0006437076145731327.
epoch 99: inverse test average loss 0.0007503055579339465.
forward model: training agent 1.
Epoch 0: forward train average loss 0.004800961611585485.
epoch 0: forward test average loss 0.009431317448616028.
Epoch 99: forward train average loss 0.003956002390219105.
epoch 99: forward test average loss 0.007634336542752054.
inverse model, training agent 1.
epoch 0: inverse train average loss 7.321404013459364e-05.
epoch 0: inverse test average loss 3.770277059326569e-05.
epoch 99: inverse train average loss 2.0926023050075553e-05.
epoch 99: inverse test average loss 1.684361086518038e-05.
forward model: training agent 2.
Epoch 0: forward train average loss 0.009950201130575605.
epoch 0: forward test average loss 0.015147012968858084.
Epoch 99: forward train average loss 0.0087046403851774.
epoch 99: forward test average loss 0.01549742536412345.
inverse model, training agent 2.
epoch 0: inverse train average loss 0.0023752308528249464.
epoch 0: inverse test average loss 0.007364596136742168.
epoch 99: inverse train average loss 0.0016728691084103452.
epoch 99: inverse test average loss 0.0034453806777795157.
GAT episode:92/100 grounded:True sim_loss:43.2670
Policy training episode: 93, grounded actions taken: 609, last two uncertainties: {0: [0.9032985717886024, 0.9029517946143945], 1: [0.7582839097413752, 0.7358592667513424], 2: [0.6505807232525613, 0.6363921403884888]}, avg agent uncertainties: [np.float64(0.9031251832014984), np.float64(0.7470715882463588), np.float64(0.6434864318205251)], grounded actions by agent: [148, 208, 253]
REAL_TRAIN step:93, travel time:148.3228328351345, q_loss:100, rewards:-38.837784, queue:6.485185, delay:0.5252248, throughput:4168, violation_rate:0.0000, forceoff_rate:0.1250, violations:0, force_offs:135
REAL_TRAIN_PER_INT step:93 int:0 id:84 violations:0 force_offs:48 decisions:360 violation_rate:0.0000 forceoff_rate:0.1333 queue:8.5444
REAL_TRAIN_PER_INT step:93 int:1 id:87 violations:0 force_offs:28 decisions:360 violation_rate:0.0000 forceoff_rate:0.0778 queue:7.7083
REAL_TRAIN_PER_INT step:93 int:2 id:98 violations:0 force_offs:59 decisions:360 violation_rate:0.0000 forceoff_rate:0.1639 queue:3.2028
forward model: training agent 0.
Epoch 0: forward train average loss 0.0036785537894401285.
epoch 0: forward test average loss 0.0070069533669286305.
Epoch 99: forward train average loss 0.003329614436046945.
epoch 99: forward test average loss 0.008207993374930488.
inverse model, training agent 0.
epoch 0: inverse train average loss 0.001986376407633846.
epoch 0: inverse test average loss 0.0023846913956933552.
epoch 99: inverse train average loss 0.0013209354268231739.
epoch 99: inverse test average loss 0.0020240910622912147.
forward model: training agent 1.
Epoch 0: forward train average loss 0.00537988833255238.
epoch 0: forward test average loss 0.009941643310917748.
Epoch 99: forward train average loss 0.004446715996083286.
epoch 99: forward test average loss 0.008108022312323252.
inverse model, training agent 1.
epoch 0: inverse train average loss 0.00025059276312175725.
epoch 0: inverse test average loss 0.001957283943839785.
epoch 99: inverse train average loss 4.044236852173021e-05.
epoch 99: inverse test average loss 0.00223225774243474.
forward model: training agent 2.
Epoch 0: forward train average loss 0.010215776041150093.
epoch 0: forward test average loss 0.017244392799006567.
Epoch 99: forward train average loss 0.008975155444608795.
epoch 99: forward test average loss 0.017858645154370204.
inverse model, training agent 2.
epoch 0: inverse train average loss 0.013234797658191787.
epoch 0: inverse test average loss 0.007383800008230739.
epoch 99: inverse train average loss 0.004233047262661987.
epoch 99: inverse test average loss 0.010119408576024903.
GAT episode:93/100 grounded:True sim_loss:40.4860
Policy training episode: 94, grounded actions taken: 603, last two uncertainties: {0: [0.9029517946143945, 0.924894010523955], 1: [0.7358592667513424, 0.7368219635552831], 2: [0.6363921403884888, 0.634301650358571]}, avg agent uncertainties: [np.float64(0.9139229025691747), np.float64(0.7363406151533127), np.float64(0.63534689537353)], grounded actions by agent: [165, 189, 249]
REAL_TRAIN step:94, travel time:148.08224513172968, q_loss:100, rewards:-39.84916, queue:6.563889, delay:0.5400592, throughput:4184, violation_rate:0.0000, forceoff_rate:0.1204, violations:0, force_offs:130
REAL_TRAIN_PER_INT step:94 int:0 id:84 violations:0 force_offs:47 decisions:360 violation_rate:0.0000 forceoff_rate:0.1306 queue:9.8972
REAL_TRAIN_PER_INT step:94 int:1 id:87 violations:0 force_offs:24 decisions:360 violation_rate:0.0000 forceoff_rate:0.0667 queue:6.9139
REAL_TRAIN_PER_INT step:94 int:2 id:98 violations:0 force_offs:59 decisions:360 violation_rate:0.0000 forceoff_rate:0.1639 queue:2.8806
forward model: training agent 0.
Epoch 0: forward train average loss 0.004018061328679323.
epoch 0: forward test average loss 0.006925375097327762.
Epoch 99: forward train average loss 0.0034905733644134468.
epoch 99: forward test average loss 0.007646004772848553.
inverse model, training agent 0.
epoch 0: inverse train average loss 0.0006221369678516769.
epoch 0: inverse test average loss 0.0017916943567494552.
epoch 99: inverse train average loss 0.000287081053506376.
epoch 99: inverse test average loss 0.0009789548348635435.
forward model: training agent 1.
Epoch 0: forward train average loss 0.0050348444945282405.
epoch 0: forward test average loss 0.008468940440151427.
Epoch 99: forward train average loss 0.004343371010488934.
epoch 99: forward test average loss 0.008313969605498843.
inverse model, training agent 1.
epoch 0: inverse train average loss 0.0012797277259879694.
epoch 0: inverse test average loss 0.0002796202639324798.
epoch 99: inverse train average loss 0.0007385923753544274.
epoch 99: inverse test average loss 0.0001327389780069805.
forward model: training agent 2.
Epoch 0: forward train average loss 0.010143638278047243.
epoch 0: forward test average loss 0.014176567809449302.
Epoch 99: forward train average loss 0.008875519140726991.
epoch 99: forward test average loss 0.014336957699722715.
inverse model, training agent 2.
epoch 0: inverse train average loss 0.007185453186846442.
epoch 0: inverse test average loss 0.017161616848574743.
epoch 99: inverse train average loss 0.0019649584363732073.
epoch 99: inverse test average loss 0.011264125299122598.
GAT episode:94/100 grounded:True sim_loss:37.2192
Policy training episode: 95, grounded actions taken: 573, last two uncertainties: {0: [0.924894010523955, 0.9369708857602543], 1: [0.7368219635552831, 0.7550833366811276], 2: [0.634301650358571, 0.6313040334317419]}, avg agent uncertainties: [np.float64(0.9309324481421046), np.float64(0.7459526501182053), np.float64(0.6328028418951565)], grounded actions by agent: [172, 173, 228]
REAL_TRAIN step:95, travel time:148.28044026599403, q_loss:100, rewards:-39.432503, queue:6.6518517, delay:0.53386617, throughput:4174, violation_rate:0.0000, forceoff_rate:0.1333, violations:0, force_offs:144
REAL_TRAIN_PER_INT step:95 int:0 id:84 violations:0 force_offs:50 decisions:360 violation_rate:0.0000 forceoff_rate:0.1389 queue:10.1028
REAL_TRAIN_PER_INT step:95 int:1 id:87 violations:0 force_offs:35 decisions:360 violation_rate:0.0000 forceoff_rate:0.0972 queue:7.1028
REAL_TRAIN_PER_INT step:95 int:2 id:98 violations:0 force_offs:59 decisions:360 violation_rate:0.0000 forceoff_rate:0.1639 queue:2.7500
forward model: training agent 0.
Epoch 0: forward train average loss 0.003859252048035463.
epoch 0: forward test average loss 0.0063484737442599404.
Epoch 99: forward train average loss 0.003249706441743506.
epoch 99: forward test average loss 0.006502481384409798.
inverse model, training agent 0.
epoch 0: inverse train average loss 0.0007855040833722645.
epoch 0: inverse test average loss 0.003852004081838661.
epoch 99: inverse train average loss 0.0005473271788408359.
epoch 99: inverse test average loss 0.010688641419013342.
forward model: training agent 1.
Epoch 0: forward train average loss 0.004931656126346853.
epoch 0: forward test average loss 0.007666038349270821.
Epoch 99: forward train average loss 0.004065430050508844.
epoch 99: forward test average loss 0.00942214247253206.
inverse model, training agent 1.
epoch 0: inverse train average loss 0.0004976112152993059.
epoch 0: inverse test average loss 0.0008855126604127387.
epoch 99: inverse train average loss 0.00014431658443451548.
epoch 99: inverse test average loss 0.0012339824914104408.
forward model: training agent 2.
Epoch 0: forward train average loss 0.010183461217416657.
epoch 0: forward test average loss 0.017789209882418316.
Epoch 99: forward train average loss 0.008702288899156783.
epoch 99: forward test average loss 0.017465329832500882.
inverse model, training agent 2.
epoch 0: inverse train average loss 0.0044560508492092294.
epoch 0: inverse test average loss 0.007027280827363332.
epoch 99: inverse train average loss 0.003363382485177782.
epoch 99: inverse test average loss 0.010709832111994425.
GAT episode:95/100 grounded:True sim_loss:31.6437
Policy training episode: 96, grounded actions taken: 666, last two uncertainties: {0: [0.9369708857602543, 0.8681039761337969], 1: [0.7550833366811276, 0.7309398447473844], 2: [0.6313040334317419, 0.626096052924792]}, avg agent uncertainties: [np.float64(0.9025374309470255), np.float64(0.743011590714256), np.float64(0.628700043178267)], grounded actions by agent: [235, 188, 243]
REAL_TRAIN step:96, travel time:147.63073394495413, q_loss:100, rewards:-39.355827, queue:6.3407407, delay:0.5368965, throughput:4182, violation_rate:0.0000, forceoff_rate:0.1315, violations:0, force_offs:142
REAL_TRAIN_PER_INT step:96 int:0 id:84 violations:0 force_offs:50 decisions:360 violation_rate:0.0000 forceoff_rate:0.1389 queue:8.8556
REAL_TRAIN_PER_INT step:96 int:1 id:87 violations:0 force_offs:33 decisions:360 violation_rate:0.0000 forceoff_rate:0.0917 queue:7.5389
REAL_TRAIN_PER_INT step:96 int:2 id:98 violations:0 force_offs:59 decisions:360 violation_rate:0.0000 forceoff_rate:0.1639 queue:2.6278
forward model: training agent 0.
Epoch 0: forward train average loss 0.003645629725522465.
epoch 0: forward test average loss 0.006172340363264084.
Epoch 99: forward train average loss 0.0033808757240573564.
epoch 99: forward test average loss 0.006662809393472142.
inverse model, training agent 0.
epoch 0: inverse train average loss 0.0005898665468622413.
epoch 0: inverse test average loss 0.00011696046324990068.
epoch 99: inverse train average loss 0.00022839123347593058.
epoch 99: inverse test average loss 8.452666224911809e-05.
forward model: training agent 1.
Epoch 0: forward train average loss 0.005031760316342115.
epoch 0: forward test average loss 0.009298781553904215.
Epoch 99: forward train average loss 0.0042574777164393.
epoch 99: forward test average loss 0.008662264794111252.
inverse model, training agent 1.
epoch 0: inverse train average loss 0.00025834071331903234.
epoch 0: inverse test average loss 0.0006080350398810373.
epoch 99: inverse train average loss 0.00013768377862611992.
epoch 99: inverse test average loss 0.0005142722188288139.
forward model: training agent 2.
Epoch 0: forward train average loss 0.010465645955668556.
epoch 0: forward test average loss 0.01644259360101488.
Epoch 99: forward train average loss 0.009317331636945406.
epoch 99: forward test average loss 0.016038204232851665.
inverse model, training agent 2.
epoch 0: inverse train average loss 0.004836523594955604.
epoch 0: inverse test average loss 0.018185074337654643.
epoch 99: inverse train average loss 0.0032352090088857543.
epoch 99: inverse test average loss 0.0055687639655338395.
GAT episode:96/100 grounded:True sim_loss:32.6159
Policy training episode: 97, grounded actions taken: 690, last two uncertainties: {0: [0.8681039761337969, 0.7951469265752369], 1: [0.7309398447473844, 0.7041999563574791], 2: [0.626096052924792, 0.6334053647187021]}, avg agent uncertainties: [np.float64(0.8316254513545169), np.float64(0.7175699005524317), np.float64(0.6297507088217471)], grounded actions by agent: [282, 202, 206]
REAL_TRAIN step:97, travel time:147.55234822451317, q_loss:100, rewards:-38.69194, queue:6.2435184, delay:0.5193559, throughput:4191, violation_rate:0.0000, forceoff_rate:0.1194, violations:0, force_offs:129
REAL_TRAIN_PER_INT step:97 int:0 id:84 violations:0 force_offs:50 decisions:360 violation_rate:0.0000 forceoff_rate:0.1389 queue:8.7194
REAL_TRAIN_PER_INT step:97 int:1 id:87 violations:0 force_offs:20 decisions:360 violation_rate:0.0000 forceoff_rate:0.0556 queue:7.2500
REAL_TRAIN_PER_INT step:97 int:2 id:98 violations:0 force_offs:59 decisions:360 violation_rate:0.0000 forceoff_rate:0.1639 queue:2.7611
forward model: training agent 0.
Epoch 0: forward train average loss 0.003860537531889147.
epoch 0: forward test average loss 0.006057194951507781.
Epoch 99: forward train average loss 0.0034730550315645006.
epoch 99: forward test average loss 0.006181739063726531.
inverse model, training agent 0.
epoch 0: inverse train average loss 0.0006926915731229302.
epoch 0: inverse test average loss 0.014609728318949541.
epoch 99: inverse train average loss 0.00021098058358701464.
epoch 99: inverse test average loss 0.003951883150471581.
forward model: training agent 1.
Epoch 0: forward train average loss 0.00533336369941632.
epoch 0: forward test average loss 0.009590519385205375.
Epoch 99: forward train average loss 0.004399964689380593.
epoch 99: forward test average loss 0.007407134605778588.
inverse model, training agent 1.
epoch 0: inverse train average loss 0.00023073260268170593.
epoch 0: inverse test average loss 0.0006052901606178946.
epoch 99: inverse train average loss 1.4233506640771844e-05.
epoch 99: inverse test average loss 5.906524246610287e-05.
forward model: training agent 2.
Epoch 0: forward train average loss 0.010285775487621626.
epoch 0: forward test average loss 0.013240072048372693.
Epoch 99: forward train average loss 0.00851915849165784.
epoch 99: forward test average loss 0.012818136976824867.
inverse model, training agent 2.
epoch 0: inverse train average loss 0.0072697413464387255.
epoch 0: inverse test average loss 0.005881037045684125.
epoch 99: inverse train average loss 0.004431725583142704.
epoch 99: inverse test average loss 0.006593369361427095.
GAT episode:97/100 grounded:True sim_loss:33.3272
Policy training episode: 98, grounded actions taken: 622, last two uncertainties: {0: [0.7951469265752369, 0.8072841718792916], 1: [0.7041999563574791, 0.7112677788568867], 2: [0.6334053647187021, 0.6317543637421396]}, avg agent uncertainties: [np.float64(0.8012155492272642), np.float64(0.7077338676071829), np.float64(0.6325798642304208)], grounded actions by agent: [220, 176, 226]
REAL_TRAIN step:98, travel time:149.07752293577983, q_loss:100, rewards:-40.276672, queue:6.9046297, delay:0.5261409, throughput:4191, violation_rate:0.0000, forceoff_rate:0.1231, violations:0, force_offs:133
REAL_TRAIN_PER_INT step:98 int:0 id:84 violations:0 force_offs:49 decisions:360 violation_rate:0.0000 forceoff_rate:0.1361 queue:11.6417
REAL_TRAIN_PER_INT step:98 int:1 id:87 violations:0 force_offs:25 decisions:360 violation_rate:0.0000 forceoff_rate:0.0694 queue:6.2972
REAL_TRAIN_PER_INT step:98 int:2 id:98 violations:0 force_offs:59 decisions:360 violation_rate:0.0000 forceoff_rate:0.1639 queue:2.7750
forward model: training agent 0.
Epoch 0: forward train average loss 0.0038809949118230077.
epoch 0: forward test average loss 0.007016326197319561.
Epoch 99: forward train average loss 0.0033478448167443275.
epoch 99: forward test average loss 0.009053825297289424.
inverse model, training agent 0.
epoch 0: inverse train average loss 0.000508803107853358.
epoch 0: inverse test average loss 0.0008778533794813686.
epoch 99: inverse train average loss 0.00012533233717072613.
epoch 99: inverse test average loss 0.0006461220877503769.
forward model: training agent 1.
Epoch 0: forward train average loss 0.004898332680265109.
epoch 0: forward test average loss 0.009012825787067413.
Epoch 99: forward train average loss 0.004071516502234671.
epoch 99: forward test average loss 0.009020979619688459.
inverse model, training agent 1.
epoch 0: inverse train average loss 0.36455122629801434.
epoch 0: inverse test average loss 0.43404608302646214.
epoch 99: inverse train average loss 0.0005769651033915579.
epoch 99: inverse test average loss 0.0009786325455125836.
forward model: training agent 2.
Epoch 0: forward train average loss 0.009260040811366506.
epoch 0: forward test average loss 0.013988003548648622.
Epoch 99: forward train average loss 0.00812337537192636.
epoch 99: forward test average loss 0.01652940445476108.
inverse model, training agent 2.
epoch 0: inverse train average loss 0.004689333908673789.
epoch 0: inverse test average loss 0.0059349505851666136.
epoch 99: inverse train average loss 0.002804907633819514.
epoch 99: inverse test average loss 0.0036614228867822224.
GAT episode:98/100 grounded:True sim_loss:30.3606
Policy training episode: 99, grounded actions taken: 530, last two uncertainties: {0: [0.8072841718792916, 0.7961690561638938], 1: [0.7112677788568867, 0.6801742512318824], 2: [0.6317543637421396, 0.6657585485113992]}, avg agent uncertainties: [np.float64(0.8017266140215926), np.float64(0.6957210150443845), np.float64(0.6487564561267694)], grounded actions by agent: [191, 204, 135]
REAL_TRAIN step:99, travel time:147.63163945734652, q_loss:100, rewards:-38.968903, queue:6.290741, delay:0.5419281, throughput:4186, violation_rate:0.0000, forceoff_rate:0.1269, violations:0, force_offs:137
REAL_TRAIN_PER_INT step:99 int:0 id:84 violations:0 force_offs:50 decisions:360 violation_rate:0.0000 forceoff_rate:0.1389 queue:8.6889
REAL_TRAIN_PER_INT step:99 int:1 id:87 violations:0 force_offs:28 decisions:360 violation_rate:0.0000 forceoff_rate:0.0778 queue:7.5333
REAL_TRAIN_PER_INT step:99 int:2 id:98 violations:0 force_offs:59 decisions:360 violation_rate:0.0000 forceoff_rate:0.1639 queue:2.6500
forward model: training agent 0.
Epoch 0: forward train average loss 0.003956765712549289.
epoch 0: forward test average loss 0.006744247343805101.
Epoch 99: forward train average loss 0.0034042933127946323.
epoch 99: forward test average loss 0.007085825834009383.
inverse model, training agent 0.
epoch 0: inverse train average loss 0.02094357605609629.
epoch 0: inverse test average loss 0.08496541778246562.
epoch 99: inverse train average loss 0.0021375895529571506.
epoch 99: inverse test average loss 0.0029780848934832546.
forward model: training agent 1.
Epoch 0: forward train average loss 0.004790518018934462.
epoch 0: forward test average loss 0.008626442402601242.
Epoch 99: forward train average loss 0.004017713479697704.
epoch 99: forward test average loss 0.0070634738852580385.
inverse model, training agent 1.
epoch 0: inverse train average loss 0.017902603786852624.
epoch 0: inverse test average loss 0.04336250987317827.
epoch 99: inverse train average loss 0.004347180999401543.
epoch 99: inverse test average loss 0.052014394559794.
forward model: training agent 2.
Epoch 0: forward train average loss 0.010316593986418512.
epoch 0: forward test average loss 0.016939063039090898.
Epoch 99: forward train average loss 0.008767011471920542.
epoch 99: forward test average loss 0.0134967097805606.
inverse model, training agent 2.
epoch 0: inverse train average loss 0.08228734880685806.
epoch 0: inverse test average loss 0.24362697866227892.
epoch 99: inverse train average loss 0.003795495049821006.
epoch 99: inverse test average loss 0.0039760083374049925.
GAT episode:99/100 grounded:True sim_loss:27.5358
Total time taken: 3056.1413650512695
