Sim Rollout episode:0/100, sim avg travel time:64.57927838464084, rewards:-2.0994442409939236, queue:0.37857142857142856, delay:0.04278705536373078, throughput:3011
Real rollout step:0/100, travel time:103.10547156227501, rewards:-12.984719509548611, queue:1.6456349206349206, delay:0.12746464562794518, throughput:2669
forward model: training agent 0.
Epoch 0: forward train average loss 0.006565639542208778.
epoch 0: forward test average loss 0.009718599418799082.
Epoch 99: forward train average loss 0.003217066948612531.
epoch 99: forward test average loss 0.005734238359663222.
inverse model, training agent 0.
epoch 0: inverse train average loss 0.010846998542547226.
epoch 0: inverse test average loss 0.01725735432571835.
epoch 99: inverse train average loss 0.008342175847954221.
epoch 99: inverse test average loss 0.015169127119912041.
forward model: training agent 1.
Epoch 0: forward train average loss 0.02311477272046937.
epoch 0: forward test average loss 0.029399786558416154.
Epoch 99: forward train average loss 0.00870802543229527.
epoch 99: forward test average loss 0.01662409885062112.
inverse model, training agent 1.
epoch 0: inverse train average loss 0.021497842752271228.
epoch 0: inverse test average loss 0.03399956557485792.
epoch 99: inverse train average loss 0.01580069089929263.
epoch 99: inverse test average loss 0.024890721672111087.
forward model: training agent 2.
Epoch 0: forward train average loss 0.006969228800800111.
epoch 0: forward test average loss 0.007323625187079112.
Epoch 99: forward train average loss 0.0027789704812069735.
epoch 99: forward test average loss 0.003967855332626237.
inverse model, training agent 2.
epoch 0: inverse train average loss 0.018308162689208984.
epoch 0: inverse test average loss 0.027237642142507765.
epoch 99: inverse train average loss 0.016903633665707376.
epoch 99: inverse test average loss 0.024870659742090438.
forward model: training agent 3.
Epoch 0: forward train average loss 0.03074804362323549.
epoch 0: forward test average loss 0.047538442744149104.
Epoch 99: forward train average loss 0.010491649723715253.
epoch 99: forward test average loss 0.016130005319913227.
inverse model, training agent 3.
epoch 0: inverse train average loss 0.022222659240166347.
epoch 0: inverse test average loss 0.03503316309716967.
epoch 99: inverse train average loss 0.015150829321808286.
epoch 99: inverse test average loss 0.023467808134026.
forward model: training agent 4.
Epoch 0: forward train average loss 0.005168694174951977.
epoch 0: forward test average loss 0.008469348152478537.
Epoch 99: forward train average loss 0.002392438809490866.
epoch 99: forward test average loss 0.003509887701107396.
inverse model, training agent 4.
epoch 0: inverse train average loss 0.023440609375635784.
epoch 0: inverse test average loss 0.03778779672251807.
epoch 99: inverse train average loss 0.023126660535732906.
epoch 99: inverse test average loss 0.036812727650006614.
forward model: training agent 5.
Epoch 0: forward train average loss 0.0027503344333834117.
epoch 0: forward test average loss 0.00415252045624786.
Epoch 99: forward train average loss 0.001417874384464489.
epoch 99: forward test average loss 0.0022738886376221976.
inverse model, training agent 5.
epoch 0: inverse train average loss 0.019371507896317378.
epoch 0: inverse test average loss 0.030395454830593534.
epoch 99: inverse train average loss 0.01889855166276296.
epoch 99: inverse test average loss 0.030071664187643263.
forward model: training agent 6.
Epoch 0: forward train average loss 0.006875908416178491.
epoch 0: forward test average loss 0.010096006509330537.
Epoch 99: forward train average loss 0.0040840050722989775.
epoch 99: forward test average loss 0.0074459777937995065.
inverse model, training agent 6.
epoch 0: inverse train average loss 0.01854536020093494.
epoch 0: inverse test average loss 0.029539497362242803.
epoch 99: inverse train average loss 0.016460779019527964.
epoch 99: inverse test average loss 0.027299390070968203.
Policy training episode: 0, grounded actions taken: 875, last two uncertainties: {0: [0.0], 1: [0.0], 2: [0.0], 3: [0.0], 4: [0.0], 5: [0.0], 6: [0.0]}, avg agent uncertainties: [0.0, 0.0, 0.0, 0.0, 0.0, 0.0, 0.0], grounded actions by agent: [123, 131, 130, 114, 137, 117, 123]
Policy training episode: 0, iteration 0/1, policy training avg travel time:106.69358041032429, q_loss:0, rewards:-12.489442274305556, queue:2.0825396825396827, delay:0.11145866030738467, throughput:2984
Sim Rollout episode:1/100, sim avg travel time:62.97913216296787, rewards:-1.9730555216471355, queue:0.36587301587301585, delay:0.04111001150948661, throughput:3011
Real rollout step:1/100, travel time:103.10547156227501, rewards:-12.984719509548611, queue:1.6456349206349206, delay:0.12746464562794518, throughput:2669
forward model: training agent 0.
Epoch 0: forward train average loss 0.003170384766740931.
epoch 0: forward test average loss 0.005282475716537899.
Epoch 99: forward train average loss 0.0024874977146585784.
epoch 99: forward test average loss 0.004360400968127781.
inverse model, training agent 0.
epoch 0: inverse train average loss 0.008697672126193842.
epoch 0: inverse test average loss 0.012164019048213959.
epoch 99: inverse train average loss 0.006309508346021175.
epoch 99: inverse test average loss 0.0063846779780255426.
forward model: training agent 1.
Epoch 0: forward train average loss 0.008646448453267416.
epoch 0: forward test average loss 0.014287529720200432.
Epoch 99: forward train average loss 0.006419664973186122.
epoch 99: forward test average loss 0.00994421790043513.
inverse model, training agent 1.
epoch 0: inverse train average loss 0.015786939404077.
epoch 0: inverse test average loss 0.023881846831904516.
epoch 99: inverse train average loss 0.008820759546425607.
epoch 99: inverse test average loss 0.009507076193888983.
forward model: training agent 2.
Epoch 0: forward train average loss 0.002753506518072552.
epoch 0: forward test average loss 0.004780159228377872.
Epoch 99: forward train average loss 0.002187359043293529.
epoch 99: forward test average loss 0.0031689323691858184.
inverse model, training agent 2.
epoch 0: inverse train average loss 0.017190363051162824.
epoch 0: inverse test average loss 0.024562489655282762.
epoch 99: inverse train average loss 0.01601432077586651.
epoch 99: inverse test average loss 0.021698688467343647.
forward model: training agent 3.
Epoch 0: forward train average loss 0.01066848056183921.
epoch 0: forward test average loss 0.01629783295922809.
Epoch 99: forward train average loss 0.0074087026425533825.
epoch 99: forward test average loss 0.010995492339134216.
inverse model, training agent 3.
epoch 0: inverse train average loss 0.014940754406981997.
epoch 0: inverse test average loss 0.02255146536562178.
epoch 99: inverse train average loss 0.006120333292831977.
epoch 99: inverse test average loss 0.005862946518593364.
forward model: training agent 4.
Epoch 0: forward train average loss 0.002349576395418909.
epoch 0: forward test average loss 0.004189073832498657.
Epoch 99: forward train average loss 0.0018638706921289365.
epoch 99: forward test average loss 0.003188325816558467.
inverse model, training agent 4.
epoch 0: inverse train average loss 0.02336865911881129.
epoch 0: inverse test average loss 0.03607180383470324.
epoch 99: inverse train average loss 0.02264213603403833.
epoch 99: inverse test average loss 0.03578163352277544.
forward model: training agent 5.
Epoch 0: forward train average loss 0.0014269209156433742.
epoch 0: forward test average loss 0.002239021679593457.
Epoch 99: forward train average loss 0.0011976094812982613.
epoch 99: forward test average loss 0.0021887728944420815.
inverse model, training agent 5.
epoch 0: inverse train average loss 0.01890011587076717.
epoch 0: inverse test average loss 0.030729158057106867.
epoch 99: inverse train average loss 0.017931572679016326.
epoch 99: inverse test average loss 0.028611438141928777.
forward model: training agent 6.
Epoch 0: forward train average loss 0.0040969341062009335.
epoch 0: forward test average loss 0.008892682070533434.
Epoch 99: forward train average loss 0.0033400055641929307.
epoch 99: forward test average loss 0.005918193608522415.
inverse model, training agent 6.
epoch 0: inverse train average loss 0.016479882929060195.
epoch 0: inverse test average loss 0.025963645842340257.
epoch 99: inverse train average loss 0.01360530344148477.
epoch 99: inverse test average loss 0.02178732305765152.
Policy training episode: 1, grounded actions taken: 838, last two uncertainties: {0: [0.0, 0.0], 1: [0.0, 0.0], 2: [0.0, 0.0], 3: [0.0, 0.0], 4: [0.0, 0.0], 5: [0.0, 0.0], 6: [0.0, 0.0]}, avg agent uncertainties: [0.0, 0.0, 0.0, 0.0, 0.0, 0.0, 0.0], grounded actions by agent: [136, 110, 119, 124, 122, 104, 123]
Policy training episode: 1, iteration 0/1, policy training avg travel time:84.0221707478491, q_loss:0, rewards:-10.157778591579861, queue:1.7523809523809524, delay:0.09494436354864211, throughput:3008
Sim Rollout episode:2/100, sim avg travel time:62.774172185430466, rewards:-2.0813883463541667, queue:0.3638888888888889, delay:0.040338582841176834, throughput:3011
Real rollout step:2/100, travel time:103.10547156227501, rewards:-12.984719509548611, queue:1.6456349206349206, delay:0.12746464562794518, throughput:2669
forward model: training agent 0.
Epoch 0: forward train average loss 0.0024666812581320605.
epoch 0: forward test average loss 0.004889028560784128.
Epoch 99: forward train average loss 0.0021380636220177016.
epoch 99: forward test average loss 0.004016607585880492.
inverse model, training agent 0.
epoch 0: inverse train average loss 0.005083921468920178.
epoch 0: inverse test average loss 0.010237490551339256.
epoch 99: inverse train average loss 0.004542282937715451.
epoch 99: inverse test average loss 0.008685184021790823.
forward model: training agent 1.
Epoch 0: forward train average loss 0.006300059561100271.
epoch 0: forward test average loss 0.009182751178741455.
Epoch 99: forward train average loss 0.005251445910996861.
epoch 99: forward test average loss 0.008887812495231628.
inverse model, training agent 1.
epoch 0: inverse train average loss 0.008045917790797021.
epoch 0: inverse test average loss 0.019099794328212738.
epoch 99: inverse train average loss 0.00604692329135206.
epoch 99: inverse test average loss 0.010130775057607226.
forward model: training agent 2.
Epoch 0: forward train average loss 0.002206669266646107.
epoch 0: forward test average loss 0.0033943818675147164.
Epoch 99: forward train average loss 0.0018956300595568286.
epoch 99: forward test average loss 0.003262786919044124.
inverse model, training agent 2.
epoch 0: inverse train average loss 0.016352924207846325.
epoch 0: inverse test average loss 0.023859054678016238.
epoch 99: inverse train average loss 0.01476417337026861.
epoch 99: inverse test average loss 0.025460427006085713.
forward model: training agent 3.
Epoch 0: forward train average loss 0.007314360183146264.
epoch 0: forward test average loss 0.013119372228781382.
Epoch 99: forward train average loss 0.005974980381627877.
epoch 99: forward test average loss 0.01327010119954745.
inverse model, training agent 3.
epoch 0: inverse train average loss 0.00595164904370904.
epoch 0: inverse test average loss 0.006123442616727617.
epoch 99: inverse train average loss 0.0053660764048496885.
epoch 99: inverse test average loss 0.005350125953555107.
forward model: training agent 4.
Epoch 0: forward train average loss 0.0018579225418054396.
epoch 0: forward test average loss 0.004575420791904132.
Epoch 99: forward train average loss 0.001678041544639402.
epoch 99: forward test average loss 0.003426165319979191.
inverse model, training agent 4.
epoch 0: inverse train average loss 0.022869015319479838.
epoch 0: inverse test average loss 0.034353444973627724.
epoch 99: inverse train average loss 0.021846298956208758.
epoch 99: inverse test average loss 0.03549749652544657.
forward model: training agent 5.
Epoch 0: forward train average loss 0.0011691125627193186.
epoch 0: forward test average loss 0.0019443051682578193.
Epoch 99: forward train average loss 0.0009664835330719749.
epoch 99: forward test average loss 0.0016979777978526221.
inverse model, training agent 5.
epoch 0: inverse train average loss 0.018139706717597112.
epoch 0: inverse test average loss 0.029451327191458807.
epoch 99: inverse train average loss 0.016554988506767485.
epoch 99: inverse test average loss 0.02665467146370146.
forward model: training agent 6.
Epoch 0: forward train average loss 0.003294238251530462.
epoch 0: forward test average loss 0.005940363225009706.
Epoch 99: forward train average loss 0.002797571269588338.
epoch 99: forward test average loss 0.005103681236505508.
inverse model, training agent 6.
epoch 0: inverse train average loss 0.013828985393047333.
epoch 0: inverse test average loss 0.025395549833774567.
epoch 99: inverse train average loss 0.012623255451520285.
epoch 99: inverse test average loss 0.02042118791076872.
Policy training episode: 2, grounded actions taken: 884, last two uncertainties: {0: [0.0, 0.0], 1: [0.0, 0.0], 2: [0.0, 0.0], 3: [0.0, 0.0], 4: [0.0, 0.0], 5: [0.0, 0.0], 6: [0.0, 0.0]}, avg agent uncertainties: [0.0, 0.0, 0.0, 0.0, 0.0, 0.0, 0.0], grounded actions by agent: [130, 117, 120, 128, 130, 135, 124]
Policy training episode: 2, iteration 0/1, policy training avg travel time:104.8477325388944, q_loss:8.042810440063477, rewards:-8.675280083550348, queue:1.4575396825396825, delay:0.09133146376836868, throughput:3010
Sim Rollout episode:3/100, sim avg travel time:206.14172185430465, rewards:-2.6388885498046877, queue:0.4158730158730159, delay:0.04296302795410156, throughput:2586
Real rollout step:3/100, travel time:839.3613655287261, rewards:-28.607774522569443, queue:15.209920634920636, delay:0.22629312182229663, throughput:728
forward model: training agent 0.
Epoch 0: forward train average loss 0.06807584563891093.
epoch 0: forward test average loss 0.08415630128648546.
Epoch 99: forward train average loss 0.004237933032628562.
epoch 99: forward test average loss 0.006275034199158351.
inverse model, training agent 0.
epoch 0: inverse train average loss 0.003318729293015268.
epoch 0: inverse test average loss 0.003270123360885514.
epoch 99: inverse train average loss 0.002464396594506171.
epoch 99: inverse test average loss 0.0016827347377936046.
forward model: training agent 1.
Epoch 0: forward train average loss 0.14429582986566755.
epoch 0: forward test average loss 0.13974585135777792.
Epoch 99: forward train average loss 0.0018011900699800914.
epoch 99: forward test average loss 0.003906723111867905.
inverse model, training agent 1.
epoch 0: inverse train average loss 0.005249877874222066.
epoch 0: inverse test average loss 0.005891501075691647.
epoch 99: inverse train average loss 0.004521491730378734.
epoch 99: inverse test average loss 0.009666136155525843.
forward model: training agent 2.
Epoch 0: forward train average loss 0.05001162365078926.
epoch 0: forward test average loss 0.053648057911131114.
Epoch 99: forward train average loss 0.0005337361815489001.
epoch 99: forward test average loss 0.0008106528936574856.
inverse model, training agent 2.
epoch 0: inverse train average loss 0.021038584411144257.
epoch 0: inverse test average loss 0.033820910586251154.
epoch 99: inverse train average loss 0.0034710627256168258.
epoch 99: inverse test average loss 0.005477273422810767.
forward model: training agent 3.
Epoch 0: forward train average loss 0.18399312761094835.
epoch 0: forward test average loss 0.19451759258906046.
Epoch 99: forward train average loss 0.0019182039735217888.
epoch 99: forward test average loss 0.004267639687491788.
inverse model, training agent 3.
epoch 0: inverse train average loss 0.006463996445139249.
epoch 0: inverse test average loss 0.009118731651041243.
epoch 99: inverse train average loss 0.00537508808904224.
epoch 99: inverse test average loss 0.011308507579896186.
forward model: training agent 4.
Epoch 0: forward train average loss 0.008624353342586093.
epoch 0: forward test average loss 0.0076893116864893175.
Epoch 99: forward train average loss 0.00032692277778147.
epoch 99: forward test average loss 0.000981969732998146.
inverse model, training agent 4.
epoch 0: inverse train average loss 0.019893051435550053.
epoch 0: inverse test average loss 0.0315881222486496.
epoch 99: inverse train average loss 0.015968517917725775.
epoch 99: inverse test average loss 0.02278849482536316.
forward model: training agent 5.
Epoch 0: forward train average loss 0.006185552415748437.
epoch 0: forward test average loss 0.007867086678743362.
Epoch 99: forward train average loss 0.0008598379014680783.
epoch 99: forward test average loss 0.0019083995785978106.
inverse model, training agent 5.
epoch 0: inverse train average loss 0.015355868885914484.
epoch 0: inverse test average loss 0.024983046783341303.
epoch 99: inverse train average loss 0.010754881840613153.
epoch 99: inverse test average loss 0.018637895584106445.
forward model: training agent 6.
Epoch 0: forward train average loss 0.0255772579047415.
epoch 0: forward test average loss 0.027341942820284102.
Epoch 99: forward train average loss 0.001627599432443579.
epoch 99: forward test average loss 0.003402541908952925.
inverse model, training agent 6.
epoch 0: inverse train average loss 0.012783923082881503.
epoch 0: inverse test average loss 0.020778640276855893.
epoch 99: inverse train average loss 0.01119514906571971.
epoch 99: inverse test average loss 0.0162880958782302.
Policy training episode: 3, grounded actions taken: 870, last two uncertainties: {0: [0.0, 0.0], 1: [0.0, 0.0], 2: [0.0, 0.0], 3: [0.0, 0.0], 4: [0.0, 0.0], 5: [0.0, 0.0], 6: [0.0, 0.0]}, avg agent uncertainties: [0.0, 0.0, 0.0, 0.0, 0.0, 0.0, 0.0], grounded actions by agent: [129, 119, 106, 121, 135, 146, 114]
Policy training episode: 3, iteration 0/1, policy training avg travel time:87.49735099337748, q_loss:8.2681245803833, rewards:-3.573611111111111, queue:0.5813492063492064, delay:0.05359391106499566, throughput:3004
Sim Rollout episode:4/100, sim avg travel time:65.40781198278715, rewards:-2.183055114746094, queue:0.38095238095238093, delay:0.0417369872804672, throughput:3012
Real rollout step:4/100, travel time:121.83244274809161, rewards:-14.604446072048612, queue:2.2916666666666665, delay:0.13216205173068576, throughput:2522
forward model: training agent 0.
Epoch 0: forward train average loss 0.004048426790783803.
epoch 0: forward test average loss 0.007203392270538542.
Epoch 99: forward train average loss 0.002438234527491861.
epoch 99: forward test average loss 0.004452909032503764.
inverse model, training agent 0.
epoch 0: inverse train average loss 0.01708014330102338.
epoch 0: inverse test average loss 0.030536188847488828.
epoch 99: inverse train average loss 0.009693706304662757.
epoch 99: inverse test average loss 0.015923006667031184.
forward model: training agent 1.
Epoch 0: forward train average loss 0.020705369611581165.
epoch 0: forward test average loss 0.019795314305358462.
Epoch 99: forward train average loss 0.005230661999020312.
epoch 99: forward test average loss 0.007819426970349418.
inverse model, training agent 1.
epoch 0: inverse train average loss 0.008824619981977675.
epoch 0: inverse test average loss 0.01921787526872423.
epoch 99: inverse train average loss 0.006386388714114825.
epoch 99: inverse test average loss 0.020206080542670354.
forward model: training agent 2.
Epoch 0: forward train average loss 0.00416156401236852.
epoch 0: forward test average loss 0.005946185439825058.
Epoch 99: forward train average loss 0.0017173693567100498.
epoch 99: forward test average loss 0.004202619815866153.
inverse model, training agent 2.
epoch 0: inverse train average loss 0.01278158939547009.
epoch 0: inverse test average loss 0.02650385515557395.
epoch 99: inverse train average loss 0.010620986214942403.
epoch 99: inverse test average loss 0.024157180554336972.
forward model: training agent 3.
Epoch 0: forward train average loss 0.020788673725393083.
epoch 0: forward test average loss 0.020366234911812678.
Epoch 99: forward train average loss 0.006271718587312434.
epoch 99: forward test average loss 0.011449757135576673.
inverse model, training agent 3.
epoch 0: inverse train average loss 0.004818518904762136.
epoch 0: inverse test average loss 0.0043302299454808235.
epoch 99: inverse train average loss 0.003652063612308767.
epoch 99: inverse test average loss 0.007400974631309509.
forward model: training agent 4.
Epoch 0: forward train average loss 0.0068659403671820956.
epoch 0: forward test average loss 0.008734473751650916.
Epoch 99: forward train average loss 0.002070712831078304.
epoch 99: forward test average loss 0.004280903376638889.
inverse model, training agent 4.
epoch 0: inverse train average loss 0.020278933147589367.
epoch 0: inverse test average loss 0.03344860838519202.
epoch 99: inverse train average loss 0.01610783611734708.
epoch 99: inverse test average loss 0.03031255884302987.
forward model: training agent 5.
Epoch 0: forward train average loss 0.001229240352080928.
epoch 0: forward test average loss 0.001931457676821285.
Epoch 99: forward train average loss 0.0009953924325398272.
epoch 99: forward test average loss 0.001975820813741949.
inverse model, training agent 5.
epoch 0: inverse train average loss 0.014778129549490081.
epoch 0: inverse test average loss 0.02973229189713796.
epoch 99: inverse train average loss 0.011642896880706152.
epoch 99: inverse test average loss 0.020620509154266782.
forward model: training agent 6.
Epoch 0: forward train average loss 0.004089097440656688.
epoch 0: forward test average loss 0.005331396228737301.
Epoch 99: forward train average loss 0.002653461622281207.
epoch 99: forward test average loss 0.00435957664416896.
inverse model, training agent 6.
epoch 0: inverse train average loss 0.010338174800078074.
epoch 0: inverse test average loss 0.017944702671633825.
epoch 99: inverse train average loss 0.008139531335069073.
epoch 99: inverse test average loss 0.01390050310227606.
Policy training episode: 4, grounded actions taken: 894, last two uncertainties: {0: [0.0, 0.0], 1: [0.0, 0.0], 2: [0.0, 0.0], 3: [0.0, 0.0], 4: [0.0, 0.0], 5: [0.0, 0.0], 6: [0.0, 0.0]}, avg agent uncertainties: [0.0, 0.0, 0.0, 0.0, 0.0, 0.0, 0.0], grounded actions by agent: [113, 122, 114, 136, 129, 141, 139]
Policy training episode: 4, iteration 0/1, policy training avg travel time:62.93147964250248, q_loss:7.171707630157471, rewards:-2.0347215440538196, queue:0.3821428571428571, delay:0.03932736714680989, throughput:3012
Sim Rollout episode:5/100, sim avg travel time:63.95099337748344, rewards:-2.297222222222222, queue:0.3821428571428571, delay:0.04316849784245567, throughput:3012
Real rollout step:5/100, travel time:371.07561547479486, rewards:-25.3822265625, queue:12.278174603174604, delay:0.2343165564158606, throughput:1440
forward model: training agent 0.
Epoch 0: forward train average loss 0.0022577392196075786.
epoch 0: forward test average loss 0.0028743031952116224.
Epoch 99: forward train average loss 0.0015962833486911324.
epoch 99: forward test average loss 0.0029005270658267867.
inverse model, training agent 0.
epoch 0: inverse train average loss 0.009238835527665086.
epoch 0: inverse test average loss 0.009991439266337289.
epoch 99: inverse train average loss 0.0077194952302508885.
epoch 99: inverse test average loss 0.010336126304335065.
forward model: training agent 1.
Epoch 0: forward train average loss 0.06298476705948512.
epoch 0: forward test average loss 0.07099732094340855.
Epoch 99: forward train average loss 0.004403885350459152.
epoch 99: forward test average loss 0.010197506182723574.
inverse model, training agent 1.
epoch 0: inverse train average loss 0.006995460535917018.
epoch 0: inverse test average loss 0.01659855329328113.
epoch 99: inverse train average loss 0.005981251286963622.
epoch 99: inverse test average loss 0.007929785384072198.
forward model: training agent 2.
Epoch 0: forward train average loss 0.07716343551874161.
epoch 0: forward test average loss 0.09193078345722622.
Epoch 99: forward train average loss 0.0019408844204412566.
epoch 99: forward test average loss 0.0025083541145755183.
inverse model, training agent 2.
epoch 0: inverse train average loss 0.022928129467699263.
epoch 0: inverse test average loss 0.03668678137991163.
epoch 99: inverse train average loss 0.013369190196196238.
epoch 99: inverse test average loss 0.019746700094805822.
forward model: training agent 3.
Epoch 0: forward train average loss 0.08663723700576359.
epoch 0: forward test average loss 0.10753826631440057.
Epoch 99: forward train average loss 0.005392976519134309.
epoch 99: forward test average loss 0.009829243852032555.
inverse model, training agent 3.
epoch 0: inverse train average loss 0.010690987834499942.
epoch 0: inverse test average loss 0.02909661622511016.
epoch 99: inverse train average loss 0.006974255562656456.
epoch 99: inverse test average loss 0.007655406784680154.
forward model: training agent 4.
Epoch 0: forward train average loss 0.002852606431891521.
epoch 0: forward test average loss 0.004390577682190471.
Epoch 99: forward train average loss 0.0005833263793546292.
epoch 99: forward test average loss 0.001189295875115527.
inverse model, training agent 4.
epoch 0: inverse train average loss 0.017645002860161994.
epoch 0: inverse test average loss 0.030290977822409734.
epoch 99: inverse train average loss 0.013820653781294823.
epoch 99: inverse test average loss 0.0215710558825069.
forward model: training agent 5.
Epoch 0: forward train average loss 0.0010056018493034774.
epoch 0: forward test average loss 0.0015553165641095904.
Epoch 99: forward train average loss 0.000842443538001842.
epoch 99: forward test average loss 0.001479286959187852.
inverse model, training agent 5.
epoch 0: inverse train average loss 0.01223930861386988.
epoch 0: inverse test average loss 0.021948061055607267.
epoch 99: inverse train average loss 0.01037284421424071.
epoch 99: inverse test average loss 0.016218100157048967.
forward model: training agent 6.
Epoch 0: forward train average loss 0.0025296832383092907.
epoch 0: forward test average loss 0.003909243891636531.
Epoch 99: forward train average loss 0.0019547706469893456.
epoch 99: forward test average loss 0.00422796793282032.
inverse model, training agent 6.
epoch 0: inverse train average loss 0.00854639026025931.
epoch 0: inverse test average loss 0.012465447187423706.
epoch 99: inverse train average loss 0.006716401626666387.
epoch 99: inverse test average loss 0.010679491692119174.
Policy training episode: 5, grounded actions taken: 813, last two uncertainties: {0: [0.0, 0.0], 1: [0.0, 0.0], 2: [0.0, 0.0], 3: [0.0, 0.0], 4: [0.0, 0.0], 5: [0.0, 0.0], 6: [0.0, 0.0]}, avg agent uncertainties: [0.0, 0.0, 0.0, 0.0, 0.0, 0.0, 0.0], grounded actions by agent: [115, 109, 119, 125, 120, 119, 106]
Policy training episode: 5, iteration 0/1, policy training avg travel time:63.672408082146404, q_loss:6.464920997619629, rewards:-2.142223103841146, queue:0.3821428571428571, delay:0.041176717243497335, throughput:3010
Sim Rollout episode:6/100, sim avg travel time:63.86158940397351, rewards:-2.2288889567057293, queue:0.3884920634920635, delay:0.042136334616040425, throughput:3012
Real rollout step:6/100, travel time:401.13408820023835, rewards:-28.02834201388889, queue:10.840079365079365, delay:0.21089065793960812, throughput:1330
forward model: training agent 0.
Epoch 0: forward train average loss 0.012867919893728362.
epoch 0: forward test average loss 0.030377283692359924.
Epoch 99: forward train average loss 0.002084940413220061.
epoch 99: forward test average loss 0.0034684736488593947.
inverse model, training agent 0.
epoch 0: inverse train average loss 0.010923899917138947.
epoch 0: inverse test average loss 0.01798619743850496.
epoch 99: inverse train average loss 0.009088105625576444.
epoch 99: inverse test average loss 0.01577129877275891.
forward model: training agent 1.
Epoch 0: forward train average loss 0.024902844801545143.
epoch 0: forward test average loss 0.02313695102930069.
Epoch 99: forward train average loss 0.0025628629761437574.
epoch 99: forward test average loss 0.005317814234230254.
inverse model, training agent 1.
epoch 0: inverse train average loss 0.013183151061336199.
epoch 0: inverse test average loss 0.013308524671528075.
epoch 99: inverse train average loss 0.009338127863075998.
epoch 99: inverse test average loss 0.009773958060476515.
forward model: training agent 2.
Epoch 0: forward train average loss 0.012395106876889864.
epoch 0: forward test average loss 0.011993672284815047.
Epoch 99: forward train average loss 0.0009165995935392049.
epoch 99: forward test average loss 0.0031171347945928574.
inverse model, training agent 2.
epoch 0: inverse train average loss 0.01811982670591937.
epoch 0: inverse test average loss 0.028284568753507402.
epoch 99: inverse train average loss 0.009639834778176414.
epoch 99: inverse test average loss 0.01882986558808221.
forward model: training agent 3.
Epoch 0: forward train average loss 0.05313927597469754.
epoch 0: forward test average loss 0.06317413515514797.
Epoch 99: forward train average loss 0.002799140341165993.
epoch 99: forward test average loss 0.005100026105841001.
inverse model, training agent 3.
epoch 0: inverse train average loss 0.008524156279034086.
epoch 0: inverse test average loss 0.01662081355849902.
epoch 99: inverse train average loss 0.007535287592973974.
epoch 99: inverse test average loss 0.010900112489859263.
forward model: training agent 4.
Epoch 0: forward train average loss 0.005199043908052974.
epoch 0: forward test average loss 0.00740489446454578.
Epoch 99: forward train average loss 0.0006028275561725928.
epoch 99: forward test average loss 0.0009989886441164548.
inverse model, training agent 4.
epoch 0: inverse train average loss 0.01683822398384412.
epoch 0: inverse test average loss 0.021615001062552135.
epoch 99: inverse train average loss 0.014477155067854457.
epoch 99: inverse test average loss 0.021238800552156236.
forward model: training agent 5.
Epoch 0: forward train average loss 0.0010458189062774181.
epoch 0: forward test average loss 0.0014698003004822466.
Epoch 99: forward train average loss 0.000871282006199989.
epoch 99: forward test average loss 0.0018848816139830484.
inverse model, training agent 5.
epoch 0: inverse train average loss 0.011091113297475709.
epoch 0: inverse test average loss 0.020746829609076183.
epoch 99: inverse train average loss 0.009809145393470923.
epoch 99: inverse test average loss 0.01430160842008061.
forward model: training agent 6.
Epoch 0: forward train average loss 0.0035161825621293653.
epoch 0: forward test average loss 0.005427748275299867.
Epoch 99: forward train average loss 0.0018928238552891547.
epoch 99: forward test average loss 0.0038607168114847606.
inverse model, training agent 6.
epoch 0: inverse train average loss 0.009363389987912443.
epoch 0: inverse test average loss 0.013241319192780389.
epoch 99: inverse train average loss 0.007217866782512929.
epoch 99: inverse test average loss 0.013545913828743828.
Policy training episode: 6, grounded actions taken: 846, last two uncertainties: {0: [0.0, 0.0], 1: [0.0, 0.0], 2: [0.0, 0.0], 3: [0.0, 0.0], 4: [0.0, 0.0], 5: [0.0, 0.0], 6: [0.0, 0.0]}, avg agent uncertainties: [0.0, 0.0, 0.0, 0.0, 0.0, 0.0, 0.0], grounded actions by agent: [122, 124, 129, 114, 120, 119, 118]
Policy training episode: 6, iteration 0/1, policy training avg travel time:63.07088439880755, q_loss:5.8427042961120605, rewards:-2.0958324856228296, queue:0.38571428571428573, delay:0.04110936664399647, throughput:3012
Sim Rollout episode:7/100, sim avg travel time:63.97449486584962, rewards:-2.087777370876736, queue:0.396031746031746, delay:0.04189748309907459, throughput:3012
Real rollout step:7/100, travel time:163.55892514395393, rewards:-23.94638671875, queue:4.528968253968254, delay:0.16476121932741195, throughput:2455
forward model: training agent 0.
Epoch 0: forward train average loss 0.0027016204160948596.
epoch 0: forward test average loss 0.004842675394482083.
Epoch 99: forward train average loss 0.0020268840404848256.
epoch 99: forward test average loss 0.0038911004861195884.
inverse model, training agent 0.
epoch 0: inverse train average loss 0.008072153044243654.
epoch 0: inverse test average loss 0.013985498497883478.
epoch 99: inverse train average loss 0.005981510505080223.
epoch 99: inverse test average loss 0.007539425045251846.
forward model: training agent 1.
Epoch 0: forward train average loss 0.009519835623602072.
epoch 0: forward test average loss 0.01334254609213935.
Epoch 99: forward train average loss 0.004430374441047509.
epoch 99: forward test average loss 0.009136559234725105.
inverse model, training agent 1.
epoch 0: inverse train average loss 0.011771244514319632.
epoch 0: inverse test average loss 0.018692829542689852.
epoch 99: inverse train average loss 0.008034533717566066.
epoch 99: inverse test average loss 0.013137602971659766.
forward model: training agent 2.
Epoch 0: forward train average loss 0.002894028762562407.
epoch 0: forward test average loss 0.004088252989782227.
Epoch 99: forward train average loss 0.0015784678980708122.
epoch 99: forward test average loss 0.0029867298694120515.
inverse model, training agent 2.
epoch 0: inverse train average loss 0.01347970486515098.
epoch 0: inverse test average loss 0.019838828179571364.
epoch 99: inverse train average loss 0.011715077484647432.
epoch 99: inverse test average loss 0.01708515402343538.
forward model: training agent 3.
Epoch 0: forward train average loss 0.013460295067893134.
epoch 0: forward test average loss 0.019878182974126603.
Epoch 99: forward train average loss 0.006426333760221799.
epoch 99: forward test average loss 0.01442387244767613.
inverse model, training agent 3.
epoch 0: inverse train average loss 0.008167084513439072.
epoch 0: inverse test average loss 0.012156011329756843.
epoch 99: inverse train average loss 0.006709450183229314.
epoch 99: inverse test average loss 0.011299476855330996.
forward model: training agent 4.
Epoch 0: forward train average loss 0.0031189963014589418.
epoch 0: forward test average loss 0.004596644598576758.
Epoch 99: forward train average loss 0.0015683667992966042.
epoch 99: forward test average loss 0.0034038530041774115.
inverse model, training agent 4.
epoch 0: inverse train average loss 0.014157957914802764.
epoch 0: inverse test average loss 0.02164115673965878.
epoch 99: inverse train average loss 0.011567113714085685.
epoch 99: inverse test average loss 0.011376869761281543.
forward model: training agent 5.
Epoch 0: forward train average loss 0.001155375735834241.
epoch 0: forward test average loss 0.001878654273847739.
Epoch 99: forward train average loss 0.0008979247779481941.
epoch 99: forward test average loss 0.001904054648346371.
inverse model, training agent 5.
epoch 0: inverse train average loss 0.008971109054982662.
epoch 0: inverse test average loss 0.012562719898091422.
epoch 99: inverse train average loss 0.007339073345065117.
epoch 99: inverse test average loss 0.011959430244233873.
forward model: training agent 6.
Epoch 0: forward train average loss 0.0028240886620349353.
epoch 0: forward test average loss 0.004258864041831758.
Epoch 99: forward train average loss 0.002055302986668216.
epoch 99: forward test average loss 0.00429674382838938.
inverse model, training agent 6.
epoch 0: inverse train average loss 0.00901148933917284.
epoch 0: inverse test average loss 0.017014130122131772.
epoch 99: inverse train average loss 0.0071951525492800605.
epoch 99: inverse test average loss 0.01106669588221444.
Policy training episode: 7, grounded actions taken: 894, last two uncertainties: {0: [0.0, 0.0], 1: [0.0, 0.0], 2: [0.0, 0.0], 3: [0.0, 0.0], 4: [0.0, 0.0], 5: [0.0, 0.0], 6: [0.0, 0.0]}, avg agent uncertainties: [0.0, 0.0, 0.0, 0.0, 0.0, 0.0, 0.0], grounded actions by agent: [126, 131, 133, 124, 130, 137, 113]
Policy training episode: 7, iteration 0/1, policy training avg travel time:64.61569016881828, q_loss:5.624504089355469, rewards:-2.344720628526476, queue:0.44761904761904764, delay:0.04325467669774616, throughput:3012
Sim Rollout episode:8/100, sim avg travel time:64.19933774834438, rewards:-2.131111314561632, queue:0.3896825396825397, delay:0.042821687365335134, throughput:3012
Real rollout step:8/100, travel time:468.41919504643965, rewards:-33.62194552951389, queue:11.26984126984127, delay:0.2322845216781374, throughput:1216
forward model: training agent 0.
Epoch 0: forward train average loss 0.022449990527497396.
epoch 0: forward test average loss 0.018014712466133967.
Epoch 99: forward train average loss 0.0015538236540224818.
epoch 99: forward test average loss 0.002436211539639367.
inverse model, training agent 0.
epoch 0: inverse train average loss 0.003085615113377571.
epoch 0: inverse test average loss 0.004291969868871901.
epoch 99: inverse train average loss 0.0003265116716243534.
epoch 99: inverse test average loss 0.0001891109794895682.
forward model: training agent 1.
Epoch 0: forward train average loss 0.019668545987870958.
epoch 0: forward test average loss 0.017462520963615842.
Epoch 99: forward train average loss 0.0012534296191814872.
epoch 99: forward test average loss 0.004216695204377174.
inverse model, training agent 1.
epoch 0: inverse train average loss 0.007594909622437424.
epoch 0: inverse test average loss 0.010045902182658514.
epoch 99: inverse train average loss 0.0065919276223414475.
epoch 99: inverse test average loss 0.0065136053082015775.
forward model: training agent 2.
Epoch 0: forward train average loss 0.01915132813155651.
epoch 0: forward test average loss 0.01697030911842982.
Epoch 99: forward train average loss 0.0006647536712181237.
epoch 99: forward test average loss 0.0015196314909391934.
inverse model, training agent 2.
epoch 0: inverse train average loss 0.010656981211569574.
epoch 0: inverse test average loss 0.019299887120723724.
epoch 99: inverse train average loss 0.009301295297013389.
epoch 99: inverse test average loss 0.017833646800782945.
forward model: training agent 3.
Epoch 0: forward train average loss 0.020520471450355317.
epoch 0: forward test average loss 0.01765031698677275.
Epoch 99: forward train average loss 0.0015025676823117668.
epoch 99: forward test average loss 0.003771352374719249.
inverse model, training agent 3.
epoch 0: inverse train average loss 0.013454835034079023.
epoch 0: inverse test average loss 0.012905692267749045.
epoch 99: inverse train average loss 0.00982991937134001.
epoch 99: inverse test average loss 0.015284869405958388.
forward model: training agent 4.
Epoch 0: forward train average loss 0.004235519924097591.
epoch 0: forward test average loss 0.0038019203477435643.
Epoch 99: forward train average loss 0.00032517710092684463.
epoch 99: forward test average loss 0.000583120136676977.
inverse model, training agent 4.
epoch 0: inverse train average loss 0.009252377475301424.
epoch 0: inverse test average loss 0.01303256220287747.
epoch 99: inverse train average loss 0.006538016307685111.
epoch 99: inverse test average loss 0.010489070581065284.
forward model: training agent 5.
Epoch 0: forward train average loss 0.001375203693492545.
epoch 0: forward test average loss 0.00237928196373913.
Epoch 99: forward train average loss 0.0008660822770454817.
epoch 99: forward test average loss 0.0016390446883936722.
inverse model, training agent 5.
epoch 0: inverse train average loss 0.011287438372770945.
epoch 0: inverse test average loss 0.022474024030897353.
epoch 99: inverse train average loss 0.009789131374822723.
epoch 99: inverse test average loss 0.022772832877106138.
forward model: training agent 6.
Epoch 0: forward train average loss 0.012222316426535448.
epoch 0: forward test average loss 0.010416102906068167.
Epoch 99: forward train average loss 0.0018596251029521227.
epoch 99: forward test average loss 0.0032300546558366883.
inverse model, training agent 6.
epoch 0: inverse train average loss 0.00746142967707581.
epoch 0: inverse test average loss 0.010542797959513135.
epoch 99: inverse train average loss 0.006814638566639688.
epoch 99: inverse test average loss 0.009279457645283805.
Policy training episode: 8, grounded actions taken: 827, last two uncertainties: {0: [0.0, 0.0], 1: [0.0, 0.0], 2: [0.0, 0.0], 3: [0.0, 0.0], 4: [0.0, 0.0], 5: [0.0, 0.0], 6: [0.0, 0.0]}, avg agent uncertainties: [0.0, 0.0, 0.0, 0.0, 0.0, 0.0, 0.0], grounded actions by agent: [115, 132, 111, 121, 119, 125, 104]
Policy training episode: 8, iteration 0/1, policy training avg travel time:64.34051010268301, q_loss:5.544335842132568, rewards:-2.285000271267361, queue:0.39365079365079364, delay:0.0423503421601795, throughput:3012
Sim Rollout episode:9/100, sim avg travel time:64.54801324503312, rewards:-2.2149998982747396, queue:0.3968253968253968, delay:0.04134003169952877, throughput:3012
Real rollout step:9/100, travel time:212.01665205959685, rewards:-21.028889973958332, queue:5.637301587301588, delay:0.16910997421022445, throughput:2033
forward model: training agent 0.
Epoch 0: forward train average loss 0.0029571505987809766.
epoch 0: forward test average loss 0.004884317310320007.
Epoch 99: forward train average loss 0.0019851637383302054.
epoch 99: forward test average loss 0.0032778317108750343.
inverse model, training agent 0.
epoch 0: inverse train average loss 0.009851489319569535.
epoch 0: inverse test average loss 0.022878532608350117.
epoch 99: inverse train average loss 0.004820941171298425.
epoch 99: inverse test average loss 0.008111858947409524.
forward model: training agent 1.
Epoch 0: forward train average loss 0.007578201798929108.
epoch 0: forward test average loss 0.008979039887587229.
Epoch 99: forward train average loss 0.0032714923533300557.
epoch 99: forward test average loss 0.005191016321380933.
inverse model, training agent 1.
epoch 0: inverse train average loss 0.010186435447798835.
epoch 0: inverse test average loss 0.01530854321188397.
epoch 99: inverse train average loss 0.008051271757317914.
epoch 99: inverse test average loss 0.013312321570184495.
forward model: training agent 2.
Epoch 0: forward train average loss 0.0025592312320239013.
epoch 0: forward test average loss 0.003960152881013023.
Epoch 99: forward train average loss 0.0013847675872966647.
epoch 99: forward test average loss 0.0025594126847055224.
inverse model, training agent 2.
epoch 0: inverse train average loss 0.00968886518643962.
epoch 0: inverse test average loss 0.017141106228033703.
epoch 99: inverse train average loss 0.007632085639569495.
epoch 99: inverse test average loss 0.014222756856017642.
forward model: training agent 3.
Epoch 0: forward train average loss 0.01064107691248258.
epoch 0: forward test average loss 0.013062179502513673.
Epoch 99: forward train average loss 0.004173777428352171.
epoch 99: forward test average loss 0.007480144500732422.
inverse model, training agent 3.
epoch 0: inverse train average loss 0.008273944051729308.
epoch 0: inverse test average loss 0.011103042711814245.
epoch 99: inverse train average loss 0.006525860478480657.
epoch 99: inverse test average loss 0.00919759107960595.
forward model: training agent 4.
Epoch 0: forward train average loss 0.004766624834802415.
epoch 0: forward test average loss 0.0066423492713107.
Epoch 99: forward train average loss 0.0016019697973711623.
epoch 99: forward test average loss 0.0025762057759695584.
inverse model, training agent 4.
epoch 0: inverse train average loss 0.0188110437658098.
epoch 0: inverse test average loss 0.020496841106149886.
epoch 99: inverse train average loss 0.013542733051710658.
epoch 99: inverse test average loss 0.02109749780760871.
forward model: training agent 5.
Epoch 0: forward train average loss 0.0012866903562098742.
epoch 0: forward test average loss 0.0017406907863914967.
Epoch 99: forward train average loss 0.0009519027468437949.
epoch 99: forward test average loss 0.0019498387765553263.
inverse model, training agent 5.
epoch 0: inverse train average loss 0.006570521742105484.
epoch 0: inverse test average loss 0.01340414790643586.
epoch 99: inverse train average loss 0.004792784961561362.
epoch 99: inverse test average loss 0.014295637193653319.
forward model: training agent 6.
Epoch 0: forward train average loss 0.0026111441871358287.
epoch 0: forward test average loss 0.003408196278744274.
Epoch 99: forward train average loss 0.0018248479399416181.
epoch 99: forward test average loss 0.0039185091025299495.
inverse model, training agent 6.
epoch 0: inverse train average loss 0.006852913233968947.
epoch 0: inverse test average loss 0.007095192248622577.
epoch 99: inverse train average loss 0.005563317435897059.
epoch 99: inverse test average loss 0.010520803845591016.
Policy training episode: 9, grounded actions taken: 850, last two uncertainties: {0: [0.0, 0.0], 1: [0.0, 0.0], 2: [0.0, 0.0], 3: [0.0, 0.0], 4: [0.0, 0.0], 5: [0.0, 0.0], 6: [0.0, 0.0]}, avg agent uncertainties: [0.0, 0.0, 0.0, 0.0, 0.0, 0.0, 0.0], grounded actions by agent: [120, 109, 120, 109, 126, 135, 131]
Policy training episode: 9, iteration 0/1, policy training avg travel time:63.01819986763733, q_loss:5.358078956604004, rewards:-2.262222629123264, queue:0.38333333333333336, delay:0.0426108163500589, throughput:3012
Sim Rollout episode:10/100, sim avg travel time:66.03345478635309, rewards:-2.335277303059896, queue:0.4115079365079365, delay:0.04315401107545883, throughput:3012
Real rollout step:10/100, travel time:293.22934719815134, rewards:-26.94028049045139, queue:7.29484126984127, delay:0.17733670189267114, throughput:1493
forward model: training agent 0.
Epoch 0: forward train average loss 0.0018959604979803164.
epoch 0: forward test average loss 0.002395785827603605.
Epoch 99: forward train average loss 0.0012825792396648063.
epoch 99: forward test average loss 0.0022328986475865045.
inverse model, training agent 0.
epoch 0: inverse train average loss 0.0027877229472829234.
epoch 0: inverse test average loss 0.004317037968171967.
epoch 99: inverse train average loss 0.0012818511911771363.
epoch 99: inverse test average loss 0.0032191383911089767.
forward model: training agent 1.
Epoch 0: forward train average loss 0.008894250624709658.
epoch 0: forward test average loss 0.009071968909766939.
Epoch 99: forward train average loss 0.0020573715834567943.
epoch 99: forward test average loss 0.004604139468736119.
inverse model, training agent 1.
epoch 0: inverse train average loss 0.0057518928725686334.
epoch 0: inverse test average loss 0.009122249566846423.
epoch 99: inverse train average loss 0.004760051146149635.
epoch 99: inverse test average loss 0.009436675864789221.
forward model: training agent 2.
Epoch 0: forward train average loss 0.0025236117912249435.
epoch 0: forward test average loss 0.00325911906030443.
Epoch 99: forward train average loss 0.0008187516877013776.
epoch 99: forward test average loss 0.0018772159496115313.
inverse model, training agent 2.
epoch 0: inverse train average loss 0.011016899409393469.
epoch 0: inverse test average loss 0.022624873452716403.
epoch 99: inverse train average loss 0.00993463397026062.
epoch 99: inverse test average loss 0.01958891169892417.
forward model: training agent 3.
Epoch 0: forward train average loss 0.011076031563182672.
epoch 0: forward test average loss 0.010106799503167471.
Epoch 99: forward train average loss 0.0021674727969285515.
epoch 99: forward test average loss 0.008108140486809943.
inverse model, training agent 3.
epoch 0: inverse train average loss 0.006017835448599524.
epoch 0: inverse test average loss 0.009603100104464425.
epoch 99: inverse train average loss 0.004689635657187965.
epoch 99: inverse test average loss 0.01148599965704812.
forward model: training agent 4.
Epoch 0: forward train average loss 0.005074099068426424.
epoch 0: forward test average loss 0.005619067491756545.
Epoch 99: forward train average loss 0.00044360575783583854.
epoch 99: forward test average loss 0.0009856554162171152.
inverse model, training agent 4.
epoch 0: inverse train average loss 0.01220095157623291.
epoch 0: inverse test average loss 0.016417753365304735.
epoch 99: inverse train average loss 0.010118188853893016.
epoch 99: inverse test average loss 0.01718717979060279.
forward model: training agent 5.
Epoch 0: forward train average loss 0.0010780344794814785.
epoch 0: forward test average loss 0.0013812090684142378.
Epoch 99: forward train average loss 0.0008104264399864607.
epoch 99: forward test average loss 0.0018127949184013738.
inverse model, training agent 5.
epoch 0: inverse train average loss 0.005929274174074332.
epoch 0: inverse test average loss 0.008310422508252991.
epoch 99: inverse train average loss 0.005434365270452367.
epoch 99: inverse test average loss 0.00936126129494773.
forward model: training agent 6.
Epoch 0: forward train average loss 0.0023767798104219967.
epoch 0: forward test average loss 0.0034521430109937987.
Epoch 99: forward train average loss 0.0016843253332707617.
epoch 99: forward test average loss 0.0038376564366949927.
inverse model, training agent 6.
epoch 0: inverse train average loss 0.005694040511217382.
epoch 0: inverse test average loss 0.008328032576375537.
epoch 99: inverse train average loss 0.005418723293890555.
epoch 99: inverse test average loss 0.014283150020572875.
Policy training episode: 10, grounded actions taken: 812, last two uncertainties: {0: [0.0, 0.0], 1: [0.0, 0.0], 2: [0.0, 0.0], 3: [0.0, 0.0], 4: [0.0, 0.0], 5: [0.0, 0.0], 6: [0.0, 0.0]}, avg agent uncertainties: [0.0, 0.0, 0.0, 0.0, 0.0, 0.0, 0.0], grounded actions by agent: [111, 110, 115, 109, 126, 116, 125]
Policy training episode: 10, iteration 0/1, policy training avg travel time:65.29933774834437, q_loss:5.194424152374268, rewards:-2.356667073567708, queue:0.4099206349206349, delay:0.04373837425595238, throughput:3011
Sim Rollout episode:11/100, sim avg travel time:63.428145695364236, rewards:-2.0611107720269097, queue:0.3888888888888889, delay:0.042394958980499754, throughput:3012
Real rollout step:11/100, travel time:577.9005964214712, rewards:-36.89277886284722, queue:14.057936507936509, delay:0.2629224504743304, throughput:1057
forward model: training agent 0.
Epoch 0: forward train average loss 0.01297300277898709.
epoch 0: forward test average loss 0.010222803387376998.
Epoch 99: forward train average loss 0.001506260492735439.
epoch 99: forward test average loss 0.0021253261301252577.
inverse model, training agent 0.
epoch 0: inverse train average loss 0.009211354268093904.
epoch 0: inverse test average loss 0.018749859184026718.
epoch 99: inverse train average loss 0.005608495376590226.
epoch 99: inverse test average loss 0.01940271258354187.
forward model: training agent 1.
Epoch 0: forward train average loss 0.04751784188879861.
epoch 0: forward test average loss 0.039656844404008657.
Epoch 99: forward train average loss 0.0015082941390573978.
epoch 99: forward test average loss 0.0031885343552049664.
inverse model, training agent 1.
epoch 0: inverse train average loss 0.010006563841468759.
epoch 0: inverse test average loss 0.013343173596594069.
epoch 99: inverse train average loss 0.007180527163048585.
epoch 99: inverse test average loss 0.01071081269118521.
forward model: training agent 2.
Epoch 0: forward train average loss 0.014362200887666808.
epoch 0: forward test average loss 0.007096814819508129.
Epoch 99: forward train average loss 0.000705273058782849.
epoch 99: forward test average loss 0.0016407672729757098.
inverse model, training agent 2.
epoch 0: inverse train average loss 0.013658594960967699.
epoch 0: inverse test average loss 0.02496352791786194.
epoch 99: inverse train average loss 0.008586377422842715.
epoch 99: inverse test average loss 0.01433570972747273.
forward model: training agent 3.
Epoch 0: forward train average loss 0.07199345529079437.
epoch 0: forward test average loss 0.060930606391694814.
Epoch 99: forward train average loss 0.0017177385743707418.
epoch 99: forward test average loss 0.00714795043071111.
inverse model, training agent 3.
epoch 0: inverse train average loss 0.007748232016132938.
epoch 0: inverse test average loss 0.014961839550071292.
epoch 99: inverse train average loss 0.00602130229688353.
epoch 99: inverse test average loss 0.011559714873631796.
forward model: training agent 4.
Epoch 0: forward train average loss 0.002150201070536342.
epoch 0: forward test average loss 0.002783234955535995.
Epoch 99: forward train average loss 0.0003318672857454254.
epoch 99: forward test average loss 0.0007540796909274326.
inverse model, training agent 4.
epoch 0: inverse train average loss 0.010211877524852753.
epoch 0: inverse test average loss 0.01798199199967914.
epoch 99: inverse train average loss 0.007672417598466079.
epoch 99: inverse test average loss 0.014361852986945046.
forward model: training agent 5.
Epoch 0: forward train average loss 0.002108252245104975.
epoch 0: forward test average loss 0.003426133655011654.
Epoch 99: forward train average loss 0.0008911432491408454.
epoch 99: forward test average loss 0.0016487797515259848.
inverse model, training agent 5.
epoch 0: inverse train average loss 0.011765073157019086.
epoch 0: inverse test average loss 0.023657005694177415.
epoch 99: inverse train average loss 0.008819306993650066.
epoch 99: inverse test average loss 0.015123064319292704.
forward model: training agent 6.
Epoch 0: forward train average loss 0.007799135934975412.
epoch 0: forward test average loss 0.007399631043275197.
Epoch 99: forward train average loss 0.0013565489660120672.
epoch 99: forward test average loss 0.002366200710336367.
inverse model, training agent 6.
epoch 0: inverse train average loss 0.0062968746448556585.
epoch 0: inverse test average loss 0.0075258540196551215.
epoch 99: inverse train average loss 0.004477210601584779.
epoch 99: inverse test average loss 0.004946951650910907.
Policy training episode: 11, grounded actions taken: 805, last two uncertainties: {0: [0.0, 0.0], 1: [0.0, 0.0], 2: [0.0, 0.0], 3: [0.0, 0.0], 4: [0.0, 0.0], 5: [0.0, 0.0], 6: [0.0, 0.0]}, avg agent uncertainties: [0.0, 0.0, 0.0, 0.0, 0.0, 0.0, 0.0], grounded actions by agent: [121, 101, 105, 126, 125, 107, 120]
Policy training episode: 11, iteration 0/1, policy training avg travel time:64.69546507778881, q_loss:4.9401445388793945, rewards:-2.4744442409939236, queue:0.43253968253968256, delay:0.04520008147708953, throughput:3012
Sim Rollout episode:12/100, sim avg travel time:63.52382528127068, rewards:-2.109166463216146, queue:0.38293650793650796, delay:0.040680870177253844, throughput:3012
Real rollout step:12/100, travel time:472.5724725943971, rewards:-33.30000271267361, queue:12.331746031746032, delay:0.23546375093005953, throughput:1265
forward model: training agent 0.
Epoch 0: forward train average loss 0.002842037317653497.
epoch 0: forward test average loss 0.003517724470131927.
Epoch 99: forward train average loss 0.0012469204763571422.
epoch 99: forward test average loss 0.0023596009446514975.
inverse model, training agent 0.
epoch 0: inverse train average loss 0.0031269926888247332.
epoch 0: inverse test average loss 0.0046213991526100374.
epoch 99: inverse train average loss 0.0003279056222203912.
epoch 99: inverse test average loss 0.001425911910903071.
forward model: training agent 1.
Epoch 0: forward train average loss 0.0034844947254492175.
epoch 0: forward test average loss 0.006111518790324529.
Epoch 99: forward train average loss 0.0015557054688947068.
epoch 99: forward test average loss 0.004106740156809489.
inverse model, training agent 1.
epoch 0: inverse train average loss 0.0103313277165095.
epoch 0: inverse test average loss 0.014275812440448336.
epoch 99: inverse train average loss 0.006841828218764729.
epoch 99: inverse test average loss 0.015387197749482261.
forward model: training agent 2.
Epoch 0: forward train average loss 0.0011036839568987489.
epoch 0: forward test average loss 0.0022036140370700094.
Epoch 99: forward train average loss 0.0007166661283311745.
epoch 99: forward test average loss 0.0026775613013241026.
inverse model, training agent 2.
epoch 0: inverse train average loss 0.011488657237754928.
epoch 0: inverse test average loss 0.01879766583442688.
epoch 99: inverse train average loss 0.008704750902122922.
epoch 99: inverse test average loss 0.019218808246983424.
forward model: training agent 3.
Epoch 0: forward train average loss 0.004444808802670903.
epoch 0: forward test average loss 0.008124367230468325.
Epoch 99: forward train average loss 0.0015672766862230168.
epoch 99: forward test average loss 0.006835468527343538.
inverse model, training agent 3.
epoch 0: inverse train average loss 0.00508756594111522.
epoch 0: inverse test average loss 0.009564851307206683.
epoch 99: inverse train average loss 0.0035602557990286085.
epoch 99: inverse test average loss 0.009292997005912993.
forward model: training agent 4.
Epoch 0: forward train average loss 0.001125112719212969.
epoch 0: forward test average loss 0.0017139925621449947.
Epoch 99: forward train average loss 0.0003591181917323007.
epoch 99: forward test average loss 0.0007183148732615842.
inverse model, training agent 4.
epoch 0: inverse train average loss 0.007838726561102603.
epoch 0: inverse test average loss 0.009668695016039742.
epoch 99: inverse train average loss 0.006404226749307579.
epoch 99: inverse test average loss 0.006885117126835717.
forward model: training agent 5.
Epoch 0: forward train average loss 0.0010931984417968327.
epoch 0: forward test average loss 0.0014707453859349091.
Epoch 99: forward train average loss 0.0007907104057570299.
epoch 99: forward test average loss 0.00173994531441066.
inverse model, training agent 5.
epoch 0: inverse train average loss 0.008605470466944907.
epoch 0: inverse test average loss 0.014859389099809859.
epoch 99: inverse train average loss 0.008186386794679694.
epoch 99: inverse test average loss 0.012972284522321489.
forward model: training agent 6.
Epoch 0: forward train average loss 0.002529975570117434.
epoch 0: forward test average loss 0.00519091428981887.
Epoch 99: forward train average loss 0.0015072224454747306.
epoch 99: forward test average loss 0.0029762890189886093.
inverse model, training agent 6.
epoch 0: inverse train average loss 0.007748990940550963.
epoch 0: inverse test average loss 0.013475344412856631.
epoch 99: inverse train average loss 0.005551694788866573.
epoch 99: inverse test average loss 0.00823891856190231.
Policy training episode: 12, grounded actions taken: 835, last two uncertainties: {0: [0.0, 0.0], 1: [0.0, 0.0], 2: [0.0, 0.0], 3: [0.0, 0.0], 4: [0.0, 0.0], 5: [0.0, 0.0], 6: [0.0, 0.0]}, avg agent uncertainties: [0.0, 0.0, 0.0, 0.0, 0.0, 0.0, 0.0], grounded actions by agent: [116, 108, 110, 122, 146, 118, 115]
Policy training episode: 12, iteration 0/1, policy training avg travel time:65.06026490066225, q_loss:5.0135626792907715, rewards:-2.4294447157118055, queue:0.40634920634920635, delay:0.04381727793860057, throughput:3012
Sim Rollout episode:13/100, sim avg travel time:63.11556291390728, rewards:-2.0325000339084203, queue:0.3607142857142857, delay:0.041039530436197916, throughput:3012
Real rollout step:13/100, travel time:502.36022514071294, rewards:-33.15000271267361, queue:11.746031746031745, delay:0.24945286342075892, throughput:1171
forward model: training agent 0.
Epoch 0: forward train average loss 0.003461078688916233.
epoch 0: forward test average loss 0.004337267743216621.
Epoch 99: forward train average loss 0.0012972243518258135.
epoch 99: forward test average loss 0.0028190049860212537.
inverse model, training agent 0.
epoch 0: inverse train average loss 0.008415462138752142.
epoch 0: inverse test average loss 0.016063392990165286.
epoch 99: inverse train average loss 0.0040694656781852245.
epoch 99: inverse test average loss 0.005313976460860835.
forward model: training agent 1.
Epoch 0: forward train average loss 0.006567143007285065.
epoch 0: forward test average loss 0.005976413066188495.
Epoch 99: forward train average loss 0.0011477269646194247.
epoch 99: forward test average loss 0.0021054386937369904.
inverse model, training agent 1.
epoch 0: inverse train average loss 0.005240351427346468.
epoch 0: inverse test average loss 0.006564076782928573.
epoch 99: inverse train average loss 0.003742221432427565.
epoch 99: inverse test average loss 0.006929557563530074.
forward model: training agent 2.
Epoch 0: forward train average loss 0.001152937287568218.
epoch 0: forward test average loss 0.0014913486730721262.
Epoch 99: forward train average loss 0.000538335285252995.
epoch 99: forward test average loss 0.0012710677563316291.
inverse model, training agent 2.
epoch 0: inverse train average loss 0.011504555121064186.
epoch 0: inverse test average loss 0.020576587981647916.
epoch 99: inverse train average loss 0.008042153488430712.
epoch 99: inverse test average loss 0.013398690356148614.
forward model: training agent 3.
Epoch 0: forward train average loss 0.02005534412132369.
epoch 0: forward test average loss 0.014345236950450473.
Epoch 99: forward train average loss 0.0011223915110652645.
epoch 99: forward test average loss 0.005314374135600196.
inverse model, training agent 3.
epoch 0: inverse train average loss 0.004476773086935282.
epoch 0: inverse test average loss 0.004689891408714984.
epoch 99: inverse train average loss 0.003094372779337896.
epoch 99: inverse test average loss 0.004424261343148019.
forward model: training agent 4.
Epoch 0: forward train average loss 0.002033645558791856.
epoch 0: forward test average loss 0.001896228434311019.
Epoch 99: forward train average loss 0.0002676088285321991.
epoch 99: forward test average loss 0.0005220999915359749.
inverse model, training agent 4.
epoch 0: inverse train average loss 0.00714323493755526.
epoch 0: inverse test average loss 0.007979043655925326.
epoch 99: inverse train average loss 0.0055159772746264935.
epoch 99: inverse test average loss 0.009271293878555298.
forward model: training agent 5.
Epoch 0: forward train average loss 0.00131412241090503.
epoch 0: forward test average loss 0.002346973762744003.
Epoch 99: forward train average loss 0.0008373968949955371.
epoch 99: forward test average loss 0.0019821442870630156.
inverse model, training agent 5.
epoch 0: inverse train average loss 0.009136169941888915.
epoch 0: inverse test average loss 0.01424376956290669.
epoch 99: inverse train average loss 0.008216988295316696.
epoch 99: inverse test average loss 0.019623308546013303.
forward model: training agent 6.
Epoch 0: forward train average loss 0.0032049383864634568.
epoch 0: forward test average loss 0.006848805066612031.
Epoch 99: forward train average loss 0.0014165603529868855.
epoch 99: forward test average loss 0.0032804528665211466.
inverse model, training agent 6.
epoch 0: inverse train average loss 0.006655454532139831.
epoch 0: inverse test average loss 0.009296028771334224.
epoch 99: inverse train average loss 0.005628000841372543.
epoch 99: inverse test average loss 0.008065529374612702.
Policy training episode: 13, grounded actions taken: 836, last two uncertainties: {0: [0.0, 0.0], 1: [0.0, 0.0], 2: [0.0, 0.0], 3: [0.0, 0.0], 4: [0.0, 0.0], 5: [0.0, 0.0], 6: [0.0, 0.0]}, avg agent uncertainties: [0.0, 0.0, 0.0, 0.0, 0.0, 0.0, 0.0], grounded actions by agent: [123, 119, 111, 126, 132, 122, 103]
Policy training episode: 13, iteration 0/1, policy training avg travel time:68.19933774834438, q_loss:4.98854923248291, rewards:-2.2077777438693578, queue:0.3884920634920635, delay:0.04204734620593843, throughput:3012
Sim Rollout episode:14/100, sim avg travel time:99.41688741721855, rewards:-2.693611484103733, queue:0.44801587301587303, delay:0.047971901061042904, throughput:2921
Real rollout step:14/100, travel time:468.6934131736527, rewards:-29.246389431423612, queue:10.338492063492064, delay:0.23343360537574404, throughput:1280
forward model: training agent 0.
Epoch 0: forward train average loss 0.0026885430173327527.
epoch 0: forward test average loss 0.0041181301284167506.
Epoch 99: forward train average loss 0.0011719644276632203.
epoch 99: forward test average loss 0.0020693103886312908.
inverse model, training agent 0.
epoch 0: inverse train average loss 0.002287877050952779.
epoch 0: inverse test average loss 0.003905026966498958.
epoch 99: inverse train average loss 3.3600994760894944e-05.
epoch 99: inverse test average loss 4.892538870788283e-05.
forward model: training agent 1.
Epoch 0: forward train average loss 0.0029761438361472553.
epoch 0: forward test average loss 0.004028746754758888.
Epoch 99: forward train average loss 0.0013004391091979211.
epoch 99: forward test average loss 0.0033572125766012403.
inverse model, training agent 1.
epoch 0: inverse train average loss 0.006315597643454869.
epoch 0: inverse test average loss 0.022667726708783045.
epoch 99: inverse train average loss 0.004683708720323112.
epoch 99: inverse test average loss 0.009554525423381064.
forward model: training agent 2.
Epoch 0: forward train average loss 0.001422146542204751.
epoch 0: forward test average loss 0.002218512507776419.
Epoch 99: forward train average loss 0.0007332247138644258.
epoch 99: forward test average loss 0.0014906177918116252.
inverse model, training agent 2.
epoch 0: inverse train average loss 0.014769306406378746.
epoch 0: inverse test average loss 0.02400116953584883.
epoch 99: inverse train average loss 0.009359818365838792.
epoch 99: inverse test average loss 0.016118374549680285.
forward model: training agent 3.
Epoch 0: forward train average loss 0.002970819671948751.
epoch 0: forward test average loss 0.006138242160280545.
Epoch 99: forward train average loss 0.0012939612950301832.
epoch 99: forward test average loss 0.0045740000075764125.
inverse model, training agent 3.
epoch 0: inverse train average loss 0.008626760087079473.
epoch 0: inverse test average loss 0.03472823525468508.
epoch 99: inverse train average loss 0.005287442615048753.
epoch 99: inverse test average loss 0.01752008373538653.
forward model: training agent 4.
Epoch 0: forward train average loss 0.0013458038835475843.
epoch 0: forward test average loss 0.0016731739872031743.
Epoch 99: forward train average loss 0.0003644666543954776.
epoch 99: forward test average loss 0.000963913949413432.
inverse model, training agent 4.
epoch 0: inverse train average loss 0.008805294831593832.
epoch 0: inverse test average loss 0.010506181667248407.
epoch 99: inverse train average loss 0.00790568668809202.
epoch 99: inverse test average loss 0.0074796001944277025.
forward model: training agent 5.
Epoch 0: forward train average loss 0.001117292507034209.
epoch 0: forward test average loss 0.0016069313407772118.
Epoch 99: forward train average loss 0.000776083920047515.
epoch 99: forward test average loss 0.0017693126574158669.
inverse model, training agent 5.
epoch 0: inverse train average loss 0.00866887118253443.
epoch 0: inverse test average loss 0.013426148643096289.
epoch 99: inverse train average loss 0.008163847960531712.
epoch 99: inverse test average loss 0.015296359856923422.
forward model: training agent 6.
Epoch 0: forward train average loss 0.002408916958504253.
epoch 0: forward test average loss 0.003617403304411305.
Epoch 99: forward train average loss 0.0014881895751588875.
epoch 99: forward test average loss 0.0036053412283460298.
inverse model, training agent 6.
epoch 0: inverse train average loss 0.006043000767628352.
epoch 0: inverse test average loss 0.006459747958514426.
epoch 99: inverse train average loss 0.0050142123363912106.
epoch 99: inverse test average loss 0.005742189784844716.
Policy training episode: 14, grounded actions taken: 876, last two uncertainties: {0: [0.0, 0.0], 1: [0.0, 0.0], 2: [0.0, 0.0], 3: [0.0, 0.0], 4: [0.0, 0.0], 5: [0.0, 0.0], 6: [0.0, 0.0]}, avg agent uncertainties: [0.0, 0.0, 0.0, 0.0, 0.0, 0.0, 0.0], grounded actions by agent: [123, 142, 110, 132, 120, 123, 126]
Policy training episode: 14, iteration 0/1, policy training avg travel time:63.42317880794702, q_loss:4.657660961151123, rewards:-2.2791673448350696, queue:0.40793650793650793, delay:0.043007151285807295, throughput:3012
Sim Rollout episode:15/100, sim avg travel time:63.72549668874172, rewards:-2.1333333333333333, queue:0.3757936507936508, delay:0.0412219728742327, throughput:3012
Real rollout step:15/100, travel time:454.91742013261, rewards:-31.89277615017361, queue:10.736507936507936, delay:0.2500425308469742, throughput:1283
forward model: training agent 0.
Epoch 0: forward train average loss 0.0035650542833738858.
epoch 0: forward test average loss 0.003985823856459724.
Epoch 99: forward train average loss 0.0013414830642027988.
epoch 99: forward test average loss 0.0022597951400611135.
inverse model, training agent 0.
epoch 0: inverse train average loss 0.0027327311618137173.
epoch 0: inverse test average loss 0.0014750855011192875.
epoch 99: inverse train average loss 0.0009962143570495148.
epoch 99: inverse test average loss 0.0024836614676233795.
forward model: training agent 1.
Epoch 0: forward train average loss 0.003409087450967895.
epoch 0: forward test average loss 0.005281367649634679.
Epoch 99: forward train average loss 0.0013349167097152935.
epoch 99: forward test average loss 0.003641559018029107.
inverse model, training agent 1.
epoch 0: inverse train average loss 0.007691139872703288.
epoch 0: inverse test average loss 0.005079268063935969.
epoch 99: inverse train average loss 0.006047718847791354.
epoch 99: inverse test average loss 0.004902476496580575.
forward model: training agent 2.
Epoch 0: forward train average loss 0.0010248958909263213.
epoch 0: forward test average loss 0.0016413009208109644.
Epoch 99: forward train average loss 0.0006864156974996957.
epoch 99: forward test average loss 0.0023051068290240234.
inverse model, training agent 2.
epoch 0: inverse train average loss 0.010338757601049211.
epoch 0: inverse test average loss 0.01598680681652493.
epoch 99: inverse train average loss 0.008767710895174079.
epoch 99: inverse test average loss 0.016006797552108765.
forward model: training agent 3.
Epoch 0: forward train average loss 0.0027108012905551326.
epoch 0: forward test average loss 0.006074292171332572.
Epoch 99: forward train average loss 0.0013859859253797266.
epoch 99: forward test average loss 0.0036204826707641282.
inverse model, training agent 3.
epoch 0: inverse train average loss 0.0050801436106363935.
epoch 0: inverse test average loss 0.0067426057325469125.
epoch 99: inverse train average loss 0.001720319502055645.
epoch 99: inverse test average loss 0.002331751295261913.
forward model: training agent 4.
Epoch 0: forward train average loss 0.0009071510026438369.
epoch 0: forward test average loss 0.0015180705943041379.
Epoch 99: forward train average loss 0.00038957622988770407.
epoch 99: forward test average loss 0.0007545827732731899.
inverse model, training agent 4.
epoch 0: inverse train average loss 0.009010150614711974.
epoch 0: inverse test average loss 0.011300166034036212.
epoch 99: inverse train average loss 0.005900971901913484.
epoch 99: inverse test average loss 0.01021171071463161.
forward model: training agent 5.
Epoch 0: forward train average loss 0.0011336213210597634.
epoch 0: forward test average loss 0.0023016754744781386.
Epoch 99: forward train average loss 0.0008098369127967291.
epoch 99: forward test average loss 0.001622349489480257.
inverse model, training agent 5.
epoch 0: inverse train average loss 0.008678017494579157.
epoch 0: inverse test average loss 0.016794107026524015.
epoch 99: inverse train average loss 0.007774462095565266.
epoch 99: inverse test average loss 0.016178906791739993.
forward model: training agent 6.
Epoch 0: forward train average loss 0.0026388083481126362.
epoch 0: forward test average loss 0.003460844668249289.
Epoch 99: forward train average loss 0.001424805571635564.
epoch 99: forward test average loss 0.0042724644558297265.
inverse model, training agent 6.
epoch 0: inverse train average loss 0.006066967112322648.
epoch 0: inverse test average loss 0.009640605913268195.
epoch 99: inverse train average loss 0.004806310662792789.
epoch 99: inverse test average loss 0.008586036869221263.
Policy training episode: 15, grounded actions taken: 888, last two uncertainties: {0: [0.0, 0.0], 1: [0.0, 0.0], 2: [0.0, 0.0], 3: [0.0, 0.0], 4: [0.0, 0.0], 5: [0.0, 0.0], 6: [0.0, 0.0]}, avg agent uncertainties: [0.0, 0.0, 0.0, 0.0, 0.0, 0.0, 0.0], grounded actions by agent: [143, 122, 129, 119, 120, 112, 143]
Policy training episode: 15, iteration 0/1, policy training avg travel time:64.63940397350993, q_loss:4.570213317871094, rewards:-2.256388685438368, queue:0.3873015873015873, delay:0.042092450459798175, throughput:3012
Sim Rollout episode:16/100, sim avg travel time:141.36059602649007, rewards:-2.5244452582465278, queue:0.4123015873015873, delay:0.04509176829504588, throughput:2867
Real rollout step:16/100, travel time:753.0491307634164, rewards:-31.219715711805556, queue:16.04206349206349, delay:0.24204024057539683, throughput:862
forward model: training agent 0.
Epoch 0: forward train average loss 0.005011927750375535.
epoch 0: forward test average loss 0.005809446589814292.
Epoch 99: forward train average loss 0.0015958925295207235.
epoch 99: forward test average loss 0.00228640323297845.
inverse model, training agent 0.
epoch 0: inverse train average loss 0.015158492036991648.
epoch 0: inverse test average loss 0.01092954921639628.
epoch 99: inverse train average loss 0.005443986401789718.
epoch 99: inverse test average loss 0.007881732450591193.
forward model: training agent 1.
Epoch 0: forward train average loss 0.490741491317749.
epoch 0: forward test average loss 0.4442263709174262.
Epoch 99: forward train average loss 0.0007544155361958676.
epoch 99: forward test average loss 0.0029215257511370713.
inverse model, training agent 1.
epoch 0: inverse train average loss 0.004856378460923831.
epoch 0: inverse test average loss 0.010250457045104768.
epoch 99: inverse train average loss 0.00254043559026387.
epoch 99: inverse test average loss 0.007924909392992655.
forward model: training agent 2.
Epoch 0: forward train average loss 0.19644441538386875.
epoch 0: forward test average loss 0.11669345696767171.
Epoch 99: forward train average loss 0.00044443737068730924.
epoch 99: forward test average loss 0.0005279742181301117.
inverse model, training agent 2.
epoch 0: inverse train average loss 0.014654220599267218.
epoch 0: inverse test average loss 0.020326737728383806.
epoch 99: inverse train average loss 0.0013337317504920065.
epoch 99: inverse test average loss 0.0013121223956760433.
forward model: training agent 3.
Epoch 0: forward train average loss 0.24158894353442723.
epoch 0: forward test average loss 0.1488428314526876.
Epoch 99: forward train average loss 0.0007572784088551998.
epoch 99: forward test average loss 0.0025310294909609687.
inverse model, training agent 3.
epoch 0: inverse train average loss 0.003822492125133673.
epoch 0: inverse test average loss 0.0033725631785475546.
epoch 99: inverse train average loss 0.0018332865244398515.
epoch 99: inverse test average loss 0.002225810092770391.
forward model: training agent 4.
Epoch 0: forward train average loss 0.007796131591829989.
epoch 0: forward test average loss 0.009110057105620703.
Epoch 99: forward train average loss 0.00022555525841501853.
epoch 99: forward test average loss 0.0007891086602790488.
inverse model, training agent 4.
epoch 0: inverse train average loss 0.005792021699663665.
epoch 0: inverse test average loss 0.0078016964511738885.
epoch 99: inverse train average loss 0.0038786024476091066.
epoch 99: inverse test average loss 0.00392486248165369.
forward model: training agent 5.
Epoch 0: forward train average loss 0.002126176945037312.
epoch 0: forward test average loss 0.002244857967727714.
Epoch 99: forward train average loss 0.0006567112998002105.
epoch 99: forward test average loss 0.0017105067769686382.
inverse model, training agent 5.
epoch 0: inverse train average loss 0.005533727662016948.
epoch 0: inverse test average loss 0.011999325205882391.
epoch 99: inverse train average loss 0.002983819020705091.
epoch 99: inverse test average loss 0.005591850572576125.
forward model: training agent 6.
Epoch 0: forward train average loss 0.005758913647797372.
epoch 0: forward test average loss 0.013186603370640013.
Epoch 99: forward train average loss 0.0014642901563396056.
epoch 99: forward test average loss 0.003274043711523215.
inverse model, training agent 6.
epoch 0: inverse train average loss 0.004691535969161325.
epoch 0: inverse test average loss 0.007499263777087132.
epoch 99: inverse train average loss 0.0037739378814068106.
epoch 99: inverse test average loss 0.013585502488745583.
Policy training episode: 16, grounded actions taken: 813, last two uncertainties: {0: [0.0, 0.0], 1: [0.0, 0.0], 2: [0.0, 0.0], 3: [0.0, 0.0], 4: [0.0, 0.0], 5: [0.0, 0.0], 6: [0.0, 0.0]}, avg agent uncertainties: [0.0, 0.0, 0.0, 0.0, 0.0, 0.0, 0.0], grounded actions by agent: [111, 138, 103, 109, 113, 120, 119]
Policy training episode: 16, iteration 0/1, policy training avg travel time:76.51440874461743, q_loss:4.2970499992370605, rewards:-2.9522220187717014, queue:0.4936507936507937, delay:0.049683013794914126, throughput:3011
Sim Rollout episode:17/100, sim avg travel time:66.48890361046705, rewards:-2.024166531032986, queue:0.38373015873015875, delay:0.04142542036752852, throughput:3012
Real rollout step:17/100, travel time:340.9152941176471, rewards:-24.364995659722222, queue:7.904761904761905, delay:0.19007042778862848, throughput:1388
forward model: training agent 0.
Epoch 0: forward train average loss 0.002279897944794761.
epoch 0: forward test average loss 0.0029983825774656404.
Epoch 99: forward train average loss 0.0015112459659576416.
epoch 99: forward test average loss 0.0027123263312710654.
inverse model, training agent 0.
epoch 0: inverse train average loss 0.00505333264461822.
epoch 0: inverse test average loss 0.0061839235325654345.
epoch 99: inverse train average loss 0.0036009179635180365.
epoch 99: inverse test average loss 0.007257623597979546.
forward model: training agent 1.
Epoch 0: forward train average loss 0.013313110503885481.
epoch 0: forward test average loss 0.011184240380922953.
Epoch 99: forward train average loss 0.0016704404519663916.
epoch 99: forward test average loss 0.002498814525703589.
inverse model, training agent 1.
epoch 0: inverse train average loss 0.0031325070756591028.
epoch 0: inverse test average loss 0.01460285484790802.
epoch 99: inverse train average loss 0.0023950622675733436.
epoch 99: inverse test average loss 0.009997698581880994.
forward model: training agent 2.
Epoch 0: forward train average loss 0.006551247090101242.
epoch 0: forward test average loss 0.006110843271017075.
Epoch 99: forward train average loss 0.0007500262711093657.
epoch 99: forward test average loss 0.0018696930362946456.
inverse model, training agent 2.
epoch 0: inverse train average loss 0.03793978566924731.
epoch 0: inverse test average loss 0.06168300244543287.
epoch 99: inverse train average loss 0.009700326662924554.
epoch 99: inverse test average loss 0.02161771472957399.
forward model: training agent 3.
Epoch 0: forward train average loss 0.02899119547671742.
epoch 0: forward test average loss 0.020701211359765794.
Epoch 99: forward train average loss 0.0018890626832014984.
epoch 99: forward test average loss 0.0034830388095643786.
inverse model, training agent 3.
epoch 0: inverse train average loss 0.005102931263132228.
epoch 0: inverse test average loss 0.007619080651137564.
epoch 99: inverse train average loss 0.0027386771463271645.
epoch 99: inverse test average loss 0.002894522415267097.
forward model: training agent 4.
Epoch 0: forward train average loss 0.01089782247112857.
epoch 0: forward test average loss 0.013151300864087211.
Epoch 99: forward train average loss 0.0003063969035995089.
epoch 99: forward test average loss 0.0009153514531337552.
inverse model, training agent 4.
epoch 0: inverse train average loss 0.01248467992991209.
epoch 0: inverse test average loss 0.027138974103662703.
epoch 99: inverse train average loss 0.007283730846312311.
epoch 99: inverse test average loss 0.01266552797622151.
forward model: training agent 5.
Epoch 0: forward train average loss 0.0010518893832340837.
epoch 0: forward test average loss 0.0016919996382461654.
Epoch 99: forward train average loss 0.0007046215921743877.
epoch 99: forward test average loss 0.0018949348272548781.
inverse model, training agent 5.
epoch 0: inverse train average loss 0.004629867099639442.
epoch 0: inverse test average loss 0.0065072158144579995.
epoch 99: inverse train average loss 0.003908913634303544.
epoch 99: inverse test average loss 0.004988333210349083.
forward model: training agent 6.
Epoch 0: forward train average loss 0.00252091729392608.
epoch 0: forward test average loss 0.0033942111250427035.
Epoch 99: forward train average loss 0.0013789667282253504.
epoch 99: forward test average loss 0.0030420724716451433.
inverse model, training agent 6.
epoch 0: inverse train average loss 0.005916677156670226.
epoch 0: inverse test average loss 0.00498014564315478.
epoch 99: inverse train average loss 0.004951883288514283.
epoch 99: inverse test average loss 0.006196323368284438.
Policy training episode: 17, grounded actions taken: 821, last two uncertainties: {0: [0.0, 0.0], 1: [0.0, 0.0], 2: [0.0, 0.0], 3: [0.0, 0.0], 4: [0.0, 0.0], 5: [0.0, 0.0], 6: [0.0, 0.0]}, avg agent uncertainties: [0.0, 0.0, 0.0, 0.0, 0.0, 0.0, 0.0], grounded actions by agent: [113, 114, 122, 114, 123, 116, 119]
Policy training episode: 17, iteration 0/1, policy training avg travel time:67.25662251655629, q_loss:4.303346633911133, rewards:-2.3049991183810765, queue:0.4158730158730159, delay:0.043442220536489336, throughput:3012
Sim Rollout episode:18/100, sim avg travel time:65.0682119205298, rewards:-2.230000305175781, queue:0.39246031746031745, delay:0.043046412392268106, throughput:3011
Real rollout step:18/100, travel time:208.70679012345678, rewards:-23.272775607638888, queue:4.1912698412698415, delay:0.15633956666976687, throughput:2077
forward model: training agent 0.
Epoch 0: forward train average loss 0.0020710628531459305.
epoch 0: forward test average loss 0.002489568665623665.
Epoch 99: forward train average loss 0.001218657914756073.
epoch 99: forward test average loss 0.0025893297667304673.
inverse model, training agent 0.
epoch 0: inverse train average loss 0.002866108539617724.
epoch 0: inverse test average loss 0.0030147281164924302.
epoch 99: inverse train average loss 0.000485827950696047.
epoch 99: inverse test average loss 0.00020145269809290767.
forward model: training agent 1.
Epoch 0: forward train average loss 0.006006656938956844.
epoch 0: forward test average loss 0.006543046898312039.
Epoch 99: forward train average loss 0.004103563260287046.
epoch 99: forward test average loss 0.0055125195326076615.
inverse model, training agent 1.
epoch 0: inverse train average loss 0.007012651715841558.
epoch 0: inverse test average loss 0.01059371791779995.
epoch 99: inverse train average loss 0.004603989681022035.
epoch 99: inverse test average loss 0.012660584102074305.
forward model: training agent 2.
Epoch 0: forward train average loss 0.0020694510959502724.
epoch 0: forward test average loss 0.003332153894007206.
Epoch 99: forward train average loss 0.001329798264325493.
epoch 99: forward test average loss 0.003572257132165962.
inverse model, training agent 2.
epoch 0: inverse train average loss 0.010125153180625703.
epoch 0: inverse test average loss 0.011188870502842797.
epoch 99: inverse train average loss 0.008168664553927051.
epoch 99: inverse test average loss 0.0144678619172838.
forward model: training agent 3.
Epoch 0: forward train average loss 0.00828514475789335.
epoch 0: forward test average loss 0.011676415387127135.
Epoch 99: forward train average loss 0.004772814197672738.
epoch 99: forward test average loss 0.01094834009806315.
inverse model, training agent 3.
epoch 0: inverse train average loss 0.007086307276040316.
epoch 0: inverse test average loss 0.003843082942896419.
epoch 99: inverse train average loss 0.0029593750627504457.
epoch 99: inverse test average loss 0.0027559405813614526.
forward model: training agent 4.
Epoch 0: forward train average loss 0.0027651390992105007.
epoch 0: forward test average loss 0.004034145838684506.
Epoch 99: forward train average loss 0.001411083775262038.
epoch 99: forward test average loss 0.0022353906598356036.
inverse model, training agent 4.
epoch 0: inverse train average loss 0.008555862224764295.
epoch 0: inverse test average loss 0.008106877095997334.
epoch 99: inverse train average loss 0.0035847962523500123.
epoch 99: inverse test average loss 0.004896389372232888.
forward model: training agent 5.
Epoch 0: forward train average loss 0.001084255817760196.
epoch 0: forward test average loss 0.0017324418036474122.
Epoch 99: forward train average loss 0.0007911823146666089.
epoch 99: forward test average loss 0.001784060046904617.
inverse model, training agent 5.
epoch 0: inverse train average loss 0.014999092246095339.
epoch 0: inverse test average loss 0.02831475271119012.
epoch 99: inverse train average loss 0.008845938473112054.
epoch 99: inverse test average loss 0.01768683476580514.
forward model: training agent 6.
Epoch 0: forward train average loss 0.0025653973635700014.
epoch 0: forward test average loss 0.0035574736280573737.
Epoch 99: forward train average loss 0.0014423446005417241.
epoch 99: forward test average loss 0.004003889444801543.
inverse model, training agent 6.
epoch 0: inverse train average loss 0.004149602881322305.
epoch 0: inverse test average loss 0.011771681408087412.
epoch 99: inverse train average loss 0.0036045219231810835.
epoch 99: inverse test average loss 0.006901087032424079.
Policy training episode: 18, grounded actions taken: 851, last two uncertainties: {0: [0.0, 0.0], 1: [0.0, 0.0], 2: [0.0, 0.0], 3: [0.0, 0.0], 4: [0.0, 0.0], 5: [0.0, 0.0], 6: [0.0, 0.0]}, avg agent uncertainties: [0.0, 0.0, 0.0, 0.0, 0.0, 0.0, 0.0], grounded actions by agent: [121, 119, 133, 111, 114, 126, 127]
Policy training episode: 18, iteration 0/1, policy training avg travel time:63.24735099337748, q_loss:4.23115873336792, rewards:-2.1805555555555554, queue:0.37976190476190474, delay:0.042025726560562374, throughput:3012
Sim Rollout episode:19/100, sim avg travel time:67.2225165562914, rewards:-2.2511106703016495, queue:0.3996031746031746, delay:0.04229056343199715, throughput:3012
Real rollout step:19/100, travel time:168.19250210614996, rewards:-21.503331163194446, queue:3.996031746031746, delay:0.1589493161156064, throughput:2285
forward model: training agent 0.
Epoch 0: forward train average loss 0.0024183827141920724.
epoch 0: forward test average loss 0.0031289603147241804.
Epoch 99: forward train average loss 0.0016272955625835392.
epoch 99: forward test average loss 0.003416727814409468.
inverse model, training agent 0.
epoch 0: inverse train average loss 0.002238708448001287.
epoch 0: inverse test average loss 0.004206417257794076.
epoch 99: inverse train average loss 0.0017269014950013822.
epoch 99: inverse test average loss 0.003373779977361361.
forward model: training agent 1.
Epoch 0: forward train average loss 0.005101042489210765.
epoch 0: forward test average loss 0.008252565231588151.
Epoch 99: forward train average loss 0.003343944541282124.
epoch 99: forward test average loss 0.00569863182802995.
inverse model, training agent 1.
epoch 0: inverse train average loss 0.004028684356146389.
epoch 0: inverse test average loss 0.004012917271918721.
epoch 99: inverse train average loss 0.0012722041121580535.
epoch 99: inverse test average loss 0.0012309126969840792.
forward model: training agent 2.
Epoch 0: forward train average loss 0.0021957629618959296.
epoch 0: forward test average loss 0.0030365147524409825.
Epoch 99: forward train average loss 0.0013710242023484574.
epoch 99: forward test average loss 0.002726984624233511.
inverse model, training agent 2.
epoch 0: inverse train average loss 0.011897897347807884.
epoch 0: inverse test average loss 0.0228718767563502.
epoch 99: inverse train average loss 0.007610334186918206.
epoch 99: inverse test average loss 0.012274127039644454.
forward model: training agent 3.
Epoch 0: forward train average loss 0.007205869381626447.
epoch 0: forward test average loss 0.011086737944020165.
Epoch 99: forward train average loss 0.003870949045651489.
epoch 99: forward test average loss 0.009037796821859147.
inverse model, training agent 3.
epoch 0: inverse train average loss 0.004504563390380806.
epoch 0: inverse test average loss 0.004637947357777093.
epoch 99: inverse train average loss 0.0014310935641535455.
epoch 99: inverse test average loss 0.0023899531612793603.
forward model: training agent 4.
Epoch 0: forward train average loss 0.0040377153394122916.
epoch 0: forward test average loss 0.005686059180233214.
Epoch 99: forward train average loss 0.001621333494161566.
epoch 99: forward test average loss 0.002828957306014167.
inverse model, training agent 4.
epoch 0: inverse train average loss 0.007991266436874866.
epoch 0: inverse test average loss 0.0071743472168842954.
epoch 99: inverse train average loss 0.005329059954318736.
epoch 99: inverse test average loss 0.0037729908815688556.
forward model: training agent 5.
Epoch 0: forward train average loss 0.0011397159735982616.
epoch 0: forward test average loss 0.0018002636109789212.
Epoch 99: forward train average loss 0.0007420713470006982.
epoch 99: forward test average loss 0.0021788698310653367.
inverse model, training agent 5.
epoch 0: inverse train average loss 0.007401492653621567.
epoch 0: inverse test average loss 0.016913460360633.
epoch 99: inverse train average loss 0.005676249663035075.
epoch 99: inverse test average loss 0.01265260742770301.
forward model: training agent 6.
Epoch 0: forward train average loss 0.002710243169632223.
epoch 0: forward test average loss 0.004003252627121078.
Epoch 99: forward train average loss 0.0014793136571016577.
epoch 99: forward test average loss 0.005141864841183026.
inverse model, training agent 6.
epoch 0: inverse train average loss 0.005072727851155732.
epoch 0: inverse test average loss 0.014029489623175727.
epoch 99: inverse train average loss 0.004607020204679834.
epoch 99: inverse test average loss 0.007044186194737752.
Policy training episode: 19, grounded actions taken: 835, last two uncertainties: {0: [0.0, 0.0], 1: [0.0, 0.0], 2: [0.0, 0.0], 3: [0.0, 0.0], 4: [0.0, 0.0], 5: [0.0, 0.0], 6: [0.0, 0.0]}, avg agent uncertainties: [0.0, 0.0, 0.0, 0.0, 0.0, 0.0, 0.0], grounded actions by agent: [121, 116, 122, 112, 117, 124, 123]
Policy training episode: 19, iteration 0/1, policy training avg travel time:72.08744617422988, q_loss:4.197544097900391, rewards:-2.486111111111111, queue:0.4261904761904762, delay:0.045885670374310204, throughput:3012
Sim Rollout episode:20/100, sim avg travel time:65.56901688182721, rewards:-2.088333468967014, queue:0.37857142857142856, delay:0.04186463734460256, throughput:3012
Real rollout step:20/100, travel time:299.01846670397316, rewards:-21.150846354166667, queue:9.456746031746032, delay:0.18925845433795263, throughput:1553
forward model: training agent 0.
Epoch 0: forward train average loss 0.0018934106402513054.
epoch 0: forward test average loss 0.0025848008485303987.
Epoch 99: forward train average loss 0.0013125904370099306.
epoch 99: forward test average loss 0.0033758081909683016.
inverse model, training agent 0.
epoch 0: inverse train average loss 0.009659169448746575.
epoch 0: inverse test average loss 0.019861203100946214.
epoch 99: inverse train average loss 0.004622941008872456.
epoch 99: inverse test average loss 0.011729498497313924.
forward model: training agent 1.
Epoch 0: forward train average loss 0.026431446688042745.
epoch 0: forward test average loss 0.023727258046468098.
Epoch 99: forward train average loss 0.0023116025194111797.
epoch 99: forward test average loss 0.004339558796750175.
inverse model, training agent 1.
epoch 0: inverse train average loss 0.0033084617203308474.
epoch 0: inverse test average loss 0.001190518598175711.
epoch 99: inverse train average loss 0.0016700410827373464.
epoch 99: inverse test average loss 0.001927734145687686.
forward model: training agent 2.
Epoch 0: forward train average loss 0.033016095558802284.
epoch 0: forward test average loss 0.023940899305873446.
Epoch 99: forward train average loss 0.000984922775791751.
epoch 99: forward test average loss 0.0015969890583720473.
inverse model, training agent 2.
epoch 0: inverse train average loss 0.02532687410712242.
epoch 0: inverse test average loss 0.036057569086551666.
epoch 99: inverse train average loss 0.007008400849170155.
epoch 99: inverse test average loss 0.013008036547236972.
forward model: training agent 3.
Epoch 0: forward train average loss 0.03410173331697782.
epoch 0: forward test average loss 0.03209152321020762.
Epoch 99: forward train average loss 0.0023905547180523476.
epoch 99: forward test average loss 0.006611440537704362.
inverse model, training agent 3.
epoch 0: inverse train average loss 0.0016103598496152295.
epoch 0: inverse test average loss 0.002501725840071837.
epoch 99: inverse train average loss 0.0012241839431226254.
epoch 99: inverse test average loss 0.002518482609755463.
forward model: training agent 4.
Epoch 0: forward train average loss 0.0023124093293315834.
epoch 0: forward test average loss 0.0030019047359625497.
Epoch 99: forward train average loss 0.0003542525874864724.
epoch 99: forward test average loss 0.001281688558972544.
inverse model, training agent 4.
epoch 0: inverse train average loss 0.004839077591896057.
epoch 0: inverse test average loss 0.006224622329076131.
epoch 99: inverse train average loss 0.004202278330922127.
epoch 99: inverse test average loss 0.005057506677177217.
forward model: training agent 5.
Epoch 0: forward train average loss 0.0010392090124595496.
epoch 0: forward test average loss 0.0015944804892771775.
Epoch 99: forward train average loss 0.0006852253055613902.
epoch 99: forward test average loss 0.0019191886919240158.
inverse model, training agent 5.
epoch 0: inverse train average loss 0.0054080621856782175.
epoch 0: inverse test average loss 0.010153930634260178.
epoch 99: inverse train average loss 0.0048114161214066874.
epoch 99: inverse test average loss 0.006469691793123881.
forward model: training agent 6.
Epoch 0: forward train average loss 0.00226497489752041.
epoch 0: forward test average loss 0.003374066928194629.
Epoch 99: forward train average loss 0.0012690908689465788.
epoch 99: forward test average loss 0.0030642360862758425.
inverse model, training agent 6.
epoch 0: inverse train average loss 0.004927637831618388.
epoch 0: inverse test average loss 0.009297812564505471.
epoch 99: inverse train average loss 0.0044338744547632.
epoch 99: inverse test average loss 0.007070295719636811.
Policy training episode: 20, grounded actions taken: 842, last two uncertainties: {0: [0.0, 0.0], 1: [0.0, 0.0], 2: [0.0, 0.0], 3: [0.0, 0.0], 4: [0.0, 0.0], 5: [0.0, 0.0], 6: [0.0, 0.0]}, avg agent uncertainties: [0.0, 0.0, 0.0, 0.0, 0.0, 0.0, 0.0], grounded actions by agent: [120, 117, 116, 126, 115, 124, 124]
Policy training episode: 20, iteration 0/1, policy training avg travel time:63.07414763323403, q_loss:4.193580150604248, rewards:-1.943611314561632, queue:0.38412698412698415, delay:0.040448712545727926, throughput:3011
Sim Rollout episode:21/100, sim avg travel time:63.77615894039735, rewards:-2.2963887532552083, queue:0.37817460317460316, delay:0.043004974486335876, throughput:3011
Real rollout step:21/100, travel time:159.4456780333069, rewards:-22.453054470486112, queue:4.36031746031746, delay:0.16219192989288814, throughput:2327
forward model: training agent 0.
Epoch 0: forward train average loss 0.0029566985451512868.
epoch 0: forward test average loss 0.004309948947694566.
Epoch 99: forward train average loss 0.0019253479161610205.
epoch 99: forward test average loss 0.0039918019125858946.
inverse model, training agent 0.
epoch 0: inverse train average loss 0.01643513163758649.
epoch 0: inverse test average loss 0.022257424890995026.
epoch 99: inverse train average loss 0.007153354895611604.
epoch 99: inverse test average loss 0.01159573718905449.
forward model: training agent 1.
Epoch 0: forward train average loss 0.005984342036147912.
epoch 0: forward test average loss 0.008657199227147631.
Epoch 99: forward train average loss 0.003701338751448525.
epoch 99: forward test average loss 0.008472831712828742.
inverse model, training agent 1.
epoch 0: inverse train average loss 0.002093148391900791.
epoch 0: inverse test average loss 0.00261976978476418.
epoch 99: inverse train average loss 0.0011585944513272908.
epoch 99: inverse test average loss 0.004219806235697534.
forward model: training agent 2.
Epoch 0: forward train average loss 0.002808979091544946.
epoch 0: forward test average loss 0.0046790776153405505.
Epoch 99: forward train average loss 0.001512834465959006.
epoch 99: forward test average loss 0.0031685922294855118.
inverse model, training agent 2.
epoch 0: inverse train average loss 0.007539944102366765.
epoch 0: inverse test average loss 0.007899720635679033.
epoch 99: inverse train average loss 0.006221231487062242.
epoch 99: inverse test average loss 0.007447161194350984.
forward model: training agent 3.
Epoch 0: forward train average loss 0.0090727966485752.
epoch 0: forward test average loss 0.01584066657556428.
Epoch 99: forward train average loss 0.00423901052110725.
epoch 99: forward test average loss 0.008324923200739754.
inverse model, training agent 3.
epoch 0: inverse train average loss 0.013337430647677846.
epoch 0: inverse test average loss 0.025733882354365453.
epoch 99: inverse train average loss 0.0054911042874058085.
epoch 99: inverse test average loss 0.01500228088763025.
forward model: training agent 4.
Epoch 0: forward train average loss 0.0031218804522520965.
epoch 0: forward test average loss 0.003777957314418422.
Epoch 99: forward train average loss 0.0015195415407005283.
epoch 99: forward test average loss 0.002381992215911547.
inverse model, training agent 4.
epoch 0: inverse train average loss 0.00925853175835477.
epoch 0: inverse test average loss 0.009286257127920786.
epoch 99: inverse train average loss 0.006485394512613614.
epoch 99: inverse test average loss 0.012414981300632158.
forward model: training agent 5.
Epoch 0: forward train average loss 0.0011512726390113432.
epoch 0: forward test average loss 0.001783190036399497.
Epoch 99: forward train average loss 0.0007801332847318716.
epoch 99: forward test average loss 0.0017653217332230674.
inverse model, training agent 5.
epoch 0: inverse train average loss 0.006302758120000362.
epoch 0: inverse test average loss 0.012007776233885024.
epoch 99: inverse train average loss 0.005320011638104916.
epoch 99: inverse test average loss 0.013624303042888641.
forward model: training agent 6.
Epoch 0: forward train average loss 0.003026085233108865.
epoch 0: forward test average loss 0.0046675509462753935.
Epoch 99: forward train average loss 0.001523228595033288.
epoch 99: forward test average loss 0.0036821531959705884.
inverse model, training agent 6.
epoch 0: inverse train average loss 0.007050105060140292.
epoch 0: inverse test average loss 0.022546186215347715.
epoch 99: inverse train average loss 0.005704657071166568.
epoch 99: inverse test average loss 0.007367488410737779.
Policy training episode: 21, grounded actions taken: 833, last two uncertainties: {0: [0.0, 0.0], 1: [0.0, 0.0], 2: [0.0, 0.0], 3: [0.0, 0.0], 4: [0.0, 0.0], 5: [0.0, 0.0], 6: [0.0, 0.0]}, avg agent uncertainties: [0.0, 0.0, 0.0, 0.0, 0.0, 0.0, 0.0], grounded actions by agent: [119, 115, 114, 125, 125, 126, 109]
Policy training episode: 21, iteration 0/1, policy training avg travel time:63.53359814630917, q_loss:4.1260085105896, rewards:-2.2494442409939235, queue:0.3996031746031746, delay:0.04317270914713542, throughput:3012
Sim Rollout episode:22/100, sim avg travel time:65.5727994705493, rewards:-2.1083338419596354, queue:0.4011904761904762, delay:0.04306372385176401, throughput:3012
Real rollout step:22/100, travel time:336.0365488316357, rewards:-20.950279405381945, queue:9.678968253968254, delay:0.2048003665984623, throughput:1464
forward model: training agent 0.
Epoch 0: forward train average loss 0.001768200011509988.
epoch 0: forward test average loss 0.00231606870268782.
Epoch 99: forward train average loss 0.0010050045222871834.
epoch 99: forward test average loss 0.0026182163920667437.
inverse model, training agent 0.
epoch 0: inverse train average loss 0.012380631847514046.
epoch 0: inverse test average loss 0.021565751896964178.
epoch 99: inverse train average loss 0.0011294146275354756.
epoch 99: inverse test average loss 0.0003745700491385327.
forward model: training agent 1.
Epoch 0: forward train average loss 0.013192341352502504.
epoch 0: forward test average loss 0.013706988758511014.
Epoch 99: forward train average loss 0.0025438694283366203.
epoch 99: forward test average loss 0.0054049692634079195.
inverse model, training agent 1.
epoch 0: inverse train average loss 0.010268880157834955.
epoch 0: inverse test average loss 0.013949691835376952.
epoch 99: inverse train average loss 0.004938641097396612.
epoch 99: inverse test average loss 0.006115376328428586.
forward model: training agent 2.
Epoch 0: forward train average loss 0.007490030075940821.
epoch 0: forward test average loss 0.008888936705059476.
Epoch 99: forward train average loss 0.0010762112732562753.
epoch 99: forward test average loss 0.00254306404127015.
inverse model, training agent 2.
epoch 0: inverse train average loss 0.011517362255189154.
epoch 0: inverse test average loss 0.014597550448444154.
epoch 99: inverse train average loss 0.007846181384391256.
epoch 99: inverse test average loss 0.011852764834960302.
forward model: training agent 3.
Epoch 0: forward train average loss 0.01161034322447247.
epoch 0: forward test average loss 0.009725183248519897.
Epoch 99: forward train average loss 0.0021260902544276584.
epoch 99: forward test average loss 0.003977979015972879.
inverse model, training agent 3.
epoch 0: inverse train average loss 0.0045958881576855974.
epoch 0: inverse test average loss 0.004788557377954324.
epoch 99: inverse train average loss 0.0008802402169547147.
epoch 99: inverse test average loss 0.0027234633453190327.
forward model: training agent 4.
Epoch 0: forward train average loss 0.0008480375011761984.
epoch 0: forward test average loss 0.001479914825823572.
Epoch 99: forward train average loss 0.0002047865257029318.
epoch 99: forward test average loss 0.0008415670341087712.
inverse model, training agent 4.
epoch 0: inverse train average loss 0.005451826482183403.
epoch 0: inverse test average loss 0.005381547638939487.
epoch 99: inverse train average loss 0.0041768669875131715.
epoch 99: inverse test average loss 0.00856943821741475.
forward model: training agent 5.
Epoch 0: forward train average loss 0.0010588101835714446.
epoch 0: forward test average loss 0.0014728768728673458.
Epoch 99: forward train average loss 0.0007691583208118876.
epoch 99: forward test average loss 0.002073232964095142.
inverse model, training agent 5.
epoch 0: inverse train average loss 0.005202765886982282.
epoch 0: inverse test average loss 0.005735066822833485.
epoch 99: inverse train average loss 0.0046713074876202475.
epoch 99: inverse test average loss 0.009996888952122794.
forward model: training agent 6.
Epoch 0: forward train average loss 0.002383842883217666.
epoch 0: forward test average loss 0.0028811899117297595.
Epoch 99: forward train average loss 0.0012418454409473473.
epoch 99: forward test average loss 0.0027414802461862564.
inverse model, training agent 6.
epoch 0: inverse train average loss 0.005010307197355562.
epoch 0: inverse test average loss 0.010015074163675308.
epoch 99: inverse train average loss 0.0037106144655909804.
epoch 99: inverse test average loss 0.005800757557153702.
Policy training episode: 22, grounded actions taken: 869, last two uncertainties: {0: [0.0, 0.0], 1: [0.0, 0.0], 2: [0.0, 0.0], 3: [0.0, 0.0], 4: [0.0, 0.0], 5: [0.0, 0.0], 6: [0.0, 0.0]}, avg agent uncertainties: [0.0, 0.0, 0.0, 0.0, 0.0, 0.0, 0.0], grounded actions by agent: [124, 138, 119, 110, 125, 140, 113]
Policy training episode: 22, iteration 0/1, policy training avg travel time:72.07778881165177, q_loss:4.025707244873047, rewards:-2.6574996948242187, queue:0.4718253968253968, delay:0.04772427271282862, throughput:3012
Sim Rollout episode:23/100, sim avg travel time:64.9271523178808, rewards:-2.151944647894965, queue:0.43293650793650795, delay:0.04313095032222687, throughput:3012
Real rollout step:23/100, travel time:164.53253012048194, rewards:-25.748057725694444, queue:4.991666666666666, delay:0.1721649896530878, throughput:2334
forward model: training agent 0.
Epoch 0: forward train average loss 0.0024931441682080426.
epoch 0: forward test average loss 0.004594840937190586.
Epoch 99: forward train average loss 0.0015539245214313269.
epoch 99: forward test average loss 0.004283342096540663.
inverse model, training agent 0.
epoch 0: inverse train average loss 0.014645486035280757.
epoch 0: inverse test average loss 0.01142315415199846.
epoch 99: inverse train average loss 0.005906485124594635.
epoch 99: inverse test average loss 0.007647993250025643.
forward model: training agent 1.
Epoch 0: forward train average loss 0.007342470292415883.
epoch 0: forward test average loss 0.00800147197312779.
Epoch 99: forward train average loss 0.004055355934219228.
epoch 99: forward test average loss 0.005973760038614273.
inverse model, training agent 1.
epoch 0: inverse train average loss 0.004725596298360162.
epoch 0: inverse test average loss 0.0051681700473030405.
epoch 99: inverse train average loss 0.0025334999793105656.
epoch 99: inverse test average loss 0.01151770767238405.
forward model: training agent 2.
Epoch 0: forward train average loss 0.0027551927810741794.
epoch 0: forward test average loss 0.0024792509567406443.
Epoch 99: forward train average loss 0.0014285084843221637.
epoch 99: forward test average loss 0.003483184509807163.
inverse model, training agent 2.
epoch 0: inverse train average loss 0.01460673308206929.
epoch 0: inverse test average loss 0.017678896172179118.
epoch 99: inverse train average loss 0.006089057876831955.
epoch 99: inverse test average loss 0.016415466864903767.
forward model: training agent 3.
Epoch 0: forward train average loss 0.01003734167251322.
epoch 0: forward test average loss 0.013073860357205072.
Epoch 99: forward train average loss 0.005003150811211931.
epoch 99: forward test average loss 0.009502362873819139.
inverse model, training agent 3.
epoch 0: inverse train average loss 0.005498212037814988.
epoch 0: inverse test average loss 0.006687033973220322.
epoch 99: inverse train average loss 0.0024508903216984537.
epoch 99: inverse test average loss 0.003297476511862543.
forward model: training agent 4.
Epoch 0: forward train average loss 0.002231579041108489.
epoch 0: forward test average loss 0.005018526895178689.
Epoch 99: forward train average loss 0.0011693992419168353.
epoch 99: forward test average loss 0.0034398094026578795.
inverse model, training agent 4.
epoch 0: inverse train average loss 0.005745420439375771.
epoch 0: inverse test average loss 0.008576441556215286.
epoch 99: inverse train average loss 0.004431711406343513.
epoch 99: inverse test average loss 0.0073284659948613905.
forward model: training agent 5.
Epoch 0: forward train average loss 0.0011529912266673313.
epoch 0: forward test average loss 0.0015014116652309895.
Epoch 99: forward train average loss 0.0007730916064853469.
epoch 99: forward test average loss 0.0022106700473361546.
inverse model, training agent 5.
epoch 0: inverse train average loss 0.0076588306369052995.
epoch 0: inverse test average loss 0.012255515489313338.
epoch 99: inverse train average loss 0.006146262606812848.
epoch 99: inverse test average loss 0.00971940408150355.
forward model: training agent 6.
Epoch 0: forward train average loss 0.003112903382215235.
epoch 0: forward test average loss 0.004604362779193454.
Epoch 99: forward train average loss 0.001406438700440857.
epoch 99: forward test average loss 0.005323178445299466.
inverse model, training agent 6.
epoch 0: inverse train average loss 0.004434258418364657.
epoch 0: inverse test average loss 0.0037399987276229593.
epoch 99: inverse train average loss 0.003615968291544252.
epoch 99: inverse test average loss 0.0042593324970867895.
Policy training episode: 23, grounded actions taken: 838, last two uncertainties: {0: [0.0, 0.0], 1: [0.0, 0.0], 2: [0.0, 0.0], 3: [0.0, 0.0], 4: [0.0, 0.0], 5: [0.0, 0.0], 6: [0.0, 0.0]}, avg agent uncertainties: [0.0, 0.0, 0.0, 0.0, 0.0, 0.0, 0.0], grounded actions by agent: [130, 131, 115, 110, 131, 106, 115]
Policy training episode: 23, iteration 0/1, policy training avg travel time:64.04438555813184, q_loss:3.996328592300415, rewards:-2.272777811686198, queue:0.40515873015873016, delay:0.04291046384781126, throughput:3012
Sim Rollout episode:24/100, sim avg travel time:112.27829252150893, rewards:-3.238055419921875, queue:0.5325396825396825, delay:0.050319786677284845, throughput:2951
Real rollout step:24/100, travel time:116.94175553732568, rewards:-14.30722384982639, queue:2.046031746031746, delay:0.12712294563414558, throughput:2342
forward model: training agent 0.
Epoch 0: forward train average loss 0.002311238863815864.
epoch 0: forward test average loss 0.004589415879713165.
Epoch 99: forward train average loss 0.0015149804660015637.
epoch 99: forward test average loss 0.004063213658001687.
inverse model, training agent 0.
epoch 0: inverse train average loss 0.005247540720221069.
epoch 0: inverse test average loss 0.006295010654462708.
epoch 99: inverse train average loss 0.004628864479147726.
epoch 99: inverse test average loss 0.004822857057054837.
forward model: training agent 1.
Epoch 0: forward train average loss 0.0053637878348429995.
epoch 0: forward test average loss 0.007306309209929572.
Epoch 99: forward train average loss 0.00329535821866658.
epoch 99: forward test average loss 0.0076439591745535536.
inverse model, training agent 1.
epoch 0: inverse train average loss 0.0058244407797853155.
epoch 0: inverse test average loss 0.006697069646583663.
epoch 99: inverse train average loss 0.002895983608646525.
epoch 99: inverse test average loss 0.004407350594798724.
forward model: training agent 2.
Epoch 0: forward train average loss 0.0022383788341863286.
epoch 0: forward test average loss 0.004011344785491626.
Epoch 99: forward train average loss 0.0012894755281094047.
epoch 99: forward test average loss 0.004922388018005424.
inverse model, training agent 2.
epoch 0: inverse train average loss 0.009664162062108517.
epoch 0: inverse test average loss 0.018074774079852633.
epoch 99: inverse train average loss 0.00685340952542093.
epoch 99: inverse test average loss 0.01338099812467893.
forward model: training agent 3.
Epoch 0: forward train average loss 0.006154378255208333.
epoch 0: forward test average loss 0.0109285782608721.
Epoch 99: forward train average loss 0.0038757268339395523.
epoch 99: forward test average loss 0.009715420090489917.
inverse model, training agent 3.
epoch 0: inverse train average loss 0.005249233295520146.
epoch 0: inverse test average loss 0.004628294975393348.
epoch 99: inverse train average loss 0.00359302857476804.
epoch 99: inverse test average loss 0.0036246657319780854.
forward model: training agent 4.
Epoch 0: forward train average loss 0.001870325171492166.
epoch 0: forward test average loss 0.0027302862662408087.
Epoch 99: forward train average loss 0.0012777901720255613.
epoch 99: forward test average loss 0.00304609795825349.
inverse model, training agent 4.
epoch 0: inverse train average loss 0.009966195871432623.
epoch 0: inverse test average loss 0.013295223315556845.
epoch 99: inverse train average loss 0.007329063696993722.
epoch 99: inverse test average loss 0.006629663209120433.
forward model: training agent 5.
Epoch 0: forward train average loss 0.0012031517560697263.
epoch 0: forward test average loss 0.0020017025785313714.
Epoch 99: forward train average loss 0.0007473445859634214.
epoch 99: forward test average loss 0.0019194836624794537.
inverse model, training agent 5.
epoch 0: inverse train average loss 0.006960310662786166.
epoch 0: inverse test average loss 0.014003975523842705.
epoch 99: inverse train average loss 0.005919142729706234.
epoch 99: inverse test average loss 0.0065575093030929565.
forward model: training agent 6.
Epoch 0: forward train average loss 0.0028081751532024806.
epoch 0: forward test average loss 0.003998501847187678.
Epoch 99: forward train average loss 0.00133674756054663.
epoch 99: forward test average loss 0.0037883524265554217.
inverse model, training agent 6.
epoch 0: inverse train average loss 0.003650005932690369.
epoch 0: inverse test average loss 0.015152276390128665.
epoch 99: inverse train average loss 0.002925046228079332.
epoch 99: inverse test average loss 0.009402937359280057.
Policy training episode: 24, grounded actions taken: 804, last two uncertainties: {0: [0.0, 0.0], 1: [0.0, 0.0], 2: [0.0, 0.0], 3: [0.0, 0.0], 4: [0.0, 0.0], 5: [0.0, 0.0], 6: [0.0, 0.0]}, avg agent uncertainties: [0.0, 0.0, 0.0, 0.0, 0.0, 0.0, 0.0], grounded actions by agent: [118, 117, 125, 110, 113, 103, 118]
Policy training episode: 24, iteration 0/1, policy training avg travel time:63.71565706719629, q_loss:3.9091532230377197, rewards:-2.190556165907118, queue:0.37976190476190474, delay:0.04238818940662202, throughput:3012
Sim Rollout episode:25/100, sim avg travel time:70.38092083471348, rewards:-2.3944439358181424, queue:0.4115079365079365, delay:0.043740066649421816, throughput:2994
Real rollout step:25/100, travel time:876.5283605283605, rewards:-44.15387912326389, queue:17.370238095238093, delay:0.26848423064701143, throughput:715
forward model: training agent 0.
Epoch 0: forward train average loss 0.0722176225648986.
epoch 0: forward test average loss 0.06741824746131897.
Epoch 99: forward train average loss 0.001012945457154678.
epoch 99: forward test average loss 0.001993600899974505.
inverse model, training agent 0.
epoch 0: inverse train average loss 0.003591446361194054.
epoch 0: inverse test average loss 0.004313085124724441.
epoch 99: inverse train average loss 0.00036503652518149465.
epoch 99: inverse test average loss 0.0001563593881049504.
forward model: training agent 1.
Epoch 0: forward train average loss 0.2241085453165902.
epoch 0: forward test average loss 0.14035100407070583.
Epoch 99: forward train average loss 0.0005794571285756925.
epoch 99: forward test average loss 0.0010447517140871948.
inverse model, training agent 1.
epoch 0: inverse train average loss 0.005013682879507542.
epoch 0: inverse test average loss 0.013955243759685092.
epoch 99: inverse train average loss 0.003341051284223795.
epoch 99: inverse test average loss 0.004646900006466442.
forward model: training agent 2.
Epoch 0: forward train average loss 0.05485315041409598.
epoch 0: forward test average loss 0.009738741649521722.
Epoch 99: forward train average loss 0.00043843544942016405.
epoch 99: forward test average loss 0.0007738066681971153.
inverse model, training agent 2.
epoch 0: inverse train average loss 0.007188704382214282.
epoch 0: inverse test average loss 0.011577944374746747.
epoch 99: inverse train average loss 0.00620160282899936.
epoch 99: inverse test average loss 0.007979427774747213.
forward model: training agent 3.
Epoch 0: forward train average loss 0.06206957602666484.
epoch 0: forward test average loss 0.02350319590833452.
Epoch 99: forward train average loss 0.000639416859485209.
epoch 99: forward test average loss 0.0017095363388458888.
inverse model, training agent 3.
epoch 0: inverse train average loss 0.004437222559418943.
epoch 0: inverse test average loss 0.005097828689031303.
epoch 99: inverse train average loss 0.002978044251600901.
epoch 99: inverse test average loss 0.009029726394348674.
forward model: training agent 4.
Epoch 0: forward train average loss 0.00861379462811682.
epoch 0: forward test average loss 0.005414249375462532.
Epoch 99: forward train average loss 0.00024577849318221625.
epoch 99: forward test average loss 0.0005893847749878963.
inverse model, training agent 4.
epoch 0: inverse train average loss 0.006629412579867575.
epoch 0: inverse test average loss 0.006188927839199702.
epoch 99: inverse train average loss 0.005131470660368602.
epoch 99: inverse test average loss 0.003346051813827621.
forward model: training agent 5.
Epoch 0: forward train average loss 0.0038214164475599923.
epoch 0: forward test average loss 0.0035616631309191384.
Epoch 99: forward train average loss 0.0005423712557078236.
epoch 99: forward test average loss 0.0011955962205926578.
inverse model, training agent 5.
epoch 0: inverse train average loss 0.005146540804869599.
epoch 0: inverse test average loss 0.01224240909020106.
epoch 99: inverse train average loss 0.004175193969988161.
epoch 99: inverse test average loss 0.009974619166718589.
forward model: training agent 6.
Epoch 0: forward train average loss 0.018148580566048622.
epoch 0: forward test average loss 0.019032141400708094.
Epoch 99: forward train average loss 0.0013433872308168146.
epoch 99: forward test average loss 0.0034583439636561605.
inverse model, training agent 6.
epoch 0: inverse train average loss 0.0035460589764018855.
epoch 0: inverse test average loss 0.007153249242239528.
epoch 99: inverse train average loss 0.003016572652591599.
epoch 99: inverse test average loss 0.003531472912679116.
Policy training episode: 25, grounded actions taken: 821, last two uncertainties: {0: [0.0, 0.0], 1: [0.0, 0.0], 2: [0.0, 0.0], 3: [0.0, 0.0], 4: [0.0, 0.0], 5: [0.0, 0.0], 6: [0.0, 0.0]}, avg agent uncertainties: [0.0, 0.0, 0.0, 0.0, 0.0, 0.0, 0.0], grounded actions by agent: [105, 131, 107, 124, 118, 125, 111]
Policy training episode: 25, iteration 0/1, policy training avg travel time:84.25670751904605, q_loss:4.025943279266357, rewards:-2.903887939453125, queue:0.5043650793650793, delay:0.04867897033691406, throughput:3012
Sim Rollout episode:26/100, sim avg travel time:64.20669095727062, rewards:-2.5619444105360243, queue:0.4583333333333333, delay:0.04470580570281498, throughput:3012
Real rollout step:26/100, travel time:536.1923821820529, rewards:-39.749994574652774, queue:12.088888888888889, delay:0.25792880588107636, throughput:1088
forward model: training agent 0.
Epoch 0: forward train average loss 0.018594689667224884.
epoch 0: forward test average loss 0.017392906877729628.
Epoch 99: forward train average loss 0.0013299042410734627.
epoch 99: forward test average loss 0.0028444663104083803.
inverse model, training agent 0.
epoch 0: inverse train average loss 0.0014116280945017934.
epoch 0: inverse test average loss 0.010446231812238693.
epoch 99: inverse train average loss 0.0007266182090259261.
epoch 99: inverse test average loss 0.004495816512240304.
forward model: training agent 1.
Epoch 0: forward train average loss 0.01070815304087268.
epoch 0: forward test average loss 0.01046387768454022.
Epoch 99: forward train average loss 0.0012108217019380794.
epoch 99: forward test average loss 0.00344575351725022.
inverse model, training agent 1.
epoch 0: inverse train average loss 0.003809576750629478.
epoch 0: inverse test average loss 0.004500293069415622.
epoch 99: inverse train average loss 0.0022090508395598996.
epoch 99: inverse test average loss 0.006436978052887652.
forward model: training agent 2.
Epoch 0: forward train average loss 0.004282904219710165.
epoch 0: forward test average loss 0.003605916268295712.
Epoch 99: forward train average loss 0.0006541648698556754.
epoch 99: forward test average loss 0.0014089272978405158.
inverse model, training agent 2.
epoch 0: inverse train average loss 0.024490784025854535.
epoch 0: inverse test average loss 0.046041063136524625.
epoch 99: inverse train average loss 0.006902833469212055.
epoch 99: inverse test average loss 0.011313080373737548.
forward model: training agent 3.
Epoch 0: forward train average loss 0.029247822653916147.
epoch 0: forward test average loss 0.01600369976626502.
Epoch 99: forward train average loss 0.001037169234930641.
epoch 99: forward test average loss 0.003100819575289885.
inverse model, training agent 3.
epoch 0: inverse train average loss 0.023915496551328234.
epoch 0: inverse test average loss 0.03295339809523688.
epoch 99: inverse train average loss 0.005415535738898648.
epoch 99: inverse test average loss 0.007275354531076219.
forward model: training agent 4.
Epoch 0: forward train average loss 0.011736597037977643.
epoch 0: forward test average loss 0.012210152629348967.
Epoch 99: forward train average loss 0.00029099109168681834.
epoch 99: forward test average loss 0.0008484650299780899.
inverse model, training agent 4.
epoch 0: inverse train average loss 0.0070077768630451625.
epoch 0: inverse test average loss 0.013350311666727066.
epoch 99: inverse train average loss 0.004425721605204874.
epoch 99: inverse test average loss 0.010900609195232391.
forward model: training agent 5.
Epoch 0: forward train average loss 0.0012997824621076386.
epoch 0: forward test average loss 0.0019957215214769044.
Epoch 99: forward train average loss 0.0006335117569607166.
epoch 99: forward test average loss 0.0014029434985584682.
inverse model, training agent 5.
epoch 0: inverse train average loss 0.007809641253617074.
epoch 0: inverse test average loss 0.01178378818763627.
epoch 99: inverse train average loss 0.006120017264038324.
epoch 99: inverse test average loss 0.009940137465794882.
forward model: training agent 6.
Epoch 0: forward train average loss 0.003092176022215022.
epoch 0: forward test average loss 0.004329320043325424.
Epoch 99: forward train average loss 0.0011185048691307504.
epoch 99: forward test average loss 0.003006442967388365.
inverse model, training agent 6.
epoch 0: inverse train average loss 0.0031658606215690575.
epoch 0: inverse test average loss 0.007281288504600525.
epoch 99: inverse train average loss 0.002757616082413329.
epoch 99: inverse test average loss 0.00545241166320112.
Policy training episode: 26, grounded actions taken: 775, last two uncertainties: {0: [0.0, 0.0], 1: [0.0, 0.0], 2: [0.0, 0.0], 3: [0.0, 0.0], 4: [0.0, 0.0], 5: [0.0, 0.0], 6: [0.0, 0.0]}, avg agent uncertainties: [0.0, 0.0, 0.0, 0.0, 0.0, 0.0, 0.0], grounded actions by agent: [118, 117, 105, 100, 114, 101, 120]
Policy training episode: 26, iteration 0/1, policy training avg travel time:67.92251655629138, q_loss:4.2920122146606445, rewards:-2.3702772352430554, queue:0.4222222222222222, delay:0.04504070584736173, throughput:3012
Sim Rollout episode:27/100, sim avg travel time:69.24975157336867, rewards:-2.7016672770182293, queue:0.46111111111111114, delay:0.04779957968091208, throughput:3012
Real rollout step:27/100, travel time:930.9230769230769, rewards:-34.594997829861114, queue:16.1531746031746, delay:0.25423983619326634, throughput:646
forward model: training agent 0.
Epoch 0: forward train average loss 0.012559751980006695.
epoch 0: forward test average loss 0.012566839655240377.
Epoch 99: forward train average loss 0.0008946896349597308.
epoch 99: forward test average loss 0.00234667273859183.
inverse model, training agent 0.
epoch 0: inverse train average loss 0.0031866481941607264.
epoch 0: inverse test average loss 0.024129899425639048.
epoch 99: inverse train average loss 0.002288712706002924.
epoch 99: inverse test average loss 0.007389862090349197.
forward model: training agent 1.
Epoch 0: forward train average loss 0.015944613195541833.
epoch 0: forward test average loss 0.014358319342136383.
Epoch 99: forward train average loss 0.0004192731640715566.
epoch 99: forward test average loss 0.001994313413484229.
inverse model, training agent 1.
epoch 0: inverse train average loss 0.003162511003514131.
epoch 0: inverse test average loss 0.007768205470508999.
epoch 99: inverse train average loss 0.001912653265107009.
epoch 99: inverse test average loss 0.012460712757375505.
forward model: training agent 2.
Epoch 0: forward train average loss 0.0010217326279315683.
epoch 0: forward test average loss 0.0014534454999698533.
Epoch 99: forward train average loss 0.00041232036892324686.
epoch 99: forward test average loss 0.0005535430326643917.
inverse model, training agent 2.
epoch 0: inverse train average loss 0.019758939743041992.
epoch 0: inverse test average loss 0.03695317771699694.
epoch 99: inverse train average loss 0.006192996994488769.
epoch 99: inverse test average loss 0.011645443737506866.
forward model: training agent 3.
Epoch 0: forward train average loss 0.03498281010737022.
epoch 0: forward test average loss 0.013298052052656809.
Epoch 99: forward train average loss 0.0006005970709439781.
epoch 99: forward test average loss 0.0013288709386769268.
inverse model, training agent 3.
epoch 0: inverse train average loss 0.010304304771125317.
epoch 0: inverse test average loss 0.010521258744928572.
epoch 99: inverse train average loss 0.006874430924654007.
epoch 99: inverse test average loss 0.011845113088687262.
forward model: training agent 4.
Epoch 0: forward train average loss 0.002149888314306736.
epoch 0: forward test average loss 0.0027413558628824023.
Epoch 99: forward train average loss 0.0002091032834464891.
epoch 99: forward test average loss 0.0008404345458580388.
inverse model, training agent 4.
epoch 0: inverse train average loss 0.0070820630838473635.
epoch 0: inverse test average loss 0.007263702443904347.
epoch 99: inverse train average loss 0.004758353189875682.
epoch 99: inverse test average loss 0.009247812959882949.
forward model: training agent 5.
Epoch 0: forward train average loss 0.0009915961935702297.
epoch 0: forward test average loss 0.0013256128359999922.
Epoch 99: forward train average loss 0.0004585040086466405.
epoch 99: forward test average loss 0.0012864372175600794.
inverse model, training agent 5.
epoch 0: inverse train average loss 0.005850489458276166.
epoch 0: inverse test average loss 0.008090234672029814.
epoch 99: inverse train average loss 0.005638344627287652.
epoch 99: inverse test average loss 0.011452255563603507.
forward model: training agent 6.
Epoch 0: forward train average loss 0.002206111145723197.
epoch 0: forward test average loss 0.0030954107642173767.
Epoch 99: forward train average loss 0.0006896823825728563.
epoch 99: forward test average loss 0.0027604535635974673.
inverse model, training agent 6.
epoch 0: inverse train average loss 0.005072427344404989.
epoch 0: inverse test average loss 0.00746530294418335.
epoch 99: inverse train average loss 0.003444898614866866.
epoch 99: inverse test average loss 0.009906774179803.
Policy training episode: 27, grounded actions taken: 849, last two uncertainties: {0: [0.0, 0.0], 1: [0.0, 0.0], 2: [0.0, 0.0], 3: [0.0, 0.0], 4: [0.0, 0.0], 5: [0.0, 0.0], 6: [0.0, 0.0]}, avg agent uncertainties: [0.0, 0.0, 0.0, 0.0, 0.0, 0.0, 0.0], grounded actions by agent: [113, 127, 140, 123, 116, 114, 116]
Policy training episode: 27, iteration 0/1, policy training avg travel time:63.72549668874172, q_loss:4.331984519958496, rewards:-2.3130567762586804, queue:0.4218253968253968, delay:0.042656949966672866, throughput:3012
Sim Rollout episode:28/100, sim avg travel time:63.34282875124213, rewards:-2.204167005750868, queue:0.39246031746031745, delay:0.04339621407645089, throughput:3012
Real rollout step:28/100, travel time:807.2147859922179, rewards:-28.228333875868056, queue:15.54404761904762, delay:0.26202244834294397, throughput:771
forward model: training agent 0.
Epoch 0: forward train average loss 0.005685136136081483.
epoch 0: forward test average loss 0.006147221765584416.
Epoch 99: forward train average loss 0.0011659143751280175.
epoch 99: forward test average loss 0.002054398465487692.
inverse model, training agent 0.
epoch 0: inverse train average loss 0.0009090892078044513.
epoch 0: inverse test average loss 0.0011213462178905804.
epoch 99: inverse train average loss 0.00045727917555874836.
epoch 99: inverse test average loss 0.00011851871709546281.
forward model: training agent 1.
Epoch 0: forward train average loss 0.000989565962097711.
epoch 0: forward test average loss 0.0016513835742241805.
Epoch 99: forward train average loss 0.00043437483448845643.
epoch 99: forward test average loss 0.002364516051279174.
inverse model, training agent 1.
epoch 0: inverse train average loss 0.0058025626672638785.
epoch 0: inverse test average loss 0.00654924681617154.
epoch 99: inverse train average loss 0.00232978835184541.
epoch 99: inverse test average loss 0.002870518403748671.
forward model: training agent 2.
Epoch 0: forward train average loss 0.0004686983172885246.
epoch 0: forward test average loss 0.0007179770101275709.
Epoch 99: forward train average loss 0.0003964271680969331.
epoch 99: forward test average loss 0.00042139687057998445.
inverse model, training agent 2.
epoch 0: inverse train average loss 0.01095182696978251.
epoch 0: inverse test average loss 0.020641384439335927.
epoch 99: inverse train average loss 0.008020784084995588.
epoch 99: inverse test average loss 0.011083478728930155.
forward model: training agent 3.
Epoch 0: forward train average loss 0.0011360848374250862.
epoch 0: forward test average loss 0.0034880933041373887.
Epoch 99: forward train average loss 0.00048390338068000146.
epoch 99: forward test average loss 0.0022137869770328202.
inverse model, training agent 3.
epoch 0: inverse train average loss 0.007128094943861167.
epoch 0: inverse test average loss 0.011761181470420625.
epoch 99: inverse train average loss 0.004516787516574065.
epoch 99: inverse test average loss 0.006991869666510158.
forward model: training agent 4.
Epoch 0: forward train average loss 0.0003002209187899199.
epoch 0: forward test average loss 0.0006263550603762269.
Epoch 99: forward train average loss 0.0001413325921425389.
epoch 99: forward test average loss 0.0007852830975833866.
inverse model, training agent 4.
epoch 0: inverse train average loss 0.004953348026093509.
epoch 0: inverse test average loss 0.004100545930365722.
epoch 99: inverse train average loss 0.003050056803557608.
epoch 99: inverse test average loss 0.002924304145077864.
forward model: training agent 5.
Epoch 0: forward train average loss 0.0009748634054429001.
epoch 0: forward test average loss 0.0015679229982197285.
Epoch 99: forward train average loss 0.00047789803162838024.
epoch 99: forward test average loss 0.0015739859599206182.
inverse model, training agent 5.
epoch 0: inverse train average loss 0.00919283926486969.
epoch 0: inverse test average loss 0.015892372363143496.
epoch 99: inverse train average loss 0.007306232737998168.
epoch 99: inverse test average loss 0.010073698229259916.
forward model: training agent 6.
Epoch 0: forward train average loss 0.004333809897717502.
epoch 0: forward test average loss 0.008115835901763704.
Epoch 99: forward train average loss 0.0011873496308301885.
epoch 99: forward test average loss 0.0022928681121104294.
inverse model, training agent 6.
epoch 0: inverse train average loss 0.004453720007505681.
epoch 0: inverse test average loss 0.004889979337652524.
epoch 99: inverse train average loss 0.002656281097895569.
epoch 99: inverse test average loss 0.003337700023419327.
Policy training episode: 28, grounded actions taken: 842, last two uncertainties: {0: [0.0, 0.0], 1: [0.0, 0.0], 2: [0.0, 0.0], 3: [0.0, 0.0], 4: [0.0, 0.0], 5: [0.0, 0.0], 6: [0.0, 0.0]}, avg agent uncertainties: [0.0, 0.0, 0.0, 0.0, 0.0, 0.0, 0.0], grounded actions by agent: [119, 122, 116, 118, 136, 113, 118]
Policy training episode: 28, iteration 0/1, policy training avg travel time:65.08046357615893, q_loss:4.270879745483398, rewards:-2.39916754828559, queue:0.43333333333333335, delay:0.04517247033497644, throughput:3012
Sim Rollout episode:29/100, sim avg travel time:64.88083416087389, rewards:-3.0280548095703126, queue:0.5095238095238095, delay:0.05028394366067553, throughput:3012
Real rollout step:29/100, travel time:508.6398330351819, rewards:-37.937215169270836, queue:12.559126984126983, delay:0.2747188507564484, throughput:1207
forward model: training agent 0.
Epoch 0: forward train average loss 0.0032645464460882875.
epoch 0: forward test average loss 0.00517626665532589.
Epoch 99: forward train average loss 0.0013365500554856327.
epoch 99: forward test average loss 0.003114748228755262.
inverse model, training agent 0.
epoch 0: inverse train average loss 0.040919227732552424.
epoch 0: inverse test average loss 0.0789375834994846.
epoch 99: inverse train average loss 0.007132154268523057.
epoch 99: inverse test average loss 0.01012628608279758.
forward model: training agent 1.
Epoch 0: forward train average loss 0.009352725206149949.
epoch 0: forward test average loss 0.009959799547990164.
Epoch 99: forward train average loss 0.0015729578444734216.
epoch 99: forward test average loss 0.004478987927238147.
inverse model, training agent 1.
epoch 0: inverse train average loss 0.005261877448194557.
epoch 0: inverse test average loss 0.005892209501730071.
epoch 99: inverse train average loss 0.0022392243845388293.
epoch 99: inverse test average loss 0.014238105052047305.
forward model: training agent 2.
Epoch 0: forward train average loss 0.0025823977258470324.
epoch 0: forward test average loss 0.0038165063079860476.
Epoch 99: forward train average loss 0.0008098663529381156.
epoch 99: forward test average loss 0.0020494715621074042.
inverse model, training agent 2.
epoch 0: inverse train average loss 0.024831144760052364.
epoch 0: inverse test average loss 0.03169616891278161.
epoch 99: inverse train average loss 0.008442977339857154.
epoch 99: inverse test average loss 0.013298270189099841.
forward model: training agent 3.
Epoch 0: forward train average loss 0.07633831848700841.
epoch 0: forward test average loss 0.035344029466311135.
Epoch 99: forward train average loss 0.001716861216765311.
epoch 99: forward test average loss 0.003413429380291038.
inverse model, training agent 3.
epoch 0: inverse train average loss 0.014728231562508477.
epoch 0: inverse test average loss 0.021944257120291393.
epoch 99: inverse train average loss 0.004264791754798757.
epoch 99: inverse test average loss 0.004158576743470298.
forward model: training agent 4.
Epoch 0: forward train average loss 0.009891668645044168.
epoch 0: forward test average loss 0.010884858667850494.
Epoch 99: forward train average loss 0.0003935935221508973.
epoch 99: forward test average loss 0.000814649716226591.
inverse model, training agent 4.
epoch 0: inverse train average loss 0.008969167247414589.
epoch 0: inverse test average loss 0.014233674440119002.
epoch 99: inverse train average loss 0.004593688322024213.
epoch 99: inverse test average loss 0.007786428348885642.
forward model: training agent 5.
Epoch 0: forward train average loss 0.0018770707667701775.
epoch 0: forward test average loss 0.002422813947002093.
Epoch 99: forward train average loss 0.0006318205463079115.
epoch 99: forward test average loss 0.0017443916553424464.
inverse model, training agent 5.
epoch 0: inverse train average loss 0.006616919715371396.
epoch 0: inverse test average loss 0.008980964931348959.
epoch 99: inverse train average loss 0.00481344966424836.
epoch 99: inverse test average loss 0.007662339653405879.
forward model: training agent 6.
Epoch 0: forward train average loss 0.0032907527250548205.
epoch 0: forward test average loss 0.003828052224384414.
Epoch 99: forward train average loss 0.0010147998626861307.
epoch 99: forward test average loss 0.002853936308787929.
inverse model, training agent 6.
epoch 0: inverse train average loss 0.006409630289353017.
epoch 0: inverse test average loss 0.008505406892961927.
epoch 99: inverse train average loss 0.004163777714388238.
epoch 99: inverse test average loss 0.004611932776040501.
Policy training episode: 29, grounded actions taken: 826, last two uncertainties: {0: [0.0, 0.0], 1: [0.0, 0.0], 2: [0.0, 0.0], 3: [0.0, 0.0], 4: [0.0, 0.0], 5: [0.0, 0.0], 6: [0.0, 0.0]}, avg agent uncertainties: [0.0, 0.0, 0.0, 0.0, 0.0, 0.0, 0.0], grounded actions by agent: [113, 116, 128, 117, 119, 112, 121]
Policy training episode: 29, iteration 0/1, policy training avg travel time:64.16710787557909, q_loss:4.2646918296813965, rewards:-2.6205546061197915, queue:0.4575396825396825, delay:0.046510260445731026, throughput:3011
Sim Rollout episode:30/100, sim avg travel time:63.54686982444518, rewards:-1.8272216796875, queue:0.4396825396825397, delay:0.04015846555195157, throughput:3011
Real rollout step:30/100, travel time:822.1301261829653, rewards:-26.835270182291666, queue:15.459523809523809, delay:0.24771512954954117, throughput:760
forward model: training agent 0.
Epoch 0: forward train average loss 0.00208265264518559.
epoch 0: forward test average loss 0.002874488321443399.
Epoch 99: forward train average loss 0.0008482540983499752.
epoch 99: forward test average loss 0.002235324535932806.
inverse model, training agent 0.
epoch 0: inverse train average loss 0.01170694331328074.
epoch 0: inverse test average loss 0.014099719623724619.
epoch 99: inverse train average loss 0.0010813710978254676.
epoch 99: inverse test average loss 0.0010379799512318438.
forward model: training agent 1.
Epoch 0: forward train average loss 0.012128779095494084.
epoch 0: forward test average loss 0.009375289910369448.
Epoch 99: forward train average loss 0.0004356800151678423.
epoch 99: forward test average loss 0.001639578232748641.
inverse model, training agent 1.
epoch 0: inverse train average loss 0.0038855933170351717.
epoch 0: inverse test average loss 0.004569110771020253.
epoch 99: inverse train average loss 0.0024132540242539514.
epoch 99: inverse test average loss 0.007200724341803127.
forward model: training agent 2.
Epoch 0: forward train average loss 0.011153270749168264.
epoch 0: forward test average loss 0.00637910846206877.
Epoch 99: forward train average loss 0.0003794202089516653.
epoch 99: forward test average loss 0.00048751171885265247.
inverse model, training agent 2.
epoch 0: inverse train average loss 0.01929459472497304.
epoch 0: inverse test average loss 0.039219829771253795.
epoch 99: inverse train average loss 0.007428113785054948.
epoch 99: inverse test average loss 0.01797387997309367.
forward model: training agent 3.
Epoch 0: forward train average loss 0.03874718604816331.
epoch 0: forward test average loss 0.015121584137280783.
Epoch 99: forward train average loss 0.0005822415114380419.
epoch 99: forward test average loss 0.0015073703705436653.
inverse model, training agent 3.
epoch 0: inverse train average loss 0.0114666981001695.
epoch 0: inverse test average loss 0.017680068810780842.
epoch 99: inverse train average loss 0.0021869270519043007.
epoch 99: inverse test average loss 0.0032235713572137887.
forward model: training agent 4.
Epoch 0: forward train average loss 0.0028809942305088043.
epoch 0: forward test average loss 0.0027051658059159913.
Epoch 99: forward train average loss 0.00021441482305009331.
epoch 99: forward test average loss 0.0006169727227340142.
inverse model, training agent 4.
epoch 0: inverse train average loss 0.009921449857453505.
epoch 0: inverse test average loss 0.00958336993224091.
epoch 99: inverse train average loss 0.006493609502083725.
epoch 99: inverse test average loss 0.012210679550965628.
forward model: training agent 5.
Epoch 0: forward train average loss 0.0020182346925139427.
epoch 0: forward test average loss 0.001903179722527663.
Epoch 99: forward train average loss 0.00043754624978949624.
epoch 99: forward test average loss 0.0009951191022992134.
inverse model, training agent 5.
epoch 0: inverse train average loss 0.004646413183460633.
epoch 0: inverse test average loss 0.01195701335867246.
epoch 99: inverse train average loss 0.0038084018354614577.
epoch 99: inverse test average loss 0.013029887444443174.
forward model: training agent 6.
Epoch 0: forward train average loss 0.002372284342224399.
epoch 0: forward test average loss 0.003369034474922551.
Epoch 99: forward train average loss 0.0009340480383899477.
epoch 99: forward test average loss 0.0032910588714811537.
inverse model, training agent 6.
epoch 0: inverse train average loss 0.0038386661455863053.
epoch 0: inverse test average loss 0.007300345227122307.
epoch 99: inverse train average loss 0.0023138784389528963.
epoch 99: inverse test average loss 0.004556335715783967.
Policy training episode: 30, grounded actions taken: 861, last two uncertainties: {0: [0.0, 0.0], 1: [0.0, 0.0], 2: [0.0, 0.0], 3: [0.0, 0.0], 4: [0.0, 0.0], 5: [0.0, 0.0], 6: [0.0, 0.0]}, avg agent uncertainties: [0.0, 0.0, 0.0, 0.0, 0.0, 0.0, 0.0], grounded actions by agent: [128, 117, 116, 119, 128, 123, 130]
Policy training episode: 30, iteration 0/1, policy training avg travel time:63.64536423841059, q_loss:4.3796305656433105, rewards:-2.2777781168619793, queue:0.4107142857142857, delay:0.043032758198087176, throughput:3012
Sim Rollout episode:31/100, sim avg travel time:70.4430463576159, rewards:-4.327222696940104, queue:0.6206349206349207, delay:0.05315133352128286, throughput:3012
Real rollout step:31/100, travel time:754.8541984732824, rewards:-31.231388346354166, queue:15.757539682539683, delay:0.267205083937872, throughput:830
forward model: training agent 0.
Epoch 0: forward train average loss 0.0028221773294111094.
epoch 0: forward test average loss 0.003555297748082214.
Epoch 99: forward train average loss 0.0011473775116933717.
epoch 99: forward test average loss 0.002229527984228399.
inverse model, training agent 0.
epoch 0: inverse train average loss 0.010526762628513906.
epoch 0: inverse test average loss 0.006829058246997495.
epoch 99: inverse train average loss 0.0046269457994235885.
epoch 99: inverse test average loss 0.008674443595939212.
forward model: training agent 1.
Epoch 0: forward train average loss 0.0015001586483170588.
epoch 0: forward test average loss 0.001976016184522046.
Epoch 99: forward train average loss 0.00043939809418386884.
epoch 99: forward test average loss 0.002430450533413225.
inverse model, training agent 1.
epoch 0: inverse train average loss 0.003806321726491054.
epoch 0: inverse test average loss 0.008758284565475252.
epoch 99: inverse train average loss 0.0023608221931176055.
epoch 99: inverse test average loss 0.006153196924262577.
forward model: training agent 2.
Epoch 0: forward train average loss 0.0004712859323869149.
epoch 0: forward test average loss 0.0007505329687976175.
Epoch 99: forward train average loss 0.00037343720517431694.
epoch 99: forward test average loss 0.0005181456993644437.
inverse model, training agent 2.
epoch 0: inverse train average loss 0.011385593252877394.
epoch 0: inverse test average loss 0.01801466445128123.
epoch 99: inverse train average loss 0.008461518730554316.
epoch 99: inverse test average loss 0.017624024715688493.
forward model: training agent 3.
Epoch 0: forward train average loss 0.001775500105900897.
epoch 0: forward test average loss 0.002200383951680528.
Epoch 99: forward train average loss 0.0005624610025228725.
epoch 99: forward test average loss 0.00562040994150771.
inverse model, training agent 3.
epoch 0: inverse train average loss 0.025088817295100953.
epoch 0: inverse test average loss 0.033817865782313876.
epoch 99: inverse train average loss 0.004376368855850564.
epoch 99: inverse test average loss 0.0074233853568633395.
forward model: training agent 4.
Epoch 0: forward train average loss 0.00046351518378489546.
epoch 0: forward test average loss 0.0008915817209829887.
Epoch 99: forward train average loss 0.00016587008010699518.
epoch 99: forward test average loss 0.0009708477753318019.
inverse model, training agent 4.
epoch 0: inverse train average loss 0.007993070098261038.
epoch 0: inverse test average loss 0.016541540208790038.
epoch 99: inverse train average loss 0.0057957422816091115.
epoch 99: inverse test average loss 0.014351705296172036.
forward model: training agent 5.
Epoch 0: forward train average loss 0.001081201635921995.
epoch 0: forward test average loss 0.001378145327584611.
Epoch 99: forward train average loss 0.0005892589558950729.
epoch 99: forward test average loss 0.0014769916629625692.
inverse model, training agent 5.
epoch 0: inverse train average loss 0.004518506841527091.
epoch 0: inverse test average loss 0.006571238653527366.
epoch 99: inverse train average loss 0.003662025814669.
epoch 99: inverse test average loss 0.011718215627802743.
forward model: training agent 6.
Epoch 0: forward train average loss 0.0026092116410533586.
epoch 0: forward test average loss 0.0035642653496729005.
Epoch 99: forward train average loss 0.0010129614965990186.
epoch 99: forward test average loss 0.0032630464476015833.
inverse model, training agent 6.
epoch 0: inverse train average loss 0.005316498534133037.
epoch 0: inverse test average loss 0.014212985833485922.
epoch 99: inverse train average loss 0.003857414082934459.
epoch 99: inverse test average loss 0.004532125261094835.
Policy training episode: 31, grounded actions taken: 878, last two uncertainties: {0: [0.0, 0.0], 1: [0.0, 0.0], 2: [0.0, 0.0], 3: [0.0, 0.0], 4: [0.0, 0.0], 5: [0.0, 0.0], 6: [0.0, 0.0]}, avg agent uncertainties: [0.0, 0.0, 0.0, 0.0, 0.0, 0.0, 0.0], grounded actions by agent: [123, 120, 138, 122, 139, 114, 122]
Policy training episode: 31, iteration 0/1, policy training avg travel time:66.5190334326382, q_loss:4.5434041023254395, rewards:-3.218611314561632, queue:0.49404761904761907, delay:0.04775075155591208, throughput:3012
Sim Rollout episode:32/100, sim avg travel time:63.593843098311815, rewards:-2.390833028157552, queue:0.42777777777777776, delay:0.04501543196420821, throughput:3012
Real rollout step:32/100, travel time:950.3868169991327, rewards:-36.88639051649306, queue:16.51388888888889, delay:0.2664154537140377, throughput:625
forward model: training agent 0.
Epoch 0: forward train average loss 0.0059929102038343745.
epoch 0: forward test average loss 0.0047831181436777115.
Epoch 99: forward train average loss 0.0008669743547216058.
epoch 99: forward test average loss 0.0019932881308098636.
inverse model, training agent 0.
epoch 0: inverse train average loss 0.010179694845444627.
epoch 0: inverse test average loss 0.01477888971567154.
epoch 99: inverse train average loss 0.006763645137349765.
epoch 99: inverse test average loss 0.010208874113029905.
forward model: training agent 1.
Epoch 0: forward train average loss 0.0005846037982135183.
epoch 0: forward test average loss 0.0013602968408829635.
Epoch 99: forward train average loss 0.00033932593133714463.
epoch 99: forward test average loss 0.0008881492798941003.
inverse model, training agent 1.
epoch 0: inverse train average loss 0.0021955350465658638.
epoch 0: inverse test average loss 0.0029243468824360105.
epoch 99: inverse train average loss 0.001337765793626507.
epoch 99: inverse test average loss 0.002080527392940389.
forward model: training agent 2.
Epoch 0: forward train average loss 0.00036283260366568965.
epoch 0: forward test average loss 0.0005328693659976125.
Epoch 99: forward train average loss 0.0003398196745870842.
epoch 99: forward test average loss 0.00045794346240452595.
inverse model, training agent 2.
epoch 0: inverse train average loss 0.012202105174462.
epoch 0: inverse test average loss 0.015232048100895353.
epoch 99: inverse train average loss 0.0059896886555684935.
epoch 99: inverse test average loss 0.007966619605819384.
forward model: training agent 3.
Epoch 0: forward train average loss 0.0010541388635627097.
epoch 0: forward test average loss 0.0017713847984042433.
Epoch 99: forward train average loss 0.0004154467605985701.
epoch 99: forward test average loss 0.0011226293216976854.
inverse model, training agent 3.
epoch 0: inverse train average loss 0.013780890653530756.
epoch 0: inverse test average loss 0.015439233432213465.
epoch 99: inverse train average loss 0.002278540749102831.
epoch 99: inverse test average loss 0.001124378526583314.
forward model: training agent 4.
Epoch 0: forward train average loss 0.0003957165301673942.
epoch 0: forward test average loss 0.0009808427033325036.
Epoch 99: forward train average loss 0.000168872046439598.
epoch 99: forward test average loss 0.0006205199622652597.
inverse model, training agent 4.
epoch 0: inverse train average loss 0.008246843496130573.
epoch 0: inverse test average loss 0.013836640450689528.
epoch 99: inverse train average loss 0.006014764050228728.
epoch 99: inverse test average loss 0.006484519276354048.
forward model: training agent 5.
Epoch 0: forward train average loss 0.0009488823254489236.
epoch 0: forward test average loss 0.001565366414272123.
Epoch 99: forward train average loss 0.000435527672784196.
epoch 99: forward test average loss 0.001217555720359087.
inverse model, training agent 5.
epoch 0: inverse train average loss 0.004254867633183797.
epoch 0: inverse test average loss 0.01440364784664578.
epoch 99: inverse train average loss 0.0036244094371795654.
epoch 99: inverse test average loss 0.010827553768952688.
forward model: training agent 6.
Epoch 0: forward train average loss 0.0040313976092471015.
epoch 0: forward test average loss 0.005069544331894981.
Epoch 99: forward train average loss 0.0007216485165473488.
epoch 99: forward test average loss 0.0024046434296502005.
inverse model, training agent 6.
epoch 0: inverse train average loss 0.0033798145078536537.
epoch 0: inverse test average loss 0.005053257362710105.
epoch 99: inverse train average loss 0.0024631364891926446.
epoch 99: inverse test average loss 0.004164395646916496.
Policy training episode: 32, grounded actions taken: 776, last two uncertainties: {0: [0.0, 0.0], 1: [0.0, 0.0], 2: [0.0, 0.0], 3: [0.0, 0.0], 4: [0.0, 0.0], 5: [0.0, 0.0], 6: [0.0, 0.0]}, avg agent uncertainties: [0.0, 0.0, 0.0, 0.0, 0.0, 0.0, 0.0], grounded actions by agent: [110, 102, 104, 115, 120, 116, 109]
Policy training episode: 32, iteration 0/1, policy training avg travel time:66.06523178807947, q_loss:4.554351329803467, rewards:-2.473333570692274, queue:0.4630952380952381, delay:0.04629999493795728, throughput:3012
Sim Rollout episode:33/100, sim avg travel time:63.366225165562916, rewards:-2.013889397515191, queue:0.3956349206349206, delay:0.04207803029862661, throughput:3012
Real rollout step:33/100, travel time:969.9193689745837, rewards:-32.51527235243056, queue:15.886111111111111, delay:0.24184667193700396, throughput:610
forward model: training agent 0.
Epoch 0: forward train average loss 0.0017859989828947517.
epoch 0: forward test average loss 0.0024953496952851615.
Epoch 99: forward train average loss 0.0006724382983520627.
epoch 99: forward test average loss 0.001993349546359645.
inverse model, training agent 0.
epoch 0: inverse train average loss 0.006938755408757263.
epoch 0: inverse test average loss 0.008132146878374947.
epoch 99: inverse train average loss 0.0009430220557583703.
epoch 99: inverse test average loss 0.0020263949409127235.
forward model: training agent 1.
Epoch 0: forward train average loss 0.0009310117263036469.
epoch 0: forward test average loss 0.0012147376934687297.
Epoch 99: forward train average loss 0.00034819084814646177.
epoch 99: forward test average loss 0.0008408145254684819.
inverse model, training agent 1.
epoch 0: inverse train average loss 0.006573144139515029.
epoch 0: inverse test average loss 0.005441933973795838.
epoch 99: inverse train average loss 0.0033413334232237604.
epoch 99: inverse test average loss 0.0020699024704905846.
forward model: training agent 2.
Epoch 0: forward train average loss 0.0004027038424586256.
epoch 0: forward test average loss 0.000517727121607297.
Epoch 99: forward train average loss 0.00035480267251841724.
epoch 99: forward test average loss 0.0010597592530151208.
inverse model, training agent 2.
epoch 0: inverse train average loss 0.009580402945478758.
epoch 0: inverse test average loss 0.011252956257926093.
epoch 99: inverse train average loss 0.006945140038927396.
epoch 99: inverse test average loss 0.013038448161549039.
forward model: training agent 3.
Epoch 0: forward train average loss 0.0011233412790008718.
epoch 0: forward test average loss 0.002253294094569153.
Epoch 99: forward train average loss 0.0004022018919284973.
epoch 99: forward test average loss 0.0017467732541263103.
inverse model, training agent 3.
epoch 0: inverse train average loss 0.0028287044260650873.
epoch 0: inverse test average loss 0.0023999931290745735.
epoch 99: inverse train average loss 0.002314831932178802.
epoch 99: inverse test average loss 0.0020295825735148457.
forward model: training agent 4.
Epoch 0: forward train average loss 0.0005402736262314849.
epoch 0: forward test average loss 0.0008401648244924016.
Epoch 99: forward train average loss 0.00015395723878302507.
epoch 99: forward test average loss 0.0010159846860915422.
inverse model, training agent 4.
epoch 0: inverse train average loss 0.007044884583188428.
epoch 0: inverse test average loss 0.009688682854175568.
epoch 99: inverse train average loss 0.0053331008594897054.
epoch 99: inverse test average loss 0.008820752302805582.
forward model: training agent 5.
Epoch 0: forward train average loss 0.000808109917367498.
epoch 0: forward test average loss 0.0011961969753934278.
Epoch 99: forward train average loss 0.00042720265143240493.
epoch 99: forward test average loss 0.0009858350579937298.
inverse model, training agent 5.
epoch 0: inverse train average loss 0.0049971905536949635.
epoch 0: inverse test average loss 0.006221626109133164.
epoch 99: inverse train average loss 0.0038734339953710637.
epoch 99: inverse test average loss 0.011140777419010798.
forward model: training agent 6.
Epoch 0: forward train average loss 0.0014002844561926192.
epoch 0: forward test average loss 0.0019196867942810059.
Epoch 99: forward train average loss 0.0004707321835060914.
epoch 99: forward test average loss 0.0018140414936674966.
inverse model, training agent 6.
epoch 0: inverse train average loss 0.005218395445909765.
epoch 0: inverse test average loss 0.009581581172015931.
epoch 99: inverse train average loss 0.003619174524727795.
epoch 99: inverse test average loss 0.006649702166517575.
Policy training episode: 33, grounded actions taken: 822, last two uncertainties: {0: [0.0, 0.0], 1: [0.0, 0.0], 2: [0.0, 0.0], 3: [0.0, 0.0], 4: [0.0, 0.0], 5: [0.0, 0.0], 6: [0.0, 0.0]}, avg agent uncertainties: [0.0, 0.0, 0.0, 0.0, 0.0, 0.0, 0.0], grounded actions by agent: [123, 120, 115, 115, 106, 116, 127]
Policy training episode: 33, iteration 0/1, policy training avg travel time:63.304074196753895, q_loss:4.517562389373779, rewards:-2.334444512261285, queue:0.4031746031746032, delay:0.043442153930664064, throughput:3012
Sim Rollout episode:34/100, sim avg travel time:63.411258278145695, rewards:-2.3016672770182294, queue:0.42103174603174603, delay:0.04227782960921999, throughput:3012
Real rollout step:34/100, travel time:816.4544770504139, rewards:-34.71721462673611, queue:16.887698412698413, delay:0.25825079055059524, throughput:762
forward model: training agent 0.
Epoch 0: forward train average loss 0.011280978615913127.
epoch 0: forward test average loss 0.015542743934525384.
Epoch 99: forward train average loss 0.0009273646735689706.
epoch 99: forward test average loss 0.0029490808438923624.
inverse model, training agent 0.
epoch 0: inverse train average loss 0.0035211884727080664.
epoch 0: inverse test average loss 0.02077067146698634.
epoch 99: inverse train average loss 0.001709665430502759.
epoch 99: inverse test average loss 0.003851556477861272.
forward model: training agent 1.
Epoch 0: forward train average loss 0.0009358612846376167.
epoch 0: forward test average loss 0.00119145424105227.
Epoch 99: forward train average loss 0.00034583920043789677.
epoch 99: forward test average loss 0.0012058426832987203.
inverse model, training agent 1.
epoch 0: inverse train average loss 0.006426575593650341.
epoch 0: inverse test average loss 0.009829553878969617.
epoch 99: inverse train average loss 0.0012072295260926087.
epoch 99: inverse test average loss 0.007960784145527415.
forward model: training agent 2.
Epoch 0: forward train average loss 0.00041333956566328806.
epoch 0: forward test average loss 0.0007450045086443424.
Epoch 99: forward train average loss 0.00037299081709028944.
epoch 99: forward test average loss 0.0004602318965933389.
inverse model, training agent 2.
epoch 0: inverse train average loss 0.007053908788495594.
epoch 0: inverse test average loss 0.010686672396130033.
epoch 99: inverse train average loss 0.0052373638480073875.
epoch 99: inverse test average loss 0.00806759794553121.
forward model: training agent 3.
Epoch 0: forward train average loss 0.0015099478187039495.
epoch 0: forward test average loss 0.0029467823397782114.
Epoch 99: forward train average loss 0.00046107059784440533.
epoch 99: forward test average loss 0.0017096817803879578.
inverse model, training agent 3.
epoch 0: inverse train average loss 0.007690678971509139.
epoch 0: inverse test average loss 0.009649332612752914.
epoch 99: inverse train average loss 0.004325606498039431.
epoch 99: inverse test average loss 0.006830086310704549.
forward model: training agent 4.
Epoch 0: forward train average loss 0.0004925694536521203.
epoch 0: forward test average loss 0.000843387795612216.
Epoch 99: forward train average loss 0.00017393983499560918.
epoch 99: forward test average loss 0.0007234769355919627.
inverse model, training agent 4.
epoch 0: inverse train average loss 0.00745381238973803.
epoch 0: inverse test average loss 0.012399576604366302.
epoch 99: inverse train average loss 0.00598692066139645.
epoch 99: inverse test average loss 0.01074825558397505.
forward model: training agent 5.
Epoch 0: forward train average loss 0.0010514993401658204.
epoch 0: forward test average loss 0.001323993524743451.
Epoch 99: forward train average loss 0.0004892769308450321.
epoch 99: forward test average loss 0.0013156133807367748.
inverse model, training agent 5.
epoch 0: inverse train average loss 0.0036591821764078406.
epoch 0: inverse test average loss 0.004125461861905124.
epoch 99: inverse train average loss 0.0030227618602414927.
epoch 99: inverse test average loss 0.004295299864477581.
forward model: training agent 6.
Epoch 0: forward train average loss 0.009810846609373888.
epoch 0: forward test average loss 0.007960301720433764.
Epoch 99: forward train average loss 0.0011985006405868465.
epoch 99: forward test average loss 0.004610247392621305.
inverse model, training agent 6.
epoch 0: inverse train average loss 0.0036300573653231063.
epoch 0: inverse test average loss 0.005967537148131264.
epoch 99: inverse train average loss 0.0027416229455007445.
epoch 99: inverse test average loss 0.00479730601525969.
Policy training episode: 34, grounded actions taken: 896, last two uncertainties: {0: [0.0, 0.0], 1: [0.0, 0.0], 2: [0.0, 0.0], 3: [0.0, 0.0], 4: [0.0, 0.0], 5: [0.0, 0.0], 6: [0.0, 0.0]}, avg agent uncertainties: [0.0, 0.0, 0.0, 0.0, 0.0, 0.0, 0.0], grounded actions by agent: [123, 119, 139, 121, 133, 130, 131]
Policy training episode: 34, iteration 0/1, policy training avg travel time:63.20900960582974, q_loss:4.526519298553467, rewards:-2.178055826822917, queue:0.401984126984127, delay:0.0410682133265904, throughput:3012
Sim Rollout episode:35/100, sim avg travel time:63.67870155680689, rewards:-2.2708333333333335, queue:0.396031746031746, delay:0.0426489754328652, throughput:3012
Real rollout step:35/100, travel time:307.46114864864865, rewards:-27.162784830729166, queue:8.987301587301587, delay:0.20684121752542162, throughput:1524
forward model: training agent 0.
Epoch 0: forward train average loss 0.0022380350468059382.
epoch 0: forward test average loss 0.003321228445404106.
Epoch 99: forward train average loss 0.0013349185206202997.
epoch 99: forward test average loss 0.003703936313589414.
inverse model, training agent 0.
epoch 0: inverse train average loss 0.0027387030681388248.
epoch 0: inverse test average loss 0.0026871734040064942.
epoch 99: inverse train average loss 0.0014900015796431238.
epoch 99: inverse test average loss 0.0025577579314510026.
forward model: training agent 1.
Epoch 0: forward train average loss 0.007671786575681633.
epoch 0: forward test average loss 0.006893336772918701.
Epoch 99: forward train average loss 0.0018469960583994787.
epoch 99: forward test average loss 0.004967065321074592.
inverse model, training agent 1.
epoch 0: inverse train average loss 0.003981783947286506.
epoch 0: inverse test average loss 0.004853825188345379.
epoch 99: inverse train average loss 0.003047129682575663.
epoch 99: inverse test average loss 0.001840633029739062.
forward model: training agent 2.
Epoch 0: forward train average loss 0.006486269645392895.
epoch 0: forward test average loss 0.005304524261090491.
Epoch 99: forward train average loss 0.0006441356510751777.
epoch 99: forward test average loss 0.0021865665912628174.
inverse model, training agent 2.
epoch 0: inverse train average loss 0.022847947147157457.
epoch 0: inverse test average loss 0.037183855970700584.
epoch 99: inverse train average loss 0.002657340813635124.
epoch 99: inverse test average loss 0.003935761025382413.
forward model: training agent 3.
Epoch 0: forward train average loss 0.018305016888512507.
epoch 0: forward test average loss 0.01951392822795444.
Epoch 99: forward train average loss 0.0020569562135885158.
epoch 99: forward test average loss 0.003153646623508798.
inverse model, training agent 3.
epoch 0: inverse train average loss 0.003665359483824836.
epoch 0: inverse test average loss 0.005225760034388966.
epoch 99: inverse train average loss 0.0018776382914640838.
epoch 99: inverse test average loss 0.0017568935226235124.
forward model: training agent 4.
Epoch 0: forward train average loss 0.013025062986546092.
epoch 0: forward test average loss 0.013494447287586.
Epoch 99: forward train average loss 0.0005340208816859457.
epoch 99: forward test average loss 0.0008822167550937997.
inverse model, training agent 4.
epoch 0: inverse train average loss 0.006614087511681848.
epoch 0: inverse test average loss 0.01971083962255054.
epoch 99: inverse train average loss 0.00410642862940828.
epoch 99: inverse test average loss 0.010132654259602228.
forward model: training agent 5.
Epoch 0: forward train average loss 0.0011364328416271342.
epoch 0: forward test average loss 0.0019362739597757657.
Epoch 99: forward train average loss 0.0006889770221379069.
epoch 99: forward test average loss 0.002104411522547404.
inverse model, training agent 5.
epoch 0: inverse train average loss 0.005064541784425576.
epoch 0: inverse test average loss 0.0098869399064117.
epoch 99: inverse train average loss 0.003989695674843258.
epoch 99: inverse test average loss 0.005804325143496196.
forward model: training agent 6.
Epoch 0: forward train average loss 0.002934597277392944.
epoch 0: forward test average loss 0.00403358642425802.
Epoch 99: forward train average loss 0.0013442632431785266.
epoch 99: forward test average loss 0.004201720365219646.
inverse model, training agent 6.
epoch 0: inverse train average loss 0.004199450162963735.
epoch 0: inverse test average loss 0.004549338275359737.
epoch 99: inverse train average loss 0.003032388993435436.
epoch 99: inverse test average loss 0.004793528156975905.
Policy training episode: 35, grounded actions taken: 809, last two uncertainties: {0: [0.0, 0.0], 1: [0.0, 0.0], 2: [0.0, 0.0], 3: [0.0, 0.0], 4: [0.0, 0.0], 5: [0.0, 0.0], 6: [0.0, 0.0]}, avg agent uncertainties: [0.0, 0.0, 0.0, 0.0, 0.0, 0.0, 0.0], grounded actions by agent: [90, 120, 108, 126, 125, 123, 117]
Policy training episode: 35, iteration 0/1, policy training avg travel time:65.56854304635762, q_loss:4.3514556884765625, rewards:-2.309443834092882, queue:0.4357142857142857, delay:0.044705835978190105, throughput:3012
Sim Rollout episode:36/100, sim avg travel time:66.79708705726581, rewards:-2.225833299424913, queue:0.37142857142857144, delay:0.04244256095280723, throughput:3012
Real rollout step:36/100, travel time:743.5467052860246, rewards:-32.132221137152776, queue:16.193650793650793, delay:0.2496913364955357, throughput:823
forward model: training agent 0.
Epoch 0: forward train average loss 0.008781334488756128.
epoch 0: forward test average loss 0.009055135150750479.
Epoch 99: forward train average loss 0.001151439914893773.
epoch 99: forward test average loss 0.0029973083486159644.
inverse model, training agent 0.
epoch 0: inverse train average loss 0.017869253539376788.
epoch 0: inverse test average loss 0.01301587677638357.
epoch 99: inverse train average loss 0.00593378705283006.
epoch 99: inverse test average loss 0.00864337467485004.
forward model: training agent 1.
Epoch 0: forward train average loss 0.010491342904667059.
epoch 0: forward test average loss 0.017375928660233814.
Epoch 99: forward train average loss 0.0005379678267571661.
epoch 99: forward test average loss 0.001162805141777628.
inverse model, training agent 1.
epoch 0: inverse train average loss 0.0022891481251766286.
epoch 0: inverse test average loss 0.003395103332069185.
epoch 99: inverse train average loss 0.0010074577455978012.
epoch 99: inverse test average loss 0.01096807068420781.
forward model: training agent 2.
Epoch 0: forward train average loss 0.0060087004159059786.
epoch 0: forward test average loss 0.009404172913895713.
Epoch 99: forward train average loss 0.00048464219758494035.
epoch 99: forward test average loss 0.0007105713658448723.
inverse model, training agent 2.
epoch 0: inverse train average loss 0.013088147052460246.
epoch 0: inverse test average loss 0.021979130804538727.
epoch 99: inverse train average loss 0.005829393346276548.
epoch 99: inverse test average loss 0.012132420308060117.
forward model: training agent 3.
Epoch 0: forward train average loss 0.010647206981148984.
epoch 0: forward test average loss 0.013912758479515711.
Epoch 99: forward train average loss 0.0005706361747191598.
epoch 99: forward test average loss 0.0026045701363020474.
inverse model, training agent 3.
epoch 0: inverse train average loss 0.00271376707435896.
epoch 0: inverse test average loss 0.0033791325986385345.
epoch 99: inverse train average loss 0.0004552578708777825.
epoch 99: inverse test average loss 0.0007935551176261571.
forward model: training agent 4.
Epoch 0: forward train average loss 0.0025937308609071705.
epoch 0: forward test average loss 0.003009126004245546.
Epoch 99: forward train average loss 0.00021503290109750297.
epoch 99: forward test average loss 0.0004076101758982986.
inverse model, training agent 4.
epoch 0: inverse train average loss 0.0062533534235424465.
epoch 0: inverse test average loss 0.004687949808107482.
epoch 99: inverse train average loss 0.003614717370106114.
epoch 99: inverse test average loss 0.0027306650816980335.
forward model: training agent 5.
Epoch 0: forward train average loss 0.0019343652400291627.
epoch 0: forward test average loss 0.0021344006268514525.
Epoch 99: forward train average loss 0.0005092119358273016.
epoch 99: forward test average loss 0.0014455078894065486.
inverse model, training agent 5.
epoch 0: inverse train average loss 0.004017701346634163.
epoch 0: inverse test average loss 0.0053557057140602.
epoch 99: inverse train average loss 0.003028896792481343.
epoch 99: inverse test average loss 0.01086827160583602.
forward model: training agent 6.
Epoch 0: forward train average loss 0.005404959329300457.
epoch 0: forward test average loss 0.005900215150581466.
Epoch 99: forward train average loss 0.0013733997475355864.
epoch 99: forward test average loss 0.002803315615488423.
inverse model, training agent 6.
epoch 0: inverse train average loss 0.004232975680174099.
epoch 0: inverse test average loss 0.004806549184852176.
epoch 99: inverse train average loss 0.00395100237801671.
epoch 99: inverse test average loss 0.0031196471924583116.
Policy training episode: 36, grounded actions taken: 858, last two uncertainties: {0: [0.0, 0.0], 1: [0.0, 0.0], 2: [0.0, 0.0], 3: [0.0, 0.0], 4: [0.0, 0.0], 5: [0.0, 0.0], 6: [0.0, 0.0]}, avg agent uncertainties: [0.0, 0.0, 0.0, 0.0, 0.0, 0.0, 0.0], grounded actions by agent: [120, 126, 118, 118, 128, 117, 131]
Policy training episode: 36, iteration 0/1, policy training avg travel time:63.34580987081815, q_loss:4.433781147003174, rewards:-2.345832994249132, queue:0.3996031746031746, delay:0.04356868986099485, throughput:3012
Sim Rollout episode:37/100, sim avg travel time:63.1704733531943, rewards:-1.955555216471354, queue:0.36984126984126986, delay:0.04004048847016834, throughput:3012
Real rollout step:37/100, travel time:790.8604651162791, rewards:-29.165831163194444, queue:16.332539682539682, delay:0.25673033699156744, throughput:795
forward model: training agent 0.
Epoch 0: forward train average loss 0.0022150539637853703.
epoch 0: forward test average loss 0.0026641925796866417.
Epoch 99: forward train average loss 0.0008025312563404441.
epoch 99: forward test average loss 0.0023054013856583172.
inverse model, training agent 0.
epoch 0: inverse train average loss 0.00978449990765916.
epoch 0: inverse test average loss 0.011879515730672412.
epoch 99: inverse train average loss 0.000459244723768077.
epoch 99: inverse test average loss 0.002771148302902778.
forward model: training agent 1.
Epoch 0: forward train average loss 0.0011469347842244639.
epoch 0: forward test average loss 0.0016075423918664455.
Epoch 99: forward train average loss 0.0003269075209067927.
epoch 99: forward test average loss 0.0021796304111679396.
inverse model, training agent 1.
epoch 0: inverse train average loss 0.003194633845446838.
epoch 0: inverse test average loss 0.003699790272447798.
epoch 99: inverse train average loss 0.0016602102486002776.
epoch 99: inverse test average loss 0.005159956299596363.
forward model: training agent 2.
Epoch 0: forward train average loss 0.0004557421974216898.
epoch 0: forward test average loss 0.0009578561875969172.
Epoch 99: forward train average loss 0.00036358670008161827.
epoch 99: forward test average loss 0.0007797604840662745.
inverse model, training agent 2.
epoch 0: inverse train average loss 0.008340785072909461.
epoch 0: inverse test average loss 0.019814845588472154.
epoch 99: inverse train average loss 0.006760910256869263.
epoch 99: inverse test average loss 0.02346412671936883.
forward model: training agent 3.
Epoch 0: forward train average loss 0.0011517319621311293.
epoch 0: forward test average loss 0.0016834049278663264.
Epoch 99: forward train average loss 0.0003978954369409217.
epoch 99: forward test average loss 0.0013788971636030409.
inverse model, training agent 3.
epoch 0: inverse train average loss 0.0014846001803461048.
epoch 0: inverse test average loss 0.0021969935041852295.
epoch 99: inverse train average loss 0.0008874347937914232.
epoch 99: inverse test average loss 0.002144142183371716.
forward model: training agent 4.
Epoch 0: forward train average loss 0.00029807717591110204.
epoch 0: forward test average loss 0.0006781220436096191.
Epoch 99: forward train average loss 0.00015512500411003001.
epoch 99: forward test average loss 0.0004962542184835507.
inverse model, training agent 4.
epoch 0: inverse train average loss 0.007666589381794135.
epoch 0: inverse test average loss 0.018214483227994707.
epoch 99: inverse train average loss 0.005196716584679153.
epoch 99: inverse test average loss 0.010626074754529528.
forward model: training agent 5.
Epoch 0: forward train average loss 0.0011532161022639936.
epoch 0: forward test average loss 0.001991055595378081.
Epoch 99: forward train average loss 0.0005489151937783592.
epoch 99: forward test average loss 0.0016981601301166746.
inverse model, training agent 5.
epoch 0: inverse train average loss 0.003266554610389802.
epoch 0: inverse test average loss 0.004937559469706482.
epoch 99: inverse train average loss 0.002207186280025376.
epoch 99: inverse test average loss 0.004396126372739673.
forward model: training agent 6.
Epoch 0: forward train average loss 0.00470405366892616.
epoch 0: forward test average loss 0.00638901111152437.
Epoch 99: forward train average loss 0.0011266665662535364.
epoch 99: forward test average loss 0.003141437139776018.
inverse model, training agent 6.
epoch 0: inverse train average loss 0.00440946707708968.
epoch 0: inverse test average loss 0.012636038992140029.
epoch 99: inverse train average loss 0.003474493847332067.
epoch 99: inverse test average loss 0.0075751592715581255.
Policy training episode: 37, grounded actions taken: 863, last two uncertainties: {0: [0.0, 0.0], 1: [0.0, 0.0], 2: [0.0, 0.0], 3: [0.0, 0.0], 4: [0.0, 0.0], 5: [0.0, 0.0], 6: [0.0, 0.0]}, avg agent uncertainties: [0.0, 0.0, 0.0, 0.0, 0.0, 0.0, 0.0], grounded actions by agent: [126, 115, 137, 113, 124, 137, 111]
Policy training episode: 37, iteration 0/1, policy training avg travel time:63.17251655629139, q_loss:4.360902786254883, rewards:-2.0572214762369794, queue:0.3821428571428571, delay:0.04130553290957496, throughput:3011
Sim Rollout episode:38/100, sim avg travel time:66.04470198675497, rewards:-2.167777845594618, queue:0.3813492063492063, delay:0.042140300690181674, throughput:3012
Real rollout step:38/100, travel time:798.487894350697, rewards:-31.098600260416667, queue:16.777380952380952, delay:0.2674129909939236, throughput:794
forward model: training agent 0.
Epoch 0: forward train average loss 0.0035437773395743635.
epoch 0: forward test average loss 0.003467799371315373.
Epoch 99: forward train average loss 0.0008680208249845438.
epoch 99: forward test average loss 0.0022056324200497735.
inverse model, training agent 0.
epoch 0: inverse train average loss 0.026938009593221877.
epoch 0: inverse test average loss 0.051099409659703575.
epoch 99: inverse train average loss 0.0060390013580520945.
epoch 99: inverse test average loss 0.00972973389758004.
forward model: training agent 1.
Epoch 0: forward train average loss 0.00135081950833814.
epoch 0: forward test average loss 0.00230671258436309.
Epoch 99: forward train average loss 0.000403986014943156.
epoch 99: forward test average loss 0.0017083404689199394.
inverse model, training agent 1.
epoch 0: inverse train average loss 0.0028236707827697196.
epoch 0: inverse test average loss 0.006735994377070003.
epoch 99: inverse train average loss 0.001567773663231896.
epoch 99: inverse test average loss 0.003170739859342575.
forward model: training agent 2.
Epoch 0: forward train average loss 0.0005216179674284325.
epoch 0: forward test average loss 0.0009378822934296397.
Epoch 99: forward train average loss 0.00036451084694514674.
epoch 99: forward test average loss 0.0008506299410429266.
inverse model, training agent 2.
epoch 0: inverse train average loss 0.020611850544810295.
epoch 0: inverse test average loss 0.04411886466874017.
epoch 99: inverse train average loss 0.005212612294902404.
epoch 99: inverse test average loss 0.018977131694555283.
forward model: training agent 3.
Epoch 0: forward train average loss 0.001400784253039294.
epoch 0: forward test average loss 0.0024529086011979315.
Epoch 99: forward train average loss 0.0004669023328460753.
epoch 99: forward test average loss 0.004521753432022201.
inverse model, training agent 3.
epoch 0: inverse train average loss 0.0015995996590289804.
epoch 0: inverse test average loss 0.0013478250346250003.
epoch 99: inverse train average loss 0.0010502808533298473.
epoch 99: inverse test average loss 0.0011744597512814733.
forward model: training agent 4.
Epoch 0: forward train average loss 0.0003550622980886449.
epoch 0: forward test average loss 0.0007119867950677872.
Epoch 99: forward train average loss 0.00018243649133688046.
epoch 99: forward test average loss 0.0005024438982622491.
inverse model, training agent 4.
epoch 0: inverse train average loss 0.006533719599246979.
epoch 0: inverse test average loss 0.010530272291766273.
epoch 99: inverse train average loss 0.004690627567470074.
epoch 99: inverse test average loss 0.006255993826521767.
forward model: training agent 5.
Epoch 0: forward train average loss 0.0009354209113452169.
epoch 0: forward test average loss 0.0011280430998239252.
Epoch 99: forward train average loss 0.0004718888085335493.
epoch 99: forward test average loss 0.0011645179862777393.
inverse model, training agent 5.
epoch 0: inverse train average loss 0.0033514637293087114.
epoch 0: inverse test average loss 0.0101849182198445.
epoch 99: inverse train average loss 0.002398450186269151.
epoch 99: inverse test average loss 0.002845098316255543.
forward model: training agent 6.
Epoch 0: forward train average loss 0.00503514324211412.
epoch 0: forward test average loss 0.006731769483950403.
Epoch 99: forward train average loss 0.0010125503952925403.
epoch 99: forward test average loss 0.0026799337938427925.
inverse model, training agent 6.
epoch 0: inverse train average loss 0.006007602334850364.
epoch 0: inverse test average loss 0.012138274187843004.
epoch 99: inverse train average loss 0.004652244763241874.
epoch 99: inverse test average loss 0.004602557099941704.
Policy training episode: 38, grounded actions taken: 846, last two uncertainties: {0: [0.0, 0.0], 1: [0.0, 0.0], 2: [0.0, 0.0], 3: [0.0, 0.0], 4: [0.0, 0.0], 5: [0.0, 0.0], 6: [0.0, 0.0]}, avg agent uncertainties: [0.0, 0.0, 0.0, 0.0, 0.0, 0.0, 0.0], grounded actions by agent: [125, 139, 112, 119, 119, 105, 127]
Policy training episode: 38, iteration 0/1, policy training avg travel time:64.67108314011261, q_loss:4.254347324371338, rewards:-2.344722154405382, queue:0.43333333333333335, delay:0.04407526046510727, throughput:3012
Sim Rollout episode:39/100, sim avg travel time:74.27582781456954, rewards:-2.9786119249131944, queue:0.5166666666666667, delay:0.04907226259746249, throughput:3012
Real rollout step:39/100, travel time:716.0797987059669, rewards:-28.77638888888889, queue:16.201190476190476, delay:0.2554968455481151, throughput:838
forward model: training agent 0.
Epoch 0: forward train average loss 0.003253877576854494.
epoch 0: forward test average loss 0.004199115352498161.
Epoch 99: forward train average loss 0.0008753105066716671.
epoch 99: forward test average loss 0.001856757224433952.
inverse model, training agent 0.
epoch 0: inverse train average loss 0.007260799304478698.
epoch 0: inverse test average loss 0.010800860822200775.
epoch 99: inverse train average loss 0.0020847825540436637.
epoch 99: inverse test average loss 0.003068329559432136.
forward model: training agent 1.
Epoch 0: forward train average loss 0.001214536126806504.
epoch 0: forward test average loss 0.001976961839116282.
Epoch 99: forward train average loss 0.00042598807097723085.
epoch 99: forward test average loss 0.0019096253025862905.
inverse model, training agent 1.
epoch 0: inverse train average loss 0.0032918520478738677.
epoch 0: inverse test average loss 0.004052811716165807.
epoch 99: inverse train average loss 0.0019283936255508.
epoch 99: inverse test average loss 0.0016744672320783138.
forward model: training agent 2.
Epoch 0: forward train average loss 0.0006406205421727565.
epoch 0: forward test average loss 0.0008795114958451854.
Epoch 99: forward train average loss 0.000381183493623717.
epoch 99: forward test average loss 0.0006562511229680644.
inverse model, training agent 2.
epoch 0: inverse train average loss 0.006633042461342282.
epoch 0: inverse test average loss 0.014909704526265463.
epoch 99: inverse train average loss 0.004917252136187421.
epoch 99: inverse test average loss 0.00821788753900263.
forward model: training agent 3.
Epoch 0: forward train average loss 0.001895798577202691.
epoch 0: forward test average loss 0.0023043485772278574.
Epoch 99: forward train average loss 0.0005735789697306851.
epoch 99: forward test average loss 0.0018390493674410714.
inverse model, training agent 3.
epoch 0: inverse train average loss 0.0037580583658483294.
epoch 0: inverse test average loss 0.002699271297185785.
epoch 99: inverse train average loss 0.0019301589733610551.
epoch 99: inverse test average loss 0.0011437827617757851.
forward model: training agent 4.
Epoch 0: forward train average loss 0.0006861900522684058.
epoch 0: forward test average loss 0.0013117288342780536.
Epoch 99: forward train average loss 0.00012151745775352335.
epoch 99: forward test average loss 0.0006183378605378999.
inverse model, training agent 4.
epoch 0: inverse train average loss 0.007683240808546543.
epoch 0: inverse test average loss 0.009130241659780344.
epoch 99: inverse train average loss 0.005019256896856759.
epoch 99: inverse test average loss 0.01986662381225162.
forward model: training agent 5.
Epoch 0: forward train average loss 0.0010669747134670615.
epoch 0: forward test average loss 0.0014412870320181053.
Epoch 99: forward train average loss 0.0004912490581369235.
epoch 99: forward test average loss 0.0015353639610111713.
inverse model, training agent 5.
epoch 0: inverse train average loss 0.00430893132256137.
epoch 0: inverse test average loss 0.006951035310824712.
epoch 99: inverse train average loss 0.0030596526080949437.
epoch 99: inverse test average loss 0.002955786392299665.
forward model: training agent 6.
Epoch 0: forward train average loss 0.0035435628766814866.
epoch 0: forward test average loss 0.004378873647914993.
Epoch 99: forward train average loss 0.0010931448390086491.
epoch 99: forward test average loss 0.00327225091556708.
inverse model, training agent 6.
epoch 0: inverse train average loss 0.006793103387786282.
epoch 0: inverse test average loss 0.010558411478996277.
epoch 99: inverse train average loss 0.004700595047324896.
epoch 99: inverse test average loss 0.004993104168938266.
Policy training episode: 39, grounded actions taken: 828, last two uncertainties: {0: [0.0, 0.0], 1: [0.0, 0.0], 2: [0.0, 0.0], 3: [0.0, 0.0], 4: [0.0, 0.0], 5: [0.0, 0.0], 6: [0.0, 0.0]}, avg agent uncertainties: [0.0, 0.0, 0.0, 0.0, 0.0, 0.0, 0.0], grounded actions by agent: [115, 121, 118, 128, 109, 110, 127]
Policy training episode: 39, iteration 0/1, policy training avg travel time:67.21291390728477, q_loss:4.288508415222168, rewards:-2.521944851345486, queue:0.4253968253968254, delay:0.04461044129871187, throughput:3012
Sim Rollout episode:40/100, sim avg travel time:72.15430463576159, rewards:-2.6388892279730904, queue:0.48253968253968255, delay:0.04636580149332682, throughput:3012
Real rollout step:40/100, travel time:722.9669603524229, rewards:-22.912223307291665, queue:15.467063492063492, delay:0.24875076536148313, throughput:846
forward model: training agent 0.
Epoch 0: forward train average loss 0.0025720474982841145.
epoch 0: forward test average loss 0.0038723651733663348.
Epoch 99: forward train average loss 0.001051375888184541.
epoch 99: forward test average loss 0.002060293530424436.
inverse model, training agent 0.
epoch 0: inverse train average loss 0.006930637897716628.
epoch 0: inverse test average loss 0.015291452407836914.
epoch 99: inverse train average loss 0.0047594534957574475.
epoch 99: inverse test average loss 0.010193488250176111.
forward model: training agent 1.
Epoch 0: forward train average loss 0.0011255725985392928.
epoch 0: forward test average loss 0.0018378772979809178.
Epoch 99: forward train average loss 0.0002995630040661328.
epoch 99: forward test average loss 0.0010408611657718818.
inverse model, training agent 1.
epoch 0: inverse train average loss 0.00221882372473677.
epoch 0: inverse test average loss 0.004169330311318238.
epoch 99: inverse train average loss 0.0008829653379507363.
epoch 99: inverse test average loss 0.0006585317832003864.
forward model: training agent 2.
Epoch 0: forward train average loss 0.0004031426894168059.
epoch 0: forward test average loss 0.0005952667496684524.
Epoch 99: forward train average loss 0.0003296352353774839.
epoch 99: forward test average loss 0.0004069527624071472.
inverse model, training agent 2.
epoch 0: inverse train average loss 0.016505852341651917.
epoch 0: inverse test average loss 0.02377859006325404.
epoch 99: inverse train average loss 0.005320237949490547.
epoch 99: inverse test average loss 0.01112386460105578.
forward model: training agent 3.
Epoch 0: forward train average loss 0.0011541878726954262.
epoch 0: forward test average loss 0.0022860075243645245.
Epoch 99: forward train average loss 0.00039001941655038134.
epoch 99: forward test average loss 0.001769990608510044.
inverse model, training agent 3.
epoch 0: inverse train average loss 0.005762279551062319.
epoch 0: inverse test average loss 0.01919074108203252.
epoch 99: inverse train average loss 0.0036677071928150123.
epoch 99: inverse test average loss 0.00554207515799337.
forward model: training agent 4.
Epoch 0: forward train average loss 0.000407866551540792.
epoch 0: forward test average loss 0.0007488181452370352.
Epoch 99: forward train average loss 0.00017120760619743832.
epoch 99: forward test average loss 0.0007300671552204423.
inverse model, training agent 4.
epoch 0: inverse train average loss 0.0075370244060953455.
epoch 0: inverse test average loss 0.006779644845260514.
epoch 99: inverse train average loss 0.003542395515574349.
epoch 99: inverse test average loss 0.0056704699786172975.
forward model: training agent 5.
Epoch 0: forward train average loss 0.0008673355267900559.
epoch 0: forward test average loss 0.001870380404094855.
Epoch 99: forward train average loss 0.0004977195575419399.
epoch 99: forward test average loss 0.0017300302473207314.
inverse model, training agent 5.
epoch 0: inverse train average loss 0.002997382725071576.
epoch 0: inverse test average loss 0.01280488839579953.
epoch 99: inverse train average loss 0.0025016992456383174.
epoch 99: inverse test average loss 0.010097787198093202.
forward model: training agent 6.
Epoch 0: forward train average loss 0.00312816822487447.
epoch 0: forward test average loss 0.005161678004595969.
Epoch 99: forward train average loss 0.001012746697395212.
epoch 99: forward test average loss 0.002615559949643082.
inverse model, training agent 6.
epoch 0: inverse train average loss 0.006000441602534718.
epoch 0: inverse test average loss 0.005348386863867442.
epoch 99: inverse train average loss 0.0032060182808587947.
epoch 99: inverse test average loss 0.005705980790985955.
Policy training episode: 40, grounded actions taken: 855, last two uncertainties: {0: [0.0, 0.0], 1: [0.0, 0.0], 2: [0.0, 0.0], 3: [0.0, 0.0], 4: [0.0, 0.0], 5: [0.0, 0.0], 6: [0.0, 0.0]}, avg agent uncertainties: [0.0, 0.0, 0.0, 0.0, 0.0, 0.0, 0.0], grounded actions by agent: [103, 115, 120, 108, 145, 140, 124]
Policy training episode: 40, iteration 0/1, policy training avg travel time:67.1523178807947, q_loss:4.28096866607666, rewards:-2.4905546400282117, queue:0.4158730158730159, delay:0.04412362234933036, throughput:3012
Sim Rollout episode:41/100, sim avg travel time:73.38112582781457, rewards:-2.666945054796007, queue:0.46746031746031746, delay:0.047123294406467016, throughput:3012
Real rollout step:41/100, travel time:797.9811912225705, rewards:-25.691389973958334, queue:16.280555555555555, delay:0.23611682710193452, throughput:784
forward model: training agent 0.
Epoch 0: forward train average loss 0.006336467444068856.
epoch 0: forward test average loss 0.008591241306728788.
Epoch 99: forward train average loss 0.0010386609291243884.
epoch 99: forward test average loss 0.0018405553160442247.
inverse model, training agent 0.
epoch 0: inverse train average loss 0.004196950700134039.
epoch 0: inverse test average loss 0.003153738151821825.
epoch 99: inverse train average loss 0.002391490335058835.
epoch 99: inverse test average loss 0.005884644678897328.
forward model: training agent 1.
Epoch 0: forward train average loss 0.0004040681815240532.
epoch 0: forward test average loss 0.0013375571514997217.
Epoch 99: forward train average loss 0.00030741987090247375.
epoch 99: forward test average loss 0.0013521230883068508.
inverse model, training agent 1.
epoch 0: inverse train average loss 0.0023932420364063648.
epoch 0: inverse test average loss 0.002770541028843986.
epoch 99: inverse train average loss 0.0010813523549586535.
epoch 99: inverse test average loss 0.005673353249828021.
forward model: training agent 2.
Epoch 0: forward train average loss 0.00037935871579166915.
epoch 0: forward test average loss 0.0007689689130832752.
Epoch 99: forward train average loss 0.000339996900745771.
epoch 99: forward test average loss 0.00042225867057115666.
inverse model, training agent 2.
epoch 0: inverse train average loss 0.008629963422815004.
epoch 0: inverse test average loss 0.009942869345347086.
epoch 99: inverse train average loss 0.006428944981760449.
epoch 99: inverse test average loss 0.009520091944270663.
forward model: training agent 3.
Epoch 0: forward train average loss 0.0010484763835039404.
epoch 0: forward test average loss 0.0016487463791337279.
Epoch 99: forward train average loss 0.0003675799267107828.
epoch 99: forward test average loss 0.001151620824303892.
inverse model, training agent 3.
epoch 0: inverse train average loss 0.004250790768613418.
epoch 0: inverse test average loss 0.012385172562466728.
epoch 99: inverse train average loss 0.003115433371729321.
epoch 99: inverse test average loss 0.009420221050580343.
forward model: training agent 4.
Epoch 0: forward train average loss 0.00028165251973809465.
epoch 0: forward test average loss 0.0007306818281196886.
Epoch 99: forward train average loss 0.00016201369968863824.
epoch 99: forward test average loss 0.0005206433900942405.
inverse model, training agent 4.
epoch 0: inverse train average loss 0.006542677680651347.
epoch 0: inverse test average loss 0.011662350760565864.
epoch 99: inverse train average loss 0.004352055438276794.
epoch 99: inverse test average loss 0.0093174676100413.
forward model: training agent 5.
Epoch 0: forward train average loss 0.0011899965789376034.
epoch 0: forward test average loss 0.001574831238637368.
Epoch 99: forward train average loss 0.0004800787169693245.
epoch 99: forward test average loss 0.0015450029944380124.
inverse model, training agent 5.
epoch 0: inverse train average loss 0.004255629506789976.
epoch 0: inverse test average loss 0.01018687461813291.
epoch 99: inverse train average loss 0.003027052308122317.
epoch 99: inverse test average loss 0.010963694502909979.
forward model: training agent 6.
Epoch 0: forward train average loss 0.008640159024960466.
epoch 0: forward test average loss 0.010515641007158492.
Epoch 99: forward train average loss 0.0010215773040221797.
epoch 99: forward test average loss 0.004025394717852275.
inverse model, training agent 6.
epoch 0: inverse train average loss 0.007397957146167755.
epoch 0: inverse test average loss 0.009716070774528716.
epoch 99: inverse train average loss 0.0046379656220475836.
epoch 99: inverse test average loss 0.008052017332779037.
Policy training episode: 41, grounded actions taken: 792, last two uncertainties: {0: [0.0, 0.0], 1: [0.0, 0.0], 2: [0.0, 0.0], 3: [0.0, 0.0], 4: [0.0, 0.0], 5: [0.0, 0.0], 6: [0.0, 0.0]}, avg agent uncertainties: [0.0, 0.0, 0.0, 0.0, 0.0, 0.0, 0.0], grounded actions by agent: [115, 102, 112, 108, 123, 118, 114]
Policy training episode: 41, iteration 0/1, policy training avg travel time:69.33300231711354, q_loss:4.17807149887085, rewards:-2.5086107042100694, queue:0.45515873015873015, delay:0.04546993497818235, throughput:3012
Sim Rollout episode:42/100, sim avg travel time:65.20264900662252, rewards:-2.320554945203993, queue:0.396031746031746, delay:0.041981445796906, throughput:3011
Real rollout step:42/100, travel time:778.4901812688822, rewards:-34.252772352430554, queue:16.13968253968254, delay:0.2591089400034102, throughput:813
forward model: training agent 0.
Epoch 0: forward train average loss 0.0032455933073328603.
epoch 0: forward test average loss 0.003956888077987565.
Epoch 99: forward train average loss 0.0007687466115587287.
epoch 99: forward test average loss 0.0016878911604483922.
inverse model, training agent 0.
epoch 0: inverse train average loss 0.0019959203329765135.
epoch 0: inverse test average loss 0.004494734729329745.
epoch 99: inverse train average loss 9.10964310049975e-06.
epoch 99: inverse test average loss 0.002194087732479804.
forward model: training agent 1.
Epoch 0: forward train average loss 0.001142764153579871.
epoch 0: forward test average loss 0.0014461496224006016.
Epoch 99: forward train average loss 0.000346287263609055.
epoch 99: forward test average loss 0.0006254543032911089.
inverse model, training agent 1.
epoch 0: inverse train average loss 0.0017778979575571914.
epoch 0: inverse test average loss 0.0023084160574297938.
epoch 99: inverse train average loss 0.0008569376853605112.
epoch 99: inverse test average loss 0.004184237991770108.
forward model: training agent 2.
Epoch 0: forward train average loss 0.00046244420809671283.
epoch 0: forward test average loss 0.0006992958434340027.
Epoch 99: forward train average loss 0.0003244712909994026.
epoch 99: forward test average loss 0.0006838704511109325.
inverse model, training agent 2.
epoch 0: inverse train average loss 0.008753545996215608.
epoch 0: inverse test average loss 0.014812529914908938.
epoch 99: inverse train average loss 0.006039425627224975.
epoch 99: inverse test average loss 0.010250113490555022.
forward model: training agent 3.
Epoch 0: forward train average loss 0.0012119237411146362.
epoch 0: forward test average loss 0.0020839559017784065.
Epoch 99: forward train average loss 0.0004148874173147811.
epoch 99: forward test average loss 0.001330819550073809.
inverse model, training agent 3.
epoch 0: inverse train average loss 0.004886425876369079.
epoch 0: inverse test average loss 0.013587557193305757.
epoch 99: inverse train average loss 0.003144888724717829.
epoch 99: inverse test average loss 0.004653824907210138.
forward model: training agent 4.
Epoch 0: forward train average loss 0.00034117830606798333.
epoch 0: forward test average loss 0.0007269271235499117.
Epoch 99: forward train average loss 0.00015442122174944315.
epoch 99: forward test average loss 0.0005478008339802424.
inverse model, training agent 4.
epoch 0: inverse train average loss 0.005406481006907092.
epoch 0: inverse test average loss 0.0039789023705654675.
epoch 99: inverse train average loss 0.00404215676503049.
epoch 99: inverse test average loss 0.005498664453625679.
forward model: training agent 5.
Epoch 0: forward train average loss 0.0011139170835829442.
epoch 0: forward test average loss 0.0025737378746271133.
Epoch 99: forward train average loss 0.0005081590239165558.
epoch 99: forward test average loss 0.0012175764164163007.
inverse model, training agent 5.
epoch 0: inverse train average loss 0.002968419162142608.
epoch 0: inverse test average loss 0.0059303852419058485.
epoch 99: inverse train average loss 0.002688553649932146.
epoch 99: inverse test average loss 0.004784564746336805.
forward model: training agent 6.
Epoch 0: forward train average loss 0.003909671420438422.
epoch 0: forward test average loss 0.0048053208738565445.
Epoch 99: forward train average loss 0.0010436191999663909.
epoch 99: forward test average loss 0.004271528269681666.
inverse model, training agent 6.
epoch 0: inverse train average loss 0.0052992114797234535.
epoch 0: inverse test average loss 0.0038380740831295648.
epoch 99: inverse train average loss 0.004132649136914147.
epoch 99: inverse test average loss 0.005462309966484706.
Policy training episode: 42, grounded actions taken: 879, last two uncertainties: {0: [0.0, 0.0], 1: [0.0, 0.0], 2: [0.0, 0.0], 3: [0.0, 0.0], 4: [0.0, 0.0], 5: [0.0, 0.0], 6: [0.0, 0.0]}, avg agent uncertainties: [0.0, 0.0, 0.0, 0.0, 0.0, 0.0, 0.0], grounded actions by agent: [126, 134, 128, 125, 119, 121, 126]
Policy training episode: 42, iteration 0/1, policy training avg travel time:75.32373386295929, q_loss:4.297300338745117, rewards:-2.41277838812934, queue:0.45, delay:0.04597896999782986, throughput:3012
Sim Rollout episode:43/100, sim avg travel time:66.02384105960265, rewards:-2.503334214952257, queue:0.4662698412698413, delay:0.0441565922328404, throughput:3011
Real rollout step:43/100, travel time:688.661090909091, rewards:-25.422490776909722, queue:15.15, delay:0.2513331821986607, throughput:865
forward model: training agent 0.
Epoch 0: forward train average loss 0.002479565433330006.
epoch 0: forward test average loss 0.0031858192135890326.
Epoch 99: forward train average loss 0.0009500374112071262.
epoch 99: forward test average loss 0.0013718888577487734.
inverse model, training agent 0.
epoch 0: inverse train average loss 0.0005522988153138107.
epoch 0: inverse test average loss 1.1001891026454461e-05.
epoch 99: inverse train average loss 0.00011751355001858126.
epoch 99: inverse test average loss 1.8141289729101118e-05.
forward model: training agent 1.
Epoch 0: forward train average loss 0.0012298842452259527.
epoch 0: forward test average loss 0.0018537346170180375.
Epoch 99: forward train average loss 0.0002508988287041171.
epoch 99: forward test average loss 0.002338395324639148.
inverse model, training agent 1.
epoch 0: inverse train average loss 0.0009623376988909311.
epoch 0: inverse test average loss 0.0023885759162820047.
epoch 99: inverse train average loss 0.0005289073483759745.
epoch 99: inverse test average loss 0.0038696794460217157.
forward model: training agent 2.
Epoch 0: forward train average loss 0.0004057836356676287.
epoch 0: forward test average loss 0.0006265962082478735.
Epoch 99: forward train average loss 0.00031780930132501654.
epoch 99: forward test average loss 0.0007097706871314181.
inverse model, training agent 2.
epoch 0: inverse train average loss 0.006614575369490517.
epoch 0: inverse test average loss 0.016860749158594344.
epoch 99: inverse train average loss 0.002962260041385889.
epoch 99: inverse test average loss 0.005112941687305768.
forward model: training agent 3.
Epoch 0: forward train average loss 0.0006429276028130618.
epoch 0: forward test average loss 0.0017004406804011927.
Epoch 99: forward train average loss 0.00031730087034197315.
epoch 99: forward test average loss 0.0016543433173663085.
inverse model, training agent 3.
epoch 0: inverse train average loss 0.0031244923981527486.
epoch 0: inverse test average loss 0.004097725057767497.
epoch 99: inverse train average loss 0.0010880490105288725.
epoch 99: inverse test average loss 0.002654935802436537.
forward model: training agent 4.
Epoch 0: forward train average loss 0.00031806550557828613.
epoch 0: forward test average loss 0.0007538093098749717.
Epoch 99: forward train average loss 0.00015384927489018688.
epoch 99: forward test average loss 0.0007150116531799237.
inverse model, training agent 4.
epoch 0: inverse train average loss 0.01355478022661474.
epoch 0: inverse test average loss 0.02332084791527854.
epoch 99: inverse train average loss 0.007142053296168645.
epoch 99: inverse test average loss 0.008064159709546301.
forward model: training agent 5.
Epoch 0: forward train average loss 0.0010020309645268652.
epoch 0: forward test average loss 0.0018953499901625845.
Epoch 99: forward train average loss 0.00048252536604801816.
epoch 99: forward test average loss 0.0013999872220059235.
inverse model, training agent 5.
epoch 0: inverse train average loss 0.0031177334021776915.
epoch 0: inverse test average loss 0.003974297601315711.
epoch 99: inverse train average loss 0.0021495839658503733.
epoch 99: inverse test average loss 0.0022062036959040496.
forward model: training agent 6.
Epoch 0: forward train average loss 0.0026618258561939.
epoch 0: forward test average loss 0.004332533934050136.
Epoch 99: forward train average loss 0.0009818223900058204.
epoch 99: forward test average loss 0.0032932523431049455.
inverse model, training agent 6.
epoch 0: inverse train average loss 0.005480366034640206.
epoch 0: inverse test average loss 0.013384027613533868.
epoch 99: inverse train average loss 0.004158001858741045.
epoch 99: inverse test average loss 0.008691723561949201.
Policy training episode: 43, grounded actions taken: 847, last two uncertainties: {0: [0.0, 0.0], 1: [0.0, 0.0], 2: [0.0, 0.0], 3: [0.0, 0.0], 4: [0.0, 0.0], 5: [0.0, 0.0], 6: [0.0, 0.0]}, avg agent uncertainties: [0.0, 0.0, 0.0, 0.0, 0.0, 0.0, 0.0], grounded actions by agent: [115, 117, 129, 127, 119, 118, 122]
Policy training episode: 43, iteration 0/1, policy training avg travel time:87.49553128103277, q_loss:4.149670600891113, rewards:-3.2386121961805556, queue:0.5896825396825397, delay:0.04966559637160528, throughput:3012
Sim Rollout episode:44/100, sim avg travel time:66.13046357615895, rewards:-2.3299994574652776, queue:0.4095238095238095, delay:0.04239045703221881, throughput:3011
Real rollout step:44/100, travel time:736.0503703703704, rewards:-27.40610894097222, queue:15.47936507936508, delay:0.23880663674975197, throughput:839
forward model: training agent 0.
Epoch 0: forward train average loss 0.0020487189758569.
epoch 0: forward test average loss 0.003189073254664739.
Epoch 99: forward train average loss 0.0008290632265723414.
epoch 99: forward test average loss 0.002353931156297525.
inverse model, training agent 0.
epoch 0: inverse train average loss 0.0031056262818714864.
epoch 0: inverse test average loss 0.002841159754300154.
epoch 99: inverse train average loss 0.001157952757138345.
epoch 99: inverse test average loss 0.0020561040275626713.
forward model: training agent 1.
Epoch 0: forward train average loss 0.0004892117253297733.
epoch 0: forward test average loss 0.0017445491005976994.
Epoch 99: forward train average loss 0.00029126872606058087.
epoch 99: forward test average loss 0.0016555036935541364.
inverse model, training agent 1.
epoch 0: inverse train average loss 0.003659788092287878.
epoch 0: inverse test average loss 0.002839275065929946.
epoch 99: inverse train average loss 0.002000399127913018.
epoch 99: inverse test average loss 0.0033008434693329036.
forward model: training agent 2.
Epoch 0: forward train average loss 0.00039876590663981106.
epoch 0: forward test average loss 0.0005701276952297323.
Epoch 99: forward train average loss 0.00035171927366819646.
epoch 99: forward test average loss 0.0011393249086621734.
inverse model, training agent 2.
epoch 0: inverse train average loss 0.010198479311333762.
epoch 0: inverse test average loss 0.013359696086910035.
epoch 99: inverse train average loss 0.0054447042962743174.
epoch 99: inverse test average loss 0.008663534911142455.
forward model: training agent 3.
Epoch 0: forward train average loss 0.0010564164387890035.
epoch 0: forward test average loss 0.003458899756272634.
Epoch 99: forward train average loss 0.0004679561405080474.
epoch 99: forward test average loss 0.0016102026630606917.
inverse model, training agent 3.
epoch 0: inverse train average loss 0.005349150600118769.
epoch 0: inverse test average loss 0.0056799108990364605.
epoch 99: inverse train average loss 0.002158662045581473.
epoch 99: inverse test average loss 0.004123605166872342.
forward model: training agent 4.
Epoch 0: forward train average loss 0.0003089145401544455.
epoch 0: forward test average loss 0.001006444398727682.
Epoch 99: forward train average loss 0.00017109412227809016.
epoch 99: forward test average loss 0.0007778175899551974.
inverse model, training agent 4.
epoch 0: inverse train average loss 0.009885960362023778.
epoch 0: inverse test average loss 0.033590085390541286.
epoch 99: inverse train average loss 0.008018909746574031.
epoch 99: inverse test average loss 0.014010955890019735.
forward model: training agent 5.
Epoch 0: forward train average loss 0.0009884576882339185.
epoch 0: forward test average loss 0.0016637738897568649.
Epoch 99: forward train average loss 0.0005331970298559301.
epoch 99: forward test average loss 0.0011711017642584112.
inverse model, training agent 5.
epoch 0: inverse train average loss 0.01192897910045253.
epoch 0: inverse test average loss 0.016475134425693087.
epoch 99: inverse train average loss 0.006733401368061702.
epoch 99: inverse test average loss 0.008828101058801016.
forward model: training agent 6.
Epoch 0: forward train average loss 0.002461115208764871.
epoch 0: forward test average loss 0.004826728254556656.
Epoch 99: forward train average loss 0.0008078033052798775.
epoch 99: forward test average loss 0.0026201262759665647.
inverse model, training agent 6.
epoch 0: inverse train average loss 0.004579536047660642.
epoch 0: inverse test average loss 0.005688002333045006.
epoch 99: inverse train average loss 0.003466674437125524.
epoch 99: inverse test average loss 0.004791943149434196.
Policy training episode: 44, grounded actions taken: 812, last two uncertainties: {0: [0.0, 0.0], 1: [0.0, 0.0], 2: [0.0, 0.0], 3: [0.0, 0.0], 4: [0.0, 0.0], 5: [0.0, 0.0], 6: [0.0, 0.0]}, avg agent uncertainties: [0.0, 0.0, 0.0, 0.0, 0.0, 0.0, 0.0], grounded actions by agent: [108, 111, 119, 121, 124, 123, 106]
Policy training episode: 44, iteration 0/1, policy training avg travel time:86.64746772591857, q_loss:4.4318718910217285, rewards:-2.9969441731770834, queue:0.5646825396825397, delay:0.05155997503371466, throughput:3012
Sim Rollout episode:45/100, sim avg travel time:70.25033112582781, rewards:-2.937777370876736, queue:0.5107142857142857, delay:0.048065203712100074, throughput:3011
Real rollout step:45/100, travel time:164.31339401820546, rewards:-14.657222493489583, queue:2.8095238095238093, delay:0.137226807125031, throughput:2182
forward model: training agent 0.
Epoch 0: forward train average loss 0.0023175516010572514.
epoch 0: forward test average loss 0.0027021123096346855.
Epoch 99: forward train average loss 0.001281126867979765.
epoch 99: forward test average loss 0.0018884198119242985.
inverse model, training agent 0.
epoch 0: inverse train average loss 0.0008924147372858392.
epoch 0: inverse test average loss 0.0023600618458456462.
epoch 99: inverse train average loss 9.799846642029782e-05.
epoch 99: inverse test average loss 7.06938557818325e-05.
forward model: training agent 1.
Epoch 0: forward train average loss 0.005944335936672158.
epoch 0: forward test average loss 0.007622573317752944.
Epoch 99: forward train average loss 0.002961233620428377.
epoch 99: forward test average loss 0.00812489746345414.
inverse model, training agent 1.
epoch 0: inverse train average loss 0.00237226610382398.
epoch 0: inverse test average loss 0.0030188976476589837.
epoch 99: inverse train average loss 0.0014483647214041816.
epoch 99: inverse test average loss 0.0032606523794432483.
forward model: training agent 2.
Epoch 0: forward train average loss 0.0025112913766254983.
epoch 0: forward test average loss 0.0026891400209731525.
Epoch 99: forward train average loss 0.0010027806791994306.
epoch 99: forward test average loss 0.0024601471506887013.
inverse model, training agent 2.
epoch 0: inverse train average loss 0.016052879600061312.
epoch 0: inverse test average loss 0.0340245986978213.
epoch 99: inverse train average loss 0.004120959745099147.
epoch 99: inverse test average loss 0.010950615836514367.
forward model: training agent 3.
Epoch 0: forward train average loss 0.008433690398103662.
epoch 0: forward test average loss 0.014342842830551995.
Epoch 99: forward train average loss 0.0034845046595566804.
epoch 99: forward test average loss 0.00954740908410814.
inverse model, training agent 3.
epoch 0: inverse train average loss 0.013498185616400506.
epoch 0: inverse test average loss 0.0202263163195716.
epoch 99: inverse train average loss 0.003733088572820028.
epoch 99: inverse test average loss 0.00978292442030377.
forward model: training agent 4.
Epoch 0: forward train average loss 0.0032850297995739514.
epoch 0: forward test average loss 0.006099043000075553.
Epoch 99: forward train average loss 0.0010706116445362568.
epoch 99: forward test average loss 0.0028348834150367314.
inverse model, training agent 4.
epoch 0: inverse train average loss 0.0076784731613265145.
epoch 0: inverse test average loss 0.0166327775352531.
epoch 99: inverse train average loss 0.0026416325320800147.
epoch 99: inverse test average loss 0.017479161421457928.
forward model: training agent 5.
Epoch 0: forward train average loss 0.0012464319847317205.
epoch 0: forward test average loss 0.0018072272650897503.
Epoch 99: forward train average loss 0.0006643952155071828.
epoch 99: forward test average loss 0.002250760172804197.
inverse model, training agent 5.
epoch 0: inverse train average loss 0.006638423022296693.
epoch 0: inverse test average loss 0.018429797970586352.
epoch 99: inverse train average loss 0.005539035165889395.
epoch 99: inverse test average loss 0.008056249159077803.
forward model: training agent 6.
Epoch 0: forward train average loss 0.002866058713859982.
epoch 0: forward test average loss 0.004405215382575989.
Epoch 99: forward train average loss 0.0012054560809499687.
epoch 99: forward test average loss 0.003921212007602056.
inverse model, training agent 6.
epoch 0: inverse train average loss 0.0036506816330883238.
epoch 0: inverse test average loss 0.00392472537027465.
epoch 99: inverse train average loss 0.0029229123869703878.
epoch 99: inverse test average loss 0.0047022805859645205.
Policy training episode: 45, grounded actions taken: 838, last two uncertainties: {0: [0.0, 0.0], 1: [0.0, 0.0], 2: [0.0, 0.0], 3: [0.0, 0.0], 4: [0.0, 0.0], 5: [0.0, 0.0], 6: [0.0, 0.0]}, avg agent uncertainties: [0.0, 0.0, 0.0, 0.0, 0.0, 0.0, 0.0], grounded actions by agent: [118, 134, 130, 110, 114, 104, 128]
Policy training episode: 45, iteration 0/1, policy training avg travel time:64.5684001324942, q_loss:4.646949768066406, rewards:-2.669722154405382, queue:0.4492063492063492, delay:0.045975267319452194, throughput:3011
Sim Rollout episode:46/100, sim avg travel time:64.55713812520702, rewards:-2.198055860731337, queue:0.38095238095238093, delay:0.042011521354554195, throughput:3012
Real rollout step:46/100, travel time:718.3543365455894, rewards:-34.79361165364583, queue:16.530555555555555, delay:0.25958457825675846, throughput:871
forward model: training agent 0.
Epoch 0: forward train average loss 0.02195461808393399.
epoch 0: forward test average loss 0.007449066059456931.
Epoch 99: forward train average loss 0.0011042861733585596.
epoch 99: forward test average loss 0.002895574706296126.
inverse model, training agent 0.
epoch 0: inverse train average loss 0.004910226963046525.
epoch 0: inverse test average loss 0.019121574858824413.
epoch 99: inverse train average loss 0.0014699027071603471.
epoch 99: inverse test average loss 0.0020146259856927726.
forward model: training agent 1.
Epoch 0: forward train average loss 0.013120578084554937.
epoch 0: forward test average loss 0.01033796328637335.
Epoch 99: forward train average loss 0.0004419046324781246.
epoch 99: forward test average loss 0.0017027417715224954.
inverse model, training agent 1.
epoch 0: inverse train average loss 0.0039049682414366137.
epoch 0: inverse test average loss 0.005289817565224237.
epoch 99: inverse train average loss 0.0018559458613809613.
epoch 99: inverse test average loss 0.01532899546954367.
forward model: training agent 2.
Epoch 0: forward train average loss 0.0023215797781530353.
epoch 0: forward test average loss 0.0017168931663036346.
Epoch 99: forward train average loss 0.00038183391572804086.
epoch 99: forward test average loss 0.0013535954058170319.
inverse model, training agent 2.
epoch 0: inverse train average loss 0.013967129298382334.
epoch 0: inverse test average loss 0.03023244274987115.
epoch 99: inverse train average loss 0.00625464775496059.
epoch 99: inverse test average loss 0.011975325644016266.
forward model: training agent 3.
Epoch 0: forward train average loss 0.012015619832608435.
epoch 0: forward test average loss 0.013910617679357529.
Epoch 99: forward train average loss 0.000612360994435019.
epoch 99: forward test average loss 0.0031378244360287986.
inverse model, training agent 3.
epoch 0: inverse train average loss 0.009140428362621201.
epoch 0: inverse test average loss 0.021738420757982466.
epoch 99: inverse train average loss 0.0019639014369911617.
epoch 99: inverse test average loss 0.007419721740815375.
forward model: training agent 4.
Epoch 0: forward train average loss 0.0017618224438693789.
epoch 0: forward test average loss 0.0020626711969574294.
Epoch 99: forward train average loss 0.00017345911409291957.
epoch 99: forward test average loss 0.000816466338518593.
inverse model, training agent 4.
epoch 0: inverse train average loss 0.01678280842800935.
epoch 0: inverse test average loss 0.01418848087390264.
epoch 99: inverse train average loss 0.006701046911378701.
epoch 99: inverse test average loss 0.007779248679677646.
forward model: training agent 5.
Epoch 0: forward train average loss 0.003177683101966977.
epoch 0: forward test average loss 0.002669348381459713.
Epoch 99: forward train average loss 0.0005234056475779249.
epoch 99: forward test average loss 0.002100655809044838.
inverse model, training agent 5.
epoch 0: inverse train average loss 0.0058504024313555825.
epoch 0: inverse test average loss 0.0073322587543063695.
epoch 99: inverse train average loss 0.0047346182271010345.
epoch 99: inverse test average loss 0.010796657452980677.
forward model: training agent 6.
Epoch 0: forward train average loss 0.009420600823230214.
epoch 0: forward test average loss 0.009394001215696335.
Epoch 99: forward train average loss 0.0010319384099501702.
epoch 99: forward test average loss 0.003466599103477266.
inverse model, training agent 6.
epoch 0: inverse train average loss 0.003050446691405442.
epoch 0: inverse test average loss 0.0036931789169708886.
epoch 99: inverse train average loss 0.0023964832071214914.
epoch 99: inverse test average loss 0.0029667839407920837.
Policy training episode: 46, grounded actions taken: 860, last two uncertainties: {0: [0.0, 0.0], 1: [0.0, 0.0], 2: [0.0, 0.0], 3: [0.0, 0.0], 4: [0.0, 0.0], 5: [0.0, 0.0], 6: [0.0, 0.0]}, avg agent uncertainties: [0.0, 0.0, 0.0, 0.0, 0.0, 0.0, 0.0], grounded actions by agent: [121, 109, 122, 123, 132, 128, 125]
Policy training episode: 46, iteration 0/1, policy training avg travel time:71.16975512905361, q_loss:4.7191948890686035, rewards:-2.559445020887587, queue:0.4444444444444444, delay:0.04532381390768384, throughput:3012
Sim Rollout episode:47/100, sim avg travel time:63.79860881086452, rewards:-2.216944376627604, queue:0.42777777777777776, delay:0.0422539544483972, throughput:3012
Real rollout step:47/100, travel time:121.97108712413261, rewards:-14.302498372395833, queue:2.6757936507936506, delay:0.1305371360173301, throughput:2494
forward model: training agent 0.
Epoch 0: forward train average loss 0.002774446012659205.
epoch 0: forward test average loss 0.002819197666313913.
Epoch 99: forward train average loss 0.0016888869253711568.
epoch 99: forward test average loss 0.0036042864537901348.
inverse model, training agent 0.
epoch 0: inverse train average loss 0.0039807745359010166.
epoch 0: inverse test average loss 0.005158984309269322.
epoch 99: inverse train average loss 0.0021172912222229773.
epoch 99: inverse test average loss 0.004450131000743972.
forward model: training agent 1.
Epoch 0: forward train average loss 0.00787348041517867.
epoch 0: forward test average loss 0.006908733604682816.
Epoch 99: forward train average loss 0.0035398384142253134.
epoch 99: forward test average loss 0.005662308384974797.
inverse model, training agent 1.
epoch 0: inverse train average loss 0.002768010056267182.
epoch 0: inverse test average loss 0.008214547195368342.
epoch 99: inverse train average loss 0.000747714308090508.
epoch 99: inverse test average loss 0.00244311455430256.
forward model: training agent 2.
Epoch 0: forward train average loss 0.0027384784383078418.
epoch 0: forward test average loss 0.003443808605273565.
Epoch 99: forward train average loss 0.0011521155118114417.
epoch 99: forward test average loss 0.002544091497030523.
inverse model, training agent 2.
epoch 0: inverse train average loss 0.01106994216226869.
epoch 0: inverse test average loss 0.019686712986893125.
epoch 99: inverse train average loss 0.0020838172123250035.
epoch 99: inverse test average loss 0.003824856753150622.
forward model: training agent 3.
Epoch 0: forward train average loss 0.010079144914117124.
epoch 0: forward test average loss 0.011883132987552218.
Epoch 99: forward train average loss 0.004340088460594416.
epoch 99: forward test average loss 0.00959739958246549.
inverse model, training agent 3.
epoch 0: inverse train average loss 0.0028469954979502493.
epoch 0: inverse test average loss 0.00824124107344283.
epoch 99: inverse train average loss 0.00182883037875096.
epoch 99: inverse test average loss 0.0028897683239645427.
forward model: training agent 4.
Epoch 0: forward train average loss 0.002748691683842076.
epoch 0: forward test average loss 0.004367214524083667.
Epoch 99: forward train average loss 0.0012494513066485524.
epoch 99: forward test average loss 0.0029340770302547347.
inverse model, training agent 4.
epoch 0: inverse train average loss 0.009711732880936729.
epoch 0: inverse test average loss 0.016917560663488176.
epoch 99: inverse train average loss 0.00421529904835754.
epoch 99: inverse test average loss 0.010057551579342948.
forward model: training agent 5.
Epoch 0: forward train average loss 0.001207348709512088.
epoch 0: forward test average loss 0.0018803089236219723.
Epoch 99: forward train average loss 0.0006768822592372695.
epoch 99: forward test average loss 0.0017719450406730175.
inverse model, training agent 5.
epoch 0: inverse train average loss 0.006943217478692532.
epoch 0: inverse test average loss 0.009032977641456656.
epoch 99: inverse train average loss 0.006223019419444932.
epoch 99: inverse test average loss 0.008572128290931383.
forward model: training agent 6.
Epoch 0: forward train average loss 0.002950049833291107.
epoch 0: forward test average loss 0.005527211560143365.
Epoch 99: forward train average loss 0.0012990024665163623.
epoch 99: forward test average loss 0.0036573677013317742.
inverse model, training agent 6.
epoch 0: inverse train average loss 0.002920244794545902.
epoch 0: inverse test average loss 0.002431543699155251.
epoch 99: inverse train average loss 0.0016973305286632644.
epoch 99: inverse test average loss 0.0025042504486110476.
Policy training episode: 47, grounded actions taken: 887, last two uncertainties: {0: [0.0, 0.0], 1: [0.0, 0.0], 2: [0.0, 0.0], 3: [0.0, 0.0], 4: [0.0, 0.0], 5: [0.0, 0.0], 6: [0.0, 0.0]}, avg agent uncertainties: [0.0, 0.0, 0.0, 0.0, 0.0, 0.0, 0.0], grounded actions by agent: [123, 135, 120, 127, 118, 125, 139]
Policy training episode: 47, iteration 0/1, policy training avg travel time:66.06421714664019, q_loss:4.498356819152832, rewards:-2.588333468967014, queue:0.4527777777777778, delay:0.04594819205147879, throughput:3012
Sim Rollout episode:48/100, sim avg travel time:64.39085789996687, rewards:-2.648055691189236, queue:0.44047619047619047, delay:0.045860208783830916, throughput:3012
Real rollout step:48/100, travel time:711.2660687593423, rewards:-31.532223849826387, queue:16.401190476190475, delay:0.26188066270616317, throughput:821
forward model: training agent 0.
Epoch 0: forward train average loss 0.006763047228256862.
epoch 0: forward test average loss 0.007155288010835648.
Epoch 99: forward train average loss 0.0010298662560267581.
epoch 99: forward test average loss 0.002491517923772335.
inverse model, training agent 0.
epoch 0: inverse train average loss 0.004750102551447021.
epoch 0: inverse test average loss 0.006386396992537711.
epoch 99: inverse train average loss 0.0035850519003967443.
epoch 99: inverse test average loss 0.004065935293005573.
forward model: training agent 1.
Epoch 0: forward train average loss 0.006826912932511833.
epoch 0: forward test average loss 0.009899078557888666.
Epoch 99: forward train average loss 0.00033279966899297305.
epoch 99: forward test average loss 0.0008379765268829134.
inverse model, training agent 1.
epoch 0: inverse train average loss 0.002954462543129921.
epoch 0: inverse test average loss 0.007874396733111806.
epoch 99: inverse train average loss 0.0011099342825926011.
epoch 99: inverse test average loss 0.003077109292563465.
forward model: training agent 2.
Epoch 0: forward train average loss 0.011083547362229891.
epoch 0: forward test average loss 0.005937622239192327.
Epoch 99: forward train average loss 0.00039753694242487353.
epoch 99: forward test average loss 0.0008893240139716201.
inverse model, training agent 2.
epoch 0: inverse train average loss 0.013912969579299292.
epoch 0: inverse test average loss 0.027689307928085327.
epoch 99: inverse train average loss 0.004635980404499505.
epoch 99: inverse test average loss 0.010569641987482706.
forward model: training agent 3.
Epoch 0: forward train average loss 0.018744610249996185.
epoch 0: forward test average loss 0.01264059626393848.
Epoch 99: forward train average loss 0.0003741295335607396.
epoch 99: forward test average loss 0.001705746114667919.
inverse model, training agent 3.
epoch 0: inverse train average loss 0.005284722687469589.
epoch 0: inverse test average loss 0.005569278572996457.
epoch 99: inverse train average loss 0.002479795909797152.
epoch 99: inverse test average loss 0.003334926079130835.
forward model: training agent 4.
Epoch 0: forward train average loss 0.0019021027514504062.
epoch 0: forward test average loss 0.0012972324362231626.
Epoch 99: forward train average loss 0.0001694330098366158.
epoch 99: forward test average loss 0.0009716841030038066.
inverse model, training agent 4.
epoch 0: inverse train average loss 0.014406533497903082.
epoch 0: inverse test average loss 0.019485366841157276.
epoch 99: inverse train average loss 0.008103928942647245.
epoch 99: inverse test average loss 0.010682507107655207.
forward model: training agent 5.
Epoch 0: forward train average loss 0.0020749221245447793.
epoch 0: forward test average loss 0.0012395865697827605.
Epoch 99: forward train average loss 0.000510483333427045.
epoch 99: forward test average loss 0.0011561476211580965.
inverse model, training agent 5.
epoch 0: inverse train average loss 0.0066668980030549895.
epoch 0: inverse test average loss 0.004501830838206742.
epoch 99: inverse train average loss 0.00534821767359972.
epoch 99: inverse test average loss 0.011342177995377116.
forward model: training agent 6.
Epoch 0: forward train average loss 0.007471570124228795.
epoch 0: forward test average loss 0.00679195879234208.
Epoch 99: forward train average loss 0.000985799965241717.
epoch 99: forward test average loss 0.0028171600360009405.
inverse model, training agent 6.
epoch 0: inverse train average loss 0.004365093540400267.
epoch 0: inverse test average loss 0.005459040196405517.
epoch 99: inverse train average loss 0.0031309531380732856.
epoch 99: inverse test average loss 0.004118697303864691.
Policy training episode: 48, grounded actions taken: 838, last two uncertainties: {0: [0.0, 0.0], 1: [0.0, 0.0], 2: [0.0, 0.0], 3: [0.0, 0.0], 4: [0.0, 0.0], 5: [0.0, 0.0], 6: [0.0, 0.0]}, avg agent uncertainties: [0.0, 0.0, 0.0, 0.0, 0.0, 0.0, 0.0], grounded actions by agent: [117, 126, 110, 108, 119, 140, 118]
Policy training episode: 48, iteration 0/1, policy training avg travel time:63.62736005299768, q_loss:4.591371536254883, rewards:-2.3155553181966146, queue:0.39920634920634923, delay:0.04384254273914155, throughput:3012
Sim Rollout episode:49/100, sim avg travel time:65.25686858656074, rewards:-2.6683346218532984, queue:0.4623015873015873, delay:0.046120640588185144, throughput:3011
Real rollout step:49/100, travel time:710.6144578313254, rewards:-23.11943901909722, queue:14.903571428571428, delay:0.24655560690259176, throughput:856
forward model: training agent 0.
Epoch 0: forward train average loss 0.0027579551355706323.
epoch 0: forward test average loss 0.002599183056089613.
Epoch 99: forward train average loss 0.0010896531166508794.
epoch 99: forward test average loss 0.002413863937060038.
inverse model, training agent 0.
epoch 0: inverse train average loss 0.006169098429381847.
epoch 0: inverse test average loss 0.010230545161498917.
epoch 99: inverse train average loss 0.0006011125870928583.
epoch 99: inverse test average loss 0.000253258570511308.
forward model: training agent 1.
Epoch 0: forward train average loss 0.0008533068208230867.
epoch 0: forward test average loss 0.002212873711768124.
Epoch 99: forward train average loss 0.00023760451100921878.
epoch 99: forward test average loss 0.0009024602930165.
inverse model, training agent 1.
epoch 0: inverse train average loss 0.003841678456713756.
epoch 0: inverse test average loss 0.01113618765440252.
epoch 99: inverse train average loss 0.001569384786610802.
epoch 99: inverse test average loss 0.0012920231998173727.
forward model: training agent 2.
Epoch 0: forward train average loss 0.0003955383888549275.
epoch 0: forward test average loss 0.0011517874016943905.
Epoch 99: forward train average loss 0.0003275317851350539.
epoch 99: forward test average loss 0.0007351656289150318.
inverse model, training agent 2.
epoch 0: inverse train average loss 0.004665246026383506.
epoch 0: inverse test average loss 0.01183918739358584.
epoch 99: inverse train average loss 0.0027770761710902057.
epoch 99: inverse test average loss 0.007398643013503816.
forward model: training agent 3.
Epoch 0: forward train average loss 0.0008763564336631033.
epoch 0: forward test average loss 0.003451387501425213.
Epoch 99: forward train average loss 0.00025084917433559895.
epoch 99: forward test average loss 0.00155823967523045.
inverse model, training agent 3.
epoch 0: inverse train average loss 0.003565317097430428.
epoch 0: inverse test average loss 0.0027605115642978083.
epoch 99: inverse train average loss 0.0015547708608210087.
epoch 99: inverse test average loss 0.0015966696664690971.
forward model: training agent 4.
Epoch 0: forward train average loss 0.00034740179803015455.
epoch 0: forward test average loss 0.0006034649623971847.
Epoch 99: forward train average loss 0.00015091870995497124.
epoch 99: forward test average loss 0.0007784741465002298.
inverse model, training agent 4.
epoch 0: inverse train average loss 0.009679896446565786.
epoch 0: inverse test average loss 0.01530631548828549.
epoch 99: inverse train average loss 0.006722305901348591.
epoch 99: inverse test average loss 0.016714346905549366.
forward model: training agent 5.
Epoch 0: forward train average loss 0.0016321248064438503.
epoch 0: forward test average loss 0.0024678861308428976.
Epoch 99: forward train average loss 0.0005380116118532089.
epoch 99: forward test average loss 0.002060991453213824.
inverse model, training agent 5.
epoch 0: inverse train average loss 0.007643350089589755.
epoch 0: inverse test average loss 0.008387622992611594.
epoch 99: inverse train average loss 0.006194125860929489.
epoch 99: inverse test average loss 0.012569922126001783.
forward model: training agent 6.
Epoch 0: forward train average loss 0.0037904150473574796.
epoch 0: forward test average loss 0.0050013381987810135.
Epoch 99: forward train average loss 0.0009113921809734569.
epoch 99: forward test average loss 0.002777154246966044.
inverse model, training agent 6.
epoch 0: inverse train average loss 0.003150494639865226.
epoch 0: inverse test average loss 0.002867813467875951.
epoch 99: inverse train average loss 0.0013883104547858238.
epoch 99: inverse test average loss 0.0023535340895048445.
Policy training episode: 49, grounded actions taken: 841, last two uncertainties: {0: [0.0, 0.0], 1: [0.0, 0.0], 2: [0.0, 0.0], 3: [0.0, 0.0], 4: [0.0, 0.0], 5: [0.0, 0.0], 6: [0.0, 0.0]}, avg agent uncertainties: [0.0, 0.0, 0.0, 0.0, 0.0, 0.0, 0.0], grounded actions by agent: [113, 123, 128, 110, 120, 119, 128]
Policy training episode: 49, iteration 0/1, policy training avg travel time:66.20006624710169, q_loss:4.638478755950928, rewards:-2.415278116861979, queue:0.4353174603174603, delay:0.04506394219776941, throughput:3012
Sim Rollout episode:50/100, sim avg travel time:69.82389937106919, rewards:-2.5925008138020833, queue:0.4797619047619048, delay:0.04543027120923239, throughput:3011
Real rollout step:50/100, travel time:621.9599184782609, rewards:-25.543611653645833, queue:14.694444444444445, delay:0.23649759443979415, throughput:1018
forward model: training agent 0.
Epoch 0: forward train average loss 0.004664008143461413.
epoch 0: forward test average loss 0.007581636723544862.
Epoch 99: forward train average loss 0.001387107651680708.
epoch 99: forward test average loss 0.0028219109194146264.
inverse model, training agent 0.
epoch 0: inverse train average loss 0.0023724036291241646.
epoch 0: inverse test average loss 0.0013521499802461928.
epoch 99: inverse train average loss 0.0009112460668095284.
epoch 99: inverse test average loss 0.0007211594945854611.
forward model: training agent 1.
Epoch 0: forward train average loss 0.0029984586354759005.
epoch 0: forward test average loss 0.00374548447628816.
Epoch 99: forward train average loss 0.0006268908036872745.
epoch 99: forward test average loss 0.0014141758438199759.
inverse model, training agent 1.
epoch 0: inverse train average loss 0.002490083169605997.
epoch 0: inverse test average loss 0.002356678299191925.
epoch 99: inverse train average loss 0.001911673656043907.
epoch 99: inverse test average loss 0.0017922537970460123.
forward model: training agent 2.
Epoch 0: forward train average loss 0.0009426664328202605.
epoch 0: forward test average loss 0.001093300964890255.
Epoch 99: forward train average loss 0.0004050584328878257.
epoch 99: forward test average loss 0.0005624436048997773.
inverse model, training agent 2.
epoch 0: inverse train average loss 0.008536459153725041.
epoch 0: inverse test average loss 0.02173394627041287.
epoch 99: inverse train average loss 0.003389555805673202.
epoch 99: inverse test average loss 0.011455395155482821.
forward model: training agent 3.
Epoch 0: forward train average loss 0.004040402463740773.
epoch 0: forward test average loss 0.004262860760920578.
Epoch 99: forward train average loss 0.0007855308552583059.
epoch 99: forward test average loss 0.002038148231804371.
inverse model, training agent 3.
epoch 0: inverse train average loss 0.0021255984449655646.
epoch 0: inverse test average loss 0.00116363357907782.
epoch 99: inverse train average loss 0.0012817983386210268.
epoch 99: inverse test average loss 0.001159425876620743.
forward model: training agent 4.
Epoch 0: forward train average loss 0.0007455317018967536.
epoch 0: forward test average loss 0.000904693009538783.
Epoch 99: forward train average loss 0.0002694341852070971.
epoch 99: forward test average loss 0.0006555196078908113.
inverse model, training agent 4.
epoch 0: inverse train average loss 0.01207129740052753.
epoch 0: inverse test average loss 0.015621266431278653.
epoch 99: inverse train average loss 0.006841537335680591.
epoch 99: inverse test average loss 0.009258564768566025.
forward model: training agent 5.
Epoch 0: forward train average loss 0.001149236599707769.
epoch 0: forward test average loss 0.0020688574554191697.
Epoch 99: forward train average loss 0.0005238069505948159.
epoch 99: forward test average loss 0.0014289282779726717.
inverse model, training agent 5.
epoch 0: inverse train average loss 0.00554894045409229.
epoch 0: inverse test average loss 0.008901813067495823.
epoch 99: inverse train average loss 0.004116561315539811.
epoch 99: inverse test average loss 0.026080380711290572.
forward model: training agent 6.
Epoch 0: forward train average loss 0.005714924850811561.
epoch 0: forward test average loss 0.004064827329582638.
Epoch 99: forward train average loss 0.0009253765715079175.
epoch 99: forward test average loss 0.0036511331175764403.
inverse model, training agent 6.
epoch 0: inverse train average loss 0.00386265122021238.
epoch 0: inverse test average loss 0.0020390372309419843.
epoch 99: inverse train average loss 0.0020927490873469245.
epoch 99: inverse test average loss 0.0011430096346884966.
Policy training episode: 50, grounded actions taken: 827, last two uncertainties: {0: [0.0, 0.0], 1: [0.0, 0.0], 2: [0.0, 0.0], 3: [0.0, 0.0], 4: [0.0, 0.0], 5: [0.0, 0.0], 6: [0.0, 0.0]}, avg agent uncertainties: [0.0, 0.0, 0.0, 0.0, 0.0, 0.0, 0.0], grounded actions by agent: [123, 121, 120, 107, 120, 119, 117]
Policy training episode: 50, iteration 0/1, policy training avg travel time:64.42483443708609, q_loss:4.681987285614014, rewards:-2.3972220526801213, queue:0.40714285714285714, delay:0.042776404486762155, throughput:3011
Sim Rollout episode:51/100, sim avg travel time:63.74280039721946, rewards:-2.247500271267361, queue:0.4222222222222222, delay:0.041890123155381945, throughput:3012
Real rollout step:51/100, travel time:688.7376093294461, rewards:-23.754437934027777, queue:14.993650793650794, delay:0.22967059423053077, throughput:913
forward model: training agent 0.
Epoch 0: forward train average loss 0.002165022642455167.
epoch 0: forward test average loss 0.002988517594834169.
Epoch 99: forward train average loss 0.0009566217453943358.
epoch 99: forward test average loss 0.0017405763889352481.
inverse model, training agent 0.
epoch 0: inverse train average loss 0.002022456183719138.
epoch 0: inverse test average loss 0.001361777385075887.
epoch 99: inverse train average loss 0.0004968232945733083.
epoch 99: inverse test average loss 0.00019986594027917212.
forward model: training agent 1.
Epoch 0: forward train average loss 0.0009099512697300977.
epoch 0: forward test average loss 0.0014607832870549625.
Epoch 99: forward train average loss 0.0002716030026527329.
epoch 99: forward test average loss 0.0014127101749181747.
inverse model, training agent 1.
epoch 0: inverse train average loss 0.0031265434809029102.
epoch 0: inverse test average loss 0.0057804174721241.
epoch 99: inverse train average loss 0.0018758252004368438.
epoch 99: inverse test average loss 0.004347638330525822.
forward model: training agent 2.
Epoch 0: forward train average loss 0.00048587513285585574.
epoch 0: forward test average loss 0.0006139352400269774.
Epoch 99: forward train average loss 0.0003510828472725633.
epoch 99: forward test average loss 0.0005627045951162776.
inverse model, training agent 2.
epoch 0: inverse train average loss 0.0083521061266462.
epoch 0: inverse test average loss 0.008681582907835642.
epoch 99: inverse train average loss 0.0035387198958132.
epoch 99: inverse test average loss 0.0042648472719722325.
forward model: training agent 3.
Epoch 0: forward train average loss 0.0012349646098704801.
epoch 0: forward test average loss 0.002168428980641895.
Epoch 99: forward train average loss 0.00031630334302058653.
epoch 99: forward test average loss 0.0021858855875002015.
inverse model, training agent 3.
epoch 0: inverse train average loss 0.0016058887768950728.
epoch 0: inverse test average loss 0.001408798232053717.
epoch 99: inverse train average loss 0.0007101873440357546.
epoch 99: inverse test average loss 0.0007833764288483912.
forward model: training agent 4.
Epoch 0: forward train average loss 0.0003600196925819748.
epoch 0: forward test average loss 0.0007941385265439749.
Epoch 99: forward train average loss 9.17066168363413e-05.
epoch 99: forward test average loss 0.0007114631589502096.
inverse model, training agent 4.
epoch 0: inverse train average loss 0.011868397187855508.
epoch 0: inverse test average loss 0.02055806252691481.
epoch 99: inverse train average loss 0.0050168838869366385.
epoch 99: inverse test average loss 0.009914771550231509.
forward model: training agent 5.
Epoch 0: forward train average loss 0.0014234580772204532.
epoch 0: forward test average loss 0.0024537088142500985.
Epoch 99: forward train average loss 0.0006250327310731842.
epoch 99: forward test average loss 0.0015613331149021785.
inverse model, training agent 5.
epoch 0: inverse train average loss 0.008824195505844222.
epoch 0: inverse test average loss 0.022346363299422793.
epoch 99: inverse train average loss 0.006545036513772275.
epoch 99: inverse test average loss 0.024464484718110826.
forward model: training agent 6.
Epoch 0: forward train average loss 0.0031565221595681375.
epoch 0: forward test average loss 0.00409076911293798.
Epoch 99: forward train average loss 0.0010003675447983874.
epoch 99: forward test average loss 0.0026990161794755193.
inverse model, training agent 6.
epoch 0: inverse train average loss 0.0022897423219142687.
epoch 0: inverse test average loss 0.004867740182412995.
epoch 99: inverse train average loss 0.0011187519800538819.
epoch 99: inverse test average loss 0.0010004887331484093.
Policy training episode: 51, grounded actions taken: 841, last two uncertainties: {0: [0.0, 0.0], 1: [0.0, 0.0], 2: [0.0, 0.0], 3: [0.0, 0.0], 4: [0.0, 0.0], 5: [0.0, 0.0], 6: [0.0, 0.0]}, avg agent uncertainties: [0.0, 0.0, 0.0, 0.0, 0.0, 0.0, 0.0], grounded actions by agent: [131, 127, 104, 123, 132, 102, 122]
Policy training episode: 51, iteration 0/1, policy training avg travel time:64.22575306190004, q_loss:4.937716007232666, rewards:-2.5086112128363713, queue:0.4392857142857143, delay:0.044294015188065784, throughput:3012
Sim Rollout episode:52/100, sim avg travel time:64.26896323285857, rewards:-2.2811102973090276, queue:0.39126984126984127, delay:0.04214831155443948, throughput:3012
Real rollout step:52/100, travel time:667.7602591792656, rewards:-22.804163953993054, queue:15.12063492063492, delay:0.2259369623093378, throughput:922
forward model: training agent 0.
Epoch 0: forward train average loss 0.0018194884630954927.
epoch 0: forward test average loss 0.0027818606338567203.
Epoch 99: forward train average loss 0.0009145682496536109.
epoch 99: forward test average loss 0.0022849556472566393.
inverse model, training agent 0.
epoch 0: inverse train average loss 0.00020612704490001002.
epoch 0: inverse test average loss 0.00019822181719872687.
epoch 99: inverse train average loss 1.346518931515877e-05.
epoch 99: inverse test average loss 4.5741166508782444e-06.
forward model: training agent 1.
Epoch 0: forward train average loss 0.0006968015093459851.
epoch 0: forward test average loss 0.0011495203297171327.
Epoch 99: forward train average loss 0.0001952150519678576.
epoch 99: forward test average loss 0.0008812751362307204.
inverse model, training agent 1.
epoch 0: inverse train average loss 0.0015442753340014154.
epoch 0: inverse test average loss 0.007758639338943694.
epoch 99: inverse train average loss 0.0006697978112950093.
epoch 99: inverse test average loss 0.0031803823593589994.
forward model: training agent 2.
Epoch 0: forward train average loss 0.00034763016608647176.
epoch 0: forward test average loss 0.0010229127429839638.
Epoch 99: forward train average loss 0.00029796203792405623.
epoch 99: forward test average loss 0.0007370056377516852.
inverse model, training agent 2.
epoch 0: inverse train average loss 0.01808824638525645.
epoch 0: inverse test average loss 0.03545955320199331.
epoch 99: inverse train average loss 0.0030527740923894774.
epoch 99: inverse test average loss 0.005720270590649711.
forward model: training agent 3.
Epoch 0: forward train average loss 0.0005444976979763143.
epoch 0: forward test average loss 0.0021030445479684407.
Epoch 99: forward train average loss 0.00022568048896371492.
epoch 99: forward test average loss 0.0023248811873296895.
inverse model, training agent 3.
epoch 0: inverse train average loss 0.001875977394067579.
epoch 0: inverse test average loss 0.0033922421862371266.
epoch 99: inverse train average loss 0.0009651789312354393.
epoch 99: inverse test average loss 0.003895895555615425.
forward model: training agent 4.
Epoch 0: forward train average loss 0.00030647037783637643.
epoch 0: forward test average loss 0.000563806013411118.
Epoch 99: forward train average loss 9.533147466653545e-05.
epoch 99: forward test average loss 0.0007002164816690816.
inverse model, training agent 4.
epoch 0: inverse train average loss 0.008969771986206373.
epoch 0: inverse test average loss 0.006501558650698926.
epoch 99: inverse train average loss 0.004762749032427867.
epoch 99: inverse test average loss 0.015202106287082037.
forward model: training agent 5.
Epoch 0: forward train average loss 0.001190032538337012.
epoch 0: forward test average loss 0.0013313457473284667.
Epoch 99: forward train average loss 0.0006048273062333465.
epoch 99: forward test average loss 0.00171775934803817.
inverse model, training agent 5.
epoch 0: inverse train average loss 0.006043660868373182.
epoch 0: inverse test average loss 0.009131430751747556.
epoch 99: inverse train average loss 0.004139471126513349.
epoch 99: inverse test average loss 0.006220057192775939.
forward model: training agent 6.
Epoch 0: forward train average loss 0.003373677014476723.
epoch 0: forward test average loss 0.004425947450929218.
Epoch 99: forward train average loss 0.0009686180985429221.
epoch 99: forward test average loss 0.002777584104074372.
inverse model, training agent 6.
epoch 0: inverse train average loss 0.003560377931636241.
epoch 0: inverse test average loss 0.0031661436789565617.
epoch 99: inverse train average loss 0.0018003390739775365.
epoch 99: inverse test average loss 0.005931270826194022.
Policy training episode: 52, grounded actions taken: 810, last two uncertainties: {0: [0.0, 0.0], 1: [0.0, 0.0], 2: [0.0, 0.0], 3: [0.0, 0.0], 4: [0.0, 0.0], 5: [0.0, 0.0], 6: [0.0, 0.0]}, avg agent uncertainties: [0.0, 0.0, 0.0, 0.0, 0.0, 0.0, 0.0], grounded actions by agent: [118, 114, 102, 115, 112, 123, 126]
Policy training episode: 52, iteration 0/1, policy training avg travel time:65.6303411725737, q_loss:4.708014488220215, rewards:-2.4383334689670138, queue:0.4257936507936508, delay:0.044955311124286954, throughput:3012
Sim Rollout episode:53/100, sim avg travel time:67.77516556291391, rewards:-2.7497233072916667, queue:0.4742063492063492, delay:0.04682058304075211, throughput:3012
Real rollout step:53/100, travel time:680.4302241503976, rewards:-27.61415744357639, queue:15.745238095238095, delay:0.23929830884176587, throughput:896
forward model: training agent 0.
Epoch 0: forward train average loss 0.001800640719011426.
epoch 0: forward test average loss 0.0017203063083191712.
Epoch 99: forward train average loss 0.0009819896400181784.
epoch 99: forward test average loss 0.0027198463471399415.
inverse model, training agent 0.
epoch 0: inverse train average loss 0.0009299544941414853.
epoch 0: inverse test average loss 0.002086783825082724.
epoch 99: inverse train average loss 0.00017441448087791086.
epoch 99: inverse test average loss 0.001376697017500798.
forward model: training agent 1.
Epoch 0: forward train average loss 0.0008832244461195336.
epoch 0: forward test average loss 0.0014790556290083462.
Epoch 99: forward train average loss 0.00023677643103938963.
epoch 99: forward test average loss 0.0013980149912337463.
inverse model, training agent 1.
epoch 0: inverse train average loss 0.002156617171648476.
epoch 0: inverse test average loss 0.0015299658860183423.
epoch 99: inverse train average loss 0.0011709369201627043.
epoch 99: inverse test average loss 0.001357517619099882.
forward model: training agent 2.
Epoch 0: forward train average loss 0.0003940698936478131.
epoch 0: forward test average loss 0.00042084936932143237.
Epoch 99: forward train average loss 0.0003403425087324447.
epoch 99: forward test average loss 0.0005580707349710994.
inverse model, training agent 2.
epoch 0: inverse train average loss 0.014801186612910695.
epoch 0: inverse test average loss 0.01821500062942505.
epoch 99: inverse train average loss 0.0048658835391203565.
epoch 99: inverse test average loss 0.0064144521537754275.
forward model: training agent 3.
Epoch 0: forward train average loss 0.0006343312949563066.
epoch 0: forward test average loss 0.0017668431003888447.
Epoch 99: forward train average loss 0.0002734706310244898.
epoch 99: forward test average loss 0.001459862312508954.
inverse model, training agent 3.
epoch 0: inverse train average loss 0.005793195424808396.
epoch 0: inverse test average loss 0.010513300697008768.
epoch 99: inverse train average loss 0.0016167913563549519.
epoch 99: inverse test average loss 0.002733284193608496.
forward model: training agent 4.
Epoch 0: forward train average loss 0.0002991413736405472.
epoch 0: forward test average loss 0.0005737486191921764.
Epoch 99: forward train average loss 9.337897063232958e-05.
epoch 99: forward test average loss 0.00046229759593390755.
inverse model, training agent 4.
epoch 0: inverse train average loss 0.008220734488632944.
epoch 0: inverse test average loss 0.007100619375705719.
epoch 99: inverse train average loss 0.0037158914945191806.
epoch 99: inverse test average loss 0.009352419939306047.
forward model: training agent 5.
Epoch 0: forward train average loss 0.0011757301528834635.
epoch 0: forward test average loss 0.0020157266408205032.
Epoch 99: forward train average loss 0.0005851112267312905.
epoch 99: forward test average loss 0.0016120816063549784.
inverse model, training agent 5.
epoch 0: inverse train average loss 0.009989759160412682.
epoch 0: inverse test average loss 0.01570314293106397.
epoch 99: inverse train average loss 0.007497986468176047.
epoch 99: inverse test average loss 0.009943983207146326.
forward model: training agent 6.
Epoch 0: forward train average loss 0.002343823719355795.
epoch 0: forward test average loss 0.004645187200771438.
Epoch 99: forward train average loss 0.000878313866754373.
epoch 99: forward test average loss 0.00317317143910461.
inverse model, training agent 6.
epoch 0: inverse train average loss 0.003112296082286371.
epoch 0: inverse test average loss 0.009381062040726343.
epoch 99: inverse train average loss 0.0012256948135068847.
epoch 99: inverse test average loss 0.00352666097589665.
Policy training episode: 53, grounded actions taken: 782, last two uncertainties: {0: [0.0, 0.0], 1: [0.0, 0.0], 2: [0.0, 0.0], 3: [0.0, 0.0], 4: [0.0, 0.0], 5: [0.0, 0.0], 6: [0.0, 0.0]}, avg agent uncertainties: [0.0, 0.0, 0.0, 0.0, 0.0, 0.0, 0.0], grounded actions by agent: [103, 121, 109, 125, 120, 102, 102]
Policy training episode: 53, iteration 0/1, policy training avg travel time:65.228987425546, q_loss:4.8082275390625, rewards:-2.6533330281575522, queue:0.46746031746031746, delay:0.045243678017268106, throughput:3011
Sim Rollout episode:54/100, sim avg travel time:63.02484266313349, rewards:-2.404722425672743, queue:0.38055555555555554, delay:0.0423284924219525, throughput:3012
Real rollout step:54/100, travel time:672.5693745506829, rewards:-30.894441731770833, queue:16.038492063492065, delay:0.2563494243319072, throughput:881
forward model: training agent 0.
Epoch 0: forward train average loss 0.003206459443188376.
epoch 0: forward test average loss 0.0030471009926663507.
Epoch 99: forward train average loss 0.0010803808302929003.
epoch 99: forward test average loss 0.0022153683627645173.
inverse model, training agent 0.
epoch 0: inverse train average loss 0.006983454804867506.
epoch 0: inverse test average loss 0.010827604288351722.
epoch 99: inverse train average loss 0.002305697442756759.
epoch 99: inverse test average loss 0.010972693148586486.
forward model: training agent 1.
Epoch 0: forward train average loss 0.0009909971591292156.
epoch 0: forward test average loss 0.0017820439922312896.
Epoch 99: forward train average loss 0.00040567362965602014.
epoch 99: forward test average loss 0.00269832079195314.
inverse model, training agent 1.
epoch 0: inverse train average loss 0.0018701908160841817.
epoch 0: inverse test average loss 0.0007971404540714704.
epoch 99: inverse train average loss 0.0009999422246538517.
epoch 99: inverse test average loss 0.0013460611614088218.
forward model: training agent 2.
Epoch 0: forward train average loss 0.0013905094884749916.
epoch 0: forward test average loss 0.0018718263341320886.
Epoch 99: forward train average loss 0.0003345086329823567.
epoch 99: forward test average loss 0.0007551982998847961.
inverse model, training agent 2.
epoch 0: inverse train average loss 0.005179867924501498.
epoch 0: inverse test average loss 0.010274055517382093.
epoch 99: inverse train average loss 0.0033839755018966067.
epoch 99: inverse test average loss 0.005084048439231183.
forward model: training agent 3.
Epoch 0: forward train average loss 0.0020184939882407584.
epoch 0: forward test average loss 0.002309780774845017.
Epoch 99: forward train average loss 0.0003784639605631431.
epoch 99: forward test average loss 0.0038647159106201595.
inverse model, training agent 3.
epoch 0: inverse train average loss 0.0050923933482004535.
epoch 0: inverse test average loss 0.004811270214203332.
epoch 99: inverse train average loss 0.00133254986980723.
epoch 99: inverse test average loss 0.0008180568628530535.
forward model: training agent 4.
Epoch 0: forward train average loss 0.0005531218808351292.
epoch 0: forward test average loss 0.0012768359285675818.
Epoch 99: forward train average loss 0.00012268285758586394.
epoch 99: forward test average loss 0.0005637293086490697.
inverse model, training agent 4.
epoch 0: inverse train average loss 0.01428627698785729.
epoch 0: inverse test average loss 0.02762866434123781.
epoch 99: inverse train average loss 0.006700751475161976.
epoch 99: inverse test average loss 0.008750157016846869.
forward model: training agent 5.
Epoch 0: forward train average loss 0.0011619628769242102.
epoch 0: forward test average loss 0.0016258193904327021.
Epoch 99: forward train average loss 0.0005377760519170099.
epoch 99: forward test average loss 0.0014794243292676078.
inverse model, training agent 5.
epoch 0: inverse train average loss 0.0067965637685524095.
epoch 0: inverse test average loss 0.018496024939748976.
epoch 99: inverse train average loss 0.006086967109392087.
epoch 99: inverse test average loss 0.019340073896778956.
forward model: training agent 6.
Epoch 0: forward train average loss 0.0037959196811748874.
epoch 0: forward test average loss 0.004084407972792785.
Epoch 99: forward train average loss 0.0010353759991832906.
epoch 99: forward test average loss 0.0033492323839002186.
inverse model, training agent 6.
epoch 0: inverse train average loss 0.0024721349279085794.
epoch 0: inverse test average loss 0.005585477583938175.
epoch 99: inverse train average loss 0.0008066909180747138.
epoch 99: inverse test average loss 0.012917399406433105.
Policy training episode: 54, grounded actions taken: 849, last two uncertainties: {0: [0.0, 0.0], 1: [0.0, 0.0], 2: [0.0, 0.0], 3: [0.0, 0.0], 4: [0.0, 0.0], 5: [0.0, 0.0], 6: [0.0, 0.0]}, avg agent uncertainties: [0.0, 0.0, 0.0, 0.0, 0.0, 0.0, 0.0], grounded actions by agent: [122, 111, 127, 116, 131, 126, 116]
Policy training episode: 54, iteration 0/1, policy training avg travel time:63.78569062603511, q_loss:4.591729164123535, rewards:-2.654444376627604, queue:0.43492063492063493, delay:0.043781798226492745, throughput:3012
Sim Rollout episode:55/100, sim avg travel time:63.6771523178808, rewards:-2.5069444444444446, queue:0.4242063492063492, delay:0.04342363448370071, throughput:3012
Real rollout step:55/100, travel time:829.2, rewards:-32.29415690104167, queue:17.135714285714286, delay:0.27333509657118055, throughput:769
forward model: training agent 0.
Epoch 0: forward train average loss 0.004649576524065601.
epoch 0: forward test average loss 0.00569529314008024.
Epoch 99: forward train average loss 0.0006962748658325938.
epoch 99: forward test average loss 0.0014631999656558037.
inverse model, training agent 0.
epoch 0: inverse train average loss 0.002285968822737535.
epoch 0: inverse test average loss 0.0018763050643934144.
epoch 99: inverse train average loss 7.006176504849766e-05.
epoch 99: inverse test average loss 4.181337216222245e-05.
forward model: training agent 1.
Epoch 0: forward train average loss 0.0004906355299883418.
epoch 0: forward test average loss 0.0011779126297268602.
Epoch 99: forward train average loss 0.0002558776856555293.
epoch 99: forward test average loss 0.002025316883292463.
inverse model, training agent 1.
epoch 0: inverse train average loss 0.006438272177345223.
epoch 0: inverse test average loss 0.008180410911639532.
epoch 99: inverse train average loss 0.0016881368937902153.
epoch 99: inverse test average loss 0.0024960474499190846.
forward model: training agent 2.
Epoch 0: forward train average loss 0.0013055029169966776.
epoch 0: forward test average loss 0.0018967436626553535.
Epoch 99: forward train average loss 0.0003146647229894168.
epoch 99: forward test average loss 0.0007670411012238926.
inverse model, training agent 2.
epoch 0: inverse train average loss 0.004811959806829691.
epoch 0: inverse test average loss 0.011499320881234275.
epoch 99: inverse train average loss 0.0035292586415178245.
epoch 99: inverse test average loss 0.007568584755063057.
forward model: training agent 3.
Epoch 0: forward train average loss 0.001406950966662003.
epoch 0: forward test average loss 0.002346175412336985.
Epoch 99: forward train average loss 0.00032275741493018967.
epoch 99: forward test average loss 0.0020673171513610417.
inverse model, training agent 3.
epoch 0: inverse train average loss 0.008658249914232228.
epoch 0: inverse test average loss 0.007512297688259019.
epoch 99: inverse train average loss 0.0025558576970878574.
epoch 99: inverse test average loss 0.001201535885532697.
forward model: training agent 4.
Epoch 0: forward train average loss 0.0010482262910550667.
epoch 0: forward test average loss 0.0012062143844862778.
Epoch 99: forward train average loss 0.00011171705247963675.
epoch 99: forward test average loss 0.00046275765635073185.
inverse model, training agent 4.
epoch 0: inverse train average loss 0.010741524812248018.
epoch 0: inverse test average loss 0.012494146823883057.
epoch 99: inverse train average loss 0.0033819747364355456.
epoch 99: inverse test average loss 0.004629021717442406.
forward model: training agent 5.
Epoch 0: forward train average loss 0.0012517304599492087.
epoch 0: forward test average loss 0.0023843016889360216.
Epoch 99: forward train average loss 0.0004450287605221901.
epoch 99: forward test average loss 0.0012599084422820145.
inverse model, training agent 5.
epoch 0: inverse train average loss 0.006682760910027557.
epoch 0: inverse test average loss 0.008281491903795136.
epoch 99: inverse train average loss 0.00546673871576786.
epoch 99: inverse test average loss 0.00726385476688544.
forward model: training agent 6.
Epoch 0: forward train average loss 0.0045424218599994974.
epoch 0: forward test average loss 0.004945109494858318.
Epoch 99: forward train average loss 0.0007833115523681045.
epoch 99: forward test average loss 0.0026712745635045897.
inverse model, training agent 6.
epoch 0: inverse train average loss 0.0014484265508751075.
epoch 0: inverse test average loss 0.0033614370178030287.
epoch 99: inverse train average loss 0.0006394513394399029.
epoch 99: inverse test average loss 0.0025395957248595855.
Policy training episode: 55, grounded actions taken: 854, last two uncertainties: {0: [0.0, 0.0], 1: [0.0, 0.0], 2: [0.0, 0.0], 3: [0.0, 0.0], 4: [0.0, 0.0], 5: [0.0, 0.0], 6: [0.0, 0.0]}, avg agent uncertainties: [0.0, 0.0, 0.0, 0.0, 0.0, 0.0, 0.0], grounded actions by agent: [119, 112, 129, 122, 125, 122, 125]
Policy training episode: 55, iteration 0/1, policy training avg travel time:65.06854304635762, q_loss:4.664165496826172, rewards:-2.6416663275824654, queue:0.46190476190476193, delay:0.046027132064577134, throughput:3011
Sim Rollout episode:56/100, sim avg travel time:62.93781012239497, rewards:-1.9811116536458333, queue:0.38373015873015875, delay:0.041079191177610365, throughput:3012
Real rollout step:56/100, travel time:568.6787564766839, rewards:-26.50666775173611, queue:15.164285714285715, delay:0.2257444351438492, throughput:1029
forward model: training agent 0.
Epoch 0: forward train average loss 0.003670222384648191.
epoch 0: forward test average loss 0.0037954247867067656.
Epoch 99: forward train average loss 0.0010084001761343745.
epoch 99: forward test average loss 0.001735352807574802.
inverse model, training agent 0.
epoch 0: inverse train average loss 0.003969251281685299.
epoch 0: inverse test average loss 0.005120918500728698.
epoch 99: inverse train average loss 0.001014982311365505.
epoch 99: inverse test average loss 0.0022644988105942807.
forward model: training agent 1.
Epoch 0: forward train average loss 0.0012229729909449816.
epoch 0: forward test average loss 0.0027913396350211566.
Epoch 99: forward train average loss 0.0005364520410593185.
epoch 99: forward test average loss 0.001807564093420903.
inverse model, training agent 1.
epoch 0: inverse train average loss 0.004499766665200393.
epoch 0: inverse test average loss 0.0055396341615253026.
epoch 99: inverse train average loss 0.00157310514866064.
epoch 99: inverse test average loss 0.0033925562683078977.
forward model: training agent 2.
Epoch 0: forward train average loss 0.0006969341193325818.
epoch 0: forward test average loss 0.0008803380187600851.
Epoch 99: forward train average loss 0.00038323669771974284.
epoch 99: forward test average loss 0.001946273156338268.
inverse model, training agent 2.
epoch 0: inverse train average loss 0.004018741763300366.
epoch 0: inverse test average loss 0.006029548744360606.
epoch 99: inverse train average loss 0.0031079712530805003.
epoch 99: inverse test average loss 0.005008369063337644.
forward model: training agent 3.
Epoch 0: forward train average loss 0.0023852824492173064.
epoch 0: forward test average loss 0.005834698056181272.
Epoch 99: forward train average loss 0.0005946822089350058.
epoch 99: forward test average loss 0.0032471194863319397.
inverse model, training agent 3.
epoch 0: inverse train average loss 0.00820454510135783.
epoch 0: inverse test average loss 0.008082560987936126.
epoch 99: inverse train average loss 0.0017099465217648281.
epoch 99: inverse test average loss 0.0015886156276489298.
forward model: training agent 4.
Epoch 0: forward train average loss 0.0007048148092710309.
epoch 0: forward test average loss 0.0015352448552019065.
Epoch 99: forward train average loss 0.00016845581315768263.
epoch 99: forward test average loss 0.0008728979414121972.
inverse model, training agent 4.
epoch 0: inverse train average loss 0.005430189478728507.
epoch 0: inverse test average loss 0.007443119254377153.
epoch 99: inverse train average loss 0.004005454894569185.
epoch 99: inverse test average loss 0.009174094224969545.
forward model: training agent 5.
Epoch 0: forward train average loss 0.001325261468688647.
epoch 0: forward test average loss 0.0018494449452393586.
Epoch 99: forward train average loss 0.0006329086803210279.
epoch 99: forward test average loss 0.002044942540427049.
inverse model, training agent 5.
epoch 0: inverse train average loss 0.007921673564447297.
epoch 0: inverse test average loss 0.016673355880710814.
epoch 99: inverse train average loss 0.00625157935751809.
epoch 99: inverse test average loss 0.010753010710080465.
forward model: training agent 6.
Epoch 0: forward train average loss 0.003658006795578533.
epoch 0: forward test average loss 0.006133385623494784.
Epoch 99: forward train average loss 0.0009337931405752897.
epoch 99: forward test average loss 0.003188223060634401.
inverse model, training agent 6.
epoch 0: inverse train average loss 0.0016208108993143672.
epoch 0: inverse test average loss 0.0047515566564268535.
epoch 99: inverse train average loss 0.0010667411325913337.
epoch 99: inverse test average loss 0.002710862764312575.
Policy training episode: 56, grounded actions taken: 848, last two uncertainties: {0: [0.0, 0.0], 1: [0.0, 0.0], 2: [0.0, 0.0], 3: [0.0, 0.0], 4: [0.0, 0.0], 5: [0.0, 0.0], 6: [0.0, 0.0]}, avg agent uncertainties: [0.0, 0.0, 0.0, 0.0, 0.0, 0.0, 0.0], grounded actions by agent: [130, 105, 127, 122, 123, 115, 126]
Policy training episode: 56, iteration 0/1, policy training avg travel time:63.487748344370864, q_loss:4.644589424133301, rewards:-2.3424994574652778, queue:0.41349206349206347, delay:0.043184891958085315, throughput:3012
Sim Rollout episode:57/100, sim avg travel time:63.30165562913907, rewards:-2.2302788628472223, queue:0.39325396825396824, delay:0.04202969263470362, throughput:3012
Real rollout step:57/100, travel time:619.293006993007, rewards:-24.418608940972224, queue:14.963888888888889, delay:0.23797791496155754, throughput:955
forward model: training agent 0.
Epoch 0: forward train average loss 0.0019780690264370707.
epoch 0: forward test average loss 0.0028820879136522612.
Epoch 99: forward train average loss 0.0010297273854828542.
epoch 99: forward test average loss 0.002174182277586725.
inverse model, training agent 0.
epoch 0: inverse train average loss 0.0007166686765332189.
epoch 0: inverse test average loss 0.0024730487623148495.
epoch 99: inverse train average loss 0.0002500993577996269.
epoch 99: inverse test average loss 0.0003152118313462577.
forward model: training agent 1.
Epoch 0: forward train average loss 0.0009116151680548986.
epoch 0: forward test average loss 0.0013430827918152015.
Epoch 99: forward train average loss 0.0004135412228707638.
epoch 99: forward test average loss 0.0010131385772385532.
inverse model, training agent 1.
epoch 0: inverse train average loss 0.0015671540685515436.
epoch 0: inverse test average loss 0.0039050493699808917.
epoch 99: inverse train average loss 0.0011440382740046415.
epoch 99: inverse test average loss 0.0035795405403607422.
forward model: training agent 2.
Epoch 0: forward train average loss 0.000622653499400864.
epoch 0: forward test average loss 0.0013799964864220885.
Epoch 99: forward train average loss 0.0003342565485379762.
epoch 99: forward test average loss 0.000916784732706017.
inverse model, training agent 2.
epoch 0: inverse train average loss 0.004014606794549359.
epoch 0: inverse test average loss 0.0046935783078273135.
epoch 99: inverse train average loss 0.0025014519018845428.
epoch 99: inverse test average loss 0.003946776191393535.
forward model: training agent 3.
Epoch 0: forward train average loss 0.001910912131683694.
epoch 0: forward test average loss 0.0030278602821959388.
Epoch 99: forward train average loss 0.00046850261019749776.
epoch 99: forward test average loss 0.0016935790319823557.
inverse model, training agent 3.
epoch 0: inverse train average loss 0.002000432280409667.
epoch 0: inverse test average loss 0.0014051859680977133.
epoch 99: inverse train average loss 0.0011139079255776273.
epoch 99: inverse test average loss 0.0006106479882469608.
forward model: training agent 4.
Epoch 0: forward train average loss 0.0003763253270234499.
epoch 0: forward test average loss 0.0009058586373511287.
Epoch 99: forward train average loss 0.0001240871141716424.
epoch 99: forward test average loss 0.0009222692396077844.
inverse model, training agent 4.
epoch 0: inverse train average loss 0.006646551605727937.
epoch 0: inverse test average loss 0.007476499925057094.
epoch 99: inverse train average loss 0.0030170282762911585.
epoch 99: inverse test average loss 0.012787923216819763.
forward model: training agent 5.
Epoch 0: forward train average loss 0.0010642985839189754.
epoch 0: forward test average loss 0.002095133894019657.
Epoch 99: forward train average loss 0.0005023323206437959.
epoch 99: forward test average loss 0.001514729836748706.
inverse model, training agent 5.
epoch 0: inverse train average loss 0.0075824570117725264.
epoch 0: inverse test average loss 0.016889026595486537.
epoch 99: inverse train average loss 0.0063054947596457266.
epoch 99: inverse test average loss 0.013730154062310854.
forward model: training agent 6.
Epoch 0: forward train average loss 0.0027979438503583274.
epoch 0: forward test average loss 0.003918668462170495.
Epoch 99: forward train average loss 0.0008854897071917852.
epoch 99: forward test average loss 0.002889624796807766.
inverse model, training agent 6.
epoch 0: inverse train average loss 0.0033020633014125955.
epoch 0: inverse test average loss 0.00994335999712348.
epoch 99: inverse train average loss 0.0019359435213522778.
epoch 99: inverse test average loss 0.0044626955770783955.
Policy training episode: 57, grounded actions taken: 824, last two uncertainties: {0: [0.0, 0.0], 1: [0.0, 0.0], 2: [0.0, 0.0], 3: [0.0, 0.0], 4: [0.0, 0.0], 5: [0.0, 0.0], 6: [0.0, 0.0]}, avg agent uncertainties: [0.0, 0.0, 0.0, 0.0, 0.0, 0.0, 0.0], grounded actions by agent: [122, 123, 117, 112, 117, 106, 127]
Policy training episode: 57, iteration 0/1, policy training avg travel time:63.41939755047997, q_loss:4.727750778198242, rewards:-2.52638922797309, queue:0.42698412698412697, delay:0.044310466826908174, throughput:3012
Sim Rollout episode:58/100, sim avg travel time:65.81833223031106, rewards:-2.596389431423611, queue:0.430952380952381, delay:0.04391854301331535, throughput:3012
Real rollout step:58/100, travel time:618.8877118644068, rewards:-24.844721137152778, queue:15.132539682539683, delay:0.22477077907986112, throughput:948
forward model: training agent 0.
Epoch 0: forward train average loss 0.0022131731837160057.
epoch 0: forward test average loss 0.0031419405713677406.
Epoch 99: forward train average loss 0.0009213993843230936.
epoch 99: forward test average loss 0.002373807235724396.
inverse model, training agent 0.
epoch 0: inverse train average loss 0.0005935978584198488.
epoch 0: inverse test average loss 0.0011328738861872505.
epoch 99: inverse train average loss 0.00023302749953775978.
epoch 99: inverse test average loss 0.002284823658151759.
forward model: training agent 1.
Epoch 0: forward train average loss 0.0007488861705900894.
epoch 0: forward test average loss 0.001269721762380666.
Epoch 99: forward train average loss 0.0004669101326726377.
epoch 99: forward test average loss 0.0014143073155234258.
inverse model, training agent 1.
epoch 0: inverse train average loss 0.0022613779227766725.
epoch 0: inverse test average loss 0.0009438090233339204.
epoch 99: inverse train average loss 0.001183110780807005.
epoch 99: inverse test average loss 0.0013059239524106185.
forward model: training agent 2.
Epoch 0: forward train average loss 0.000594566058781412.
epoch 0: forward test average loss 0.0015053666817645233.
Epoch 99: forward train average loss 0.0003560640422316889.
epoch 99: forward test average loss 0.0011225384142663744.
inverse model, training agent 2.
epoch 0: inverse train average loss 0.002764993515383038.
epoch 0: inverse test average loss 0.0073781416027082335.
epoch 99: inverse train average loss 0.0018898839027517373.
epoch 99: inverse test average loss 0.003836367486251725.
forward model: training agent 3.
Epoch 0: forward train average loss 0.0016267768417795498.
epoch 0: forward test average loss 0.0022491347044706345.
Epoch 99: forward train average loss 0.0003999069837542872.
epoch 99: forward test average loss 0.002732133078906271.
inverse model, training agent 3.
epoch 0: inverse train average loss 0.0034840424195863307.
epoch 0: inverse test average loss 0.004491649037744436.
epoch 99: inverse train average loss 0.0011087645349713664.
epoch 99: inverse test average loss 0.0013001358666871157.
forward model: training agent 4.
Epoch 0: forward train average loss 0.00041346246143803.
epoch 0: forward test average loss 0.0014882817760937745.
Epoch 99: forward train average loss 0.0001150261329409356.
epoch 99: forward test average loss 0.0013111287779692146.
inverse model, training agent 4.
epoch 0: inverse train average loss 0.009229844539529748.
epoch 0: inverse test average loss 0.02514649762047662.
epoch 99: inverse train average loss 0.0046405500421921415.
epoch 99: inverse test average loss 0.01054589202006658.
forward model: training agent 5.
Epoch 0: forward train average loss 0.000828540172531373.
epoch 0: forward test average loss 0.001910567387110657.
Epoch 99: forward train average loss 0.00043370989280649356.
epoch 99: forward test average loss 0.0016901267485486136.
inverse model, training agent 5.
epoch 0: inverse train average loss 0.007076675693194072.
epoch 0: inverse test average loss 0.027906164526939392.
epoch 99: inverse train average loss 0.0032295099356108243.
epoch 99: inverse test average loss 0.012684285226795409.
forward model: training agent 6.
Epoch 0: forward train average loss 0.0023887154853178393.
epoch 0: forward test average loss 0.0031089747531546485.
Epoch 99: forward train average loss 0.0008462002475021614.
epoch 99: forward test average loss 0.0025573143114646277.
inverse model, training agent 6.
epoch 0: inverse train average loss 0.001755306962877512.
epoch 0: inverse test average loss 0.0027419381205820376.
epoch 99: inverse train average loss 0.0009947522258799938.
epoch 99: inverse test average loss 0.006000046721763081.
Policy training episode: 58, grounded actions taken: 867, last two uncertainties: {0: [0.0, 0.0], 1: [0.0, 0.0], 2: [0.0, 0.0], 3: [0.0, 0.0], 4: [0.0, 0.0], 5: [0.0, 0.0], 6: [0.0, 0.0]}, avg agent uncertainties: [0.0, 0.0, 0.0, 0.0, 0.0, 0.0, 0.0], grounded actions by agent: [124, 130, 128, 99, 127, 132, 127]
Policy training episode: 58, iteration 0/1, policy training avg travel time:68.64105960264901, q_loss:4.355319976806641, rewards:-2.4338887532552085, queue:0.4170634920634921, delay:0.04446989997984871, throughput:3012
Sim Rollout episode:59/100, sim avg travel time:63.11490066225166, rewards:-2.288888210720486, queue:0.3948412698412698, delay:0.04153611319405692, throughput:3012
Real rollout step:59/100, travel time:655.9220314735336, rewards:-31.081944444444446, queue:15.84920634920635, delay:0.23888598245287698, throughput:897
forward model: training agent 0.
Epoch 0: forward train average loss 0.0022940278156763977.
epoch 0: forward test average loss 0.002503396115369267.
Epoch 99: forward train average loss 0.0009932234598737624.
epoch 99: forward test average loss 0.0014693803774813812.
inverse model, training agent 0.
epoch 0: inverse train average loss 0.0070682551918758284.
epoch 0: inverse test average loss 0.0029505502995258817.
epoch 99: inverse train average loss 0.0021005044432563912.
epoch 99: inverse test average loss 0.0029039583686325285.
forward model: training agent 1.
Epoch 0: forward train average loss 0.0006447351641125149.
epoch 0: forward test average loss 0.0016127442941069603.
Epoch 99: forward train average loss 0.00029886036322245165.
epoch 99: forward test average loss 0.001156152044940326.
inverse model, training agent 1.
epoch 0: inverse train average loss 0.00237954115598566.
epoch 0: inverse test average loss 0.003574705786175198.
epoch 99: inverse train average loss 0.0009350254032243458.
epoch 99: inverse test average loss 0.0023751456497444045.
forward model: training agent 2.
Epoch 0: forward train average loss 0.0005243972150815858.
epoch 0: forward test average loss 0.0007577335927635431.
Epoch 99: forward train average loss 0.000340168115346589.
epoch 99: forward test average loss 0.0011371646800802813.
inverse model, training agent 2.
epoch 0: inverse train average loss 0.01462733724878894.
epoch 0: inverse test average loss 0.020804598099655576.
epoch 99: inverse train average loss 0.005183504997856087.
epoch 99: inverse test average loss 0.00671977156566249.
forward model: training agent 3.
Epoch 0: forward train average loss 0.0009997600508439872.
epoch 0: forward test average loss 0.0020244291776584256.
Epoch 99: forward train average loss 0.0003461371298827645.
epoch 99: forward test average loss 0.0027653141361143854.
inverse model, training agent 3.
epoch 0: inverse train average loss 0.004536507599469688.
epoch 0: inverse test average loss 0.0013926909563855992.
epoch 99: inverse train average loss 0.0008892093416458616.
epoch 99: inverse test average loss 0.00023183611079326106.
forward model: training agent 4.
Epoch 0: forward train average loss 0.0002964803004740841.
epoch 0: forward test average loss 0.001131505084534486.
Epoch 99: forward train average loss 0.00010238245077845122.
epoch 99: forward test average loss 0.0008699413802888659.
inverse model, training agent 4.
epoch 0: inverse train average loss 0.0061485447610418005.
epoch 0: inverse test average loss 0.0057437847264938885.
epoch 99: inverse train average loss 0.00399665084357063.
epoch 99: inverse test average loss 0.0043407597372101415.
forward model: training agent 5.
Epoch 0: forward train average loss 0.0013608145527541637.
epoch 0: forward test average loss 0.0017820421813262834.
Epoch 99: forward train average loss 0.0005263626355574363.
epoch 99: forward test average loss 0.0011795151254369153.
inverse model, training agent 5.
epoch 0: inverse train average loss 0.002719104341748688.
epoch 0: inverse test average loss 0.021311668679118156.
epoch 99: inverse train average loss 0.0021365262154075834.
epoch 99: inverse test average loss 0.011523752990696166.
forward model: training agent 6.
Epoch 0: forward train average loss 0.00319994841184881.
epoch 0: forward test average loss 0.003468478719393412.
Epoch 99: forward train average loss 0.000898903274598221.
epoch 99: forward test average loss 0.002531816044615375.
inverse model, training agent 6.
epoch 0: inverse train average loss 0.0025981277770673237.
epoch 0: inverse test average loss 0.005784362554550171.
epoch 99: inverse train average loss 0.0013623167243268755.
epoch 99: inverse test average loss 0.0021733978970183265.
Policy training episode: 59, grounded actions taken: 786, last two uncertainties: {0: [0.0, 0.0], 1: [0.0, 0.0], 2: [0.0, 0.0], 3: [0.0, 0.0], 4: [0.0, 0.0], 5: [0.0, 0.0], 6: [0.0, 0.0]}, avg agent uncertainties: [0.0, 0.0, 0.0, 0.0, 0.0, 0.0, 0.0], grounded actions by agent: [115, 123, 116, 100, 103, 113, 116]
Policy training episode: 59, iteration 0/1, policy training avg travel time:63.84299436899636, q_loss:4.339379787445068, rewards:-2.566389634874132, queue:0.44007936507936507, delay:0.04366929190499442, throughput:3011
Sim Rollout episode:60/100, sim avg travel time:70.56887417218543, rewards:-2.483054945203993, queue:0.4174603174603175, delay:0.04409204513307602, throughput:3011
Real rollout step:60/100, travel time:665.8424460431655, rewards:-33.334722222222226, queue:15.65079365079365, delay:0.2506011478484623, throughput:872
forward model: training agent 0.
Epoch 0: forward train average loss 0.0034831570875313547.
epoch 0: forward test average loss 0.00559848981599013.
Epoch 99: forward train average loss 0.0008873372312842144.
epoch 99: forward test average loss 0.001536402747862869.
inverse model, training agent 0.
epoch 0: inverse train average loss 0.002113757318713599.
epoch 0: inverse test average loss 0.0015084364018144293.
epoch 99: inverse train average loss 0.0009316730882144637.
epoch 99: inverse test average loss 0.0014109147434485042.
forward model: training agent 1.
Epoch 0: forward train average loss 0.0011270465587990151.
epoch 0: forward test average loss 0.0023411765901578795.
Epoch 99: forward train average loss 0.00029469568592806655.
epoch 99: forward test average loss 0.001667105799747838.
inverse model, training agent 1.
epoch 0: inverse train average loss 0.0022397947032004595.
epoch 0: inverse test average loss 0.011473868249191178.
epoch 99: inverse train average loss 0.0008099343330185446.
epoch 99: inverse test average loss 0.002838246524333954.
forward model: training agent 2.
Epoch 0: forward train average loss 0.0005069489965939687.
epoch 0: forward test average loss 0.0007499337144609955.
Epoch 99: forward train average loss 0.0003177458323383083.
epoch 99: forward test average loss 0.000885502357656757.
inverse model, training agent 2.
epoch 0: inverse train average loss 0.0038260667998757628.
epoch 0: inverse test average loss 0.004837566158837742.
epoch 99: inverse train average loss 0.0011628544371989039.
epoch 99: inverse test average loss 0.0034824909849299323.
forward model: training agent 3.
Epoch 0: forward train average loss 0.0013321506299285425.
epoch 0: forward test average loss 0.002561492948896355.
Epoch 99: forward train average loss 0.0003169193708648284.
epoch 99: forward test average loss 0.0016002838448103932.
inverse model, training agent 3.
epoch 0: inverse train average loss 0.0015354350552014592.
epoch 0: inverse test average loss 0.00019773863540548418.
epoch 99: inverse train average loss 0.0006423896799484888.
epoch 99: inverse test average loss 0.0001225246669491753.
forward model: training agent 4.
Epoch 0: forward train average loss 0.0003568759614912172.
epoch 0: forward test average loss 0.0010550993805130322.
Epoch 99: forward train average loss 0.0001031477974417309.
epoch 99: forward test average loss 0.0011368591545356645.
inverse model, training agent 4.
epoch 0: inverse train average loss 0.009062122657067247.
epoch 0: inverse test average loss 0.013088338904910617.
epoch 99: inverse train average loss 0.005214146804064512.
epoch 99: inverse test average loss 0.004074817005958822.
forward model: training agent 5.
Epoch 0: forward train average loss 0.0012722655535779065.
epoch 0: forward test average loss 0.0017887658129135768.
Epoch 99: forward train average loss 0.0004917396129005485.
epoch 99: forward test average loss 0.00136283366009593.
inverse model, training agent 5.
epoch 0: inverse train average loss 0.005833838600665331.
epoch 0: inverse test average loss 0.007994592189788818.
epoch 99: inverse train average loss 0.003173795011308458.
epoch 99: inverse test average loss 0.006096569821238518.
forward model: training agent 6.
Epoch 0: forward train average loss 0.004266761502044069.
epoch 0: forward test average loss 0.005057297233078215.
Epoch 99: forward train average loss 0.000775077677745786.
epoch 99: forward test average loss 0.0025008165587981543.
inverse model, training agent 6.
epoch 0: inverse train average loss 0.0017866427596244547.
epoch 0: inverse test average loss 0.008938800026145246.
epoch 99: inverse train average loss 0.0009046582336951462.
epoch 99: inverse test average loss 0.007735144967834155.
Policy training episode: 60, grounded actions taken: 839, last two uncertainties: {0: [0.0, 0.0], 1: [0.0, 0.0], 2: [0.0, 0.0], 3: [0.0, 0.0], 4: [0.0, 0.0], 5: [0.0, 0.0], 6: [0.0, 0.0]}, avg agent uncertainties: [0.0, 0.0, 0.0, 0.0, 0.0, 0.0, 0.0], grounded actions by agent: [108, 110, 126, 120, 121, 127, 127]
Policy training episode: 60, iteration 0/1, policy training avg travel time:68.51125827814569, q_loss:4.1931023597717285, rewards:-2.5530565049913196, queue:0.4301587301587302, delay:0.04509520152258494, throughput:3012
Sim Rollout episode:61/100, sim avg travel time:67.4251655629139, rewards:-2.4316663953993056, queue:0.4023809523809524, delay:0.04326485527886285, throughput:3012
Real rollout step:61/100, travel time:795.1231828615149, rewards:-29.663047960069445, queue:17.182539682539684, delay:0.2731268746512277, throughput:785
forward model: training agent 0.
Epoch 0: forward train average loss 0.0048696244032018715.
epoch 0: forward test average loss 0.004446985613968637.
Epoch 99: forward train average loss 0.001006445459400614.
epoch 99: forward test average loss 0.00177669706236985.
inverse model, training agent 0.
epoch 0: inverse train average loss 0.000821352852249725.
epoch 0: inverse test average loss 0.0006832308653328153.
epoch 99: inverse train average loss 2.702589502708482e-06.
epoch 99: inverse test average loss 6.450786915795308e-06.
forward model: training agent 1.
Epoch 0: forward train average loss 0.0009272108048511049.
epoch 0: forward test average loss 0.0012356477479139965.
Epoch 99: forward train average loss 0.0002704768056800175.
epoch 99: forward test average loss 0.0009131851838901639.
inverse model, training agent 1.
epoch 0: inverse train average loss 0.0017728784328533544.
epoch 0: inverse test average loss 0.0025406492253144584.
epoch 99: inverse train average loss 0.0005985190962544746.
epoch 99: inverse test average loss 0.0021721235372953946.
forward model: training agent 2.
Epoch 0: forward train average loss 0.0005015240814019409.
epoch 0: forward test average loss 0.0009532849718299177.
Epoch 99: forward train average loss 0.00029742582895172137.
epoch 99: forward test average loss 0.0009682317160897785.
inverse model, training agent 2.
epoch 0: inverse train average loss 0.01621574577358034.
epoch 0: inverse test average loss 0.03630380001333025.
epoch 99: inverse train average loss 0.005820346064865589.
epoch 99: inverse test average loss 0.015384086304240756.
forward model: training agent 3.
Epoch 0: forward train average loss 0.0012043765099305245.
epoch 0: forward test average loss 0.00234166719019413.
Epoch 99: forward train average loss 0.0003397887016439603.
epoch 99: forward test average loss 0.001326324651017785.
inverse model, training agent 3.
epoch 0: inverse train average loss 0.0009000045312051144.
epoch 0: inverse test average loss 0.0010425549569643205.
epoch 99: inverse train average loss 0.0005176269559241417.
epoch 99: inverse test average loss 0.0006656175068605484.
forward model: training agent 4.
Epoch 0: forward train average loss 0.00036111678087359504.
epoch 0: forward test average loss 0.0009542012380229102.
Epoch 99: forward train average loss 9.519578856674748e-05.
epoch 99: forward test average loss 0.0006796521548595694.
inverse model, training agent 4.
epoch 0: inverse train average loss 0.00634318631556299.
epoch 0: inverse test average loss 0.007130502723157406.
epoch 99: inverse train average loss 0.003558998125501805.
epoch 99: inverse test average loss 0.011834887994660271.
forward model: training agent 5.
Epoch 0: forward train average loss 0.0012555991739241614.
epoch 0: forward test average loss 0.0018809397911859883.
Epoch 99: forward train average loss 0.00039350201324042346.
epoch 99: forward test average loss 0.0015647209559877713.
inverse model, training agent 5.
epoch 0: inverse train average loss 0.0024516134419374997.
epoch 0: inverse test average loss 0.00392154117839204.
epoch 99: inverse train average loss 0.0015820486264096366.
epoch 99: inverse test average loss 0.004554919898509979.
forward model: training agent 6.
Epoch 0: forward train average loss 0.009396735164854262.
epoch 0: forward test average loss 0.008199037363131842.
Epoch 99: forward train average loss 0.0009727770617852608.
epoch 99: forward test average loss 0.003144440758559439.
inverse model, training agent 6.
epoch 0: inverse train average loss 0.0018632403678364223.
epoch 0: inverse test average loss 0.0036710592814617688.
epoch 99: inverse train average loss 0.0010758167417306039.
epoch 99: inverse test average loss 0.002250011430684632.
Policy training episode: 61, grounded actions taken: 800, last two uncertainties: {0: [0.0, 0.0], 1: [0.0, 0.0], 2: [0.0, 0.0], 3: [0.0, 0.0], 4: [0.0, 0.0], 5: [0.0, 0.0], 6: [0.0, 0.0]}, avg agent uncertainties: [0.0, 0.0, 0.0, 0.0, 0.0, 0.0, 0.0], grounded actions by agent: [121, 99, 125, 108, 112, 123, 112]
Policy training episode: 61, iteration 0/1, policy training avg travel time:64.42828751242133, q_loss:4.180634498596191, rewards:-2.317777845594618, queue:0.39920634920634923, delay:0.04249317532493955, throughput:3012
Sim Rollout episode:62/100, sim avg travel time:63.08937437934459, rewards:-2.386111619737413, queue:0.4083333333333333, delay:0.04277936541844928, throughput:3012
Real rollout step:62/100, travel time:821.5451638689049, rewards:-35.23277452256944, queue:17.531349206349205, delay:0.2765759907071553, throughput:752
forward model: training agent 0.
Epoch 0: forward train average loss 0.003924278076738119.
epoch 0: forward test average loss 0.004118300456967618.
Epoch 99: forward train average loss 0.0011227637943294314.
epoch 99: forward test average loss 0.0017714330719576941.
inverse model, training agent 0.
epoch 0: inverse train average loss 0.014592191825310389.
epoch 0: inverse test average loss 0.034174865318669215.
epoch 99: inverse train average loss 0.002437212245745791.
epoch 99: inverse test average loss 0.002230226088108288.
forward model: training agent 1.
Epoch 0: forward train average loss 0.00042430352833535936.
epoch 0: forward test average loss 0.0014751448502971067.
Epoch 99: forward train average loss 0.00024638056735663366.
epoch 99: forward test average loss 0.0031499675371580655.
inverse model, training agent 1.
epoch 0: inverse train average loss 0.004120747688122922.
epoch 0: inverse test average loss 0.0025132537509004274.
epoch 99: inverse train average loss 0.0015587498589108388.
epoch 99: inverse test average loss 0.0016611479691669552.
forward model: training agent 2.
Epoch 0: forward train average loss 0.000367173355900579.
epoch 0: forward test average loss 0.000792843574244115.
Epoch 99: forward train average loss 0.00033814640482887626.
epoch 99: forward test average loss 0.0012959095183759928.
inverse model, training agent 2.
epoch 0: inverse train average loss 0.004947662250035339.
epoch 0: inverse test average loss 0.01548007544544008.
epoch 99: inverse train average loss 0.002657333854585886.
epoch 99: inverse test average loss 0.007812629971239302.
forward model: training agent 3.
Epoch 0: forward train average loss 0.0007192129204567107.
epoch 0: forward test average loss 0.0018506991780466503.
Epoch 99: forward train average loss 0.000286538425522546.
epoch 99: forward test average loss 0.0015030176792707709.
inverse model, training agent 3.
epoch 0: inverse train average loss 0.0011808358701980775.
epoch 0: inverse test average loss 0.0009808195043458706.
epoch 99: inverse train average loss 0.00048701426001369127.
epoch 99: inverse test average loss 0.001787178580545717.
forward model: training agent 4.
Epoch 0: forward train average loss 0.00021151421727457395.
epoch 0: forward test average loss 0.0007200334997226795.
Epoch 99: forward train average loss 8.913149213185534e-05.
epoch 99: forward test average loss 0.000689728625325693.
inverse model, training agent 4.
epoch 0: inverse train average loss 0.005864589112914271.
epoch 0: inverse test average loss 0.009947462214363946.
epoch 99: inverse train average loss 0.0036557395425107744.
epoch 99: inverse test average loss 0.0013707225573145682.
forward model: training agent 5.
Epoch 0: forward train average loss 0.0009503813861455354.
epoch 0: forward test average loss 0.0012739997150169478.
Epoch 99: forward train average loss 0.00037760500304607884.
epoch 99: forward test average loss 0.001323091590570079.
inverse model, training agent 5.
epoch 0: inverse train average loss 0.004313495786239703.
epoch 0: inverse test average loss 0.008478793832990859.
epoch 99: inverse train average loss 0.002843360442461239.
epoch 99: inverse test average loss 0.00654507904416985.
forward model: training agent 6.
Epoch 0: forward train average loss 0.0027076113037765026.
epoch 0: forward test average loss 0.003669588619636165.
Epoch 99: forward train average loss 0.0007725059468713072.
epoch 99: forward test average loss 0.0035628381495674453.
inverse model, training agent 6.
epoch 0: inverse train average loss 0.0034214850618607467.
epoch 0: inverse test average loss 0.005283210012647841.
epoch 99: inverse train average loss 0.0012956796110504204.
epoch 99: inverse test average loss 0.0034151808746779957.
Policy training episode: 62, grounded actions taken: 861, last two uncertainties: {0: [0.0, 0.0], 1: [0.0, 0.0], 2: [0.0, 0.0], 3: [0.0, 0.0], 4: [0.0, 0.0], 5: [0.0, 0.0], 6: [0.0, 0.0]}, avg agent uncertainties: [0.0, 0.0, 0.0, 0.0, 0.0, 0.0, 0.0], grounded actions by agent: [114, 128, 130, 104, 117, 134, 134]
Policy training episode: 62, iteration 0/1, policy training avg travel time:79.25753061900033, q_loss:4.193440914154053, rewards:-2.7436109754774307, queue:0.4634920634920635, delay:0.04803952111138238, throughput:3008
Sim Rollout episode:63/100, sim avg travel time:65.29294935451837, rewards:-2.5161107381184897, queue:0.43214285714285716, delay:0.04339744325668093, throughput:3011
Real rollout step:63/100, travel time:584.9926764314248, rewards:-44.03527018229167, queue:16.452380952380953, delay:0.25797107030474953, throughput:1016
forward model: training agent 0.
Epoch 0: forward train average loss 0.0036737374030053616.
epoch 0: forward test average loss 0.004392905367745293.
Epoch 99: forward train average loss 0.0009781077840468949.
epoch 99: forward test average loss 0.0024831126340561444.
inverse model, training agent 0.
epoch 0: inverse train average loss 0.0017646601837542322.
epoch 0: inverse test average loss 0.002994690581949221.
epoch 99: inverse train average loss 0.0005896338164651146.
epoch 99: inverse test average loss 0.002730123818360476.
forward model: training agent 1.
Epoch 0: forward train average loss 0.0016046645016305977.
epoch 0: forward test average loss 0.002900101554890474.
Epoch 99: forward train average loss 0.0005449395523303085.
epoch 99: forward test average loss 0.002419571185277568.
inverse model, training agent 1.
epoch 0: inverse train average loss 0.003740650394724475.
epoch 0: inverse test average loss 0.0037539142390920054.
epoch 99: inverse train average loss 0.0005812231942804323.
epoch 99: inverse test average loss 0.0011005971997898694.
forward model: training agent 2.
Epoch 0: forward train average loss 0.0008322653593495488.
epoch 0: forward test average loss 0.0008141269338213735.
Epoch 99: forward train average loss 0.0003666354459710419.
epoch 99: forward test average loss 0.0008821487426757812.
inverse model, training agent 2.
epoch 0: inverse train average loss 0.013099224203162722.
epoch 0: inverse test average loss 0.015873054456379678.
epoch 99: inverse train average loss 0.0020130512550369734.
epoch 99: inverse test average loss 0.0018295328288028638.
forward model: training agent 3.
Epoch 0: forward train average loss 0.005749155249860551.
epoch 0: forward test average loss 0.01017413122786416.
Epoch 99: forward train average loss 0.0007095537795167831.
epoch 99: forward test average loss 0.003557281361685859.
inverse model, training agent 3.
epoch 0: inverse train average loss 0.01079003181722429.
epoch 0: inverse test average loss 0.015322514706187777.
epoch 99: inverse train average loss 0.0034507436212152243.
epoch 99: inverse test average loss 0.006863226700160239.
forward model: training agent 4.
Epoch 0: forward train average loss 0.014007597540815672.
epoch 0: forward test average loss 0.01277987907330195.
Epoch 99: forward train average loss 0.0005999394213884241.
epoch 99: forward test average loss 0.0013754853668312232.
inverse model, training agent 4.
epoch 0: inverse train average loss 0.005581168768306573.
epoch 0: inverse test average loss 0.01237118575308058.
epoch 99: inverse train average loss 0.003875491623249319.
epoch 99: inverse test average loss 0.007401860422558255.
forward model: training agent 5.
Epoch 0: forward train average loss 0.0011962006748136547.
epoch 0: forward test average loss 0.0015071362463964357.
Epoch 99: forward train average loss 0.0005233362317085266.
epoch 99: forward test average loss 0.0013931079560683833.
inverse model, training agent 5.
epoch 0: inverse train average loss 0.006638558115810156.
epoch 0: inverse test average loss 0.014649035616053475.
epoch 99: inverse train average loss 0.004778267246567541.
epoch 99: inverse test average loss 0.010175618446535535.
forward model: training agent 6.
Epoch 0: forward train average loss 0.0037399696496625743.
epoch 0: forward test average loss 0.005107702687382698.
Epoch 99: forward train average loss 0.0007901408502625094.
epoch 99: forward test average loss 0.005581315606832504.
inverse model, training agent 6.
epoch 0: inverse train average loss 0.003127019800659683.
epoch 0: inverse test average loss 0.017974773835804727.
epoch 99: inverse train average loss 0.0015783466450456115.
epoch 99: inverse test average loss 0.005373906033734481.
Policy training episode: 63, grounded actions taken: 840, last two uncertainties: {0: [0.0, 0.0], 1: [0.0, 0.0], 2: [0.0, 0.0], 3: [0.0, 0.0], 4: [0.0, 0.0], 5: [0.0, 0.0], 6: [0.0, 0.0]}, avg agent uncertainties: [0.0, 0.0, 0.0, 0.0, 0.0, 0.0, 0.0], grounded actions by agent: [120, 119, 125, 117, 118, 117, 124]
Policy training episode: 63, iteration 0/1, policy training avg travel time:66.48062272275588, q_loss:4.262894630432129, rewards:-2.862221950954861, queue:0.46865079365079365, delay:0.047724720788380456, throughput:3012
Sim Rollout episode:64/100, sim avg travel time:64.77608479629016, rewards:-2.576943630642361, queue:0.4091269841269841, delay:0.04288336435953776, throughput:3011
Real rollout step:64/100, travel time:850.2319422150883, rewards:-35.23860948350694, queue:17.636904761904763, delay:0.271936519562252, throughput:715
forward model: training agent 0.
Epoch 0: forward train average loss 0.0031766710647692284.
epoch 0: forward test average loss 0.0027201418868369525.
Epoch 99: forward train average loss 0.0009358554121313824.
epoch 99: forward test average loss 0.0016519383837779362.
inverse model, training agent 0.
epoch 0: inverse train average loss 0.0033821343030366632.
epoch 0: inverse test average loss 0.0029971615941677657.
epoch 99: inverse train average loss 0.0018856860567919081.
epoch 99: inverse test average loss 0.004842361021373007.
forward model: training agent 1.
Epoch 0: forward train average loss 0.0007144021154898736.
epoch 0: forward test average loss 0.0023603528324100706.
Epoch 99: forward train average loss 0.00029466762660174735.
epoch 99: forward test average loss 0.001319219254785114.
inverse model, training agent 1.
epoch 0: inverse train average loss 0.0026078708469867706.
epoch 0: inverse test average loss 0.0013746161087813864.
epoch 99: inverse train average loss 0.0008792367556856738.
epoch 99: inverse test average loss 0.0010440363289995326.
forward model: training agent 2.
Epoch 0: forward train average loss 0.00043962868706633645.
epoch 0: forward test average loss 0.0007742477529164818.
Epoch 99: forward train average loss 0.00034373585690951184.
epoch 99: forward test average loss 0.0013234116550948885.
inverse model, training agent 2.
epoch 0: inverse train average loss 0.026554921848906413.
epoch 0: inverse test average loss 0.04617826475037469.
epoch 99: inverse train average loss 0.004286922928359773.
epoch 99: inverse test average loss 0.0061449238823519815.
forward model: training agent 3.
Epoch 0: forward train average loss 0.0028598951693210336.
epoch 0: forward test average loss 0.0037992728046245044.
Epoch 99: forward train average loss 0.00037527096962245804.
epoch 99: forward test average loss 0.002297572429395384.
inverse model, training agent 3.
epoch 0: inverse train average loss 0.0046159070916473866.
epoch 0: inverse test average loss 0.014841921006639799.
epoch 99: inverse train average loss 0.0032535724134908784.
epoch 99: inverse test average loss 0.0107131517595715.
forward model: training agent 4.
Epoch 0: forward train average loss 0.0028978495651649106.
epoch 0: forward test average loss 0.002799726091325283.
Epoch 99: forward train average loss 0.00014797587613833862.
epoch 99: forward test average loss 0.0003711110362524374.
inverse model, training agent 4.
epoch 0: inverse train average loss 0.012820692112048468.
epoch 0: inverse test average loss 0.017578698694705963.
epoch 99: inverse train average loss 0.0066794730308983065.
epoch 99: inverse test average loss 0.01006366726424959.
forward model: training agent 5.
Epoch 0: forward train average loss 0.0011866423172048396.
epoch 0: forward test average loss 0.001741024251613352.
Epoch 99: forward train average loss 0.0003857482289378014.
epoch 99: forward test average loss 0.0013105017133057117.
inverse model, training agent 5.
epoch 0: inverse train average loss 0.003912017370263736.
epoch 0: inverse test average loss 0.00767579757504993.
epoch 99: inverse train average loss 0.0022024553812419376.
epoch 99: inverse test average loss 0.006425909698009491.
forward model: training agent 6.
Epoch 0: forward train average loss 0.004710861429986026.
epoch 0: forward test average loss 0.005654852009481854.
Epoch 99: forward train average loss 0.0007785650539315409.
epoch 99: forward test average loss 0.002606577550371488.
inverse model, training agent 6.
epoch 0: inverse train average loss 0.0029418516076273387.
epoch 0: inverse test average loss 0.005463822951747311.
epoch 99: inverse train average loss 0.001936084293346438.
epoch 99: inverse test average loss 0.004639890148407883.
Policy training episode: 64, grounded actions taken: 839, last two uncertainties: {0: [0.0, 0.0], 1: [0.0, 0.0], 2: [0.0, 0.0], 3: [0.0, 0.0], 4: [0.0, 0.0], 5: [0.0, 0.0], 6: [0.0, 0.0]}, avg agent uncertainties: [0.0, 0.0, 0.0, 0.0, 0.0, 0.0, 0.0], grounded actions by agent: [138, 107, 111, 125, 115, 118, 125]
Policy training episode: 64, iteration 0/1, policy training avg travel time:68.92911560119245, q_loss:4.209168910980225, rewards:-3.061111789279514, queue:0.48293650793650794, delay:0.0482633530147492, throughput:3012
Sim Rollout episode:65/100, sim avg travel time:65.89572989076464, rewards:-2.689999728732639, queue:0.44722222222222224, delay:0.045182367355104475, throughput:3012
Real rollout step:65/100, travel time:625.366391184573, rewards:-45.06611328125, queue:16.844444444444445, delay:0.27008262513175846, throughput:963
forward model: training agent 0.
Epoch 0: forward train average loss 0.003193387451271216.
epoch 0: forward test average loss 0.0025495303173859916.
Epoch 99: forward train average loss 0.001085164672177699.
epoch 99: forward test average loss 0.0028069157981210286.
inverse model, training agent 0.
epoch 0: inverse train average loss 0.001982253303544389.
epoch 0: inverse test average loss 0.0010558496643271712.
epoch 99: inverse train average loss 0.0008548584495050212.
epoch 99: inverse test average loss 0.001298985440775545.
forward model: training agent 1.
Epoch 0: forward train average loss 0.001234748090306918.
epoch 0: forward test average loss 0.001977620284176535.
Epoch 99: forward train average loss 0.0004644163095185326.
epoch 99: forward test average loss 0.0033914404403832224.
inverse model, training agent 1.
epoch 0: inverse train average loss 0.002263663860503584.
epoch 0: inverse test average loss 0.0048677163819472.
epoch 99: inverse train average loss 0.00149241272204866.
epoch 99: inverse test average loss 0.0030675974364082017.
forward model: training agent 2.
Epoch 0: forward train average loss 0.0006695760465744468.
epoch 0: forward test average loss 0.0007530610633289649.
Epoch 99: forward train average loss 0.00034350701349063054.
epoch 99: forward test average loss 0.0011842316016554832.
inverse model, training agent 2.
epoch 0: inverse train average loss 0.02272195824318462.
epoch 0: inverse test average loss 0.06344632969962226.
epoch 99: inverse train average loss 0.0043296948489215635.
epoch 99: inverse test average loss 0.007380249599615733.
forward model: training agent 3.
Epoch 0: forward train average loss 0.0033446082120968234.
epoch 0: forward test average loss 0.00454953374962012.
Epoch 99: forward train average loss 0.0005734741118633085.
epoch 99: forward test average loss 0.003887164199517833.
inverse model, training agent 3.
epoch 0: inverse train average loss 0.0035128575335774156.
epoch 0: inverse test average loss 0.009481565612885687.
epoch 99: inverse train average loss 0.0013231602497398853.
epoch 99: inverse test average loss 0.0023939965499771964.
forward model: training agent 4.
Epoch 0: forward train average loss 0.007509662148853143.
epoch 0: forward test average loss 0.0076964373389879865.
Epoch 99: forward train average loss 0.00021814522268767987.
epoch 99: forward test average loss 0.0007801227297426926.
inverse model, training agent 4.
epoch 0: inverse train average loss 0.01213127664393849.
epoch 0: inverse test average loss 0.013374484247631498.
epoch 99: inverse train average loss 0.0037328501025007833.
epoch 99: inverse test average loss 0.0018908924474898311.
forward model: training agent 5.
Epoch 0: forward train average loss 0.0014567379063616197.
epoch 0: forward test average loss 0.0019727980511056054.
Epoch 99: forward train average loss 0.00047035067109391093.
epoch 99: forward test average loss 0.001552138374083572.
inverse model, training agent 5.
epoch 0: inverse train average loss 0.0036852831124431556.
epoch 0: inverse test average loss 0.007941777921385236.
epoch 99: inverse train average loss 0.002678054514237576.
epoch 99: inverse test average loss 0.013298913836479187.
forward model: training agent 6.
Epoch 0: forward train average loss 0.002657637827926212.
epoch 0: forward test average loss 0.004134834847516484.
Epoch 99: forward train average loss 0.0007426211248255438.
epoch 99: forward test average loss 0.0032350077397293514.
inverse model, training agent 6.
epoch 0: inverse train average loss 0.0033411571445564428.
epoch 0: inverse test average loss 0.003978567301399178.
epoch 99: inverse train average loss 0.0022509564749068683.
epoch 99: inverse test average loss 0.006138389516207907.
Policy training episode: 65, grounded actions taken: 831, last two uncertainties: {0: [0.0, 0.0], 1: [0.0, 0.0], 2: [0.0, 0.0], 3: [0.0, 0.0], 4: [0.0, 0.0], 5: [0.0, 0.0], 6: [0.0, 0.0]}, avg agent uncertainties: [0.0, 0.0, 0.0, 0.0, 0.0, 0.0, 0.0], grounded actions by agent: [131, 110, 117, 124, 107, 112, 130]
Policy training episode: 65, iteration 0/1, policy training avg travel time:64.40496688741722, q_loss:4.155574321746826, rewards:-2.703334214952257, queue:0.44722222222222224, delay:0.04599930293976315, throughput:3011
Sim Rollout episode:66/100, sim avg travel time:63.286329030122474, rewards:-2.124722629123264, queue:0.38492063492063494, delay:0.0412063477531312, throughput:3012
Real rollout step:66/100, travel time:426.43720657277, rewards:-33.8625, queue:10.451190476190476, delay:0.22441965738932293, throughput:1295
forward model: training agent 0.
Epoch 0: forward train average loss 0.0028190631419420242.
epoch 0: forward test average loss 0.0049737585294577814.
Epoch 99: forward train average loss 0.0011204670105750363.
epoch 99: forward test average loss 0.002099789989491304.
inverse model, training agent 0.
epoch 0: inverse train average loss 0.0020146998835520614.
epoch 0: inverse test average loss 0.0021558480544222724.
epoch 99: inverse train average loss 0.0007074918895442453.
epoch 99: inverse test average loss 0.0011335444158046609.
forward model: training agent 1.
Epoch 0: forward train average loss 0.018649675158990756.
epoch 0: forward test average loss 0.020458557539516024.
Epoch 99: forward train average loss 0.0008896416208396355.
epoch 99: forward test average loss 0.0033728162654572064.
inverse model, training agent 1.
epoch 0: inverse train average loss 0.0013725559692829847.
epoch 0: inverse test average loss 0.0036233212384912702.
epoch 99: inverse train average loss 0.0005150852731377301.
epoch 99: inverse test average loss 0.001876451282037629.
forward model: training agent 2.
Epoch 0: forward train average loss 0.01349647394898865.
epoch 0: forward test average loss 0.009211846937735876.
Epoch 99: forward train average loss 0.0004767962446850207.
epoch 99: forward test average loss 0.0024408704290787378.
inverse model, training agent 2.
epoch 0: inverse train average loss 0.0047578201111820005.
epoch 0: inverse test average loss 0.009646245588858923.
epoch 99: inverse train average loss 0.003705359115782711.
epoch 99: inverse test average loss 0.013006444606516097.
forward model: training agent 3.
Epoch 0: forward train average loss 0.029180977286563978.
epoch 0: forward test average loss 0.019415096276336245.
Epoch 99: forward train average loss 0.0008971597999334335.
epoch 99: forward test average loss 0.005879545791281594.
inverse model, training agent 3.
epoch 0: inverse train average loss 0.0017779415162901084.
epoch 0: inverse test average loss 0.0037796603929665354.
epoch 99: inverse train average loss 0.00019481231316199733.
epoch 99: inverse test average loss 0.0005755466409027576.
forward model: training agent 4.
Epoch 0: forward train average loss 0.00500498205009434.
epoch 0: forward test average loss 0.003088798477417893.
Epoch 99: forward train average loss 0.0002523277782731586.
epoch 99: forward test average loss 0.0009948410507705477.
inverse model, training agent 4.
epoch 0: inverse train average loss 0.0056945402175188065.
epoch 0: inverse test average loss 0.0033768922763152253.
epoch 99: inverse train average loss 0.0038312006120880446.
epoch 99: inverse test average loss 0.009555735935767492.
forward model: training agent 5.
Epoch 0: forward train average loss 0.00127076236013737.
epoch 0: forward test average loss 0.0022835792559716436.
Epoch 99: forward train average loss 0.0005931895963537196.
epoch 99: forward test average loss 0.0020630010921094152.
inverse model, training agent 5.
epoch 0: inverse train average loss 0.003961738043775161.
epoch 0: inverse test average loss 0.0066044146402014624.
epoch 99: inverse train average loss 0.003272447424630324.
epoch 99: inverse test average loss 0.00844664830300543.
forward model: training agent 6.
Epoch 0: forward train average loss 0.003059344676633676.
epoch 0: forward test average loss 0.005906163611345821.
Epoch 99: forward train average loss 0.0010077053060134251.
epoch 99: forward test average loss 0.004148416014181243.
inverse model, training agent 6.
epoch 0: inverse train average loss 0.0018846783528311385.
epoch 0: inverse test average loss 0.0024366487761855954.
epoch 99: inverse train average loss 0.0007815509193783833.
epoch 99: inverse test average loss 0.0030997588247474697.
Policy training episode: 66, grounded actions taken: 795, last two uncertainties: {0: [0.0, 0.0], 1: [0.0, 0.0], 2: [0.0, 0.0], 3: [0.0, 0.0], 4: [0.0, 0.0], 5: [0.0, 0.0], 6: [0.0, 0.0]}, avg agent uncertainties: [0.0, 0.0, 0.0, 0.0, 0.0, 0.0, 0.0], grounded actions by agent: [107, 115, 110, 113, 126, 105, 119]
Policy training episode: 66, iteration 0/1, policy training avg travel time:63.892348459754885, q_loss:4.30277156829834, rewards:-2.4430552164713544, queue:0.4095238095238095, delay:0.04382847377232143, throughput:3011
Sim Rollout episode:67/100, sim avg travel time:63.573651108904336, rewards:-2.3938888549804687, queue:0.3956349206349206, delay:0.04272378891233414, throughput:3012
Real rollout step:67/100, travel time:610.914968376669, rewards:-26.99916449652778, queue:15.050396825396826, delay:0.237368411109561, throughput:959
forward model: training agent 0.
Epoch 0: forward train average loss 0.005060113604283995.
epoch 0: forward test average loss 0.0038516721170809534.
Epoch 99: forward train average loss 0.0011291132412023014.
epoch 99: forward test average loss 0.0016572622375355826.
inverse model, training agent 0.
epoch 0: inverse train average loss 0.000464930434342629.
epoch 0: inverse test average loss 0.0018358545946992105.
epoch 99: inverse train average loss 0.00011288984913133188.
epoch 99: inverse test average loss 0.0023713815443342254.
forward model: training agent 1.
Epoch 0: forward train average loss 0.014708256193747124.
epoch 0: forward test average loss 0.01209375924534268.
Epoch 99: forward train average loss 0.00045317965689011745.
epoch 99: forward test average loss 0.0018237951832513015.
inverse model, training agent 1.
epoch 0: inverse train average loss 0.002762114454526454.
epoch 0: inverse test average loss 0.014302128098077245.
epoch 99: inverse train average loss 0.0008739575617558634.
epoch 99: inverse test average loss 0.002787989460759693.
forward model: training agent 2.
Epoch 0: forward train average loss 0.0014840137963700625.
epoch 0: forward test average loss 0.002321418581737412.
Epoch 99: forward train average loss 0.0003765192684820957.
epoch 99: forward test average loss 0.0009017533674422237.
inverse model, training agent 2.
epoch 0: inverse train average loss 0.02066732756793499.
epoch 0: inverse test average loss 0.027096023162206013.
epoch 99: inverse train average loss 0.008963095334668955.
epoch 99: inverse test average loss 0.0136488133834468.
forward model: training agent 3.
Epoch 0: forward train average loss 0.021078977009488478.
epoch 0: forward test average loss 0.013774058885044523.
Epoch 99: forward train average loss 0.0004924366496399873.
epoch 99: forward test average loss 0.0025925135446919333.
inverse model, training agent 3.
epoch 0: inverse train average loss 0.003591040304551522.
epoch 0: inverse test average loss 0.003957119233544088.
epoch 99: inverse train average loss 0.0008130221265471644.
epoch 99: inverse test average loss 0.0010117540110109581.
forward model: training agent 4.
Epoch 0: forward train average loss 0.0027121862448338005.
epoch 0: forward test average loss 0.002572578584982289.
Epoch 99: forward train average loss 0.00014912835548683588.
epoch 99: forward test average loss 0.0008014765205896563.
inverse model, training agent 4.
epoch 0: inverse train average loss 0.008715789247718122.
epoch 0: inverse test average loss 0.006774419142554204.
epoch 99: inverse train average loss 0.005582169060491853.
epoch 99: inverse test average loss 0.008766252961423662.
forward model: training agent 5.
Epoch 0: forward train average loss 0.001265422040079203.
epoch 0: forward test average loss 0.0024259210460715825.
Epoch 99: forward train average loss 0.0005097428802400827.
epoch 99: forward test average loss 0.0016648414441280896.
inverse model, training agent 5.
epoch 0: inverse train average loss 0.01580384953154458.
epoch 0: inverse test average loss 0.03980963759952121.
epoch 99: inverse train average loss 0.006297778441674179.
epoch 99: inverse test average loss 0.015293207433488634.
forward model: training agent 6.
Epoch 0: forward train average loss 0.00320992949936125.
epoch 0: forward test average loss 0.0038600421200195947.
Epoch 99: forward train average loss 0.0007712109428313044.
epoch 99: forward test average loss 0.002510638545370764.
inverse model, training agent 6.
epoch 0: inverse train average loss 0.0023487069540553624.
epoch 0: inverse test average loss 0.0032187077320284313.
epoch 99: inverse train average loss 0.0014930338754008214.
epoch 99: inverse test average loss 0.0026690457792331776.
Policy training episode: 67, grounded actions taken: 808, last two uncertainties: {0: [0.0, 0.0], 1: [0.0, 0.0], 2: [0.0, 0.0], 3: [0.0, 0.0], 4: [0.0, 0.0], 5: [0.0, 0.0], 6: [0.0, 0.0]}, avg agent uncertainties: [0.0, 0.0, 0.0, 0.0, 0.0, 0.0, 0.0], grounded actions by agent: [121, 121, 95, 120, 117, 112, 122]
Policy training episode: 67, iteration 0/1, policy training avg travel time:64.54121151936445, q_loss:4.193691253662109, rewards:-2.357222154405382, queue:0.40555555555555556, delay:0.04407998645116412, throughput:3009
Sim Rollout episode:68/100, sim avg travel time:67.63190996358821, rewards:-2.655555894639757, queue:0.45, delay:0.04697095477391803, throughput:3012
Real rollout step:68/100, travel time:133.3653693407466, rewards:-16.538056098090276, queue:3.088888888888889, delay:0.13274428352477058, throughput:2328
forward model: training agent 0.
Epoch 0: forward train average loss 0.002506639782546295.
epoch 0: forward test average loss 0.0032213100542624793.
Epoch 99: forward train average loss 0.00146071656814052.
epoch 99: forward test average loss 0.0025962558574974537.
inverse model, training agent 0.
epoch 0: inverse train average loss 0.004602762068518334.
epoch 0: inverse test average loss 0.013108953833580017.
epoch 99: inverse train average loss 0.0012535824078238672.
epoch 99: inverse test average loss 0.003511212157415381.
forward model: training agent 1.
Epoch 0: forward train average loss 0.006401580654912525.
epoch 0: forward test average loss 0.01047878298494551.
Epoch 99: forward train average loss 0.002988448263042503.
epoch 99: forward test average loss 0.005202257384856542.
inverse model, training agent 1.
epoch 0: inverse train average loss 0.003644623172779878.
epoch 0: inverse test average loss 0.0052989332212342154.
epoch 99: inverse train average loss 0.0010527698064429893.
epoch 99: inverse test average loss 0.0020582223530962234.
forward model: training agent 2.
Epoch 0: forward train average loss 0.002711301979919275.
epoch 0: forward test average loss 0.0024267954544888604.
Epoch 99: forward train average loss 0.001039146691457265.
epoch 99: forward test average loss 0.0022733663726184103.
inverse model, training agent 2.
epoch 0: inverse train average loss 0.013815851882100105.
epoch 0: inverse test average loss 0.01840065833595064.
epoch 99: inverse train average loss 0.004469750345581108.
epoch 99: inverse test average loss 0.004378352521194352.
forward model: training agent 3.
Epoch 0: forward train average loss 0.008699212740692828.
epoch 0: forward test average loss 0.013076091392172707.
Epoch 99: forward train average loss 0.0032718831983705363.
epoch 99: forward test average loss 0.010500429405106438.
inverse model, training agent 3.
epoch 0: inverse train average loss 0.001241448917426169.
epoch 0: inverse test average loss 0.0005466344138969564.
epoch 99: inverse train average loss 0.0006480427562362618.
epoch 99: inverse test average loss 0.001702947826642129.
forward model: training agent 4.
Epoch 0: forward train average loss 0.002715132354448239.
epoch 0: forward test average loss 0.003954601370626026.
Epoch 99: forward train average loss 0.0010129903029236528.
epoch 99: forward test average loss 0.0020715759860144723.
inverse model, training agent 4.
epoch 0: inverse train average loss 0.007906271351708306.
epoch 0: inverse test average loss 0.010741057495276133.
epoch 99: inverse train average loss 0.006381679688476854.
epoch 99: inverse test average loss 0.01311930724316173.
forward model: training agent 5.
Epoch 0: forward train average loss 0.0012149702395415967.
epoch 0: forward test average loss 0.0015767096127900812.
Epoch 99: forward train average loss 0.0006199825244645277.
epoch 99: forward test average loss 0.0019053298359115918.
inverse model, training agent 5.
epoch 0: inverse train average loss 0.008377095684409142.
epoch 0: inverse test average loss 0.016244175533453625.
epoch 99: inverse train average loss 0.003951657201266951.
epoch 99: inverse test average loss 0.01268610523806678.
forward model: training agent 6.
Epoch 0: forward train average loss 0.003322817643897401.
epoch 0: forward test average loss 0.003800149593088362.
Epoch 99: forward train average loss 0.0012010967669387658.
epoch 99: forward test average loss 0.005227918219235208.
inverse model, training agent 6.
epoch 0: inverse train average loss 0.005633635032508109.
epoch 0: inverse test average loss 0.009009768358535238.
epoch 99: inverse train average loss 0.002012882743858629.
epoch 99: inverse test average loss 0.009715515085392527.
Policy training episode: 68, grounded actions taken: 862, last two uncertainties: {0: [0.0, 0.0], 1: [0.0, 0.0], 2: [0.0, 0.0], 3: [0.0, 0.0], 4: [0.0, 0.0], 5: [0.0, 0.0], 6: [0.0, 0.0]}, avg agent uncertainties: [0.0, 0.0, 0.0, 0.0, 0.0, 0.0, 0.0], grounded actions by agent: [115, 119, 126, 123, 125, 136, 118]
Policy training episode: 68, iteration 0/1, policy training avg travel time:63.89301093077178, q_loss:4.176570892333984, rewards:-2.8691674126519096, queue:0.46706349206349207, delay:0.04633771502782428, throughput:3012
Sim Rollout episode:69/100, sim avg travel time:70.67229394240317, rewards:-3.2958333333333334, queue:0.5313492063492063, delay:0.05075544932531932, throughput:3012
Real rollout step:69/100, travel time:824.3458401305057, rewards:-29.765831163194445, queue:16.658730158730158, delay:0.25977301219153026, throughput:741
forward model: training agent 0.
Epoch 0: forward train average loss 0.009521213463611074.
epoch 0: forward test average loss 0.008011940038866468.
Epoch 99: forward train average loss 0.0010636893437347477.
epoch 99: forward test average loss 0.0026209555152389738.
inverse model, training agent 0.
epoch 0: inverse train average loss 0.0010441944339416092.
epoch 0: inverse test average loss 0.001294708959499581.
epoch 99: inverse train average loss 0.00014556888345396146.
epoch 99: inverse test average loss 0.0012196017455102669.
forward model: training agent 1.
Epoch 0: forward train average loss 0.01754008802688784.
epoch 0: forward test average loss 0.014270200911495421.
Epoch 99: forward train average loss 0.0002911623353914668.
epoch 99: forward test average loss 0.0019190420086185138.
inverse model, training agent 1.
epoch 0: inverse train average loss 0.001725762733258307.
epoch 0: inverse test average loss 0.008900334334207905.
epoch 99: inverse train average loss 0.0011632213847608203.
epoch 99: inverse test average loss 0.001971630120856894.
forward model: training agent 2.
Epoch 0: forward train average loss 0.0031389939702219432.
epoch 0: forward test average loss 0.0026118378672334882.
Epoch 99: forward train average loss 0.00031002791365608573.
epoch 99: forward test average loss 0.0012211481678403085.
inverse model, training agent 2.
epoch 0: inverse train average loss 0.0512559347682529.
epoch 0: inverse test average loss 0.09574233492215474.
epoch 99: inverse train average loss 0.007210089514652888.
epoch 99: inverse test average loss 0.009647977848847708.
forward model: training agent 3.
Epoch 0: forward train average loss 0.0160957228185402.
epoch 0: forward test average loss 0.008983205589983199.
Epoch 99: forward train average loss 0.00030973314682746097.
epoch 99: forward test average loss 0.0023651381747590173.
inverse model, training agent 3.
epoch 0: inverse train average loss 0.004890774919961889.
epoch 0: inverse test average loss 0.0030649349468553234.
epoch 99: inverse train average loss 0.001528284978121519.
epoch 99: inverse test average loss 0.0025501119865415.
forward model: training agent 4.
Epoch 0: forward train average loss 0.0018848482803958985.
epoch 0: forward test average loss 0.0013288001840313275.
Epoch 99: forward train average loss 0.00011894837371073663.
epoch 99: forward test average loss 0.0009593128019736873.
inverse model, training agent 4.
epoch 0: inverse train average loss 0.008649075714250406.
epoch 0: inverse test average loss 0.017590265307161543.
epoch 99: inverse train average loss 0.006991179659962654.
epoch 99: inverse test average loss 0.01152095240023401.
forward model: training agent 5.
Epoch 0: forward train average loss 0.002008915956442555.
epoch 0: forward test average loss 0.001830282931526502.
Epoch 99: forward train average loss 0.00038943019333399006.
epoch 99: forward test average loss 0.0013400304338170423.
inverse model, training agent 5.
epoch 0: inverse train average loss 0.004503871107267009.
epoch 0: inverse test average loss 0.00899688775340716.
epoch 99: inverse train average loss 0.0034974997656212915.
epoch 99: inverse test average loss 0.01590909229384528.
forward model: training agent 6.
Epoch 0: forward train average loss 0.00577436082272066.
epoch 0: forward test average loss 0.00515057353509797.
Epoch 99: forward train average loss 0.0008301096580301722.
epoch 99: forward test average loss 0.003061082421077622.
inverse model, training agent 6.
epoch 0: inverse train average loss 0.0033415016821689075.
epoch 0: inverse test average loss 0.00356556030197276.
epoch 99: inverse train average loss 0.0022366994784937966.
epoch 99: inverse test average loss 0.003729240968823433.
Policy training episode: 69, grounded actions taken: 837, last two uncertainties: {0: [0.0, 0.0], 1: [0.0, 0.0], 2: [0.0, 0.0], 3: [0.0, 0.0], 4: [0.0, 0.0], 5: [0.0, 0.0], 6: [0.0, 0.0]}, avg agent uncertainties: [0.0, 0.0, 0.0, 0.0, 0.0, 0.0, 0.0], grounded actions by agent: [128, 118, 128, 119, 107, 111, 126]
Policy training episode: 69, iteration 0/1, policy training avg travel time:65.25107509096924, q_loss:4.139472484588623, rewards:-2.9400004069010417, queue:0.4753968253968254, delay:0.04827063424246652, throughput:3012
Sim Rollout episode:70/100, sim avg travel time:66.68509933774834, rewards:-2.727500576443142, queue:0.451984126984127, delay:0.046648609827435204, throughput:3012
Real rollout step:70/100, travel time:147.17931309904154, rewards:-18.650276692708335, queue:3.545238095238095, delay:0.1370823209247892, throughput:2289
forward model: training agent 0.
Epoch 0: forward train average loss 0.0028520037627054583.
epoch 0: forward test average loss 0.003864248800608847.
Epoch 99: forward train average loss 0.00155159300710592.
epoch 99: forward test average loss 0.0036659443544016946.
inverse model, training agent 0.
epoch 0: inverse train average loss 0.001823599691205244.
epoch 0: inverse test average loss 0.0018055850070797736.
epoch 99: inverse train average loss 0.000879285870016449.
epoch 99: inverse test average loss 0.0028864561269680658.
forward model: training agent 1.
Epoch 0: forward train average loss 0.005682622703413169.
epoch 0: forward test average loss 0.00958225131034851.
Epoch 99: forward train average loss 0.0025967720171643626.
epoch 99: forward test average loss 0.007427118925584687.
inverse model, training agent 1.
epoch 0: inverse train average loss 0.0016028599347919226.
epoch 0: inverse test average loss 0.005672622265087234.
epoch 99: inverse train average loss 0.0006692698613430063.
epoch 99: inverse test average loss 0.0032964017656114367.
forward model: training agent 2.
Epoch 0: forward train average loss 0.0023028236917323535.
epoch 0: forward test average loss 0.0033733022088805833.
Epoch 99: forward train average loss 0.0009161620918247434.
epoch 99: forward test average loss 0.0025038204880224336.
inverse model, training agent 2.
epoch 0: inverse train average loss 0.027512293722894456.
epoch 0: inverse test average loss 0.06439227693610722.
epoch 99: inverse train average loss 0.0071057454786366886.
epoch 99: inverse test average loss 0.005815033231758409.
forward model: training agent 3.
Epoch 0: forward train average loss 0.00824793635143174.
epoch 0: forward test average loss 0.011979365514384376.
Epoch 99: forward train average loss 0.0029878124801648986.
epoch 99: forward test average loss 0.00893458765414026.
inverse model, training agent 3.
epoch 0: inverse train average loss 0.0028212706351445783.
epoch 0: inverse test average loss 0.004030350285271804.
epoch 99: inverse train average loss 0.0011356472904379997.
epoch 99: inverse test average loss 0.0004936961146692435.
forward model: training agent 4.
Epoch 0: forward train average loss 0.0032729187255932223.
epoch 0: forward test average loss 0.0037360642519262102.
Epoch 99: forward train average loss 0.0010148778738867906.
epoch 99: forward test average loss 0.002395435960756408.
inverse model, training agent 4.
epoch 0: inverse train average loss 0.01212240279548698.
epoch 0: inverse test average loss 0.016364537179470062.
epoch 99: inverse train average loss 0.005902772769331932.
epoch 99: inverse test average loss 0.02129993877477116.
forward model: training agent 5.
Epoch 0: forward train average loss 0.001309794606640935.
epoch 0: forward test average loss 0.0029535083514120844.
Epoch 99: forward train average loss 0.0006710115897779664.
epoch 99: forward test average loss 0.002554589779012733.
inverse model, training agent 5.
epoch 0: inverse train average loss 0.006017941826333602.
epoch 0: inverse test average loss 0.006581505967511071.
epoch 99: inverse train average loss 0.004596855180958907.
epoch 99: inverse test average loss 0.0047162724658846855.
forward model: training agent 6.
Epoch 0: forward train average loss 0.0030401370798548064.
epoch 0: forward test average loss 0.005756462406780984.
Epoch 99: forward train average loss 0.0012229557097372082.
epoch 99: forward test average loss 0.0042252617163790595.
inverse model, training agent 6.
epoch 0: inverse train average loss 0.0021230492792609665.
epoch 0: inverse test average loss 0.002615678900231918.
epoch 99: inverse train average loss 0.00150927246755196.
epoch 99: inverse test average loss 0.0024960609152913094.
Policy training episode: 70, grounded actions taken: 860, last two uncertainties: {0: [0.0, 0.0], 1: [0.0, 0.0], 2: [0.0, 0.0], 3: [0.0, 0.0], 4: [0.0, 0.0], 5: [0.0, 0.0], 6: [0.0, 0.0]}, avg agent uncertainties: [0.0, 0.0, 0.0, 0.0, 0.0, 0.0, 0.0], grounded actions by agent: [119, 116, 136, 126, 118, 124, 121]
Policy training episode: 70, iteration 0/1, policy training avg travel time:65.34006622516556, q_loss:4.308818817138672, rewards:-2.676944308810764, queue:0.44126984126984126, delay:0.0454186515202598, throughput:3012
Sim Rollout episode:71/100, sim avg travel time:66.9546357615894, rewards:-2.6575002034505206, queue:0.44246031746031744, delay:0.04680879986475384, throughput:3012
Real rollout step:71/100, travel time:493.0095980803839, rewards:-35.79083116319445, queue:14.139285714285714, delay:0.21868492005363344, throughput:1188
forward model: training agent 0.
Epoch 0: forward train average loss 0.0067664153563479585.
epoch 0: forward test average loss 0.005496442938844363.
Epoch 99: forward train average loss 0.0013451332536836464.
epoch 99: forward test average loss 0.0035777301010158327.
inverse model, training agent 0.
epoch 0: inverse train average loss 0.033377126273181706.
epoch 0: inverse test average loss 0.03516153328948551.
epoch 99: inverse train average loss 0.005995434398452441.
epoch 99: inverse test average loss 0.018719709581798978.
forward model: training agent 1.
Epoch 0: forward train average loss 0.0055835868956314195.
epoch 0: forward test average loss 0.004947417519158787.
Epoch 99: forward train average loss 0.0008707466703425678.
epoch 99: forward test average loss 0.003535609485374557.
inverse model, training agent 1.
epoch 0: inverse train average loss 0.001982221871407496.
epoch 0: inverse test average loss 0.0032713873014371428.
epoch 99: inverse train average loss 0.0009062579354374773.
epoch 99: inverse test average loss 0.003475299725929896.
forward model: training agent 2.
Epoch 0: forward train average loss 0.0030906551465806034.
epoch 0: forward test average loss 0.006747910545931922.
Epoch 99: forward train average loss 0.00043121819746577076.
epoch 99: forward test average loss 0.001951590646058321.
inverse model, training agent 2.
epoch 0: inverse train average loss 0.008519543645282587.
epoch 0: inverse test average loss 0.016290265652868483.
epoch 99: inverse train average loss 0.0035004140550477635.
epoch 99: inverse test average loss 0.006277907432781326.
forward model: training agent 3.
Epoch 0: forward train average loss 0.023956825956702232.
epoch 0: forward test average loss 0.013265510814057456.
Epoch 99: forward train average loss 0.0011376888853394324.
epoch 99: forward test average loss 0.004227066412568092.
inverse model, training agent 3.
epoch 0: inverse train average loss 0.0011328682141740704.
epoch 0: inverse test average loss 0.0018999288893408245.
epoch 99: inverse train average loss 0.00039474657710848586.
epoch 99: inverse test average loss 0.0013201923057850865.
forward model: training agent 4.
Epoch 0: forward train average loss 0.007662587074769868.
epoch 0: forward test average loss 0.008690449098745981.
Epoch 99: forward train average loss 0.00038487303148334223.
epoch 99: forward test average loss 0.0011034953511423534.
inverse model, training agent 4.
epoch 0: inverse train average loss 0.012309269462194707.
epoch 0: inverse test average loss 0.016829152074125078.
epoch 99: inverse train average loss 0.005277675990429189.
epoch 99: inverse test average loss 0.012550947980748283.
forward model: training agent 5.
Epoch 0: forward train average loss 0.0017195014903942745.
epoch 0: forward test average loss 0.0025368303888373906.
Epoch 99: forward train average loss 0.0005302027048957017.
epoch 99: forward test average loss 0.0017071359066499604.
inverse model, training agent 5.
epoch 0: inverse train average loss 0.00540322975979911.
epoch 0: inverse test average loss 0.00783993179599444.
epoch 99: inverse train average loss 0.004430555738508701.
epoch 99: inverse test average loss 0.0060524701451261835.
forward model: training agent 6.
Epoch 0: forward train average loss 0.0035012319890989196.
epoch 0: forward test average loss 0.005942595915661918.
Epoch 99: forward train average loss 0.0009294365041164889.
epoch 99: forward test average loss 0.003455616637236542.
inverse model, training agent 6.
epoch 0: inverse train average loss 0.00263336308610936.
epoch 0: inverse test average loss 0.0033559158651365172.
epoch 99: inverse train average loss 0.0010714584754572974.
epoch 99: inverse test average loss 0.0021164333447813988.
Policy training episode: 71, grounded actions taken: 826, last two uncertainties: {0: [0.0, 0.0], 1: [0.0, 0.0], 2: [0.0, 0.0], 3: [0.0, 0.0], 4: [0.0, 0.0], 5: [0.0, 0.0], 6: [0.0, 0.0]}, avg agent uncertainties: [0.0, 0.0, 0.0, 0.0, 0.0, 0.0, 0.0], grounded actions by agent: [105, 110, 120, 129, 115, 123, 124]
Policy training episode: 71, iteration 0/1, policy training avg travel time:73.23020867837032, q_loss:4.127131462097168, rewards:-3.2144449869791667, queue:0.5297619047619048, delay:0.05034508175320095, throughput:3012
Sim Rollout episode:72/100, sim avg travel time:63.74520185307743, rewards:-2.341944376627604, queue:0.3678571428571429, delay:0.042432924300905256, throughput:3012
Real rollout step:72/100, travel time:516.257556675063, rewards:-29.459168836805556, queue:13.63968253968254, delay:0.24005611359126985, throughput:1125
forward model: training agent 0.
Epoch 0: forward train average loss 0.003792530805286434.
epoch 0: forward test average loss 0.004650576867991024.
Epoch 99: forward train average loss 0.0010266656107786628.
epoch 99: forward test average loss 0.0024677212867471906.
inverse model, training agent 0.
epoch 0: inverse train average loss 0.014097473894556364.
epoch 0: inverse test average loss 0.019739521874321833.
epoch 99: inverse train average loss 0.00042467079603941075.
epoch 99: inverse test average loss 0.0005100178435289612.
forward model: training agent 1.
Epoch 0: forward train average loss 0.0018910192367103365.
epoch 0: forward test average loss 0.002797645620173878.
Epoch 99: forward train average loss 0.0005641182716418472.
epoch 99: forward test average loss 0.0027972646057605743.
inverse model, training agent 1.
epoch 0: inverse train average loss 0.0027714784308854076.
epoch 0: inverse test average loss 0.0018225348321720958.
epoch 99: inverse train average loss 0.0012274851453387076.
epoch 99: inverse test average loss 0.002374266636454397.
forward model: training agent 2.
Epoch 0: forward train average loss 0.000799233423701177.
epoch 0: forward test average loss 0.001948239074812995.
Epoch 99: forward train average loss 0.00038409717186974984.
epoch 99: forward test average loss 0.001244489931397968.
inverse model, training agent 2.
epoch 0: inverse train average loss 0.005263401609328058.
epoch 0: inverse test average loss 0.006746600071589152.
epoch 99: inverse train average loss 0.0036999652058713967.
epoch 99: inverse test average loss 0.005878824016286267.
forward model: training agent 3.
Epoch 0: forward train average loss 0.002324888508559929.
epoch 0: forward test average loss 0.005151320662763383.
Epoch 99: forward train average loss 0.0006617839680984616.
epoch 99: forward test average loss 0.0039645298901531435.
inverse model, training agent 3.
epoch 0: inverse train average loss 0.0014646218106564549.
epoch 0: inverse test average loss 0.0009891057561617345.
epoch 99: inverse train average loss 0.0005571164074353874.
epoch 99: inverse test average loss 0.0007636438834500344.
forward model: training agent 4.
Epoch 0: forward train average loss 0.0025990699003967973.
epoch 0: forward test average loss 0.0026947425471411813.
Epoch 99: forward train average loss 0.0002559003187343478.
epoch 99: forward test average loss 0.001132845361199644.
inverse model, training agent 4.
epoch 0: inverse train average loss 0.0083193713799119.
epoch 0: inverse test average loss 0.015076172434621386.
epoch 99: inverse train average loss 0.0035055333541499246.
epoch 99: inverse test average loss 0.0049794625697864425.
forward model: training agent 5.
Epoch 0: forward train average loss 0.0010669463728037146.
epoch 0: forward test average loss 0.0017823374623225795.
Epoch 99: forward train average loss 0.0004931485616705484.
epoch 99: forward test average loss 0.0020507763967745835.
inverse model, training agent 5.
epoch 0: inverse train average loss 0.006577182612899277.
epoch 0: inverse test average loss 0.00922786941130956.
epoch 99: inverse train average loss 0.00535870214096374.
epoch 99: inverse test average loss 0.009284249196449915.
forward model: training agent 6.
Epoch 0: forward train average loss 0.00352160461867849.
epoch 0: forward test average loss 0.0056015124751461875.
Epoch 99: forward train average loss 0.000708014173950586.
epoch 99: forward test average loss 0.002992742901874913.
inverse model, training agent 6.
epoch 0: inverse train average loss 0.0024550683641185365.
epoch 0: inverse test average loss 0.003982212187515365.
epoch 99: inverse train average loss 0.0013325379307692249.
epoch 99: inverse test average loss 0.0037116140334142577.
Policy training episode: 72, grounded actions taken: 832, last two uncertainties: {0: [0.0, 0.0], 1: [0.0, 0.0], 2: [0.0, 0.0], 3: [0.0, 0.0], 4: [0.0, 0.0], 5: [0.0, 0.0], 6: [0.0, 0.0]}, avg agent uncertainties: [0.0, 0.0, 0.0, 0.0, 0.0, 0.0, 0.0], grounded actions by agent: [128, 124, 122, 113, 117, 113, 115]
Policy training episode: 72, iteration 0/1, policy training avg travel time:67.83151274412447, q_loss:4.436039447784424, rewards:-3.2027767605251736, queue:0.530952380952381, delay:0.05031054966033451, throughput:3012
Sim Rollout episode:73/100, sim avg travel time:64.30198675496689, rewards:-2.6313900417751737, queue:0.41349206349206347, delay:0.044301142011369976, throughput:3012
Real rollout step:73/100, travel time:835.3990147783251, rewards:-30.949446614583334, queue:16.287301587301588, delay:0.26115216451977924, throughput:743
forward model: training agent 0.
Epoch 0: forward train average loss 0.002547509657839934.
epoch 0: forward test average loss 0.0029966306562225022.
Epoch 99: forward train average loss 0.0009656331967562437.
epoch 99: forward test average loss 0.0019291527051892546.
inverse model, training agent 0.
epoch 0: inverse train average loss 0.004241293606658776.
epoch 0: inverse test average loss 0.003572270504567617.
epoch 99: inverse train average loss 0.0019061206839978695.
epoch 99: inverse test average loss 0.006626392818159527.
forward model: training agent 1.
Epoch 0: forward train average loss 0.0013133052658910553.
epoch 0: forward test average loss 0.002342162239882681.
Epoch 99: forward train average loss 0.0002803759481240478.
epoch 99: forward test average loss 0.001585190546595388.
inverse model, training agent 1.
epoch 0: inverse train average loss 0.0019511048319853013.
epoch 0: inverse test average loss 0.002066209045652714.
epoch 99: inverse train average loss 0.0005531121633895156.
epoch 99: inverse test average loss 0.0026205139905262818.
forward model: training agent 2.
Epoch 0: forward train average loss 0.0004897575256311231.
epoch 0: forward test average loss 0.0006098417668706841.
Epoch 99: forward train average loss 0.00034456656107472046.
epoch 99: forward test average loss 0.0006688172256367074.
inverse model, training agent 2.
epoch 0: inverse train average loss 0.02489898933304681.
epoch 0: inverse test average loss 0.052075601286358304.
epoch 99: inverse train average loss 0.0037271356106632287.
epoch 99: inverse test average loss 0.006109430144230525.
forward model: training agent 3.
Epoch 0: forward train average loss 0.0013588194787088367.
epoch 0: forward test average loss 0.0031140512890285915.
Epoch 99: forward train average loss 0.00030832508734116953.
epoch 99: forward test average loss 0.0017792793611685436.
inverse model, training agent 3.
epoch 0: inverse train average loss 0.004697266888494293.
epoch 0: inverse test average loss 0.0010348837822675705.
epoch 99: inverse train average loss 0.0019416620101158817.
epoch 99: inverse test average loss 0.002077606196204821.
forward model: training agent 4.
Epoch 0: forward train average loss 0.0002717048595918135.
epoch 0: forward test average loss 0.001149086540357934.
Epoch 99: forward train average loss 0.00011390349310305383.
epoch 99: forward test average loss 0.0005777043859577841.
inverse model, training agent 4.
epoch 0: inverse train average loss 0.011738912098937564.
epoch 0: inverse test average loss 0.044672995805740356.
epoch 99: inverse train average loss 0.004882460304846366.
epoch 99: inverse test average loss 0.012388546019792557.
forward model: training agent 5.
Epoch 0: forward train average loss 0.0012072490968017115.
epoch 0: forward test average loss 0.001552893624951442.
Epoch 99: forward train average loss 0.0004941010783012542.
epoch 99: forward test average loss 0.001260015182197094.
inverse model, training agent 5.
epoch 0: inverse train average loss 0.007412528412209617.
epoch 0: inverse test average loss 0.013030143247710334.
epoch 99: inverse train average loss 0.004616948310285807.
epoch 99: inverse test average loss 0.006321019906964567.
forward model: training agent 6.
Epoch 0: forward train average loss 0.0023089824761781427.
epoch 0: forward test average loss 0.00366726600461536.
Epoch 99: forward train average loss 0.0007195505572275983.
epoch 99: forward test average loss 0.001673140614810917.
inverse model, training agent 6.
epoch 0: inverse train average loss 0.002545998030756083.
epoch 0: inverse test average loss 0.00920192442006535.
epoch 99: inverse train average loss 0.0016933638900001016.
epoch 99: inverse test average loss 0.0022000462955070865.
Policy training episode: 73, grounded actions taken: 865, last two uncertainties: {0: [0.0, 0.0], 1: [0.0, 0.0], 2: [0.0, 0.0], 3: [0.0, 0.0], 4: [0.0, 0.0], 5: [0.0, 0.0], 6: [0.0, 0.0]}, avg agent uncertainties: [0.0, 0.0, 0.0, 0.0, 0.0, 0.0, 0.0], grounded actions by agent: [138, 121, 117, 110, 134, 129, 116]
Policy training episode: 73, iteration 0/1, policy training avg travel time:63.10963895329579, q_loss:4.450343132019043, rewards:-2.495554945203993, queue:0.4115079365079365, delay:0.0430696275499132, throughput:3012
Sim Rollout episode:74/100, sim avg travel time:63.65, rewards:-2.431111314561632, queue:0.39285714285714285, delay:0.04249987526545449, throughput:3012
Real rollout step:74/100, travel time:546.3951347797502, rewards:-26.860552300347223, queue:13.952380952380953, delay:0.2403046623108879, throughput:1077
forward model: training agent 0.
Epoch 0: forward train average loss 0.0025158028583973646.
epoch 0: forward test average loss 0.0033368649375107554.
Epoch 99: forward train average loss 0.0008910284506984883.
epoch 99: forward test average loss 0.0030515603721141815.
inverse model, training agent 0.
epoch 0: inverse train average loss 0.0015766092110425234.
epoch 0: inverse test average loss 0.0026113910134881735.
epoch 99: inverse train average loss 9.586072479174213e-05.
epoch 99: inverse test average loss 0.0021643992561924583.
forward model: training agent 1.
Epoch 0: forward train average loss 0.001275641533235709.
epoch 0: forward test average loss 0.0037573818117380142.
Epoch 99: forward train average loss 0.0005817325307159788.
epoch 99: forward test average loss 0.0019527514879074362.
inverse model, training agent 1.
epoch 0: inverse train average loss 0.0016008478624927294.
epoch 0: inverse test average loss 0.0014601576177584422.
epoch 99: inverse train average loss 0.0007578715837250153.
epoch 99: inverse test average loss 0.0013866351089543765.
forward model: training agent 2.
Epoch 0: forward train average loss 0.0006326419728187224.
epoch 0: forward test average loss 0.0012235091481771735.
Epoch 99: forward train average loss 0.0003472471887814916.
epoch 99: forward test average loss 0.0011773210329314072.
inverse model, training agent 2.
epoch 0: inverse train average loss 0.010640241412652863.
epoch 0: inverse test average loss 0.033352349367406636.
epoch 99: inverse train average loss 0.005093434722059303.
epoch 99: inverse test average loss 0.013134998579819998.
forward model: training agent 3.
Epoch 0: forward train average loss 0.0019471446931776074.
epoch 0: forward test average loss 0.003979320948322614.
Epoch 99: forward train average loss 0.0005776125860090057.
epoch 99: forward test average loss 0.004122645904620488.
inverse model, training agent 3.
epoch 0: inverse train average loss 0.001692876633670595.
epoch 0: inverse test average loss 0.001227420360212111.
epoch 99: inverse train average loss 0.0010073287671224938.
epoch 99: inverse test average loss 0.0010705886719127495.
forward model: training agent 4.
Epoch 0: forward train average loss 0.0009173795761954454.
epoch 0: forward test average loss 0.001565118630727132.
Epoch 99: forward train average loss 0.00019336325607986914.
epoch 99: forward test average loss 0.0014869212690326902.
inverse model, training agent 4.
epoch 0: inverse train average loss 0.015018198018272718.
epoch 0: inverse test average loss 0.013798423111438751.
epoch 99: inverse train average loss 0.007255355517069499.
epoch 99: inverse test average loss 0.00971032389336162.
forward model: training agent 5.
Epoch 0: forward train average loss 0.001289567496213648.
epoch 0: forward test average loss 0.002194949115316073.
Epoch 99: forward train average loss 0.0005713854334317148.
epoch 99: forward test average loss 0.0021051551318830913.
inverse model, training agent 5.
epoch 0: inverse train average loss 0.005671856200529469.
epoch 0: inverse test average loss 0.006285469254685773.
epoch 99: inverse train average loss 0.004747691616002057.
epoch 99: inverse test average loss 0.006654886942770746.
forward model: training agent 6.
Epoch 0: forward train average loss 0.0028963216787411105.
epoch 0: forward test average loss 0.00458124073015319.
Epoch 99: forward train average loss 0.000745470286346972.
epoch 99: forward test average loss 0.003926092862255043.
inverse model, training agent 6.
epoch 0: inverse train average loss 0.0036475487156874603.
epoch 0: inverse test average loss 0.0033658412802550527.
epoch 99: inverse train average loss 0.001183965793138163.
epoch 99: inverse test average loss 0.004823090819021066.
Policy training episode: 74, grounded actions taken: 852, last two uncertainties: {0: [0.0, 0.0], 1: [0.0, 0.0], 2: [0.0, 0.0], 3: [0.0, 0.0], 4: [0.0, 0.0], 5: [0.0, 0.0], 6: [0.0, 0.0]}, avg agent uncertainties: [0.0, 0.0, 0.0, 0.0, 0.0, 0.0, 0.0], grounded actions by agent: [121, 128, 115, 117, 127, 113, 131]
Policy training episode: 74, iteration 0/1, policy training avg travel time:64.27606752730884, q_loss:4.171578884124756, rewards:-2.717221408420139, queue:0.42698412698412697, delay:0.04550465780591208, throughput:3012
Sim Rollout episode:75/100, sim avg travel time:64.22674611055942, rewards:-2.821389431423611, queue:0.4392857142857143, delay:0.045282055082775295, throughput:3011
Real rollout step:75/100, travel time:754.6764478764479, rewards:-25.671384006076387, queue:16.27261904761905, delay:0.2524298289465526, throughput:813
forward model: training agent 0.
Epoch 0: forward train average loss 0.003324862259129683.
epoch 0: forward test average loss 0.004857671757539113.
Epoch 99: forward train average loss 0.0009756179836889108.
epoch 99: forward test average loss 0.0028526781954699093.
inverse model, training agent 0.
epoch 0: inverse train average loss 0.0026670739874437763.
epoch 0: inverse test average loss 0.01972284023132589.
epoch 99: inverse train average loss 0.0010442958252194028.
epoch 99: inverse test average loss 0.0030974854534077975.
forward model: training agent 1.
Epoch 0: forward train average loss 0.0006139864563010633.
epoch 0: forward test average loss 0.0013768461325930224.
Epoch 99: forward train average loss 0.0002777411880540765.
epoch 99: forward test average loss 0.001792755081421799.
inverse model, training agent 1.
epoch 0: inverse train average loss 0.0014032977115776804.
epoch 0: inverse test average loss 0.0015694765186506426.
epoch 99: inverse train average loss 0.0010056997125502676.
epoch 99: inverse test average loss 0.0013908783956948253.
forward model: training agent 2.
Epoch 0: forward train average loss 0.000441968466879593.
epoch 0: forward test average loss 0.0008019101547284259.
Epoch 99: forward train average loss 0.00030091582448221743.
epoch 99: forward test average loss 0.0006982660723022289.
inverse model, training agent 2.
epoch 0: inverse train average loss 0.006273607257753611.
epoch 0: inverse test average loss 0.007902640021509595.
epoch 99: inverse train average loss 0.005501126353111532.
epoch 99: inverse test average loss 0.014238927927282121.
forward model: training agent 3.
Epoch 0: forward train average loss 0.0014633967980949415.
epoch 0: forward test average loss 0.0031456417507595485.
Epoch 99: forward train average loss 0.0003001309556162192.
epoch 99: forward test average loss 0.0035873683583405283.
inverse model, training agent 3.
epoch 0: inverse train average loss 0.002303976914845407.
epoch 0: inverse test average loss 0.004202221209804217.
epoch 99: inverse train average loss 0.0015212279718576206.
epoch 99: inverse test average loss 0.0034783811101482976.
forward model: training agent 4.
Epoch 0: forward train average loss 0.0009819163501055704.
epoch 0: forward test average loss 0.0014856426666180293.
Epoch 99: forward train average loss 0.0001192810975933551.
epoch 99: forward test average loss 0.0009021343301153845.
inverse model, training agent 4.
epoch 0: inverse train average loss 0.015248157704869906.
epoch 0: inverse test average loss 0.02340713060564465.
epoch 99: inverse train average loss 0.004394097408900659.
epoch 99: inverse test average loss 0.007296953557266129.
forward model: training agent 5.
Epoch 0: forward train average loss 0.002377225836325023.
epoch 0: forward test average loss 0.003152935765683651.
Epoch 99: forward train average loss 0.0004989010049030185.
epoch 99: forward test average loss 0.0021517801408966384.
inverse model, training agent 5.
epoch 0: inverse train average loss 0.00853418093174696.
epoch 0: inverse test average loss 0.012802929513984256.
epoch 99: inverse train average loss 0.004582385842998822.
epoch 99: inverse test average loss 0.009515447749031914.
forward model: training agent 6.
Epoch 0: forward train average loss 0.017313280867205724.
epoch 0: forward test average loss 0.013235590110222498.
Epoch 99: forward train average loss 0.0009298655592525998.
epoch 99: forward test average loss 0.0030384166166186333.
inverse model, training agent 6.
epoch 0: inverse train average loss 0.003121146880504158.
epoch 0: inverse test average loss 0.0011733401851314637.
epoch 99: inverse train average loss 0.0012121809025605519.
epoch 99: inverse test average loss 0.0015153172425925732.
Policy training episode: 75, grounded actions taken: 847, last two uncertainties: {0: [0.0, 0.0], 1: [0.0, 0.0], 2: [0.0, 0.0], 3: [0.0, 0.0], 4: [0.0, 0.0], 5: [0.0, 0.0], 6: [0.0, 0.0]}, avg agent uncertainties: [0.0, 0.0, 0.0, 0.0, 0.0, 0.0, 0.0], grounded actions by agent: [126, 117, 112, 120, 118, 117, 137]
Policy training episode: 75, iteration 0/1, policy training avg travel time:63.980132450331126, q_loss:4.50624942779541, rewards:-2.557500542534722, queue:0.4222222222222222, delay:0.04547200884137835, throughput:3011
Sim Rollout episode:76/100, sim avg travel time:64.97120158887786, rewards:-2.962220933702257, queue:0.46785714285714286, delay:0.04739653572203621, throughput:3012
Real rollout step:76/100, travel time:647.9160357880248, rewards:-26.7958251953125, queue:15.567063492063491, delay:0.2371343945700025, throughput:921
forward model: training agent 0.
Epoch 0: forward train average loss 0.0032384488990323413.
epoch 0: forward test average loss 0.006176258333855205.
Epoch 99: forward train average loss 0.0009527552045053906.
epoch 99: forward test average loss 0.0025051814607448047.
inverse model, training agent 0.
epoch 0: inverse train average loss 0.00766083924099803.
epoch 0: inverse test average loss 0.007119033026457246.
epoch 99: inverse train average loss 0.0035651452684154115.
epoch 99: inverse test average loss 0.009560350121723281.
forward model: training agent 1.
Epoch 0: forward train average loss 0.0007932549698226568.
epoch 0: forward test average loss 0.0014926864662104184.
Epoch 99: forward train average loss 0.0003693154366273019.
epoch 99: forward test average loss 0.0013935200145675077.
inverse model, training agent 1.
epoch 0: inverse train average loss 0.0017283975499190597.
epoch 0: inverse test average loss 0.0014093103285025184.
epoch 99: inverse train average loss 0.0008910683811538749.
epoch 99: inverse test average loss 0.0015819906257092953.
forward model: training agent 2.
Epoch 0: forward train average loss 0.0005811270416921212.
epoch 0: forward test average loss 0.0007603664804870883.
Epoch 99: forward train average loss 0.00032476999978017475.
epoch 99: forward test average loss 0.0009230265342113045.
inverse model, training agent 2.
epoch 0: inverse train average loss 0.013180822134017944.
epoch 0: inverse test average loss 0.024123155408435397.
epoch 99: inverse train average loss 0.00309524012522565.
epoch 99: inverse test average loss 0.006369382349981202.
forward model: training agent 3.
Epoch 0: forward train average loss 0.0012169039885823925.
epoch 0: forward test average loss 0.0023999491499529946.
Epoch 99: forward train average loss 0.00031400514611353475.
epoch 99: forward test average loss 0.0039060553535819054.
inverse model, training agent 3.
epoch 0: inverse train average loss 0.0050175735054330695.
epoch 0: inverse test average loss 0.012697237233320871.
epoch 99: inverse train average loss 0.0013265787986003691.
epoch 99: inverse test average loss 0.0030041041415339955.
forward model: training agent 4.
Epoch 0: forward train average loss 0.0003738171104083045.
epoch 0: forward test average loss 0.0008630827845384678.
Epoch 99: forward train average loss 0.00010042197957065784.
epoch 99: forward test average loss 0.000928591393555204.
inverse model, training agent 4.
epoch 0: inverse train average loss 0.012827424746420648.
epoch 0: inverse test average loss 0.012454985744423337.
epoch 99: inverse train average loss 0.005331500329905086.
epoch 99: inverse test average loss 0.004294433631002903.
forward model: training agent 5.
Epoch 0: forward train average loss 0.001751325765831603.
epoch 0: forward test average loss 0.001965753941072358.
Epoch 99: forward train average loss 0.0005010519655317896.
epoch 99: forward test average loss 0.0015405473402804798.
inverse model, training agent 5.
epoch 0: inverse train average loss 0.005814730603661802.
epoch 0: inverse test average loss 0.00869702734053135.
epoch 99: inverse train average loss 0.004047336056828499.
epoch 99: inverse test average loss 0.011177613089481989.
forward model: training agent 6.
Epoch 0: forward train average loss 0.004197837526185645.
epoch 0: forward test average loss 0.0053500887006521225.
Epoch 99: forward train average loss 0.0009942392741019528.
epoch 99: forward test average loss 0.003517430793080065.
inverse model, training agent 6.
epoch 0: inverse train average loss 0.003025881066504452.
epoch 0: inverse test average loss 0.001993507172705399.
epoch 99: inverse train average loss 0.002100040334173375.
epoch 99: inverse test average loss 0.0026743987368212808.
Policy training episode: 76, grounded actions taken: 831, last two uncertainties: {0: [0.0, 0.0], 1: [0.0, 0.0], 2: [0.0, 0.0], 3: [0.0, 0.0], 4: [0.0, 0.0], 5: [0.0, 0.0], 6: [0.0, 0.0]}, avg agent uncertainties: [0.0, 0.0, 0.0, 0.0, 0.0, 0.0, 0.0], grounded actions by agent: [109, 114, 121, 112, 127, 127, 121]
Policy training episode: 76, iteration 0/1, policy training avg travel time:65.02881748923484, q_loss:4.332392692565918, rewards:-2.735833740234375, queue:0.43492063492063493, delay:0.04642604343474857, throughput:3012
Sim Rollout episode:77/100, sim avg travel time:64.97979463398477, rewards:-2.6711117214626734, queue:0.43174603174603177, delay:0.04473382253495474, throughput:3011
Real rollout step:77/100, travel time:637.6062767475036, rewards:-27.011382378472224, queue:14.984126984126984, delay:0.23751957000248017, throughput:939
forward model: training agent 0.
Epoch 0: forward train average loss 0.002997238240722153.
epoch 0: forward test average loss 0.0027892598882317543.
Epoch 99: forward train average loss 0.0010756321975754367.
epoch 99: forward test average loss 0.0021762472266952195.
inverse model, training agent 0.
epoch 0: inverse train average loss 0.004246709350910451.
epoch 0: inverse test average loss 0.004661703275309669.
epoch 99: inverse train average loss 0.0012441221850975934.
epoch 99: inverse test average loss 0.008107141281167666.
forward model: training agent 1.
Epoch 0: forward train average loss 0.000714735257335835.
epoch 0: forward test average loss 0.0017285060861872302.
Epoch 99: forward train average loss 0.0002837457674710701.
epoch 99: forward test average loss 0.001749867211199469.
inverse model, training agent 1.
epoch 0: inverse train average loss 0.003004037800969349.
epoch 0: inverse test average loss 0.007591215893626213.
epoch 99: inverse train average loss 0.0007454681908711791.
epoch 99: inverse test average loss 0.008918245633443197.
forward model: training agent 2.
Epoch 0: forward train average loss 0.0004727351479232311.
epoch 0: forward test average loss 0.0007082299432820744.
Epoch 99: forward train average loss 0.0003223645908292383.
epoch 99: forward test average loss 0.000999759520507521.
inverse model, training agent 2.
epoch 0: inverse train average loss 0.008744154539373186.
epoch 0: inverse test average loss 0.009110772154397435.
epoch 99: inverse train average loss 0.005090135977500015.
epoch 99: inverse test average loss 0.00944891365038024.
forward model: training agent 3.
Epoch 0: forward train average loss 0.0011453148908913136.
epoch 0: forward test average loss 0.0035886531695723534.
Epoch 99: forward train average loss 0.0003129146902614997.
epoch 99: forward test average loss 0.003550358427067598.
inverse model, training agent 3.
epoch 0: inverse train average loss 0.0009605264511062867.
epoch 0: inverse test average loss 0.0015829480511860715.
epoch 99: inverse train average loss 0.0005508736131661055.
epoch 99: inverse test average loss 0.0009986800950072291.
forward model: training agent 4.
Epoch 0: forward train average loss 0.00044953815651954047.
epoch 0: forward test average loss 0.0009130697904361619.
Epoch 99: forward train average loss 0.00011097364444544332.
epoch 99: forward test average loss 0.0008223656720171372.
inverse model, training agent 4.
epoch 0: inverse train average loss 0.008054971694946289.
epoch 0: inverse test average loss 0.008536149437228838.
epoch 99: inverse train average loss 0.005362404096457694.
epoch 99: inverse test average loss 0.006229130240778129.
forward model: training agent 5.
Epoch 0: forward train average loss 0.0012712347217732007.
epoch 0: forward test average loss 0.0020345565345552233.
Epoch 99: forward train average loss 0.0005494099588961237.
epoch 99: forward test average loss 0.0017699087556037637.
inverse model, training agent 5.
epoch 0: inverse train average loss 0.006509005402525266.
epoch 0: inverse test average loss 0.013983994308445189.
epoch 99: inverse train average loss 0.0040369852342539364.
epoch 99: inverse test average loss 0.013349865873654684.
forward model: training agent 6.
Epoch 0: forward train average loss 0.002907192127572166.
epoch 0: forward test average loss 0.0037742207447687783.
Epoch 99: forward train average loss 0.0008409523353394535.
epoch 99: forward test average loss 0.0030350369504756397.
inverse model, training agent 6.
epoch 0: inverse train average loss 0.00238313443130917.
epoch 0: inverse test average loss 0.0033053068651093375.
epoch 99: inverse train average loss 0.0010334840173729593.
epoch 99: inverse test average loss 0.0041562184277508.
Policy training episode: 77, grounded actions taken: 828, last two uncertainties: {0: [0.0, 0.0], 1: [0.0, 0.0], 2: [0.0, 0.0], 3: [0.0, 0.0], 4: [0.0, 0.0], 5: [0.0, 0.0], 6: [0.0, 0.0]}, avg agent uncertainties: [0.0, 0.0, 0.0, 0.0, 0.0, 0.0, 0.0], grounded actions by agent: [128, 119, 130, 101, 105, 121, 124]
Policy training episode: 77, iteration 0/1, policy training avg travel time:66.81252070221927, q_loss:4.300983428955078, rewards:-2.8794447157118057, queue:0.4579365079365079, delay:0.046473548525855654, throughput:3011
Sim Rollout episode:78/100, sim avg travel time:64.56986754966887, rewards:-2.6105556911892362, queue:0.41984126984126985, delay:0.043499023195297, throughput:3011
Real rollout step:78/100, travel time:918.3682432432432, rewards:-29.435826280381946, queue:16.380555555555556, delay:0.24238353910900298, throughput:659
forward model: training agent 0.
Epoch 0: forward train average loss 0.0035441497651239238.
epoch 0: forward test average loss 0.002846689894795418.
Epoch 99: forward train average loss 0.0005711649234096209.
epoch 99: forward test average loss 0.0015051805724700291.
inverse model, training agent 0.
epoch 0: inverse train average loss 0.0006237697638829963.
epoch 0: inverse test average loss 0.0014292622088558143.
epoch 99: inverse train average loss 6.522289469204325e-05.
epoch 99: inverse test average loss 0.0012759954770444892.
forward model: training agent 1.
Epoch 0: forward train average loss 0.0004168293995058371.
epoch 0: forward test average loss 0.000854037469252944.
Epoch 99: forward train average loss 0.00023735087759430625.
epoch 99: forward test average loss 0.0016900609868268173.
inverse model, training agent 1.
epoch 0: inverse train average loss 0.0014886290041936769.
epoch 0: inverse test average loss 0.0012779266237177784.
epoch 99: inverse train average loss 0.0010156670016133124.
epoch 99: inverse test average loss 0.001434910141041554.
forward model: training agent 2.
Epoch 0: forward train average loss 0.0003987357389026632.
epoch 0: forward test average loss 0.0006288569291225738.
Epoch 99: forward train average loss 0.00030536144428576034.
epoch 99: forward test average loss 0.0007686236252387365.
inverse model, training agent 2.
epoch 0: inverse train average loss 0.01963776598374049.
epoch 0: inverse test average loss 0.03073843816916148.
epoch 99: inverse train average loss 0.005419051843798823.
epoch 99: inverse test average loss 0.009805333490173021.
forward model: training agent 3.
Epoch 0: forward train average loss 0.0007165936080531941.
epoch 0: forward test average loss 0.001812983045561446.
Epoch 99: forward train average loss 0.00023975860029976402.
epoch 99: forward test average loss 0.0023863094134463202.
inverse model, training agent 3.
epoch 0: inverse train average loss 0.003740050390155779.
epoch 0: inverse test average loss 0.0012768085208436889.
epoch 99: inverse train average loss 0.0014204093733698958.
epoch 99: inverse test average loss 0.0009309308241224951.
forward model: training agent 4.
Epoch 0: forward train average loss 0.00040989900783946115.
epoch 0: forward test average loss 0.0008176716251505746.
Epoch 99: forward train average loss 9.860943989931709e-05.
epoch 99: forward test average loss 0.0006713680405583647.
inverse model, training agent 4.
epoch 0: inverse train average loss 0.004634589939895604.
epoch 0: inverse test average loss 0.005525502479738659.
epoch 99: inverse train average loss 0.0032661017547878954.
epoch 99: inverse test average loss 0.00604408544798692.
forward model: training agent 5.
Epoch 0: forward train average loss 0.0011350253286461036.
epoch 0: forward test average loss 0.0019201224462853537.
Epoch 99: forward train average loss 0.0004295478510256443.
epoch 99: forward test average loss 0.001386388825873534.
inverse model, training agent 5.
epoch 0: inverse train average loss 0.0037211208190355036.
epoch 0: inverse test average loss 0.023310328523317974.
epoch 99: inverse train average loss 0.0029510042319695153.
epoch 99: inverse test average loss 0.023716280029879674.
forward model: training agent 6.
Epoch 0: forward train average loss 0.002574737442450391.
epoch 0: forward test average loss 0.0034357186199890245.
Epoch 99: forward train average loss 0.0006064186907476849.
epoch 99: forward test average loss 0.0028298908016747898.
inverse model, training agent 6.
epoch 0: inverse train average loss 0.003968396482782232.
epoch 0: inverse test average loss 0.004625030793249607.
epoch 99: inverse train average loss 0.0020337404372791448.
epoch 99: inverse test average loss 0.00415489056871997.
Policy training episode: 78, grounded actions taken: 838, last two uncertainties: {0: [0.0, 0.0], 1: [0.0, 0.0], 2: [0.0, 0.0], 3: [0.0, 0.0], 4: [0.0, 0.0], 5: [0.0, 0.0], 6: [0.0, 0.0]}, avg agent uncertainties: [0.0, 0.0, 0.0, 0.0, 0.0, 0.0, 0.0], grounded actions by agent: [128, 105, 99, 136, 120, 124, 126]
Policy training episode: 78, iteration 0/1, policy training avg travel time:64.42866600463422, q_loss:4.254453659057617, rewards:-2.776388888888889, queue:0.42658730158730157, delay:0.04542835477798704, throughput:3012
Sim Rollout episode:79/100, sim avg travel time:63.6023178807947, rewards:-2.351945326063368, queue:0.39166666666666666, delay:0.04261300525968037, throughput:3012
Real rollout step:79/100, travel time:822.5848287112561, rewards:-21.029448784722224, queue:15.69484126984127, delay:0.2325992644779266, throughput:746
forward model: training agent 0.
Epoch 0: forward train average loss 0.0031384420581161976.
epoch 0: forward test average loss 0.003039490431547165.
Epoch 99: forward train average loss 0.0008699978805250592.
epoch 99: forward test average loss 0.0027581628205047715.
inverse model, training agent 0.
epoch 0: inverse train average loss 0.0002120831648224137.
epoch 0: inverse test average loss 3.623284444782055e-05.
epoch 99: inverse train average loss 4.580082471269028e-05.
epoch 99: inverse test average loss 3.4340543303793915e-05.
forward model: training agent 1.
Epoch 0: forward train average loss 0.0004660467998797281.
epoch 0: forward test average loss 0.0010628789766795104.
Epoch 99: forward train average loss 0.00025145623496630124.
epoch 99: forward test average loss 0.0015879719932046202.
inverse model, training agent 1.
epoch 0: inverse train average loss 0.0022885082386589297.
epoch 0: inverse test average loss 0.006232118234038353.
epoch 99: inverse train average loss 0.0017882988775252467.
epoch 99: inverse test average loss 0.0015677638002671301.
forward model: training agent 2.
Epoch 0: forward train average loss 0.0003754281335406833.
epoch 0: forward test average loss 0.000607789429422054.
Epoch 99: forward train average loss 0.0003030719882291224.
epoch 99: forward test average loss 0.0011633715023183161.
inverse model, training agent 2.
epoch 0: inverse train average loss 0.0059651597402989864.
epoch 0: inverse test average loss 0.010691799223423004.
epoch 99: inverse train average loss 0.0045516110646228.
epoch 99: inverse test average loss 0.009628333151340485.
forward model: training agent 3.
Epoch 0: forward train average loss 0.0005702981854685479.
epoch 0: forward test average loss 0.0020587490871548653.
Epoch 99: forward train average loss 0.0002598044456034485.
epoch 99: forward test average loss 0.0013769401444329156.
inverse model, training agent 3.
epoch 0: inverse train average loss 0.0011492744023497733.
epoch 0: inverse test average loss 0.0011362649707330598.
epoch 99: inverse train average loss 0.0007239608449809668.
epoch 99: inverse test average loss 0.004334712556252877.
forward model: training agent 4.
Epoch 0: forward train average loss 0.00021789481333043013.
epoch 0: forward test average loss 0.0006273670587688684.
Epoch 99: forward train average loss 7.859470739883061e-05.
epoch 99: forward test average loss 0.0007497946886966625.
inverse model, training agent 4.
epoch 0: inverse train average loss 0.011937338031000562.
epoch 0: inverse test average loss 0.013134853190018071.
epoch 99: inverse train average loss 0.006372018510268794.
epoch 99: inverse test average loss 0.014713130063480802.
forward model: training agent 5.
Epoch 0: forward train average loss 0.0011817209758899277.
epoch 0: forward test average loss 0.0020905028407772384.
Epoch 99: forward train average loss 0.00045795189604784053.
epoch 99: forward test average loss 0.0014362955051991674.
inverse model, training agent 5.
epoch 0: inverse train average loss 0.011793977374003993.
epoch 0: inverse test average loss 0.025397745271523792.
epoch 99: inverse train average loss 0.0038754941585163274.
epoch 99: inverse test average loss 0.01070356493194898.
forward model: training agent 6.
Epoch 0: forward train average loss 0.003250563982874155.
epoch 0: forward test average loss 0.0040053971525695585.
Epoch 99: forward train average loss 0.0007181748385644621.
epoch 99: forward test average loss 0.0025566527619957924.
inverse model, training agent 6.
epoch 0: inverse train average loss 0.0016788463366942273.
epoch 0: inverse test average loss 0.0033780942774481243.
epoch 99: inverse train average loss 0.001188863340454797.
epoch 99: inverse test average loss 0.00280491581846339.
Policy training episode: 79, grounded actions taken: 796, last two uncertainties: {0: [0.0, 0.0], 1: [0.0, 0.0], 2: [0.0, 0.0], 3: [0.0, 0.0], 4: [0.0, 0.0], 5: [0.0, 0.0], 6: [0.0, 0.0]}, avg agent uncertainties: [0.0, 0.0, 0.0, 0.0, 0.0, 0.0, 0.0], grounded actions by agent: [129, 110, 121, 103, 107, 123, 103]
Policy training episode: 79, iteration 0/1, policy training avg travel time:65.93673401788672, q_loss:4.2537841796875, rewards:-3.126110161675347, queue:0.48055555555555557, delay:0.047275997343517485, throughput:3012
Sim Rollout episode:80/100, sim avg travel time:64.7530619000331, rewards:-2.6227783203125, queue:0.4126984126984127, delay:0.04425973740835038, throughput:3012
Real rollout step:80/100, travel time:927.0179333902647, rewards:-31.63332790798611, queue:17.075396825396826, delay:0.23654625302269344, throughput:645
forward model: training agent 0.
Epoch 0: forward train average loss 0.010102214602132639.
epoch 0: forward test average loss 0.006860710887445344.
Epoch 99: forward train average loss 0.0005871179746463895.
epoch 99: forward test average loss 0.0035992397202385795.
inverse model, training agent 0.
epoch 0: inverse train average loss 0.025789522462420993.
epoch 0: inverse test average loss 0.021586795038779708.
epoch 99: inverse train average loss 0.005386081731153859.
epoch 99: inverse test average loss 0.005679851190911399.
forward model: training agent 1.
Epoch 0: forward train average loss 0.0003700186110412081.
epoch 0: forward test average loss 0.0011052591726183891.
Epoch 99: forward train average loss 0.00023294842038821016.
epoch 99: forward test average loss 0.0009931145598077113.
inverse model, training agent 1.
epoch 0: inverse train average loss 0.0014150597982936436.
epoch 0: inverse test average loss 0.0016946673632547674.
epoch 99: inverse train average loss 0.0007497255250604616.
epoch 99: inverse test average loss 0.001439599578993188.
forward model: training agent 2.
Epoch 0: forward train average loss 0.0003670735362296303.
epoch 0: forward test average loss 0.000888807802564568.
Epoch 99: forward train average loss 0.0003001081802520073.
epoch 99: forward test average loss 0.0005010588469708131.
inverse model, training agent 2.
epoch 0: inverse train average loss 0.006327419386555751.
epoch 0: inverse test average loss 0.024597009023030598.
epoch 99: inverse train average loss 0.0045491862628195025.
epoch 99: inverse test average loss 0.011667782647742165.
forward model: training agent 3.
Epoch 0: forward train average loss 0.0010044239073370893.
epoch 0: forward test average loss 0.003133821094201671.
Epoch 99: forward train average loss 0.0002668341330718249.
epoch 99: forward test average loss 0.001774643806533681.
inverse model, training agent 3.
epoch 0: inverse train average loss 0.00246506212796602.
epoch 0: inverse test average loss 0.0033641388225886556.
epoch 99: inverse train average loss 0.0011771785696813215.
epoch 99: inverse test average loss 0.0022512866287595695.
forward model: training agent 4.
Epoch 0: forward train average loss 0.00022972110633013977.
epoch 0: forward test average loss 0.0006530657410621643.
Epoch 99: forward train average loss 8.069358753143913e-05.
epoch 99: forward test average loss 0.0005864187712884612.
inverse model, training agent 4.
epoch 0: inverse train average loss 0.008841477437979646.
epoch 0: inverse test average loss 0.015174719194571177.
epoch 99: inverse train average loss 0.005947934825801187.
epoch 99: inverse test average loss 0.013248141027159162.
forward model: training agent 5.
Epoch 0: forward train average loss 0.0007514816760602924.
epoch 0: forward test average loss 0.001278168780522214.
Epoch 99: forward train average loss 0.00028441111660665937.
epoch 99: forward test average loss 0.0009953664719230598.
inverse model, training agent 5.
epoch 0: inverse train average loss 0.010762743651866913.
epoch 0: inverse test average loss 0.020076864295535617.
epoch 99: inverse train average loss 0.00202592371756004.
epoch 99: inverse test average loss 0.025127763135565653.
forward model: training agent 6.
Epoch 0: forward train average loss 0.006392668725715743.
epoch 0: forward test average loss 0.003535359270042843.
Epoch 99: forward train average loss 0.0006158067586107387.
epoch 99: forward test average loss 0.001871171562621991.
inverse model, training agent 6.
epoch 0: inverse train average loss 0.0028053821814763877.
epoch 0: inverse test average loss 0.00614462254775895.
epoch 99: inverse train average loss 0.0016874732229755158.
epoch 99: inverse test average loss 0.012524015994535552.
Policy training episode: 80, grounded actions taken: 828, last two uncertainties: {0: [0.0, 0.0], 1: [0.0, 0.0], 2: [0.0, 0.0], 3: [0.0, 0.0], 4: [0.0, 0.0], 5: [0.0, 0.0], 6: [0.0, 0.0]}, avg agent uncertainties: [0.0, 0.0, 0.0, 0.0, 0.0, 0.0, 0.0], grounded actions by agent: [111, 127, 111, 114, 107, 138, 120]
Policy training episode: 80, iteration 0/1, policy training avg travel time:64.2600198741305, q_loss:4.315031051635742, rewards:-2.823055691189236, queue:0.4492063492063492, delay:0.04554418533567398, throughput:3011
Sim Rollout episode:81/100, sim avg travel time:67.70208540218471, rewards:-2.715833536783854, queue:0.4174603174603175, delay:0.04597855219765315, throughput:3012
Real rollout step:81/100, travel time:817.9250996015936, rewards:-29.190836588541668, queue:17.08968253968254, delay:0.2464902847532242, throughput:757
forward model: training agent 0.
Epoch 0: forward train average loss 0.0033364593982696533.
epoch 0: forward test average loss 0.0052190543048911625.
Epoch 99: forward train average loss 0.000837275292724371.
epoch 99: forward test average loss 0.0018112500353405874.
inverse model, training agent 0.
epoch 0: inverse train average loss 0.0062439652780691786.
epoch 0: inverse test average loss 0.007455602081285583.
epoch 99: inverse train average loss 0.004958723671734333.
epoch 99: inverse test average loss 0.00508364559047752.
forward model: training agent 1.
Epoch 0: forward train average loss 0.00030595111376088526.
epoch 0: forward test average loss 0.0013169338409271506.
Epoch 99: forward train average loss 0.00020060626815797554.
epoch 99: forward test average loss 0.001020292906711499.
inverse model, training agent 1.
epoch 0: inverse train average loss 0.002611156119706316.
epoch 0: inverse test average loss 0.0017241974257760579.
epoch 99: inverse train average loss 0.0005166856103136928.
epoch 99: inverse test average loss 0.0014086157591211507.
forward model: training agent 2.
Epoch 0: forward train average loss 0.00034826040630125336.
epoch 0: forward test average loss 0.0007256518583744764.
Epoch 99: forward train average loss 0.000295574938516236.
epoch 99: forward test average loss 0.0012324658584677512.
inverse model, training agent 2.
epoch 0: inverse train average loss 0.008107706490490172.
epoch 0: inverse test average loss 0.012705629898442162.
epoch 99: inverse train average loss 0.006235589169793659.
epoch 99: inverse test average loss 0.015464710692564646.
forward model: training agent 3.
Epoch 0: forward train average loss 0.0006682415906753805.
epoch 0: forward test average loss 0.002068323911064201.
Epoch 99: forward train average loss 0.0002178425008120636.
epoch 99: forward test average loss 0.0024849197620318998.
inverse model, training agent 3.
epoch 0: inverse train average loss 0.0019700452944056857.
epoch 0: inverse test average loss 0.0013669286595864429.
epoch 99: inverse train average loss 0.0008589700090750637.
epoch 99: inverse test average loss 0.0013140688857270612.
forward model: training agent 4.
Epoch 0: forward train average loss 0.00021282655749625215.
epoch 0: forward test average loss 0.0005437485071726971.
Epoch 99: forward train average loss 9.509551455266774e-05.
epoch 99: forward test average loss 0.0012509756876776617.
inverse model, training agent 4.
epoch 0: inverse train average loss 0.008848771504643891.
epoch 0: inverse test average loss 0.013391293171379302.
epoch 99: inverse train average loss 0.006037513259798288.
epoch 99: inverse test average loss 0.00819388156135877.
forward model: training agent 5.
Epoch 0: forward train average loss 0.0011120880307215783.
epoch 0: forward test average loss 0.002080887969997194.
Epoch 99: forward train average loss 0.0004285755761278172.
epoch 99: forward test average loss 0.0021761273447838095.
inverse model, training agent 5.
epoch 0: inverse train average loss 0.00981174699134297.
epoch 0: inverse test average loss 0.01831673292650117.
epoch 99: inverse train average loss 0.005231999429977602.
epoch 99: inverse test average loss 0.017004104952017467.
forward model: training agent 6.
Epoch 0: forward train average loss 0.0062393926911883885.
epoch 0: forward test average loss 0.007982749491930008.
Epoch 99: forward train average loss 0.0008474819284553329.
epoch 99: forward test average loss 0.004395561292767525.
inverse model, training agent 6.
epoch 0: inverse train average loss 0.0028139934487019977.
epoch 0: inverse test average loss 0.002979762955672211.
epoch 99: inverse train average loss 0.0017454956994495457.
epoch 99: inverse test average loss 0.00414855033159256.
Policy training episode: 81, grounded actions taken: 879, last two uncertainties: {0: [0.0, 0.0], 1: [0.0, 0.0], 2: [0.0, 0.0], 3: [0.0, 0.0], 4: [0.0, 0.0], 5: [0.0, 0.0], 6: [0.0, 0.0]}, avg agent uncertainties: [0.0, 0.0, 0.0, 0.0, 0.0, 0.0, 0.0], grounded actions by agent: [117, 121, 132, 111, 128, 119, 151]
Policy training episode: 81, iteration 0/1, policy training avg travel time:66.31512744124463, q_loss:4.345189094543457, rewards:-2.950555419921875, queue:0.4583333333333333, delay:0.04758905077737475, throughput:3012
Sim Rollout episode:82/100, sim avg travel time:63.67086092715232, rewards:-2.634444173177083, queue:0.41309523809523807, delay:0.044544232080853174, throughput:3011
Real rollout step:82/100, travel time:113.00289330922243, rewards:-15.188888888888888, queue:2.149206349206349, delay:0.13211298140268476, throughput:2648
forward model: training agent 0.
Epoch 0: forward train average loss 0.0032082654846211276.
epoch 0: forward test average loss 0.003627196057803101.
Epoch 99: forward train average loss 0.0014844968035403225.
epoch 99: forward test average loss 0.0036466908123758105.
inverse model, training agent 0.
epoch 0: inverse train average loss 0.008866979533599483.
epoch 0: inverse test average loss 0.009304736637406878.
epoch 99: inverse train average loss 0.00023744485952192917.
epoch 99: inverse test average loss 0.0007260864788097226.
forward model: training agent 1.
Epoch 0: forward train average loss 0.009442590073578887.
epoch 0: forward test average loss 0.013299817012415992.
Epoch 99: forward train average loss 0.003816095646470785.
epoch 99: forward test average loss 0.009301014244556427.
inverse model, training agent 1.
epoch 0: inverse train average loss 0.005151673375318448.
epoch 0: inverse test average loss 0.009063779479927488.
epoch 99: inverse train average loss 0.001575324956017236.
epoch 99: inverse test average loss 0.001586147286515269.
forward model: training agent 2.
Epoch 0: forward train average loss 0.003995218159010013.
epoch 0: forward test average loss 0.00422968477424648.
Epoch 99: forward train average loss 0.0011267223033226198.
epoch 99: forward test average loss 0.0038090862540735137.
inverse model, training agent 2.
epoch 0: inverse train average loss 0.027167052030563354.
epoch 0: inverse test average loss 0.040710474054018654.
epoch 99: inverse train average loss 0.004795367415580485.
epoch 99: inverse test average loss 0.011009249008364148.
forward model: training agent 3.
Epoch 0: forward train average loss 0.01438386407163408.
epoch 0: forward test average loss 0.020910395516289607.
Epoch 99: forward train average loss 0.004380503410680426.
epoch 99: forward test average loss 0.010578495346837573.
inverse model, training agent 3.
epoch 0: inverse train average loss 0.0031510989582683477.
epoch 0: inverse test average loss 0.0038119801837537023.
epoch 99: inverse train average loss 0.0014027096460469896.
epoch 99: inverse test average loss 0.004479545272058911.
forward model: training agent 4.
Epoch 0: forward train average loss 0.003908766278376182.
epoch 0: forward test average loss 0.005549723075495826.
Epoch 99: forward train average loss 0.0011738073339478837.
epoch 99: forward test average loss 0.0036119258859091336.
inverse model, training agent 4.
epoch 0: inverse train average loss 0.010202509351074696.
epoch 0: inverse test average loss 0.01753741709722413.
epoch 99: inverse train average loss 0.0062195575899548.
epoch 99: inverse test average loss 0.01658898178074095.
forward model: training agent 5.
Epoch 0: forward train average loss 0.0014730975445773867.
epoch 0: forward test average loss 0.0031118839979171753.
Epoch 99: forward train average loss 0.0006640484271984962.
epoch 99: forward test average loss 0.0022042657559116683.
inverse model, training agent 5.
epoch 0: inverse train average loss 0.005797310318383906.
epoch 0: inverse test average loss 0.010463219963841967.
epoch 99: inverse train average loss 0.003265910367998812.
epoch 99: inverse test average loss 0.007270117911199729.
forward model: training agent 6.
Epoch 0: forward train average loss 0.00369567284360528.
epoch 0: forward test average loss 0.00909511869152387.
Epoch 99: forward train average loss 0.0012449153647240666.
epoch 99: forward test average loss 0.005169564030236668.
inverse model, training agent 6.
epoch 0: inverse train average loss 0.002008742329457568.
epoch 0: inverse test average loss 0.0022756043407652113.
epoch 99: inverse train average loss 0.001495630790789922.
epoch 99: inverse test average loss 0.003285845017267598.
Policy training episode: 82, grounded actions taken: 838, last two uncertainties: {0: [0.0, 0.0], 1: [0.0, 0.0], 2: [0.0, 0.0], 3: [0.0, 0.0], 4: [0.0, 0.0], 5: [0.0, 0.0], 6: [0.0, 0.0]}, avg agent uncertainties: [0.0, 0.0, 0.0, 0.0, 0.0, 0.0, 0.0], grounded actions by agent: [128, 115, 117, 114, 127, 122, 115]
Policy training episode: 82, iteration 0/1, policy training avg travel time:64.30397350993377, q_loss:4.304245948791504, rewards:-2.6722225613064237, queue:0.425, delay:0.045071217370411705, throughput:3012
Sim Rollout episode:83/100, sim avg travel time:64.73891462607544, rewards:-2.807500542534722, queue:0.4301587301587302, delay:0.04553171793619792, throughput:3012
Real rollout step:83/100, travel time:733.8384214445272, rewards:-23.6736083984375, queue:15.662301587301588, delay:0.23147386823381697, throughput:842
forward model: training agent 0.
Epoch 0: forward train average loss 0.006271974959721168.
epoch 0: forward test average loss 0.005527901359730297.
Epoch 99: forward train average loss 0.0008060038865854343.
epoch 99: forward test average loss 0.0016326201665732595.
inverse model, training agent 0.
epoch 0: inverse train average loss 0.0005997797189694312.
epoch 0: inverse test average loss 0.00016318378685456183.
epoch 99: inverse train average loss 0.00030481571674398665.
epoch 99: inverse test average loss 0.00012125642711503638.
forward model: training agent 1.
Epoch 0: forward train average loss 0.015251435339450836.
epoch 0: forward test average loss 0.012921178506480323.
Epoch 99: forward train average loss 0.00033896491448912356.
epoch 99: forward test average loss 0.0010691745620634821.
inverse model, training agent 1.
epoch 0: inverse train average loss 0.002619781583133671.
epoch 0: inverse test average loss 0.005793195010887252.
epoch 99: inverse train average loss 0.0005792908325222217.
epoch 99: inverse test average loss 0.0017091015922940439.
forward model: training agent 2.
Epoch 0: forward train average loss 0.005656593272255527.
epoch 0: forward test average loss 0.005335368422998322.
Epoch 99: forward train average loss 0.0003102179843052808.
epoch 99: forward test average loss 0.0005724083554620544.
inverse model, training agent 2.
epoch 0: inverse train average loss 0.031107993589507207.
epoch 0: inverse test average loss 0.03969934582710266.
epoch 99: inverse train average loss 0.008923937566578388.
epoch 99: inverse test average loss 0.014079515304830339.
forward model: training agent 3.
Epoch 0: forward train average loss 0.013237165701058175.
epoch 0: forward test average loss 0.01158159515923924.
Epoch 99: forward train average loss 0.0004365599727154606.
epoch 99: forward test average loss 0.0015305962103108566.
inverse model, training agent 3.
epoch 0: inverse train average loss 0.0020489455071381396.
epoch 0: inverse test average loss 0.00143584600623904.
epoch 99: inverse train average loss 0.0012624253932800558.
epoch 99: inverse test average loss 0.002792995578298966.
forward model: training agent 4.
Epoch 0: forward train average loss 0.0014568048322366343.
epoch 0: forward test average loss 0.0013705108625193436.
Epoch 99: forward train average loss 0.00014550805887362608.
epoch 99: forward test average loss 0.0005212094789991776.
inverse model, training agent 4.
epoch 0: inverse train average loss 0.008868329847852388.
epoch 0: inverse test average loss 0.01458829434381591.
epoch 99: inverse train average loss 0.004147053178813722.
epoch 99: inverse test average loss 0.007911098500092825.
forward model: training agent 5.
Epoch 0: forward train average loss 0.001423845196970635.
epoch 0: forward test average loss 0.001603446849104431.
Epoch 99: forward train average loss 0.0005064162154061099.
epoch 99: forward test average loss 0.001295252392689387.
inverse model, training agent 5.
epoch 0: inverse train average loss 0.004357427151666747.
epoch 0: inverse test average loss 0.006007176927394337.
epoch 99: inverse train average loss 0.003471666429605749.
epoch 99: inverse test average loss 0.01754309216307269.
forward model: training agent 6.
Epoch 0: forward train average loss 0.005168612425525983.
epoch 0: forward test average loss 0.006936465493506855.
Epoch 99: forward train average loss 0.0009111393915696277.
epoch 99: forward test average loss 0.003076841744283835.
inverse model, training agent 6.
epoch 0: inverse train average loss 0.002109533744967646.
epoch 0: inverse test average loss 0.003639938102828132.
epoch 99: inverse train average loss 0.0012432261913393934.
epoch 99: inverse test average loss 0.007300604755679767.
Policy training episode: 83, grounded actions taken: 808, last two uncertainties: {0: [0.0, 0.0], 1: [0.0, 0.0], 2: [0.0, 0.0], 3: [0.0, 0.0], 4: [0.0, 0.0], 5: [0.0, 0.0], 6: [0.0, 0.0]}, avg agent uncertainties: [0.0, 0.0, 0.0, 0.0, 0.0, 0.0, 0.0], grounded actions by agent: [110, 112, 110, 112, 126, 113, 125]
Policy training episode: 83, iteration 0/1, policy training avg travel time:65.0662471016893, q_loss:4.215234279632568, rewards:-2.7205569797092015, queue:0.44603174603174606, delay:0.04653584919278584, throughput:3012
Sim Rollout episode:84/100, sim avg travel time:64.93344370860927, rewards:-2.7480560302734376, queue:0.4583333333333333, delay:0.045114496019151476, throughput:3012
Real rollout step:84/100, travel time:868.7568464730291, rewards:-26.741384548611112, queue:16.130555555555556, delay:0.24662826780288938, throughput:727
forward model: training agent 0.
Epoch 0: forward train average loss 0.0021294518115205895.
epoch 0: forward test average loss 0.0027564307674765587.
Epoch 99: forward train average loss 0.000605189694195158.
epoch 99: forward test average loss 0.0015370676604410012.
inverse model, training agent 0.
epoch 0: inverse train average loss 0.000440519949026768.
epoch 0: inverse test average loss 0.00018652540165930986.
epoch 99: inverse train average loss 1.5275107172227663e-06.
epoch 99: inverse test average loss 3.948011403230743e-07.
forward model: training agent 1.
Epoch 0: forward train average loss 0.0005249216014312373.
epoch 0: forward test average loss 0.0016333937851919068.
Epoch 99: forward train average loss 0.000259448538094552.
epoch 99: forward test average loss 0.0011261811272965537.
inverse model, training agent 1.
epoch 0: inverse train average loss 0.0051557826809585094.
epoch 0: inverse test average loss 0.026929773804214265.
epoch 99: inverse train average loss 0.0012562495669246549.
epoch 99: inverse test average loss 0.01279459810919232.
forward model: training agent 2.
Epoch 0: forward train average loss 0.00038789706175319024.
epoch 0: forward test average loss 0.0007809886657115486.
Epoch 99: forward train average loss 0.00032053746852195926.
epoch 99: forward test average loss 0.0008710391509036223.
inverse model, training agent 2.
epoch 0: inverse train average loss 0.01455614964167277.
epoch 0: inverse test average loss 0.023796053396330938.
epoch 99: inverse train average loss 0.007617471532689201.
epoch 99: inverse test average loss 0.01719185296032164.
forward model: training agent 3.
Epoch 0: forward train average loss 0.0016974044006524815.
epoch 0: forward test average loss 0.0028153356785575547.
Epoch 99: forward train average loss 0.0002937986638345238.
epoch 99: forward test average loss 0.0025266181781060165.
inverse model, training agent 3.
epoch 0: inverse train average loss 0.0040696644638147615.
epoch 0: inverse test average loss 0.003209653827879164.
epoch 99: inverse train average loss 0.002344717620871961.
epoch 99: inverse test average loss 0.004648796075748073.
forward model: training agent 4.
Epoch 0: forward train average loss 0.0004890927812084556.
epoch 0: forward test average loss 0.0007585578391121493.
Epoch 99: forward train average loss 9.601852960056729e-05.
epoch 99: forward test average loss 0.0006328714856257042.
inverse model, training agent 4.
epoch 0: inverse train average loss 0.005933646423121293.
epoch 0: inverse test average loss 0.011858075857162476.
epoch 99: inverse train average loss 0.004197105506641997.
epoch 99: inverse test average loss 0.011194545361730788.
forward model: training agent 5.
Epoch 0: forward train average loss 0.0011440255912020802.
epoch 0: forward test average loss 0.001346503384411335.
Epoch 99: forward train average loss 0.0003443543036054406.
epoch 99: forward test average loss 0.002037286034060849.
inverse model, training agent 5.
epoch 0: inverse train average loss 0.0033371812250051233.
epoch 0: inverse test average loss 0.01867939407626788.
epoch 99: inverse train average loss 0.0028287890988091626.
epoch 99: inverse test average loss 0.02073087626033359.
forward model: training agent 6.
Epoch 0: forward train average loss 0.002492456076045831.
epoch 0: forward test average loss 0.0032187673366732067.
Epoch 99: forward train average loss 0.0006927204990966453.
epoch 99: forward test average loss 0.00259222700777981.
inverse model, training agent 6.
epoch 0: inverse train average loss 0.002180710518991368.
epoch 0: inverse test average loss 0.004286962794139981.
epoch 99: inverse train average loss 0.00135525912951885.
epoch 99: inverse test average loss 0.0038402298361890847.
Policy training episode: 84, grounded actions taken: 808, last two uncertainties: {0: [0.0, 0.0], 1: [0.0, 0.0], 2: [0.0, 0.0], 3: [0.0, 0.0], 4: [0.0, 0.0], 5: [0.0, 0.0], 6: [0.0, 0.0]}, avg agent uncertainties: [0.0, 0.0, 0.0, 0.0, 0.0, 0.0, 0.0], grounded actions by agent: [89, 106, 124, 108, 127, 131, 123]
Policy training episode: 84, iteration 0/1, policy training avg travel time:65.1546357615894, q_loss:4.282536029815674, rewards:-2.8205563015407984, queue:0.4369047619047619, delay:0.04650407215905568, throughput:3012
Sim Rollout episode:85/100, sim avg travel time:64.78576158940398, rewards:-2.5933329264322915, queue:0.4095238095238095, delay:0.04476991683717758, throughput:3011
Real rollout step:85/100, travel time:122.53728883395138, rewards:-13.290276421440971, queue:2.4444444444444446, delay:0.12527681380983383, throughput:2320
forward model: training agent 0.
Epoch 0: forward train average loss 0.002859562790642182.
epoch 0: forward test average loss 0.004478400573134422.
Epoch 99: forward train average loss 0.0014405981378836764.
epoch 99: forward test average loss 0.004366167303588655.
inverse model, training agent 0.
epoch 0: inverse train average loss 0.008519450409544839.
epoch 0: inverse test average loss 0.033114999532699585.
epoch 99: inverse train average loss 0.0011959464754909277.
epoch 99: inverse test average loss 0.002058425840611259.
forward model: training agent 1.
Epoch 0: forward train average loss 0.005805817743142446.
epoch 0: forward test average loss 0.01063519385125902.
Epoch 99: forward train average loss 0.0025581740774214268.
epoch 99: forward test average loss 0.006014557555317879.
inverse model, training agent 1.
epoch 0: inverse train average loss 0.004007478451563252.
epoch 0: inverse test average loss 0.008402080999480354.
epoch 99: inverse train average loss 0.0009653713883987317.
epoch 99: inverse test average loss 0.00779971977074941.
forward model: training agent 2.
Epoch 0: forward train average loss 0.002891517606460386.
epoch 0: forward test average loss 0.003169813762522406.
Epoch 99: forward train average loss 0.0010454751188970273.
epoch 99: forward test average loss 0.003364700617061721.
inverse model, training agent 2.
epoch 0: inverse train average loss 0.011747837273610963.
epoch 0: inverse test average loss 0.021681117514769237.
epoch 99: inverse train average loss 0.007400471613638931.
epoch 99: inverse test average loss 0.014385545833243264.
forward model: training agent 3.
Epoch 0: forward train average loss 0.008054413729243808.
epoch 0: forward test average loss 0.011267603685458502.
Epoch 99: forward train average loss 0.0026752293730775514.
epoch 99: forward test average loss 0.010830575807227029.
inverse model, training agent 3.
epoch 0: inverse train average loss 0.0019861930049955845.
epoch 0: inverse test average loss 0.001682388803197278.
epoch 99: inverse train average loss 0.0013328626648419434.
epoch 99: inverse test average loss 0.001224982073634035.
forward model: training agent 4.
Epoch 0: forward train average loss 0.0026503613529105983.
epoch 0: forward test average loss 0.003787645966642433.
Epoch 99: forward train average loss 0.000981383491307497.
epoch 99: forward test average loss 0.0029754904616210195.
inverse model, training agent 4.
epoch 0: inverse train average loss 0.008028453526397547.
epoch 0: inverse test average loss 0.006574168594347106.
epoch 99: inverse train average loss 0.005603443675984939.
epoch 99: inverse test average loss 0.0070043398688236875.
forward model: training agent 5.
Epoch 0: forward train average loss 0.0017592838654915492.
epoch 0: forward test average loss 0.0027412568322486347.
Epoch 99: forward train average loss 0.0007647413294762373.
epoch 99: forward test average loss 0.002090893323636717.
inverse model, training agent 5.
epoch 0: inverse train average loss 0.013089206587109301.
epoch 0: inverse test average loss 0.03278270115454992.
epoch 99: inverse train average loss 0.004163976862198777.
epoch 99: inverse test average loss 0.008681962887446085.
forward model: training agent 6.
Epoch 0: forward train average loss 0.0034703348452846208.
epoch 0: forward test average loss 0.004883338179853227.
Epoch 99: forward train average loss 0.0013022878103786046.
epoch 99: forward test average loss 0.004296723132332166.
inverse model, training agent 6.
epoch 0: inverse train average loss 0.0017609983786112731.
epoch 0: inverse test average loss 0.0032218355271551344.
epoch 99: inverse train average loss 0.0008873932723266383.
epoch 99: inverse test average loss 0.005278229092558225.
Policy training episode: 85, grounded actions taken: 834, last two uncertainties: {0: [0.0, 0.0], 1: [0.0, 0.0], 2: [0.0, 0.0], 3: [0.0, 0.0], 4: [0.0, 0.0], 5: [0.0, 0.0], 6: [0.0, 0.0]}, avg agent uncertainties: [0.0, 0.0, 0.0, 0.0, 0.0, 0.0, 0.0], grounded actions by agent: [117, 117, 126, 114, 117, 118, 125]
Policy training episode: 85, iteration 0/1, policy training avg travel time:65.92717643164515, q_loss:4.10046911239624, rewards:-2.883610365125868, queue:0.44126984126984126, delay:0.04537919362386068, throughput:3012
Sim Rollout episode:86/100, sim avg travel time:63.57071878105333, rewards:-2.5536107381184894, queue:0.41984126984126985, delay:0.04314316643608941, throughput:3012
Real rollout step:86/100, travel time:933.6829268292682, rewards:-31.00444064670139, queue:17.038888888888888, delay:0.25775030226934526, throughput:646
forward model: training agent 0.
Epoch 0: forward train average loss 0.01501697063859966.
epoch 0: forward test average loss 0.010014391193787256.
Epoch 99: forward train average loss 0.0006099129936450885.
epoch 99: forward test average loss 0.002144367020163271.
inverse model, training agent 0.
epoch 0: inverse train average loss 0.002579693967062566.
epoch 0: inverse test average loss 0.009440471418201923.
epoch 99: inverse train average loss 0.0009399494802993205.
epoch 99: inverse test average loss 0.0018219125664068593.
forward model: training agent 1.
Epoch 0: forward train average loss 0.007435220138480266.
epoch 0: forward test average loss 0.006429080333974626.
Epoch 99: forward train average loss 0.00025401453765678324.
epoch 99: forward test average loss 0.0017265605533288585.
inverse model, training agent 1.
epoch 0: inverse train average loss 0.0038862298760149214.
epoch 0: inverse test average loss 0.003615281641638527.
epoch 99: inverse train average loss 0.002257100927333037.
epoch 99: inverse test average loss 0.003831296641793516.
forward model: training agent 2.
Epoch 0: forward train average loss 0.001332386694331136.
epoch 0: forward test average loss 0.0014064183665646447.
Epoch 99: forward train average loss 0.0003263225468496482.
epoch 99: forward test average loss 0.00121570883008341.
inverse model, training agent 2.
epoch 0: inverse train average loss 0.008340255460805364.
epoch 0: inverse test average loss 0.011098198592662811.
epoch 99: inverse train average loss 0.005788280939062436.
epoch 99: inverse test average loss 0.01750820502638817.
forward model: training agent 3.
Epoch 0: forward train average loss 0.010237546637654305.
epoch 0: forward test average loss 0.008420377969741821.
Epoch 99: forward train average loss 0.00036515094365717634.
epoch 99: forward test average loss 0.0014779139827522966.
inverse model, training agent 3.
epoch 0: inverse train average loss 0.0025715268889649045.
epoch 0: inverse test average loss 0.002957963520505776.
epoch 99: inverse train average loss 0.0009197736055486732.
epoch 99: inverse test average loss 0.002107107306882325.
forward model: training agent 4.
Epoch 0: forward train average loss 0.0019685939316534335.
epoch 0: forward test average loss 0.0016920272157424027.
Epoch 99: forward train average loss 8.462363459532046e-05.
epoch 99: forward test average loss 0.0007872593123465776.
inverse model, training agent 4.
epoch 0: inverse train average loss 0.011552220934795009.
epoch 0: inverse test average loss 0.01542923723657926.
epoch 99: inverse train average loss 0.005523979974289735.
epoch 99: inverse test average loss 0.01444182213809755.
forward model: training agent 5.
Epoch 0: forward train average loss 0.002137563501795133.
epoch 0: forward test average loss 0.0017476838289035691.
Epoch 99: forward train average loss 0.00034126885131829314.
epoch 99: forward test average loss 0.002274627590345012.
inverse model, training agent 5.
epoch 0: inverse train average loss 0.008088419834772745.
epoch 0: inverse test average loss 0.0185467509759797.
epoch 99: inverse train average loss 0.004665375221520662.
epoch 99: inverse test average loss 0.010244227117962308.
forward model: training agent 6.
Epoch 0: forward train average loss 0.004457399507777559.
epoch 0: forward test average loss 0.004147176734275288.
Epoch 99: forward train average loss 0.0006228331799825861.
epoch 99: forward test average loss 0.003732475038203928.
inverse model, training agent 6.
epoch 0: inverse train average loss 0.0018278723970676463.
epoch 0: inverse test average loss 0.0020325438041860857.
epoch 99: inverse train average loss 0.0009870610924230681.
epoch 99: inverse test average loss 0.006090872921049595.
Policy training episode: 86, grounded actions taken: 812, last two uncertainties: {0: [0.0, 0.0], 1: [0.0, 0.0], 2: [0.0, 0.0], 3: [0.0, 0.0], 4: [0.0, 0.0], 5: [0.0, 0.0], 6: [0.0, 0.0]}, avg agent uncertainties: [0.0, 0.0, 0.0, 0.0, 0.0, 0.0, 0.0], grounded actions by agent: [114, 115, 128, 106, 128, 109, 112]
Policy training episode: 86, iteration 0/1, policy training avg travel time:66.28590337524818, q_loss:3.844580888748169, rewards:-3.0258331298828125, queue:0.4523809523809524, delay:0.047282579210069446, throughput:3012
Sim Rollout episode:87/100, sim avg travel time:62.68387951009599, rewards:-2.0977779812282984, queue:0.351984126984127, delay:0.03998870244101872, throughput:3011
Real rollout step:87/100, travel time:614.9452149791956, rewards:-26.673057725694445, queue:14.582142857142857, delay:0.21776021321614583, throughput:942
forward model: training agent 0.
Epoch 0: forward train average loss 0.0026004244056012896.
epoch 0: forward test average loss 0.005544371075100369.
Epoch 99: forward train average loss 0.0007828498233316673.
epoch 99: forward test average loss 0.002367704175412655.
inverse model, training agent 0.
epoch 0: inverse train average loss 0.0016852384821201365.
epoch 0: inverse test average loss 0.0071267303493287824.
epoch 99: inverse train average loss 0.0008872951730154455.
epoch 99: inverse test average loss 0.0026969098382525975.
forward model: training agent 1.
Epoch 0: forward train average loss 0.0015070595804394947.
epoch 0: forward test average loss 0.002380985870129532.
Epoch 99: forward train average loss 0.00042050203774124384.
epoch 99: forward test average loss 0.0023368181039889655.
inverse model, training agent 1.
epoch 0: inverse train average loss 0.0014449776952258414.
epoch 0: inverse test average loss 0.0024929201851288476.
epoch 99: inverse train average loss 0.0005339366034604609.
epoch 99: inverse test average loss 0.0018760357569489214.
forward model: training agent 2.
Epoch 0: forward train average loss 0.0008216537405840225.
epoch 0: forward test average loss 0.0009779990133312014.
Epoch 99: forward train average loss 0.00033042408500073687.
epoch 99: forward test average loss 0.001395565043720934.
inverse model, training agent 2.
epoch 0: inverse train average loss 0.007573042220125596.
epoch 0: inverse test average loss 0.012346036732196808.
epoch 99: inverse train average loss 0.003955864606218206.
epoch 99: inverse test average loss 0.008808974590566423.
forward model: training agent 3.
Epoch 0: forward train average loss 0.0024291244852874014.
epoch 0: forward test average loss 0.0030070761632588175.
Epoch 99: forward train average loss 0.00044392327415860363.
epoch 99: forward test average loss 0.003454837120241589.
inverse model, training agent 3.
epoch 0: inverse train average loss 0.006654075553847684.
epoch 0: inverse test average loss 0.00214232493373048.
epoch 99: inverse train average loss 0.0009740832546311948.
epoch 99: inverse test average loss 0.001665887482684209.
forward model: training agent 4.
Epoch 0: forward train average loss 0.0005427421355206105.
epoch 0: forward test average loss 0.001354922592226002.
Epoch 99: forward train average loss 0.00013446157390717417.
epoch 99: forward test average loss 0.001204287012418111.
inverse model, training agent 4.
epoch 0: inverse train average loss 0.010322940121922228.
epoch 0: inverse test average loss 0.011614367365837097.
epoch 99: inverse train average loss 0.005918036939369308.
epoch 99: inverse test average loss 0.011872368968195386.
forward model: training agent 5.
Epoch 0: forward train average loss 0.0012303233508848483.
epoch 0: forward test average loss 0.0013230911249087916.
Epoch 99: forward train average loss 0.000501270250727733.
epoch 99: forward test average loss 0.0019049190191759004.
inverse model, training agent 5.
epoch 0: inverse train average loss 0.007021228265431192.
epoch 0: inverse test average loss 0.009147730966409048.
epoch 99: inverse train average loss 0.005733570808337795.
epoch 99: inverse test average loss 0.01024528882569737.
forward model: training agent 6.
Epoch 0: forward train average loss 0.0029512011808239752.
epoch 0: forward test average loss 0.004557137894961569.
Epoch 99: forward train average loss 0.0007461971836164594.
epoch 99: forward test average loss 0.003593175775474972.
inverse model, training agent 6.
epoch 0: inverse train average loss 0.0020110077845553556.
epoch 0: inverse test average loss 0.004947164070068134.
epoch 99: inverse train average loss 0.0010505178813926047.
epoch 99: inverse test average loss 0.006975863853262531.
Policy training episode: 87, grounded actions taken: 854, last two uncertainties: {0: [0.0, 0.0], 1: [0.0, 0.0], 2: [0.0, 0.0], 3: [0.0, 0.0], 4: [0.0, 0.0], 5: [0.0, 0.0], 6: [0.0, 0.0]}, avg agent uncertainties: [0.0, 0.0, 0.0, 0.0, 0.0, 0.0, 0.0], grounded actions by agent: [120, 125, 130, 119, 113, 117, 130]
Policy training episode: 87, iteration 0/1, policy training avg travel time:63.74180734856008, q_loss:3.960022449493408, rewards:-2.6188897026909723, queue:0.423015873015873, delay:0.04522305140419612, throughput:3012
Sim Rollout episode:88/100, sim avg travel time:74.21740569159498, rewards:-2.9816650390625, queue:0.4869047619047619, delay:0.049737052311972965, throughput:3005
Real rollout step:88/100, travel time:881.4871175523349, rewards:-29.071937391493055, queue:16.784920634920635, delay:0.24384617881169396, throughput:677
forward model: training agent 0.
Epoch 0: forward train average loss 0.0020033279175145757.
epoch 0: forward test average loss 0.0025072117439574665.
Epoch 99: forward train average loss 0.0005278097879555491.
epoch 99: forward test average loss 0.0014071624933017625.
inverse model, training agent 0.
epoch 0: inverse train average loss 0.0014859504169887966.
epoch 0: inverse test average loss 0.0018427473389440114.
epoch 99: inverse train average loss 0.000754338747356087.
epoch 99: inverse test average loss 0.0066918632817558115.
forward model: training agent 1.
Epoch 0: forward train average loss 0.0004859024257813063.
epoch 0: forward test average loss 0.0012454730975959036.
Epoch 99: forward train average loss 0.00020481142888052596.
epoch 99: forward test average loss 0.0007828345793920258.
inverse model, training agent 1.
epoch 0: inverse train average loss 0.0012661601390896572.
epoch 0: inverse test average loss 0.0014304610797100598.
epoch 99: inverse train average loss 0.0005348561939576434.
epoch 99: inverse test average loss 0.0013575457528026567.
forward model: training agent 2.
Epoch 0: forward train average loss 0.00039036291289246746.
epoch 0: forward test average loss 0.000693535613310006.
Epoch 99: forward train average loss 0.0003122770415049874.
epoch 99: forward test average loss 0.0017157579358253214.
inverse model, training agent 2.
epoch 0: inverse train average loss 0.026039181898037594.
epoch 0: inverse test average loss 0.056864842772483826.
epoch 99: inverse train average loss 0.006175603044943677.
epoch 99: inverse test average loss 0.011348016146156523.
forward model: training agent 3.
Epoch 0: forward train average loss 0.0011746388239165146.
epoch 0: forward test average loss 0.002393961159719361.
Epoch 99: forward train average loss 0.00023253946953142682.
epoch 99: forward test average loss 0.0020121359783742162.
inverse model, training agent 3.
epoch 0: inverse train average loss 0.010187550033960078.
epoch 0: inverse test average loss 0.027120874573787052.
epoch 99: inverse train average loss 0.003222339502018359.
epoch 99: inverse test average loss 0.003452334346042739.
forward model: training agent 4.
Epoch 0: forward train average loss 0.0002563953942929705.
epoch 0: forward test average loss 0.0008618965641491943.
Epoch 99: forward train average loss 8.980664440767012e-05.
epoch 99: forward test average loss 0.0006586612823108832.
inverse model, training agent 4.
epoch 0: inverse train average loss 0.007378131565120485.
epoch 0: inverse test average loss 0.007576337187654442.
epoch 99: inverse train average loss 0.005314880982041359.
epoch 99: inverse test average loss 0.008109427781568633.
forward model: training agent 5.
Epoch 0: forward train average loss 0.0012735556811094284.
epoch 0: forward test average loss 0.002925197490387493.
Epoch 99: forward train average loss 0.00043044362812199525.
epoch 99: forward test average loss 0.002194994646641943.
inverse model, training agent 5.
epoch 0: inverse train average loss 0.007328508732219537.
epoch 0: inverse test average loss 0.016581352800130844.
epoch 99: inverse train average loss 0.005937157612707879.
epoch 99: inverse test average loss 0.018314165373643238.
forward model: training agent 6.
Epoch 0: forward train average loss 0.0044652494187984205.
epoch 0: forward test average loss 0.005181497169865502.
Epoch 99: forward train average loss 0.0006221289448957476.
epoch 99: forward test average loss 0.0018158783722254965.
inverse model, training agent 6.
epoch 0: inverse train average loss 0.001719663618132472.
epoch 0: inverse test average loss 0.004513253768285115.
epoch 99: inverse train average loss 0.0006809139740653336.
epoch 99: inverse test average loss 0.0020326493411428398.
Policy training episode: 88, grounded actions taken: 822, last two uncertainties: {0: [0.0, 0.0], 1: [0.0, 0.0], 2: [0.0, 0.0], 3: [0.0, 0.0], 4: [0.0, 0.0], 5: [0.0, 0.0], 6: [0.0, 0.0]}, avg agent uncertainties: [0.0, 0.0, 0.0, 0.0, 0.0, 0.0, 0.0], grounded actions by agent: [108, 116, 128, 130, 109, 115, 116]
Policy training episode: 88, iteration 0/1, policy training avg travel time:64.8524156187955, q_loss:3.966085433959961, rewards:-2.6777777777777776, queue:0.4162698412698413, delay:0.044684955051967075, throughput:3012
Sim Rollout episode:89/100, sim avg travel time:66.34900662251655, rewards:-2.611944580078125, queue:0.4503968253968254, delay:0.0465483892531622, throughput:3011
Real rollout step:89/100, travel time:593.2870683818551, rewards:-21.39166937934028, queue:14.790873015873016, delay:0.22488548642113096, throughput:1006
forward model: training agent 0.
Epoch 0: forward train average loss 0.0037261895938879913.
epoch 0: forward test average loss 0.004500707818402184.
Epoch 99: forward train average loss 0.0010225191169107954.
epoch 99: forward test average loss 0.0027626417577266693.
inverse model, training agent 0.
epoch 0: inverse train average loss 0.005888911585013072.
epoch 0: inverse test average loss 0.0051313468914789455.
epoch 99: inverse train average loss 0.0032048968908687434.
epoch 99: inverse test average loss 0.009487220189637609.
forward model: training agent 1.
Epoch 0: forward train average loss 0.0010681088703374069.
epoch 0: forward test average loss 0.002014042395684454.
Epoch 99: forward train average loss 0.0003670595599234932.
epoch 99: forward test average loss 0.002684368441502253.
inverse model, training agent 1.
epoch 0: inverse train average loss 0.0016489087655726406.
epoch 0: inverse test average loss 0.0024872449640598563.
epoch 99: inverse train average loss 0.0007036526609833041.
epoch 99: inverse test average loss 0.001664250123819026.
forward model: training agent 2.
Epoch 0: forward train average loss 0.0007134800285307898.
epoch 0: forward test average loss 0.001096074753958318.
Epoch 99: forward train average loss 0.00033513734362915985.
epoch 99: forward test average loss 0.0009877518750727177.
inverse model, training agent 2.
epoch 0: inverse train average loss 0.018598000415497355.
epoch 0: inverse test average loss 0.045048761698934764.
epoch 99: inverse train average loss 0.00830371460566918.
epoch 99: inverse test average loss 0.012327999704413943.
forward model: training agent 3.
Epoch 0: forward train average loss 0.0014356084866449237.
epoch 0: forward test average loss 0.008711947024696402.
Epoch 99: forward train average loss 0.0003262488300808602.
epoch 99: forward test average loss 0.002625920292403963.
inverse model, training agent 3.
epoch 0: inverse train average loss 0.002714463018087877.
epoch 0: inverse test average loss 0.0005604638588718242.
epoch 99: inverse train average loss 0.0013335642223763797.
epoch 99: inverse test average loss 0.0014880086398786968.
forward model: training agent 4.
Epoch 0: forward train average loss 0.0005427609365950855.
epoch 0: forward test average loss 0.00106535070679254.
Epoch 99: forward train average loss 0.0001198234628342713.
epoch 99: forward test average loss 0.000734790823318892.
inverse model, training agent 4.
epoch 0: inverse train average loss 0.007814283482730389.
epoch 0: inverse test average loss 0.010458436070217026.
epoch 99: inverse train average loss 0.006064007886581951.
epoch 99: inverse test average loss 0.011963694873783324.
forward model: training agent 5.
Epoch 0: forward train average loss 0.0012296868953853846.
epoch 0: forward test average loss 0.0017856894992291927.
Epoch 99: forward train average loss 0.000455176845813791.
epoch 99: forward test average loss 0.0015539159584376547.
inverse model, training agent 5.
epoch 0: inverse train average loss 0.006059011185748709.
epoch 0: inverse test average loss 0.017821935729848012.
epoch 99: inverse train average loss 0.0025669297255161735.
epoch 99: inverse test average loss 0.009512288288937675.
forward model: training agent 6.
Epoch 0: forward train average loss 0.0031315311272111204.
epoch 0: forward test average loss 0.003905263315472338.
Epoch 99: forward train average loss 0.0010330203480811582.
epoch 99: forward test average loss 0.004518602974712849.
inverse model, training agent 6.
epoch 0: inverse train average loss 0.0034602724740074742.
epoch 0: inverse test average loss 0.0055479879180590315.
epoch 99: inverse train average loss 0.001992049471785625.
epoch 99: inverse test average loss 0.001134025912809496.
Policy training episode: 89, grounded actions taken: 804, last two uncertainties: {0: [0.0, 0.0], 1: [0.0, 0.0], 2: [0.0, 0.0], 3: [0.0, 0.0], 4: [0.0, 0.0], 5: [0.0, 0.0], 6: [0.0, 0.0]}, avg agent uncertainties: [0.0, 0.0, 0.0, 0.0, 0.0, 0.0, 0.0], grounded actions by agent: [112, 125, 117, 98, 115, 125, 112]
Policy training episode: 89, iteration 0/1, policy training avg travel time:63.536932759191785, q_loss:3.9264369010925293, rewards:-2.515000406901042, queue:0.4170634920634921, delay:0.04492425767202226, throughput:3012
Sim Rollout episode:90/100, sim avg travel time:64.04865938430983, rewards:-2.4586105346679688, queue:0.4226190476190476, delay:0.044301777794247585, throughput:3012
Real rollout step:90/100, travel time:289.4490227152668, rewards:-25.153889973958332, queue:7.607142857142857, delay:0.19775768461681548, throughput:1595
forward model: training agent 0.
Epoch 0: forward train average loss 0.0030394428306155736.
epoch 0: forward test average loss 0.004008886093894641.
Epoch 99: forward train average loss 0.0013105039122617906.
epoch 99: forward test average loss 0.0030103049551447234.
inverse model, training agent 0.
epoch 0: inverse train average loss 0.010630938327974744.
epoch 0: inverse test average loss 0.01291642627782292.
epoch 99: inverse train average loss 0.0038582594651314947.
epoch 99: inverse test average loss 0.004727698034710354.
forward model: training agent 1.
Epoch 0: forward train average loss 0.017934141266677115.
epoch 0: forward test average loss 0.01811815467145708.
Epoch 99: forward train average loss 0.0014202896402113968.
epoch 99: forward test average loss 0.0058533501707845265.
inverse model, training agent 1.
epoch 0: inverse train average loss 0.0008052221835694379.
epoch 0: inverse test average loss 0.008030270278039906.
epoch 99: inverse train average loss 0.0002893911134580978.
epoch 99: inverse test average loss 0.0012917681888211519.
forward model: training agent 2.
Epoch 0: forward train average loss 0.01654457011156612.
epoch 0: forward test average loss 0.010612184388769997.
Epoch 99: forward train average loss 0.0006834241018320123.
epoch 99: forward test average loss 0.0018668996894525157.
inverse model, training agent 2.
epoch 0: inverse train average loss 0.00846514840506845.
epoch 0: inverse test average loss 0.014243166479799483.
epoch 99: inverse train average loss 0.006994976972540219.
epoch 99: inverse test average loss 0.01574933487508032.
forward model: training agent 3.
Epoch 0: forward train average loss 0.03177401071621312.
epoch 0: forward test average loss 0.018610137204329174.
Epoch 99: forward train average loss 0.001698290618757407.
epoch 99: forward test average loss 0.0044126199144456126.
inverse model, training agent 3.
epoch 0: inverse train average loss 0.0018829742136100929.
epoch 0: inverse test average loss 0.0012227082705875444.
epoch 99: inverse train average loss 0.0007180233207893454.
epoch 99: inverse test average loss 0.0021234379318128857.
forward model: training agent 4.
Epoch 0: forward train average loss 0.019273001079758007.
epoch 0: forward test average loss 0.017356514930725098.
Epoch 99: forward train average loss 0.0004945470007239945.
epoch 99: forward test average loss 0.0016886301649113495.
inverse model, training agent 4.
epoch 0: inverse train average loss 0.007680726858476798.
epoch 0: inverse test average loss 0.015312323967615763.
epoch 99: inverse train average loss 0.0054923843902846175.
epoch 99: inverse test average loss 0.00977951722840468.
forward model: training agent 5.
Epoch 0: forward train average loss 0.0015019381470564338.
epoch 0: forward test average loss 0.002812888887193468.
Epoch 99: forward train average loss 0.0007247113389894366.
epoch 99: forward test average loss 0.0019386886722511714.
inverse model, training agent 5.
epoch 0: inverse train average loss 0.016002425096101232.
epoch 0: inverse test average loss 0.01915144920349121.
epoch 99: inverse train average loss 0.00498802059640487.
epoch 99: inverse test average loss 0.008061043090290494.
forward model: training agent 6.
Epoch 0: forward train average loss 0.0030568939012785754.
epoch 0: forward test average loss 0.005242263691292869.
Epoch 99: forward train average loss 0.0011498642205778095.
epoch 99: forward test average loss 0.003840261863337623.
inverse model, training agent 6.
epoch 0: inverse train average loss 0.00139098615747773.
epoch 0: inverse test average loss 0.006161355413496494.
epoch 99: inverse train average loss 0.0007103153879547284.
epoch 99: inverse test average loss 0.007313607881466548.
Policy training episode: 90, grounded actions taken: 834, last two uncertainties: {0: [0.0, 0.0], 1: [0.0, 0.0], 2: [0.0, 0.0], 3: [0.0, 0.0], 4: [0.0, 0.0], 5: [0.0, 0.0], 6: [0.0, 0.0]}, avg agent uncertainties: [0.0, 0.0, 0.0, 0.0, 0.0, 0.0, 0.0], grounded actions by agent: [114, 122, 114, 140, 116, 107, 121]
Policy training episode: 90, iteration 0/1, policy training avg travel time:64.56011924478304, q_loss:3.917158842086792, rewards:-2.4630560980902776, queue:0.42658730158730157, delay:0.04572886512393043, throughput:3012
Sim Rollout episode:91/100, sim avg travel time:66.19761668321748, rewards:-2.6811109754774307, queue:0.4365079365079365, delay:0.044574761769128224, throughput:3012
Real rollout step:91/100, travel time:818.8131274131274, rewards:-29.964447699652776, queue:16.436507936507937, delay:0.24674609956287202, throughput:748
forward model: training agent 0.
Epoch 0: forward train average loss 0.004342365233848493.
epoch 0: forward test average loss 0.005455905157658789.
Epoch 99: forward train average loss 0.0006451602352576123.
epoch 99: forward test average loss 0.0015563637328644593.
inverse model, training agent 0.
epoch 0: inverse train average loss 0.012602976419859462.
epoch 0: inverse test average loss 0.016317245033052232.
epoch 99: inverse train average loss 0.0011050028454822798.
epoch 99: inverse test average loss 0.0003596109195819332.
forward model: training agent 1.
Epoch 0: forward train average loss 0.007577363919052813.
epoch 0: forward test average loss 0.006045331971512901.
Epoch 99: forward train average loss 0.000377633279034247.
epoch 99: forward test average loss 0.0022449159166879123.
inverse model, training agent 1.
epoch 0: inverse train average loss 0.003380220047094756.
epoch 0: inverse test average loss 0.004893673376904594.
epoch 99: inverse train average loss 0.0014307127955059211.
epoch 99: inverse test average loss 0.0037088547315862444.
forward model: training agent 2.
Epoch 0: forward train average loss 0.0020143549837585953.
epoch 0: forward test average loss 0.0018027117475867271.
Epoch 99: forward train average loss 0.0003045628966194474.
epoch 99: forward test average loss 0.0006741159595549107.
inverse model, training agent 2.
epoch 0: inverse train average loss 0.012877938027183214.
epoch 0: inverse test average loss 0.0308102203740014.
epoch 99: inverse train average loss 0.007761284295055602.
epoch 99: inverse test average loss 0.01758271207412084.
forward model: training agent 3.
Epoch 0: forward train average loss 0.015303480852809217.
epoch 0: forward test average loss 0.01144563282529513.
Epoch 99: forward train average loss 0.00043379724957048893.
epoch 99: forward test average loss 0.0023618993452853626.
inverse model, training agent 3.
epoch 0: inverse train average loss 0.010630878102448251.
epoch 0: inverse test average loss 0.013642205501026992.
epoch 99: inverse train average loss 0.0025048612668696377.
epoch 99: inverse test average loss 0.019813397692309484.
forward model: training agent 4.
Epoch 0: forward train average loss 0.0014177579174025191.
epoch 0: forward test average loss 0.0017475946806371212.
Epoch 99: forward train average loss 0.00013168506120564416.
epoch 99: forward test average loss 0.0007603582408693102.
inverse model, training agent 4.
epoch 0: inverse train average loss 0.007729112791518371.
epoch 0: inverse test average loss 0.009725386276841164.
epoch 99: inverse train average loss 0.006139414281480842.
epoch 99: inverse test average loss 0.01523383789592319.
forward model: training agent 5.
Epoch 0: forward train average loss 0.001834884596367677.
epoch 0: forward test average loss 0.0025026690628793505.
Epoch 99: forward train average loss 0.0004585620934247143.
epoch 99: forward test average loss 0.0019436257684396373.
inverse model, training agent 5.
epoch 0: inverse train average loss 0.00945398501223988.
epoch 0: inverse test average loss 0.014073604924811257.
epoch 99: inverse train average loss 0.005715016948266162.
epoch 99: inverse test average loss 0.008904137131240632.
forward model: training agent 6.
Epoch 0: forward train average loss 0.002732744543916649.
epoch 0: forward test average loss 0.004045512734187974.
Epoch 99: forward train average loss 0.000554426469736629.
epoch 99: forward test average loss 0.0026677134964201185.
inverse model, training agent 6.
epoch 0: inverse train average loss 0.003121931894889308.
epoch 0: inverse test average loss 0.009883390118678411.
epoch 99: inverse train average loss 0.0014489955372280544.
epoch 99: inverse test average loss 0.010941685280866094.
Policy training episode: 91, grounded actions taken: 841, last two uncertainties: {0: [0.0, 0.0], 1: [0.0, 0.0], 2: [0.0, 0.0], 3: [0.0, 0.0], 4: [0.0, 0.0], 5: [0.0, 0.0], 6: [0.0, 0.0]}, avg agent uncertainties: [0.0, 0.0, 0.0, 0.0, 0.0, 0.0, 0.0], grounded actions by agent: [117, 117, 135, 120, 130, 109, 113]
Policy training episode: 91, iteration 0/1, policy training avg travel time:64.70917522358397, q_loss:3.9851748943328857, rewards:-2.8352781507703995, queue:0.4587301587301587, delay:0.04751817915174696, throughput:3011
Sim Rollout episode:92/100, sim avg travel time:64.17919841006956, rewards:-2.304443528917101, queue:0.398015873015873, delay:0.0440434561835395, throughput:3012
Real rollout step:92/100, travel time:699.5048471290082, rewards:-24.403889973958332, queue:15.352380952380953, delay:0.24237278529575892, throughput:856
forward model: training agent 0.
Epoch 0: forward train average loss 0.0029048267751932144.
epoch 0: forward test average loss 0.004158399585220549.
Epoch 99: forward train average loss 0.0007554497311098708.
epoch 99: forward test average loss 0.003096270167993175.
inverse model, training agent 0.
epoch 0: inverse train average loss 0.02715227297610707.
epoch 0: inverse test average loss 0.043880714310540095.
epoch 99: inverse train average loss 0.0033232029010024336.
epoch 99: inverse test average loss 0.012735132541921403.
forward model: training agent 1.
Epoch 0: forward train average loss 0.0009613784301715592.
epoch 0: forward test average loss 0.001968237157497141.
Epoch 99: forward train average loss 0.00027042771883619327.
epoch 99: forward test average loss 0.001120715156301028.
inverse model, training agent 1.
epoch 0: inverse train average loss 0.0026017981322689187.
epoch 0: inverse test average loss 0.00939459353685379.
epoch 99: inverse train average loss 0.00040446833008900285.
epoch 99: inverse test average loss 0.004389531341277891.
forward model: training agent 2.
Epoch 0: forward train average loss 0.0007350886654522684.
epoch 0: forward test average loss 0.001608311923013793.
Epoch 99: forward train average loss 0.00031070415732554265.
epoch 99: forward test average loss 0.001191987707797024.
inverse model, training agent 2.
epoch 0: inverse train average loss 0.011049533676769998.
epoch 0: inverse test average loss 0.017723533014456432.
epoch 99: inverse train average loss 0.006812067598932319.
epoch 99: inverse test average loss 0.015212076405684153.
forward model: training agent 3.
Epoch 0: forward train average loss 0.0019859458164622388.
epoch 0: forward test average loss 0.0034617784743507705.
Epoch 99: forward train average loss 0.0002445206692856219.
epoch 99: forward test average loss 0.0028170274777544867.
inverse model, training agent 3.
epoch 0: inverse train average loss 0.004158663718650739.
epoch 0: inverse test average loss 0.002790427973700894.
epoch 99: inverse train average loss 0.0008496470238444292.
epoch 99: inverse test average loss 0.0014376526750210258.
forward model: training agent 4.
Epoch 0: forward train average loss 0.00036469932335118455.
epoch 0: forward test average loss 0.0007485705169124736.
Epoch 99: forward train average loss 0.00010021111423460145.
epoch 99: forward test average loss 0.0005858315982752376.
inverse model, training agent 4.
epoch 0: inverse train average loss 0.008852400816977024.
epoch 0: inverse test average loss 0.016214448544714186.
epoch 99: inverse train average loss 0.006841932733853658.
epoch 99: inverse test average loss 0.008702353677815862.
forward model: training agent 5.
Epoch 0: forward train average loss 0.0011222321384896834.
epoch 0: forward test average loss 0.0025011964866684545.
Epoch 99: forward train average loss 0.00044189172331243753.
epoch 99: forward test average loss 0.0014865807671513823.
inverse model, training agent 5.
epoch 0: inverse train average loss 0.005980760738667514.
epoch 0: inverse test average loss 0.011772783680094613.
epoch 99: inverse train average loss 0.004256619709647364.
epoch 99: inverse test average loss 0.009792148446043333.
forward model: training agent 6.
Epoch 0: forward train average loss 0.0021348297078576353.
epoch 0: forward test average loss 0.003844295938809713.
Epoch 99: forward train average loss 0.0006137206219136715.
epoch 99: forward test average loss 0.002893670772512754.
inverse model, training agent 6.
epoch 0: inverse train average loss 0.0023501707861820855.
epoch 0: inverse test average loss 0.0015402496792376041.
epoch 99: inverse train average loss 0.00031878642686125304.
epoch 99: inverse test average loss 0.0008313764507571856.
Policy training episode: 92, grounded actions taken: 844, last two uncertainties: {0: [0.0, 0.0], 1: [0.0, 0.0], 2: [0.0, 0.0], 3: [0.0, 0.0], 4: [0.0, 0.0], 5: [0.0, 0.0], 6: [0.0, 0.0]}, avg agent uncertainties: [0.0, 0.0, 0.0, 0.0, 0.0, 0.0, 0.0], grounded actions by agent: [115, 120, 116, 116, 122, 126, 129]
Policy training episode: 92, iteration 0/1, policy training avg travel time:64.27176431645151, q_loss:3.9008548259735107, rewards:-2.561667887369792, queue:0.40476190476190477, delay:0.045723239959232394, throughput:3011
Sim Rollout episode:93/100, sim avg travel time:63.51770936775902, rewards:-2.3658333672417533, queue:0.39325396825396824, delay:0.042212319752526664, throughput:3011
Real rollout step:93/100, travel time:803.6472491909385, rewards:-28.978884548611113, queue:15.951984126984128, delay:0.23480762300037203, throughput:772
forward model: training agent 0.
Epoch 0: forward train average loss 0.0021230747612814107.
epoch 0: forward test average loss 0.0035921684983703825.
Epoch 99: forward train average loss 0.0006267303963088327.
epoch 99: forward test average loss 0.002314899323715104.
inverse model, training agent 0.
epoch 0: inverse train average loss 0.014300576721628508.
epoch 0: inverse test average loss 0.02354626688692305.
epoch 99: inverse train average loss 0.0003299453601357527.
epoch 99: inverse test average loss 0.0005913874548342493.
forward model: training agent 1.
Epoch 0: forward train average loss 0.0008915850323521429.
epoch 0: forward test average loss 0.0018068072903487417.
Epoch 99: forward train average loss 0.00026230986178335216.
epoch 99: forward test average loss 0.0015463030690120326.
inverse model, training agent 1.
epoch 0: inverse train average loss 0.00047766752444052446.
epoch 0: inverse test average loss 0.0012913777221304674.
epoch 99: inverse train average loss 0.00022237262479999723.
epoch 99: inverse test average loss 0.0009308610913447208.
forward model: training agent 2.
Epoch 0: forward train average loss 0.0007750715465388364.
epoch 0: forward test average loss 0.0008938691785766019.
Epoch 99: forward train average loss 0.00029478024549057917.
epoch 99: forward test average loss 0.001336114662182.
inverse model, training agent 2.
epoch 0: inverse train average loss 0.011424462414450116.
epoch 0: inverse test average loss 0.027667755881945293.
epoch 99: inverse train average loss 0.0068402426938215894.
epoch 99: inverse test average loss 0.021003190014097426.
forward model: training agent 3.
Epoch 0: forward train average loss 0.0024658184912469652.
epoch 0: forward test average loss 0.003429355203277535.
Epoch 99: forward train average loss 0.00032905016107381217.
epoch 99: forward test average loss 0.0018017897899780008.
inverse model, training agent 3.
epoch 0: inverse train average loss 0.0016448072856292129.
epoch 0: inverse test average loss 0.003192294958151049.
epoch 99: inverse train average loss 0.0008231383981183171.
epoch 99: inverse test average loss 0.010490780385831991.
forward model: training agent 4.
Epoch 0: forward train average loss 0.0007672028861836427.
epoch 0: forward test average loss 0.0012445056604014502.
Epoch 99: forward train average loss 8.201388280010886e-05.
epoch 99: forward test average loss 0.0006624337337497207.
inverse model, training agent 4.
epoch 0: inverse train average loss 0.006926545562843482.
epoch 0: inverse test average loss 0.013537883758544922.
epoch 99: inverse train average loss 0.004926581918779347.
epoch 99: inverse test average loss 0.017197875099049673.
forward model: training agent 5.
Epoch 0: forward train average loss 0.00099553103144798.
epoch 0: forward test average loss 0.0020221701512734094.
Epoch 99: forward train average loss 0.0003746607593105485.
epoch 99: forward test average loss 0.001958449681599935.
inverse model, training agent 5.
epoch 0: inverse train average loss 0.005494613355646531.
epoch 0: inverse test average loss 0.009629955308304893.
epoch 99: inverse train average loss 0.004283539950847626.
epoch 99: inverse test average loss 0.006537480383283562.
forward model: training agent 6.
Epoch 0: forward train average loss 0.0018631391641166476.
epoch 0: forward test average loss 0.0029500331729650497.
Epoch 99: forward train average loss 0.0005609093026982413.
epoch 99: forward test average loss 0.003922290944804748.
inverse model, training agent 6.
epoch 0: inverse train average loss 0.003025773990278443.
epoch 0: inverse test average loss 0.002334925268466274.
epoch 99: inverse train average loss 0.0013982208458603257.
epoch 99: inverse test average loss 0.005769759209619628.
Policy training episode: 93, grounded actions taken: 837, last two uncertainties: {0: [0.0, 0.0], 1: [0.0, 0.0], 2: [0.0, 0.0], 3: [0.0, 0.0], 4: [0.0, 0.0], 5: [0.0, 0.0], 6: [0.0, 0.0]}, avg agent uncertainties: [0.0, 0.0, 0.0, 0.0, 0.0, 0.0, 0.0], grounded actions by agent: [134, 111, 98, 113, 127, 124, 130]
Policy training episode: 93, iteration 0/1, policy training avg travel time:63.740397350993376, q_loss:3.87572979927063, rewards:-2.5958326551649304, queue:0.4297619047619048, delay:0.044292680044022814, throughput:3011
Sim Rollout episode:94/100, sim avg travel time:63.90298013245033, rewards:-2.5016665988498263, queue:0.39087301587301587, delay:0.04406822749546596, throughput:3011
Real rollout step:94/100, travel time:574.4037011651816, rewards:-23.795556640625, queue:14.227380952380953, delay:0.22750687372116815, throughput:1010
forward model: training agent 0.
Epoch 0: forward train average loss 0.00420497880420751.
epoch 0: forward test average loss 0.0051505112399657564.
Epoch 99: forward train average loss 0.0010826402188589175.
epoch 99: forward test average loss 0.002582218394511276.
inverse model, training agent 0.
epoch 0: inverse train average loss 0.05885527945227093.
epoch 0: inverse test average loss 0.07305356529023913.
epoch 99: inverse train average loss 0.0033260867930948734.
epoch 99: inverse test average loss 0.01473014760348532.
forward model: training agent 1.
Epoch 0: forward train average loss 0.0013921666476461622.
epoch 0: forward test average loss 0.003348745716114839.
Epoch 99: forward train average loss 0.00036070144657666486.
epoch 99: forward test average loss 0.003429984570377403.
inverse model, training agent 1.
epoch 0: inverse train average loss 0.003257155573616425.
epoch 0: inverse test average loss 0.0008753605022017533.
epoch 99: inverse train average loss 0.0010220915687063502.
epoch 99: inverse test average loss 0.0005774064144740502.
forward model: training agent 2.
Epoch 0: forward train average loss 0.0005906694180642565.
epoch 0: forward test average loss 0.0011277025462024743.
Epoch 99: forward train average loss 0.00029043305807539984.
epoch 99: forward test average loss 0.000921655653251542.
inverse model, training agent 2.
epoch 0: inverse train average loss 0.008973076215220822.
epoch 0: inverse test average loss 0.014927865316470465.
epoch 99: inverse train average loss 0.006504834526114994.
epoch 99: inverse test average loss 0.01519008270568318.
forward model: training agent 3.
Epoch 0: forward train average loss 0.002243402491634091.
epoch 0: forward test average loss 0.004961478627390332.
Epoch 99: forward train average loss 0.0004063620775317152.
epoch 99: forward test average loss 0.003536030546658569.
inverse model, training agent 3.
epoch 0: inverse train average loss 0.006343287157101763.
epoch 0: inverse test average loss 0.009723585926824145.
epoch 99: inverse train average loss 0.002650417568576005.
epoch 99: inverse test average loss 0.0026111767316857972.
forward model: training agent 4.
Epoch 0: forward train average loss 0.0014858113136142492.
epoch 0: forward test average loss 0.001623061847769552.
Epoch 99: forward train average loss 0.00013747695225497914.
epoch 99: forward test average loss 0.0009189148743947347.
inverse model, training agent 4.
epoch 0: inverse train average loss 0.0067840394460492665.
epoch 0: inverse test average loss 0.007454017591145303.
epoch 99: inverse train average loss 0.005034825609376033.
epoch 99: inverse test average loss 0.008927857296334373.
forward model: training agent 5.
Epoch 0: forward train average loss 0.0012640555440965625.
epoch 0: forward test average loss 0.0029489899882011944.
Epoch 99: forward train average loss 0.0004899329699886342.
epoch 99: forward test average loss 0.0018660934228036138.
inverse model, training agent 5.
epoch 0: inverse train average loss 0.005564662524395519.
epoch 0: inverse test average loss 0.020784714569648106.
epoch 99: inverse train average loss 0.004497924043486516.
epoch 99: inverse test average loss 0.017776490913497076.
forward model: training agent 6.
Epoch 0: forward train average loss 0.0032046986226406363.
epoch 0: forward test average loss 0.004836452917920219.
Epoch 99: forward train average loss 0.0007622953788894746.
epoch 99: forward test average loss 0.0046008119566573035.
inverse model, training agent 6.
epoch 0: inverse train average loss 0.0010053009415666263.
epoch 0: inverse test average loss 0.001936561213167604.
epoch 99: inverse train average loss 0.00046113641454010375.
epoch 99: inverse test average loss 0.0019758777165811304.
Policy training episode: 94, grounded actions taken: 843, last two uncertainties: {0: [0.0, 0.0], 1: [0.0, 0.0], 2: [0.0, 0.0], 3: [0.0, 0.0], 4: [0.0, 0.0], 5: [0.0, 0.0], 6: [0.0, 0.0]}, avg agent uncertainties: [0.0, 0.0, 0.0, 0.0, 0.0, 0.0, 0.0], grounded actions by agent: [122, 128, 111, 117, 121, 113, 131]
Policy training episode: 94, iteration 0/1, policy training avg travel time:68.45960264900663, q_loss:3.8626132011413574, rewards:-2.9061109754774304, queue:0.4801587301587302, delay:0.04948223053462922, throughput:3012
Sim Rollout episode:95/100, sim avg travel time:63.42999006951341, rewards:-2.2483334011501737, queue:0.4015873015873016, delay:0.0427925049312531, throughput:3012
Real rollout step:95/100, travel time:527.6221792392005, rewards:-26.835557725694443, queue:13.563888888888888, delay:0.21946881006634425, throughput:1108
forward model: training agent 0.
Epoch 0: forward train average loss 0.003994284352908532.
epoch 0: forward test average loss 0.004158348052038087.
Epoch 99: forward train average loss 0.0007669644870070948.
epoch 99: forward test average loss 0.001980843539867136.
inverse model, training agent 0.
epoch 0: inverse train average loss 0.03084259976943334.
epoch 0: inverse test average loss 0.0503617309861713.
epoch 99: inverse train average loss 7.205923126700024e-05.
epoch 99: inverse test average loss 0.00025323123231323227.
forward model: training agent 1.
Epoch 0: forward train average loss 0.001566118457251125.
epoch 0: forward test average loss 0.005017699466811286.
Epoch 99: forward train average loss 0.0005105092811087767.
epoch 99: forward test average loss 0.0034461209757460486.
inverse model, training agent 1.
epoch 0: inverse train average loss 0.002495566124303473.
epoch 0: inverse test average loss 0.0008685102835038884.
epoch 99: inverse train average loss 0.001073401388970928.
epoch 99: inverse test average loss 0.0014749345524857442.
forward model: training agent 2.
Epoch 0: forward train average loss 0.0008248973818909791.
epoch 0: forward test average loss 0.002481388755970531.
Epoch 99: forward train average loss 0.00030798331782635715.
epoch 99: forward test average loss 0.0012766416702005598.
inverse model, training agent 2.
epoch 0: inverse train average loss 0.013178881050811874.
epoch 0: inverse test average loss 0.01660111794869105.
epoch 99: inverse train average loss 0.006874343690772851.
epoch 99: inverse test average loss 0.01054048455423779.
forward model: training agent 3.
Epoch 0: forward train average loss 0.002860923349443409.
epoch 0: forward test average loss 0.004930560270117389.
Epoch 99: forward train average loss 0.0005691127023763127.
epoch 99: forward test average loss 0.003858109936118126.
inverse model, training agent 3.
epoch 0: inverse train average loss 0.002314243181091216.
epoch 0: inverse test average loss 0.014113264572289255.
epoch 99: inverse train average loss 0.001319513733809193.
epoch 99: inverse test average loss 0.003861334744013018.
forward model: training agent 4.
Epoch 0: forward train average loss 0.0015222381852153274.
epoch 0: forward test average loss 0.0019979143722189795.
Epoch 99: forward train average loss 0.0002218653422055973.
epoch 99: forward test average loss 0.0015072979860835606.
inverse model, training agent 4.
epoch 0: inverse train average loss 0.0112086557265785.
epoch 0: inverse test average loss 0.017983232935269673.
epoch 99: inverse train average loss 0.007012918384538757.
epoch 99: inverse test average loss 0.016071290605598025.
forward model: training agent 5.
Epoch 0: forward train average loss 0.001076531661156979.
epoch 0: forward test average loss 0.0028412149598201117.
Epoch 99: forward train average loss 0.00047368467656067677.
epoch 99: forward test average loss 0.001727397967543867.
inverse model, training agent 5.
epoch 0: inverse train average loss 0.004323337692767382.
epoch 0: inverse test average loss 0.012263600611024432.
epoch 99: inverse train average loss 0.003203742283706864.
epoch 99: inverse test average loss 0.01140653755929735.
forward model: training agent 6.
Epoch 0: forward train average loss 0.0033381865359842777.
epoch 0: forward test average loss 0.005147802333037059.
Epoch 99: forward train average loss 0.0007734952442761925.
epoch 99: forward test average loss 0.003644258301291201.
inverse model, training agent 6.
epoch 0: inverse train average loss 0.0018755483130613964.
epoch 0: inverse test average loss 0.0015900641091219666.
epoch 99: inverse train average loss 0.0008981611851292352.
epoch 99: inverse test average loss 0.0024732844127962985.
Policy training episode: 95, grounded actions taken: 836, last two uncertainties: {0: [0.0, 0.0], 1: [0.0, 0.0], 2: [0.0, 0.0], 3: [0.0, 0.0], 4: [0.0, 0.0], 5: [0.0, 0.0], 6: [0.0, 0.0]}, avg agent uncertainties: [0.0, 0.0, 0.0, 0.0, 0.0, 0.0, 0.0], grounded actions by agent: [118, 105, 120, 126, 122, 117, 128]
Policy training episode: 95, iteration 0/1, policy training avg travel time:63.443230718305195, q_loss:3.949359893798828, rewards:-2.410278489854601, queue:0.39166666666666666, delay:0.04300647311740451, throughput:3011
Sim Rollout episode:96/100, sim avg travel time:65.02119907254058, rewards:-2.875, queue:0.4595238095238095, delay:0.045212339976477244, throughput:3011
Real rollout step:96/100, travel time:698.9324522760646, rewards:-25.89333767361111, queue:15.520238095238096, delay:0.22683912004743303, throughput:890
forward model: training agent 0.
Epoch 0: forward train average loss 0.0049833951310979.
epoch 0: forward test average loss 0.0039896902938683825.
Epoch 99: forward train average loss 0.0006604946425391568.
epoch 99: forward test average loss 0.0023501034205158553.
inverse model, training agent 0.
epoch 0: inverse train average loss 0.014434815280967288.
epoch 0: inverse test average loss 0.02037631803088718.
epoch 99: inverse train average loss 0.004087076160228915.
epoch 99: inverse test average loss 0.010089935320946906.
forward model: training agent 1.
Epoch 0: forward train average loss 0.0009760125540196896.
epoch 0: forward test average loss 0.0017905690603786046.
Epoch 99: forward train average loss 0.00023523611727998487.
epoch 99: forward test average loss 0.0014266748395231036.
inverse model, training agent 1.
epoch 0: inverse train average loss 0.0015687612742314944.
epoch 0: inverse test average loss 0.015029479852981038.
epoch 99: inverse train average loss 0.0004938160935934219.
epoch 99: inverse test average loss 0.005459664492971367.
forward model: training agent 2.
Epoch 0: forward train average loss 0.0006732671689759526.
epoch 0: forward test average loss 0.0013378393939799732.
Epoch 99: forward train average loss 0.0003139573123512997.
epoch 99: forward test average loss 0.0013648179980615776.
inverse model, training agent 2.
epoch 0: inverse train average loss 0.011079551859034432.
epoch 0: inverse test average loss 0.02780230508910285.
epoch 99: inverse train average loss 0.004218066111207008.
epoch 99: inverse test average loss 0.012824013415310118.
forward model: training agent 3.
Epoch 0: forward train average loss 0.00285565366761552.
epoch 0: forward test average loss 0.0034266338787145084.
Epoch 99: forward train average loss 0.0002772866411962443.
epoch 99: forward test average loss 0.003647528692252106.
inverse model, training agent 3.
epoch 0: inverse train average loss 0.00597038140727414.
epoch 0: inverse test average loss 0.02713330090045929.
epoch 99: inverse train average loss 0.0025107609884192548.
epoch 99: inverse test average loss 0.010057446029451158.
forward model: training agent 4.
Epoch 0: forward train average loss 0.0006561565743241874.
epoch 0: forward test average loss 0.0011604800820350647.
Epoch 99: forward train average loss 9.25064539640314e-05.
epoch 99: forward test average loss 0.0008736657910048962.
inverse model, training agent 4.
epoch 0: inverse train average loss 0.011717024259269238.
epoch 0: inverse test average loss 0.013835680981477102.
epoch 99: inverse train average loss 0.007880148995253775.
epoch 99: inverse test average loss 0.013177298837237887.
forward model: training agent 5.
Epoch 0: forward train average loss 0.0013022442581132054.
epoch 0: forward test average loss 0.0014669830496940347.
Epoch 99: forward train average loss 0.00040804149143190845.
epoch 99: forward test average loss 0.0014469579586552249.
inverse model, training agent 5.
epoch 0: inverse train average loss 0.005850331236918767.
epoch 0: inverse test average loss 0.010236830347114138.
epoch 99: inverse train average loss 0.004981595401962598.
epoch 99: inverse test average loss 0.0064347731984323924.
forward model: training agent 6.
Epoch 0: forward train average loss 0.0034717429532772964.
epoch 0: forward test average loss 0.004580912076764637.
Epoch 99: forward train average loss 0.0008409587511171898.
epoch 99: forward test average loss 0.002703521711130937.
inverse model, training agent 6.
epoch 0: inverse train average loss 0.0029189587415506444.
epoch 0: inverse test average loss 0.010029685580068164.
epoch 99: inverse train average loss 0.0014175239355406826.
epoch 99: inverse test average loss 0.008955693079365624.
Policy training episode: 96, grounded actions taken: 808, last two uncertainties: {0: [0.0, 0.0], 1: [0.0, 0.0], 2: [0.0, 0.0], 3: [0.0, 0.0], 4: [0.0, 0.0], 5: [0.0, 0.0], 6: [0.0, 0.0]}, avg agent uncertainties: [0.0, 0.0, 0.0, 0.0, 0.0, 0.0, 0.0], grounded actions by agent: [108, 115, 114, 118, 121, 116, 116]
Policy training episode: 96, iteration 0/1, policy training avg travel time:64.31632991056641, q_loss:3.95646071434021, rewards:-2.763610670301649, queue:0.4384920634920635, delay:0.04502173832484654, throughput:3011
Sim Rollout episode:97/100, sim avg travel time:64.18112582781457, rewards:-2.80138922797309, queue:0.42738095238095236, delay:0.04453462873186384, throughput:3011
Real rollout step:97/100, travel time:691.5545126353791, rewards:-34.87888454861111, queue:16.546825396825398, delay:0.24813745892237102, throughput:888
forward model: training agent 0.
Epoch 0: forward train average loss 0.0032632178626954556.
epoch 0: forward test average loss 0.003814034474392732.
Epoch 99: forward train average loss 0.0007960155813230409.
epoch 99: forward test average loss 0.0020249711556567084.
inverse model, training agent 0.
epoch 0: inverse train average loss 0.005153815055059062.
epoch 0: inverse test average loss 0.009835261851549149.
epoch 99: inverse train average loss 0.00406286327375306.
epoch 99: inverse test average loss 0.004662267139388455.
forward model: training agent 1.
Epoch 0: forward train average loss 0.0008016582707770997.
epoch 0: forward test average loss 0.002514585904363129.
Epoch 99: forward train average loss 0.000245402993944784.
epoch 99: forward test average loss 0.0019849400139517253.
inverse model, training agent 1.
epoch 0: inverse train average loss 0.0009961341921654013.
epoch 0: inverse test average loss 0.0025392972553769746.
epoch 99: inverse train average loss 0.0005160136538001501.
epoch 99: inverse test average loss 0.0038590504166980586.
forward model: training agent 2.
Epoch 0: forward train average loss 0.0006518572594763504.
epoch 0: forward test average loss 0.0011002318674905433.
Epoch 99: forward train average loss 0.000291077255193765.
epoch 99: forward test average loss 0.0016665991085271041.
inverse model, training agent 2.
epoch 0: inverse train average loss 0.0136233266029093.
epoch 0: inverse test average loss 0.01970348258813222.
epoch 99: inverse train average loss 0.005825286006761922.
epoch 99: inverse test average loss 0.011211540963914659.
forward model: training agent 3.
Epoch 0: forward train average loss 0.003757838677201006.
epoch 0: forward test average loss 0.005504456452197499.
Epoch 99: forward train average loss 0.00025363335023737617.
epoch 99: forward test average loss 0.0019873788890739283.
inverse model, training agent 3.
epoch 0: inverse train average loss 0.003122384763426251.
epoch 0: inverse test average loss 0.017812674037284322.
epoch 99: inverse train average loss 0.002250576728127069.
epoch 99: inverse test average loss 0.005984663342436154.
forward model: training agent 4.
Epoch 0: forward train average loss 0.007730933320191171.
epoch 0: forward test average loss 0.0066290174921353655.
Epoch 99: forward train average loss 0.00013276530080474913.
epoch 99: forward test average loss 0.00037890539776223403.
inverse model, training agent 4.
epoch 0: inverse train average loss 0.007641190456019508.
epoch 0: inverse test average loss 0.00817359114686648.
epoch 99: inverse train average loss 0.004371970167590512.
epoch 99: inverse test average loss 0.0103197337852584.
forward model: training agent 5.
Epoch 0: forward train average loss 0.0014392966663257943.
epoch 0: forward test average loss 0.002240449707541201.
Epoch 99: forward train average loss 0.0005191783291391201.
epoch 99: forward test average loss 0.0018930289273460705.
inverse model, training agent 5.
epoch 0: inverse train average loss 0.004034589510411024.
epoch 0: inverse test average loss 0.010398568792475594.
epoch 99: inverse train average loss 0.002973477459616131.
epoch 99: inverse test average loss 0.006781827658414841.
forward model: training agent 6.
Epoch 0: forward train average loss 0.005373050872650411.
epoch 0: forward test average loss 0.006718717722429169.
Epoch 99: forward train average loss 0.0007842869963496923.
epoch 99: forward test average loss 0.003470339294936922.
inverse model, training agent 6.
epoch 0: inverse train average loss 0.0013901082436657613.
epoch 0: inverse test average loss 0.0028455814139710534.
epoch 99: inverse train average loss 0.00039300666604604985.
epoch 99: inverse test average loss 0.0014184184579385652.
Policy training episode: 97, grounded actions taken: 849, last two uncertainties: {0: [0.0, 0.0], 1: [0.0, 0.0], 2: [0.0, 0.0], 3: [0.0, 0.0], 4: [0.0, 0.0], 5: [0.0, 0.0], 6: [0.0, 0.0]}, avg agent uncertainties: [0.0, 0.0, 0.0, 0.0, 0.0, 0.0, 0.0], grounded actions by agent: [113, 113, 121, 128, 112, 123, 139]
Policy training episode: 97, iteration 0/1, policy training avg travel time:64.4774834437086, q_loss:4.060262203216553, rewards:-2.5791673448350694, queue:0.42063492063492064, delay:0.044993382408505395, throughput:3012
Sim Rollout episode:98/100, sim avg travel time:63.74065497849818, rewards:-2.45, queue:0.4023809523809524, delay:0.043825997246636286, throughput:3012
Real rollout step:98/100, travel time:683.3652300949598, rewards:-23.64860568576389, queue:15.164285714285715, delay:0.24166836208767362, throughput:884
forward model: training agent 0.
Epoch 0: forward train average loss 0.003455655856264962.
epoch 0: forward test average loss 0.003685972135927942.
Epoch 99: forward train average loss 0.0007454121692313089.
epoch 99: forward test average loss 0.0020453879195782873.
inverse model, training agent 0.
epoch 0: inverse train average loss 0.003588850609958172.
epoch 0: inverse test average loss 0.007335084386997753.
epoch 99: inverse train average loss 0.00010515781913353648.
epoch 99: inverse test average loss 6.222115674366553e-05.
forward model: training agent 1.
Epoch 0: forward train average loss 0.0005897410899504191.
epoch 0: forward test average loss 0.0011944673735544914.
Epoch 99: forward train average loss 0.00022276739279429117.
epoch 99: forward test average loss 0.0013859564593682687.
inverse model, training agent 1.
epoch 0: inverse train average loss 0.0014538443938363343.
epoch 0: inverse test average loss 0.003601349579791228.
epoch 99: inverse train average loss 0.0007876024174038321.
epoch 99: inverse test average loss 0.005340602145426803.
forward model: training agent 2.
Epoch 0: forward train average loss 0.0005825469658399621.
epoch 0: forward test average loss 0.00391742918226454.
Epoch 99: forward train average loss 0.00031706562408039137.
epoch 99: forward test average loss 0.0010704457656376893.
inverse model, training agent 2.
epoch 0: inverse train average loss 0.015388419955141015.
epoch 0: inverse test average loss 0.02937562598122491.
epoch 99: inverse train average loss 0.007644645973212189.
epoch 99: inverse test average loss 0.014886439260509279.
forward model: training agent 3.
Epoch 0: forward train average loss 0.002676338164342774.
epoch 0: forward test average loss 0.003917833893663353.
Epoch 99: forward train average loss 0.00025506467661923834.
epoch 99: forward test average loss 0.0014585376096268494.
inverse model, training agent 3.
epoch 0: inverse train average loss 0.002902343688118789.
epoch 0: inverse test average loss 0.004261883182658089.
epoch 99: inverse train average loss 0.002166386745456192.
epoch 99: inverse test average loss 0.004297818574640486.
forward model: training agent 4.
Epoch 0: forward train average loss 0.0014334092071900766.
epoch 0: forward test average loss 0.0018563320239384968.
Epoch 99: forward train average loss 8.027785467371966e-05.
epoch 99: forward test average loss 0.001547378772455785.
inverse model, training agent 4.
epoch 0: inverse train average loss 0.008458860115044646.
epoch 0: inverse test average loss 0.006949200605352719.
epoch 99: inverse train average loss 0.005781873129308224.
epoch 99: inverse test average loss 0.006146366707980633.
forward model: training agent 5.
Epoch 0: forward train average loss 0.0011587956946136223.
epoch 0: forward test average loss 0.0024504108975330987.
Epoch 99: forward train average loss 0.0004988984243633846.
epoch 99: forward test average loss 0.0015946033203767405.
inverse model, training agent 5.
epoch 0: inverse train average loss 0.006930996353427569.
epoch 0: inverse test average loss 0.011494889441463683.
epoch 99: inverse train average loss 0.005027945981257492.
epoch 99: inverse test average loss 0.02749313289920489.
forward model: training agent 6.
Epoch 0: forward train average loss 0.002337600052770641.
epoch 0: forward test average loss 0.0038304359962542853.
Epoch 99: forward train average loss 0.0006021711677830252.
epoch 99: forward test average loss 0.00276671318958203.
inverse model, training agent 6.
epoch 0: inverse train average loss 0.001203497459452289.
epoch 0: inverse test average loss 0.00124231630211903.
epoch 99: inverse train average loss 0.0004356730561186042.
epoch 99: inverse test average loss 0.004864826384517882.
Policy training episode: 98, grounded actions taken: 837, last two uncertainties: {0: [0.0, 0.0], 1: [0.0, 0.0], 2: [0.0, 0.0], 3: [0.0, 0.0], 4: [0.0, 0.0], 5: [0.0, 0.0], 6: [0.0, 0.0]}, avg agent uncertainties: [0.0, 0.0, 0.0, 0.0, 0.0, 0.0, 0.0], grounded actions by agent: [120, 129, 112, 119, 112, 129, 116]
Policy training episode: 98, iteration 0/1, policy training avg travel time:64.5, q_loss:4.079044342041016, rewards:-2.8522220187717013, queue:0.46111111111111114, delay:0.04665465279230996, throughput:3012
Sim Rollout episode:99/100, sim avg travel time:65.37528983106989, rewards:-2.679166327582465, queue:0.42698412698412697, delay:0.04673455858987475, throughput:3012
Real rollout step:99/100, travel time:412.4518606024808, rewards:-26.21388888888889, queue:9.41468253968254, delay:0.20416429307725695, throughput:1297
forward model: training agent 0.
Epoch 0: forward train average loss 0.004107549165685971.
epoch 0: forward test average loss 0.004885525753100713.
Epoch 99: forward train average loss 0.0012128202555080254.
epoch 99: forward test average loss 0.0035563461068603727.
inverse model, training agent 0.
epoch 0: inverse train average loss 0.05094361719157961.
epoch 0: inverse test average loss 0.07609661751323277.
epoch 99: inverse train average loss 0.004266600434978803.
epoch 99: inverse test average loss 0.0060964638574255835.
forward model: training agent 1.
Epoch 0: forward train average loss 0.007661117758187983.
epoch 0: forward test average loss 0.00833415612578392.
Epoch 99: forward train average loss 0.0005984195288167231.
epoch 99: forward test average loss 0.0026545727418528665.
inverse model, training agent 1.
epoch 0: inverse train average loss 0.0017546786952556835.
epoch 0: inverse test average loss 0.004506317381229665.
epoch 99: inverse train average loss 0.0009053125266089208.
epoch 99: inverse test average loss 0.003460570290270779.
forward model: training agent 2.
Epoch 0: forward train average loss 0.015405199697448147.
epoch 0: forward test average loss 0.012289693786038293.
Epoch 99: forward train average loss 0.00041070075692712434.
epoch 99: forward test average loss 0.001246497319597337.
inverse model, training agent 2.
epoch 0: inverse train average loss 0.020656060841348436.
epoch 0: inverse test average loss 0.025055896904733446.
epoch 99: inverse train average loss 0.00542202095190684.
epoch 99: inverse test average loss 0.006195400259457529.
forward model: training agent 3.
Epoch 0: forward train average loss 0.017089859996404912.
epoch 0: forward test average loss 0.013903745346599154.
Epoch 99: forward train average loss 0.0006783602487606307.
epoch 99: forward test average loss 0.004062904665867488.
inverse model, training agent 3.
epoch 0: inverse train average loss 0.004206271169500219.
epoch 0: inverse test average loss 0.012611397438579135.
epoch 99: inverse train average loss 0.002676137399652766.
epoch 99: inverse test average loss 0.0123704361418883.
forward model: training agent 4.
Epoch 0: forward train average loss 0.020539204486542277.
epoch 0: forward test average loss 0.008864252103699578.
Epoch 99: forward train average loss 0.000201504135879481.
epoch 99: forward test average loss 0.001484520940317048.
inverse model, training agent 4.
epoch 0: inverse train average loss 0.008842216804623604.
epoch 0: inverse test average loss 0.019622002210881975.
epoch 99: inverse train average loss 0.004626228008419275.
epoch 99: inverse test average loss 0.009371054669221243.
forward model: training agent 5.
Epoch 0: forward train average loss 0.001220311568532553.
epoch 0: forward test average loss 0.002130748186674383.
Epoch 99: forward train average loss 0.000585173017397109.
epoch 99: forward test average loss 0.002046709776752525.
inverse model, training agent 5.
epoch 0: inverse train average loss 0.0036031195324742133.
epoch 0: inverse test average loss 0.006546592339873314.
epoch 99: inverse train average loss 0.001975459305362569.
epoch 99: inverse test average loss 0.005621584132313728.
forward model: training agent 6.
Epoch 0: forward train average loss 0.0032942107775145108.
epoch 0: forward test average loss 0.004738084764944183.
Epoch 99: forward train average loss 0.0011657823601530658.
epoch 99: forward test average loss 0.003752268436882231.
inverse model, training agent 6.
epoch 0: inverse train average loss 0.002267242577444348.
epoch 0: inverse test average loss 0.002415417693555355.
epoch 99: inverse train average loss 0.001373574567777622.
epoch 99: inverse test average loss 0.0010550737562071946.
Policy training episode: 99, grounded actions taken: 864, last two uncertainties: {0: [0.0, 0.0], 1: [0.0, 0.0], 2: [0.0, 0.0], 3: [0.0, 0.0], 4: [0.0, 0.0], 5: [0.0, 0.0], 6: [0.0, 0.0]}, avg agent uncertainties: [0.0, 0.0, 0.0, 0.0, 0.0, 0.0, 0.0], grounded actions by agent: [128, 125, 116, 132, 129, 112, 122]
Policy training episode: 99, iteration 0/1, policy training avg travel time:64.76762661370407, q_loss:4.1196513175964355, rewards:-2.780833774142795, queue:0.44166666666666665, delay:0.04721066611153739, throughput:3011
Total time taken: 6389.162581682205
