Sim Rollout episode:0/100, sim avg travel time:62.03892857142857, rewards:-20.9138916015625, queue:3.689814814814815, delay:0.16954227023654514, throughput:2781
Real rollout step:0/100, travel time:249.89870238593554, rewards:-48.799587673611114, queue:7.617592592592593, delay:0.42532885516131363, throughput:2080
forward model: training agent 0.
Epoch 0: forward train average loss 0.06073558330535889.
epoch 0: forward test average loss 0.08145091268751356.
Epoch 99: forward train average loss 0.010530535235173173.
epoch 99: forward test average loss 0.016096802635325327.
inverse model, training agent 0.
epoch 0: inverse train average loss 0.01925980920592944.
epoch 0: inverse test average loss 0.030975805388556585.
epoch 99: inverse train average loss 0.0140615271197425.
epoch 99: inverse test average loss 0.02080740614069833.
forward model: training agent 1.
Epoch 0: forward train average loss 0.46998869048224556.
epoch 0: forward test average loss 0.7974756823645698.
Epoch 99: forward train average loss 0.026381923920578428.
epoch 99: forward test average loss 0.049751586384243436.
inverse model, training agent 1.
epoch 0: inverse train average loss 0.0254275794658396.
epoch 0: inverse test average loss 0.041607490844196744.
epoch 99: inverse train average loss 0.022099674575858645.
epoch 99: inverse test average loss 0.035067475504345365.
forward model: training agent 2.
Epoch 0: forward train average loss 0.04960786634021335.
epoch 0: forward test average loss 0.07921117544174194.
Epoch 99: forward train average loss 0.010595829950438606.
epoch 99: forward test average loss 0.02008277177810669.
inverse model, training agent 2.
epoch 0: inverse train average loss 0.022380106151103973.
epoch 0: inverse test average loss 0.03664065235190921.
epoch 99: inverse train average loss 0.01887679472565651.
epoch 99: inverse test average loss 0.028627827763557434.
Policy training episode: 0, grounded actions taken: 0, last two uncertainties: {0: [2.06091058353583], 1: [1.9143487281269498], 2: [1.4664715750349893]}, avg agent uncertainties: [2.06091058353583, 1.9143487281269498, 1.4664715750349893], grounded actions by agent: [0, 0, 0]
Policy training episode: 0, iteration 0/1, policy training avg travel time:132.40035714285713, q_loss:0, rewards:-66.93625217013889, queue:9.966666666666667, delay:0.3151084617332176, throughput:2781
Sim Rollout episode:1/100, sim avg travel time:63.63156015708675, rewards:-22.740699598524305, queue:3.9694444444444446, delay:0.18034417894151475, throughput:2782
Real rollout step:1/100, travel time:249.89870238593554, rewards:-48.799587673611114, queue:7.617592592592593, delay:0.42532885516131363, throughput:2080
forward model: training agent 0.
Epoch 0: forward train average loss 0.010537260936366187.
epoch 0: forward test average loss 0.017045140266418457.
Epoch 99: forward train average loss 0.008012663159105513.
epoch 99: forward test average loss 0.016068663034174178.
inverse model, training agent 0.
epoch 0: inverse train average loss 0.0135590225044224.
epoch 0: inverse test average loss 0.020844414002365537.
epoch 99: inverse train average loss 0.010526956369479498.
epoch 99: inverse test average loss 0.015993678735362157.
forward model: training agent 1.
Epoch 0: forward train average loss 0.02647064419256316.
epoch 0: forward test average loss 0.04092930919594235.
Epoch 99: forward train average loss 0.008205849573844008.
epoch 99: forward test average loss 0.021321059929000005.
inverse model, training agent 1.
epoch 0: inverse train average loss 0.021982421891556844.
epoch 0: inverse test average loss 0.03555946548779806.
epoch 99: inverse train average loss 0.016161533072590828.
epoch 99: inverse test average loss 0.02536967396736145.
forward model: training agent 2.
Epoch 0: forward train average loss 0.01063561418818103.
epoch 0: forward test average loss 0.01955658197402954.
Epoch 99: forward train average loss 0.008731801994144917.
epoch 99: forward test average loss 0.013190471463733248.
inverse model, training agent 2.
epoch 0: inverse train average loss 0.018829275750451617.
epoch 0: inverse test average loss 0.02983335985077752.
epoch 99: inverse train average loss 0.013298443208138147.
epoch 99: inverse test average loss 0.019500024616718292.
Policy training episode: 1, grounded actions taken: 875, last two uncertainties: {0: [2.06091058353583, 1.7354325451784665], 1: [1.9143487281269498, 0.7967370977004369], 2: [1.4664715750349893, 0.9595719673567348]}, avg agent uncertainties: [1.8981715643571482, 1.3555429129136933, 1.213021771195862], grounded actions by agent: [190, 360, 325]
Policy training episode: 1, iteration 0/1, policy training avg travel time:611.9192857142857, q_loss:0, rewards:-166.64098307291667, queue:30.444444444444443, delay:0.46900945592809606, throughput:1877
Sim Rollout episode:2/100, sim avg travel time:66.5575, rewards:-22.155003526475696, queue:3.8805555555555555, delay:0.18035255714699075, throughput:2782
Real rollout step:2/100, travel time:249.89870238593554, rewards:-48.799587673611114, queue:7.617592592592593, delay:0.42532885516131363, throughput:2080
forward model: training agent 0.
Epoch 0: forward train average loss 0.007940668302277723.
epoch 0: forward test average loss 0.019213499294386968.
Epoch 99: forward train average loss 0.006913011065787739.
epoch 99: forward test average loss 0.017705858167674806.
inverse model, training agent 0.
epoch 0: inverse train average loss 0.010792807572417788.
epoch 0: inverse test average loss 0.01678147829241223.
epoch 99: inverse train average loss 0.008887426306804022.
epoch 99: inverse test average loss 0.012668129884534411.
forward model: training agent 1.
Epoch 0: forward train average loss 0.008264888491895463.
epoch 0: forward test average loss 0.015462715592649248.
Epoch 99: forward train average loss 0.006818240094516013.
epoch 99: forward test average loss 0.009716781063212289.
inverse model, training agent 1.
epoch 0: inverse train average loss 0.015780988666746352.
epoch 0: inverse test average loss 0.02759073343541887.
epoch 99: inverse train average loss 0.012048242406712638.
epoch 99: inverse test average loss 0.016042593866586685.
forward model: training agent 2.
Epoch 0: forward train average loss 0.00864290114906099.
epoch 0: forward test average loss 0.015793287091785006.
Epoch 99: forward train average loss 0.007495006339417564.
epoch 99: forward test average loss 0.012266267504956987.
inverse model, training agent 2.
epoch 0: inverse train average loss 0.013772406511836581.
epoch 0: inverse test average loss 0.02127144320143594.
epoch 99: inverse train average loss 0.00919208385878139.
epoch 99: inverse test average loss 0.014726387129889594.
Policy training episode: 2, grounded actions taken: 914, last two uncertainties: {0: [1.7354325451784665, 1.2863219955729113], 1: [0.7967370977004369, 0.5788534021211995], 2: [0.9595719673567348, 0.8678680031663841]}, avg agent uncertainties: [1.5108772703756888, 0.6877952499108182, 0.9137199852615594], grounded actions by agent: [286, 342, 286]
Policy training episode: 2, iteration 0/1, policy training avg travel time:562.63, q_loss:735.427734375, rewards:-184.42903645833334, queue:31.271296296296295, delay:0.5161057083695023, throughput:1938
Sim Rollout episode:3/100, sim avg travel time:595.4742857142858, rewards:-165.889453125, queue:30.271296296296295, delay:0.4697257713035301, throughput:1891
Real rollout step:3/100, travel time:871.1587615283267, rewards:-240.67667100694445, queue:34.78611111111111, delay:0.698892268428096, throughput:1000
forward model: training agent 0.
Epoch 0: forward train average loss 0.021057577803730965.
epoch 0: forward test average loss 0.020837319393952686.
Epoch 99: forward train average loss 0.002989597851410508.
epoch 99: forward test average loss 0.005536892968747351.
inverse model, training agent 0.
epoch 0: inverse train average loss 0.03782596025202009.
epoch 0: inverse test average loss 0.06338971853256226.
epoch 99: inverse train average loss 0.008006591660281023.
epoch 99: inverse test average loss 0.014795800877941979.
forward model: training agent 1.
Epoch 0: forward train average loss 0.006689062549008263.
epoch 0: forward test average loss 0.00541887991130352.
Epoch 99: forward train average loss 0.0011010637649128006.
epoch 99: forward test average loss 0.0017544089609550105.
inverse model, training agent 1.
epoch 0: inverse train average loss 0.3984728190633986.
epoch 0: inverse test average loss 0.624589204788208.
epoch 99: inverse train average loss 0.013950537890195847.
epoch 99: inverse test average loss 0.02122069729699029.
forward model: training agent 2.
Epoch 0: forward train average loss 0.02667854850490888.
epoch 0: forward test average loss 0.03172173764970568.
Epoch 99: forward train average loss 0.004739537938601441.
epoch 99: forward test average loss 0.007829374116328027.
inverse model, training agent 2.
epoch 0: inverse train average loss 0.036058766974343195.
epoch 0: inverse test average loss 0.0526595264673233.
epoch 99: inverse train average loss 0.006314128119912412.
epoch 99: inverse test average loss 0.011228145410617193.
Policy training episode: 3, grounded actions taken: 302, last two uncertainties: {0: [1.2863219955729113, 1.2281528694762125], 1: [0.5788534021211995, 1.4259755599829886], 2: [0.8678680031663841, 1.0877401227752368]}, avg agent uncertainties: [1.2572374325245619, 1.002414481052094, 0.9778040629708105], grounded actions by agent: [233, 0, 69]
Policy training episode: 3, iteration 0/1, policy training avg travel time:81.85790789003927, q_loss:674.1824951171875, rewards:-51.57041015625, queue:6.981481481481482, delay:0.26423170301649307, throughput:2772
Sim Rollout episode:4/100, sim avg travel time:68.01035714285715, rewards:-18.925419108072916, queue:3.3333333333333335, delay:0.17152486730504918, throughput:2784
Real rollout step:4/100, travel time:807.1046511627907, rewards:-239.64652777777778, queue:34.660185185185185, delay:0.718351463035301, throughput:1055
forward model: training agent 0.
Epoch 0: forward train average loss 0.0037930027271310487.
epoch 0: forward test average loss 0.0059832870546314455.
Epoch 99: forward train average loss 0.002664887346327305.
epoch 99: forward test average loss 0.007270204938120312.
inverse model, training agent 0.
epoch 0: inverse train average loss 0.015330965941150984.
epoch 0: inverse test average loss 0.018846523844533496.
epoch 99: inverse train average loss 0.008970458784865009.
epoch 99: inverse test average loss 0.015409679876433479.
forward model: training agent 1.
Epoch 0: forward train average loss 0.0008723255531448456.
epoch 0: forward test average loss 0.00215170428984695.
Epoch 99: forward train average loss 0.0004901697328831586.
epoch 99: forward test average loss 0.0008962633696177767.
inverse model, training agent 1.
epoch 0: inverse train average loss 0.0236777663230896.
epoch 0: inverse test average loss 0.038659319281578064.
epoch 99: inverse train average loss 0.017475201644831233.
epoch 99: inverse test average loss 0.028683079613579646.
forward model: training agent 2.
Epoch 0: forward train average loss 0.007661472695569198.
epoch 0: forward test average loss 0.01278082819448577.
Epoch 99: forward train average loss 0.0044155774845017325.
epoch 99: forward test average loss 0.008831689341200722.
inverse model, training agent 2.
epoch 0: inverse train average loss 0.00863939875529872.
epoch 0: inverse test average loss 0.013333874444166819.
epoch 99: inverse train average loss 0.00603286942674054.
epoch 99: inverse test average loss 0.010392128179470697.
Policy training episode: 4, grounded actions taken: 354, last two uncertainties: {0: [1.2281528694762125, 1.2352479696273804], 1: [1.4259755599829886, 1.547065061993069], 2: [1.0877401227752368, 0.9649576879209942]}, avg agent uncertainties: [1.2317004195517964, 1.4865203109880287, 1.0263489053481156], grounded actions by agent: [168, 0, 186]
Policy training episode: 4, iteration 0/1, policy training avg travel time:65.90642857142858, q_loss:650.2317504882812, rewards:-22.841807725694444, queue:3.859259259259259, delay:0.18713938395182292, throughput:2782
Sim Rollout episode:5/100, sim avg travel time:52.013214285714284, rewards:-4.353057183159722, queue:0.8425925925925926, delay:0.1310018751356337, throughput:2791
Real rollout step:5/100, travel time:817.3165796344648, rewards:-241.01265190972222, queue:34.730555555555554, delay:0.6905611391420717, throughput:1045
forward model: training agent 0.
Epoch 0: forward train average loss 0.003323910085277425.
epoch 0: forward test average loss 0.006447920368777381.
Epoch 99: forward train average loss 0.0024644277938124207.
epoch 99: forward test average loss 0.005336332238382763.
inverse model, training agent 0.
epoch 0: inverse train average loss 0.011637288249201246.
epoch 0: inverse test average loss 0.01757170259952545.
epoch 99: inverse train average loss 0.00910999191304048.
epoch 99: inverse test average loss 0.011617033018006219.
forward model: training agent 1.
Epoch 0: forward train average loss 0.0006479745821302964.
epoch 0: forward test average loss 0.0017667975173228318.
Epoch 99: forward train average loss 0.00045932308421470225.
epoch 99: forward test average loss 0.002559179336660438.
inverse model, training agent 1.
epoch 0: inverse train average loss 0.01759653062456184.
epoch 0: inverse test average loss 0.02703046550353368.
epoch 99: inverse train average loss 0.012341243939267265.
epoch 99: inverse test average loss 0.016547633955876034.
forward model: training agent 2.
Epoch 0: forward train average loss 0.00612245500087738.
epoch 0: forward test average loss 0.009872806982861625.
Epoch 99: forward train average loss 0.003855011063731379.
epoch 99: forward test average loss 0.009836562391784456.
inverse model, training agent 2.
epoch 0: inverse train average loss 0.0064813777183492976.
epoch 0: inverse test average loss 0.010802518162462447.
epoch 99: inverse train average loss 0.005127456039190292.
epoch 99: inverse test average loss 0.007235770217246479.
Policy training episode: 5, grounded actions taken: 914, last two uncertainties: {0: [1.2352479696273804, 0.9263973818471034], 1: [1.547065061993069, 0.43648970714873736], 2: [0.9649576879209942, 0.564529828975598]}, avg agent uncertainties: [1.080822675737242, 0.9917773845709033, 0.7647437584482961], grounded actions by agent: [229, 360, 325]
Policy training episode: 5, iteration 0/1, policy training avg travel time:597.9760714285715, q_loss:510.1420593261719, rewards:-157.85360243055555, queue:28.617592592592594, delay:0.4373876501012732, throughput:1882
Sim Rollout episode:6/100, sim avg travel time:66.11424491253123, rewards:-18.899723307291666, queue:3.286111111111111, delay:0.1729766845703125, throughput:2783
Real rollout step:6/100, travel time:796.4118761844599, rewards:-245.64262152777778, queue:35.54907407407408, delay:0.7510676066080729, throughput:1061
forward model: training agent 0.
Epoch 0: forward train average loss 0.005293296753532357.
epoch 0: forward test average loss 0.009857383867104849.
Epoch 99: forward train average loss 0.0032152061143683065.
epoch 99: forward test average loss 0.007942969186438454.
inverse model, training agent 0.
epoch 0: inverse train average loss 0.028965978158844843.
epoch 0: inverse test average loss 0.04698316090636783.
epoch 99: inverse train average loss 0.014764150811566247.
epoch 99: inverse test average loss 0.016810289687580533.
forward model: training agent 1.
Epoch 0: forward train average loss 0.0011069818606807126.
epoch 0: forward test average loss 0.003597951183716456.
Epoch 99: forward train average loss 0.0004170433773348729.
epoch 99: forward test average loss 0.0012242497048444217.
inverse model, training agent 1.
epoch 0: inverse train average loss 0.013383462611171935.
epoch 0: inverse test average loss 0.022025866640938654.
epoch 99: inverse train average loss 0.010342009365558624.
epoch 99: inverse test average loss 0.02028236124250624.
forward model: training agent 2.
Epoch 0: forward train average loss 0.008654323613478078.
epoch 0: forward test average loss 0.008637556599246131.
Epoch 99: forward train average loss 0.004293990062756671.
epoch 99: forward test average loss 0.010009771833817164.
inverse model, training agent 2.
epoch 0: inverse train average loss 0.006827323800987667.
epoch 0: inverse test average loss 0.006307599859105216.
epoch 99: inverse train average loss 0.0062486569707592325.
epoch 99: inverse test average loss 0.00759822709692849.
Policy training episode: 6, grounded actions taken: 274, last two uncertainties: {0: [0.9263973818471034, 1.509978519545661], 1: [0.43648970714873736, 1.0404389755593406], 2: [0.564529828975598, 0.9291101612978512]}, avg agent uncertainties: [1.2181879506963822, 0.738464341354039, 0.7468199951367246], grounded actions by agent: [63, 135, 76]
Policy training episode: 6, iteration 0/1, policy training avg travel time:63.31321428571429, q_loss:554.9061889648438, rewards:-21.861527506510416, queue:3.848148148148148, delay:0.1810331839102286, throughput:2784
Sim Rollout episode:7/100, sim avg travel time:65.605, rewards:-18.89653049045139, queue:3.311111111111111, delay:0.16772599396882235, throughput:2784
Real rollout step:7/100, travel time:910.3836017569546, rewards:-320.5131727430556, queue:46.30555555555556, delay:0.8086915192780672, throughput:893
forward model: training agent 0.
Epoch 0: forward train average loss 0.16158790389696756.
epoch 0: forward test average loss 0.07997648914655049.
Epoch 99: forward train average loss 0.0009410780104291108.
epoch 99: forward test average loss 0.0019900093062056434.
inverse model, training agent 0.
epoch 0: inverse train average loss 0.023715975383917492.
epoch 0: inverse test average loss 0.03597480555375417.
epoch 99: inverse train average loss 0.01164109135667483.
epoch 99: inverse test average loss 0.01614833954307768.
forward model: training agent 1.
Epoch 0: forward train average loss 0.0008824805198754701.
epoch 0: forward test average loss 0.001956059235251612.
Epoch 99: forward train average loss 0.00040282218833453953.
epoch 99: forward test average loss 0.0013910336419939995.
inverse model, training agent 1.
epoch 0: inverse train average loss 0.011830570176243782.
epoch 0: inverse test average loss 0.01956046786573198.
epoch 99: inverse train average loss 0.009314175074299177.
epoch 99: inverse test average loss 0.012523856427934434.
forward model: training agent 2.
Epoch 0: forward train average loss 0.006122916729913818.
epoch 0: forward test average loss 0.00876641066537963.
Epoch 99: forward train average loss 0.0035705743357539177.
epoch 99: forward test average loss 0.00675277060104741.
inverse model, training agent 2.
epoch 0: inverse train average loss 0.005497969169583585.
epoch 0: inverse test average loss 0.010318292925755182.
epoch 99: inverse train average loss 0.004442302044481039.
epoch 99: inverse test average loss 0.011342362811168035.
Policy training episode: 7, grounded actions taken: 184, last two uncertainties: {0: [1.509978519545661, 1.6602513157659107], 1: [1.0404389755593406, 0.9639697298407555], 2: [0.9291101612978512, 0.8492265231907368]}, avg agent uncertainties: [1.585114917655786, 1.0022043527000482, 0.889168342244294], grounded actions by agent: [27, 47, 110]
Policy training episode: 7, iteration 0/1, policy training avg travel time:66.85, q_loss:497.2392272949219, rewards:-22.6058349609375, queue:3.903703703703704, delay:0.1703751740632234, throughput:2782
Sim Rollout episode:8/100, sim avg travel time:57.4575, rewards:-6.649306233723959, queue:1.2796296296296297, delay:0.14651285807291667, throughput:2782
Real rollout step:8/100, travel time:907.17943107221, rewards:-319.20694444444445, queue:46.050925925925924, delay:0.816840899432147, throughput:892
forward model: training agent 0.
Epoch 0: forward train average loss 0.0009699659422039986.
epoch 0: forward test average loss 0.002224030594031016.
Epoch 99: forward train average loss 0.0008554904747547375.
epoch 99: forward test average loss 0.001993719954043627.
inverse model, training agent 0.
epoch 0: inverse train average loss 0.0123951422671477.
epoch 0: inverse test average loss 0.017470542755391862.
epoch 99: inverse train average loss 0.009539522644546296.
epoch 99: inverse test average loss 0.015190518978569243.
forward model: training agent 1.
Epoch 0: forward train average loss 0.0004663554007290966.
epoch 0: forward test average loss 0.001052602084301826.
Epoch 99: forward train average loss 0.00041206881158157356.
epoch 99: forward test average loss 0.001184174506407645.
inverse model, training agent 1.
epoch 0: inverse train average loss 0.017256152505675953.
epoch 0: inverse test average loss 0.029890325334337022.
epoch 99: inverse train average loss 0.01294779632654455.
epoch 99: inverse test average loss 0.020923185679647658.
forward model: training agent 2.
Epoch 0: forward train average loss 0.005770708227323161.
epoch 0: forward test average loss 0.00925919868879848.
Epoch 99: forward train average loss 0.0038024835909406343.
epoch 99: forward test average loss 0.006303167798452907.
inverse model, training agent 2.
epoch 0: inverse train average loss 0.004437980862955253.
epoch 0: inverse test average loss 0.007219693726963467.
epoch 99: inverse train average loss 0.00416033539093203.
epoch 99: inverse test average loss 0.006356303062703874.
Policy training episode: 8, grounded actions taken: 601, last two uncertainties: {0: [1.6602513157659107, 1.3998943832185533], 1: [0.9639697298407555, 1.1367511649926503], 2: [0.8492265231907368, 0.777042177071174]}, avg agent uncertainties: [1.530072849492232, 1.0503604474167028, 0.8131343501309554], grounded actions by agent: [238, 96, 267]
Policy training episode: 8, iteration 0/1, policy training avg travel time:59.4125, q_loss:467.2872009277344, rewards:-16.714168294270834, queue:2.9546296296296295, delay:0.19248025682237413, throughput:2783
Sim Rollout episode:9/100, sim avg travel time:57.504819707247414, rewards:-6.603749593098958, queue:1.2694444444444444, delay:0.1544403076171875, throughput:2784
Real rollout step:9/100, travel time:930.8387815750372, rewards:-324.4177734375, queue:47.17314814814815, delay:0.8383851793077257, throughput:868
forward model: training agent 0.
Epoch 0: forward train average loss 0.0008172532996266253.
epoch 0: forward test average loss 0.0013198564799192052.
Epoch 99: forward train average loss 0.0007377699884172115.
epoch 99: forward test average loss 0.002258972782227728.
inverse model, training agent 0.
epoch 0: inverse train average loss 0.009354887426727347.
epoch 0: inverse test average loss 0.01272529736161232.
epoch 99: inverse train average loss 0.007395780645310879.
epoch 99: inverse test average loss 0.01091614862283071.
forward model: training agent 1.
Epoch 0: forward train average loss 0.0006617683619778189.
epoch 0: forward test average loss 0.0015510335668093627.
Epoch 99: forward train average loss 0.00047390787707020837.
epoch 99: forward test average loss 0.0010335089173167944.
inverse model, training agent 1.
epoch 0: inverse train average loss 0.016511614123980205.
epoch 0: inverse test average loss 0.02519602742460039.
epoch 99: inverse train average loss 0.013603979928625954.
epoch 99: inverse test average loss 0.02164394325680203.
forward model: training agent 2.
Epoch 0: forward train average loss 0.007791414856910706.
epoch 0: forward test average loss 0.010330317748917473.
Epoch 99: forward train average loss 0.0034327544789347383.
epoch 99: forward test average loss 0.006978050288226869.
inverse model, training agent 2.
epoch 0: inverse train average loss 0.004392978683527973.
epoch 0: inverse test average loss 0.005790463752216763.
epoch 99: inverse train average loss 0.0038498076092865732.
epoch 99: inverse test average loss 0.004193824819392628.
Policy training episode: 9, grounded actions taken: 626, last two uncertainties: {0: [1.3998943832185533, 1.0269061582783858], 1: [1.1367511649926503, 1.1484261434939174], 2: [0.777042177071174, 0.7453420143988397]}, avg agent uncertainties: [1.2134002707484695, 1.142588654243284, 0.7611920957350069], grounded actions by agent: [295, 103, 228]
Policy training episode: 9, iteration 0/1, policy training avg travel time:66.44821428571429, q_loss:441.2516784667969, rewards:-22.912920464409723, queue:4.007407407407407, delay:0.18450297602900753, throughput:2784
Sim Rollout episode:10/100, sim avg travel time:59.046411995715815, rewards:-16.239446343315972, queue:2.8851851851851853, delay:0.17258018211082177, throughput:2785
Real rollout step:10/100, travel time:915.4179543782193, rewards:-316.5077690972222, queue:45.45, delay:0.7708906950774016, throughput:884
forward model: training agent 0.
Epoch 0: forward train average loss 0.0009714040724146697.
epoch 0: forward test average loss 0.001622362993657589.
Epoch 99: forward train average loss 0.0007557303696456882.
epoch 99: forward test average loss 0.001515091552088658.
inverse model, training agent 0.
epoch 0: inverse train average loss 0.0077706677839159966.
epoch 0: inverse test average loss 0.016199670732021332.
epoch 99: inverse train average loss 0.006531212271915542.
epoch 99: inverse test average loss 0.011215205821726058.
forward model: training agent 1.
Epoch 0: forward train average loss 0.0018342460453924206.
epoch 0: forward test average loss 0.0025474882374207177.
Epoch 99: forward train average loss 0.0004715351581883927.
epoch 99: forward test average loss 0.002406238371299373.
inverse model, training agent 1.
epoch 0: inverse train average loss 0.013398957542247243.
epoch 0: inverse test average loss 0.02161311109860738.
epoch 99: inverse train average loss 0.011793315410614014.
epoch 99: inverse test average loss 0.01954171144300037.
forward model: training agent 2.
Epoch 0: forward train average loss 0.009812136905060874.
epoch 0: forward test average loss 0.008555259969499376.
Epoch 99: forward train average loss 0.003488063139634.
epoch 99: forward test average loss 0.006593139014310307.
inverse model, training agent 2.
epoch 0: inverse train average loss 0.004011964115003745.
epoch 0: inverse test average loss 0.016262371920877032.
epoch 99: inverse train average loss 0.0031717645987454387.
epoch 99: inverse test average loss 0.007749350120623906.
Policy training episode: 10, grounded actions taken: 651, last two uncertainties: {0: [1.0269061582783858, 0.9653497626384099], 1: [1.1484261434939174, 1.1148867204785347], 2: [0.7453420143988397, 0.7306939429706998]}, avg agent uncertainties: [0.9961279604583979, 1.131656431986226, 0.7380179786847698], grounded actions by agent: [271, 175, 205]
Policy training episode: 10, iteration 0/1, policy training avg travel time:65.39285714285714, q_loss:392.8973693847656, rewards:-17.577084689670137, queue:3.085185185185185, delay:0.1674639242666739, throughput:2790
Sim Rollout episode:11/100, sim avg travel time:53.248750892219846, rewards:-6.809583197699653, queue:1.3046296296296296, delay:0.15067432544849538, throughput:2784
Real rollout step:11/100, travel time:816.9495628782784, rewards:-312.8720920138889, queue:44.93611111111111, delay:0.8528243453414351, throughput:976
forward model: training agent 0.
Epoch 0: forward train average loss 0.0008800070758702026.
epoch 0: forward test average loss 0.0022208791019188035.
Epoch 99: forward train average loss 0.0007576835923828185.
epoch 99: forward test average loss 0.0016332765873004165.
inverse model, training agent 0.
epoch 0: inverse train average loss 0.005925805825326178.
epoch 0: inverse test average loss 0.006395270634028647.
epoch 99: inverse train average loss 0.005023496691137552.
epoch 99: inverse test average loss 0.0064178819043768775.
forward model: training agent 1.
Epoch 0: forward train average loss 0.003922912240442302.
epoch 0: forward test average loss 0.005682722768849797.
Epoch 99: forward train average loss 0.000651997695159581.
epoch 99: forward test average loss 0.0018480032061537106.
inverse model, training agent 1.
epoch 0: inverse train average loss 0.01224794445766343.
epoch 0: inverse test average loss 0.0221914475162824.
epoch 99: inverse train average loss 0.010679241890708605.
epoch 99: inverse test average loss 0.018671057290501065.
forward model: training agent 2.
Epoch 0: forward train average loss 0.007135480228397582.
epoch 0: forward test average loss 0.010942714495791329.
Epoch 99: forward train average loss 0.0035868995926446384.
epoch 99: forward test average loss 0.0066275397936503095.
inverse model, training agent 2.
epoch 0: inverse train average loss 0.003795057845612367.
epoch 0: inverse test average loss 0.00430565079053243.
epoch 99: inverse train average loss 0.003359301791836818.
epoch 99: inverse test average loss 0.004105261423521572.
Policy training episode: 11, grounded actions taken: 603, last two uncertainties: {0: [0.9653497626384099, 0.8215632642308871], 1: [1.1148867204785347, 1.0966261449787351], 2: [0.7306939429706998, 0.71893303675784]}, avg agent uncertainties: [0.8934565134346485, 1.1057564327286349, 0.72481348986427], grounded actions by agent: [240, 164, 199]
Policy training episode: 11, iteration 0/1, policy training avg travel time:64.21035714285715, q_loss:354.0740051269531, rewards:-23.278472222222224, queue:4.014814814814815, delay:0.17125207406503182, throughput:2784
Sim Rollout episode:12/100, sim avg travel time:54.089285714285715, rewards:-7.680555555555555, queue:1.4361111111111111, delay:0.1576584427445023, throughput:2781
Real rollout step:12/100, travel time:835.9965421853389, rewards:-318.1054253472222, queue:45.85740740740741, delay:0.8342611242223669, throughput:939
forward model: training agent 0.
Epoch 0: forward train average loss 0.0009739023581561116.
epoch 0: forward test average loss 0.003043577695886294.
Epoch 99: forward train average loss 0.0007217218226287514.
epoch 99: forward test average loss 0.003743824859460195.
inverse model, training agent 0.
epoch 0: inverse train average loss 0.006983339476088683.
epoch 0: inverse test average loss 0.008184923066033257.
epoch 99: inverse train average loss 0.005439690883374876.
epoch 99: inverse test average loss 0.004691403876576159.
forward model: training agent 1.
Epoch 0: forward train average loss 0.0013601260078657004.
epoch 0: forward test average loss 0.004858810144166152.
Epoch 99: forward train average loss 0.00042327469499367807.
epoch 99: forward test average loss 0.0020087726621164214.
inverse model, training agent 1.
epoch 0: inverse train average loss 0.011576293036341667.
epoch 0: inverse test average loss 0.017809886899259355.
epoch 99: inverse train average loss 0.010525562696986727.
epoch 99: inverse test average loss 0.020800876948568556.
forward model: training agent 2.
Epoch 0: forward train average loss 0.0058314066587222945.
epoch 0: forward test average loss 0.010180897182888456.
Epoch 99: forward train average loss 0.003242401716609796.
epoch 99: forward test average loss 0.0069228412790430915.
inverse model, training agent 2.
epoch 0: inverse train average loss 0.003836863881183995.
epoch 0: inverse test average loss 0.007882874665988816.
epoch 99: inverse train average loss 0.002828661003150046.
epoch 99: inverse test average loss 0.0051493340482314425.
Policy training episode: 12, grounded actions taken: 461, last two uncertainties: {0: [0.8215632642308871, 1.258224076198207], 1: [1.0966261449787351, 1.0568810699714555], 2: [0.71893303675784, 0.7061850801110268]}, avg agent uncertainties: [1.0398936702145472, 1.0767536074750952, 0.7125590584344335], grounded actions by agent: [65, 204, 192]
Policy training episode: 12, iteration 0/1, policy training avg travel time:53.619285714285716, q_loss:333.96746826171875, rewards:-7.475417751736111, queue:1.3981481481481481, delay:0.15907191523799188, throughput:2786
Sim Rollout episode:13/100, sim avg travel time:64.2075, rewards:-22.425972493489585, queue:3.9046296296296297, delay:0.17179096363208912, throughput:2785
Real rollout step:13/100, travel time:822.0419440745673, rewards:-315.84986979166666, queue:45.67314814814815, delay:0.8396717212818287, throughput:985
forward model: training agent 0.
Epoch 0: forward train average loss 0.0009295981920634707.
epoch 0: forward test average loss 0.002537597177757157.
Epoch 99: forward train average loss 0.0007230380368936393.
epoch 99: forward test average loss 0.0018625503095487754.
inverse model, training agent 0.
epoch 0: inverse train average loss 0.005449414356715149.
epoch 0: inverse test average loss 0.0057912032223410076.
epoch 99: inverse train average loss 0.004590151003665394.
epoch 99: inverse test average loss 0.00589463756316238.
forward model: training agent 1.
Epoch 0: forward train average loss 0.002594284868488709.
epoch 0: forward test average loss 0.0035099399586518607.
Epoch 99: forward train average loss 0.0008522504293877217.
epoch 99: forward test average loss 0.0014468382578343153.
inverse model, training agent 1.
epoch 0: inverse train average loss 0.01098860614001751.
epoch 0: inverse test average loss 0.019394493765301175.
epoch 99: inverse train average loss 0.009928282557262314.
epoch 99: inverse test average loss 0.01718348678615358.
forward model: training agent 2.
Epoch 0: forward train average loss 0.008244176291757159.
epoch 0: forward test average loss 0.014402099781566195.
Epoch 99: forward train average loss 0.003959195429666175.
epoch 99: forward test average loss 0.008591162661711374.
inverse model, training agent 2.
epoch 0: inverse train average loss 0.0034863909240812063.
epoch 0: inverse test average loss 0.0038270450507601104.
epoch 99: inverse train average loss 0.0030832536415093476.
epoch 99: inverse test average loss 0.009323567152023315.
Policy training episode: 13, grounded actions taken: 610, last two uncertainties: {0: [1.258224076198207, 0.9291347275177638], 1: [1.0568810699714555, 1.0299228266709382], 2: [0.7061850801110268, 0.7068187306324641]}, avg agent uncertainties: [1.0936794018579854, 1.043401948321197, 0.7065019053717454], grounded actions by agent: [238, 187, 185]
Policy training episode: 13, iteration 0/1, policy training avg travel time:61.00856531049251, q_loss:261.6210632324219, rewards:-20.749168565538195, queue:3.587962962962963, delay:0.1745372489646629, throughput:2783
Sim Rollout episode:14/100, sim avg travel time:63.206785714285715, rewards:-20.695003255208334, queue:3.5787037037037037, delay:0.16569175720214843, throughput:2789
Real rollout step:14/100, travel time:832.8530006743089, rewards:-309.1375, queue:44.37129629629629, delay:0.8215205439814814, throughput:969
forward model: training agent 0.
Epoch 0: forward train average loss 0.0006989984281568064.
epoch 0: forward test average loss 0.0018681126853658094.
Epoch 99: forward train average loss 0.0006750059288202061.
epoch 99: forward test average loss 0.0013550952296807533.
inverse model, training agent 0.
epoch 0: inverse train average loss 0.0064903681890832055.
epoch 0: inverse test average loss 0.015283007588651445.
epoch 99: inverse train average loss 0.005854923795494769.
epoch 99: inverse test average loss 0.010740331891510222.
forward model: training agent 1.
Epoch 0: forward train average loss 0.0016008814563974738.
epoch 0: forward test average loss 0.004245534125301573.
Epoch 99: forward train average loss 0.0010062986726148261.
epoch 99: forward test average loss 0.004026015599568685.
inverse model, training agent 1.
epoch 0: inverse train average loss 0.01076578266090817.
epoch 0: inverse test average loss 0.01728038489818573.
epoch 99: inverse train average loss 0.009404549996058146.
epoch 99: inverse test average loss 0.018313541180557676.
forward model: training agent 2.
Epoch 0: forward train average loss 0.005057871962587039.
epoch 0: forward test average loss 0.009298564245303472.
Epoch 99: forward train average loss 0.0035356549649602836.
epoch 99: forward test average loss 0.008145081707172923.
inverse model, training agent 2.
epoch 0: inverse train average loss 0.004033098876890209.
epoch 0: inverse test average loss 0.005218051270478302.
epoch 99: inverse train average loss 0.003469812787241406.
epoch 99: inverse test average loss 0.0050147089382840526.
Policy training episode: 14, grounded actions taken: 550, last two uncertainties: {0: [0.9291347275177638, 1.1889658913016319], 1: [1.0299228266709382, 0.9840303579138385], 2: [0.7068187306324641, 0.6993318786223729]}, avg agent uncertainties: [1.059050309409698, 1.0069765922923883, 0.7030753046274185], grounded actions by agent: [150, 218, 182]
Policy training episode: 14, iteration 0/1, policy training avg travel time:53.745805069617994, q_loss:208.6570281982422, rewards:-8.053889973958333, queue:1.4972222222222222, delay:0.15876244439019097, throughput:2783
Sim Rollout episode:15/100, sim avg travel time:64.50910389146733, rewards:-23.961946614583333, queue:4.166666666666667, delay:0.1718335469563802, throughput:2782
Real rollout step:15/100, travel time:1007.1696359411309, rewards:-328.5405381944444, queue:48.512962962962966, delay:0.874979089807581, throughput:762
forward model: training agent 0.
Epoch 0: forward train average loss 0.0006845820721031891.
epoch 0: forward test average loss 0.0023212002383338082.
Epoch 99: forward train average loss 0.0006426933881205817.
epoch 99: forward test average loss 0.0010829953454150301.
inverse model, training agent 0.
epoch 0: inverse train average loss 0.006139055929250187.
epoch 0: inverse test average loss 0.008462832619746527.
epoch 99: inverse train average loss 0.004086954519152641.
epoch 99: inverse test average loss 0.0047912874983416665.
forward model: training agent 1.
Epoch 0: forward train average loss 0.001624318693454067.
epoch 0: forward test average loss 0.004312766922844781.
Epoch 99: forward train average loss 0.0008598680012962884.
epoch 99: forward test average loss 0.0020673490750292936.
inverse model, training agent 1.
epoch 0: inverse train average loss 0.008187901435626877.
epoch 0: inverse test average loss 0.012612367669741312.
epoch 99: inverse train average loss 0.007600509354637729.
epoch 99: inverse test average loss 0.012069741057025062.
forward model: training agent 2.
Epoch 0: forward train average loss 0.0066337936247388525.
epoch 0: forward test average loss 0.006808592834406429.
Epoch 99: forward train average loss 0.002507572527974844.
epoch 99: forward test average loss 0.006103023886680603.
inverse model, training agent 2.
epoch 0: inverse train average loss 0.003361132513317797.
epoch 0: inverse test average loss 0.011571214016940858.
epoch 99: inverse train average loss 0.0033360540659891236.
epoch 99: inverse test average loss 0.015487609638108147.
Policy training episode: 15, grounded actions taken: 639, last two uncertainties: {0: [1.1889658913016319, 0.9152206335630682], 1: [0.9840303579138385, 0.9657127397755781], 2: [0.6993318786223729, 0.6926564633846283]}, avg agent uncertainties: [1.05209326243235, 0.9748715488447084, 0.6959941710035006], grounded actions by agent: [259, 176, 204]
Policy training episode: 15, iteration 0/1, policy training avg travel time:64.48607142857144, q_loss:176.503173828125, rewards:-21.395140245225694, queue:3.710185185185185, delay:0.1775068071153429, throughput:2783
Sim Rollout episode:16/100, sim avg travel time:65.30132095680115, rewards:-18.424308268229165, queue:3.234259259259259, delay:0.17184990776909723, throughput:2783
Real rollout step:16/100, travel time:972.7460076045627, rewards:-321.8869357638889, queue:46.99629629629629, delay:0.828764964916088, throughput:788
forward model: training agent 0.
Epoch 0: forward train average loss 0.0006120597794910686.
epoch 0: forward test average loss 0.00118860206566751.
Epoch 99: forward train average loss 0.0005902435966870851.
epoch 99: forward test average loss 0.0030642294117973912.
inverse model, training agent 0.
epoch 0: inverse train average loss 0.005385461470319165.
epoch 0: inverse test average loss 0.01063740129272143.
epoch 99: inverse train average loss 0.0048728506080806255.
epoch 99: inverse test average loss 0.004607086587283347.
forward model: training agent 1.
Epoch 0: forward train average loss 0.0011262315221958691.
epoch 0: forward test average loss 0.0020438306706233155.
Epoch 99: forward train average loss 0.0007290904436053501.
epoch 99: forward test average loss 0.0015680581693434054.
inverse model, training agent 1.
epoch 0: inverse train average loss 0.00773257782889737.
epoch 0: inverse test average loss 0.014873409850729836.
epoch 99: inverse train average loss 0.007344944506055779.
epoch 99: inverse test average loss 0.012315137518776787.
forward model: training agent 2.
Epoch 0: forward train average loss 0.00433123442861769.
epoch 0: forward test average loss 0.0064946361300018095.
Epoch 99: forward train average loss 0.0025504913388027083.
epoch 99: forward test average loss 0.007710982941918903.
inverse model, training agent 2.
epoch 0: inverse train average loss 0.003794858283880684.
epoch 0: inverse test average loss 0.0067088523258765536.
epoch 99: inverse train average loss 0.0034263747123380504.
epoch 99: inverse test average loss 0.004960448274181949.
Policy training episode: 16, grounded actions taken: 570, last two uncertainties: {0: [0.9152206335630682, 1.0092288948595525], 1: [0.9657127397755781, 0.9507240298721525], 2: [0.6926564633846283, 0.6852863791088263]}, avg agent uncertainties: [0.9622247642113103, 0.9582183848238653, 0.6889714212467273], grounded actions by agent: [203, 170, 197]
Policy training episode: 16, iteration 0/1, policy training avg travel time:63.676785714285714, q_loss:135.61322021484375, rewards:-21.30611300998264, queue:3.734259259259259, delay:0.17252191614221643, throughput:2784
Sim Rollout episode:17/100, sim avg travel time:65.25, rewards:-19.991388617621528, queue:3.515740740740741, delay:0.17130087393301505, throughput:2785
Real rollout step:17/100, travel time:1115.076923076923, rewards:-348.5444444444444, queue:52.907407407407405, delay:0.8828362358940972, throughput:673
forward model: training agent 0.
Epoch 0: forward train average loss 0.0008275527830442621.
epoch 0: forward test average loss 0.0023770655194918313.
Epoch 99: forward train average loss 0.0006353225908242166.
epoch 99: forward test average loss 0.003414726402196619.
inverse model, training agent 0.
epoch 0: inverse train average loss 0.007705338092313873.
epoch 0: inverse test average loss 0.004971325940762957.
epoch 99: inverse train average loss 0.0053322808817029.
epoch 99: inverse test average loss 0.00552180606044001.
forward model: training agent 1.
Epoch 0: forward train average loss 0.0011548928192092313.
epoch 0: forward test average loss 0.0020895968708727094.
Epoch 99: forward train average loss 0.0006453729131155544.
epoch 99: forward test average loss 0.0013213250786066055.
inverse model, training agent 1.
epoch 0: inverse train average loss 0.011058180592954159.
epoch 0: inverse test average loss 0.013343798203600777.
epoch 99: inverse train average loss 0.010661942159963978.
epoch 99: inverse test average loss 0.011921926918956969.
forward model: training agent 2.
Epoch 0: forward train average loss 0.057779317928685084.
epoch 0: forward test average loss 0.05080430540773603.
Epoch 99: forward train average loss 0.0018455928398503198.
epoch 99: forward test average loss 0.005962245787183444.
inverse model, training agent 2.
epoch 0: inverse train average loss 0.007118342289080222.
epoch 0: inverse test average loss 0.009186526346537802.
epoch 99: inverse train average loss 0.005358734892474281.
epoch 99: inverse test average loss 0.005370743365751373.
Policy training episode: 17, grounded actions taken: 262, last two uncertainties: {0: [1.0092288948595525, 1.2216676374276478], 1: [0.9507240298721525, 1.0351551269491515], 2: [0.6852863791088263, 0.8036807799504863]}, avg agent uncertainties: [1.1154482661436003, 0.9929395784106521, 0.7444835795296563], grounded actions by agent: [89, 65, 108]
Policy training episode: 17, iteration 0/1, policy training avg travel time:66.6375, q_loss:100.21025848388672, rewards:-18.385694715711807, queue:3.2111111111111112, delay:0.17682099518952546, throughput:2785
Sim Rollout episode:18/100, sim avg travel time:906.1921428571428, rewards:-130.48055555555555, queue:27.680555555555557, delay:0.35176292702003764, throughput:1428
Real rollout step:18/100, travel time:1847.022397891963, rewards:-365.4452690972222, queue:57.03611111111111, delay:0.9293710214120371, throughput:246
forward model: training agent 0.
Epoch 0: forward train average loss 0.00089063610519386.
epoch 0: forward test average loss 0.001744297022620837.
Epoch 99: forward train average loss 0.0005838576406757864.
epoch 99: forward test average loss 0.001680255401879549.
inverse model, training agent 0.
epoch 0: inverse train average loss 0.00782850757241249.
epoch 0: inverse test average loss 0.010886532151036792.
epoch 99: inverse train average loss 0.005608796918143828.
epoch 99: inverse test average loss 0.013353863937987221.
forward model: training agent 1.
Epoch 0: forward train average loss 0.003906270023435354.
epoch 0: forward test average loss 0.008150037171112167.
Epoch 99: forward train average loss 0.0011023721631823315.
epoch 99: forward test average loss 0.002194817695352766.
inverse model, training agent 1.
epoch 0: inverse train average loss 0.021737420931458473.
epoch 0: inverse test average loss 0.04074708289570279.
epoch 99: inverse train average loss 0.015784649385346308.
epoch 99: inverse test average loss 0.027925741341378953.
forward model: training agent 2.
Epoch 0: forward train average loss 0.005599621631619003.
epoch 0: forward test average loss 0.002008609887626436.
Epoch 99: forward train average loss 0.00039991775863907405.
epoch 99: forward test average loss 0.0009538494050502777.
inverse model, training agent 2.
epoch 0: inverse train average loss 2.1063776546054416.
epoch 0: inverse test average loss 2.8353214263916016.
epoch 99: inverse train average loss 0.70298257138994.
epoch 99: inverse test average loss 1.0380256440904405.
Policy training episode: 18, grounded actions taken: 208, last two uncertainties: {0: [1.2216676374276478, 1.1346688937809732], 1: [1.0351551269491515, 1.1428121323386828], 2: [0.8036807799504863, 1.1401862455738916]}, avg agent uncertainties: [1.1781682656043104, 1.0889836296439173, 0.9719335127621889], grounded actions by agent: [155, 46, 7]
Policy training episode: 18, iteration 0/1, policy training avg travel time:78.38428571428571, q_loss:78.09048461914062, rewards:-21.421388075086806, queue:3.8518518518518516, delay:0.20762849030671296, throughput:2785
Sim Rollout episode:19/100, sim avg travel time:59.833214285714284, rewards:-18.30777587890625, queue:3.187962962962963, delay:0.16925368132414642, throughput:2785
Real rollout step:19/100, travel time:1115.617128463476, rewards:-339.65026041666664, queue:51.099074074074075, delay:0.8777171947337963, throughput:664
forward model: training agent 0.
Epoch 0: forward train average loss 0.0005592490940923906.
epoch 0: forward test average loss 0.002105344293846024.
Epoch 99: forward train average loss 0.0004856870509684086.
epoch 99: forward test average loss 0.0011290041988508569.
inverse model, training agent 0.
epoch 0: inverse train average loss 0.006834786488778061.
epoch 0: inverse test average loss 0.01103826736410459.
epoch 99: inverse train average loss 0.006151576422982746.
epoch 99: inverse test average loss 0.013201339377297295.
forward model: training agent 1.
Epoch 0: forward train average loss 0.0014534853398799896.
epoch 0: forward test average loss 0.0029551970462004342.
Epoch 99: forward train average loss 0.0008178382348786625.
epoch 99: forward test average loss 0.0016124278513921632.
inverse model, training agent 1.
epoch 0: inverse train average loss 0.01801008151637183.
epoch 0: inverse test average loss 0.025141671299934387.
epoch 99: inverse train average loss 0.01315907451013724.
epoch 99: inverse test average loss 0.018570594489574432.
forward model: training agent 2.
Epoch 0: forward train average loss 0.009149240019420782.
epoch 0: forward test average loss 0.01271439716219902.
Epoch 99: forward train average loss 0.0018277943599969149.
epoch 99: forward test average loss 0.0035579905120862853.
inverse model, training agent 2.
epoch 0: inverse train average loss 0.004989631111837096.
epoch 0: inverse test average loss 0.006880934867593978.
epoch 99: inverse train average loss 0.004401917931520277.
epoch 99: inverse test average loss 0.005288310348987579.
Policy training episode: 19, grounded actions taken: 318, last two uncertainties: {0: [1.1346688937809732, 1.1057558324601915], 1: [1.1428121323386828, 1.3042633298370574], 2: [1.1401862455738916, 1.1573692065146235]}, avg agent uncertainties: [1.1202123631205825, 1.2235377310878701, 1.1487777260442575], grounded actions by agent: [225, 24, 69]
Policy training episode: 19, iteration 0/1, policy training avg travel time:63.64071428571429, q_loss:66.45377349853516, rewards:-24.48541937934028, queue:4.0018518518518515, delay:0.19008123609754773, throughput:2783
Sim Rollout episode:20/100, sim avg travel time:63.19642857142857, rewards:-17.1763916015625, queue:3.022222222222222, delay:0.16749487982855904, throughput:2785
Real rollout step:20/100, travel time:863.013352073085, rewards:-317.25792100694446, queue:46.144444444444446, delay:0.8327879163953993, throughput:900
forward model: training agent 0.
Epoch 0: forward train average loss 0.0005572982805056705.
epoch 0: forward test average loss 0.002169838175177574.
Epoch 99: forward train average loss 0.0005051960599505239.
epoch 99: forward test average loss 0.002024711420138677.
inverse model, training agent 0.
epoch 0: inverse train average loss 0.006330862951775392.
epoch 0: inverse test average loss 0.00913169359167417.
epoch 99: inverse train average loss 0.0054482317840059595.
epoch 99: inverse test average loss 0.007776000640458531.
forward model: training agent 1.
Epoch 0: forward train average loss 0.001534230774268508.
epoch 0: forward test average loss 0.003804428916838434.
Epoch 99: forward train average loss 0.0007359753944911063.
epoch 99: forward test average loss 0.0018971777624554103.
inverse model, training agent 1.
epoch 0: inverse train average loss 0.010288071301248338.
epoch 0: inverse test average loss 0.01905374891228146.
epoch 99: inverse train average loss 0.009739153294099702.
epoch 99: inverse test average loss 0.017167910519573424.
forward model: training agent 2.
Epoch 0: forward train average loss 0.004836329465938939.
epoch 0: forward test average loss 0.00742081676920255.
Epoch 99: forward train average loss 0.0029468385813136897.
epoch 99: forward test average loss 0.005957496662934621.
inverse model, training agent 2.
epoch 0: inverse train average loss 0.0030649126403861577.
epoch 0: inverse test average loss 0.004828045765558879.
epoch 99: inverse train average loss 0.002362043545063999.
epoch 99: inverse test average loss 0.00496276178293758.
Policy training episode: 20, grounded actions taken: 442, last two uncertainties: {0: [1.1057558324601915, 1.150756924185488], 1: [1.3042633298370574, 1.256616946723726], 2: [1.1573692065146235, 1.1181371804740694]}, avg agent uncertainties: [1.1282563783228396, 1.2804401382803916, 1.1377531934943463], grounded actions by agent: [149, 93, 200]
Policy training episode: 20, iteration 0/1, policy training avg travel time:64.16357142857143, q_loss:46.74518966674805, rewards:-18.23111300998264, queue:3.0657407407407407, delay:0.17490683661566842, throughput:2782
Sim Rollout episode:21/100, sim avg travel time:66.65678571428572, rewards:-16.328333875868054, queue:2.838888888888889, delay:0.1555267616554543, throughput:2791
Real rollout step:21/100, travel time:784.8965062623599, rewards:-294.71692708333336, queue:42.51481481481481, delay:0.7749169808846933, throughput:1037
forward model: training agent 0.
Epoch 0: forward train average loss 0.008374067954719067.
epoch 0: forward test average loss 0.01649234112766054.
Epoch 99: forward train average loss 0.0012315782563139994.
epoch 99: forward test average loss 0.010521955167253813.
inverse model, training agent 0.
epoch 0: inverse train average loss 0.034374508592817515.
epoch 0: inverse test average loss 0.05095529887411329.
epoch 99: inverse train average loss 0.009325890491406122.
epoch 99: inverse test average loss 0.010675996128055785.
forward model: training agent 1.
Epoch 0: forward train average loss 0.001449674160944091.
epoch 0: forward test average loss 0.00404214124298758.
Epoch 99: forward train average loss 0.0009623665440206727.
epoch 99: forward test average loss 0.0022150399680766794.
inverse model, training agent 1.
epoch 0: inverse train average loss 0.011994217418962054.
epoch 0: inverse test average loss 0.02441988057560391.
epoch 99: inverse train average loss 0.010319415169457594.
epoch 99: inverse test average loss 0.014358895520369211.
forward model: training agent 2.
Epoch 0: forward train average loss 0.007942645603583919.
epoch 0: forward test average loss 0.012922528717252944.
Epoch 99: forward train average loss 0.0039050953152279058.
epoch 99: forward test average loss 0.009222816675901413.
inverse model, training agent 2.
epoch 0: inverse train average loss 0.0032347728653500476.
epoch 0: inverse test average loss 0.003622520094116529.
epoch 99: inverse train average loss 0.0025861013370255628.
epoch 99: inverse test average loss 0.005531984484857983.
Policy training episode: 21, grounded actions taken: 507, last two uncertainties: {0: [1.150756924185488, 1.1404398142463632], 1: [1.256616946723726, 1.3212485909461975], 2: [1.1181371804740694, 1.0046687594718404]}, avg agent uncertainties: [1.1455983692159255, 1.2889327688349619, 1.061402969972955], grounded actions by agent: [154, 86, 267]
Policy training episode: 21, iteration 0/1, policy training avg travel time:63.07497322384862, q_loss:36.06898880004883, rewards:-18.86846923828125, queue:3.050925925925926, delay:0.1804547627766927, throughput:2777
Sim Rollout episode:22/100, sim avg travel time:52.26526240628347, rewards:-6.217360432942709, queue:1.174074074074074, delay:0.14270293624312788, throughput:2784
Real rollout step:22/100, travel time:1035.2506102522375, rewards:-334.42278645833335, queue:49.294444444444444, delay:0.8446007057472512, throughput:740
forward model: training agent 0.
Epoch 0: forward train average loss 0.0032196183068056903.
epoch 0: forward test average loss 0.004683869580427806.
Epoch 99: forward train average loss 0.0005383107668927147.
epoch 99: forward test average loss 0.0040240368495384855.
inverse model, training agent 0.
epoch 0: inverse train average loss 0.008021251505447758.
epoch 0: inverse test average loss 0.010394088923931122.
epoch 99: inverse train average loss 0.006757514551281929.
epoch 99: inverse test average loss 0.006655889666742749.
forward model: training agent 1.
Epoch 0: forward train average loss 0.0014093063461283843.
epoch 0: forward test average loss 0.0052730247585309874.
Epoch 99: forward train average loss 0.0003886720741219405.
epoch 99: forward test average loss 0.0010338833930695222.
inverse model, training agent 1.
epoch 0: inverse train average loss 0.03227987719906701.
epoch 0: inverse test average loss 0.051541907919777766.
epoch 99: inverse train average loss 0.018746122510896787.
epoch 99: inverse test average loss 0.03247254424624973.
forward model: training agent 2.
Epoch 0: forward train average loss 0.004718562743316094.
epoch 0: forward test average loss 0.009604398161172867.
Epoch 99: forward train average loss 0.002269964354733626.
epoch 99: forward test average loss 0.007061794814136293.
inverse model, training agent 2.
epoch 0: inverse train average loss 0.0036309585492644045.
epoch 0: inverse test average loss 0.0032050348818302155.
epoch 99: inverse train average loss 0.001745847765252822.
epoch 99: inverse test average loss 0.0032789274118840694.
Policy training episode: 22, grounded actions taken: 514, last two uncertainties: {0: [1.1404398142463632, 1.0927061438560486], 1: [1.3212485909461975, 1.4211151349875661], 2: [1.0046687594718404, 0.9393780655331082]}, avg agent uncertainties: [1.116572979051206, 1.371181862966882, 0.9720234125024743], grounded actions by agent: [197, 71, 246]
Policy training episode: 22, iteration 0/1, policy training avg travel time:65.20449678800857, q_loss:34.742340087890625, rewards:-21.113890245225694, queue:3.524074074074074, delay:0.1775681389702691, throughput:2780
Sim Rollout episode:23/100, sim avg travel time:63.79471617279543, rewards:-19.18861355251736, queue:3.316666666666667, delay:0.17348443490487558, throughput:2784
Real rollout step:23/100, travel time:897.5652797704448, rewards:-318.601953125, queue:46.379629629629626, delay:0.7999228018301504, throughput:881
forward model: training agent 0.
Epoch 0: forward train average loss 0.0006882531904718942.
epoch 0: forward test average loss 0.004208813162727488.
Epoch 99: forward train average loss 0.0004912128012316922.
epoch 99: forward test average loss 0.0014888521335605118.
inverse model, training agent 0.
epoch 0: inverse train average loss 0.012013913442691168.
epoch 0: inverse test average loss 0.012624091158310572.
epoch 99: inverse train average loss 0.007417038186556763.
epoch 99: inverse test average loss 0.008575067338016298.
forward model: training agent 1.
Epoch 0: forward train average loss 0.0018052282329234812.
epoch 0: forward test average loss 0.0022559500195913846.
Epoch 99: forward train average loss 0.0008837286796834734.
epoch 99: forward test average loss 0.002814523461792204.
inverse model, training agent 1.
epoch 0: inverse train average loss 0.015380261465907097.
epoch 0: inverse test average loss 0.02438392572932773.
epoch 99: inverse train average loss 0.009704344698952304.
epoch 99: inverse test average loss 0.017226509749889374.
forward model: training agent 2.
Epoch 0: forward train average loss 0.004710575048294332.
epoch 0: forward test average loss 0.007006979237000148.
Epoch 99: forward train average loss 0.003167277822891871.
epoch 99: forward test average loss 0.005349707168837388.
inverse model, training agent 2.
epoch 0: inverse train average loss 0.0022885387815121147.
epoch 0: inverse test average loss 0.005042342365615898.
epoch 99: inverse train average loss 0.001432152439115776.
epoch 99: inverse test average loss 0.0017196335829794407.
Policy training episode: 23, grounded actions taken: 585, last two uncertainties: {0: [1.0927061438560486, 1.1263532275954882], 1: [1.4211151349875661, 1.3413560633858046], 2: [0.9393780655331082, 0.8895564486583074]}, avg agent uncertainties: [1.1095296857257684, 1.3812355991866854, 0.9144672570957078], grounded actions by agent: [174, 176, 235]
Policy training episode: 23, iteration 0/1, policy training avg travel time:62.5975, q_loss:34.91783142089844, rewards:-18.360557725694445, queue:3.0555555555555554, delay:0.17803897151240597, throughput:2784
Sim Rollout episode:24/100, sim avg travel time:64.49910746162085, rewards:-18.47069634331597, queue:3.2194444444444446, delay:0.17113815590187356, throughput:2784
Real rollout step:24/100, travel time:957.9850187265918, rewards:-336.34498697916666, queue:49.648148148148145, delay:0.8670525444878472, throughput:818
forward model: training agent 0.
Epoch 0: forward train average loss 0.0005575655668508261.
epoch 0: forward test average loss 0.001765790084997813.
Epoch 99: forward train average loss 0.00046534271677955985.
epoch 99: forward test average loss 0.002234379140039285.
inverse model, training agent 0.
epoch 0: inverse train average loss 0.008401933126151562.
epoch 0: inverse test average loss 0.015285149216651917.
epoch 99: inverse train average loss 0.006663257877031962.
epoch 99: inverse test average loss 0.011819945441351997.
forward model: training agent 1.
Epoch 0: forward train average loss 0.0013485323999904925.
epoch 0: forward test average loss 0.0029396257466740077.
Epoch 99: forward train average loss 0.00038410249140320555.
epoch 99: forward test average loss 0.0014312178310420779.
inverse model, training agent 1.
epoch 0: inverse train average loss 0.009933353194759952.
epoch 0: inverse test average loss 0.028886310756206512.
epoch 99: inverse train average loss 0.007715374852220218.
epoch 99: inverse test average loss 0.013813967920011945.
forward model: training agent 2.
Epoch 0: forward train average loss 0.0051904610979060335.
epoch 0: forward test average loss 0.009179707202646468.
Epoch 99: forward train average loss 0.0021967741971214614.
epoch 99: forward test average loss 0.006242535387476285.
inverse model, training agent 2.
epoch 0: inverse train average loss 0.0019416660846521456.
epoch 0: inverse test average loss 0.0014765664754021498.
epoch 99: inverse train average loss 0.0014493306969395941.
epoch 99: inverse test average loss 0.001285324067187806.
Policy training episode: 24, grounded actions taken: 597, last two uncertainties: {0: [1.1263532275954882, 1.1009217127329773], 1: [1.3413560633858046, 1.3313498536745707], 2: [0.8895564486583074, 0.8636567048728466]}, avg agent uncertainties: [1.1136374701642326, 1.3363529585301877, 0.8766065767655771], grounded actions by agent: [174, 204, 219]
Policy training episode: 24, iteration 0/1, policy training avg travel time:64.04214285714286, q_loss:34.33997344970703, rewards:-19.9004150390625, queue:3.147222222222222, delay:0.18562028672960068, throughput:2776
Sim Rollout episode:25/100, sim avg travel time:59.824054246966455, rewards:-13.102638075086805, queue:2.300925925925926, delay:0.1586407979329427, throughput:2785
Real rollout step:25/100, travel time:907.7790782735918, rewards:-316.97530381944443, queue:46.263888888888886, delay:0.7955953527379919, throughput:848
forward model: training agent 0.
Epoch 0: forward train average loss 0.0005596243556485408.
epoch 0: forward test average loss 0.0022744883058799636.
Epoch 99: forward train average loss 0.0004633059789840546.
epoch 99: forward test average loss 0.0035761302957932153.
inverse model, training agent 0.
epoch 0: inverse train average loss 0.008790988268123733.
epoch 0: inverse test average loss 0.01834246102306578.
epoch 99: inverse train average loss 0.007143707842462593.
epoch 99: inverse test average loss 0.015931106275982328.
forward model: training agent 1.
Epoch 0: forward train average loss 0.001595211448147893.
epoch 0: forward test average loss 0.0018941876413818034.
Epoch 99: forward train average loss 0.0009023134609580868.
epoch 99: forward test average loss 0.002178109457923306.
inverse model, training agent 1.
epoch 0: inverse train average loss 0.010992870562606387.
epoch 0: inverse test average loss 0.023653075098991394.
epoch 99: inverse train average loss 0.006520473605228795.
epoch 99: inverse test average loss 0.01303805121117168.
forward model: training agent 2.
Epoch 0: forward train average loss 0.004413585902916061.
epoch 0: forward test average loss 0.00759094725880358.
Epoch 99: forward train average loss 0.0025267349556088448.
epoch 99: forward test average loss 0.005225896214445432.
inverse model, training agent 2.
epoch 0: inverse train average loss 0.0041026656205455465.
epoch 0: inverse test average loss 0.001479285251763132.
epoch 99: inverse train average loss 0.0021899815700534317.
epoch 99: inverse test average loss 0.00245960998452372.
Policy training episode: 25, grounded actions taken: 765, last two uncertainties: {0: [1.1009217127329773, 1.0207427134944334], 1: [1.3313498536745707, 1.2299467843439844], 2: [0.8636567048728466, 0.8541817146042983]}, avg agent uncertainties: [1.0608322131137053, 1.2806483190092774, 0.8589192097385725], grounded actions by agent: [212, 342, 211]
Policy training episode: 25, iteration 0/1, policy training avg travel time:61.510174937522315, q_loss:38.7662239074707, rewards:-23.092084418402777, queue:3.762037037037037, delay:0.17874716299551505, throughput:2777
Sim Rollout episode:26/100, sim avg travel time:64.36129953588004, rewards:-18.55277642144097, queue:3.234259259259259, delay:0.16947970920138888, throughput:2783
Real rollout step:26/100, travel time:970.1962761830877, rewards:-324.56987847222223, queue:47.230555555555554, delay:0.7882654260706019, throughput:800
forward model: training agent 0.
Epoch 0: forward train average loss 0.0006019349093548954.
epoch 0: forward test average loss 0.001808249702056249.
Epoch 99: forward train average loss 0.00048195749857566424.
epoch 99: forward test average loss 0.0031947678782873684.
inverse model, training agent 0.
epoch 0: inverse train average loss 0.008316859085526731.
epoch 0: inverse test average loss 0.009314236127667956.
epoch 99: inverse train average loss 0.007033185826407539.
epoch 99: inverse test average loss 0.013319612791140875.
forward model: training agent 1.
Epoch 0: forward train average loss 0.0012130689186354477.
epoch 0: forward test average loss 0.00290855144460996.
Epoch 99: forward train average loss 0.0007547373016778794.
epoch 99: forward test average loss 0.0023996528858939805.
inverse model, training agent 1.
epoch 0: inverse train average loss 0.02654750065671073.
epoch 0: inverse test average loss 0.031423843569225736.
epoch 99: inverse train average loss 0.016140418748060863.
epoch 99: inverse test average loss 0.03339187386963102.
forward model: training agent 2.
Epoch 0: forward train average loss 0.0034326446863512197.
epoch 0: forward test average loss 0.005038452024261157.
Epoch 99: forward train average loss 0.002412273134622309.
epoch 99: forward test average loss 0.007386608256234063.
inverse model, training agent 2.
epoch 0: inverse train average loss 0.004257032078587347.
epoch 0: inverse test average loss 0.0016374580769075288.
epoch 99: inverse train average loss 0.0020412027628885377.
epoch 99: inverse test average loss 0.0009399398566327161.
Policy training episode: 26, grounded actions taken: 406, last two uncertainties: {0: [1.0207427134944334, 1.041755031545957], 1: [1.2299467843439844, 1.5424367446038458], 2: [0.8541817146042983, 0.8351030208170414]}, avg agent uncertainties: [1.0312488725201951, 1.386191764473915, 0.8446423677106698], grounded actions by agent: [174, 20, 212]
Policy training episode: 26, iteration 0/1, policy training avg travel time:64.40378436272759, q_loss:37.66974639892578, rewards:-20.318748643663195, queue:3.3583333333333334, delay:0.17478014628092448, throughput:2779
Sim Rollout episode:27/100, sim avg travel time:56.95321428571429, rewards:-6.711250135633681, queue:1.1935185185185184, delay:0.13793219107168692, throughput:2781
Real rollout step:27/100, travel time:917.7908689248895, rewards:-318.7641927083333, queue:46.45185185185185, delay:0.8203846119068287, throughput:840
forward model: training agent 0.
Epoch 0: forward train average loss 0.0005553406210512751.
epoch 0: forward test average loss 0.0022160601284768847.
Epoch 99: forward train average loss 0.0004229958932329383.
epoch 99: forward test average loss 0.001350840993432535.
inverse model, training agent 0.
epoch 0: inverse train average loss 0.007787410480280717.
epoch 0: inverse test average loss 0.009398425618807474.
epoch 99: inverse train average loss 0.006236925824648804.
epoch 99: inverse test average loss 0.006720700197749668.
forward model: training agent 1.
Epoch 0: forward train average loss 0.0010249277757894662.
epoch 0: forward test average loss 0.0021702011840211023.
Epoch 99: forward train average loss 0.0008353033853280875.
epoch 99: forward test average loss 0.002553321214185821.
inverse model, training agent 1.
epoch 0: inverse train average loss 0.008882867068880133.
epoch 0: inverse test average loss 0.012631116641892327.
epoch 99: inverse train average loss 0.006257561552855704.
epoch 99: inverse test average loss 0.009017981381879913.
forward model: training agent 2.
Epoch 0: forward train average loss 0.0045341188088059425.
epoch 0: forward test average loss 0.007238645106554031.
Epoch 99: forward train average loss 0.0027140694049497447.
epoch 99: forward test average loss 0.005806351494457986.
inverse model, training agent 2.
epoch 0: inverse train average loss 0.0019622109312978056.
epoch 0: inverse test average loss 0.0025741768897407586.
epoch 99: inverse train average loss 0.0014377851944623722.
epoch 99: inverse test average loss 0.0032200684977902305.
Policy training episode: 27, grounded actions taken: 454, last two uncertainties: {0: [1.041755031545957, 1.1862175358666314], 1: [1.5424367446038458, 1.4135262785686387], 2: [0.8351030208170414, 0.7909153057469263]}, avg agent uncertainties: [1.1139862837062942, 1.4779815115862422, 0.8130091632819838], grounded actions by agent: [129, 106, 219]
Policy training episode: 27, iteration 0/1, policy training avg travel time:56.93, q_loss:39.74421310424805, rewards:-7.042778862847222, queue:1.2898148148148147, delay:0.14430002283166957, throughput:2784
Sim Rollout episode:28/100, sim avg travel time:56.91285714285714, rewards:-6.25513916015625, queue:1.1777777777777778, delay:0.1506744384765625, throughput:2783
Real rollout step:28/100, travel time:1099.9910130718954, rewards:-334.78235677083336, queue:49.48888888888889, delay:0.8455130683051215, throughput:710
forward model: training agent 0.
Epoch 0: forward train average loss 0.0007013866367439429.
epoch 0: forward test average loss 0.003059882981081804.
Epoch 99: forward train average loss 0.0004862325472964181.
epoch 99: forward test average loss 0.0034746213091744315.
inverse model, training agent 0.
epoch 0: inverse train average loss 0.006353628821671009.
epoch 0: inverse test average loss 0.008985678768820234.
epoch 99: inverse train average loss 0.005213572540216976.
epoch 99: inverse test average loss 0.01225759916835361.
forward model: training agent 1.
Epoch 0: forward train average loss 0.0011737784629480706.
epoch 0: forward test average loss 0.0014458336194770203.
Epoch 99: forward train average loss 0.00040327591705136.
epoch 99: forward test average loss 0.0008951702362133397.
inverse model, training agent 1.
epoch 0: inverse train average loss 0.04656281405025058.
epoch 0: inverse test average loss 0.07216989994049072.
epoch 99: inverse train average loss 0.023206503440936405.
epoch 99: inverse test average loss 0.037923102577527366.
forward model: training agent 2.
Epoch 0: forward train average loss 0.0035159329676793683.
epoch 0: forward test average loss 0.007796536924110519.
Epoch 99: forward train average loss 0.0018559656002455288.
epoch 99: forward test average loss 0.0032774854658378493.
inverse model, training agent 2.
epoch 0: inverse train average loss 0.002813421758926577.
epoch 0: inverse test average loss 0.008146204882197909.
epoch 99: inverse train average loss 0.0018778926848123472.
epoch 99: inverse test average loss 0.006243128536476029.
Policy training episode: 28, grounded actions taken: 491, last two uncertainties: {0: [1.1862175358666314, 1.0143227270079984], 1: [1.4135262785686387, 1.5733616784214974], 2: [0.7909153057469263, 0.8206623645292388]}, avg agent uncertainties: [1.100270131437315, 1.4934439784950682, 0.8057888351380825], grounded actions by agent: [202, 111, 178]
Policy training episode: 28, iteration 0/1, policy training avg travel time:67.9775, q_loss:38.34136962890625, rewards:-18.447779676649304, queue:3.1925925925925926, delay:0.16722289191351997, throughput:2783
Sim Rollout episode:29/100, sim avg travel time:66.04714285714286, rewards:-18.617915852864584, queue:3.2314814814814814, delay:0.1666421819616247, throughput:2781
Real rollout step:29/100, travel time:861.1853658536585, rewards:-313.7527560763889, queue:45.50370370370371, delay:0.7928552133065683, throughput:936
forward model: training agent 0.
Epoch 0: forward train average loss 0.0008321791408687002.
epoch 0: forward test average loss 0.0019776374619040224.
Epoch 99: forward train average loss 0.0004756302740942273.
epoch 99: forward test average loss 0.004361643455922604.
inverse model, training agent 0.
epoch 0: inverse train average loss 0.010684346676700644.
epoch 0: inverse test average loss 0.018336099882920582.
epoch 99: inverse train average loss 0.0055059460509154536.
epoch 99: inverse test average loss 0.008864776955710517.
forward model: training agent 1.
Epoch 0: forward train average loss 0.0015304534851262968.
epoch 0: forward test average loss 0.004721836290425724.
Epoch 99: forward train average loss 0.0007144124570509626.
epoch 99: forward test average loss 0.002504034795694881.
inverse model, training agent 1.
epoch 0: inverse train average loss 0.023460824870400958.
epoch 0: inverse test average loss 0.029733815954791173.
epoch 99: inverse train average loss 0.009193616401818063.
epoch 99: inverse test average loss 0.011876514388455285.
forward model: training agent 2.
Epoch 0: forward train average loss 0.005125826431645287.
epoch 0: forward test average loss 0.008333827886316512.
Epoch 99: forward train average loss 0.003343295357707474.
epoch 99: forward test average loss 0.008214564787016975.
inverse model, training agent 2.
epoch 0: inverse train average loss 0.001814250834286213.
epoch 0: inverse test average loss 0.011016469448804855.
epoch 99: inverse train average loss 0.0012376692223673065.
epoch 99: inverse test average loss 0.0061544738709926605.
Policy training episode: 29, grounded actions taken: 586, last two uncertainties: {0: [1.0143227270079984, 1.040540757858091], 1: [1.5733616784214974, 1.4693681309620539], 2: [0.8206623645292388, 0.8027094160517056]}, avg agent uncertainties: [1.0274317424330448, 1.5213649046917757, 0.8116858902904722], grounded actions by agent: [212, 172, 202]
Policy training episode: 29, iteration 0/1, policy training avg travel time:63.03821428571428, q_loss:36.661319732666016, rewards:-16.66111382378472, queue:2.8648148148148147, delay:0.15662878530996818, throughput:2791
Sim Rollout episode:30/100, sim avg travel time:61.91642857142857, rewards:-14.745140245225695, queue:2.5564814814814816, delay:0.15755596867314092, throughput:2791
Real rollout step:30/100, travel time:943.8160484481454, rewards:-322.6994357638889, queue:47.007407407407406, delay:0.8052801061559607, throughput:823
forward model: training agent 0.
Epoch 0: forward train average loss 0.0009782131787182556.
epoch 0: forward test average loss 0.003802838942242993.
Epoch 99: forward train average loss 0.0004580334126431909.
epoch 99: forward test average loss 0.002047586047814952.
inverse model, training agent 0.
epoch 0: inverse train average loss 0.008648536788920561.
epoch 0: inverse test average loss 0.011813723378711276.
epoch 99: inverse train average loss 0.00440787591247095.
epoch 99: inverse test average loss 0.008174721565511491.
forward model: training agent 1.
Epoch 0: forward train average loss 0.0011916163558554319.
epoch 0: forward test average loss 0.002975491392943594.
Epoch 99: forward train average loss 0.0008286612574011087.
epoch 99: forward test average loss 0.004582664722369777.
inverse model, training agent 1.
epoch 0: inverse train average loss 0.015755037052763834.
epoch 0: inverse test average loss 0.019215386774804857.
epoch 99: inverse train average loss 0.011082114651799202.
epoch 99: inverse test average loss 0.015859598914782207.
forward model: training agent 2.
Epoch 0: forward train average loss 0.003534672057463063.
epoch 0: forward test average loss 0.007495624323685964.
Epoch 99: forward train average loss 0.0023101781132734483.
epoch 99: forward test average loss 0.004924604462252723.
inverse model, training agent 2.
epoch 0: inverse train average loss 0.003839364145985908.
epoch 0: inverse test average loss 0.004141660588276055.
epoch 99: inverse train average loss 0.0024512464749730295.
epoch 99: inverse test average loss 0.006115608952111668.
Policy training episode: 30, grounded actions taken: 632, last two uncertainties: {0: [1.040540757858091, 1.002035386280881], 1: [1.4693681309620539, 1.4169394062625038], 2: [0.8027094160517056, 0.8300855495863491]}, avg agent uncertainties: [1.0212880720694861, 1.4431537686122788, 0.8163974828190274], grounded actions by agent: [178, 264, 190]
Policy training episode: 30, iteration 0/1, policy training avg travel time:62.35214285714286, q_loss:36.30970764160156, rewards:-17.983751085069443, queue:3.0481481481481483, delay:0.17382870426884403, throughput:2783
Sim Rollout episode:31/100, sim avg travel time:57.21742234916101, rewards:-6.411389838324653, queue:1.1814814814814816, delay:0.13913178620515046, throughput:2782
Real rollout step:31/100, travel time:674.5339233038349, rewards:-272.43513454861113, queue:38.70648148148148, delay:0.7155706334997106, throughput:1174
forward model: training agent 0.
Epoch 0: forward train average loss 0.0008940524033581217.
epoch 0: forward test average loss 0.003687231491009394.
Epoch 99: forward train average loss 0.0004905200653916432.
epoch 99: forward test average loss 0.006277761836018827.
inverse model, training agent 0.
epoch 0: inverse train average loss 0.0072342585772275925.
epoch 0: inverse test average loss 0.00702723850392633.
epoch 99: inverse train average loss 0.0039027550050781835.
epoch 99: inverse test average loss 0.0074595676528082955.
forward model: training agent 1.
Epoch 0: forward train average loss 0.012104115655852688.
epoch 0: forward test average loss 0.017284186763895884.
Epoch 99: forward train average loss 0.0018186036807795365.
epoch 99: forward test average loss 0.005271795309252209.
inverse model, training agent 1.
epoch 0: inverse train average loss 0.01767453985909621.
epoch 0: inverse test average loss 0.038823371960057154.
epoch 99: inverse train average loss 0.008665149721006552.
epoch 99: inverse test average loss 0.01626788369483418.
forward model: training agent 2.
Epoch 0: forward train average loss 0.006715086185269886.
epoch 0: forward test average loss 0.011220167494482465.
Epoch 99: forward train average loss 0.0035224174045854146.
epoch 99: forward test average loss 0.007305035988489787.
inverse model, training agent 2.
epoch 0: inverse train average loss 0.003325030414594544.
epoch 0: inverse test average loss 0.0012771388282999396.
epoch 99: inverse train average loss 0.0024587877043005493.
epoch 99: inverse test average loss 0.001230283614454998.
Policy training episode: 31, grounded actions taken: 500, last two uncertainties: {0: [1.002035386280881, 1.1384476424091392], 1: [1.4169394062625038, 1.4939267579052182], 2: [0.8300855495863491, 0.8105410602357652]}, avg agent uncertainties: [1.0702415143450101, 1.455433082083861, 0.8203133049110571], grounded actions by agent: [139, 158, 203]
Policy training episode: 31, iteration 0/1, policy training avg travel time:57.080685469475185, q_loss:32.75617218017578, rewards:-6.357501220703125, queue:1.175, delay:0.14153241757993346, throughput:2783
Sim Rollout episode:32/100, sim avg travel time:64.03821428571429, rewards:-18.314029947916666, queue:3.2037037037037037, delay:0.16253055996365018, throughput:2790
Real rollout step:32/100, travel time:798.8536745406824, rewards:-307.96638454861113, queue:44.34074074074074, delay:0.8042978922526042, throughput:1000
forward model: training agent 0.
Epoch 0: forward train average loss 0.0005201986964998974.
epoch 0: forward test average loss 0.0016442929109972385.
Epoch 99: forward train average loss 0.0005022121379928043.
epoch 99: forward test average loss 0.0020925759130881894.
inverse model, training agent 0.
epoch 0: inverse train average loss 0.005812960676848888.
epoch 0: inverse test average loss 0.012055825028154585.
epoch 99: inverse train average loss 0.0035347149500416387.
epoch 99: inverse test average loss 0.002870898997773313.
forward model: training agent 1.
Epoch 0: forward train average loss 0.00506236272243162.
epoch 0: forward test average loss 0.0114194777690702.
Epoch 99: forward train average loss 0.00078405044041574.
epoch 99: forward test average loss 0.0032299812883138657.
inverse model, training agent 1.
epoch 0: inverse train average loss 0.010541878847612275.
epoch 0: inverse test average loss 0.02105796502696143.
epoch 99: inverse train average loss 0.006320325864685906.
epoch 99: inverse test average loss 0.00761206779215071.
forward model: training agent 2.
Epoch 0: forward train average loss 0.0055420783658822375.
epoch 0: forward test average loss 0.0109365400340822.
Epoch 99: forward train average loss 0.0030157756991684437.
epoch 99: forward test average loss 0.00791449679268731.
inverse model, training agent 2.
epoch 0: inverse train average loss 0.0017838575101147096.
epoch 0: inverse test average loss 0.0009006359485081501.
epoch 99: inverse train average loss 0.0012940158550110129.
epoch 99: inverse test average loss 0.0014516355004161596.
Policy training episode: 32, grounded actions taken: 674, last two uncertainties: {0: [1.1384476424091392, 0.9851508695218298], 1: [1.4939267579052182, 1.4186490444673432], 2: [0.8105410602357652, 0.7989730976521969]}, avg agent uncertainties: [1.0617992559654845, 1.4562879011862808, 0.8047570789439811], grounded actions by agent: [233, 232, 209]
Policy training episode: 32, iteration 0/1, policy training avg travel time:64.60107142857143, q_loss:33.939483642578125, rewards:-17.858889431423613, queue:3.1083333333333334, delay:0.16417403044524015, throughput:2783
Sim Rollout episode:33/100, sim avg travel time:61.642627632988216, rewards:-15.478196885850695, queue:2.6925925925925926, delay:0.1570566248010706, throughput:2791
Real rollout step:33/100, travel time:616.9235793598955, rewards:-259.2923611111111, queue:36.77037037037037, delay:0.7135792484989872, throughput:1160
forward model: training agent 0.
Epoch 0: forward train average loss 0.0007122994672196606.
epoch 0: forward test average loss 0.0021539459315439067.
Epoch 99: forward train average loss 0.0004458235473268562.
epoch 99: forward test average loss 0.0019390035627616777.
inverse model, training agent 0.
epoch 0: inverse train average loss 0.006342556534541978.
epoch 0: inverse test average loss 0.007628347724676132.
epoch 99: inverse train average loss 0.004677324866255124.
epoch 99: inverse test average loss 0.011044801937209235.
forward model: training agent 1.
Epoch 0: forward train average loss 0.004960655700415373.
epoch 0: forward test average loss 0.00713332887325022.
Epoch 99: forward train average loss 0.0021855551490767133.
epoch 99: forward test average loss 0.004246411741607719.
inverse model, training agent 1.
epoch 0: inverse train average loss 0.006435684342351224.
epoch 0: inverse test average loss 0.006355779245495796.
epoch 99: inverse train average loss 0.006003917453603612.
epoch 99: inverse test average loss 0.006402733011378182.
forward model: training agent 2.
Epoch 0: forward train average loss 0.024616627643505733.
epoch 0: forward test average loss 0.01915504535039266.
Epoch 99: forward train average loss 0.003861406041930119.
epoch 99: forward test average loss 0.005553233437240124.
inverse model, training agent 2.
epoch 0: inverse train average loss 0.003210861184116867.
epoch 0: inverse test average loss 0.0021081644550172817.
epoch 99: inverse train average loss 0.001908102758332259.
epoch 99: inverse test average loss 0.002792816660884354.
Policy training episode: 33, grounded actions taken: 662, last two uncertainties: {0: [0.9851508695218298, 1.0159068399833309], 1: [1.4186490444673432, 1.331834385626846], 2: [0.7989730976521969, 0.8017557105256452]}, avg agent uncertainties: [1.0005288547525804, 1.3752417150470946, 0.8003644040889211], grounded actions by agent: [192, 267, 203]
Policy training episode: 33, iteration 0/1, policy training avg travel time:63.38129239557301, q_loss:32.41567611694336, rewards:-18.632497829861112, queue:3.185185185185185, delay:0.17269200925473813, throughput:2783
Sim Rollout episode:34/100, sim avg travel time:56.45607142857143, rewards:-4.5708336724175345, queue:0.9092592592592592, delay:0.13131654527452258, throughput:2790
Real rollout step:34/100, travel time:1115.6910268270121, rewards:-258.79583333333335, queue:40.22222222222222, delay:0.738707196270978, throughput:590
forward model: training agent 0.
Epoch 0: forward train average loss 0.012260143645107746.
epoch 0: forward test average loss 0.042575397425227694.
Epoch 99: forward train average loss 0.0016714194660178488.
epoch 99: forward test average loss 0.002649211117790805.
inverse model, training agent 0.
epoch 0: inverse train average loss 0.008927318991886245.
epoch 0: inverse test average loss 0.019323229375812743.
epoch 99: inverse train average loss 0.00388082732549972.
epoch 99: inverse test average loss 0.006548385653230879.
forward model: training agent 1.
Epoch 0: forward train average loss 0.006531998929050233.
epoch 0: forward test average loss 0.016829468309879303.
Epoch 99: forward train average loss 0.00235340671820773.
epoch 99: forward test average loss 0.004479587285055054.
inverse model, training agent 1.
epoch 0: inverse train average loss 0.007295468408200476.
epoch 0: inverse test average loss 0.02024643826815817.
epoch 99: inverse train average loss 0.006565152357021968.
epoch 99: inverse test average loss 0.021581252415974934.
forward model: training agent 2.
Epoch 0: forward train average loss 0.002447693712181515.
epoch 0: forward test average loss 0.0043132317562898.
Epoch 99: forward train average loss 0.000734121338205619.
epoch 99: forward test average loss 0.0020485579346617064.
inverse model, training agent 2.
epoch 0: inverse train average loss 0.02778969622320599.
epoch 0: inverse test average loss 0.006778326312390466.
epoch 99: inverse train average loss 0.013288787540255321.
epoch 99: inverse test average loss 0.004832171007162995.
Policy training episode: 34, grounded actions taken: 462, last two uncertainties: {0: [1.0159068399833309, 1.0671753358509806], 1: [1.331834385626846, 1.3078486132952902], 2: [0.8017557105256452, 1.001651179873281]}, avg agent uncertainties: [1.0415410879171558, 1.319841499461068, 0.9017034451994631], grounded actions by agent: [147, 239, 76]
Policy training episode: 34, iteration 0/1, policy training avg travel time:58.04535714285714, q_loss:34.16331481933594, rewards:-6.4823621961805555, queue:1.2166666666666666, delay:0.14396071257414642, throughput:2783
Sim Rollout episode:35/100, sim avg travel time:63.8164941092467, rewards:-17.66402587890625, queue:3.099074074074074, delay:0.16697831330475985, throughput:2784
Real rollout step:35/100, travel time:843.6234247590808, rewards:-288.43237847222224, queue:43.48796296296296, delay:0.8085556595413773, throughput:857
forward model: training agent 0.
Epoch 0: forward train average loss 0.0017450061600862278.
epoch 0: forward test average loss 0.0027255406603217125.
Epoch 99: forward train average loss 0.0004910070500853988.
epoch 99: forward test average loss 0.0014164820701504748.
inverse model, training agent 0.
epoch 0: inverse train average loss 0.011841070527831713.
epoch 0: inverse test average loss 0.025100966294606526.
epoch 99: inverse train average loss 0.004719926949797405.
epoch 99: inverse test average loss 0.009486253890726302.
forward model: training agent 1.
Epoch 0: forward train average loss 0.004568472297655212.
epoch 0: forward test average loss 0.006818753770656056.
Epoch 99: forward train average loss 0.0019482822519623572.
epoch 99: forward test average loss 0.005535854026675224.
inverse model, training agent 1.
epoch 0: inverse train average loss 0.005049429989109437.
epoch 0: inverse test average loss 0.007479858481221729.
epoch 99: inverse train average loss 0.0046365826080242796.
epoch 99: inverse test average loss 0.005537395779457357.
forward model: training agent 2.
Epoch 0: forward train average loss 0.005834293137821887.
epoch 0: forward test average loss 0.00949410597483317.
Epoch 99: forward train average loss 0.00309124407875869.
epoch 99: forward test average loss 0.005440358072519302.
inverse model, training agent 2.
epoch 0: inverse train average loss 0.001851648971852329.
epoch 0: inverse test average loss 0.01418584274748961.
epoch 99: inverse train average loss 0.0014448948721918794.
epoch 99: inverse test average loss 0.0025563670658609932.
Policy training episode: 35, grounded actions taken: 618, last two uncertainties: {0: [1.0671753358509806, 0.9522347699436876], 1: [1.3078486132952902, 1.2483532884054713], 2: [1.001651179873281, 0.9707974688046508]}, avg agent uncertainties: [1.0097050528973341, 1.278100950850381, 0.9862243243389659], grounded actions by agent: [227, 235, 156]
Policy training episode: 35, iteration 0/1, policy training avg travel time:63.75035714285714, q_loss:32.93083572387695, rewards:-18.640138075086806, queue:3.2685185185185186, delay:0.17522034821686922, throughput:2784
Sim Rollout episode:36/100, sim avg travel time:68.14102106390575, rewards:-23.05083550347222, queue:4.296296296296297, delay:0.18531328837076824, throughput:2761
Real rollout step:36/100, travel time:1061.6284779050736, rewards:-322.37762586805553, queue:47.851851851851855, delay:0.8749576144748263, throughput:709
forward model: training agent 0.
Epoch 0: forward train average loss 0.0006425796471173979.
epoch 0: forward test average loss 0.0015385306905955076.
Epoch 99: forward train average loss 0.0004686711488627932.
epoch 99: forward test average loss 0.0017588147893548012.
inverse model, training agent 0.
epoch 0: inverse train average loss 0.005262220485342873.
epoch 0: inverse test average loss 0.008647303200430341.
epoch 99: inverse train average loss 0.002738398059995638.
epoch 99: inverse test average loss 0.005133565929200914.
forward model: training agent 1.
Epoch 0: forward train average loss 0.00406095954693026.
epoch 0: forward test average loss 0.005933402727047603.
Epoch 99: forward train average loss 0.0009304210155581435.
epoch 99: forward test average loss 0.0033001727941963407.
inverse model, training agent 1.
epoch 0: inverse train average loss 0.01950859630273448.
epoch 0: inverse test average loss 0.04838485767443975.
epoch 99: inverse train average loss 0.013005968804160753.
epoch 99: inverse test average loss 0.026965859863493178.
forward model: training agent 2.
Epoch 0: forward train average loss 0.004073237845053275.
epoch 0: forward test average loss 0.009857691824436188.
Epoch 99: forward train average loss 0.0016716633561170762.
epoch 99: forward test average loss 0.00442843780749374.
inverse model, training agent 2.
epoch 0: inverse train average loss 0.07441563407580058.
epoch 0: inverse test average loss 0.2298707365989685.
epoch 99: inverse train average loss 0.023405557291375265.
epoch 99: inverse test average loss 0.04299354718791114.
Policy training episode: 36, grounded actions taken: 436, last two uncertainties: {0: [0.9522347699436876, 0.8559094414114952], 1: [1.2483532884054713, 1.3584741989771525], 2: [0.9707974688046508, 1.2350821549693742]}, avg agent uncertainties: [0.9040721056775913, 1.303413743691312, 1.1029398118870124], grounded actions by agent: [240, 117, 79]
Policy training episode: 36, iteration 0/1, policy training avg travel time:65.2202784719743, q_loss:31.888917922973633, rewards:-24.432221137152776, queue:4.243518518518519, delay:0.183094236585829, throughput:2781
Sim Rollout episode:37/100, sim avg travel time:55.60892857142857, rewards:-6.025834147135416, queue:1.1222222222222222, delay:0.14408063535337096, throughput:2783
Real rollout step:37/100, travel time:305.7097308488613, rewards:-207.61944444444444, queue:29.203703703703702, delay:0.6673170301649306, throughput:2017
forward model: training agent 0.
Epoch 0: forward train average loss 0.005611021640814013.
epoch 0: forward test average loss 0.00823921627468533.
Epoch 99: forward train average loss 0.0023913713585999277.
epoch 99: forward test average loss 0.006518237292766571.
inverse model, training agent 0.
epoch 0: inverse train average loss 0.006280989800062444.
epoch 0: inverse test average loss 0.005585033446550369.
epoch 99: inverse train average loss 0.002949262193093697.
epoch 99: inverse test average loss 0.0039064353331923485.
forward model: training agent 1.
Epoch 0: forward train average loss 0.0047192104781667394.
epoch 0: forward test average loss 0.005842152724249495.
Epoch 99: forward train average loss 0.0029695722171001965.
epoch 99: forward test average loss 0.007822523928350873.
inverse model, training agent 1.
epoch 0: inverse train average loss 0.007473963105844127.
epoch 0: inverse test average loss 0.011619415134191513.
epoch 99: inverse train average loss 0.00458309996045298.
epoch 99: inverse test average loss 0.006364408776991897.
forward model: training agent 2.
Epoch 0: forward train average loss 0.008757500909268856.
epoch 0: forward test average loss 0.015173347459899055.
Epoch 99: forward train average loss 0.005886998855405384.
epoch 99: forward test average loss 0.012491481171713935.
inverse model, training agent 2.
epoch 0: inverse train average loss 0.0031398444746931395.
epoch 0: inverse test average loss 0.005115273512072033.
epoch 99: inverse train average loss 0.0025658076887743343.
epoch 99: inverse test average loss 0.005330042292674382.
Policy training episode: 37, grounded actions taken: 540, last two uncertainties: {0: [0.8559094414114952, 0.9662478820317322], 1: [1.3584741989771525, 1.2464830100536346], 2: [1.2350821549693742, 1.152081570857101]}, avg agent uncertainties: [0.9110786617216137, 1.3024786045153935, 1.1935818629132378], grounded actions by agent: [168, 213, 159]
Policy training episode: 37, iteration 0/1, policy training avg travel time:64.08714285714285, q_loss:33.58321762084961, rewards:-17.109444173177085, queue:3.037037037037037, delay:0.17565974482783564, throughput:2781
Sim Rollout episode:38/100, sim avg travel time:55.81892857142857, rewards:-6.380971950954861, queue:1.1833333333333333, delay:0.1471323366518374, throughput:2783
Real rollout step:38/100, travel time:826.7828454731109, rewards:-297.6702690972222, queue:43.17407407407408, delay:0.7806147822627315, throughput:971
forward model: training agent 0.
Epoch 0: forward train average loss 0.0024994052429166106.
epoch 0: forward test average loss 0.0043585146259930395.
Epoch 99: forward train average loss 0.0006362598247101738.
epoch 99: forward test average loss 0.002037312059352795.
inverse model, training agent 0.
epoch 0: inverse train average loss 0.0036506799256636035.
epoch 0: inverse test average loss 0.004130155468980472.
epoch 99: inverse train average loss 0.0016100273157159488.
epoch 99: inverse test average loss 0.001904566423036158.
forward model: training agent 1.
Epoch 0: forward train average loss 0.0026212886182798278.
epoch 0: forward test average loss 0.004407390124268002.
Epoch 99: forward train average loss 0.0010913375428774292.
epoch 99: forward test average loss 0.0038062844218479264.
inverse model, training agent 1.
epoch 0: inverse train average loss 0.01936993437508742.
epoch 0: inverse test average loss 0.03457586467266083.
epoch 99: inverse train average loss 0.01164646115567949.
epoch 99: inverse test average loss 0.018712922930717468.
forward model: training agent 2.
Epoch 0: forward train average loss 0.006583809956080384.
epoch 0: forward test average loss 0.01497798330254025.
Epoch 99: forward train average loss 0.003187749638325638.
epoch 99: forward test average loss 0.006306216948562198.
inverse model, training agent 2.
epoch 0: inverse train average loss 0.002368652494624257.
epoch 0: inverse test average loss 0.003856565182407697.
epoch 99: inverse train average loss 0.001629895517706043.
epoch 99: inverse test average loss 0.0016262185721037288.
Policy training episode: 38, grounded actions taken: 588, last two uncertainties: {0: [0.9662478820317322, 0.7781622124214967], 1: [1.2464830100536346, 1.3663282809986008], 2: [1.152081570857101, 1.065014753325118]}, avg agent uncertainties: [0.8722050472266145, 1.3064056455261177, 1.1085481620911095], grounded actions by agent: [249, 103, 236]
Policy training episode: 38, iteration 0/1, policy training avg travel time:64.4475, q_loss:32.64797592163086, rewards:-19.340279134114585, queue:3.35, delay:0.1728373068350333, throughput:2791
Sim Rollout episode:39/100, sim avg travel time:64.29571428571428, rewards:-19.802499728732638, queue:3.4314814814814816, delay:0.16514398080331308, throughput:2783
Real rollout step:39/100, travel time:680.828931572629, rewards:-274.3372395833333, queue:39.17685185185185, delay:0.7251083939163773, throughput:1149
forward model: training agent 0.
Epoch 0: forward train average loss 0.0014464734380857812.
epoch 0: forward test average loss 0.0023980464967381624.
Epoch 99: forward train average loss 0.0006649689134469049.
epoch 99: forward test average loss 0.0020074763128327.
inverse model, training agent 0.
epoch 0: inverse train average loss 0.035424262285232544.
epoch 0: inverse test average loss 0.07259797387652928.
epoch 99: inverse train average loss 0.003918117015726036.
epoch 99: inverse test average loss 0.003437208839588695.
forward model: training agent 1.
Epoch 0: forward train average loss 0.003935140557587147.
epoch 0: forward test average loss 0.005317195422119564.
Epoch 99: forward train average loss 0.0017664909569753541.
epoch 99: forward test average loss 0.005682243448164728.
inverse model, training agent 1.
epoch 0: inverse train average loss 0.011546950994266404.
epoch 0: inverse test average loss 0.01642320801814397.
epoch 99: inverse train average loss 0.00532903429120779.
epoch 99: inverse test average loss 0.01160103248225318.
forward model: training agent 2.
Epoch 0: forward train average loss 0.0058363448414537646.
epoch 0: forward test average loss 0.007812735521131091.
Epoch 99: forward train average loss 0.003188982761154572.
epoch 99: forward test average loss 0.0066434093233611845.
inverse model, training agent 2.
epoch 0: inverse train average loss 0.002247737086791959.
epoch 0: inverse test average loss 0.0032029561698436737.
epoch 99: inverse train average loss 0.0017379311870576607.
epoch 99: inverse test average loss 0.0011137585776547592.
Policy training episode: 39, grounded actions taken: 573, last two uncertainties: {0: [0.7781622124214967, 0.9451698001060221], 1: [1.3663282809986008, 1.3384619454542797], 2: [1.065014753325118, 0.9660676492585076]}, avg agent uncertainties: [0.8616660062637594, 1.3523951132264402, 1.0155412012918128], grounded actions by agent: [146, 171, 256]
Policy training episode: 39, iteration 0/1, policy training avg travel time:62.269189575151735, q_loss:33.13919448852539, rewards:-16.835693359375, queue:2.9546296296296295, delay:0.16748782970287182, throughput:2780
Sim Rollout episode:40/100, sim avg travel time:62.03178571428571, rewards:-14.498194715711806, queue:2.5342592592592594, delay:0.15347617820457177, throughput:2790
Real rollout step:40/100, travel time:801.6538461538462, rewards:-311.93598090277777, queue:44.82962962962963, delay:0.8035765471281828, throughput:1005
forward model: training agent 0.
Epoch 0: forward train average loss 0.00148491522607704.
epoch 0: forward test average loss 0.004730581202440792.
Epoch 99: forward train average loss 0.0006077560440947612.
epoch 99: forward test average loss 0.0015926973428577185.
inverse model, training agent 0.
epoch 0: inverse train average loss 0.011373285100691848.
epoch 0: inverse test average loss 0.016095660626888275.
epoch 99: inverse train average loss 0.0028952902907298673.
epoch 99: inverse test average loss 0.0027834969676203197.
forward model: training agent 1.
Epoch 0: forward train average loss 0.0028499907865706417.
epoch 0: forward test average loss 0.00626086588535044.
Epoch 99: forward train average loss 0.000800152774900198.
epoch 99: forward test average loss 0.003581900563504961.
inverse model, training agent 1.
epoch 0: inverse train average loss 0.012122307179702653.
epoch 0: inverse test average loss 0.012368034157488082.
epoch 99: inverse train average loss 0.005670789577480819.
epoch 99: inverse test average loss 0.012206811043951247.
forward model: training agent 2.
Epoch 0: forward train average loss 0.005168896737611956.
epoch 0: forward test average loss 0.007710029681523641.
Epoch 99: forward train average loss 0.0030103761495815385.
epoch 99: forward test average loss 0.007956385612487793.
inverse model, training agent 2.
epoch 0: inverse train average loss 0.002128924527722928.
epoch 0: inverse test average loss 0.0026207465885414016.
epoch 99: inverse train average loss 0.0014997270579139392.
epoch 99: inverse test average loss 0.0009321916796680954.
Policy training episode: 40, grounded actions taken: 554, last two uncertainties: {0: [0.9451698001060221, 0.8620856636100345], 1: [1.3384619454542797, 1.309475202858448], 2: [0.9660676492585076, 0.9781754990418752]}, avg agent uncertainties: [0.9036277318580284, 1.3239685741563638, 0.9721215741501914], grounded actions by agent: [190, 163, 201]
Policy training episode: 40, iteration 0/1, policy training avg travel time:62.219921456622636, q_loss:32.783233642578125, rewards:-16.952501085069443, queue:2.899074074074074, delay:0.1677228291829427, throughput:2784
Sim Rollout episode:41/100, sim avg travel time:62.198928571428574, rewards:-16.037638346354168, queue:2.7916666666666665, delay:0.16152640448676214, throughput:2784
Real rollout step:41/100, travel time:847.3024221453287, rewards:-303.12723524305557, queue:43.662962962962965, delay:0.7741118254484953, throughput:953
forward model: training agent 0.
Epoch 0: forward train average loss 0.000715321984090325.
epoch 0: forward test average loss 0.006142643901209037.
Epoch 99: forward train average loss 0.0004875050767117904.
epoch 99: forward test average loss 0.002936352768705951.
inverse model, training agent 0.
epoch 0: inverse train average loss 0.029516230440802045.
epoch 0: inverse test average loss 0.03440595666567484.
epoch 99: inverse train average loss 0.003740313100732035.
epoch 99: inverse test average loss 0.006937265189157592.
forward model: training agent 1.
Epoch 0: forward train average loss 0.0013918275815538233.
epoch 0: forward test average loss 0.0032980041578412056.
Epoch 99: forward train average loss 0.0008325645208565725.
epoch 99: forward test average loss 0.0019880072666435605.
inverse model, training agent 1.
epoch 0: inverse train average loss 0.01088509253329701.
epoch 0: inverse test average loss 0.012146394285890792.
epoch 99: inverse train average loss 0.004792634501225418.
epoch 99: inverse test average loss 0.005372731429007318.
forward model: training agent 2.
Epoch 0: forward train average loss 0.004630384449329641.
epoch 0: forward test average loss 0.008625443196958966.
Epoch 99: forward train average loss 0.0028993748645815584.
epoch 99: forward test average loss 0.008835189872317843.
inverse model, training agent 2.
epoch 0: inverse train average loss 0.002363613780794872.
epoch 0: inverse test average loss 0.0010243566422205833.
epoch 99: inverse train average loss 0.0015651568602253166.
epoch 99: inverse test average loss 0.0008847069176327852.
Policy training episode: 41, grounded actions taken: 619, last two uncertainties: {0: [0.8620856636100345, 0.8762859764198462], 1: [1.309475202858448, 1.282352297173606], 2: [0.9781754990418752, 0.9906289017862744]}, avg agent uncertainties: [0.8691858200149403, 1.2959137500160272, 0.9844022004140748], grounded actions by agent: [221, 217, 181]
Policy training episode: 41, iteration 0/1, policy training avg travel time:65.69607142857143, q_loss:33.94582748413086, rewards:-16.619581434461807, queue:2.8814814814814813, delay:0.16779022216796874, throughput:2784
Sim Rollout episode:42/100, sim avg travel time:62.731785714285714, rewards:-16.632640245225694, queue:2.925925925925926, delay:0.16527752346462674, throughput:2782
Real rollout step:42/100, travel time:699.9333729922665, rewards:-267.98706597222224, queue:37.84351851851852, delay:0.70626791494864, throughput:1152
forward model: training agent 0.
Epoch 0: forward train average loss 0.0005056677424969772.
epoch 0: forward test average loss 0.00225899089127779.
Epoch 99: forward train average loss 0.00045545906889148883.
epoch 99: forward test average loss 0.005298110759920544.
inverse model, training agent 0.
epoch 0: inverse train average loss 0.013367070092095269.
epoch 0: inverse test average loss 0.02050074852175183.
epoch 99: inverse train average loss 0.004962094645533297.
epoch 99: inverse test average loss 0.008332430074612299.
forward model: training agent 1.
Epoch 0: forward train average loss 0.003059762478288677.
epoch 0: forward test average loss 0.004565539148946603.
Epoch 99: forward train average loss 0.0015228698030114174.
epoch 99: forward test average loss 0.005851145212848981.
inverse model, training agent 1.
epoch 0: inverse train average loss 0.013771978517373403.
epoch 0: inverse test average loss 0.02232249163919025.
epoch 99: inverse train average loss 0.007262139322443141.
epoch 99: inverse test average loss 0.00716360720495383.
forward model: training agent 2.
Epoch 0: forward train average loss 0.006826666597690847.
epoch 0: forward test average loss 0.01237512297100491.
Epoch 99: forward train average loss 0.0033066760127743087.
epoch 99: forward test average loss 0.0077001868436733885.
inverse model, training agent 2.
epoch 0: inverse train average loss 0.0012762678735372093.
epoch 0: inverse test average loss 0.0038593228285511336.
epoch 99: inverse train average loss 0.0008830594856085049.
epoch 99: inverse test average loss 0.0026205932307574484.
Policy training episode: 42, grounded actions taken: 480, last two uncertainties: {0: [0.8762859764198462, 1.0436702881422308], 1: [1.282352297173606, 1.3193669726451238], 2: [0.9906289017862744, 0.9420718708799944]}, avg agent uncertainties: [0.9599781322810386, 1.300859634909365, 0.9663503863331344], grounded actions by agent: [125, 139, 216]
Policy training episode: 42, iteration 0/1, policy training avg travel time:56.70938950374866, q_loss:32.897064208984375, rewards:-6.514999728732639, queue:1.2157407407407408, delay:0.1474750377513744, throughput:2783
Sim Rollout episode:43/100, sim avg travel time:63.512142857142855, rewards:-17.180414496527778, queue:3.033333333333333, delay:0.16354991771556712, throughput:2784
Real rollout step:43/100, travel time:657.7012230634829, rewards:-265.7358289930556, queue:37.318518518518516, delay:0.7043867888274016, throughput:1201
forward model: training agent 0.
Epoch 0: forward train average loss 0.00047857051766994927.
epoch 0: forward test average loss 0.003068322419292397.
Epoch 99: forward train average loss 0.00043787129430307285.
epoch 99: forward test average loss 0.003565366483396954.
inverse model, training agent 0.
epoch 0: inverse train average loss 0.011859179577893682.
epoch 0: inverse test average loss 0.03273884289794498.
epoch 99: inverse train average loss 0.003977576710490717.
epoch 99: inverse test average loss 0.007540088560846116.
forward model: training agent 1.
Epoch 0: forward train average loss 0.002578268733082546.
epoch 0: forward test average loss 0.004195423072410954.
Epoch 99: forward train average loss 0.0017622452643182543.
epoch 99: forward test average loss 0.003826505918469694.
inverse model, training agent 1.
epoch 0: inverse train average loss 0.007331429359813531.
epoch 0: inverse test average loss 0.01200579520728853.
epoch 99: inverse train average loss 0.004959757595012586.
epoch 99: inverse test average loss 0.003961915564205911.
forward model: training agent 2.
Epoch 0: forward train average loss 0.0064129384441508185.
epoch 0: forward test average loss 0.008559827589326434.
Epoch 99: forward train average loss 0.0036703765702744326.
epoch 99: forward test average loss 0.00919831833905644.
inverse model, training agent 2.
epoch 0: inverse train average loss 0.002492842924160262.
epoch 0: inverse test average loss 0.0054945991271071965.
epoch 99: inverse train average loss 0.0010613040358293802.
epoch 99: inverse test average loss 0.001842124736867845.
Policy training episode: 43, grounded actions taken: 649, last two uncertainties: {0: [1.0436702881422308, 0.8304470091230339], 1: [1.3193669726451238, 1.2754208947221437], 2: [0.9420718708799944, 0.9132434339159065]}, avg agent uncertainties: [0.9370586486326324, 1.2973939336836338, 0.9276576523979505], grounded actions by agent: [257, 185, 207]
Policy training episode: 43, iteration 0/1, policy training avg travel time:64.91431631560157, q_loss:33.4778938293457, rewards:-18.352498372395832, queue:3.1925925925925926, delay:0.1740745261863426, throughput:2783
Sim Rollout episode:44/100, sim avg travel time:69.08142857142857, rewards:-19.686113823784723, queue:3.426851851851852, delay:0.170889734338831, throughput:2784
Real rollout step:44/100, travel time:717.8232784887264, rewards:-265.4330729166667, queue:37.21111111111111, delay:0.7151436134620949, throughput:1125
forward model: training agent 0.
Epoch 0: forward train average loss 0.00043503127785192593.
epoch 0: forward test average loss 0.002406155173149374.
Epoch 99: forward train average loss 0.000378911826475006.
epoch 99: forward test average loss 0.0024225470713443225.
inverse model, training agent 0.
epoch 0: inverse train average loss 0.014975160567296876.
epoch 0: inverse test average loss 0.016678031120035384.
epoch 99: inverse train average loss 0.004149063231630458.
epoch 99: inverse test average loss 0.0034822228675087294.
forward model: training agent 1.
Epoch 0: forward train average loss 0.0022059730254113674.
epoch 0: forward test average loss 0.00409879566480716.
Epoch 99: forward train average loss 0.0016592791717913416.
epoch 99: forward test average loss 0.0048729560027519865.
inverse model, training agent 1.
epoch 0: inverse train average loss 0.005795306733085049.
epoch 0: inverse test average loss 0.0087146009835932.
epoch 99: inverse train average loss 0.0033910079445275995.
epoch 99: inverse test average loss 0.0048461779952049255.
forward model: training agent 2.
Epoch 0: forward train average loss 0.005081362918847137.
epoch 0: forward test average loss 0.0070685818791389465.
Epoch 99: forward train average loss 0.0031027208703259626.
epoch 99: forward test average loss 0.007856030844979815.
inverse model, training agent 2.
epoch 0: inverse train average loss 0.004003550003593166.
epoch 0: inverse test average loss 0.0038460021605715156.
epoch 99: inverse train average loss 0.0015169205596773988.
epoch 99: inverse test average loss 0.0013365795732372338.
Policy training episode: 44, grounded actions taken: 573, last two uncertainties: {0: [0.8304470091230339, 1.032080489728186], 1: [1.2754208947221437, 1.2095486455493503], 2: [0.9132434339159065, 0.9378420997824933]}, avg agent uncertainties: [0.93126374942561, 1.2424847701357469, 0.9255427668491999], grounded actions by agent: [140, 238, 195]
Policy training episode: 44, iteration 0/1, policy training avg travel time:59.11313347608851, q_loss:33.12513732910156, rewards:-7.16972181532118, queue:1.3185185185185184, delay:0.1446762932671441, throughput:2781
Sim Rollout episode:45/100, sim avg travel time:56.22714285714286, rewards:-6.777639431423611, queue:1.261111111111111, delay:0.1430438995361328, throughput:2783
Real rollout step:45/100, travel time:683.1722891566266, rewards:-272.67957899305554, queue:38.791666666666664, delay:0.7244961208767361, throughput:1147
forward model: training agent 0.
Epoch 0: forward train average loss 0.0003916972200386226.
epoch 0: forward test average loss 0.0019554136734869746.
Epoch 99: forward train average loss 0.00034473153452078503.
epoch 99: forward test average loss 0.0015176560781482193.
inverse model, training agent 0.
epoch 0: inverse train average loss 0.017882315028044913.
epoch 0: inverse test average loss 0.028937613798512354.
epoch 99: inverse train average loss 0.004879626911133528.
epoch 99: inverse test average loss 0.010305279658900367.
forward model: training agent 1.
Epoch 0: forward train average loss 0.0028630500245425436.
epoch 0: forward test average loss 0.006199543881747458.
Epoch 99: forward train average loss 0.0014536548017834623.
epoch 99: forward test average loss 0.0038921324950125483.
inverse model, training agent 1.
epoch 0: inverse train average loss 0.009904598403308127.
epoch 0: inverse test average loss 0.013124367015229331.
epoch 99: inverse train average loss 0.003393951958666245.
epoch 99: inverse test average loss 0.004637840721342299.
forward model: training agent 2.
Epoch 0: forward train average loss 0.005161741075830327.
epoch 0: forward test average loss 0.006369675406151348.
Epoch 99: forward train average loss 0.0034297186260422072.
epoch 99: forward test average loss 0.0075397077533933855.
inverse model, training agent 2.
epoch 0: inverse train average loss 0.0017816867912188172.
epoch 0: inverse test average loss 0.0031493199057877064.
epoch 99: inverse train average loss 0.0007403012002921767.
epoch 99: inverse test average loss 0.0024478195959495175.
Policy training episode: 45, grounded actions taken: 506, last two uncertainties: {0: [1.032080489728186, 1.0570018015801907], 1: [1.2095486455493503, 1.235491186214818], 2: [0.9378420997824933, 0.8970114961266518]}, avg agent uncertainties: [1.0445411456541884, 1.222519915882084, 0.9174267979545725], grounded actions by agent: [117, 184, 205]
Policy training episode: 45, iteration 0/1, policy training avg travel time:60.938593359514456, q_loss:31.995908737182617, rewards:-6.873056369357639, queue:1.2574074074074073, delay:0.13897504453305845, throughput:2781
Sim Rollout episode:46/100, sim avg travel time:63.31560157086755, rewards:-17.526944986979167, queue:3.0314814814814817, delay:0.16238661872016058, throughput:2784
Real rollout step:46/100, travel time:855.1617546264565, rewards:-295.43400607638887, queue:42.675925925925924, delay:0.8086131343135128, throughput:930
forward model: training agent 0.
Epoch 0: forward train average loss 0.00038378956701813475.
epoch 0: forward test average loss 0.005043908229304684.
Epoch 99: forward train average loss 0.0003778462867356009.
epoch 99: forward test average loss 0.002394738451888164.
inverse model, training agent 0.
epoch 0: inverse train average loss 0.020670908813675243.
epoch 0: inverse test average loss 0.02321829977962706.
epoch 99: inverse train average loss 0.004819528665393591.
epoch 99: inverse test average loss 0.008612905939420065.
forward model: training agent 1.
Epoch 0: forward train average loss 0.007326093864523702.
epoch 0: forward test average loss 0.010508318535155721.
Epoch 99: forward train average loss 0.0016200808394286367.
epoch 99: forward test average loss 0.00462858813504378.
inverse model, training agent 1.
epoch 0: inverse train average loss 0.004357772724082072.
epoch 0: inverse test average loss 0.01232345298760467.
epoch 99: inverse train average loss 0.0036569166825049454.
epoch 99: inverse test average loss 0.006540640774700377.
forward model: training agent 2.
Epoch 0: forward train average loss 0.007401980459690094.
epoch 0: forward test average loss 0.014611250824398465.
Epoch 99: forward train average loss 0.0024240330741223362.
epoch 99: forward test average loss 0.009798419144418504.
inverse model, training agent 2.
epoch 0: inverse train average loss 0.0016977176678159998.
epoch 0: inverse test average loss 0.0008136239614234202.
epoch 99: inverse train average loss 0.001163989402508984.
epoch 99: inverse test average loss 0.0006119752546914646.
Policy training episode: 46, grounded actions taken: 589, last two uncertainties: {0: [1.0570018015801907, 0.8493043502171834], 1: [1.235491186214818, 1.2497923958632682], 2: [0.8970114961266518, 0.8938475171724956]}, avg agent uncertainties: [0.953153075898687, 1.242641791039043, 0.8954295066495737], grounded actions by agent: [250, 131, 208]
Policy training episode: 46, iteration 0/1, policy training avg travel time:67.8025, q_loss:31.627126693725586, rewards:-20.67972412109375, queue:3.5166666666666666, delay:0.1745759752061632, throughput:2777
Sim Rollout episode:47/100, sim avg travel time:60.184576936808284, rewards:-13.847918023003473, queue:2.341666666666667, delay:0.1780048511646412, throughput:2783
Real rollout step:47/100, travel time:1009.1101694915254, rewards:-317.8813802083333, queue:48.08425925925926, delay:0.8427791454173901, throughput:758
forward model: training agent 0.
Epoch 0: forward train average loss 0.0006487981041169001.
epoch 0: forward test average loss 0.0013215620128903538.
Epoch 99: forward train average loss 0.0004493255659730898.
epoch 99: forward test average loss 0.0026527708913717005.
inverse model, training agent 0.
epoch 0: inverse train average loss 0.026241022265619703.
epoch 0: inverse test average loss 0.03603650132815043.
epoch 99: inverse train average loss 0.008448728877637122.
epoch 99: inverse test average loss 0.009953732291857401.
forward model: training agent 1.
Epoch 0: forward train average loss 0.0022338832625084454.
epoch 0: forward test average loss 0.005236864296926392.
Epoch 99: forward train average loss 0.001519905260971023.
epoch 99: forward test average loss 0.006546514936619335.
inverse model, training agent 1.
epoch 0: inverse train average loss 0.02512352830833859.
epoch 0: inverse test average loss 0.03249022447400623.
epoch 99: inverse train average loss 0.015132526349690225.
epoch 99: inverse test average loss 0.01987846651011043.
forward model: training agent 2.
Epoch 0: forward train average loss 0.0270703151408169.
epoch 0: forward test average loss 0.021234050393104553.
Epoch 99: forward train average loss 0.001498198705828852.
epoch 99: forward test average loss 0.007552159329255422.
inverse model, training agent 2.
epoch 0: inverse train average loss 0.0049104595091193914.
epoch 0: inverse test average loss 0.007015820582940553.
epoch 99: inverse train average loss 0.0022244363402326903.
epoch 99: inverse test average loss 0.0034235617559817103.
Policy training episode: 47, grounded actions taken: 427, last two uncertainties: {0: [0.8493043502171834, 0.7939379188749526], 1: [1.2497923958632682, 1.5899755126900144], 2: [0.8938475171724956, 0.9231231050358878]}, avg agent uncertainties: [0.821621134546068, 1.4198839542766413, 0.9084853111041917], grounded actions by agent: [234, 9, 184]
Policy training episode: 47, iteration 0/1, policy training avg travel time:65.67535714285714, q_loss:33.46800231933594, rewards:-22.32486300998264, queue:3.6185185185185187, delay:0.18067689118561922, throughput:2777
Sim Rollout episode:48/100, sim avg travel time:62.63191717243841, rewards:-16.5951416015625, queue:2.9027777777777777, delay:0.1615936279296875, throughput:2783
Real rollout step:48/100, travel time:680.9554896142433, rewards:-267.7234809027778, queue:37.614814814814814, delay:0.7194092362015335, throughput:1168
forward model: training agent 0.
Epoch 0: forward train average loss 0.0005696892104525533.
epoch 0: forward test average loss 0.002675581413010756.
Epoch 99: forward train average loss 0.00040379053421525494.
epoch 99: forward test average loss 0.0020431694057252672.
inverse model, training agent 0.
epoch 0: inverse train average loss 0.01665162191622787.
epoch 0: inverse test average loss 0.02097009287940131.
epoch 99: inverse train average loss 0.0034335180340955653.
epoch 99: inverse test average loss 0.007315941982799106.
forward model: training agent 1.
Epoch 0: forward train average loss 0.002965829697334104.
epoch 0: forward test average loss 0.00584189138478703.
Epoch 99: forward train average loss 0.0018868191271192497.
epoch 99: forward test average loss 0.006978941667411063.
inverse model, training agent 1.
epoch 0: inverse train average loss 0.010049496466914812.
epoch 0: inverse test average loss 0.017919937355650797.
epoch 99: inverse train average loss 0.00739338549060954.
epoch 99: inverse test average loss 0.006366613838407729.
forward model: training agent 2.
Epoch 0: forward train average loss 0.006940681176880996.
epoch 0: forward test average loss 0.011242887626091639.
Epoch 99: forward train average loss 0.0033629793259832594.
epoch 99: forward test average loss 0.007596539333462715.
inverse model, training agent 2.
epoch 0: inverse train average loss 0.004113522668679555.
epoch 0: inverse test average loss 0.00475660765530645.
epoch 99: inverse train average loss 0.0016174957078571122.
epoch 99: inverse test average loss 0.0012810293248751098.
Policy training episode: 48, grounded actions taken: 408, last two uncertainties: {0: [0.7939379188749526, 1.0672044785486328], 1: [1.5899755126900144, 1.5081328812572692], 2: [0.9231231050358878, 0.9161430106394821]}, avg agent uncertainties: [0.9305711987117926, 1.5490541969736418, 0.919633057837685], grounded actions by agent: [97, 121, 190]
Policy training episode: 48, iteration 0/1, policy training avg travel time:52.002857142857145, q_loss:34.63834762573242, rewards:-6.48638916015625, queue:1.174074074074074, delay:0.13685266000253182, throughput:2781
Sim Rollout episode:49/100, sim avg travel time:62.9575, rewards:-17.880693901909723, queue:3.087037037037037, delay:0.16868308738425927, throughput:2784
Real rollout step:49/100, travel time:816.0948096885813, rewards:-263.3738715277778, queue:39.75555555555555, delay:0.7608078002929688, throughput:932
forward model: training agent 0.
Epoch 0: forward train average loss 0.0054890538772775065.
epoch 0: forward test average loss 0.007332547671265072.
Epoch 99: forward train average loss 0.0013331185069142117.
epoch 99: forward test average loss 0.004401952028274536.
inverse model, training agent 0.
epoch 0: inverse train average loss 0.02121943628622426.
epoch 0: inverse test average loss 0.04985166754987505.
epoch 99: inverse train average loss 0.005251061119553115.
epoch 99: inverse test average loss 0.013757944107055664.
forward model: training agent 1.
Epoch 0: forward train average loss 0.007031767422126399.
epoch 0: forward test average loss 0.012520614597532485.
Epoch 99: forward train average loss 0.0019208332523703575.
epoch 99: forward test average loss 0.004557504111693965.
inverse model, training agent 1.
epoch 0: inverse train average loss 0.023627250972721312.
epoch 0: inverse test average loss 0.03824851910273234.
epoch 99: inverse train average loss 0.014703351383407911.
epoch 99: inverse test average loss 0.023551014562447865.
forward model: training agent 2.
Epoch 0: forward train average loss 0.021241027654873.
epoch 0: forward test average loss 0.01693129042784373.
Epoch 99: forward train average loss 0.0015372960673024256.
epoch 99: forward test average loss 0.00751139223575592.
inverse model, training agent 2.
epoch 0: inverse train average loss 0.0058119479152891375.
epoch 0: inverse test average loss 0.010850002989172935.
epoch 99: inverse train average loss 0.0030306733290975294.
epoch 99: inverse test average loss 0.0064336894882015055.
Policy training episode: 49, grounded actions taken: 523, last two uncertainties: {0: [1.0672044785486328, 0.7866332556638452], 1: [1.5081328812572692, 1.7048868263761203], 2: [0.9161430106394821, 1.0043858956959513]}, avg agent uncertainties: [0.9269188671062389, 1.6065098538166946, 0.9602644531677167], grounded actions by agent: [243, 124, 156]
Policy training episode: 49, iteration 0/1, policy training avg travel time:62.1727954302035, q_loss:33.851497650146484, rewards:-16.340003797743055, queue:2.848148148148148, delay:0.15914043850368922, throughput:2787
Sim Rollout episode:50/100, sim avg travel time:63.75473045340949, rewards:-17.18027886284722, queue:2.975925925925926, delay:0.16769478409378616, throughput:2784
Real rollout step:50/100, travel time:708.2632864996946, rewards:-258.704296875, queue:35.762962962962966, delay:0.7122183905707465, throughput:1129
forward model: training agent 0.
Epoch 0: forward train average loss 0.0013045370837466584.
epoch 0: forward test average loss 0.0030206793712245095.
Epoch 99: forward train average loss 0.00042346021412716556.
epoch 99: forward test average loss 0.0013617257096080317.
inverse model, training agent 0.
epoch 0: inverse train average loss 0.014789826133184962.
epoch 0: inverse test average loss 0.01228109747171402.
epoch 99: inverse train average loss 0.0055631680103639764.
epoch 99: inverse test average loss 0.004023076655964057.
forward model: training agent 1.
Epoch 0: forward train average loss 0.003756567370146513.
epoch 0: forward test average loss 0.006146836818920242.
Epoch 99: forward train average loss 0.0014446307646317615.
epoch 99: forward test average loss 0.0077056485331720775.
inverse model, training agent 1.
epoch 0: inverse train average loss 0.019296047588189442.
epoch 0: inverse test average loss 0.03616959187719557.
epoch 99: inverse train average loss 0.015005095344450738.
epoch 99: inverse test average loss 0.027661114931106567.
forward model: training agent 2.
Epoch 0: forward train average loss 0.005778236004213492.
epoch 0: forward test average loss 0.010912734187311597.
Epoch 99: forward train average loss 0.0032507029568983447.
epoch 99: forward test average loss 0.007250508500470055.
inverse model, training agent 2.
epoch 0: inverse train average loss 0.004386375891044736.
epoch 0: inverse test average loss 0.00282187449435393.
epoch 99: inverse train average loss 0.002512654522433877.
epoch 99: inverse test average loss 0.003250027282370461.
Policy training episode: 50, grounded actions taken: 523, last two uncertainties: {0: [0.7866332556638452, 0.8054803025391367], 1: [1.7048868263761203, 1.7533294601572884], 2: [1.0043858956959513, 1.0314175622330772]}, avg agent uncertainties: [0.796056779101491, 1.7291081432667044, 1.0179017289645143], grounded actions by agent: [242, 116, 165]
Policy training episode: 50, iteration 0/1, policy training avg travel time:64.00606926097822, q_loss:36.31651306152344, rewards:-19.3638916015625, queue:3.337962962962963, delay:0.1721130512378834, throughput:2785
Sim Rollout episode:51/100, sim avg travel time:64.09178571428572, rewards:-18.324860297309026, queue:3.1953703703703704, delay:0.1711962381998698, throughput:2783
Real rollout step:51/100, travel time:951.6514242878561, rewards:-307.7845703125, queue:46.20925925925926, delay:0.8170688205295139, throughput:800
forward model: training agent 0.
Epoch 0: forward train average loss 0.000556293939654198.
epoch 0: forward test average loss 0.0031154856292737853.
Epoch 99: forward train average loss 0.0004298050060040421.
epoch 99: forward test average loss 0.00133609901725625.
inverse model, training agent 0.
epoch 0: inverse train average loss 0.004606726889808972.
epoch 0: inverse test average loss 0.010035694473319583.
epoch 99: inverse train average loss 0.003997266965193881.
epoch 99: inverse test average loss 0.010399961637126075.
forward model: training agent 1.
Epoch 0: forward train average loss 0.005151825284378396.
epoch 0: forward test average loss 0.009129945602681901.
Epoch 99: forward train average loss 0.0019055764553033644.
epoch 99: forward test average loss 0.005739392091830571.
inverse model, training agent 1.
epoch 0: inverse train average loss 0.014992818857232729.
epoch 0: inverse test average loss 0.031752182377709284.
epoch 99: inverse train average loss 0.010228912656505903.
epoch 99: inverse test average loss 0.01633155345916748.
forward model: training agent 2.
Epoch 0: forward train average loss 0.00538730729992191.
epoch 0: forward test average loss 0.008561380414499177.
Epoch 99: forward train average loss 0.0016432652353412574.
epoch 99: forward test average loss 0.008434184309509065.
inverse model, training agent 2.
epoch 0: inverse train average loss 0.013964282245271735.
epoch 0: inverse test average loss 0.015027529689379863.
epoch 99: inverse train average loss 0.006939229658908314.
epoch 99: inverse test average loss 0.010943611876832115.
Policy training episode: 51, grounded actions taken: 413, last two uncertainties: {0: [0.8054803025391367, 0.7842730848325623], 1: [1.7533294601572884, 1.6969706407851644], 2: [1.0314175622330772, 1.3226876952581936]}, avg agent uncertainties: [0.7948766936858496, 1.7251500504712265, 1.1770526287456353], grounded actions by agent: [196, 183, 34]
Policy training episode: 51, iteration 0/1, policy training avg travel time:67.55301677972153, q_loss:34.829307556152344, rewards:-22.725278049045137, queue:3.925, delay:0.18317127934208624, throughput:2784
Sim Rollout episode:52/100, sim avg travel time:62.97108175651553, rewards:-15.399442545572917, queue:2.765740740740741, delay:0.16696176882143374, throughput:2789
Real rollout step:52/100, travel time:1332.7962382445141, rewards:-286.58014322916665, queue:43.63055555555555, delay:0.7407591643156829, throughput:459
forward model: training agent 0.
Epoch 0: forward train average loss 0.0005979552354094469.
epoch 0: forward test average loss 0.0041322000324726105.
Epoch 99: forward train average loss 0.0005698479750814537.
epoch 99: forward test average loss 0.001525040069181058.
inverse model, training agent 0.
epoch 0: inverse train average loss 0.003847994996855656.
epoch 0: inverse test average loss 0.006785150203439925.
epoch 99: inverse train average loss 0.003191776858228776.
epoch 99: inverse test average loss 0.00942679742972056.
forward model: training agent 1.
Epoch 0: forward train average loss 0.0034263086401753956.
epoch 0: forward test average loss 0.004302572562462754.
Epoch 99: forward train average loss 0.002047400637012389.
epoch 99: forward test average loss 0.003508397326287296.
inverse model, training agent 1.
epoch 0: inverse train average loss 0.015818628792961437.
epoch 0: inverse test average loss 0.02268973820739322.
epoch 99: inverse train average loss 0.013620775192975998.
epoch 99: inverse test average loss 0.024049733248021867.
forward model: training agent 2.
Epoch 0: forward train average loss 0.0024626215195490252.
epoch 0: forward test average loss 0.0033956230100658205.
Epoch 99: forward train average loss 0.0004355055021329059.
epoch 99: forward test average loss 0.0034603565517399046.
inverse model, training agent 2.
epoch 0: inverse train average loss 0.014140579228599867.
epoch 0: inverse test average loss 0.014508258551359177.
epoch 99: inverse train average loss 0.00861592890901698.
epoch 99: inverse test average loss 0.009298603981733322.
Policy training episode: 52, grounded actions taken: 294, last two uncertainties: {0: [0.7842730848325623, 1.0097250965734323], 1: [1.6969706407851644, 1.7413936366637548], 2: [1.3226876952581936, 1.4040678029259046]}, avg agent uncertainties: [0.8969990907029973, 1.7191821387244595, 1.3633777490920491], grounded actions by agent: [65, 157, 72]
Policy training episode: 52, iteration 0/1, policy training avg travel time:55.378571428571426, q_loss:32.29119110107422, rewards:-4.363333808051215, queue:0.837037037037037, delay:0.13981526692708332, throughput:2791
Sim Rollout episode:53/100, sim avg travel time:63.5308818279186, rewards:-17.899449327256946, queue:3.100925925925926, delay:0.15907575819227432, throughput:2791
Real rollout step:53/100, travel time:640.3824214202562, rewards:-247.50043402777777, queue:35.81203703703704, delay:0.7470790721752025, throughput:1213
forward model: training agent 0.
Epoch 0: forward train average loss 0.002323345100093219.
epoch 0: forward test average loss 0.006352157849404547.
Epoch 99: forward train average loss 0.001228583122914036.
epoch 99: forward test average loss 0.0027905577121095527.
inverse model, training agent 0.
epoch 0: inverse train average loss 0.00778396510415607.
epoch 0: inverse test average loss 0.014351560837692685.
epoch 99: inverse train average loss 0.005450576026406553.
epoch 99: inverse test average loss 0.006997700366708968.
forward model: training agent 1.
Epoch 0: forward train average loss 0.0050937045986453695.
epoch 0: forward test average loss 0.008927874681022432.
Epoch 99: forward train average loss 0.0018214450683444738.
epoch 99: forward test average loss 0.004390426600972812.
inverse model, training agent 1.
epoch 0: inverse train average loss 0.014340164139866829.
epoch 0: inverse test average loss 0.02527596304814021.
epoch 99: inverse train average loss 0.008776262195573913.
epoch 99: inverse test average loss 0.012141469452116225.
forward model: training agent 2.
Epoch 0: forward train average loss 0.005855865259137418.
epoch 0: forward test average loss 0.010148008250527911.
Epoch 99: forward train average loss 0.002723699746032556.
epoch 99: forward test average loss 0.009728676742977567.
inverse model, training agent 2.
epoch 0: inverse train average loss 0.00541773262537188.
epoch 0: inverse test average loss 0.01268327898449368.
epoch 99: inverse train average loss 0.004321676834175984.
epoch 99: inverse test average loss 0.015150948531097837.
Policy training episode: 53, grounded actions taken: 654, last two uncertainties: {0: [1.0097250965734323, 0.971632769703865], 1: [1.7413936366637548, 1.523251404861609], 2: [1.4040678029259046, 1.3572529102365176]}, avg agent uncertainties: [0.9906789331386487, 1.632322520762682, 1.380660356581211], grounded actions by agent: [127, 321, 206]
Policy training episode: 53, iteration 0/1, policy training avg travel time:58.139235987147444, q_loss:30.439905166625977, rewards:-5.135556030273437, queue:0.9990740740740741, delay:0.13643352367259837, throughput:2790
Sim Rollout episode:54/100, sim avg travel time:54.69975008925384, rewards:-3.996944851345486, queue:0.7657407407407407, delay:0.12838931613498264, throughput:2790
Real rollout step:54/100, travel time:561.6787452677123, rewards:-222.35972222222222, queue:31.18425925925926, delay:0.6741416648582176, throughput:1344
forward model: training agent 0.
Epoch 0: forward train average loss 0.0013179195811972022.
epoch 0: forward test average loss 0.005141311014691989.
Epoch 99: forward train average loss 0.0009514322349180778.
epoch 99: forward test average loss 0.00352380010816786.
inverse model, training agent 0.
epoch 0: inverse train average loss 0.004968290062000354.
epoch 0: inverse test average loss 0.006543484206000964.
epoch 99: inverse train average loss 0.003672422737711006.
epoch 99: inverse test average loss 0.015850344258877967.
forward model: training agent 1.
Epoch 0: forward train average loss 0.009100604647149643.
epoch 0: forward test average loss 0.016294879217942555.
Epoch 99: forward train average loss 0.0019463608558807108.
epoch 99: forward test average loss 0.007660661927527851.
inverse model, training agent 1.
epoch 0: inverse train average loss 0.014234486760364639.
epoch 0: inverse test average loss 0.01967854963408576.
epoch 99: inverse train average loss 0.011618808946675725.
epoch 99: inverse test average loss 0.013490999324454201.
forward model: training agent 2.
Epoch 0: forward train average loss 0.006409387518134382.
epoch 0: forward test average loss 0.010528704772392908.
Epoch 99: forward train average loss 0.003242786715014113.
epoch 99: forward test average loss 0.008982904255390167.
inverse model, training agent 2.
epoch 0: inverse train average loss 0.004008235099414985.
epoch 0: inverse test average loss 0.00827232375741005.
epoch 99: inverse train average loss 0.0018931154109951523.
epoch 99: inverse test average loss 0.0045929549054967034.
Policy training episode: 54, grounded actions taken: 729, last two uncertainties: {0: [0.971632769703865, 0.8302414435479376], 1: [1.523251404861609, 1.634463017516666], 2: [1.3572529102365176, 1.2040532388620906]}, avg agent uncertainties: [0.9009371066259013, 1.5788572111891375, 1.280653074549304], grounded actions by agent: [276, 171, 282]
Policy training episode: 54, iteration 0/1, policy training avg travel time:60.82857142857143, q_loss:29.17690658569336, rewards:-14.047361924913194, queue:2.437962962962963, delay:0.15991394608109086, throughput:2790
Sim Rollout episode:55/100, sim avg travel time:63.324285714285715, rewards:-18.04041748046875, queue:3.149074074074074, delay:0.16159433435510706, throughput:2783
Real rollout step:55/100, travel time:601.3830392714855, rewards:-237.8716579861111, queue:34.568518518518516, delay:0.6895777384440104, throughput:1247
forward model: training agent 0.
Epoch 0: forward train average loss 0.0022791975126084355.
epoch 0: forward test average loss 0.005295043604241477.
Epoch 99: forward train average loss 0.0012485416890639397.
epoch 99: forward test average loss 0.0038150384401281676.
inverse model, training agent 0.
epoch 0: inverse train average loss 0.007040335175891717.
epoch 0: inverse test average loss 0.008742714507712258.
epoch 99: inverse train average loss 0.004057890011204613.
epoch 99: inverse test average loss 0.00990259274840355.
forward model: training agent 1.
Epoch 0: forward train average loss 0.007600703380174107.
epoch 0: forward test average loss 0.009569641616609361.
Epoch 99: forward train average loss 0.0017935441574081779.
epoch 99: forward test average loss 0.0034936433140602377.
inverse model, training agent 1.
epoch 0: inverse train average loss 0.010100833036833338.
epoch 0: inverse test average loss 0.013141361789570915.
epoch 99: inverse train average loss 0.007685542934470707.
epoch 99: inverse test average loss 0.013248707685205672.
forward model: training agent 2.
Epoch 0: forward train average loss 0.007301083455483119.
epoch 0: forward test average loss 0.011277231077353159.
Epoch 99: forward train average loss 0.002650452467302481.
epoch 99: forward test average loss 0.006135662603709433.
inverse model, training agent 2.
epoch 0: inverse train average loss 0.0025458563145043123.
epoch 0: inverse test average loss 0.00189083700792657.
epoch 99: inverse train average loss 0.0020750435069203377.
epoch 99: inverse test average loss 0.001241931381324927.
Policy training episode: 55, grounded actions taken: 665, last two uncertainties: {0: [0.8302414435479376, 0.9041908939679464], 1: [1.634463017516666, 1.4641517117619514], 2: [1.2040532388620906, 1.093408488565021]}, avg agent uncertainties: [0.867216168757942, 1.5493073646393087, 1.1487308637135558], grounded actions by agent: [164, 218, 283]
Policy training episode: 55, iteration 0/1, policy training avg travel time:59.57622277757944, q_loss:29.542247772216797, rewards:-6.620138210720486, queue:1.1796296296296296, delay:0.14733543395996093, throughput:2784
Sim Rollout episode:56/100, sim avg travel time:62.13428571428572, rewards:-16.268052842881943, queue:2.803703703703704, delay:0.1627508657949942, throughput:2782
Real rollout step:56/100, travel time:176.26819505094613, rewards:-115.1412326388889, queue:15.25462962962963, delay:0.5230924253110533, throughput:2608
forward model: training agent 0.
Epoch 0: forward train average loss 0.021683824972973928.
epoch 0: forward test average loss 0.03321655425760481.
Epoch 99: forward train average loss 0.006465046873523129.
epoch 99: forward test average loss 0.017602442453304928.
inverse model, training agent 0.
epoch 0: inverse train average loss 0.035147899554835424.
epoch 0: inverse test average loss 0.07749052180184259.
epoch 99: inverse train average loss 0.003432227402097649.
epoch 99: inverse test average loss 0.0063059162348508835.
forward model: training agent 1.
Epoch 0: forward train average loss 0.008124443909360303.
epoch 0: forward test average loss 0.01467807673745685.
Epoch 99: forward train average loss 0.005528426832622952.
epoch 99: forward test average loss 0.009350350747505823.
inverse model, training agent 1.
epoch 0: inverse train average loss 0.010940193716022704.
epoch 0: inverse test average loss 0.011422613428698646.
epoch 99: inverse train average loss 0.009052087138924334.
epoch 99: inverse test average loss 0.010427578041950861.
forward model: training agent 2.
Epoch 0: forward train average loss 0.009765893013940917.
epoch 0: forward test average loss 0.012940823203987546.
Epoch 99: forward train average loss 0.006329215442140897.
epoch 99: forward test average loss 0.013811081233951781.
inverse model, training agent 2.
epoch 0: inverse train average loss 0.003135012255774604.
epoch 0: inverse test average loss 0.0033222747345765433.
epoch 99: inverse train average loss 0.0020173090354849896.
epoch 99: inverse test average loss 0.002927762818419271.
Policy training episode: 56, grounded actions taken: 677, last two uncertainties: {0: [0.9041908939679464, 0.7595402974221441], 1: [1.4641517117619514, 1.5347431614995002], 2: [1.093408488565021, 1.064967033929295]}, avg agent uncertainties: [0.8318655956950453, 1.4994474366307258, 1.0791877612471579], grounded actions by agent: [254, 170, 253]
Policy training episode: 56, iteration 0/1, policy training avg travel time:65.95394501963584, q_loss:31.379636764526367, rewards:-15.860693359375, queue:2.7398148148148147, delay:0.16111413461190682, throughput:2790
Sim Rollout episode:57/100, sim avg travel time:64.64821428571429, rewards:-18.61777886284722, queue:3.212962962962963, delay:0.17117651480215568, throughput:2783
Real rollout step:57/100, travel time:180.9666061705989, rewards:-134.93169487847223, queue:18.530555555555555, delay:0.5860378689236111, throughput:2635
forward model: training agent 0.
Epoch 0: forward train average loss 0.010571061530046992.
epoch 0: forward test average loss 0.017621111538675096.
Epoch 99: forward train average loss 0.00647600626366006.
epoch 99: forward test average loss 0.009050402790307999.
inverse model, training agent 0.
epoch 0: inverse train average loss 0.0034179630844543376.
epoch 0: inverse test average loss 0.005085581913590431.
epoch 99: inverse train average loss 0.0028523671854701308.
epoch 99: inverse test average loss 0.0052166349358028835.
forward model: training agent 1.
Epoch 0: forward train average loss 0.014730600847138299.
epoch 0: forward test average loss 0.015339741276370155.
Epoch 99: forward train average loss 0.005134213922752274.
epoch 99: forward test average loss 0.009107517699400583.
inverse model, training agent 1.
epoch 0: inverse train average loss 0.010919712690843476.
epoch 0: inverse test average loss 0.018998107976383634.
epoch 99: inverse train average loss 0.008451313194301393.
epoch 99: inverse test average loss 0.01874630567100313.
forward model: training agent 2.
Epoch 0: forward train average loss 0.009854927038153013.
epoch 0: forward test average loss 0.017747009379996195.
Epoch 99: forward train average loss 0.006700828050573667.
epoch 99: forward test average loss 0.014331605699327257.
inverse model, training agent 2.
epoch 0: inverse train average loss 0.003728575383623441.
epoch 0: inverse test average loss 0.0028278311818010276.
epoch 99: inverse train average loss 0.0019909435650333762.
epoch 99: inverse test average loss 0.008800126612186432.
Policy training episode: 57, grounded actions taken: 577, last two uncertainties: {0: [0.7595402974221441, 0.7227531181441413], 1: [1.5347431614995002, 1.5274694547057153], 2: [1.064967033929295, 1.0948273830943638]}, avg agent uncertainties: [0.7411467077831427, 1.5311063081026077, 1.0798972085118295], grounded actions by agent: [246, 154, 177]
Policy training episode: 57, iteration 0/1, policy training avg travel time:63.54551945733667, q_loss:28.921539306640625, rewards:-18.409170193142362, queue:3.1222222222222222, delay:0.179900798091182, throughput:2781
Sim Rollout episode:58/100, sim avg travel time:55.93857142857143, rewards:-4.211944919162327, queue:0.8064814814814815, delay:0.13082624364782264, throughput:2790
Real rollout step:58/100, travel time:141.92920042268403, rewards:-68.86247829861111, queue:9.517592592592592, delay:0.44609064172815394, throughput:2760
forward model: training agent 0.
Epoch 0: forward train average loss 0.011054002369443575.
epoch 0: forward test average loss 0.015664422263701756.
Epoch 99: forward train average loss 0.00744765376051267.
epoch 99: forward test average loss 0.011661852399508158.
inverse model, training agent 0.
epoch 0: inverse train average loss 0.002416560814405481.
epoch 0: inverse test average loss 0.0025830988047851455.
epoch 99: inverse train average loss 0.00182154373679724.
epoch 99: inverse test average loss 0.002187532676746034.
forward model: training agent 1.
Epoch 0: forward train average loss 0.006453488849931293.
epoch 0: forward test average loss 0.010621483127276102.
Epoch 99: forward train average loss 0.005681274355285698.
epoch 99: forward test average loss 0.01166890851325459.
inverse model, training agent 1.
epoch 0: inverse train average loss 0.011427879023055235.
epoch 0: inverse test average loss 0.018600934081607394.
epoch 99: inverse train average loss 0.00555063509899709.
epoch 99: inverse test average loss 0.011083426160944833.
forward model: training agent 2.
Epoch 0: forward train average loss 0.009235946668518914.
epoch 0: forward test average loss 0.014969337317678664.
Epoch 99: forward train average loss 0.006640640190905995.
epoch 99: forward test average loss 0.015050224132008024.
inverse model, training agent 2.
epoch 0: inverse train average loss 0.002246945190967785.
epoch 0: inverse test average loss 0.003321842471551564.
epoch 99: inverse train average loss 0.0018242872061414851.
epoch 99: inverse test average loss 0.0037289668495456376.
Policy training episode: 58, grounded actions taken: 496, last two uncertainties: {0: [0.7227531181441413, 0.8163157634437084], 1: [1.5274694547057153, 1.416059371166759], 2: [1.0948273830943638, 1.10108203722371]}, avg agent uncertainties: [0.7695344407939249, 1.471764412936237, 1.097954710159037], grounded actions by agent: [110, 202, 184]
Policy training episode: 58, iteration 0/1, policy training avg travel time:56.07535714285714, q_loss:29.909860610961914, rewards:-6.594445122612847, queue:1.1268518518518518, delay:0.1483705308702257, throughput:2781
Sim Rollout episode:59/100, sim avg travel time:55.18821428571429, rewards:-3.9345831976996526, queue:0.7685185185185185, delay:0.13051216690628617, throughput:2790
Real rollout step:59/100, travel time:697.3808049535604, rewards:-245.31571180555557, queue:35.47962962962963, delay:0.7179495917426215, throughput:1122
forward model: training agent 0.
Epoch 0: forward train average loss 0.013981391158368852.
epoch 0: forward test average loss 0.012342741092046102.
Epoch 99: forward train average loss 0.0013533956500598127.
epoch 99: forward test average loss 0.003564583861993419.
inverse model, training agent 0.
epoch 0: inverse train average loss 0.01400918285879824.
epoch 0: inverse test average loss 0.019919373095035553.
epoch 99: inverse train average loss 0.003189351254453262.
epoch 99: inverse test average loss 0.006370924413204193.
forward model: training agent 1.
Epoch 0: forward train average loss 0.01342190740009149.
epoch 0: forward test average loss 0.013424793051348792.
Epoch 99: forward train average loss 0.0018346684519201517.
epoch 99: forward test average loss 0.005170658023820983.
inverse model, training agent 1.
epoch 0: inverse train average loss 0.014346083626151085.
epoch 0: inverse test average loss 0.026781683166821797.
epoch 99: inverse train average loss 0.008593309877647294.
epoch 99: inverse test average loss 0.015783043371306524.
forward model: training agent 2.
Epoch 0: forward train average loss 0.00845576346748405.
epoch 0: forward test average loss 0.010704762405819364.
Epoch 99: forward train average loss 0.002993173897266388.
epoch 99: forward test average loss 0.005807321104738448.
inverse model, training agent 2.
epoch 0: inverse train average loss 0.002845684273375405.
epoch 0: inverse test average loss 0.012107088644471433.
epoch 99: inverse train average loss 0.0022103664103067583.
epoch 99: inverse test average loss 0.009919214786754714.
Policy training episode: 59, grounded actions taken: 583, last two uncertainties: {0: [0.8163157634437084, 0.7419402559598287], 1: [1.416059371166759, 1.5165259195698633], 2: [1.10108203722371, 1.0795728964938058]}, avg agent uncertainties: [0.7791280097017685, 1.4662926453683112, 1.090327466858758], grounded actions by agent: [204, 167, 212]
Policy training episode: 59, iteration 0/1, policy training avg travel time:63.667857142857144, q_loss:30.224599838256836, rewards:-19.557640245225695, queue:3.0277777777777777, delay:0.19724584508825233, throughput:2779
Sim Rollout episode:60/100, sim avg travel time:62.79535714285714, rewards:-16.67569580078125, queue:2.8925925925925924, delay:0.16216482939543547, throughput:2783
Real rollout step:60/100, travel time:255.07949626131443, rewards:-149.26666666666668, queue:20.01388888888889, delay:0.5640695077401621, throughput:2205
forward model: training agent 0.
Epoch 0: forward train average loss 0.007614826887018151.
epoch 0: forward test average loss 0.010664615366193984.
Epoch 99: forward train average loss 0.0028980186519523463.
epoch 99: forward test average loss 0.005933721446328693.
inverse model, training agent 0.
epoch 0: inverse train average loss 0.011477592815127637.
epoch 0: inverse test average loss 0.012772936373949051.
epoch 99: inverse train average loss 0.003142090824743112.
epoch 99: inverse test average loss 0.00571295494834582.
forward model: training agent 1.
Epoch 0: forward train average loss 0.006447605478266875.
epoch 0: forward test average loss 0.010746297736962637.
Epoch 99: forward train average loss 0.0035668544781704745.
epoch 99: forward test average loss 0.008161393097705312.
inverse model, training agent 1.
epoch 0: inverse train average loss 0.009454879702793227.
epoch 0: inverse test average loss 0.013371826459964117.
epoch 99: inverse train average loss 0.006949402805831697.
epoch 99: inverse test average loss 0.01296705918179618.
forward model: training agent 2.
Epoch 0: forward train average loss 0.007997892486552397.
epoch 0: forward test average loss 0.012085069798760943.
Epoch 99: forward train average loss 0.005650659195250935.
epoch 99: forward test average loss 0.011125205705563227.
inverse model, training agent 2.
epoch 0: inverse train average loss 0.0019999526880888473.
epoch 0: inverse test average loss 0.004221641096389956.
epoch 99: inverse train average loss 0.0015440021201761232.
epoch 99: inverse test average loss 0.007727057569556766.
Policy training episode: 60, grounded actions taken: 588, last two uncertainties: {0: [0.7419402559598287, 0.6964091421829329], 1: [1.5165259195698633, 1.5429175987839698], 2: [1.0795728964938058, 1.081209543844064]}, avg agent uncertainties: [0.7191746990713808, 1.5297217591769166, 1.080391220168935], grounded actions by agent: [245, 141, 202]
Policy training episode: 60, iteration 0/1, policy training avg travel time:63.357601713062095, q_loss:29.4439697265625, rewards:-17.778333875868057, queue:2.897222222222222, delay:0.18684768676757812, throughput:2791
Sim Rollout episode:61/100, sim avg travel time:58.349642857142854, rewards:-3.4901397705078123, queue:0.6796296296296296, delay:0.12296659681532118, throughput:2790
Real rollout step:61/100, travel time:377.99620673304884, rewards:-156.37152777777777, queue:23.571296296296296, delay:0.6066737987377026, throughput:1663
forward model: training agent 0.
Epoch 0: forward train average loss 0.007123565094338523.
epoch 0: forward test average loss 0.008308935082621045.
Epoch 99: forward train average loss 0.004951824589322011.
epoch 99: forward test average loss 0.00835633153716723.
inverse model, training agent 0.
epoch 0: inverse train average loss 0.008138311095535755.
epoch 0: inverse test average loss 0.01007764595043328.
epoch 99: inverse train average loss 0.002500916003353066.
epoch 99: inverse test average loss 0.00489021817015277.
forward model: training agent 1.
Epoch 0: forward train average loss 0.016688263457682397.
epoch 0: forward test average loss 0.013972889631986618.
Epoch 99: forward train average loss 0.00438946635565824.
epoch 99: forward test average loss 0.009129719601737129.
inverse model, training agent 1.
epoch 0: inverse train average loss 0.012310986924502585.
epoch 0: inverse test average loss 0.022388688392109342.
epoch 99: inverse train average loss 0.0069786229481299715.
epoch 99: inverse test average loss 0.023657456040382385.
forward model: training agent 2.
Epoch 0: forward train average loss 0.01604165592127376.
epoch 0: forward test average loss 0.01867153826687071.
Epoch 99: forward train average loss 0.002794585656374693.
epoch 99: forward test average loss 0.0065681882616546415.
inverse model, training agent 2.
epoch 0: inverse train average loss 0.0027634514650950828.
epoch 0: inverse test average loss 0.008296529452006022.
epoch 99: inverse train average loss 0.002129221283313301.
epoch 99: inverse test average loss 0.0041216327291395925.
Policy training episode: 61, grounded actions taken: 653, last two uncertainties: {0: [0.6964091421829329, 0.6746171659065617], 1: [1.5429175987839698, 1.5198335642615954], 2: [1.081209543844064, 1.0740504895647367]}, avg agent uncertainties: [0.6855131540447473, 1.5313755815227825, 1.0776300167044004], grounded actions by agent: [225, 226, 202]
Policy training episode: 61, iteration 0/1, policy training avg travel time:64.58642857142857, q_loss:28.20210075378418, rewards:-20.011669921875, queue:3.335185185185185, delay:0.18796556260850694, throughput:2781
Sim Rollout episode:62/100, sim avg travel time:57.036772581220994, rewards:-14.460139973958333, queue:2.4972222222222222, delay:0.1592783044885706, throughput:2786
Real rollout step:62/100, travel time:241.92235294117648, rewards:-153.13639322916666, queue:20.72037037037037, delay:0.5713120637116609, throughput:2212
forward model: training agent 0.
Epoch 0: forward train average loss 0.0061203023004863.
epoch 0: forward test average loss 0.007081538438796997.
Epoch 99: forward train average loss 0.002878500045173698.
epoch 99: forward test average loss 0.006768855783674452.
inverse model, training agent 0.
epoch 0: inverse train average loss 0.03261256590485573.
epoch 0: inverse test average loss 0.06232448750072055.
epoch 99: inverse train average loss 0.0057807173062529825.
epoch 99: inverse test average loss 0.006393935634858078.
forward model: training agent 1.
Epoch 0: forward train average loss 0.010099890434907543.
epoch 0: forward test average loss 0.014481652941968706.
Epoch 99: forward train average loss 0.003848648371381892.
epoch 99: forward test average loss 0.006245092385345035.
inverse model, training agent 1.
epoch 0: inverse train average loss 0.00879426124609179.
epoch 0: inverse test average loss 0.032464269962575704.
epoch 99: inverse train average loss 0.006978854330049621.
epoch 99: inverse test average loss 0.01708595289124383.
forward model: training agent 2.
Epoch 0: forward train average loss 0.007899370768831836.
epoch 0: forward test average loss 0.01449765513340632.
Epoch 99: forward train average loss 0.005610770959821012.
epoch 99: forward test average loss 0.013449433777067397.
inverse model, training agent 2.
epoch 0: inverse train average loss 0.0025244026651812922.
epoch 0: inverse test average loss 0.004526803761513697.
epoch 99: inverse train average loss 0.002121058525517583.
epoch 99: inverse test average loss 0.01003289305501514.
Policy training episode: 62, grounded actions taken: 482, last two uncertainties: {0: [0.6746171659065617, 0.8515114770167403], 1: [1.5198335642615954, 1.561255039771398], 2: [1.0740504895647367, 1.1290060410896936]}, avg agent uncertainties: [0.763064321461651, 1.5405443020164968, 1.1015282653272152], grounded actions by agent: [92, 209, 181]
Policy training episode: 62, iteration 0/1, policy training avg travel time:54.16142857142857, q_loss:29.863906860351562, rewards:-6.894582790798611, queue:1.2055555555555555, delay:0.1497808950918692, throughput:2782
Sim Rollout episode:63/100, sim avg travel time:50.74357142857143, rewards:-3.7520850287543404, queue:0.725925925925926, delay:0.12595802589699073, throughput:2790
Real rollout step:63/100, travel time:135.0137420718816, rewards:-59.439724392361114, queue:8.287962962962963, delay:0.4296621251989294, throughput:2758
forward model: training agent 0.
Epoch 0: forward train average loss 0.014100567541188665.
epoch 0: forward test average loss 0.019684610267480213.
Epoch 99: forward train average loss 0.006994155959950553.
epoch 99: forward test average loss 0.013077857179774178.
inverse model, training agent 0.
epoch 0: inverse train average loss 0.0062809789346324075.
epoch 0: inverse test average loss 0.005765269924369123.
epoch 99: inverse train average loss 0.004261325734357039.
epoch 99: inverse test average loss 0.008220983876122369.
forward model: training agent 1.
Epoch 0: forward train average loss 0.00598797295242548.
epoch 0: forward test average loss 0.010925322771072388.
Epoch 99: forward train average loss 0.0050443135098450715.
epoch 99: forward test average loss 0.013937381820546256.
inverse model, training agent 1.
epoch 0: inverse train average loss 0.016003922662801214.
epoch 0: inverse test average loss 0.027374536626868777.
epoch 99: inverse train average loss 0.008146267487770982.
epoch 99: inverse test average loss 0.022288663933674496.
forward model: training agent 2.
Epoch 0: forward train average loss 0.009170988574624062.
epoch 0: forward test average loss 0.01368090096447203.
Epoch 99: forward train average loss 0.006668274187379413.
epoch 99: forward test average loss 0.013430421964989768.
inverse model, training agent 2.
epoch 0: inverse train average loss 0.003791671867171923.
epoch 0: inverse test average loss 0.002115911183257898.
epoch 99: inverse train average loss 0.0030223803284267583.
epoch 99: inverse test average loss 0.001975581489710344.
Policy training episode: 63, grounded actions taken: 462, last two uncertainties: {0: [0.8515114770167403, 0.7984883061713642], 1: [1.561255039771398, 1.628173814051681], 2: [1.1290060410896936, 1.1435305378503269]}, avg agent uncertainties: [0.8249998915940523, 1.5947144269115396, 1.1362682894700102], grounded actions by agent: [143, 149, 170]
Policy training episode: 63, iteration 0/1, policy training avg travel time:52.84475374732334, q_loss:29.932201385498047, rewards:-8.011250813802084, queue:1.3092592592592593, delay:0.15232391357421876, throughput:2780
Sim Rollout episode:64/100, sim avg travel time:57.894642857142856, rewards:-15.718885633680555, queue:2.7305555555555556, delay:0.16276707119411893, throughput:2784
Real rollout step:64/100, travel time:661.5818596691386, rewards:-202.97348090277777, queue:29.20740740740741, delay:0.6312976978443287, throughput:1249
forward model: training agent 0.
Epoch 0: forward train average loss 0.011175082789527046.
epoch 0: forward test average loss 0.015836817108922534.
Epoch 99: forward train average loss 0.0030526972582770717.
epoch 99: forward test average loss 0.007143891726930936.
inverse model, training agent 0.
epoch 0: inverse train average loss 0.007729487804075082.
epoch 0: inverse test average loss 0.012510769897037081.
epoch 99: inverse train average loss 0.002992877193416158.
epoch 99: inverse test average loss 0.007759133353829384.
forward model: training agent 1.
Epoch 0: forward train average loss 0.012366270905153619.
epoch 0: forward test average loss 0.018693341149224177.
Epoch 99: forward train average loss 0.0008394852306486832.
epoch 99: forward test average loss 0.0022907121520903376.
inverse model, training agent 1.
epoch 0: inverse train average loss 0.010037010535597801.
epoch 0: inverse test average loss 0.016290646874242358.
epoch 99: inverse train average loss 0.0047710709687736295.
epoch 99: inverse test average loss 0.01793301933341556.
forward model: training agent 2.
Epoch 0: forward train average loss 0.010190062535305819.
epoch 0: forward test average loss 0.013288204040792253.
Epoch 99: forward train average loss 0.0026643440230853027.
epoch 99: forward test average loss 0.008588881956206428.
inverse model, training agent 2.
epoch 0: inverse train average loss 0.003321287506777379.
epoch 0: inverse test average loss 0.010490247358878454.
epoch 99: inverse train average loss 0.0022740197730147177.
epoch 99: inverse test average loss 0.007910086048973931.
Policy training episode: 64, grounded actions taken: 727, last two uncertainties: {0: [0.7984883061713642, 0.5773489313820998], 1: [1.628173814051681, 1.4544685070713361], 2: [1.1435305378503269, 1.1476114104191462]}, avg agent uncertainties: [0.687918618776732, 1.5413211605615085, 1.1455709741347366], grounded actions by agent: [280, 251, 196]
Policy training episode: 64, iteration 0/1, policy training avg travel time:61.761428571428574, q_loss:29.16260528564453, rewards:-21.80375298394097, queue:3.4833333333333334, delay:0.1877146261709708, throughput:2785
Sim Rollout episode:65/100, sim avg travel time:59.27357142857143, rewards:-17.023750813802085, queue:2.9851851851851854, delay:0.1574923762568721, throughput:2785
Real rollout step:65/100, travel time:664.8141975308642, rewards:-236.2130642361111, queue:33.4787037037037, delay:0.6853531448929399, throughput:1171
forward model: training agent 0.
Epoch 0: forward train average loss 0.00790425307220883.
epoch 0: forward test average loss 0.013179603550169203.
Epoch 99: forward train average loss 0.001846776240401798.
epoch 99: forward test average loss 0.003618446489175161.
inverse model, training agent 0.
epoch 0: inverse train average loss 0.012278067982859082.
epoch 0: inverse test average loss 0.026397811869780224.
epoch 99: inverse train average loss 0.0050311944343977505.
epoch 99: inverse test average loss 0.0059796977374288775.
forward model: training agent 1.
Epoch 0: forward train average loss 0.0015060476596570676.
epoch 0: forward test average loss 0.00402765969435374.
Epoch 99: forward train average loss 0.0008305099456467562.
epoch 99: forward test average loss 0.0021899027180754477.
inverse model, training agent 1.
epoch 0: inverse train average loss 0.009761345055368211.
epoch 0: inverse test average loss 0.026773463520738814.
epoch 99: inverse train average loss 0.005510351310173671.
epoch 99: inverse test average loss 0.010159989405009482.
forward model: training agent 2.
Epoch 0: forward train average loss 0.004386263382103708.
epoch 0: forward test average loss 0.006668983234299554.
Epoch 99: forward train average loss 0.0027237054374482897.
epoch 99: forward test average loss 0.007753902839289771.
inverse model, training agent 2.
epoch 0: inverse train average loss 0.005794369046472841.
epoch 0: inverse test average loss 0.014263155352738168.
epoch 99: inverse train average loss 0.003219576216199332.
epoch 99: inverse test average loss 0.010167968148986498.
Policy training episode: 65, grounded actions taken: 582, last two uncertainties: {0: [0.5773489313820998, 0.6151613086462021], 1: [1.4544685070713361, 1.5324772546688716], 2: [1.1476114104191462, 1.2641277650992075]}, avg agent uncertainties: [0.5962551200141509, 1.4934728808701039, 1.2058695877591767], grounded actions by agent: [227, 221, 134]
Policy training episode: 65, iteration 0/1, policy training avg travel time:61.54392857142857, q_loss:30.359392166137695, rewards:-16.2245849609375, queue:2.7814814814814817, delay:0.16097643816912616, throughput:2791
Sim Rollout episode:66/100, sim avg travel time:51.19200571020699, rewards:-5.111945258246528, queue:0.9342592592592592, delay:0.12908672756618925, throughput:2784
Real rollout step:66/100, travel time:258.140923566879, rewards:-181.816796875, queue:24.901851851851852, delay:0.635495842827691, throughput:2141
forward model: training agent 0.
Epoch 0: forward train average loss 0.004778785475840171.
epoch 0: forward test average loss 0.006744180495540301.
Epoch 99: forward train average loss 0.003405983094125986.
epoch 99: forward test average loss 0.008052315149042342.
inverse model, training agent 0.
epoch 0: inverse train average loss 0.017065787584417395.
epoch 0: inverse test average loss 0.020757622602913115.
epoch 99: inverse train average loss 0.005694925940285127.
epoch 99: inverse test average loss 0.005721777056654294.
forward model: training agent 1.
Epoch 0: forward train average loss 0.0044291205186810755.
epoch 0: forward test average loss 0.00730472637547387.
Epoch 99: forward train average loss 0.002609760112439593.
epoch 99: forward test average loss 0.007215864542457793.
inverse model, training agent 1.
epoch 0: inverse train average loss 0.006418486591428518.
epoch 0: inverse test average loss 0.009485362304581536.
epoch 99: inverse train average loss 0.005889525223109458.
epoch 99: inverse test average loss 0.015102768109904395.
forward model: training agent 2.
Epoch 0: forward train average loss 0.009913492119974561.
epoch 0: forward test average loss 0.01372497073478169.
Epoch 99: forward train average loss 0.005848604461385144.
epoch 99: forward test average loss 0.012466120223204294.
inverse model, training agent 2.
epoch 0: inverse train average loss 0.0035295034241345194.
epoch 0: inverse test average loss 0.007921273923582502.
epoch 99: inverse train average loss 0.0031566323660728005.
epoch 99: inverse test average loss 0.0051533687445852495.
Policy training episode: 66, grounded actions taken: 446, last two uncertainties: {0: [0.6151613086462021, 0.7946024280455377], 1: [1.5324772546688716, 1.5267423505584399], 2: [1.2641277650992075, 1.2429196564687623]}, avg agent uncertainties: [0.70488186834587, 1.5296098026136558, 1.253523710783985], grounded actions by agent: [73, 191, 182]
Policy training episode: 66, iteration 0/1, policy training avg travel time:55.105676544091395, q_loss:30.47722053527832, rewards:-6.116805691189236, queue:1.1472222222222221, delay:0.13967324716073495, throughput:2785
Sim Rollout episode:67/100, sim avg travel time:57.70607142857143, rewards:-15.285693359375, queue:2.640740740740741, delay:0.14807606449833624, throughput:2790
Real rollout step:67/100, travel time:633.3055555555555, rewards:-243.31666666666666, queue:34.74444444444445, delay:0.7682309186017072, throughput:1207
forward model: training agent 0.
Epoch 0: forward train average loss 0.0028322629837526214.
epoch 0: forward test average loss 0.010138676398330264.
Epoch 99: forward train average loss 0.0017443971656676796.
epoch 99: forward test average loss 0.004000538390957647.
inverse model, training agent 0.
epoch 0: inverse train average loss 0.007913489412102435.
epoch 0: inverse test average loss 0.013385135266515944.
epoch 99: inverse train average loss 0.0035456891378594767.
epoch 99: inverse test average loss 0.00583764620953136.
forward model: training agent 1.
Epoch 0: forward train average loss 0.0012594493907979792.
epoch 0: forward test average loss 0.003841240683363544.
Epoch 99: forward train average loss 0.0006762167451799744.
epoch 99: forward test average loss 0.0026807027041084236.
inverse model, training agent 1.
epoch 0: inverse train average loss 0.011542116291821003.
epoch 0: inverse test average loss 0.046111574603451624.
epoch 99: inverse train average loss 0.007457976850370566.
epoch 99: inverse test average loss 0.02809605167971717.
forward model: training agent 2.
Epoch 0: forward train average loss 0.007540282689862781.
epoch 0: forward test average loss 0.011281845884190666.
Epoch 99: forward train average loss 0.0026616378842542567.
epoch 99: forward test average loss 0.008858559860123528.
inverse model, training agent 2.
epoch 0: inverse train average loss 0.0026516493979013627.
epoch 0: inverse test average loss 0.004405982378456328.
epoch 99: inverse train average loss 0.0021490847898854148.
epoch 99: inverse test average loss 0.0029139315916432273.
Policy training episode: 67, grounded actions taken: 632, last two uncertainties: {0: [0.7946024280455377, 0.6727454096078873], 1: [1.5267423505584399, 1.5917388982243008], 2: [1.2429196564687623, 1.1287239306502872]}, avg agent uncertainties: [0.7336739188267125, 1.5592406243913703, 1.1858217935595248], grounded actions by agent: [197, 171, 264]
Policy training episode: 67, iteration 0/1, policy training avg travel time:58.20892857142857, q_loss:26.72509002685547, rewards:-17.17958441840278, queue:2.8787037037037035, delay:0.18780637670446326, throughput:2784
Sim Rollout episode:68/100, sim avg travel time:51.85683684398429, rewards:-6.127083333333333, queue:1.1231481481481482, delay:0.13461888631184896, throughput:2780
Real rollout step:68/100, travel time:668.6398791540786, rewards:-235.68079427083333, queue:33.507407407407406, delay:0.6516789189091435, throughput:1188
forward model: training agent 0.
Epoch 0: forward train average loss 0.004538824626555045.
epoch 0: forward test average loss 0.006040219010578262.
Epoch 99: forward train average loss 0.0028472706261608335.
epoch 99: forward test average loss 0.005627138747109307.
inverse model, training agent 0.
epoch 0: inverse train average loss 0.02216482762661245.
epoch 0: inverse test average loss 0.0749354213476181.
epoch 99: inverse train average loss 0.006812039452294509.
epoch 99: inverse test average loss 0.01382646875249015.
forward model: training agent 1.
Epoch 0: forward train average loss 0.001312474914205571.
epoch 0: forward test average loss 0.003269908121890492.
Epoch 99: forward train average loss 0.000742499076295644.
epoch 99: forward test average loss 0.002432130535857545.
inverse model, training agent 1.
epoch 0: inverse train average loss 0.011053224922054343.
epoch 0: inverse test average loss 0.02567724386850993.
epoch 99: inverse train average loss 0.009878729780515036.
epoch 99: inverse test average loss 0.0235919960671001.
forward model: training agent 2.
Epoch 0: forward train average loss 0.005534858339362674.
epoch 0: forward test average loss 0.007810383207268185.
Epoch 99: forward train average loss 0.00296299757125477.
epoch 99: forward test average loss 0.007735186980830299.
inverse model, training agent 2.
epoch 0: inverse train average loss 0.0023370078092234004.
epoch 0: inverse test average loss 0.0017475304969896872.
epoch 99: inverse train average loss 0.0013486493844538927.
epoch 99: inverse test average loss 0.0011965639940980407.
Policy training episode: 68, grounded actions taken: 547, last two uncertainties: {0: [0.6727454096078873, 0.7486643298632569], 1: [1.5917388982243008, 1.6985696819093492], 2: [1.1287239306502872, 1.1430350227488413]}, avg agent uncertainties: [0.7107048697355721, 1.645154290066825, 1.1358794766995643], grounded actions by agent: [201, 122, 224]
Policy training episode: 68, iteration 0/1, policy training avg travel time:65.97679400214209, q_loss:29.89583396911621, rewards:-20.643476019965277, queue:3.5212962962962964, delay:0.17104209617332175, throughput:2782
Sim Rollout episode:69/100, sim avg travel time:60.63142857142857, rewards:-19.477083333333333, queue:3.3685185185185187, delay:0.1620545846444589, throughput:2782
Real rollout step:69/100, travel time:179.35236363636363, rewards:-84.30402560763889, queue:12.858333333333333, delay:0.47112291124131944, throughput:2629
forward model: training agent 0.
Epoch 0: forward train average loss 0.009407955635752942.
epoch 0: forward test average loss 0.015800813006030187.
Epoch 99: forward train average loss 0.005985434891449081.
epoch 99: forward test average loss 0.012390335400899252.
inverse model, training agent 0.
epoch 0: inverse train average loss 0.04571055952045652.
epoch 0: inverse test average loss 0.08513639370600383.
epoch 99: inverse train average loss 0.005749421401156319.
epoch 99: inverse test average loss 0.005773300408489174.
forward model: training agent 1.
Epoch 0: forward train average loss 0.00686024750272433.
epoch 0: forward test average loss 0.010073941614892747.
Epoch 99: forward train average loss 0.005102996817893452.
epoch 99: forward test average loss 0.009080859108103646.
inverse model, training agent 1.
epoch 0: inverse train average loss 0.007824312274654707.
epoch 0: inverse test average loss 0.01696307874388165.
epoch 99: inverse train average loss 0.005291791218850348.
epoch 99: inverse test average loss 0.013400595221254561.
forward model: training agent 2.
Epoch 0: forward train average loss 0.01370230151547326.
epoch 0: forward test average loss 0.014365070395999484.
Epoch 99: forward train average loss 0.006126697692606185.
epoch 99: forward test average loss 0.013933976491292318.
inverse model, training agent 2.
epoch 0: inverse train average loss 0.003744199910822014.
epoch 0: inverse test average loss 0.004821532509393162.
epoch 99: inverse train average loss 0.002461217085106505.
epoch 99: inverse test average loss 0.005338372559183174.
Policy training episode: 69, grounded actions taken: 581, last two uncertainties: {0: [0.7486643298632569, 0.6823439327379067], 1: [1.6985696819093492, 1.5783823202053706], 2: [1.1430350227488413, 1.2052364016572634]}, avg agent uncertainties: [0.7155041313005819, 1.6384760010573598, 1.1741357122030522], grounded actions by agent: [197, 220, 164]
Policy training episode: 69, iteration 0/1, policy training avg travel time:64.8925767309065, q_loss:29.8338623046875, rewards:-23.585419379340276, queue:3.8805555555555555, delay:0.199676513671875, throughput:2781
Sim Rollout episode:70/100, sim avg travel time:60.34571428571429, rewards:-19.32958306206597, queue:3.350925925925926, delay:0.1603396662959346, throughput:2785
Real rollout step:70/100, travel time:652.9274924471299, rewards:-234.89973958333334, queue:33.44444444444444, delay:0.6798616197374132, throughput:1205
forward model: training agent 0.
Epoch 0: forward train average loss 0.0029554874118831423.
epoch 0: forward test average loss 0.005271267145872116.
Epoch 99: forward train average loss 0.001914294876365198.
epoch 99: forward test average loss 0.005130379357271724.
inverse model, training agent 0.
epoch 0: inverse train average loss 0.006636535748839378.
epoch 0: inverse test average loss 0.010351483399669329.
epoch 99: inverse train average loss 0.00462642555228538.
epoch 99: inverse test average loss 0.013411475966374079.
forward model: training agent 1.
Epoch 0: forward train average loss 0.01436360159681903.
epoch 0: forward test average loss 0.017623734143045213.
Epoch 99: forward train average loss 0.0007846546488710576.
epoch 99: forward test average loss 0.0033194737301932443.
inverse model, training agent 1.
epoch 0: inverse train average loss 0.007982552672425905.
epoch 0: inverse test average loss 0.014836893727382025.
epoch 99: inverse train average loss 0.00602287095454004.
epoch 99: inverse test average loss 0.013656808270348443.
forward model: training agent 2.
Epoch 0: forward train average loss 0.006146679114964273.
epoch 0: forward test average loss 0.008283355169826083.
Epoch 99: forward train average loss 0.0029205543816917473.
epoch 99: forward test average loss 0.008110571031769117.
inverse model, training agent 2.
epoch 0: inverse train average loss 0.002838421483627624.
epoch 0: inverse test average loss 0.0015841468185600308.
epoch 99: inverse train average loss 0.00203822520820217.
epoch 99: inverse test average loss 0.0016711682029482392.
Policy training episode: 70, grounded actions taken: 627, last two uncertainties: {0: [0.6823439327379067, 0.6875122758249442], 1: [1.5783823202053706, 1.5243041382895575], 2: [1.2052364016572634, 1.2037975803845458]}, avg agent uncertainties: [0.6849281042814255, 1.551343229247464, 1.2045169910209046], grounded actions by agent: [217, 231, 179]
Policy training episode: 70, iteration 0/1, policy training avg travel time:62.14102106390575, q_loss:32.936344146728516, rewards:-21.1094482421875, queue:3.561111111111111, delay:0.1827740987141927, throughput:2784
Sim Rollout episode:71/100, sim avg travel time:52.371295965726524, rewards:-5.438611857096354, queue:1.0472222222222223, delay:0.1343846356427228, throughput:2784
Real rollout step:71/100, travel time:679.3298368298368, rewards:-210.06625434027777, queue:30.16574074074074, delay:0.6352852715386285, throughput:1222
forward model: training agent 0.
Epoch 0: forward train average loss 0.007299583405256271.
epoch 0: forward test average loss 0.011111289262771606.
Epoch 99: forward train average loss 0.0030049525925682653.
epoch 99: forward test average loss 0.00692872123585807.
inverse model, training agent 0.
epoch 0: inverse train average loss 0.008381641262935268.
epoch 0: inverse test average loss 0.021395559940073226.
epoch 99: inverse train average loss 0.003691755442155732.
epoch 99: inverse test average loss 0.01884149553047286.
forward model: training agent 1.
Epoch 0: forward train average loss 0.0012773416237905622.
epoch 0: forward test average loss 0.003925899664560954.
Epoch 99: forward train average loss 0.0005451948834686644.
epoch 99: forward test average loss 0.0020457166247069836.
inverse model, training agent 1.
epoch 0: inverse train average loss 0.019007420788208645.
epoch 0: inverse test average loss 0.03217123283280267.
epoch 99: inverse train average loss 0.009550120474563705.
epoch 99: inverse test average loss 0.012923137181335025.
forward model: training agent 2.
Epoch 0: forward train average loss 0.003992628564851152.
epoch 0: forward test average loss 0.009463163713614145.
Epoch 99: forward train average loss 0.002442006099348267.
epoch 99: forward test average loss 0.0070830995423926246.
inverse model, training agent 2.
epoch 0: inverse train average loss 0.004818236015530096.
epoch 0: inverse test average loss 0.019566329816977184.
epoch 99: inverse train average loss 0.0023906768506599795.
epoch 99: inverse test average loss 0.010988472236527337.
Policy training episode: 71, grounded actions taken: 418, last two uncertainties: {0: [0.6875122758249442, 0.8891948394477367], 1: [1.5243041382895575, 1.6132000214523738], 2: [1.2037975803845458, 1.2132299312286907]}, avg agent uncertainties: [0.7883535576363405, 1.5687520798709658, 1.2085137558066181], grounded actions by agent: [88, 145, 185]
Policy training episode: 71, iteration 0/1, policy training avg travel time:52.652857142857144, q_loss:34.29892349243164, rewards:-5.998750813802084, queue:1.1157407407407407, delay:0.14117711385091145, throughput:2787
Sim Rollout episode:72/100, sim avg travel time:52.76686897536594, rewards:-6.578333197699653, queue:1.2453703703703705, delay:0.14039493136935763, throughput:2781
Real rollout step:72/100, travel time:691.3256501182033, rewards:-208.81375868055557, queue:29.824074074074073, delay:0.6304793181242766, throughput:1208
forward model: training agent 0.
Epoch 0: forward train average loss 0.004026277870353725.
epoch 0: forward test average loss 0.01216753406657113.
Epoch 99: forward train average loss 0.0027531611008776557.
epoch 99: forward test average loss 0.010589956823322508.
inverse model, training agent 0.
epoch 0: inverse train average loss 0.010502292464176813.
epoch 0: inverse test average loss 0.006427595184908973.
epoch 99: inverse train average loss 0.004653616601394283.
epoch 99: inverse test average loss 0.0032862552389916447.
forward model: training agent 1.
Epoch 0: forward train average loss 0.0008897111725269093.
epoch 0: forward test average loss 0.00334233200798432.
Epoch 99: forward train average loss 0.0005727044060929782.
epoch 99: forward test average loss 0.0029602829987804094.
inverse model, training agent 1.
epoch 0: inverse train average loss 0.01673198284374343.
epoch 0: inverse test average loss 0.024449876613087125.
epoch 99: inverse train average loss 0.009439957017699877.
epoch 99: inverse test average loss 0.01623571788271268.
forward model: training agent 2.
Epoch 0: forward train average loss 0.00441732086862127.
epoch 0: forward test average loss 0.0074731337113512885.
Epoch 99: forward train average loss 0.002429995168414381.
epoch 99: forward test average loss 0.010220887346400155.
inverse model, training agent 2.
epoch 0: inverse train average loss 0.004365725804948145.
epoch 0: inverse test average loss 0.011897198234995207.
epoch 99: inverse train average loss 0.002000920215828551.
epoch 99: inverse test average loss 0.0071436334401369095.
Policy training episode: 72, grounded actions taken: 372, last two uncertainties: {0: [0.8891948394477367, 0.9899771437876754], 1: [1.6132000214523738, 1.7139158402880033], 2: [1.2132299312286907, 1.2259613393081559]}, avg agent uncertainties: [0.9395859916177061, 1.6635579308701884, 1.2195956352684232], grounded actions by agent: [80, 116, 176]
Policy training episode: 72, iteration 0/1, policy training avg travel time:50.90182077829347, q_loss:33.10365295410156, rewards:-3.6704169379340277, queue:0.75, delay:0.12813401398835358, throughput:2791
Sim Rollout episode:73/100, sim avg travel time:64.64428571428572, rewards:-20.269032118055556, queue:3.515740740740741, delay:0.15764721058033132, throughput:2783
Real rollout step:73/100, travel time:140.86342837029216, rewards:-58.158040364583336, queue:8.937037037037037, delay:0.40933301007306133, throughput:2763
forward model: training agent 0.
Epoch 0: forward train average loss 0.011091610520250268.
epoch 0: forward test average loss 0.016698470132218465.
Epoch 99: forward train average loss 0.006103592407372262.
epoch 99: forward test average loss 0.01378822409444385.
inverse model, training agent 0.
epoch 0: inverse train average loss 0.03137761644191212.
epoch 0: inverse test average loss 0.04031922419865926.
epoch 99: inverse train average loss 0.005645639107873042.
epoch 99: inverse test average loss 0.01773283299472597.
forward model: training agent 1.
Epoch 0: forward train average loss 0.007446211969686879.
epoch 0: forward test average loss 0.011153976950380538.
Epoch 99: forward train average loss 0.005286010913550854.
epoch 99: forward test average loss 0.009822982880804274.
inverse model, training agent 1.
epoch 0: inverse train average loss 0.007040269465910064.
epoch 0: inverse test average loss 0.014245346602466371.
epoch 99: inverse train average loss 0.005454448672632377.
epoch 99: inverse test average loss 0.01483656300438775.
forward model: training agent 2.
Epoch 0: forward train average loss 0.01715064338511891.
epoch 0: forward test average loss 0.01885552042060428.
Epoch 99: forward train average loss 0.006143895081347889.
epoch 99: forward test average loss 0.014436643984582689.
inverse model, training agent 2.
epoch 0: inverse train average loss 0.002989214405210482.
epoch 0: inverse test average loss 0.003778616121659676.
epoch 99: inverse train average loss 0.0015961988699725932.
epoch 99: inverse test average loss 0.0031408239156007767.
Policy training episode: 73, grounded actions taken: 687, last two uncertainties: {0: [0.9899771437876754, 0.7885529480874538], 1: [1.7139158402880033, 1.567981479068597], 2: [1.2259613393081559, 1.1880953048666318]}, avg agent uncertainties: [0.8892650459375646, 1.6409486596783003, 1.2070283220873939], grounded actions by agent: [252, 229, 206]
Policy training episode: 73, iteration 0/1, policy training avg travel time:57.840827980014275, q_loss:32.41966247558594, rewards:-14.49666748046875, queue:2.533333333333333, delay:0.15868959780092592, throughput:2791
Sim Rollout episode:74/100, sim avg travel time:63.69714285714286, rewards:-19.968473307291667, queue:3.4537037037037037, delay:0.15940387867115163, throughput:2782
Real rollout step:74/100, travel time:653.1628038439796, rewards:-215.83860677083334, queue:31.305555555555557, delay:0.7010565298574942, throughput:1249
forward model: training agent 0.
Epoch 0: forward train average loss 0.007024408525062932.
epoch 0: forward test average loss 0.010949741635057662.
Epoch 99: forward train average loss 0.00260054770236214.
epoch 99: forward test average loss 0.007890823400682874.
inverse model, training agent 0.
epoch 0: inverse train average loss 0.006444056311415302.
epoch 0: inverse test average loss 0.009494607233338885.
epoch 99: inverse train average loss 0.0057328254398372434.
epoch 99: inverse test average loss 0.010356889416774115.
forward model: training agent 1.
Epoch 0: forward train average loss 0.011354423593729734.
epoch 0: forward test average loss 0.017204618288411036.
Epoch 99: forward train average loss 0.0006582343937932617.
epoch 99: forward test average loss 0.0022212729996277224.
inverse model, training agent 1.
epoch 0: inverse train average loss 0.019559791104661092.
epoch 0: inverse test average loss 0.04266732268863254.
epoch 99: inverse train average loss 0.009294806669155756.
epoch 99: inverse test average loss 0.010054323408338759.
forward model: training agent 2.
Epoch 0: forward train average loss 0.006566789518627856.
epoch 0: forward test average loss 0.011118530813190673.
Epoch 99: forward train average loss 0.002325347676459286.
epoch 99: forward test average loss 0.008043496559063593.
inverse model, training agent 2.
epoch 0: inverse train average loss 0.002963245704045726.
epoch 0: inverse test average loss 0.008391267516546778.
epoch 99: inverse train average loss 0.0020416438088027965.
epoch 99: inverse test average loss 0.003691434601528777.
Policy training episode: 74, grounded actions taken: 584, last two uncertainties: {0: [0.7885529480874538, 0.7533543127278487], 1: [1.567981479068597, 1.702301542626487], 2: [1.1880953048666318, 1.1975101162989934]}, avg agent uncertainties: [0.7709536304076512, 1.635141510847542, 1.1928027105828125], grounded actions by agent: [251, 126, 207]
Policy training episode: 74, iteration 0/1, policy training avg travel time:64.31845769368083, q_loss:30.041858673095703, rewards:-16.611665852864583, queue:2.8222222222222224, delay:0.17389532018590856, throughput:2784
Sim Rollout episode:75/100, sim avg travel time:63.55301677972153, rewards:-19.86888970269097, queue:3.4407407407407407, delay:0.1602551778157552, throughput:2783
Real rollout step:75/100, travel time:688.0198598130842, rewards:-210.3779079861111, queue:30.262037037037036, delay:0.6391594780815972, throughput:1213
forward model: training agent 0.
Epoch 0: forward train average loss 0.004148362152692344.
epoch 0: forward test average loss 0.006389820534321997.
Epoch 99: forward train average loss 0.0027538781675199666.
epoch 99: forward test average loss 0.007654184475541115.
inverse model, training agent 0.
epoch 0: inverse train average loss 0.007120400046308835.
epoch 0: inverse test average loss 0.009311085359917747.
epoch 99: inverse train average loss 0.006164613593783643.
epoch 99: inverse test average loss 0.009106814654337035.
forward model: training agent 1.
Epoch 0: forward train average loss 0.0008245103203484581.
epoch 0: forward test average loss 0.002546934980071253.
Epoch 99: forward train average loss 0.0006421987006130317.
epoch 99: forward test average loss 0.004650430546866523.
inverse model, training agent 1.
epoch 0: inverse train average loss 0.012998768231934972.
epoch 0: inverse test average loss 0.030282335148917303.
epoch 99: inverse train average loss 0.00804244964900944.
epoch 99: inverse test average loss 0.020042325887415145.
forward model: training agent 2.
Epoch 0: forward train average loss 0.005955478590395715.
epoch 0: forward test average loss 0.007171626306242413.
Epoch 99: forward train average loss 0.002888418527113067.
epoch 99: forward test average loss 0.005205344201789962.
inverse model, training agent 2.
epoch 0: inverse train average loss 0.0027835414512082934.
epoch 0: inverse test average loss 0.011993261261118783.
epoch 99: inverse train average loss 0.0019986919748286405.
epoch 99: inverse test average loss 0.008159687535630332.
Policy training episode: 75, grounded actions taken: 572, last two uncertainties: {0: [0.7533543127278487, 0.7557001248829894], 1: [1.702301542626487, 1.6666139365898238], 2: [1.1975101162989934, 1.2188709421290291]}, avg agent uncertainties: [0.7545272188054191, 1.6844577396081553, 1.2081905292140114], grounded actions by agent: [198, 195, 179]
Policy training episode: 75, iteration 0/1, policy training avg travel time:65.29857142857144, q_loss:28.87076187133789, rewards:-15.790139431423611, queue:2.723148148148148, delay:0.17085616500289352, throughput:2783
Sim Rollout episode:76/100, sim avg travel time:58.637629418064975, rewards:-15.403057183159722, queue:2.6972222222222224, delay:0.15334539060239438, throughput:2791
Real rollout step:76/100, travel time:196.74442538593482, rewards:-28.40888671875, queue:4.514814814814815, delay:0.3524293687608507, throughput:2201
forward model: training agent 0.
Epoch 0: forward train average loss 0.010548184936245283.
epoch 0: forward test average loss 0.017246239715152316.
Epoch 99: forward train average loss 0.006308596788181199.
epoch 99: forward test average loss 0.01661411507262124.
inverse model, training agent 0.
epoch 0: inverse train average loss 0.005876079408658875.
epoch 0: inverse test average loss 0.008237820118665695.
epoch 99: inverse train average loss 0.005327070235378212.
epoch 99: inverse test average loss 0.010624122702413134.
forward model: training agent 1.
Epoch 0: forward train average loss 0.006068058001498382.
epoch 0: forward test average loss 0.014214001182052825.
Epoch 99: forward train average loss 0.004512304854061868.
epoch 99: forward test average loss 0.010470566236310534.
inverse model, training agent 1.
epoch 0: inverse train average loss 0.008629659604695108.
epoch 0: inverse test average loss 0.02559967752959993.
epoch 99: inverse train average loss 0.0074070899022950065.
epoch 99: inverse test average loss 0.02557006643878089.
forward model: training agent 2.
Epoch 0: forward train average loss 0.007537248854835828.
epoch 0: forward test average loss 0.009134653127855726.
Epoch 99: forward train average loss 0.0044688682278825175.
epoch 99: forward test average loss 0.008530723965830274.
inverse model, training agent 2.
epoch 0: inverse train average loss 0.004734245853291618.
epoch 0: inverse test average loss 0.007042284847961532.
epoch 99: inverse train average loss 0.003146403740781049.
epoch 99: inverse test average loss 0.010541190289788775.
Policy training episode: 76, grounded actions taken: 520, last two uncertainties: {0: [0.7557001248829894, 0.7264972633785671], 1: [1.6666139365898238, 1.6865026070011986], 2: [1.2188709421290291, 1.3159683225883378]}, avg agent uncertainties: [0.7410986941307782, 1.6765582717955112, 1.2674196323586835], grounded actions by agent: [193, 190, 137]
Policy training episode: 76, iteration 0/1, policy training avg travel time:58.43912888254195, q_loss:27.57427215576172, rewards:-16.532359483506944, queue:2.859259259259259, delay:0.1697196677879051, throughput:2784
Sim Rollout episode:77/100, sim avg travel time:58.68546947518743, rewards:-15.599306911892361, queue:2.7305555555555556, delay:0.16021324440285012, throughput:2783
Real rollout step:77/100, travel time:461.09601259181534, rewards:-75.48597547743056, queue:15.110185185185186, delay:0.4669558772334346, throughput:1485
forward model: training agent 0.
Epoch 0: forward train average loss 0.008098752341336675.
epoch 0: forward test average loss 0.015993969308005437.
Epoch 99: forward train average loss 0.006150321000152164.
epoch 99: forward test average loss 0.01747999754216936.
inverse model, training agent 0.
epoch 0: inverse train average loss 0.006426719224287404.
epoch 0: inverse test average loss 0.010616972628566954.
epoch 99: inverse train average loss 0.006137938342160649.
epoch 99: inverse test average loss 0.012029058817360137.
forward model: training agent 1.
Epoch 0: forward train average loss 0.019499876743389502.
epoch 0: forward test average loss 0.014762130876382193.
Epoch 99: forward train average loss 0.0041377304846213925.
epoch 99: forward test average loss 0.01049348877535926.
inverse model, training agent 1.
epoch 0: inverse train average loss 0.013472490219606293.
epoch 0: inverse test average loss 0.028127228220303852.
epoch 99: inverse train average loss 0.010694916049639383.
epoch 99: inverse test average loss 0.034934995902909174.
forward model: training agent 2.
Epoch 0: forward train average loss 0.046077017154958516.
epoch 0: forward test average loss 0.019336697955926258.
Epoch 99: forward train average loss 0.0017296040637625589.
epoch 99: forward test average loss 0.0073954347107145525.
inverse model, training agent 2.
epoch 0: inverse train average loss 0.004922652720577187.
epoch 0: inverse test average loss 0.007793646926681201.
epoch 99: inverse train average loss 0.0033182506708221305.
epoch 99: inverse test average loss 0.007983290279905.
Policy training episode: 77, grounded actions taken: 422, last two uncertainties: {0: [0.7264972633785671, 0.6939922152294054], 1: [1.6865026070011986, 1.8560231460465326], 2: [1.3159683225883378, 1.3241132848792605]}, avg agent uncertainties: [0.7102447393039862, 1.7712628765238656, 1.3200408037337992], grounded actions by agent: [205, 62, 155]
Policy training episode: 77, iteration 0/1, policy training avg travel time:60.31892857142857, q_loss:31.306415557861328, rewards:-18.41111382378472, queue:3.1842592592592593, delay:0.17335693924515336, throughput:2784
Sim Rollout episode:78/100, sim avg travel time:61.00785714285714, rewards:-19.911393229166666, queue:3.4583333333333335, delay:0.16038880524811922, throughput:2782
Real rollout step:78/100, travel time:230.54135922330096, rewards:-140.75082465277777, queue:18.756481481481483, delay:0.5692653514720776, throughput:2246
forward model: training agent 0.
Epoch 0: forward train average loss 0.008167745338545905.
epoch 0: forward test average loss 0.008049617624945112.
Epoch 99: forward train average loss 0.002938775811344385.
epoch 99: forward test average loss 0.004619554409550296.
inverse model, training agent 0.
epoch 0: inverse train average loss 0.006006509634769625.
epoch 0: inverse test average loss 0.008938389105929269.
epoch 99: inverse train average loss 0.006095782698442538.
epoch 99: inverse test average loss 0.007239104559024175.
forward model: training agent 1.
Epoch 0: forward train average loss 0.008253098672462834.
epoch 0: forward test average loss 0.009191287267539237.
Epoch 99: forward train average loss 0.003795983580251535.
epoch 99: forward test average loss 0.009741752511925168.
inverse model, training agent 1.
epoch 0: inverse train average loss 0.011411782768037584.
epoch 0: inverse test average loss 0.018672150042321947.
epoch 99: inverse train average loss 0.00866599784543117.
epoch 99: inverse test average loss 0.012834467821651034.
forward model: training agent 2.
Epoch 0: forward train average loss 0.009708530269563198.
epoch 0: forward test average loss 0.015813012089994218.
Epoch 99: forward train average loss 0.005555228019754092.
epoch 99: forward test average loss 0.0153819653722975.
inverse model, training agent 2.
epoch 0: inverse train average loss 0.002861257435546981.
epoch 0: inverse test average loss 0.0070984179360999.
epoch 99: inverse train average loss 0.0021371375898727113.
epoch 99: inverse test average loss 0.003981138191496332.
Policy training episode: 78, grounded actions taken: 593, last two uncertainties: {0: [0.6939922152294054, 0.7158857372072008], 1: [1.8560231460465326, 1.763058986266454], 2: [1.3241132848792605, 1.2129710204071469]}, avg agent uncertainties: [0.7049389762183031, 1.8095410661564935, 1.2685421526432037], grounded actions by agent: [189, 154, 250]
Policy training episode: 78, iteration 0/1, policy training avg travel time:62.93716529810782, q_loss:31.82128143310547, rewards:-19.309720865885417, queue:3.316666666666667, delay:0.17414056283456308, throughput:2784
Sim Rollout episode:79/100, sim avg travel time:69.25678571428571, rewards:-17.217777506510416, queue:3.028703703703704, delay:0.1563947183114511, throughput:2790
Real rollout step:79/100, travel time:723.0826347305389, rewards:-239.86373697916667, queue:34.827777777777776, delay:0.710336755823206, throughput:1146
forward model: training agent 0.
Epoch 0: forward train average loss 0.006307899124092526.
epoch 0: forward test average loss 0.015254983885420693.
Epoch 99: forward train average loss 0.0023091420945194033.
epoch 99: forward test average loss 0.004612907612075408.
inverse model, training agent 0.
epoch 0: inverse train average loss 0.005479158471441931.
epoch 0: inverse test average loss 0.009246055864625506.
epoch 99: inverse train average loss 0.004318416791243685.
epoch 99: inverse test average loss 0.008960154321458604.
forward model: training agent 1.
Epoch 0: forward train average loss 0.025684535296426877.
epoch 0: forward test average loss 0.022420222560564678.
Epoch 99: forward train average loss 0.00046242746369292337.
epoch 99: forward test average loss 0.001780574054767688.
inverse model, training agent 1.
epoch 0: inverse train average loss 0.01994109195139673.
epoch 0: inverse test average loss 0.0260007306933403.
epoch 99: inverse train average loss 0.0076171330486734705.
epoch 99: inverse test average loss 0.014743749466207292.
forward model: training agent 2.
Epoch 0: forward train average loss 0.007830331412454447.
epoch 0: forward test average loss 0.009466736680931516.
Epoch 99: forward train average loss 0.0022709410016735396.
epoch 99: forward test average loss 0.006754494789573882.
inverse model, training agent 2.
epoch 0: inverse train average loss 0.0017453157342970371.
epoch 0: inverse test average loss 0.004164510154320548.
epoch 99: inverse train average loss 0.0010227062222030428.
epoch 99: inverse test average loss 0.005001261063929026.
Policy training episode: 79, grounded actions taken: 625, last two uncertainties: {0: [0.7158857372072008, 0.8707980939911472], 1: [1.763058986266454, 1.5881816539499494], 2: [1.2129710204071469, 1.1342891949746343]}, avg agent uncertainties: [0.793341915599174, 1.6756203201082016, 1.1736301076908906], grounded actions by agent: [102, 263, 260]
Policy training episode: 79, iteration 0/1, policy training avg travel time:51.387142857142855, q_loss:30.898170471191406, rewards:-5.372223578559028, queue:1.0277777777777777, delay:0.13624708387586806, throughput:2784
Sim Rollout episode:80/100, sim avg travel time:61.198857550874685, rewards:-20.11361355251736, queue:3.5148148148148146, delay:0.16109200936776621, throughput:2785
Real rollout step:80/100, travel time:736.6943371943372, rewards:-256.25028211805557, queue:36.55925925925926, delay:0.7536170111762153, throughput:1091
forward model: training agent 0.
Epoch 0: forward train average loss 0.0063835858470863765.
epoch 0: forward test average loss 0.009885120309061475.
Epoch 99: forward train average loss 0.0016495515980447333.
epoch 99: forward test average loss 0.005764111462566588.
inverse model, training agent 0.
epoch 0: inverse train average loss 0.009065399256845316.
epoch 0: inverse test average loss 0.025831611620055303.
epoch 99: inverse train average loss 0.007025606723295318.
epoch 99: inverse test average loss 0.01864662269751231.
forward model: training agent 1.
Epoch 0: forward train average loss 0.0006958201605205735.
epoch 0: forward test average loss 0.0016593431226081317.
Epoch 99: forward train average loss 0.00037043074795898673.
epoch 99: forward test average loss 0.0012359638025777207.
inverse model, training agent 1.
epoch 0: inverse train average loss 0.012795270110170046.
epoch 0: inverse test average loss 0.02402742041481866.
epoch 99: inverse train average loss 0.008804024714562628.
epoch 99: inverse test average loss 0.01855677283472485.
forward model: training agent 2.
Epoch 0: forward train average loss 0.005813118070363998.
epoch 0: forward test average loss 0.009388385547531975.
Epoch 99: forward train average loss 0.0025114111033164794.
epoch 99: forward test average loss 0.006556760726703538.
inverse model, training agent 2.
epoch 0: inverse train average loss 0.0018715745665960843.
epoch 0: inverse test average loss 0.016610338042179745.
epoch 99: inverse train average loss 0.001246510067075077.
epoch 99: inverse test average loss 0.0059424516641431386.
Policy training episode: 80, grounded actions taken: 496, last two uncertainties: {0: [0.8707980939911472, 0.8289002841545476], 1: [1.5881816539499494, 1.7129792117410236], 2: [1.1342891949746343, 1.0895561680197716]}, avg agent uncertainties: [0.8498491890728475, 1.6505804328454865, 1.111922681497203], grounded actions by agent: [153, 113, 230]
Policy training episode: 80, iteration 0/1, policy training avg travel time:60.89678571428571, q_loss:32.6783561706543, rewards:-15.634444173177084, queue:2.7018518518518517, delay:0.1722183933964482, throughput:2784
Sim Rollout episode:81/100, sim avg travel time:63.84612638343449, rewards:-18.026944986979167, queue:3.137962962962963, delay:0.15179378368236401, throughput:2791
Real rollout step:81/100, travel time:659.9644699140401, rewards:-226.28053385416666, queue:32.79907407407408, delay:0.6666179515697338, throughput:1241
forward model: training agent 0.
Epoch 0: forward train average loss 0.003974801136387719.
epoch 0: forward test average loss 0.00643994990322325.
Epoch 99: forward train average loss 0.002910108098553287.
epoch 99: forward test average loss 0.006732722537385093.
inverse model, training agent 0.
epoch 0: inverse train average loss 0.010971958645515971.
epoch 0: inverse test average loss 0.010816695789496103.
epoch 99: inverse train average loss 0.005842238198965788.
epoch 99: inverse test average loss 0.006335310844911469.
forward model: training agent 1.
Epoch 0: forward train average loss 0.0014781995366017024.
epoch 0: forward test average loss 0.0027174942402376067.
Epoch 99: forward train average loss 0.0008195860815855364.
epoch 99: forward test average loss 0.00201621084771533.
inverse model, training agent 1.
epoch 0: inverse train average loss 0.013609509915113449.
epoch 0: inverse test average loss 0.02400226394335429.
epoch 99: inverse train average loss 0.009956827387213707.
epoch 99: inverse test average loss 0.03162915425168143.
forward model: training agent 2.
Epoch 0: forward train average loss 0.004433994336674611.
epoch 0: forward test average loss 0.01105430887805091.
Epoch 99: forward train average loss 0.0023802128206524584.
epoch 99: forward test average loss 0.007648044576247533.
inverse model, training agent 2.
epoch 0: inverse train average loss 0.004129031310892767.
epoch 0: inverse test average loss 0.012109758539332284.
epoch 99: inverse train average loss 0.0021887251124199894.
epoch 99: inverse test average loss 0.00562883209851053.
Policy training episode: 81, grounded actions taken: 477, last two uncertainties: {0: [0.8289002841545476, 0.6858857217762205], 1: [1.7129792117410236, 1.7940974050097995], 2: [1.0895561680197716, 1.1642272667752371]}, avg agent uncertainties: [0.7573930029653841, 1.7535383083754117, 1.1268917173975044], grounded actions by agent: [235, 73, 169]
Policy training episode: 81, iteration 0/1, policy training avg travel time:65.64798286326312, q_loss:30.8936710357666, rewards:-25.278474934895833, queue:4.155555555555556, delay:0.19954140274612991, throughput:2781
Sim Rollout episode:82/100, sim avg travel time:63.37343805783649, rewards:-17.062776692708333, queue:3.0, delay:0.16117480242693866, throughput:2782
Real rollout step:82/100, travel time:134.3933615819209, rewards:-18.558192274305554, queue:3.2916666666666665, delay:0.33911590576171874, throughput:2762
forward model: training agent 0.
Epoch 0: forward train average loss 0.012506740374697579.
epoch 0: forward test average loss 0.019511430627769895.
Epoch 99: forward train average loss 0.005988227617409494.
epoch 99: forward test average loss 0.013117963241206275.
inverse model, training agent 0.
epoch 0: inverse train average loss 0.005794565659016371.
epoch 0: inverse test average loss 0.014165357169177797.
epoch 99: inverse train average loss 0.004724190415193637.
epoch 99: inverse test average loss 0.010740564101272158.
forward model: training agent 1.
Epoch 0: forward train average loss 0.007420857229994403.
epoch 0: forward test average loss 0.014672344343529807.
Epoch 99: forward train average loss 0.0045450325641367174.
epoch 99: forward test average loss 0.009307931280798383.
inverse model, training agent 1.
epoch 0: inverse train average loss 0.012098769967754682.
epoch 0: inverse test average loss 0.0247960454887814.
epoch 99: inverse train average loss 0.009460042230784893.
epoch 99: inverse test average loss 0.022035857041676838.
forward model: training agent 2.
Epoch 0: forward train average loss 0.012446643577681648.
epoch 0: forward test average loss 0.01879646960231993.
Epoch 99: forward train average loss 0.0059054091365800965.
epoch 99: forward test average loss 0.016294207010004256.
inverse model, training agent 2.
epoch 0: inverse train average loss 0.002075905523573359.
epoch 0: inverse test average loss 0.0037378473724755975.
epoch 99: inverse train average loss 0.001112571425942911.
epoch 99: inverse test average loss 0.0035982164036896494.
Policy training episode: 82, grounded actions taken: 700, last two uncertainties: {0: [0.6858857217762205, 0.7285439574056202], 1: [1.7940974050097995, 1.6814353691207038], 2: [1.1642272667752371, 1.0940033028523126]}, avg agent uncertainties: [0.7072148395909204, 1.7377663870652515, 1.1291152848137749], grounded actions by agent: [206, 270, 224]
Policy training episode: 82, iteration 0/1, policy training avg travel time:66.45035714285714, q_loss:32.36922073364258, rewards:-16.486249457465277, queue:2.8712962962962965, delay:0.16611268785264757, throughput:2783
Sim Rollout episode:83/100, sim avg travel time:61.711888611210284, rewards:-13.829305013020834, queue:2.4518518518518517, delay:0.1528628596553096, throughput:2791
Real rollout step:83/100, travel time:255.06449106449105, rewards:-139.03473307291668, queue:20.678703703703704, delay:0.5434055469654224, throughput:2233
forward model: training agent 0.
Epoch 0: forward train average loss 0.006783293767107857.
epoch 0: forward test average loss 0.012549451241890589.
Epoch 99: forward train average loss 0.0045968471094965935.
epoch 99: forward test average loss 0.017497955097092524.
inverse model, training agent 0.
epoch 0: inverse train average loss 0.005010470437506835.
epoch 0: inverse test average loss 0.015086407876676984.
epoch 99: inverse train average loss 0.0042281607165932655.
epoch 99: inverse test average loss 0.007823621854186058.
forward model: training agent 1.
Epoch 0: forward train average loss 0.021147815303670034.
epoch 0: forward test average loss 0.016661688685417175.
Epoch 99: forward train average loss 0.002293028532423907.
epoch 99: forward test average loss 0.004778352048661973.
inverse model, training agent 1.
epoch 0: inverse train average loss 0.014318529930379655.
epoch 0: inverse test average loss 0.030113907323943243.
epoch 99: inverse train average loss 0.010396667445699373.
epoch 99: inverse test average loss 0.017140612213148013.
forward model: training agent 2.
Epoch 0: forward train average loss 0.008381755298210515.
epoch 0: forward test average loss 0.014142041405042013.
Epoch 99: forward train average loss 0.005290476087894704.
epoch 99: forward test average loss 0.012171693974071078.
inverse model, training agent 2.
epoch 0: inverse train average loss 0.0024399172462936905.
epoch 0: inverse test average loss 0.006182856029934353.
epoch 99: inverse train average loss 0.001617299418689476.
epoch 99: inverse test average loss 0.00556648646791776.
Policy training episode: 83, grounded actions taken: 488, last two uncertainties: {0: [0.7285439574056202, 0.6700632261733214], 1: [1.6814353691207038, 1.859342759185367], 2: [1.0940033028523126, 1.1375043286217583]}, avg agent uncertainties: [0.6993035917894708, 1.7703890641530355, 1.1157538157370355], grounded actions by agent: [210, 77, 201]
Policy training episode: 83, iteration 0/1, policy training avg travel time:66.05855051767226, q_loss:30.246793746948242, rewards:-17.423749457465277, queue:3.053703703703704, delay:0.16207346033166956, throughput:2784
Sim Rollout episode:84/100, sim avg travel time:60.025, rewards:-6.1334723578559025, queue:1.1592592592592592, delay:0.13631675155074507, throughput:2783
Real rollout step:84/100, travel time:636.0368451352907, rewards:-238.0029296875, queue:34.105555555555554, delay:0.6995259602864583, throughput:1238
forward model: training agent 0.
Epoch 0: forward train average loss 0.014047314723332724.
epoch 0: forward test average loss 0.026621790395842657.
Epoch 99: forward train average loss 0.0027835115583406556.
epoch 99: forward test average loss 0.005679031213124593.
inverse model, training agent 0.
epoch 0: inverse train average loss 0.043131164378590055.
epoch 0: inverse test average loss 0.06992924213409424.
epoch 99: inverse train average loss 0.013706240389082167.
epoch 99: inverse test average loss 0.021252727342976466.
forward model: training agent 1.
Epoch 0: forward train average loss 0.0012292264339824517.
epoch 0: forward test average loss 0.0026169607622755896.
Epoch 99: forward train average loss 0.0006321726509162949.
epoch 99: forward test average loss 0.0027401549741625786.
inverse model, training agent 1.
epoch 0: inverse train average loss 0.01314459265106254.
epoch 0: inverse test average loss 0.02729047007030911.
epoch 99: inverse train average loss 0.011233122398455938.
epoch 99: inverse test average loss 0.028697345819738176.
forward model: training agent 2.
Epoch 0: forward train average loss 0.007085161594053109.
epoch 0: forward test average loss 0.011954536454545127.
Epoch 99: forward train average loss 0.0025934545944134393.
epoch 99: forward test average loss 0.009648734082778295.
inverse model, training agent 2.
epoch 0: inverse train average loss 0.00467731676892274.
epoch 0: inverse test average loss 0.009861966595053673.
epoch 99: inverse train average loss 0.0028073323838826683.
epoch 99: inverse test average loss 0.00669631486137708.
Policy training episode: 84, grounded actions taken: 305, last two uncertainties: {0: [0.6700632261733214, 1.0347762586341964], 1: [1.859342759185367, 1.8602417588233948], 2: [1.1375043286217583, 1.2433368861675262]}, avg agent uncertainties: [0.852419742403759, 1.859792259004381, 1.1904206073946422], grounded actions by agent: [64, 87, 154]
Policy training episode: 84, iteration 0/1, policy training avg travel time:59.17892857142857, q_loss:28.904052734375, rewards:-6.305417209201389, queue:1.1583333333333334, delay:0.14481033042625144, throughput:2784
Sim Rollout episode:85/100, sim avg travel time:60.160357142857144, rewards:-17.904444715711804, queue:3.112962962962963, delay:0.15007247924804687, throughput:2789
Real rollout step:85/100, travel time:614.8064876957494, rewards:-221.50208333333333, queue:32.412962962962965, delay:0.6706346299913194, throughput:1281
forward model: training agent 0.
Epoch 0: forward train average loss 0.004603673134826952.
epoch 0: forward test average loss 0.009121045470237732.
Epoch 99: forward train average loss 0.003024386138551765.
epoch 99: forward test average loss 0.007884530143605338.
inverse model, training agent 0.
epoch 0: inverse train average loss 0.03071473290522893.
epoch 0: inverse test average loss 0.04576278063986036.
epoch 99: inverse train average loss 0.0046194324062930215.
epoch 99: inverse test average loss 0.0077483997576766545.
forward model: training agent 1.
Epoch 0: forward train average loss 0.0008380472362558874.
epoch 0: forward test average loss 0.002631382809744941.
Epoch 99: forward train average loss 0.0005180307457016574.
epoch 99: forward test average loss 0.001944796389175786.
inverse model, training agent 1.
epoch 0: inverse train average loss 0.014221486325065294.
epoch 0: inverse test average loss 0.021339435544278886.
epoch 99: inverse train average loss 0.010115181613299582.
epoch 99: inverse test average loss 0.01875698732005225.
forward model: training agent 2.
Epoch 0: forward train average loss 0.006493029805521171.
epoch 0: forward test average loss 0.013387776911258698.
Epoch 99: forward train average loss 0.0022145554475072357.
epoch 99: forward test average loss 0.008236464940839343.
inverse model, training agent 2.
epoch 0: inverse train average loss 0.013628240467773544.
epoch 0: inverse test average loss 0.020663350820541382.
epoch 99: inverse train average loss 0.006352247049411138.
epoch 99: inverse test average loss 0.0073402511576811475.
Policy training episode: 85, grounded actions taken: 419, last two uncertainties: {0: [1.0347762586341964, 0.7949134905305174], 1: [1.8602417588233948, 1.8532450563377805], 2: [1.2433368861675262, 1.4419031899836328]}, avg agent uncertainties: [0.914844874582357, 1.8567434075805878, 1.3426200380755795], grounded actions by agent: [220, 124, 75]
Policy training episode: 85, iteration 0/1, policy training avg travel time:63.93607142857143, q_loss:34.7144660949707, rewards:-20.423616536458333, queue:3.5314814814814817, delay:0.16478387338143807, throughput:2784
Sim Rollout episode:86/100, sim avg travel time:59.63441627990004, rewards:-3.30069580078125, queue:0.6444444444444445, delay:0.12422900729709202, throughput:2791
Real rollout step:86/100, travel time:771.6565847511027, rewards:-230.7168185763889, queue:32.86851851851852, delay:0.6596850925021701, throughput:1098
forward model: training agent 0.
Epoch 0: forward train average loss 0.009917205510040125.
epoch 0: forward test average loss 0.0184579880701171.
Epoch 99: forward train average loss 0.001957598840817809.
epoch 99: forward test average loss 0.011425350275304582.
inverse model, training agent 0.
epoch 0: inverse train average loss 0.007007148427267869.
epoch 0: inverse test average loss 0.013153355982568529.
epoch 99: inverse train average loss 0.0026041240845289496.
epoch 99: inverse test average loss 0.0029244764656242398.
forward model: training agent 1.
Epoch 0: forward train average loss 0.0014985361550417212.
epoch 0: forward test average loss 0.0050937388506200575.
Epoch 99: forward train average loss 0.0004217576222597725.
epoch 99: forward test average loss 0.0015609474956161445.
inverse model, training agent 1.
epoch 0: inverse train average loss 0.013179418113496568.
epoch 0: inverse test average loss 0.028081149690681033.
epoch 99: inverse train average loss 0.008281689654621813.
epoch 99: inverse test average loss 0.021492924127313826.
forward model: training agent 2.
Epoch 0: forward train average loss 0.005746104961468114.
epoch 0: forward test average loss 0.009703941229316924.
Epoch 99: forward train average loss 0.0025976564631693894.
epoch 99: forward test average loss 0.008245910621351667.
inverse model, training agent 2.
epoch 0: inverse train average loss 0.003778417542990711.
epoch 0: inverse test average loss 0.00688178257809745.
epoch 99: inverse train average loss 0.0016527118342411187.
epoch 99: inverse test average loss 0.004703955000473393.
Policy training episode: 86, grounded actions taken: 684, last two uncertainties: {0: [0.7949134905305174, 0.7051844401492013], 1: [1.8532450563377805, 1.730682713455624], 2: [1.4419031899836328, 1.2464278106888136]}, avg agent uncertainties: [0.7500489653398594, 1.791963884896702, 1.3441655003362232], grounded actions by agent: [247, 200, 237]
Policy training episode: 86, iteration 0/1, policy training avg travel time:64.23464285714286, q_loss:35.739418029785156, rewards:-24.410004340277776, queue:4.011111111111111, delay:0.19484552454065393, throughput:2779
Sim Rollout episode:87/100, sim avg travel time:66.63714285714286, rewards:-17.380000813802084, queue:3.025, delay:0.1604614116527416, throughput:2783
Real rollout step:87/100, travel time:702.4993990384615, rewards:-242.90885416666666, queue:34.93055555555556, delay:0.6814143428096064, throughput:1172
forward model: training agent 0.
Epoch 0: forward train average loss 0.0055862195375892855.
epoch 0: forward test average loss 0.009449613591035208.
Epoch 99: forward train average loss 0.0021198319736868143.
epoch 99: forward test average loss 0.007281917250818676.
inverse model, training agent 0.
epoch 0: inverse train average loss 0.03958446532487869.
epoch 0: inverse test average loss 0.05130286680327521.
epoch 99: inverse train average loss 0.00464176210678286.
epoch 99: inverse test average loss 0.008362142990032831.
forward model: training agent 1.
Epoch 0: forward train average loss 0.0006092067924328148.
epoch 0: forward test average loss 0.001999989669356081.
Epoch 99: forward train average loss 0.00044054063942490355.
epoch 99: forward test average loss 0.004614796334256728.
inverse model, training agent 1.
epoch 0: inverse train average loss 0.009881540822486082.
epoch 0: inverse test average loss 0.01942520671420627.
epoch 99: inverse train average loss 0.004503799447168906.
epoch 99: inverse test average loss 0.022861440148618486.
forward model: training agent 2.
Epoch 0: forward train average loss 0.004275365059988366.
epoch 0: forward test average loss 0.009606202443440756.
Epoch 99: forward train average loss 0.0022534933717300496.
epoch 99: forward test average loss 0.00743199595146709.
inverse model, training agent 2.
epoch 0: inverse train average loss 0.0030027288529607984.
epoch 0: inverse test average loss 0.003878011542838067.
epoch 99: inverse train average loss 0.0020598326939054662.
epoch 99: inverse test average loss 0.003968953129111065.
Policy training episode: 87, grounded actions taken: 624, last two uncertainties: {0: [0.7051844401492013, 0.9989640046324995], 1: [1.730682713455624, 1.464120750957065], 2: [1.2464278106888136, 1.244139311214288]}, avg agent uncertainties: [0.8520742223908504, 1.5974017322063445, 1.2452835609515507], grounded actions by agent: [92, 287, 245]
Policy training episode: 87, iteration 0/1, policy training avg travel time:59.662142857142854, q_loss:34.244110107421875, rewards:-5.978750949435764, queue:1.1083333333333334, delay:0.1384228741681134, throughput:2783
Sim Rollout episode:88/100, sim avg travel time:65.88535714285715, rewards:-17.396944173177083, queue:3.02037037037037, delay:0.15882209495261865, throughput:2783
Real rollout step:88/100, travel time:656.2491563554555, rewards:-212.42013888888889, queue:30.69814814814815, delay:0.7066338998300058, throughput:1260
forward model: training agent 0.
Epoch 0: forward train average loss 0.01016487574411763.
epoch 0: forward test average loss 0.013641649236281713.
Epoch 99: forward train average loss 0.002851404689459337.
epoch 99: forward test average loss 0.007568819655312432.
inverse model, training agent 0.
epoch 0: inverse train average loss 0.03845759936504894.
epoch 0: inverse test average loss 0.06227682696448432.
epoch 99: inverse train average loss 0.0038312610963152516.
epoch 99: inverse test average loss 0.00830993615090847.
forward model: training agent 1.
Epoch 0: forward train average loss 0.0019482896766728824.
epoch 0: forward test average loss 0.0069034768061505426.
Epoch 99: forward train average loss 0.0006921812956635323.
epoch 99: forward test average loss 0.0031947295905815232.
inverse model, training agent 1.
epoch 0: inverse train average loss 0.011513298584355248.
epoch 0: inverse test average loss 0.029263156983587477.
epoch 99: inverse train average loss 0.007192792681356271.
epoch 99: inverse test average loss 0.01629257740245925.
forward model: training agent 2.
Epoch 0: forward train average loss 0.006923578783041901.
epoch 0: forward test average loss 0.010456927948527865.
Epoch 99: forward train average loss 0.002158601147433122.
epoch 99: forward test average loss 0.0068592677513758344.
inverse model, training agent 2.
epoch 0: inverse train average loss 0.0021773715982110137.
epoch 0: inverse test average loss 0.0039457351797156865.
epoch 99: inverse train average loss 0.001316114962618384.
epoch 99: inverse test average loss 0.006971332968937026.
Policy training episode: 88, grounded actions taken: 641, last two uncertainties: {0: [0.9989640046324995, 0.7702215837935606], 1: [1.464120750957065, 1.6504235961370999], 2: [1.244139311214288, 1.2299670644932323]}, avg agent uncertainties: [0.88459279421303, 1.5572721735470825, 1.23705318785376], grounded actions by agent: [238, 200, 203]
Policy training episode: 88, iteration 0/1, policy training avg travel time:62.67321428571429, q_loss:35.89372253417969, rewards:-17.45389133029514, queue:2.987962962962963, delay:0.18094397650824653, throughput:2785
Sim Rollout episode:89/100, sim avg travel time:63.81720813995002, rewards:-19.028473578559026, queue:3.2777777777777777, delay:0.16955895600495516, throughput:2781
Real rollout step:89/100, travel time:665.2012471655329, rewards:-220.73888888888888, queue:31.75462962962963, delay:0.6597670378508391, throughput:1257
forward model: training agent 0.
Epoch 0: forward train average loss 0.0071848607622087.
epoch 0: forward test average loss 0.010283764865663316.
Epoch 99: forward train average loss 0.0031495392839941713.
epoch 99: forward test average loss 0.006745369897948371.
inverse model, training agent 0.
epoch 0: inverse train average loss 0.026438356066743534.
epoch 0: inverse test average loss 0.04987193312909868.
epoch 99: inverse train average loss 0.011476093903183937.
epoch 99: inverse test average loss 0.011964070714182325.
forward model: training agent 1.
Epoch 0: forward train average loss 0.001270836607242624.
epoch 0: forward test average loss 0.0026829371021853555.
Epoch 99: forward train average loss 0.0007740385998557839.
epoch 99: forward test average loss 0.0038616348885827595.
inverse model, training agent 1.
epoch 0: inverse train average loss 0.016515998790661495.
epoch 0: inverse test average loss 0.02545445164044698.
epoch 99: inverse train average loss 0.00874775948209895.
epoch 99: inverse test average loss 0.01908179952038659.
forward model: training agent 2.
Epoch 0: forward train average loss 0.004974670190778043.
epoch 0: forward test average loss 0.011400386277172301.
Epoch 99: forward train average loss 0.0023250366147193643.
epoch 99: forward test average loss 0.005418905057013035.
inverse model, training agent 2.
epoch 0: inverse train average loss 0.0032590932161029843.
epoch 0: inverse test average loss 0.003394883746902148.
epoch 99: inverse train average loss 0.0016115852760978872.
epoch 99: inverse test average loss 0.0026099782747526965.
Policy training episode: 89, grounded actions taken: 562, last two uncertainties: {0: [0.7702215837935606, 0.7847647562623024], 1: [1.6504235961370999, 1.7863757674892744], 2: [1.2299670644932323, 1.2123340499069957]}, avg agent uncertainties: [0.7774931700279315, 1.718399681813187, 1.221150557200114], grounded actions by agent: [240, 93, 229]
Policy training episode: 89, iteration 0/1, policy training avg travel time:63.253837915030346, q_loss:36.71734619140625, rewards:-19.608889431423613, queue:3.221296296296296, delay:0.18252006813331886, throughput:2786
Sim Rollout episode:90/100, sim avg travel time:65.69011067475901, rewards:-18.93486328125, queue:3.27037037037037, delay:0.16941460503472222, throughput:2783
Real rollout step:90/100, travel time:780.8908629441624, rewards:-233.26623263888888, queue:33.31574074074074, delay:0.6697882758246527, throughput:1087
forward model: training agent 0.
Epoch 0: forward train average loss 0.004147674112270276.
epoch 0: forward test average loss 0.01082563234700097.
Epoch 99: forward train average loss 0.0019037641662483413.
epoch 99: forward test average loss 0.01473236663473977.
inverse model, training agent 0.
epoch 0: inverse train average loss 0.007706051795846886.
epoch 0: inverse test average loss 0.011794437550836138.
epoch 99: inverse train average loss 0.002356455299175448.
epoch 99: inverse test average loss 0.00563851971593168.
forward model: training agent 1.
Epoch 0: forward train average loss 0.001372715762247228.
epoch 0: forward test average loss 0.003049611890067657.
Epoch 99: forward train average loss 0.0003914564343479772.
epoch 99: forward test average loss 0.0017245446021358173.
inverse model, training agent 1.
epoch 0: inverse train average loss 0.01564615426792039.
epoch 0: inverse test average loss 0.028651757372750178.
epoch 99: inverse train average loss 0.008120850659906864.
epoch 99: inverse test average loss 0.01660956856277254.
forward model: training agent 2.
Epoch 0: forward train average loss 0.006771456657184495.
epoch 0: forward test average loss 0.009435649133390851.
Epoch 99: forward train average loss 0.002477358483398954.
epoch 99: forward test average loss 0.0068941327432791395.
inverse model, training agent 2.
epoch 0: inverse train average loss 0.005025120503786538.
epoch 0: inverse test average loss 0.003385263081226084.
epoch 99: inverse train average loss 0.001801956548459.
epoch 99: inverse test average loss 0.002413554531004694.
Policy training episode: 90, grounded actions taken: 543, last two uncertainties: {0: [0.7847647562623024, 0.7528177940183216], 1: [1.7863757674892744, 1.7292515133817992], 2: [1.2123340499069957, 1.2607295768956344]}, avg agent uncertainties: [0.768791275140312, 1.7578136404355367, 1.236531813401315], grounded actions by agent: [211, 149, 183]
Policy training episode: 90, iteration 0/1, policy training avg travel time:65.30107142857143, q_loss:36.49333953857422, rewards:-19.99111056857639, queue:3.373148148148148, delay:0.1913845768681279, throughput:2784
Sim Rollout episode:91/100, sim avg travel time:63.35928571428571, rewards:-17.71638861762153, queue:3.0453703703703705, delay:0.17078501383463543, throughput:2783
Real rollout step:91/100, travel time:198.68950111690245, rewards:-85.56027018229166, queue:12.797222222222222, delay:0.46007023564091437, throughput:2400
forward model: training agent 0.
Epoch 0: forward train average loss 0.007365717552602291.
epoch 0: forward test average loss 0.01701574193106757.
Epoch 99: forward train average loss 0.0046189954607850974.
epoch 99: forward test average loss 0.011976189497444365.
inverse model, training agent 0.
epoch 0: inverse train average loss 0.003234742416275872.
epoch 0: inverse test average loss 0.004393526249461704.
epoch 99: inverse train average loss 0.0024566212410314214.
epoch 99: inverse test average loss 0.005322295137577587.
forward model: training agent 1.
Epoch 0: forward train average loss 0.0074899812332457965.
epoch 0: forward test average loss 0.009053996039761437.
Epoch 99: forward train average loss 0.0031254494873185954.
epoch 99: forward test average loss 0.005799312765399615.
inverse model, training agent 1.
epoch 0: inverse train average loss 0.01946250804596477.
epoch 0: inverse test average loss 0.029490148027737934.
epoch 99: inverse train average loss 0.00835027007593049.
epoch 99: inverse test average loss 0.01841757943232854.
forward model: training agent 2.
Epoch 0: forward train average loss 0.011426408878631063.
epoch 0: forward test average loss 0.017446296910444897.
Epoch 99: forward train average loss 0.005716102404726876.
epoch 99: forward test average loss 0.01419389827383889.
inverse model, training agent 2.
epoch 0: inverse train average loss 0.006052163533038563.
epoch 0: inverse test average loss 0.01618657623314195.
epoch 99: inverse train average loss 0.0040110390529864365.
epoch 99: inverse test average loss 0.006930632309781181.
Policy training episode: 91, grounded actions taken: 465, last two uncertainties: {0: [0.7528177940183216, 0.7039170367850198], 1: [1.7292515133817992, 1.8272260543372896], 2: [1.2607295768956344, 1.3480193206005626]}, avg agent uncertainties: [0.7283674154016707, 1.7782387838595444, 1.3043744487480984], grounded actions by agent: [223, 119, 123]
Policy training episode: 91, iteration 0/1, policy training avg travel time:64.99928571428572, q_loss:37.767234802246094, rewards:-19.779166666666665, queue:3.3157407407407407, delay:0.18778693587691694, throughput:2784
Sim Rollout episode:92/100, sim avg travel time:63.69392857142857, rewards:-16.169307454427084, queue:2.848148148148148, delay:0.15412972061722366, throughput:2791
Real rollout step:92/100, travel time:506.1551637279597, rewards:-163.8234917534722, queue:24.939814814814813, delay:0.574503919813368, throughput:1484
forward model: training agent 0.
Epoch 0: forward train average loss 0.008966442714962695.
epoch 0: forward test average loss 0.013743052879969278.
Epoch 99: forward train average loss 0.004739307643224795.
epoch 99: forward test average loss 0.011947080492973328.
inverse model, training agent 0.
epoch 0: inverse train average loss 0.003325540261964003.
epoch 0: inverse test average loss 0.007251875682009591.
epoch 99: inverse train average loss 0.0025907684531476763.
epoch 99: inverse test average loss 0.003119231822590033.
forward model: training agent 1.
Epoch 0: forward train average loss 0.00269210998279353.
epoch 0: forward test average loss 0.0037303317545188796.
Epoch 99: forward train average loss 0.001219514524564147.
epoch 99: forward test average loss 0.0037400124387608636.
inverse model, training agent 1.
epoch 0: inverse train average loss 0.008739935648110177.
epoch 0: inverse test average loss 0.01301084334651629.
epoch 99: inverse train average loss 0.00775789955837859.
epoch 99: inverse test average loss 0.01032292346159617.
forward model: training agent 2.
Epoch 0: forward train average loss 0.012261893600225449.
epoch 0: forward test average loss 0.01596509251329634.
Epoch 99: forward train average loss 0.003114060964435339.
epoch 99: forward test average loss 0.013317856109804578.
inverse model, training agent 2.
epoch 0: inverse train average loss 0.0028583042892730897.
epoch 0: inverse test average loss 0.00340819485589034.
epoch 99: inverse train average loss 0.0013619900499987933.
epoch 99: inverse test average loss 0.007143757202559047.
Policy training episode: 92, grounded actions taken: 559, last two uncertainties: {0: [0.7039170367850198, 0.6870636353062258], 1: [1.8272260543372896, 1.8387194469571113], 2: [1.3480193206005626, 1.2448434200551775]}, avg agent uncertainties: [0.6954903360456228, 1.8329727506472004, 1.29643137032787], grounded actions by agent: [209, 116, 234]
Policy training episode: 92, iteration 0/1, policy training avg travel time:65.1725, q_loss:38.086421966552734, rewards:-19.98611111111111, queue:3.3027777777777776, delay:0.19071663750542533, throughput:2781
Sim Rollout episode:93/100, sim avg travel time:58.860406997500895, rewards:-5.942500813802083, queue:1.1, delay:0.1343579468903718, throughput:2784
Real rollout step:93/100, travel time:754.7472118959108, rewards:-231.62973090277777, queue:33.272222222222226, delay:0.6625731856734665, throughput:1126
forward model: training agent 0.
Epoch 0: forward train average loss 0.0037250364613201884.
epoch 0: forward test average loss 0.007607662429412206.
Epoch 99: forward train average loss 0.0022037095493740505.
epoch 99: forward test average loss 0.0066580455750226974.
inverse model, training agent 0.
epoch 0: inverse train average loss 0.012464150838139985.
epoch 0: inverse test average loss 0.015079146665003564.
epoch 99: inverse train average loss 0.003509245036790768.
epoch 99: inverse test average loss 0.007421514226330651.
forward model: training agent 1.
Epoch 0: forward train average loss 0.0008010093070980576.
epoch 0: forward test average loss 0.0024046925827860832.
Epoch 99: forward train average loss 0.0004315999556436307.
epoch 99: forward test average loss 0.0017876391195588643.
inverse model, training agent 1.
epoch 0: inverse train average loss 0.01468786783516407.
epoch 0: inverse test average loss 0.027425560686323378.
epoch 99: inverse train average loss 0.007312398093442122.
epoch 99: inverse test average loss 0.01441774351729287.
forward model: training agent 2.
Epoch 0: forward train average loss 0.007377469808691078.
epoch 0: forward test average loss 0.009415266000562243.
Epoch 99: forward train average loss 0.0021225902148418957.
epoch 99: forward test average loss 0.007281242145432366.
inverse model, training agent 2.
epoch 0: inverse train average loss 0.004081562213185761.
epoch 0: inverse test average loss 0.002757620687286059.
epoch 99: inverse train average loss 0.0019119693380263117.
epoch 99: inverse test average loss 0.0025914308433938357.
Policy training episode: 93, grounded actions taken: 502, last two uncertainties: {0: [0.6870636353062258, 0.820439565098948], 1: [1.8387194469571113, 1.7210535042815738], 2: [1.2448434200551775, 1.2572658027211825]}, avg agent uncertainties: [0.7537516002025869, 1.7798864756193424, 1.25105461138818], grounded actions by agent: [130, 161, 211]
Policy training episode: 93, iteration 0/1, policy training avg travel time:61.81328097108176, q_loss:38.558223724365234, rewards:-15.035415310329862, queue:2.626851851851852, delay:0.16290794655128762, throughput:2792
Sim Rollout episode:94/100, sim avg travel time:57.6825, rewards:-3.3580563015407985, queue:0.7027777777777777, delay:0.1210381825764974, throughput:2790
Real rollout step:94/100, travel time:741.2936848559166, rewards:-230.30264756944445, queue:32.96666666666667, delay:0.6777199074074074, throughput:1138
forward model: training agent 0.
Epoch 0: forward train average loss 0.0034429713462789855.
epoch 0: forward test average loss 0.009258482191297743.
Epoch 99: forward train average loss 0.0022077907083763015.
epoch 99: forward test average loss 0.006277761939499114.
inverse model, training agent 0.
epoch 0: inverse train average loss 0.02763497167163425.
epoch 0: inverse test average loss 0.03498664084408018.
epoch 99: inverse train average loss 0.011595526503192054.
epoch 99: inverse test average loss 0.017878761721981898.
forward model: training agent 1.
Epoch 0: forward train average loss 0.0007147967246257596.
epoch 0: forward test average loss 0.0028567545943790013.
Epoch 99: forward train average loss 0.00043531102387027606.
epoch 99: forward test average loss 0.0038401002271307837.
inverse model, training agent 1.
epoch 0: inverse train average loss 0.016697839316394594.
epoch 0: inverse test average loss 0.025683350033230253.
epoch 99: inverse train average loss 0.006715989775127835.
epoch 99: inverse test average loss 0.011466267829140028.
forward model: training agent 2.
Epoch 0: forward train average loss 0.004427826290743219.
epoch 0: forward test average loss 0.010332243310080634.
Epoch 99: forward train average loss 0.00239050274507867.
epoch 99: forward test average loss 0.007301093182630009.
inverse model, training agent 2.
epoch 0: inverse train average loss 0.007485435344278812.
epoch 0: inverse test average loss 0.005509779892034001.
epoch 99: inverse train average loss 0.004201740647355716.
epoch 99: inverse test average loss 0.003676943713799119.
Policy training episode: 94, grounded actions taken: 351, last two uncertainties: {0: [0.820439565098948, 1.0212279904219839], 1: [1.7210535042815738, 1.8101482139693366], 2: [1.2572658027211825, 1.3334216980470552]}, avg agent uncertainties: [0.9208337777604659, 1.7656008591254553, 1.2953437503841188], grounded actions by agent: [92, 115, 144]
Policy training episode: 94, iteration 0/1, policy training avg travel time:60.955357142857146, q_loss:36.371334075927734, rewards:-6.747222222222222, queue:1.2453703703703705, delay:0.14724227057562933, throughput:2786
Sim Rollout episode:95/100, sim avg travel time:63.952516958229204, rewards:-18.446111382378472, queue:3.22962962962963, delay:0.15717295893916378, throughput:2792
Real rollout step:95/100, travel time:629.1204889406287, rewards:-206.58763020833334, queue:29.493518518518517, delay:0.6385482788085938, throughput:1253
forward model: training agent 0.
Epoch 0: forward train average loss 0.0038682717002100414.
epoch 0: forward test average loss 0.009343932486242719.
Epoch 99: forward train average loss 0.0022334108232624.
epoch 99: forward test average loss 0.009368217653698392.
inverse model, training agent 0.
epoch 0: inverse train average loss 0.029025269051392872.
epoch 0: inverse test average loss 0.03771538370185428.
epoch 99: inverse train average loss 0.005876817947460545.
epoch 99: inverse test average loss 0.011906142657001814.
forward model: training agent 1.
Epoch 0: forward train average loss 0.0016259639523923397.
epoch 0: forward test average loss 0.0044034479392899405.
Epoch 99: forward train average loss 0.0005656093578889138.
epoch 99: forward test average loss 0.0028883366742067868.
inverse model, training agent 1.
epoch 0: inverse train average loss 0.027450862030188244.
epoch 0: inverse test average loss 0.04477228224277496.
epoch 99: inverse train average loss 0.008040249347686768.
epoch 99: inverse test average loss 0.015252992924716737.
forward model: training agent 2.
Epoch 0: forward train average loss 0.006812376901507378.
epoch 0: forward test average loss 0.010950072771973081.
Epoch 99: forward train average loss 0.00315211382177141.
epoch 99: forward test average loss 0.009247388690710068.
inverse model, training agent 2.
epoch 0: inverse train average loss 0.003555012039012379.
epoch 0: inverse test average loss 0.004839451362689336.
epoch 99: inverse train average loss 0.0007234261526415745.
epoch 99: inverse test average loss 0.010800714294115702.
Policy training episode: 95, grounded actions taken: 585, last two uncertainties: {0: [1.0212279904219839, 1.0619928307003446], 1: [1.8101482139693366, 1.6747535583045747], 2: [1.3334216980470552, 1.1962964054610994]}, avg agent uncertainties: [1.041610410561164, 1.7424508861369556, 1.2648590517540774], grounded actions by agent: [140, 214, 231]
Policy training episode: 95, iteration 0/1, policy training avg travel time:60.394285714285715, q_loss:40.466064453125, rewards:-6.5625, queue:1.2203703703703703, delay:0.14603734899450233, throughput:2786
Sim Rollout episode:96/100, sim avg travel time:58.695, rewards:-4.250279405381945, queue:0.8527777777777777, delay:0.13209850169994214, throughput:2791
Real rollout step:96/100, travel time:671.2358003442341, rewards:-204.04444444444445, queue:29.285185185185185, delay:0.6166032579210069, throughput:1234
forward model: training agent 0.
Epoch 0: forward train average loss 0.002940637887352043.
epoch 0: forward test average loss 0.006167335642708672.
Epoch 99: forward train average loss 0.0020465001256929505.
epoch 99: forward test average loss 0.008508290267652936.
inverse model, training agent 0.
epoch 0: inverse train average loss 0.012394183004895845.
epoch 0: inverse test average loss 0.02090680930349562.
epoch 99: inverse train average loss 0.00905544807513555.
epoch 99: inverse test average loss 0.01561646411816279.
forward model: training agent 1.
Epoch 0: forward train average loss 0.001356951465519766.
epoch 0: forward test average loss 0.0040366195349229705.
Epoch 99: forward train average loss 0.0006150288584952553.
epoch 99: forward test average loss 0.0030880139933692086.
inverse model, training agent 1.
epoch 0: inverse train average loss 0.01769243801633517.
epoch 0: inverse test average loss 0.02799462444252438.
epoch 99: inverse train average loss 0.01061744201514456.
epoch 99: inverse test average loss 0.017852138313982222.
forward model: training agent 2.
Epoch 0: forward train average loss 0.006567310852309068.
epoch 0: forward test average loss 0.010249630444579653.
Epoch 99: forward train average loss 0.002600589637748069.
epoch 99: forward test average loss 0.008351102885272767.
inverse model, training agent 2.
epoch 0: inverse train average loss 0.014677012960116068.
epoch 0: inverse test average loss 0.026273182696766324.
epoch 99: inverse train average loss 0.005651460650066535.
epoch 99: inverse test average loss 0.01756231900718477.
Policy training episode: 96, grounded actions taken: 490, last two uncertainties: {0: [1.0619928307003446, 0.7465841614537769], 1: [1.6747535583045747, 1.826006390651067], 2: [1.1962964054610994, 1.4042168761293092]}, avg agent uncertainties: [0.9042884960770607, 1.7503799744778208, 1.3002566407952043], grounded actions by agent: [269, 106, 115]
Policy training episode: 96, iteration 0/1, policy training avg travel time:64.5553176302641, q_loss:35.44695281982422, rewards:-25.037638346354168, queue:4.067592592592592, delay:0.19811500266746238, throughput:2782
Sim Rollout episode:97/100, sim avg travel time:60.44769725098179, rewards:-4.195834011501736, queue:0.8518518518518519, delay:0.13573423314977576, throughput:2791
Real rollout step:97/100, travel time:686.0244186046511, rewards:-211.26736111111111, queue:30.51574074074074, delay:0.6394611499927662, throughput:1232
forward model: training agent 0.
Epoch 0: forward train average loss 0.006504332232806418.
epoch 0: forward test average loss 0.011663468761576546.
Epoch 99: forward train average loss 0.002924974179930157.
epoch 99: forward test average loss 0.006123880338337686.
inverse model, training agent 0.
epoch 0: inverse train average loss 0.013761909264657233.
epoch 0: inverse test average loss 0.019661378529336717.
epoch 99: inverse train average loss 0.009123443211946223.
epoch 99: inverse test average loss 0.014667811493078867.
forward model: training agent 1.
Epoch 0: forward train average loss 0.0013574062743120724.
epoch 0: forward test average loss 0.003977625320355098.
Epoch 99: forward train average loss 0.0007936634420831171.
epoch 99: forward test average loss 0.005517060558001201.
inverse model, training agent 1.
epoch 0: inverse train average loss 0.008954003142813841.
epoch 0: inverse test average loss 0.012811902496549819.
epoch 99: inverse train average loss 0.006765487086441781.
epoch 99: inverse test average loss 0.009770824677414365.
forward model: training agent 2.
Epoch 0: forward train average loss 0.004937782366242673.
epoch 0: forward test average loss 0.007705512973997328.
Epoch 99: forward train average loss 0.0021804271835005945.
epoch 99: forward test average loss 0.006638488214876916.
inverse model, training agent 2.
epoch 0: inverse train average loss 0.002509794844728377.
epoch 0: inverse test average loss 0.004980545904901292.
epoch 99: inverse train average loss 0.001134867637625171.
epoch 99: inverse test average loss 0.007281906695829498.
Policy training episode: 97, grounded actions taken: 503, last two uncertainties: {0: [0.7465841614537769, 0.9742319835556879], 1: [1.826006390651067, 1.81064126773013], 2: [1.4042168761293092, 1.1894321395291223]}, avg agent uncertainties: [0.8604080725047324, 1.8183238291905985, 1.2968245078292158], grounded actions by agent: [151, 107, 245]
Policy training episode: 97, iteration 0/1, policy training avg travel time:55.096785714285716, q_loss:35.04812240600586, rewards:-7.306389702690972, queue:1.2796296296296297, delay:0.15094807942708333, throughput:2782
Sim Rollout episode:98/100, sim avg travel time:63.84321428571429, rewards:-19.12027587890625, queue:3.3333333333333335, delay:0.16027187771267362, throughput:2784
Real rollout step:98/100, travel time:499.9084611578427, rewards:-168.4854275173611, queue:25.562037037037037, delay:0.5999990392614294, throughput:1507
forward model: training agent 0.
Epoch 0: forward train average loss 0.011775924927658506.
epoch 0: forward test average loss 0.018450276719199285.
Epoch 99: forward train average loss 0.004611992639385992.
epoch 99: forward test average loss 0.013032331234878965.
inverse model, training agent 0.
epoch 0: inverse train average loss 0.03224180142084757.
epoch 0: inverse test average loss 0.036000560555193156.
epoch 99: inverse train average loss 0.005977207691305214.
epoch 99: inverse test average loss 0.011689416650268767.
forward model: training agent 1.
Epoch 0: forward train average loss 0.0023336163721978664.
epoch 0: forward test average loss 0.0035976793410049546.
Epoch 99: forward train average loss 0.0012448670523655084.
epoch 99: forward test average loss 0.0019101675910254319.
inverse model, training agent 1.
epoch 0: inverse train average loss 0.016981238913204934.
epoch 0: inverse test average loss 0.0285125109884474.
epoch 99: inverse train average loss 0.010395916592743661.
epoch 99: inverse test average loss 0.014658878660864301.
forward model: training agent 2.
Epoch 0: forward train average loss 0.00803137415399154.
epoch 0: forward test average loss 0.01142324921157625.
Epoch 99: forward train average loss 0.0032739447843697336.
epoch 99: forward test average loss 0.011465207984050116.
inverse model, training agent 2.
epoch 0: inverse train average loss 0.0030719053207172286.
epoch 0: inverse test average loss 0.0022755686659365892.
epoch 99: inverse train average loss 0.0015507415066369707.
epoch 99: inverse test average loss 0.003546840614742703.
Policy training episode: 98, grounded actions taken: 615, last two uncertainties: {0: [0.9742319835556879, 0.7849080812599923], 1: [1.81064126773013, 1.7918072442213695], 2: [1.1894321395291223, 1.1895764630701806]}, avg agent uncertainties: [0.8795700324078402, 1.8012242559757499, 1.1895043012996513], grounded actions by agent: [229, 144, 242]
Policy training episode: 98, iteration 0/1, policy training avg travel time:64.38843270260621, q_loss:34.070133209228516, rewards:-20.886527506510415, queue:3.6324074074074075, delay:0.1704455057779948, throughput:2783
Sim Rollout episode:99/100, sim avg travel time:65.63727240271332, rewards:-14.996666124131945, queue:2.6351851851851853, delay:0.15703984013310185, throughput:2791
Real rollout step:99/100, travel time:560.8040770101925, rewards:-123.28361545138888, queue:21.985185185185184, delay:0.5966705322265625, throughput:1312
forward model: training agent 0.
Epoch 0: forward train average loss 0.011367713411649069.
epoch 0: forward test average loss 0.01511360870467292.
Epoch 99: forward train average loss 0.005957261038323243.
epoch 99: forward test average loss 0.01429696712228987.
inverse model, training agent 0.
epoch 0: inverse train average loss 0.01906301722758346.
epoch 0: inverse test average loss 0.02964230626821518.
epoch 99: inverse train average loss 0.006452455185353756.
epoch 99: inverse test average loss 0.011279234455691444.
forward model: training agent 1.
Epoch 0: forward train average loss 0.009574677898652025.
epoch 0: forward test average loss 0.012785784072346158.
Epoch 99: forward train average loss 0.003313995846029785.
epoch 99: forward test average loss 0.008774961862299178.
inverse model, training agent 1.
epoch 0: inverse train average loss 0.012139138041271104.
epoch 0: inverse test average loss 0.02180284510056178.
epoch 99: inverse train average loss 0.01013501226488087.
epoch 99: inverse test average loss 0.023533351719379425.
forward model: training agent 2.
Epoch 0: forward train average loss 0.024536217873295147.
epoch 0: forward test average loss 0.02086263398329417.
Epoch 99: forward train average loss 0.0011100486929838855.
epoch 99: forward test average loss 0.004803235953052838.
inverse model, training agent 2.
epoch 0: inverse train average loss 0.0028236698385121096.
epoch 0: inverse test average loss 0.004645617885722054.
epoch 99: inverse train average loss 0.001580854049987263.
epoch 99: inverse test average loss 0.002704116360594829.
Policy training episode: 99, grounded actions taken: 482, last two uncertainties: {0: [0.7849080812599923, 0.8444038634498914], 1: [1.7918072442213695, 1.8505240466859605], 2: [1.1895764630701806, 1.23847406870789]}, avg agent uncertainties: [0.8146559723549418, 1.8211656454536649, 1.2140252658890351], grounded actions by agent: [188, 124, 170]
Policy training episode: 99, iteration 0/1, policy training avg travel time:58.51356174161313, q_loss:34.75884246826172, rewards:-15.371527777777779, queue:2.688888888888889, delay:0.16990752043547452, throughput:2783
Total time taken: 3908.076153278351
