Policy training episode: 0, grounded actions taken: 0, last two uncertainties: {0: [0.0]}, avg agent uncertainties: [np.float64(0.0)], grounded actions by agent: [0]
REAL_TRAIN step:0, travel time:132.67887323943663, q_loss:100, rewards:-29.79638, queue:5.85, delay:0.55803627, throughput:1373, violation_rate:0.0000, forceoff_rate:0.0750, violations:0, force_offs:27
REAL_TRAIN_PER_INT step:0 int:0 id:75 violations:0 force_offs:27 decisions:360 violation_rate:0.0000 forceoff_rate:0.0750 queue:5.8500
forward model: training agent 0.
Epoch 0: forward train average loss 0.28614940245946247.
epoch 0: forward test average loss 0.4419331153233846.
Epoch 99: forward train average loss 0.020101947089036305.
epoch 99: forward test average loss 0.032122300730811224.
inverse model, training agent 0.
epoch 0: inverse train average loss 0.03530956390831205.
epoch 0: inverse test average loss 0.05612196524937948.
epoch 99: inverse train average loss 0.027755879279639985.
epoch 99: inverse test average loss 0.04755334556102753.
GAT episode:0/100 grounded:False sim_loss:0.0000
Policy training episode: 1, grounded actions taken: 0, last two uncertainties: {0: [0.0, 0.0]}, avg agent uncertainties: [np.float64(0.0)], grounded actions by agent: [0]
REAL_TRAIN step:1, travel time:132.67887323943663, q_loss:100, rewards:-29.79638, queue:5.85, delay:0.55803627, throughput:1373, violation_rate:0.0000, forceoff_rate:0.0750, violations:0, force_offs:27
REAL_TRAIN_PER_INT step:1 int:0 id:75 violations:0 force_offs:27 decisions:360 violation_rate:0.0000 forceoff_rate:0.0750 queue:5.8500
forward model: training agent 0.
Epoch 0: forward train average loss 0.01900856734977828.
epoch 0: forward test average loss 0.03272065023581187.
Epoch 99: forward train average loss 0.00698301237490442.
epoch 99: forward test average loss 0.010489730371369256.
inverse model, training agent 0.
epoch 0: inverse train average loss 0.027475753592120275.
epoch 0: inverse test average loss 0.044002029630872935.
epoch 99: inverse train average loss 0.022229435957140393.
epoch 99: inverse test average loss 0.029101505047745176.
GAT episode:1/100 grounded:False sim_loss:0.0000
Policy training episode: 2, grounded actions taken: 0, last two uncertainties: {0: [0.0, 0.0]}, avg agent uncertainties: [np.float64(0.0)], grounded actions by agent: [0]
REAL_TRAIN step:2, travel time:133.85985915492958, q_loss:100, rewards:-30.286108, queue:6.361111, delay:0.620989, throughput:1373, violation_rate:0.0000, forceoff_rate:0.0472, violations:0, force_offs:17
REAL_TRAIN_PER_INT step:2 int:0 id:75 violations:0 force_offs:17 decisions:360 violation_rate:0.0000 forceoff_rate:0.0472 queue:6.3611
forward model: training agent 0.
Epoch 0: forward train average loss 0.008466572397285037.
epoch 0: forward test average loss 0.012840092182159424.
Epoch 99: forward train average loss 0.006813390283948845.
epoch 99: forward test average loss 0.010887073559893502.
inverse model, training agent 0.
epoch 0: inverse train average loss 0.02426951751112938.
epoch 0: inverse test average loss 0.03216397100024753.
epoch 99: inverse train average loss 0.022111374884843826.
epoch 99: inverse test average loss 0.02808189143737157.
GAT episode:2/100 grounded:False sim_loss:3.9979
Policy training episode: 3, grounded actions taken: 0, last two uncertainties: {0: [0.0, 0.0]}, avg agent uncertainties: [np.float64(0.0)], grounded actions by agent: [0]
REAL_TRAIN step:3, travel time:133.31408450704225, q_loss:100, rewards:-30.063046, queue:6.138889, delay:0.5973642, throughput:1373, violation_rate:0.0000, forceoff_rate:0.0694, violations:0, force_offs:25
REAL_TRAIN_PER_INT step:3 int:0 id:75 violations:0 force_offs:25 decisions:360 violation_rate:0.0000 forceoff_rate:0.0694 queue:6.1389
forward model: training agent 0.
Epoch 0: forward train average loss 0.007477685084773434.
epoch 0: forward test average loss 0.011138132876820035.
Epoch 99: forward train average loss 0.006601212235788505.
epoch 99: forward test average loss 0.013069565925333235.
inverse model, training agent 0.
epoch 0: inverse train average loss 0.028201904561784532.
epoch 0: inverse test average loss 0.04563499159283108.
epoch 99: inverse train average loss 0.02183021025525199.
epoch 99: inverse test average loss 0.03322730792893304.
GAT episode:3/100 grounded:False sim_loss:4.1537
Policy training episode: 4, grounded actions taken: 0, last two uncertainties: {0: [0.0, 0.0]}, avg agent uncertainties: [np.float64(0.0)], grounded actions by agent: [0]
REAL_TRAIN step:4, travel time:134.6612676056338, q_loss:100, rewards:-30.589714, queue:6.6805553, delay:0.61374176, throughput:1370, violation_rate:0.0000, forceoff_rate:0.0306, violations:0, force_offs:11
REAL_TRAIN_PER_INT step:4 int:0 id:75 violations:0 force_offs:11 decisions:360 violation_rate:0.0000 forceoff_rate:0.0306 queue:6.6806
forward model: training agent 0.
Epoch 0: forward train average loss 0.007466426119208336.
epoch 0: forward test average loss 0.011173580669694476.
Epoch 99: forward train average loss 0.006394378013081021.
epoch 99: forward test average loss 0.011308878246280882.
inverse model, training agent 0.
epoch 0: inverse train average loss 0.02344436115688748.
epoch 0: inverse test average loss 0.02858449353112115.
epoch 99: inverse train average loss 0.021099381148815155.
epoch 99: inverse test average loss 0.02830997109413147.
GAT episode:4/100 grounded:False sim_loss:3.8939
Policy training episode: 5, grounded actions taken: 0, last two uncertainties: {0: [0.0, 0.8128815952274534]}, avg agent uncertainties: [np.float64(0.4064407976137267)], grounded actions by agent: [0]
REAL_TRAIN step:5, travel time:137.5838028169014, q_loss:100, rewards:-31.764448, queue:7.811111, delay:0.6595504, throughput:1373, violation_rate:0.0000, forceoff_rate:0.0222, violations:0, force_offs:8
REAL_TRAIN_PER_INT step:5 int:0 id:75 violations:0 force_offs:8 decisions:360 violation_rate:0.0000 forceoff_rate:0.0222 queue:7.8111
forward model: training agent 0.
Epoch 0: forward train average loss 0.008397232844597764.
epoch 0: forward test average loss 0.014089885685178969.
Epoch 99: forward train average loss 0.0062712424745162325.
epoch 99: forward test average loss 0.010574136343267228.
inverse model, training agent 0.
epoch 0: inverse train average loss 0.025680917418665357.
epoch 0: inverse test average loss 0.04122920831044515.
epoch 99: inverse train average loss 0.021655454403824277.
epoch 99: inverse test average loss 0.03329516119427151.
GAT episode:5/100 grounded:True sim_loss:3.6128
Policy training episode: 6, grounded actions taken: 0, last two uncertainties: {0: [0.8128815952274534, 0.7383193370368746]}, avg agent uncertainties: [np.float64(0.775600466132164)], grounded actions by agent: [0]
REAL_TRAIN step:6, travel time:135.17253521126761, q_loss:100, rewards:-30.838884, queue:6.9944444, delay:0.6321569, throughput:1370, violation_rate:0.0000, forceoff_rate:0.0722, violations:0, force_offs:26
REAL_TRAIN_PER_INT step:6 int:0 id:75 violations:0 force_offs:26 decisions:360 violation_rate:0.0000 forceoff_rate:0.0722 queue:6.9944
forward model: training agent 0.
Epoch 0: forward train average loss 0.0069423213394151796.
epoch 0: forward test average loss 0.010759284926785363.
Epoch 99: forward train average loss 0.005596227116054959.
epoch 99: forward test average loss 0.008734612415234247.
inverse model, training agent 0.
epoch 0: inverse train average loss 0.02027819926540057.
epoch 0: inverse test average loss 0.031956167684661016.
epoch 99: inverse train average loss 0.018248205590579245.
epoch 99: inverse test average loss 0.03804581198427412.
GAT episode:6/100 grounded:True sim_loss:3.1348
Policy training episode: 7, grounded actions taken: 352, last two uncertainties: {0: [0.7383193370368746, 0.6348934800260597]}, avg agent uncertainties: [np.float64(0.6866064085314671)], grounded actions by agent: [352]
REAL_TRAIN step:7, travel time:137.37605633802818, q_loss:100, rewards:-31.740568, queue:7.827778, delay:0.63572705, throughput:1367, violation_rate:0.0000, forceoff_rate:0.0250, violations:0, force_offs:9
REAL_TRAIN_PER_INT step:7 int:0 id:75 violations:0 force_offs:9 decisions:360 violation_rate:0.0000 forceoff_rate:0.0250 queue:7.8278
forward model: training agent 0.
Epoch 0: forward train average loss 0.006602597629858388.
epoch 0: forward test average loss 0.00830451419783963.
Epoch 99: forward train average loss 0.0051401893401311505.
epoch 99: forward test average loss 0.009713351726531982.
inverse model, training agent 0.
epoch 0: inverse train average loss 0.019522729019323986.
epoch 0: inverse test average loss 0.027304333945115406.
epoch 99: inverse train average loss 0.017292928985423513.
epoch 99: inverse test average loss 0.028652277257707384.
GAT episode:7/100 grounded:True sim_loss:3.9937
Policy training episode: 8, grounded actions taken: 9, last two uncertainties: {0: [0.6348934800260597, 0.7110097797380553]}, avg agent uncertainties: [np.float64(0.6729516298820575)], grounded actions by agent: [9]
REAL_TRAIN step:8, travel time:136.5112676056338, q_loss:100, rewards:-31.376665, queue:7.525, delay:0.6546917, throughput:1368, violation_rate:0.0000, forceoff_rate:0.1056, violations:0, force_offs:38
REAL_TRAIN_PER_INT step:8 int:0 id:75 violations:0 force_offs:38 decisions:360 violation_rate:0.0000 forceoff_rate:0.1056 queue:7.5250
forward model: training agent 0.
Epoch 0: forward train average loss 0.005594575363728736.
epoch 0: forward test average loss 0.009016973690854179.
Epoch 99: forward train average loss 0.0039556302233702606.
epoch 99: forward test average loss 0.005567222005791134.
inverse model, training agent 0.
epoch 0: inverse train average loss 0.02026951064666112.
epoch 0: inverse test average loss 0.03188215527269575.
epoch 99: inverse train average loss 0.016035851505067613.
epoch 99: inverse test average loss 0.022696089413430955.
GAT episode:8/100 grounded:True sim_loss:4.8334
Policy training episode: 9, grounded actions taken: 0, last two uncertainties: {0: [0.7110097797380553, 0.78791257639726]}, avg agent uncertainties: [np.float64(0.7494611780676577)], grounded actions by agent: [0]
REAL_TRAIN step:9, travel time:137.6542253521127, q_loss:100, rewards:-31.825819, queue:7.947222, delay:0.6277043, throughput:1367, violation_rate:0.0000, forceoff_rate:0.0917, violations:0, force_offs:33
REAL_TRAIN_PER_INT step:9 int:0 id:75 violations:0 force_offs:33 decisions:360 violation_rate:0.0000 forceoff_rate:0.0917 queue:7.9472
forward model: training agent 0.
Epoch 0: forward train average loss 0.004929583312736617.
epoch 0: forward test average loss 0.007362679681844181.
Epoch 99: forward train average loss 0.0038118211862941584.
epoch 99: forward test average loss 0.006850224402215745.
inverse model, training agent 0.
epoch 0: inverse train average loss 0.0149595621559355.
epoch 0: inverse test average loss 0.027294089396794636.
epoch 99: inverse train average loss 0.013396869310074382.
epoch 99: inverse test average loss 0.029060935808552638.
GAT episode:9/100 grounded:True sim_loss:4.4365
Policy training episode: 10, grounded actions taken: 203, last two uncertainties: {0: [0.78791257639726, 0.7399192319975959]}, avg agent uncertainties: [np.float64(0.7639159041974279)], grounded actions by agent: [203]
REAL_TRAIN step:10, travel time:137.26901408450703, q_loss:100, rewards:-31.65251, queue:7.786111, delay:0.6019612, throughput:1368, violation_rate:0.0000, forceoff_rate:0.0611, violations:0, force_offs:22
REAL_TRAIN_PER_INT step:10 int:0 id:75 violations:0 force_offs:22 decisions:360 violation_rate:0.0000 forceoff_rate:0.0611 queue:7.7861
forward model: training agent 0.
Epoch 0: forward train average loss 0.004027876692513625.
epoch 0: forward test average loss 0.006599580662118064.
Epoch 99: forward train average loss 0.0030534443342023427.
epoch 99: forward test average loss 0.005902141746547487.
inverse model, training agent 0.
epoch 0: inverse train average loss 0.017943703052070405.
epoch 0: inverse test average loss 0.02451959169573254.
epoch 99: inverse train average loss 0.016020646111832723.
epoch 99: inverse test average loss 0.025083045992586348.
GAT episode:10/100 grounded:True sim_loss:4.0327
Policy training episode: 11, grounded actions taken: 209, last two uncertainties: {0: [0.7399192319975959, 0.7490907286604246]}, avg agent uncertainties: [np.float64(0.7445049803290102)], grounded actions by agent: [209]
REAL_TRAIN step:11, travel time:137.60352112676057, q_loss:100, rewards:-31.760557, queue:7.858333, delay:0.58933485, throughput:1376, violation_rate:0.0000, forceoff_rate:0.0389, violations:0, force_offs:14
REAL_TRAIN_PER_INT step:11 int:0 id:75 violations:0 force_offs:14 decisions:360 violation_rate:0.0000 forceoff_rate:0.0389 queue:7.8583
forward model: training agent 0.
Epoch 0: forward train average loss 0.003639284987002611.
epoch 0: forward test average loss 0.007292997712890307.
Epoch 99: forward train average loss 0.0027916511624223655.
epoch 99: forward test average loss 0.0054493000109990435.
inverse model, training agent 0.
epoch 0: inverse train average loss 0.01389680989086628.
epoch 0: inverse test average loss 0.017487237022982702.
epoch 99: inverse train average loss 0.012175214580363698.
epoch 99: inverse test average loss 0.01818958090411292.
GAT episode:11/100 grounded:True sim_loss:3.9631
Policy training episode: 12, grounded actions taken: 211, last two uncertainties: {0: [0.7490907286604246, 0.7150507206718127]}, avg agent uncertainties: [np.float64(0.7320707246661187)], grounded actions by agent: [211]
REAL_TRAIN step:12, travel time:137.75, q_loss:100, rewards:-31.838606, queue:7.8722224, delay:0.55201375, throughput:1370, violation_rate:0.0000, forceoff_rate:0.0167, violations:0, force_offs:6
REAL_TRAIN_PER_INT step:12 int:0 id:75 violations:0 force_offs:6 decisions:360 violation_rate:0.0000 forceoff_rate:0.0167 queue:7.8722
forward model: training agent 0.
Epoch 0: forward train average loss 0.003227479031516446.
epoch 0: forward test average loss 0.006615326015485657.
Epoch 99: forward train average loss 0.0025680256076157093.
epoch 99: forward test average loss 0.004795700104700195.
inverse model, training agent 0.
epoch 0: inverse train average loss 0.019624482840299606.
epoch 0: inverse test average loss 0.024785978098710377.
epoch 99: inverse train average loss 0.014656013084782494.
epoch 99: inverse test average loss 0.0176085846291648.
GAT episode:12/100 grounded:True sim_loss:4.1443
Policy training episode: 13, grounded actions taken: 205, last two uncertainties: {0: [0.7150507206718127, 0.7234072979953554]}, avg agent uncertainties: [np.float64(0.719229009333584)], grounded actions by agent: [205]
REAL_TRAIN step:13, travel time:138.11267605633802, q_loss:100, rewards:-31.960278, queue:8.033334, delay:0.55673605, throughput:1370, violation_rate:0.0000, forceoff_rate:0.0222, violations:0, force_offs:8
REAL_TRAIN_PER_INT step:13 int:0 id:75 violations:0 force_offs:8 decisions:360 violation_rate:0.0000 forceoff_rate:0.0222 queue:8.0333
forward model: training agent 0.
Epoch 0: forward train average loss 0.002736894982970423.
epoch 0: forward test average loss 0.005292966961860657.
Epoch 99: forward train average loss 0.002392569970753458.
epoch 99: forward test average loss 0.004483089678817325.
inverse model, training agent 0.
epoch 0: inverse train average loss 0.01511804862982697.
epoch 0: inverse test average loss 0.02301155196295844.
epoch 99: inverse train average loss 0.012336854098571671.
epoch 99: inverse test average loss 0.014669502360953225.
GAT episode:13/100 grounded:True sim_loss:3.9493
Policy training episode: 14, grounded actions taken: 209, last two uncertainties: {0: [0.7234072979953554, 0.6972239323788219]}, avg agent uncertainties: [np.float64(0.7103156151870886)], grounded actions by agent: [209]
REAL_TRAIN step:14, travel time:137.92887323943663, q_loss:100, rewards:-31.865273, queue:7.922222, delay:0.57919174, throughput:1370, violation_rate:0.0000, forceoff_rate:0.0278, violations:0, force_offs:10
REAL_TRAIN_PER_INT step:14 int:0 id:75 violations:0 force_offs:10 decisions:360 violation_rate:0.0000 forceoff_rate:0.0278 queue:7.9222
forward model: training agent 0.
Epoch 0: forward train average loss 0.0026657983350257077.
epoch 0: forward test average loss 0.004648696838153733.
Epoch 99: forward train average loss 0.0022845732875996167.
epoch 99: forward test average loss 0.004601886909868982.
inverse model, training agent 0.
epoch 0: inverse train average loss 0.014905621608098349.
epoch 0: inverse test average loss 0.022150277263588376.
epoch 99: inverse train average loss 0.013134168667925728.
epoch 99: inverse test average loss 0.020005454619725544.
GAT episode:14/100 grounded:True sim_loss:3.7831
Policy training episode: 15, grounded actions taken: 154, last two uncertainties: {0: [0.6972239323788219, 0.7141506693429417]}, avg agent uncertainties: [np.float64(0.7056873008608817)], grounded actions by agent: [154]
REAL_TRAIN step:15, travel time:137.9781690140845, q_loss:100, rewards:-31.909449, queue:7.9972224, delay:0.56911796, throughput:1367, violation_rate:0.0000, forceoff_rate:0.0472, violations:0, force_offs:17
REAL_TRAIN_PER_INT step:15 int:0 id:75 violations:0 force_offs:17 decisions:360 violation_rate:0.0000 forceoff_rate:0.0472 queue:7.9972
forward model: training agent 0.
Epoch 0: forward train average loss 0.0023412862533910405.
epoch 0: forward test average loss 0.004924066157804595.
Epoch 99: forward train average loss 0.0019927277591907317.
epoch 99: forward test average loss 0.0057440826462374795.
inverse model, training agent 0.
epoch 0: inverse train average loss 0.016284034690923162.
epoch 0: inverse test average loss 0.021861504763364792.
epoch 99: inverse train average loss 0.013314945623278618.
epoch 99: inverse test average loss 0.01653391867876053.
GAT episode:15/100 grounded:True sim_loss:3.4609
Policy training episode: 16, grounded actions taken: 172, last two uncertainties: {0: [0.7141506693429417, 0.7109784810079469]}, avg agent uncertainties: [np.float64(0.7125645751754444)], grounded actions by agent: [172]
REAL_TRAIN step:16, travel time:139.0267605633803, q_loss:100, rewards:-32.317764, queue:8.302778, delay:0.5612196, throughput:1370, violation_rate:0.0000, forceoff_rate:0.0111, violations:0, force_offs:4
REAL_TRAIN_PER_INT step:16 int:0 id:75 violations:0 force_offs:4 decisions:360 violation_rate:0.0000 forceoff_rate:0.0111 queue:8.3028
forward model: training agent 0.
Epoch 0: forward train average loss 0.0026906284296678174.
epoch 0: forward test average loss 0.004964676375190417.
Epoch 99: forward train average loss 0.002166345223991407.
epoch 99: forward test average loss 0.0038534545650084815.
inverse model, training agent 0.
epoch 0: inverse train average loss 0.013201834633946419.
epoch 0: inverse test average loss 0.015378537277380625.
epoch 99: inverse train average loss 0.01095963828265667.
epoch 99: inverse test average loss 0.015423960155910917.
GAT episode:16/100 grounded:True sim_loss:3.3071
Policy training episode: 17, grounded actions taken: 231, last two uncertainties: {0: [0.7109784810079469, 0.6761161820756064]}, avg agent uncertainties: [np.float64(0.6935473315417766)], grounded actions by agent: [231]
REAL_TRAIN step:17, travel time:139.78098591549295, q_loss:100, rewards:-32.661934, queue:8.694445, delay:0.6017695, throughput:1374, violation_rate:0.0000, forceoff_rate:0.0167, violations:0, force_offs:6
REAL_TRAIN_PER_INT step:17 int:0 id:75 violations:0 force_offs:6 decisions:360 violation_rate:0.0000 forceoff_rate:0.0167 queue:8.6944
forward model: training agent 0.
Epoch 0: forward train average loss 0.0022603561584320334.
epoch 0: forward test average loss 0.0047514500717322035.
Epoch 99: forward train average loss 0.0019947823344005477.
epoch 99: forward test average loss 0.004781510473953353.
inverse model, training agent 0.
epoch 0: inverse train average loss 0.012063845992088318.
epoch 0: inverse test average loss 0.020033726261721715.
epoch 99: inverse train average loss 0.010762211142314805.
epoch 99: inverse test average loss 0.015496174494425455.
GAT episode:17/100 grounded:True sim_loss:3.2618
Policy training episode: 18, grounded actions taken: 266, last two uncertainties: {0: [0.6761161820756064, 0.651777818467882]}, avg agent uncertainties: [np.float64(0.6639470002717442)], grounded actions by agent: [266]
REAL_TRAIN step:18, travel time:137.22676056338028, q_loss:100, rewards:-31.588316, queue:7.65, delay:0.55316967, throughput:1373, violation_rate:0.0000, forceoff_rate:0.0222, violations:0, force_offs:8
REAL_TRAIN_PER_INT step:18 int:0 id:75 violations:0 force_offs:8 decisions:360 violation_rate:0.0000 forceoff_rate:0.0222 queue:7.6500
forward model: training agent 0.
Epoch 0: forward train average loss 0.002256017436997758.
epoch 0: forward test average loss 0.004392559743589825.
Epoch 99: forward train average loss 0.001966394509913193.
epoch 99: forward test average loss 0.0036056511518028048.
inverse model, training agent 0.
epoch 0: inverse train average loss 0.01119582706855403.
epoch 0: inverse test average loss 0.018627335627873737.
epoch 99: inverse train average loss 0.0097886361181736.
epoch 99: inverse test average loss 0.015149067259497113.
GAT episode:18/100 grounded:True sim_loss:3.2425
Policy training episode: 19, grounded actions taken: 216, last two uncertainties: {0: [0.651777818467882, 0.6383411722878615]}, avg agent uncertainties: [np.float64(0.6450594953778717)], grounded actions by agent: [216]
REAL_TRAIN step:19, travel time:138.24788732394367, q_loss:100, rewards:-32.012768, queue:8.086111, delay:0.5803635, throughput:1370, violation_rate:0.0000, forceoff_rate:0.0250, violations:0, force_offs:9
REAL_TRAIN_PER_INT step:19 int:0 id:75 violations:0 force_offs:9 decisions:360 violation_rate:0.0000 forceoff_rate:0.0250 queue:8.0861
forward model: training agent 0.
Epoch 0: forward train average loss 0.002080022305664089.
epoch 0: forward test average loss 0.003529539228313499.
Epoch 99: forward train average loss 0.0018240196578618553.
epoch 99: forward test average loss 0.003655251529481676.
inverse model, training agent 0.
epoch 0: inverse train average loss 0.013975312002003193.
epoch 0: inverse test average loss 0.0193501396311654.
epoch 99: inverse train average loss 0.01124415515611569.
epoch 99: inverse test average loss 0.012774427317910723.
GAT episode:19/100 grounded:True sim_loss:3.3886
Policy training episode: 20, grounded actions taken: 86, last two uncertainties: {0: [0.6383411722878615, 0.7024703534113036]}, avg agent uncertainties: [np.float64(0.6704057628495825)], grounded actions by agent: [86]
REAL_TRAIN step:20, travel time:138.10281690140846, q_loss:100, rewards:-31.978882, queue:8.083333, delay:0.5709393, throughput:1372, violation_rate:0.0000, forceoff_rate:0.0306, violations:0, force_offs:11
REAL_TRAIN_PER_INT step:20 int:0 id:75 violations:0 force_offs:11 decisions:360 violation_rate:0.0000 forceoff_rate:0.0306 queue:8.0833
forward model: training agent 0.
Epoch 0: forward train average loss 0.0019382646617790062.
epoch 0: forward test average loss 0.003879927098751068.
Epoch 99: forward train average loss 0.001781832582006852.
epoch 99: forward test average loss 0.0039434002505408395.
inverse model, training agent 0.
epoch 0: inverse train average loss 0.009474065775672594.
epoch 0: inverse test average loss 0.020482020245658025.
epoch 99: inverse train average loss 0.008261667771471871.
epoch 99: inverse test average loss 0.01623026364379459.
GAT episode:20/100 grounded:True sim_loss:3.2055
Policy training episode: 21, grounded actions taken: 145, last two uncertainties: {0: [0.7024703534113036, 0.6889338157243199]}, avg agent uncertainties: [np.float64(0.6957020845678117)], grounded actions by agent: [145]
REAL_TRAIN step:21, travel time:138.7176056338028, q_loss:100, rewards:-32.17195, queue:8.211111, delay:0.577456, throughput:1374, violation_rate:0.0000, forceoff_rate:0.0389, violations:0, force_offs:14
REAL_TRAIN_PER_INT step:21 int:0 id:75 violations:0 force_offs:14 decisions:360 violation_rate:0.0000 forceoff_rate:0.0389 queue:8.2111
forward model: training agent 0.
Epoch 0: forward train average loss 0.001960351390557157.
epoch 0: forward test average loss 0.003980856181846725.
Epoch 99: forward train average loss 0.0017558464573489295.
epoch 99: forward test average loss 0.003548694464067618.
inverse model, training agent 0.
epoch 0: inverse train average loss 0.01149993638197581.
epoch 0: inverse test average loss 0.02698011365201738.
epoch 99: inverse train average loss 0.009978297270006604.
epoch 99: inverse test average loss 0.02088224556710985.
GAT episode:21/100 grounded:True sim_loss:2.8310
Policy training episode: 22, grounded actions taken: 142, last two uncertainties: {0: [0.6889338157243199, 0.7215709345208274]}, avg agent uncertainties: [np.float64(0.7052523751225737)], grounded actions by agent: [142]
REAL_TRAIN step:22, travel time:139.5, q_loss:100, rewards:-32.499733, queue:8.544444, delay:0.572998, throughput:1365, violation_rate:0.0000, forceoff_rate:0.0306, violations:0, force_offs:11
REAL_TRAIN_PER_INT step:22 int:0 id:75 violations:0 force_offs:11 decisions:360 violation_rate:0.0000 forceoff_rate:0.0306 queue:8.5444
forward model: training agent 0.
Epoch 0: forward train average loss 0.0019028539665871197.
epoch 0: forward test average loss 0.003936595800850127.
Epoch 99: forward train average loss 0.001777318332137333.
epoch 99: forward test average loss 0.0034244589300619233.
inverse model, training agent 0.
epoch 0: inverse train average loss 0.008408174953526922.
epoch 0: inverse test average loss 0.01471786904666159.
epoch 99: inverse train average loss 0.007088367723756366.
epoch 99: inverse test average loss 0.011270431180795034.
GAT episode:22/100 grounded:True sim_loss:2.3753
Policy training episode: 23, grounded actions taken: 163, last two uncertainties: {0: [0.7215709345208274, 0.7157182219955657]}, avg agent uncertainties: [np.float64(0.7186445782581965)], grounded actions by agent: [163]
REAL_TRAIN step:23, travel time:137.1549295774648, q_loss:100, rewards:-31.595284, queue:7.661111, delay:0.60964304, throughput:1372, violation_rate:0.0000, forceoff_rate:0.0000, violations:0, force_offs:0
REAL_TRAIN_PER_INT step:23 int:0 id:75 violations:0 force_offs:0 decisions:360 violation_rate:0.0000 forceoff_rate:0.0000 queue:7.6611
forward model: training agent 0.
Epoch 0: forward train average loss 0.0021687669731262657.
epoch 0: forward test average loss 0.00402349295715491.
Epoch 99: forward train average loss 0.0018586861228363381.
epoch 99: forward test average loss 0.0036012185737490654.
inverse model, training agent 0.
epoch 0: inverse train average loss 0.012152689612574048.
epoch 0: inverse test average loss 0.017508803970283933.
epoch 99: inverse train average loss 0.009218047372996807.
epoch 99: inverse test average loss 0.017254052890671626.
GAT episode:23/100 grounded:True sim_loss:2.3365
Policy training episode: 24, grounded actions taken: 205, last two uncertainties: {0: [0.7157182219955657, 0.704382369418939]}, avg agent uncertainties: [np.float64(0.7100502957072523)], grounded actions by agent: [205]
REAL_TRAIN step:24, travel time:139.56619718309858, q_loss:100, rewards:-32.58584, queue:8.6472225, delay:0.63118434, throughput:1373, violation_rate:0.0000, forceoff_rate:0.0000, violations:0, force_offs:0
REAL_TRAIN_PER_INT step:24 int:0 id:75 violations:0 force_offs:0 decisions:360 violation_rate:0.0000 forceoff_rate:0.0000 queue:8.6472
forward model: training agent 0.
Epoch 0: forward train average loss 0.002123715562952889.
epoch 0: forward test average loss 0.004269802321990331.
Epoch 99: forward train average loss 0.0018685140853954686.
epoch 99: forward test average loss 0.004910585367017322.
inverse model, training agent 0.
epoch 0: inverse train average loss 0.008554713386628363.
epoch 0: inverse test average loss 0.012148129029406441.
epoch 99: inverse train average loss 0.007343711434966988.
epoch 99: inverse test average loss 0.019115692625443142.
GAT episode:24/100 grounded:True sim_loss:2.2825
Policy training episode: 25, grounded actions taken: 215, last two uncertainties: {0: [0.704382369418939, 0.6893010129531224]}, avg agent uncertainties: [np.float64(0.6968416911860307)], grounded actions by agent: [215]
REAL_TRAIN step:25, travel time:139.57042253521126, q_loss:100, rewards:-32.602493, queue:8.688889, delay:0.59314984, throughput:1370, violation_rate:0.0000, forceoff_rate:0.0056, violations:0, force_offs:2
REAL_TRAIN_PER_INT step:25 int:0 id:75 violations:0 force_offs:2 decisions:360 violation_rate:0.0000 forceoff_rate:0.0056 queue:8.6889
forward model: training agent 0.
Epoch 0: forward train average loss 0.0020458881432811418.
epoch 0: forward test average loss 0.0038552298727962705.
Epoch 99: forward train average loss 0.0018845902134974797.
epoch 99: forward test average loss 0.003598602799077829.
inverse model, training agent 0.
epoch 0: inverse train average loss 0.00793263160934051.
epoch 0: inverse test average loss 0.014333889716201358.
epoch 99: inverse train average loss 0.006852552501691712.
epoch 99: inverse test average loss 0.016673222184181213.
GAT episode:25/100 grounded:True sim_loss:2.2872
Policy training episode: 26, grounded actions taken: 189, last two uncertainties: {0: [0.6893010129531224, 0.6954976713491811]}, avg agent uncertainties: [np.float64(0.6923993421511517)], grounded actions by agent: [189]
REAL_TRAIN step:26, travel time:137.29718309859155, q_loss:100, rewards:-31.666374, queue:7.827778, delay:0.59071124, throughput:1372, violation_rate:0.0000, forceoff_rate:0.0639, violations:0, force_offs:23
REAL_TRAIN_PER_INT step:26 int:0 id:75 violations:0 force_offs:23 decisions:360 violation_rate:0.0000 forceoff_rate:0.0639 queue:7.8278
forward model: training agent 0.
Epoch 0: forward train average loss 0.002013084970207678.
epoch 0: forward test average loss 0.003358641432391273.
Epoch 99: forward train average loss 0.0017328309153931008.
epoch 99: forward test average loss 0.004186820445789231.
inverse model, training agent 0.
epoch 0: inverse train average loss 0.006501077053447564.
epoch 0: inverse test average loss 0.008531116776996188.
epoch 99: inverse train average loss 0.004651797676665915.
epoch 99: inverse test average loss 0.012790375285678439.
GAT episode:26/100 grounded:True sim_loss:2.2429
Policy training episode: 27, grounded actions taken: 227, last two uncertainties: {0: [0.6954976713491811, 0.6602443213264148]}, avg agent uncertainties: [np.float64(0.6778709963377979)], grounded actions by agent: [227]
REAL_TRAIN step:27, travel time:138.2161971830986, q_loss:100, rewards:-32.058617, queue:8.105556, delay:0.61834943, throughput:1366, violation_rate:0.0000, forceoff_rate:0.0083, violations:0, force_offs:3
REAL_TRAIN_PER_INT step:27 int:0 id:75 violations:0 force_offs:3 decisions:360 violation_rate:0.0000 forceoff_rate:0.0083 queue:8.1056
forward model: training agent 0.
Epoch 0: forward train average loss 0.002064033825364378.
epoch 0: forward test average loss 0.0036867067424787413.
Epoch 99: forward train average loss 0.0018017693526215023.
epoch 99: forward test average loss 0.003966313890284962.
inverse model, training agent 0.
epoch 0: inverse train average loss 0.009831813681456778.
epoch 0: inverse test average loss 0.02392688641945521.
epoch 99: inverse train average loss 0.006827046163380146.
epoch 99: inverse test average loss 0.022131584584712982.
GAT episode:27/100 grounded:True sim_loss:2.1306
Policy training episode: 28, grounded actions taken: 166, last two uncertainties: {0: [0.6602443213264148, 0.6841416196690665]}, avg agent uncertainties: [np.float64(0.6721929704977406)], grounded actions by agent: [166]
REAL_TRAIN step:28, travel time:137.71478873239437, q_loss:100, rewards:-31.847761, queue:7.9944444, delay:0.5996015, throughput:1370, violation_rate:0.0000, forceoff_rate:0.0083, violations:0, force_offs:3
REAL_TRAIN_PER_INT step:28 int:0 id:75 violations:0 force_offs:3 decisions:360 violation_rate:0.0000 forceoff_rate:0.0083 queue:7.9944
forward model: training agent 0.
Epoch 0: forward train average loss 0.0021623936999175283.
epoch 0: forward test average loss 0.0037470770378907523.
Epoch 99: forward train average loss 0.0017696094130062396.
epoch 99: forward test average loss 0.004484364969862832.
inverse model, training agent 0.
epoch 0: inverse train average loss 0.027755739374293223.
epoch 0: inverse test average loss 0.032300584432151586.
epoch 99: inverse train average loss 0.015177777037024498.
epoch 99: inverse test average loss 0.01777579800950156.
GAT episode:28/100 grounded:True sim_loss:2.2675
Policy training episode: 29, grounded actions taken: 153, last two uncertainties: {0: [0.6841416196690665, 0.6998440753254626]}, avg agent uncertainties: [np.float64(0.6919928474972645)], grounded actions by agent: [153]
REAL_TRAIN step:29, travel time:136.37887323943661, q_loss:100, rewards:-31.321394, queue:7.4583335, delay:0.62509316, throughput:1367, violation_rate:0.0000, forceoff_rate:0.0333, violations:0, force_offs:12
REAL_TRAIN_PER_INT step:29 int:0 id:75 violations:0 force_offs:12 decisions:360 violation_rate:0.0000 forceoff_rate:0.0333 queue:7.4583
forward model: training agent 0.
Epoch 0: forward train average loss 0.001995401560432381.
epoch 0: forward test average loss 0.004057863313290808.
Epoch 99: forward train average loss 0.0016866727059500085.
epoch 99: forward test average loss 0.003357325577073627.
inverse model, training agent 0.
epoch 0: inverse train average loss 0.007666452477375667.
epoch 0: inverse test average loss 0.014944555030928718.
epoch 99: inverse train average loss 0.004227987387114101.
epoch 99: inverse test average loss 0.012300967756244872.
GAT episode:29/100 grounded:True sim_loss:2.0611
Policy training episode: 30, grounded actions taken: 248, last two uncertainties: {0: [0.6998440753254626, 0.6388918587730991]}, avg agent uncertainties: [np.float64(0.6693679670492808)], grounded actions by agent: [248]
REAL_TRAIN step:30, travel time:136.9619718309859, q_loss:100, rewards:-31.496378, queue:7.608333, delay:0.56674194, throughput:1374, violation_rate:0.0000, forceoff_rate:0.0361, violations:0, force_offs:13
REAL_TRAIN_PER_INT step:30 int:0 id:75 violations:0 force_offs:13 decisions:360 violation_rate:0.0000 forceoff_rate:0.0361 queue:7.6083
forward model: training agent 0.
Epoch 0: forward train average loss 0.0018898368450916475.
epoch 0: forward test average loss 0.004175986680719588.
Epoch 99: forward train average loss 0.0016256954986602068.
epoch 99: forward test average loss 0.004296896979212761.
inverse model, training agent 0.
epoch 0: inverse train average loss 0.008954954230123095.
epoch 0: inverse test average loss 0.008793898444208834.
epoch 99: inverse train average loss 0.006353518563426203.
epoch 99: inverse test average loss 0.009342094262441.
GAT episode:30/100 grounded:True sim_loss:2.1105
Policy training episode: 31, grounded actions taken: 166, last two uncertainties: {0: [0.6388918587730991, 0.6781953732172649]}, avg agent uncertainties: [np.float64(0.658543615995182)], grounded actions by agent: [166]
REAL_TRAIN step:31, travel time:137.21408450704226, q_loss:100, rewards:-31.60473, queue:7.672222, delay:0.54983395, throughput:1370, violation_rate:0.0000, forceoff_rate:0.0194, violations:0, force_offs:7
REAL_TRAIN_PER_INT step:31 int:0 id:75 violations:0 force_offs:7 decisions:360 violation_rate:0.0000 forceoff_rate:0.0194 queue:7.6722
forward model: training agent 0.
Epoch 0: forward train average loss 0.0018474908752573861.
epoch 0: forward test average loss 0.0035340653525458444.
Epoch 99: forward train average loss 0.0015726996223545736.
epoch 99: forward test average loss 0.004185114469793107.
inverse model, training agent 0.
epoch 0: inverse train average loss 0.005699558907912837.
epoch 0: inverse test average loss 0.009391061547729705.
epoch 99: inverse train average loss 0.004153554431266255.
epoch 99: inverse test average loss 0.009182510276635488.
GAT episode:31/100 grounded:True sim_loss:2.2541
Policy training episode: 32, grounded actions taken: 120, last two uncertainties: {0: [0.6781953732172649, 0.6947580511371295]}, avg agent uncertainties: [np.float64(0.6864767121771972)], grounded actions by agent: [120]
REAL_TRAIN step:32, travel time:137.0274647887324, q_loss:100, rewards:-31.558048, queue:7.65, delay:0.5745778, throughput:1369, violation_rate:0.0000, forceoff_rate:0.0528, violations:0, force_offs:19
REAL_TRAIN_PER_INT step:32 int:0 id:75 violations:0 force_offs:19 decisions:360 violation_rate:0.0000 forceoff_rate:0.0528 queue:7.6500
forward model: training agent 0.
Epoch 0: forward train average loss 0.002076532536496719.
epoch 0: forward test average loss 0.0035217955915464293.
Epoch 99: forward train average loss 0.0016050873220794732.
epoch 99: forward test average loss 0.003310384021864997.
inverse model, training agent 0.
epoch 0: inverse train average loss 0.0055701107614570195.
epoch 0: inverse test average loss 0.008420897337297598.
epoch 99: inverse train average loss 0.0033529906844099364.
epoch 99: inverse test average loss 0.02078859590821796.
GAT episode:32/100 grounded:True sim_loss:2.1484
Policy training episode: 33, grounded actions taken: 183, last two uncertainties: {0: [0.6947580511371295, 0.6886337403621938]}, avg agent uncertainties: [np.float64(0.6916958957496617)], grounded actions by agent: [183]
REAL_TRAIN step:33, travel time:135.61478873239437, q_loss:100, rewards:-30.996384, queue:7.1, delay:0.5563592, throughput:1371, violation_rate:0.0000, forceoff_rate:0.0417, violations:0, force_offs:15
REAL_TRAIN_PER_INT step:33 int:0 id:75 violations:0 force_offs:15 decisions:360 violation_rate:0.0000 forceoff_rate:0.0417 queue:7.1000
forward model: training agent 0.
Epoch 0: forward train average loss 0.001859474875446823.
epoch 0: forward test average loss 0.0036640378336111703.
Epoch 99: forward train average loss 0.0015906204676462545.
epoch 99: forward test average loss 0.00477437571518951.
inverse model, training agent 0.
epoch 0: inverse train average loss 0.004616505259441005.
epoch 0: inverse test average loss 0.0049304498922235025.
epoch 99: inverse train average loss 0.0035239718854427338.
epoch 99: inverse test average loss 0.0060380442688862486.
GAT episode:33/100 grounded:True sim_loss:2.2922
Policy training episode: 34, grounded actions taken: 185, last two uncertainties: {0: [0.6886337403621938, 0.6883877779046694]}, avg agent uncertainties: [np.float64(0.6885107591334316)], grounded actions by agent: [185]
REAL_TRAIN step:34, travel time:136.81126760563382, q_loss:100, rewards:-31.456104, queue:7.5444446, delay:0.5589759, throughput:1368, violation_rate:0.0000, forceoff_rate:0.0472, violations:0, force_offs:17
REAL_TRAIN_PER_INT step:34 int:0 id:75 violations:0 force_offs:17 decisions:360 violation_rate:0.0000 forceoff_rate:0.0472 queue:7.5444
forward model: training agent 0.
Epoch 0: forward train average loss 0.0018777157076530987.
epoch 0: forward test average loss 0.0036262873974111346.
Epoch 99: forward train average loss 0.0016216795322381789.
epoch 99: forward test average loss 0.0037289661251836354.
inverse model, training agent 0.
epoch 0: inverse train average loss 0.013256182790630393.
epoch 0: inverse test average loss 0.009693549687249793.
epoch 99: inverse train average loss 0.006219574457241429.
epoch 99: inverse test average loss 0.009089630097150803.
GAT episode:34/100 grounded:True sim_loss:2.2457
Policy training episode: 35, grounded actions taken: 130, last two uncertainties: {0: [0.6883877779046694, 0.7316465136905511]}, avg agent uncertainties: [np.float64(0.7100171457976103)], grounded actions by agent: [130]
REAL_TRAIN step:35, travel time:137.49647887323943, q_loss:100, rewards:-31.69553, queue:7.7305555, delay:0.5536373, throughput:1374, violation_rate:0.0000, forceoff_rate:0.0139, violations:0, force_offs:5
REAL_TRAIN_PER_INT step:35 int:0 id:75 violations:0 force_offs:5 decisions:360 violation_rate:0.0000 forceoff_rate:0.0139 queue:7.7306
forward model: training agent 0.
Epoch 0: forward train average loss 0.0019271954014483425.
epoch 0: forward test average loss 0.0033720831076304116.
Epoch 99: forward train average loss 0.0016191225084993574.
epoch 99: forward test average loss 0.0038695273300011954.
inverse model, training agent 0.
epoch 0: inverse train average loss 0.004867260447806782.
epoch 0: inverse test average loss 0.00649215177529388.
epoch 99: inverse train average loss 0.0030525696670843493.
epoch 99: inverse test average loss 0.00957783166733053.
GAT episode:35/100 grounded:True sim_loss:2.1762
Policy training episode: 36, grounded actions taken: 172, last two uncertainties: {0: [0.7316465136905511, 0.7151205473475986]}, avg agent uncertainties: [np.float64(0.7233835305190748)], grounded actions by agent: [172]
REAL_TRAIN step:36, travel time:136.06901408450705, q_loss:100, rewards:-31.134993, queue:7.2694445, delay:0.5422555, throughput:1374, violation_rate:0.0000, forceoff_rate:0.0306, violations:0, force_offs:11
REAL_TRAIN_PER_INT step:36 int:0 id:75 violations:0 force_offs:11 decisions:360 violation_rate:0.0000 forceoff_rate:0.0306 queue:7.2694
forward model: training agent 0.
Epoch 0: forward train average loss 0.0019537006608313983.
epoch 0: forward test average loss 0.004524341060055627.
Epoch 99: forward train average loss 0.001624872571685248.
epoch 99: forward test average loss 0.003423158907228046.
inverse model, training agent 0.
epoch 0: inverse train average loss 0.005835362089176972.
epoch 0: inverse test average loss 0.004302532308631473.
epoch 99: inverse train average loss 0.004394924733787775.
epoch 99: inverse test average loss 0.004630655878119999.
GAT episode:36/100 grounded:True sim_loss:2.1860
Policy training episode: 37, grounded actions taken: 137, last two uncertainties: {0: [0.7151205473475986, 0.7513176707757844]}, avg agent uncertainties: [np.float64(0.7332191090616915)], grounded actions by agent: [137]
REAL_TRAIN step:37, travel time:139.8894366197183, q_loss:100, rewards:-32.64277, queue:8.697222, delay:0.5222967, throughput:1371, violation_rate:0.0000, forceoff_rate:0.0222, violations:0, force_offs:8
REAL_TRAIN_PER_INT step:37 int:0 id:75 violations:0 force_offs:8 decisions:360 violation_rate:0.0000 forceoff_rate:0.0222 queue:8.6972
forward model: training agent 0.
Epoch 0: forward train average loss 0.0019440124483986034.
epoch 0: forward test average loss 0.0036450165013472238.
Epoch 99: forward train average loss 0.0015416616160008642.
epoch 99: forward test average loss 0.0033212900161743164.
inverse model, training agent 0.
epoch 0: inverse train average loss 0.0034138256839166083.
epoch 0: inverse test average loss 0.004283030413919025.
epoch 99: inverse train average loss 0.0019312678163664208.
epoch 99: inverse test average loss 0.004124177826775445.
GAT episode:37/100 grounded:True sim_loss:2.4303
Policy training episode: 38, grounded actions taken: 137, last two uncertainties: {0: [0.7513176707757844, 0.761888409157594]}, avg agent uncertainties: [np.float64(0.7566030399666892)], grounded actions by agent: [137]
REAL_TRAIN step:38, travel time:136.85422535211268, q_loss:100, rewards:-31.462217, queue:7.5666666, delay:0.56125385, throughput:1373, violation_rate:0.0000, forceoff_rate:0.0583, violations:0, force_offs:21
REAL_TRAIN_PER_INT step:38 int:0 id:75 violations:0 force_offs:21 decisions:360 violation_rate:0.0000 forceoff_rate:0.0583 queue:7.5667
forward model: training agent 0.
Epoch 0: forward train average loss 0.001751919121791919.
epoch 0: forward test average loss 0.003305711266067293.
Epoch 99: forward train average loss 0.0015113140559858745.
epoch 99: forward test average loss 0.0034156756268607247.
inverse model, training agent 0.
epoch 0: inverse train average loss 0.0030483810955451596.
epoch 0: inverse test average loss 0.003329663382222255.
epoch 99: inverse train average loss 0.0019861095998850134.
epoch 99: inverse test average loss 0.002608274057921436.
GAT episode:38/100 grounded:True sim_loss:2.5056
Policy training episode: 39, grounded actions taken: 188, last two uncertainties: {0: [0.761888409157594, 0.7450554557972484]}, avg agent uncertainties: [np.float64(0.7534719324774213)], grounded actions by agent: [188]
REAL_TRAIN step:39, travel time:137.82676056338028, q_loss:100, rewards:-31.8475, queue:7.925, delay:0.55509275, throughput:1370, violation_rate:0.0000, forceoff_rate:0.0472, violations:0, force_offs:17
REAL_TRAIN_PER_INT step:39 int:0 id:75 violations:0 force_offs:17 decisions:360 violation_rate:0.0000 forceoff_rate:0.0472 queue:7.9250
forward model: training agent 0.
Epoch 0: forward train average loss 0.0017158786455790203.
epoch 0: forward test average loss 0.003371219047241741.
Epoch 99: forward train average loss 0.0014642901045994626.
epoch 99: forward test average loss 0.0036638472229242325.
inverse model, training agent 0.
epoch 0: inverse train average loss 0.0023977746928317677.
epoch 0: inverse test average loss 0.008276182123356395.
epoch 99: inverse train average loss 0.001174915400851104.
epoch 99: inverse test average loss 0.012758951841129197.
GAT episode:39/100 grounded:True sim_loss:2.4069
Policy training episode: 40, grounded actions taken: 214, last two uncertainties: {0: [0.7450554557972484, 0.7224736890031231]}, avg agent uncertainties: [np.float64(0.7337645724001858)], grounded actions by agent: [214]
REAL_TRAIN step:40, travel time:137.4950704225352, q_loss:100, rewards:-31.73278, queue:7.836111, delay:0.57384837, throughput:1369, violation_rate:0.0000, forceoff_rate:0.0778, violations:0, force_offs:28
REAL_TRAIN_PER_INT step:40 int:0 id:75 violations:0 force_offs:28 decisions:360 violation_rate:0.0000 forceoff_rate:0.0778 queue:7.8361
forward model: training agent 0.
Epoch 0: forward train average loss 0.0017947221123096016.
epoch 0: forward test average loss 0.003071730025112629.
Epoch 99: forward train average loss 0.0015006843540403578.
epoch 99: forward test average loss 0.003637067973613739.
inverse model, training agent 0.
epoch 0: inverse train average loss 0.0023517069251586995.
epoch 0: inverse test average loss 0.007101344358589914.
epoch 99: inverse train average loss 0.0015099417651072145.
epoch 99: inverse test average loss 0.002968682584145831.
GAT episode:40/100 grounded:True sim_loss:2.3021
Policy training episode: 41, grounded actions taken: 223, last two uncertainties: {0: [0.7224736890031231, 0.6840495958096451]}, avg agent uncertainties: [np.float64(0.7032616424063841)], grounded actions by agent: [223]
REAL_TRAIN step:41, travel time:137.34084507042255, q_loss:100, rewards:-31.666664, queue:7.8055553, delay:0.5591311, throughput:1367, violation_rate:0.0000, forceoff_rate:0.0694, violations:0, force_offs:25
REAL_TRAIN_PER_INT step:41 int:0 id:75 violations:0 force_offs:25 decisions:360 violation_rate:0.0000 forceoff_rate:0.0694 queue:7.8056
forward model: training agent 0.
Epoch 0: forward train average loss 0.0017652798237072097.
epoch 0: forward test average loss 0.003174472496741348.
Epoch 99: forward train average loss 0.0015275118510342306.
epoch 99: forward test average loss 0.0031771393906739023.
inverse model, training agent 0.
epoch 0: inverse train average loss 0.002724913375762602.
epoch 0: inverse test average loss 0.011800345861249499.
epoch 99: inverse train average loss 0.001504010572615597.
epoch 99: inverse test average loss 0.0098259634234839.
GAT episode:41/100 grounded:True sim_loss:2.4515
Policy training episode: 42, grounded actions taken: 175, last two uncertainties: {0: [0.6840495958096451, 0.7104812984665235]}, avg agent uncertainties: [np.float64(0.6972654471380844)], grounded actions by agent: [175]
REAL_TRAIN step:42, travel time:138.72394366197184, q_loss:100, rewards:-32.19526, queue:8.294444, delay:0.5658866, throughput:1374, violation_rate:0.0000, forceoff_rate:0.0389, violations:0, force_offs:14
REAL_TRAIN_PER_INT step:42 int:0 id:75 violations:0 force_offs:14 decisions:360 violation_rate:0.0000 forceoff_rate:0.0389 queue:8.2944
forward model: training agent 0.
Epoch 0: forward train average loss 0.0017831229035639102.
epoch 0: forward test average loss 0.0038740821182727814.
Epoch 99: forward train average loss 0.0014526131304187907.
epoch 99: forward test average loss 0.0038735191855165693.
inverse model, training agent 0.
epoch 0: inverse train average loss 0.004926964744097657.
epoch 0: inverse test average loss 0.007852466156085333.
epoch 99: inverse train average loss 0.0031790506198174423.
epoch 99: inverse test average loss 0.003799699531454179.
GAT episode:42/100 grounded:True sim_loss:2.4694
Policy training episode: 43, grounded actions taken: 75, last two uncertainties: {0: [0.7104812984665235, 0.7991078178915713]}, avg agent uncertainties: [np.float64(0.7547945581790474)], grounded actions by agent: [75]
REAL_TRAIN step:43, travel time:136.74788732394367, q_loss:100, rewards:-31.42832, queue:7.5194445, delay:0.5460217, throughput:1370, violation_rate:0.0000, forceoff_rate:0.0500, violations:0, force_offs:18
REAL_TRAIN_PER_INT step:43 int:0 id:75 violations:0 force_offs:18 decisions:360 violation_rate:0.0000 forceoff_rate:0.0500 queue:7.5194
forward model: training agent 0.
Epoch 0: forward train average loss 0.0018920178732110395.
epoch 0: forward test average loss 0.003443513789938556.
Epoch 99: forward train average loss 0.0015432459767907858.
epoch 99: forward test average loss 0.0036568956242667306.
inverse model, training agent 0.
epoch 0: inverse train average loss 0.003624700837665134.
epoch 0: inverse test average loss 0.0045562126777238315.
epoch 99: inverse train average loss 0.0016712655261572865.
epoch 99: inverse test average loss 0.005216618999838829.
GAT episode:43/100 grounded:True sim_loss:2.3302
Policy training episode: 44, grounded actions taken: 146, last two uncertainties: {0: [0.7991078178915713, 0.7739613494111433]}, avg agent uncertainties: [np.float64(0.7865345836513573)], grounded actions by agent: [146]
REAL_TRAIN step:44, travel time:135.85211267605635, q_loss:100, rewards:-31.062769, queue:7.1277776, delay:0.55068713, throughput:1371, violation_rate:0.0000, forceoff_rate:0.0472, violations:0, force_offs:17
REAL_TRAIN_PER_INT step:44 int:0 id:75 violations:0 force_offs:17 decisions:360 violation_rate:0.0000 forceoff_rate:0.0472 queue:7.1278
forward model: training agent 0.
Epoch 0: forward train average loss 0.0018916907720267773.
epoch 0: forward test average loss 0.0044768812755743665.
Epoch 99: forward train average loss 0.0016083808667543861.
epoch 99: forward test average loss 0.003448969374100367.
inverse model, training agent 0.
epoch 0: inverse train average loss 0.001782052969146106.
epoch 0: inverse test average loss 0.0034906212240457535.
epoch 99: inverse train average loss 0.00115282886609849.
epoch 99: inverse test average loss 0.0018968932175387938.
GAT episode:44/100 grounded:True sim_loss:2.4375
Policy training episode: 45, grounded actions taken: 223, last two uncertainties: {0: [0.7739613494111433, 0.730408009307252]}, avg agent uncertainties: [np.float64(0.7521846793591976)], grounded actions by agent: [223]
REAL_TRAIN step:45, travel time:136.7161971830986, q_loss:100, rewards:-31.40861, queue:7.475, delay:0.5163006, throughput:1372, violation_rate:0.0000, forceoff_rate:0.0361, violations:0, force_offs:13
REAL_TRAIN_PER_INT step:45 int:0 id:75 violations:0 force_offs:13 decisions:360 violation_rate:0.0000 forceoff_rate:0.0361 queue:7.4750
forward model: training agent 0.
Epoch 0: forward train average loss 0.0018862389648954074.
epoch 0: forward test average loss 0.005130435960988204.
Epoch 99: forward train average loss 0.0015557653063701259.
epoch 99: forward test average loss 0.003629662717382113.
inverse model, training agent 0.
epoch 0: inverse train average loss 0.00231307230812187.
epoch 0: inverse test average loss 0.0020029184848277103.
epoch 99: inverse train average loss 0.0013552209129557014.
epoch 99: inverse test average loss 0.002377014400230514.
GAT episode:45/100 grounded:True sim_loss:2.3584
Policy training episode: 46, grounded actions taken: 157, last two uncertainties: {0: [0.730408009307252, 0.7752589527103636]}, avg agent uncertainties: [np.float64(0.7528334810088078)], grounded actions by agent: [157]
REAL_TRAIN step:46, travel time:138.57605633802817, q_loss:100, rewards:-32.13666, queue:8.161111, delay:0.5662174, throughput:1368, violation_rate:0.0000, forceoff_rate:0.0167, violations:0, force_offs:6
REAL_TRAIN_PER_INT step:46 int:0 id:75 violations:0 force_offs:6 decisions:360 violation_rate:0.0000 forceoff_rate:0.0167 queue:8.1611
forward model: training agent 0.
Epoch 0: forward train average loss 0.0019080043873853153.
epoch 0: forward test average loss 0.003614614200260904.
Epoch 99: forward train average loss 0.0015233363180110853.
epoch 99: forward test average loss 0.0036629384590519797.
inverse model, training agent 0.
epoch 0: inverse train average loss 0.0036778590745396083.
epoch 0: inverse test average loss 0.006290940153929923.
epoch 99: inverse train average loss 0.0017489873700671727.
epoch 99: inverse test average loss 0.0032590721837348407.
GAT episode:46/100 grounded:True sim_loss:2.3603
Policy training episode: 47, grounded actions taken: 156, last two uncertainties: {0: [0.7752589527103636, 0.7778923536340395]}, avg agent uncertainties: [np.float64(0.7765756531722016)], grounded actions by agent: [156]
REAL_TRAIN step:47, travel time:137.0957746478873, q_loss:100, rewards:-31.574432, queue:7.577778, delay:0.54405254, throughput:1373, violation_rate:0.0000, forceoff_rate:0.0111, violations:0, force_offs:4
REAL_TRAIN_PER_INT step:47 int:0 id:75 violations:0 force_offs:4 decisions:360 violation_rate:0.0000 forceoff_rate:0.0111 queue:7.5778
forward model: training agent 0.
Epoch 0: forward train average loss 0.001994351183788644.
epoch 0: forward test average loss 0.0033666548422641223.
Epoch 99: forward train average loss 0.0016244512517005205.
epoch 99: forward test average loss 0.0031376718026068476.
inverse model, training agent 0.
epoch 0: inverse train average loss 0.0022210391244799313.
epoch 0: inverse test average loss 0.0026846755709913042.
epoch 99: inverse train average loss 0.0015812929422180685.
epoch 99: inverse test average loss 0.003104453906416893.
GAT episode:47/100 grounded:True sim_loss:2.3051
Policy training episode: 48, grounded actions taken: 170, last two uncertainties: {0: [0.7778923536340395, 0.7810041854778925]}, avg agent uncertainties: [np.float64(0.779448269555966)], grounded actions by agent: [170]
REAL_TRAIN step:48, travel time:136.94366197183098, q_loss:100, rewards:-31.481941, queue:7.538889, delay:0.55320984, throughput:1368, violation_rate:0.0000, forceoff_rate:0.0389, violations:0, force_offs:14
REAL_TRAIN_PER_INT step:48 int:0 id:75 violations:0 force_offs:14 decisions:360 violation_rate:0.0000 forceoff_rate:0.0389 queue:7.5389
forward model: training agent 0.
Epoch 0: forward train average loss 0.001887936791819003.
epoch 0: forward test average loss 0.00395203029943837.
Epoch 99: forward train average loss 0.0016429439549230868.
epoch 99: forward test average loss 0.003471248679690891.
inverse model, training agent 0.
epoch 0: inverse train average loss 0.0029357632415162194.
epoch 0: inverse test average loss 0.009305641262067689.
epoch 99: inverse train average loss 0.0017324791600306828.
epoch 99: inverse test average loss 0.007426762332518895.
GAT episode:48/100 grounded:True sim_loss:2.2434
Policy training episode: 49, grounded actions taken: 152, last two uncertainties: {0: [0.7810041854778925, 0.7994274415075779]}, avg agent uncertainties: [np.float64(0.7902158134927353)], grounded actions by agent: [152]
REAL_TRAIN step:49, travel time:135.80352112676056, q_loss:100, rewards:-31.032495, queue:7.0944443, delay:0.5168245, throughput:1369, violation_rate:0.0000, forceoff_rate:0.0111, violations:0, force_offs:4
REAL_TRAIN_PER_INT step:49 int:0 id:75 violations:0 force_offs:4 decisions:360 violation_rate:0.0000 forceoff_rate:0.0111 queue:7.0944
forward model: training agent 0.
Epoch 0: forward train average loss 0.0018925763563149506.
epoch 0: forward test average loss 0.0031832746333546108.
Epoch 99: forward train average loss 0.001580203158987893.
epoch 99: forward test average loss 0.0034212378991974723.
inverse model, training agent 0.
epoch 0: inverse train average loss 0.002246441009143988.
epoch 0: inverse test average loss 0.0039465902373194695.
epoch 99: inverse train average loss 0.001253539075454076.
epoch 99: inverse test average loss 0.002070474334888988.
GAT episode:49/100 grounded:True sim_loss:2.2005
Policy training episode: 50, grounded actions taken: 198, last two uncertainties: {0: [0.7994274415075779, 0.758090354833338]}, avg agent uncertainties: [np.float64(0.778758898170458)], grounded actions by agent: [198]
REAL_TRAIN step:50, travel time:136.37887323943661, q_loss:100, rewards:-31.25804, queue:7.2611113, delay:0.5068262, throughput:1367, violation_rate:0.0000, forceoff_rate:0.0194, violations:0, force_offs:7
REAL_TRAIN_PER_INT step:50 int:0 id:75 violations:0 force_offs:7 decisions:360 violation_rate:0.0000 forceoff_rate:0.0194 queue:7.2611
forward model: training agent 0.
Epoch 0: forward train average loss 0.0016975538132505284.
epoch 0: forward test average loss 0.004571707091397709.
Epoch 99: forward train average loss 0.0015862775035202503.
epoch 99: forward test average loss 0.0036449537922938666.
inverse model, training agent 0.
epoch 0: inverse train average loss 0.0012431017821654677.
epoch 0: inverse test average loss 0.0013534997900327046.
epoch 99: inverse train average loss 0.0005208351002592179.
epoch 99: inverse test average loss 0.001103916619386938.
GAT episode:50/100 grounded:True sim_loss:2.2360
Policy training episode: 51, grounded actions taken: 225, last two uncertainties: {0: [0.758090354833338, 0.7304647341370583]}, avg agent uncertainties: [np.float64(0.7442775444851981)], grounded actions by agent: [225]
REAL_TRAIN step:51, travel time:134.06549295774647, q_loss:100, rewards:-30.366951, queue:6.461111, delay:0.5235107, throughput:1375, violation_rate:0.0000, forceoff_rate:0.0167, violations:0, force_offs:6
REAL_TRAIN_PER_INT step:51 int:0 id:75 violations:0 force_offs:6 decisions:360 violation_rate:0.0000 forceoff_rate:0.0167 queue:6.4611
forward model: training agent 0.
Epoch 0: forward train average loss 0.0019160106571184264.
epoch 0: forward test average loss 0.0036167672110928428.
Epoch 99: forward train average loss 0.0015746556584619814.
epoch 99: forward test average loss 0.003259211778640747.
inverse model, training agent 0.
epoch 0: inverse train average loss 0.003964046637217204.
epoch 0: inverse test average loss 0.0026517965209980807.
epoch 99: inverse train average loss 0.001785184243797428.
epoch 99: inverse test average loss 0.0012473427794045871.
GAT episode:51/100 grounded:True sim_loss:2.1462
Policy training episode: 52, grounded actions taken: 213, last two uncertainties: {0: [0.7304647341370583, 0.709029382881191]}, avg agent uncertainties: [np.float64(0.7197470585091246)], grounded actions by agent: [213]
REAL_TRAIN step:52, travel time:136.38098591549297, q_loss:100, rewards:-31.251104, queue:7.25, delay:0.54314464, throughput:1370, violation_rate:0.0000, forceoff_rate:0.0222, violations:0, force_offs:8
REAL_TRAIN_PER_INT step:52 int:0 id:75 violations:0 force_offs:8 decisions:360 violation_rate:0.0000 forceoff_rate:0.0222 queue:7.2500
forward model: training agent 0.
Epoch 0: forward train average loss 0.0019219291862100363.
epoch 0: forward test average loss 0.0037822898270355333.
Epoch 99: forward train average loss 0.001624520221311185.
epoch 99: forward test average loss 0.0032044097574220765.
inverse model, training agent 0.
epoch 0: inverse train average loss 0.0019159877750401695.
epoch 0: inverse test average loss 0.0038874525473349625.
epoch 99: inverse train average loss 0.001208554403597696.
epoch 99: inverse test average loss 0.0037898184705732595.
GAT episode:52/100 grounded:True sim_loss:2.0094
Policy training episode: 53, grounded actions taken: 167, last two uncertainties: {0: [0.709029382881191, 0.7337664076023631]}, avg agent uncertainties: [np.float64(0.721397895241777)], grounded actions by agent: [167]
REAL_TRAIN step:53, travel time:134.5098591549296, q_loss:100, rewards:-30.49889, queue:6.547222, delay:0.5176584, throughput:1374, violation_rate:0.0000, forceoff_rate:0.0167, violations:0, force_offs:6
REAL_TRAIN_PER_INT step:53 int:0 id:75 violations:0 force_offs:6 decisions:360 violation_rate:0.0000 forceoff_rate:0.0167 queue:6.5472
forward model: training agent 0.
Epoch 0: forward train average loss 0.00199710797621972.
epoch 0: forward test average loss 0.0038834508094522688.
Epoch 99: forward train average loss 0.0016500487302740414.
epoch 99: forward test average loss 0.0035101663735177782.
inverse model, training agent 0.
epoch 0: inverse train average loss 0.0015603798027667734.
epoch 0: inverse test average loss 0.0013352393741822904.
epoch 99: inverse train average loss 0.0007845222199749616.
epoch 99: inverse test average loss 0.002009150313420428.
GAT episode:53/100 grounded:True sim_loss:2.0739
Policy training episode: 54, grounded actions taken: 176, last two uncertainties: {0: [0.7337664076023631, 0.7256363303297095]}, avg agent uncertainties: [np.float64(0.7297013689660363)], grounded actions by agent: [176]
REAL_TRAIN step:54, travel time:134.34647887323945, q_loss:100, rewards:-30.478605, queue:6.5194445, delay:0.53536236, throughput:1367, violation_rate:0.0000, forceoff_rate:0.0389, violations:0, force_offs:14
REAL_TRAIN_PER_INT step:54 int:0 id:75 violations:0 force_offs:14 decisions:360 violation_rate:0.0000 forceoff_rate:0.0389 queue:6.5194
forward model: training agent 0.
Epoch 0: forward train average loss 0.0018359880842682389.
epoch 0: forward test average loss 0.00442392523917887.
Epoch 99: forward train average loss 0.0015198317770328787.
epoch 99: forward test average loss 0.004913528967234824.
inverse model, training agent 0.
epoch 0: inverse train average loss 0.0013176966393883857.
epoch 0: inverse test average loss 0.0010698332140843074.
epoch 99: inverse train average loss 0.0008192298377657102.
epoch 99: inverse test average loss 0.001500379035456313.
GAT episode:54/100 grounded:True sim_loss:2.0508
Policy training episode: 55, grounded actions taken: 205, last two uncertainties: {0: [0.7256363303297095, 0.704303060968717]}, avg agent uncertainties: [np.float64(0.7149696956492133)], grounded actions by agent: [205]
REAL_TRAIN step:55, travel time:134.46971830985916, q_loss:100, rewards:-30.50945, queue:6.516667, delay:0.478493, throughput:1371, violation_rate:0.0000, forceoff_rate:0.0306, violations:0, force_offs:11
REAL_TRAIN_PER_INT step:55 int:0 id:75 violations:0 force_offs:11 decisions:360 violation_rate:0.0000 forceoff_rate:0.0306 queue:6.5167
forward model: training agent 0.
Epoch 0: forward train average loss 0.0020665869168523285.
epoch 0: forward test average loss 0.003244509299596151.
Epoch 99: forward train average loss 0.0017740162503388193.
epoch 99: forward test average loss 0.0037134217305315863.
inverse model, training agent 0.
epoch 0: inverse train average loss 0.0028857285441416833.
epoch 0: inverse test average loss 0.004613656964566972.
epoch 99: inverse train average loss 0.0006010573965290354.
epoch 99: inverse test average loss 0.0011203245570262272.
GAT episode:55/100 grounded:True sim_loss:1.9914
Policy training episode: 56, grounded actions taken: 148, last two uncertainties: {0: [0.704303060968717, 0.7542218832506074]}, avg agent uncertainties: [np.float64(0.7292624721096621)], grounded actions by agent: [148]
REAL_TRAIN step:56, travel time:133.7338028169014, q_loss:100, rewards:-30.195827, queue:6.225, delay:0.51898074, throughput:1374, violation_rate:0.0000, forceoff_rate:0.0278, violations:0, force_offs:10
REAL_TRAIN_PER_INT step:56 int:0 id:75 violations:0 force_offs:10 decisions:360 violation_rate:0.0000 forceoff_rate:0.0278 queue:6.2250
forward model: training agent 0.
Epoch 0: forward train average loss 0.0019645188779880605.
epoch 0: forward test average loss 0.0033221205489503015.
Epoch 99: forward train average loss 0.0016672844843318064.
epoch 99: forward test average loss 0.003294403147366312.
inverse model, training agent 0.
epoch 0: inverse train average loss 0.0023218949920394355.
epoch 0: inverse test average loss 0.002330807671468291.
epoch 99: inverse train average loss 0.0015744286744544904.
epoch 99: inverse test average loss 0.0021412543331583342.
GAT episode:56/100 grounded:True sim_loss:1.9388
Policy training episode: 57, grounded actions taken: 173, last two uncertainties: {0: [0.7542218832506074, 0.7396875934468375]}, avg agent uncertainties: [np.float64(0.7469547383487225)], grounded actions by agent: [173]
REAL_TRAIN step:57, travel time:135.08450704225353, q_loss:100, rewards:-30.72305, queue:6.797222, delay:0.51840293, throughput:1375, violation_rate:0.0000, forceoff_rate:0.0250, violations:0, force_offs:9
REAL_TRAIN_PER_INT step:57 int:0 id:75 violations:0 force_offs:9 decisions:360 violation_rate:0.0000 forceoff_rate:0.0250 queue:6.7972
forward model: training agent 0.
Epoch 0: forward train average loss 0.002010048781004217.
epoch 0: forward test average loss 0.003484201721019215.
Epoch 99: forward train average loss 0.0016630774156914817.
epoch 99: forward test average loss 0.0036710750104652513.
inverse model, training agent 0.
epoch 0: inverse train average loss 0.002205716808223062.
epoch 0: inverse test average loss 0.0023615165717071956.
epoch 99: inverse train average loss 0.0009594079262266556.
epoch 99: inverse test average loss 0.0012717989997731315.
GAT episode:57/100 grounded:True sim_loss:2.1433
Policy training episode: 58, grounded actions taken: 200, last two uncertainties: {0: [0.7396875934468375, 0.7337653978003396]}, avg agent uncertainties: [np.float64(0.7367264956235886)], grounded actions by agent: [200]
REAL_TRAIN step:58, travel time:135.25845070422534, q_loss:100, rewards:-30.839703, queue:6.9027777, delay:0.5462097, throughput:1369, violation_rate:0.0000, forceoff_rate:0.0306, violations:0, force_offs:11
REAL_TRAIN_PER_INT step:58 int:0 id:75 violations:0 force_offs:11 decisions:360 violation_rate:0.0000 forceoff_rate:0.0306 queue:6.9028
forward model: training agent 0.
Epoch 0: forward train average loss 0.002062098355963826.
epoch 0: forward test average loss 0.003324588243332174.
Epoch 99: forward train average loss 0.0017122092346350353.
epoch 99: forward test average loss 0.003232026058766577.
inverse model, training agent 0.
epoch 0: inverse train average loss 0.004009957425296307.
epoch 0: inverse test average loss 0.0029902330910166106.
epoch 99: inverse train average loss 0.0018400911034809218.
epoch 99: inverse test average loss 0.0013048243967609273.
GAT episode:58/100 grounded:True sim_loss:2.0619
Policy training episode: 59, grounded actions taken: 222, last two uncertainties: {0: [0.7337653978003396, 0.7107799273398188]}, avg agent uncertainties: [np.float64(0.7222726625700792)], grounded actions by agent: [222]
REAL_TRAIN step:59, travel time:132.89577464788732, q_loss:100, rewards:-29.908064, queue:6.0055556, delay:0.55301166, throughput:1370, violation_rate:0.0000, forceoff_rate:0.0472, violations:0, force_offs:17
REAL_TRAIN_PER_INT step:59 int:0 id:75 violations:0 force_offs:17 decisions:360 violation_rate:0.0000 forceoff_rate:0.0472 queue:6.0056
forward model: training agent 0.
Epoch 0: forward train average loss 0.001789406795675556.
epoch 0: forward test average loss 0.0037387783328692117.
Epoch 99: forward train average loss 0.0014879036332584089.
epoch 99: forward test average loss 0.0030113646967543494.
inverse model, training agent 0.
epoch 0: inverse train average loss 0.0019806589181017545.
epoch 0: inverse test average loss 0.0018219749262142512.
epoch 99: inverse train average loss 0.0014543582478331195.
epoch 99: inverse test average loss 0.0011699264351692465.
GAT episode:59/100 grounded:True sim_loss:1.9854
Policy training episode: 60, grounded actions taken: 130, last two uncertainties: {0: [0.7107799273398188, 0.7759932747317685]}, avg agent uncertainties: [np.float64(0.7433866010357937)], grounded actions by agent: [130]
REAL_TRAIN step:60, travel time:134.54154929577464, q_loss:100, rewards:-30.590279, queue:6.6138887, delay:0.58481044, throughput:1372, violation_rate:0.0000, forceoff_rate:0.0500, violations:0, force_offs:18
REAL_TRAIN_PER_INT step:60 int:0 id:75 violations:0 force_offs:18 decisions:360 violation_rate:0.0000 forceoff_rate:0.0500 queue:6.6139
forward model: training agent 0.
Epoch 0: forward train average loss 0.0020397858849416175.
epoch 0: forward test average loss 0.004288421322902043.
Epoch 99: forward train average loss 0.0017186190622548263.
epoch 99: forward test average loss 0.004136977303359244.
inverse model, training agent 0.
epoch 0: inverse train average loss 0.00209453319095903.
epoch 0: inverse test average loss 0.005298374427689446.
epoch 99: inverse train average loss 0.0009535672725178301.
epoch 99: inverse test average loss 0.0017483641956156741.
GAT episode:60/100 grounded:True sim_loss:2.0513
Policy training episode: 61, grounded actions taken: 172, last two uncertainties: {0: [0.7759932747317685, 0.7535273826784558]}, avg agent uncertainties: [np.float64(0.7647603287051121)], grounded actions by agent: [172]
REAL_TRAIN step:61, travel time:134.6267605633803, q_loss:100, rewards:-30.6539, queue:6.675, delay:0.57262737, throughput:1360, violation_rate:0.0000, forceoff_rate:0.0278, violations:0, force_offs:10
REAL_TRAIN_PER_INT step:61 int:0 id:75 violations:0 force_offs:10 decisions:360 violation_rate:0.0000 forceoff_rate:0.0278 queue:6.6750
forward model: training agent 0.
Epoch 0: forward train average loss 0.0019416980341904694.
epoch 0: forward test average loss 0.0030541340303089884.
Epoch 99: forward train average loss 0.0016899188307838307.
epoch 99: forward test average loss 0.0033976686083608204.
inverse model, training agent 0.
epoch 0: inverse train average loss 0.0014716367133789593.
epoch 0: inverse test average loss 0.002848970807260937.
epoch 99: inverse train average loss 0.0007422464744498333.
epoch 99: inverse test average loss 0.0032615746992329755.
GAT episode:61/100 grounded:True sim_loss:2.0824
Policy training episode: 62, grounded actions taken: 160, last two uncertainties: {0: [0.7535273826784558, 0.7871119545565711]}, avg agent uncertainties: [np.float64(0.7703196686175134)], grounded actions by agent: [160]
REAL_TRAIN step:62, travel time:133.21408450704226, q_loss:100, rewards:-30.036934, queue:6.1222224, delay:0.5891902, throughput:1366, violation_rate:0.0000, forceoff_rate:0.0250, violations:0, force_offs:9
REAL_TRAIN_PER_INT step:62 int:0 id:75 violations:0 force_offs:9 decisions:360 violation_rate:0.0000 forceoff_rate:0.0250 queue:6.1222
forward model: training agent 0.
Epoch 0: forward train average loss 0.0018781943815863794.
epoch 0: forward test average loss 0.003294975703789128.
Epoch 99: forward train average loss 0.0016099211190723712.
epoch 99: forward test average loss 0.0033946754410862923.
inverse model, training agent 0.
epoch 0: inverse train average loss 0.0013721832074224949.
epoch 0: inverse test average loss 0.0024367148677508035.
epoch 99: inverse train average loss 0.0008745131134572956.
epoch 99: inverse test average loss 0.001123523892601952.
GAT episode:62/100 grounded:True sim_loss:2.2261
Policy training episode: 63, grounded actions taken: 168, last two uncertainties: {0: [0.7871119545565711, 0.7873021152284411]}, avg agent uncertainties: [np.float64(0.7872070348925061)], grounded actions by agent: [168]
REAL_TRAIN step:63, travel time:132.56760563380283, q_loss:100, rewards:-29.779997, queue:5.827778, delay:0.57306087, throughput:1366, violation_rate:0.0000, forceoff_rate:0.0361, violations:0, force_offs:13
REAL_TRAIN_PER_INT step:63 int:0 id:75 violations:0 force_offs:13 decisions:360 violation_rate:0.0000 forceoff_rate:0.0361 queue:5.8278
forward model: training agent 0.
Epoch 0: forward train average loss 0.0017933416335533063.
epoch 0: forward test average loss 0.0038201185978121227.
Epoch 99: forward train average loss 0.0015439370181411505.
epoch 99: forward test average loss 0.003830417576763365.
inverse model, training agent 0.
epoch 0: inverse train average loss 0.0009210426166343192.
epoch 0: inverse test average loss 0.001131806160426802.
epoch 99: inverse train average loss 0.0007051094435155392.
epoch 99: inverse test average loss 0.0026271787679029834.
GAT episode:63/100 grounded:True sim_loss:2.2764
Policy training episode: 64, grounded actions taken: 181, last two uncertainties: {0: [0.7873021152284411, 0.7845279592606756]}, avg agent uncertainties: [np.float64(0.7859150372445584)], grounded actions by agent: [181]
REAL_TRAIN step:64, travel time:133.5274647887324, q_loss:100, rewards:-30.152775, queue:6.213889, delay:0.5458909, throughput:1370, violation_rate:0.0000, forceoff_rate:0.0361, violations:0, force_offs:13
REAL_TRAIN_PER_INT step:64 int:0 id:75 violations:0 force_offs:13 decisions:360 violation_rate:0.0000 forceoff_rate:0.0361 queue:6.2139
forward model: training agent 0.
Epoch 0: forward train average loss 0.0018535172049370077.
epoch 0: forward test average loss 0.00327640316552586.
Epoch 99: forward train average loss 0.0015254867935760154.
epoch 99: forward test average loss 0.0033125407579872343.
inverse model, training agent 0.
epoch 0: inverse train average loss 0.0008229108061641455.
epoch 0: inverse test average loss 0.003292857358853022.
epoch 99: inverse train average loss 0.0005693542188964784.
epoch 99: inverse test average loss 0.0021535906740205567.
GAT episode:64/100 grounded:True sim_loss:2.2078
Policy training episode: 65, grounded actions taken: 222, last two uncertainties: {0: [0.7845279592606756, 0.7426869995892048]}, avg agent uncertainties: [np.float64(0.7636074794249402)], grounded actions by agent: [222]
REAL_TRAIN step:65, travel time:132.9056338028169, q_loss:100, rewards:-29.91833, queue:6.0416665, delay:0.58497465, throughput:1374, violation_rate:0.0000, forceoff_rate:0.0389, violations:0, force_offs:14
REAL_TRAIN_PER_INT step:65 int:0 id:75 violations:0 force_offs:14 decisions:360 violation_rate:0.0000 forceoff_rate:0.0389 queue:6.0417
forward model: training agent 0.
Epoch 0: forward train average loss 0.0017425350120498075.
epoch 0: forward test average loss 0.003700721801982986.
Epoch 99: forward train average loss 0.0014367284408460061.
epoch 99: forward test average loss 0.0036492194566461775.
inverse model, training agent 0.
epoch 0: inverse train average loss 0.0016700598967468573.
epoch 0: inverse test average loss 0.0034775960569580397.
epoch 99: inverse train average loss 0.0009131173493288872.
epoch 99: inverse test average loss 0.002784632301578919.
GAT episode:65/100 grounded:True sim_loss:2.2873
Policy training episode: 66, grounded actions taken: 185, last two uncertainties: {0: [0.7426869995892048, 0.7545221615168783]}, avg agent uncertainties: [np.float64(0.7486045805530416)], grounded actions by agent: [185]
REAL_TRAIN step:66, travel time:132.37042253521128, q_loss:100, rewards:-29.707499, queue:5.788889, delay:0.5761806, throughput:1368, violation_rate:0.0000, forceoff_rate:0.0472, violations:0, force_offs:17
REAL_TRAIN_PER_INT step:66 int:0 id:75 violations:0 force_offs:17 decisions:360 violation_rate:0.0000 forceoff_rate:0.0472 queue:5.7889
forward model: training agent 0.
Epoch 0: forward train average loss 0.0017067315056920052.
epoch 0: forward test average loss 0.004153964937561088.
Epoch 99: forward train average loss 0.0014177118169350757.
epoch 99: forward test average loss 0.0035844912959469687.
inverse model, training agent 0.
epoch 0: inverse train average loss 0.0014098698803637591.
epoch 0: inverse test average loss 0.0020496316719800234.
epoch 99: inverse train average loss 0.0007755683165871435.
epoch 99: inverse test average loss 0.0012301112696554305.
GAT episode:66/100 grounded:True sim_loss:2.3458
Policy training episode: 67, grounded actions taken: 226, last two uncertainties: {0: [0.7545221615168783, 0.6992992608083619]}, avg agent uncertainties: [np.float64(0.7269107111626201)], grounded actions by agent: [226]
REAL_TRAIN step:67, travel time:133.15140845070422, q_loss:100, rewards:-30.011383, queue:6.0666666, delay:0.57616204, throughput:1372, violation_rate:0.0000, forceoff_rate:0.0444, violations:0, force_offs:16
REAL_TRAIN_PER_INT step:67 int:0 id:75 violations:0 force_offs:16 decisions:360 violation_rate:0.0000 forceoff_rate:0.0444 queue:6.0667
forward model: training agent 0.
Epoch 0: forward train average loss 0.001811826058352987.
epoch 0: forward test average loss 0.0035880239059527716.
Epoch 99: forward train average loss 0.0014839389671881993.
epoch 99: forward test average loss 0.003105745961268743.
inverse model, training agent 0.
epoch 0: inverse train average loss 0.0024196242706643212.
epoch 0: inverse test average loss 0.006267458407415284.
epoch 99: inverse train average loss 0.0012315517200881408.
epoch 99: inverse test average loss 0.0039449406580792535.
GAT episode:67/100 grounded:True sim_loss:2.3630
Policy training episode: 68, grounded actions taken: 227, last two uncertainties: {0: [0.6992992608083619, 0.6738348551922374]}, avg agent uncertainties: [np.float64(0.6865670580002996)], grounded actions by agent: [227]
REAL_TRAIN step:68, travel time:133.42816901408452, q_loss:100, rewards:-30.135265, queue:6.2444444, delay:0.56663567, throughput:1371, violation_rate:0.0000, forceoff_rate:0.0472, violations:0, force_offs:17
REAL_TRAIN_PER_INT step:68 int:0 id:75 violations:0 force_offs:17 decisions:360 violation_rate:0.0000 forceoff_rate:0.0472 queue:6.2444
forward model: training agent 0.
Epoch 0: forward train average loss 0.0018476608416272535.
epoch 0: forward test average loss 0.003133852138287491.
Epoch 99: forward train average loss 0.0015182688625322448.
epoch 99: forward test average loss 0.004840078453222911.
inverse model, training agent 0.
epoch 0: inverse train average loss 0.0014661567078696357.
epoch 0: inverse test average loss 0.003117789514362812.
epoch 99: inverse train average loss 0.0007546914534436332.
epoch 99: inverse test average loss 0.002251875638547871.
GAT episode:68/100 grounded:True sim_loss:2.4117
Policy training episode: 69, grounded actions taken: 192, last two uncertainties: {0: [0.6738348551922374, 0.6920040492382314]}, avg agent uncertainties: [np.float64(0.6829194522152344)], grounded actions by agent: [192]
REAL_TRAIN step:69, travel time:132.9774647887324, q_loss:100, rewards:-29.961948, queue:6.0916667, delay:0.5666336, throughput:1370, violation_rate:0.0000, forceoff_rate:0.0611, violations:0, force_offs:22
REAL_TRAIN_PER_INT step:69 int:0 id:75 violations:0 force_offs:22 decisions:360 violation_rate:0.0000 forceoff_rate:0.0611 queue:6.0917
forward model: training agent 0.
Epoch 0: forward train average loss 0.0017357844755881363.
epoch 0: forward test average loss 0.0031148497429158953.
Epoch 99: forward train average loss 0.0014697533204323715.
epoch 99: forward test average loss 0.003406817921333843.
inverse model, training agent 0.
epoch 0: inverse train average loss 0.001527970242831442.
epoch 0: inverse test average loss 0.0029695692161719003.
epoch 99: inverse train average loss 0.0006059733827391432.
epoch 99: inverse test average loss 0.0017479730563031302.
GAT episode:69/100 grounded:True sim_loss:2.4329
Policy training episode: 70, grounded actions taken: 205, last two uncertainties: {0: [0.6920040492382314, 0.6707151686979664]}, avg agent uncertainties: [np.float64(0.6813596089680989)], grounded actions by agent: [205]
REAL_TRAIN step:70, travel time:134.43309859154928, q_loss:100, rewards:-30.51389, queue:6.641667, delay:0.59833187, throughput:1370, violation_rate:0.0000, forceoff_rate:0.0583, violations:0, force_offs:21
REAL_TRAIN_PER_INT step:70 int:0 id:75 violations:0 force_offs:21 decisions:360 violation_rate:0.0000 forceoff_rate:0.0583 queue:6.6417
forward model: training agent 0.
Epoch 0: forward train average loss 0.001785706832177109.
epoch 0: forward test average loss 0.0037152417418029574.
Epoch 99: forward train average loss 0.001457118791424566.
epoch 99: forward test average loss 0.0034804965058962503.
inverse model, training agent 0.
epoch 0: inverse train average loss 0.0012792570018468217.
epoch 0: inverse test average loss 0.0009791564662009478.
epoch 99: inverse train average loss 0.0009100652144600948.
epoch 99: inverse test average loss 0.001041038476008301.
GAT episode:70/100 grounded:True sim_loss:2.4280
Policy training episode: 71, grounded actions taken: 201, last two uncertainties: {0: [0.6707151686979664, 0.6866400552292665]}, avg agent uncertainties: [np.float64(0.6786776119636164)], grounded actions by agent: [201]
REAL_TRAIN step:71, travel time:133.48098591549297, q_loss:100, rewards:-30.176117, queue:6.3055553, delay:0.6197228, throughput:1370, violation_rate:0.0000, forceoff_rate:0.0833, violations:0, force_offs:30
REAL_TRAIN_PER_INT step:71 int:0 id:75 violations:0 force_offs:30 decisions:360 violation_rate:0.0000 forceoff_rate:0.0833 queue:6.3056
forward model: training agent 0.
Epoch 0: forward train average loss 0.0017212701754437552.
epoch 0: forward test average loss 0.003167098801996973.
Epoch 99: forward train average loss 0.0014674450115611155.
epoch 99: forward test average loss 0.0033604978687233394.
inverse model, training agent 0.
epoch 0: inverse train average loss 0.00152682970252095.
epoch 0: inverse test average loss 0.002042400133278635.
epoch 99: inverse train average loss 0.000854514209398379.
epoch 99: inverse test average loss 0.0010147130556611551.
GAT episode:71/100 grounded:True sim_loss:2.3698
Policy training episode: 72, grounded actions taken: 240, last two uncertainties: {0: [0.6866400552292665, 0.62783702098661]}, avg agent uncertainties: [np.float64(0.6572385381079382)], grounded actions by agent: [240]
REAL_TRAIN step:72, travel time:133.15845070422534, q_loss:100, rewards:-30.034443, queue:6.161111, delay:0.60044086, throughput:1373, violation_rate:0.0000, forceoff_rate:0.0611, violations:0, force_offs:22
REAL_TRAIN_PER_INT step:72 int:0 id:75 violations:0 force_offs:22 decisions:360 violation_rate:0.0000 forceoff_rate:0.0611 queue:6.1611
forward model: training agent 0.
Epoch 0: forward train average loss 0.0017710865940898657.
epoch 0: forward test average loss 0.0037264571421676213.
Epoch 99: forward train average loss 0.0014553223995284901.
epoch 99: forward test average loss 0.0041625891915625995.
inverse model, training agent 0.
epoch 0: inverse train average loss 0.0007214901917096642.
epoch 0: inverse test average loss 0.006034967489540577.
epoch 99: inverse train average loss 0.00039097180706448853.
epoch 99: inverse test average loss 0.006970793422725465.
GAT episode:72/100 grounded:True sim_loss:2.4026
Policy training episode: 73, grounded actions taken: 214, last two uncertainties: {0: [0.62783702098661, 0.642409867213832]}, avg agent uncertainties: [np.float64(0.6351234441002209)], grounded actions by agent: [214]
REAL_TRAIN step:73, travel time:133.4619718309859, q_loss:100, rewards:-30.176655, queue:6.336111, delay:0.6221014, throughput:1371, violation_rate:0.0000, forceoff_rate:0.0861, violations:0, force_offs:31
REAL_TRAIN_PER_INT step:73 int:0 id:75 violations:0 force_offs:31 decisions:360 violation_rate:0.0000 forceoff_rate:0.0861 queue:6.3361
forward model: training agent 0.
Epoch 0: forward train average loss 0.001610970279822747.
epoch 0: forward test average loss 0.003848212874597973.
Epoch 99: forward train average loss 0.001392782898619771.
epoch 99: forward test average loss 0.0028393521077103084.
inverse model, training agent 0.
epoch 0: inverse train average loss 0.0014628753479984072.
epoch 0: inverse test average loss 0.0010827150092356736.
epoch 99: inverse train average loss 0.0006115396520019405.
epoch 99: inverse test average loss 0.0005458490470320814.
GAT episode:73/100 grounded:True sim_loss:2.5550
Policy training episode: 74, grounded actions taken: 214, last two uncertainties: {0: [0.642409867213832, 0.6423308326966233]}, avg agent uncertainties: [np.float64(0.6423703499552276)], grounded actions by agent: [214]
REAL_TRAIN step:74, travel time:133.3838028169014, q_loss:100, rewards:-30.122772, queue:6.2222223, delay:0.5940649, throughput:1372, violation_rate:0.0000, forceoff_rate:0.0556, violations:0, force_offs:20
REAL_TRAIN_PER_INT step:74 int:0 id:75 violations:0 force_offs:20 decisions:360 violation_rate:0.0000 forceoff_rate:0.0556 queue:6.2222
forward model: training agent 0.
Epoch 0: forward train average loss 0.0017809193167421552.
epoch 0: forward test average loss 0.003205824125972059.
Epoch 99: forward train average loss 0.0015337756938404506.
epoch 99: forward test average loss 0.003914717481368118.
inverse model, training agent 0.
epoch 0: inverse train average loss 0.0022016207868647245.
epoch 0: inverse test average loss 0.007594767880315582.
epoch 99: inverse train average loss 0.0029100988952753446.
epoch 99: inverse test average loss 0.007138072926965024.
GAT episode:74/100 grounded:True sim_loss:2.5466
Policy training episode: 75, grounded actions taken: 233, last two uncertainties: {0: [0.6423308326966233, 0.6205783771144019]}, avg agent uncertainties: [np.float64(0.6314546049055125)], grounded actions by agent: [233]
REAL_TRAIN step:75, travel time:133.65070422535211, q_loss:100, rewards:-30.227217, queue:6.3555555, delay:0.60239667, throughput:1372, violation_rate:0.0000, forceoff_rate:0.0611, violations:0, force_offs:22
REAL_TRAIN_PER_INT step:75 int:0 id:75 violations:0 force_offs:22 decisions:360 violation_rate:0.0000 forceoff_rate:0.0611 queue:6.3556
forward model: training agent 0.
Epoch 0: forward train average loss 0.0016123165066043537.
epoch 0: forward test average loss 0.003713420902689298.
Epoch 99: forward train average loss 0.0014281632740878398.
epoch 99: forward test average loss 0.0032468303624126646.
inverse model, training agent 0.
epoch 0: inverse train average loss 0.0007140642943947265.
epoch 0: inverse test average loss 0.0010494706220924854.
epoch 99: inverse train average loss 0.0005660354120967289.
epoch 99: inverse test average loss 0.0005056576984417108.
GAT episode:75/100 grounded:True sim_loss:2.5352
Policy training episode: 76, grounded actions taken: 195, last two uncertainties: {0: [0.6205783771144019, 0.637801503472858]}, avg agent uncertainties: [np.float64(0.62918994029363)], grounded actions by agent: [195]
REAL_TRAIN step:76, travel time:133.82676056338028, q_loss:100, rewards:-30.281101, queue:6.352778, delay:0.61214054, throughput:1373, violation_rate:0.0000, forceoff_rate:0.0556, violations:0, force_offs:20
REAL_TRAIN_PER_INT step:76 int:0 id:75 violations:0 force_offs:20 decisions:360 violation_rate:0.0000 forceoff_rate:0.0556 queue:6.3528
forward model: training agent 0.
Epoch 0: forward train average loss 0.001900511302260889.
epoch 0: forward test average loss 0.004200363531708717.
Epoch 99: forward train average loss 0.0015043559639404218.
epoch 99: forward test average loss 0.003324615355167124.
inverse model, training agent 0.
epoch 0: inverse train average loss 0.00027236661278746196.
epoch 0: inverse test average loss 0.0021043335760219228.
epoch 99: inverse train average loss 0.00014577977870228805.
epoch 99: inverse test average loss 0.004492722451686859.
GAT episode:76/100 grounded:True sim_loss:2.4649
Policy training episode: 77, grounded actions taken: 197, last two uncertainties: {0: [0.637801503472858, 0.6387309578557809]}, avg agent uncertainties: [np.float64(0.6382662306643194)], grounded actions by agent: [197]
REAL_TRAIN step:77, travel time:132.4443661971831, q_loss:100, rewards:-29.734446, queue:5.8083334, delay:0.5487887, throughput:1369, violation_rate:0.0000, forceoff_rate:0.0389, violations:0, force_offs:14
REAL_TRAIN_PER_INT step:77 int:0 id:75 violations:0 force_offs:14 decisions:360 violation_rate:0.0000 forceoff_rate:0.0389 queue:5.8083
forward model: training agent 0.
Epoch 0: forward train average loss 0.001889835060056713.
epoch 0: forward test average loss 0.003525688105987178.
Epoch 99: forward train average loss 0.001519285763303439.
epoch 99: forward test average loss 0.003155447335706817.
inverse model, training agent 0.
epoch 0: inverse train average loss 0.0010346696686206593.
epoch 0: inverse test average loss 0.0027858326211571693.
epoch 99: inverse train average loss 0.0005093437891143063.
epoch 99: inverse test average loss 0.0010930258366796705.
GAT episode:77/100 grounded:True sim_loss:2.4230
Policy training episode: 78, grounded actions taken: 206, last two uncertainties: {0: [0.6387309578557809, 0.6410496408740679]}, avg agent uncertainties: [np.float64(0.6398902993649245)], grounded actions by agent: [206]
REAL_TRAIN step:78, travel time:134.6049295774648, q_loss:100, rewards:-30.626125, queue:6.736111, delay:0.6060328, throughput:1366, violation_rate:0.0000, forceoff_rate:0.0389, violations:0, force_offs:14
REAL_TRAIN_PER_INT step:78 int:0 id:75 violations:0 force_offs:14 decisions:360 violation_rate:0.0000 forceoff_rate:0.0389 queue:6.7361
forward model: training agent 0.
Epoch 0: forward train average loss 0.0018977569674866067.
epoch 0: forward test average loss 0.003778377858301004.
Epoch 99: forward train average loss 0.001540853978238172.
epoch 99: forward test average loss 0.0035373041820194987.
inverse model, training agent 0.
epoch 0: inverse train average loss 0.00036172316564867896.
epoch 0: inverse test average loss 0.002641356291456355.
epoch 99: inverse train average loss 0.00024170570314810093.
epoch 99: inverse test average loss 0.002202071922106875.
GAT episode:78/100 grounded:True sim_loss:2.4404
Policy training episode: 79, grounded actions taken: 204, last two uncertainties: {0: [0.6410496408740679, 0.636097899162107]}, avg agent uncertainties: [np.float64(0.6385737700180875)], grounded actions by agent: [204]
REAL_TRAIN step:79, travel time:133.43943661971832, q_loss:100, rewards:-30.165535, queue:6.3055553, delay:0.6157669, throughput:1374, violation_rate:0.0000, forceoff_rate:0.0583, violations:0, force_offs:21
REAL_TRAIN_PER_INT step:79 int:0 id:75 violations:0 force_offs:21 decisions:360 violation_rate:0.0000 forceoff_rate:0.0583 queue:6.3056
forward model: training agent 0.
Epoch 0: forward train average loss 0.001940584508702159.
epoch 0: forward test average loss 0.0036445758822891447.
Epoch 99: forward train average loss 0.0014698148653325108.
epoch 99: forward test average loss 0.004150092808736695.
inverse model, training agent 0.
epoch 0: inverse train average loss 0.01532962028351095.
epoch 0: inverse test average loss 0.019081478731499776.
epoch 99: inverse train average loss 0.003221317711803648.
epoch 99: inverse test average loss 0.007626181054446433.
GAT episode:79/100 grounded:True sim_loss:2.4084
Policy training episode: 80, grounded actions taken: 218, last two uncertainties: {0: [0.636097899162107, 0.6276227876543998]}, avg agent uncertainties: [np.float64(0.6318603434082535)], grounded actions by agent: [218]
REAL_TRAIN step:80, travel time:134.07676056338028, q_loss:100, rewards:-30.358622, queue:6.4444447, delay:0.59468174, throughput:1372, violation_rate:0.0000, forceoff_rate:0.0333, violations:0, force_offs:12
REAL_TRAIN_PER_INT step:80 int:0 id:75 violations:0 force_offs:12 decisions:360 violation_rate:0.0000 forceoff_rate:0.0333 queue:6.4444
forward model: training agent 0.
Epoch 0: forward train average loss 0.0018665122075213327.
epoch 0: forward test average loss 0.003698070844014486.
Epoch 99: forward train average loss 0.0015192240631828706.
epoch 99: forward test average loss 0.00400281697511673.
inverse model, training agent 0.
epoch 0: inverse train average loss 0.0026085421753426394.
epoch 0: inverse test average loss 0.0021679979593803487.
epoch 99: inverse train average loss 0.0011110377834281987.
epoch 99: inverse test average loss 0.001570413484134608.
GAT episode:80/100 grounded:True sim_loss:2.3870
Policy training episode: 81, grounded actions taken: 186, last two uncertainties: {0: [0.6276227876543998, 0.6516148197154205]}, avg agent uncertainties: [np.float64(0.6396188036849102)], grounded actions by agent: [186]
REAL_TRAIN step:81, travel time:134.35704225352112, q_loss:100, rewards:-30.50248, queue:6.6138887, delay:0.62282646, throughput:1374, violation_rate:0.0000, forceoff_rate:0.0250, violations:0, force_offs:9
REAL_TRAIN_PER_INT step:81 int:0 id:75 violations:0 force_offs:9 decisions:360 violation_rate:0.0000 forceoff_rate:0.0250 queue:6.6139
forward model: training agent 0.
Epoch 0: forward train average loss 0.0020540792029350996.
epoch 0: forward test average loss 0.004031691079338391.
Epoch 99: forward train average loss 0.0015896857043521272.
epoch 99: forward test average loss 0.003516642169819938.
inverse model, training agent 0.
epoch 0: inverse train average loss 0.00797421159222722.
epoch 0: inverse test average loss 0.005474511307612475.
epoch 99: inverse train average loss 0.0041965631147225695.
epoch 99: inverse test average loss 0.003831483009788725.
GAT episode:81/100 grounded:True sim_loss:2.3803
Policy training episode: 82, grounded actions taken: 192, last two uncertainties: {0: [0.6516148197154205, 0.6591802150011062]}, avg agent uncertainties: [np.float64(0.6553975173582633)], grounded actions by agent: [192]
REAL_TRAIN step:82, travel time:133.80352112676056, q_loss:100, rewards:-30.27834, queue:6.35, delay:0.57654655, throughput:1368, violation_rate:0.0000, forceoff_rate:0.0306, violations:0, force_offs:11
REAL_TRAIN_PER_INT step:82 int:0 id:75 violations:0 force_offs:11 decisions:360 violation_rate:0.0000 forceoff_rate:0.0306 queue:6.3500
forward model: training agent 0.
Epoch 0: forward train average loss 0.0018190961693310076.
epoch 0: forward test average loss 0.004141366109251976.
Epoch 99: forward train average loss 0.0014661712468498284.
epoch 99: forward test average loss 0.003997538652684953.
inverse model, training agent 0.
epoch 0: inverse train average loss 0.0019221648237564498.
epoch 0: inverse test average loss 0.006118507021003299.
epoch 99: inverse train average loss 0.00041556727309297357.
epoch 99: inverse test average loss 0.0008969498125629292.
GAT episode:82/100 grounded:True sim_loss:2.3413
Policy training episode: 83, grounded actions taken: 211, last two uncertainties: {0: [0.6591802150011062, 0.6343248825934198]}, avg agent uncertainties: [np.float64(0.646752548797263)], grounded actions by agent: [211]
REAL_TRAIN step:83, travel time:132.7288732394366, q_loss:100, rewards:-29.835258, queue:5.977778, delay:0.6025369, throughput:1372, violation_rate:0.0000, forceoff_rate:0.0389, violations:0, force_offs:14
REAL_TRAIN_PER_INT step:83 int:0 id:75 violations:0 force_offs:14 decisions:360 violation_rate:0.0000 forceoff_rate:0.0389 queue:5.9778
forward model: training agent 0.
Epoch 0: forward train average loss 0.0017824057851814562.
epoch 0: forward test average loss 0.004360341984364722.
Epoch 99: forward train average loss 0.0014505674803836478.
epoch 99: forward test average loss 0.0045932554122474455.
inverse model, training agent 0.
epoch 0: inverse train average loss 0.0014653292633334382.
epoch 0: inverse test average loss 0.005554932583537366.
epoch 99: inverse train average loss 0.0008444236074056891.
epoch 99: inverse test average loss 0.0022552019347333247.
GAT episode:83/100 grounded:True sim_loss:2.3904
Policy training episode: 84, grounded actions taken: 221, last two uncertainties: {0: [0.6343248825934198, 0.6274931504494614]}, avg agent uncertainties: [np.float64(0.6309090165214406)], grounded actions by agent: [221]
REAL_TRAIN step:84, travel time:134.5112676056338, q_loss:100, rewards:-30.550272, queue:6.611111, delay:0.56235373, throughput:1363, violation_rate:0.0000, forceoff_rate:0.0278, violations:0, force_offs:10
REAL_TRAIN_PER_INT step:84 int:0 id:75 violations:0 force_offs:10 decisions:360 violation_rate:0.0000 forceoff_rate:0.0278 queue:6.6111
forward model: training agent 0.
Epoch 0: forward train average loss 0.0018882526653922265.
epoch 0: forward test average loss 0.004393463954329491.
Epoch 99: forward train average loss 0.0014537528881596194.
epoch 99: forward test average loss 0.004353865360220273.
inverse model, training agent 0.
epoch 0: inverse train average loss 0.002554471759746472.
epoch 0: inverse test average loss 0.0008584198334978686.
epoch 99: inverse train average loss 0.0006860373283012046.
epoch 99: inverse test average loss 0.0005591640656348318.
GAT episode:84/100 grounded:True sim_loss:2.3521
Policy training episode: 85, grounded actions taken: 166, last two uncertainties: {0: [0.6274931504494614, 0.6687239156001143]}, avg agent uncertainties: [np.float64(0.6481085330247879)], grounded actions by agent: [166]
REAL_TRAIN step:85, travel time:135.30985915492957, q_loss:100, rewards:-30.894444, queue:6.9555554, delay:0.5725368, throughput:1367, violation_rate:0.0000, forceoff_rate:0.0222, violations:0, force_offs:8
REAL_TRAIN_PER_INT step:85 int:0 id:75 violations:0 force_offs:8 decisions:360 violation_rate:0.0000 forceoff_rate:0.0222 queue:6.9556
forward model: training agent 0.
Epoch 0: forward train average loss 0.0019868541405432755.
epoch 0: forward test average loss 0.005084124704202016.
Epoch 99: forward train average loss 0.0015384902298036548.
epoch 99: forward test average loss 0.0063065629866388105.
inverse model, training agent 0.
epoch 0: inverse train average loss 0.002093427452362246.
epoch 0: inverse test average loss 0.001606753626320925.
epoch 99: inverse train average loss 0.0009711138102122479.
epoch 99: inverse test average loss 0.000928420392382476.
GAT episode:85/100 grounded:True sim_loss:2.4228
Policy training episode: 86, grounded actions taken: 216, last two uncertainties: {0: [0.6687239156001143, 0.6382412488261858]}, avg agent uncertainties: [np.float64(0.65348258221315)], grounded actions by agent: [216]
REAL_TRAIN step:86, travel time:133.17887323943663, q_loss:100, rewards:-29.989445, queue:6.061111, delay:0.545299, throughput:1372, violation_rate:0.0000, forceoff_rate:0.0389, violations:0, force_offs:14
REAL_TRAIN_PER_INT step:86 int:0 id:75 violations:0 force_offs:14 decisions:360 violation_rate:0.0000 forceoff_rate:0.0389 queue:6.0611
forward model: training agent 0.
Epoch 0: forward train average loss 0.0019876902871247795.
epoch 0: forward test average loss 0.0034313006326556206.
Epoch 99: forward train average loss 0.001554815952355663.
epoch 99: forward test average loss 0.003847327083349228.
inverse model, training agent 0.
epoch 0: inverse train average loss 0.00186426875491937.
epoch 0: inverse test average loss 0.007611107909017139.
epoch 99: inverse train average loss 0.0008291064457605697.
epoch 99: inverse test average loss 0.0033934212600191436.
GAT episode:86/100 grounded:True sim_loss:2.2908
Policy training episode: 87, grounded actions taken: 184, last two uncertainties: {0: [0.6382412488261858, 0.662358623660273]}, avg agent uncertainties: [np.float64(0.6502999362432293)], grounded actions by agent: [184]
REAL_TRAIN step:87, travel time:134.49225352112677, q_loss:100, rewards:-30.526669, queue:6.572222, delay:0.53578764, throughput:1372, violation_rate:0.0000, forceoff_rate:0.0444, violations:0, force_offs:16
REAL_TRAIN_PER_INT step:87 int:0 id:75 violations:0 force_offs:16 decisions:360 violation_rate:0.0000 forceoff_rate:0.0444 queue:6.5722
forward model: training agent 0.
Epoch 0: forward train average loss 0.0019996117593513597.
epoch 0: forward test average loss 0.0038587763491604063.
Epoch 99: forward train average loss 0.0015238415863778857.
epoch 99: forward test average loss 0.005107677645153469.
inverse model, training agent 0.
epoch 0: inverse train average loss 0.0005901127588003874.
epoch 0: inverse test average loss 0.0037882820082207522.
epoch 99: inverse train average loss 0.00016007295683569586.
epoch 99: inverse test average loss 0.000768671405643949.
GAT episode:87/100 grounded:True sim_loss:2.2235
Policy training episode: 88, grounded actions taken: 205, last two uncertainties: {0: [0.662358623660273, 0.6503230520420604]}, avg agent uncertainties: [np.float64(0.6563408378511667)], grounded actions by agent: [205]
REAL_TRAIN step:88, travel time:134.55985915492957, q_loss:100, rewards:-30.541107, queue:6.6055555, delay:0.5436201, throughput:1371, violation_rate:0.0000, forceoff_rate:0.0194, violations:0, force_offs:7
REAL_TRAIN_PER_INT step:88 int:0 id:75 violations:0 force_offs:7 decisions:360 violation_rate:0.0000 forceoff_rate:0.0194 queue:6.6056
forward model: training agent 0.
Epoch 0: forward train average loss 0.0018959901709523466.
epoch 0: forward test average loss 0.0037313031239642035.
Epoch 99: forward train average loss 0.0014807222824957636.
epoch 99: forward test average loss 0.003927886072132323.
inverse model, training agent 0.
epoch 0: inverse train average loss 0.00567991141643789.
epoch 0: inverse test average loss 0.002539242876486646.
epoch 99: inverse train average loss 0.001595194891302122.
epoch 99: inverse test average loss 0.0013769859409270186.
GAT episode:88/100 grounded:True sim_loss:2.3389
Policy training episode: 89, grounded actions taken: 223, last two uncertainties: {0: [0.6503230520420604, 0.6266938741008441]}, avg agent uncertainties: [np.float64(0.6385084630714523)], grounded actions by agent: [223]
REAL_TRAIN step:89, travel time:133.92816901408452, q_loss:100, rewards:-30.281103, queue:6.3416667, delay:0.5426837, throughput:1373, violation_rate:0.0000, forceoff_rate:0.0333, violations:0, force_offs:12
REAL_TRAIN_PER_INT step:89 int:0 id:75 violations:0 force_offs:12 decisions:360 violation_rate:0.0000 forceoff_rate:0.0333 queue:6.3417
forward model: training agent 0.
Epoch 0: forward train average loss 0.001777471974492073.
epoch 0: forward test average loss 0.0038147937092516157.
Epoch 99: forward train average loss 0.0013813961866415208.
epoch 99: forward test average loss 0.005487553568349944.
inverse model, training agent 0.
epoch 0: inverse train average loss 0.002289879782539275.
epoch 0: inverse test average loss 0.00625396975212627.
epoch 99: inverse train average loss 0.001494719633936054.
epoch 99: inverse test average loss 0.004551947194462021.
GAT episode:89/100 grounded:True sim_loss:2.2610
Policy training episode: 90, grounded actions taken: 171, last two uncertainties: {0: [0.6266938741008441, 0.6747378482586808]}, avg agent uncertainties: [np.float64(0.6507158611797624)], grounded actions by agent: [171]
REAL_TRAIN step:90, travel time:134.25352112676057, q_loss:100, rewards:-30.48109, queue:6.563889, delay:0.5643313, throughput:1371, violation_rate:0.0000, forceoff_rate:0.0861, violations:0, force_offs:31
REAL_TRAIN_PER_INT step:90 int:0 id:75 violations:0 force_offs:31 decisions:360 violation_rate:0.0000 forceoff_rate:0.0861 queue:6.5639
forward model: training agent 0.
Epoch 0: forward train average loss 0.0017846673468334808.
epoch 0: forward test average loss 0.003296883466343085.
Epoch 99: forward train average loss 0.0013614083485056956.
epoch 99: forward test average loss 0.005033448959390323.
inverse model, training agent 0.
epoch 0: inverse train average loss 0.004520276664859719.
epoch 0: inverse test average loss 0.006339173350069258.
epoch 99: inverse train average loss 0.0006071278023430043.
epoch 99: inverse test average loss 0.0023167467831323543.
GAT episode:90/100 grounded:True sim_loss:2.2940
Policy training episode: 91, grounded actions taken: 235, last two uncertainties: {0: [0.6747378482586808, 0.5978065532942612]}, avg agent uncertainties: [np.float64(0.636272200776471)], grounded actions by agent: [235]
REAL_TRAIN step:91, travel time:134.006338028169, q_loss:100, rewards:-30.372782, queue:6.475, delay:0.5820956, throughput:1367, violation_rate:0.0000, forceoff_rate:0.0889, violations:0, force_offs:32
REAL_TRAIN_PER_INT step:91 int:0 id:75 violations:0 force_offs:32 decisions:360 violation_rate:0.0000 forceoff_rate:0.0889 queue:6.4750
forward model: training agent 0.
Epoch 0: forward train average loss 0.0017974134275896682.
epoch 0: forward test average loss 0.003410643587509791.
Epoch 99: forward train average loss 0.0013872527051717043.
epoch 99: forward test average loss 0.00365693142844571.
inverse model, training agent 0.
epoch 0: inverse train average loss 0.0008595459189059006.
epoch 0: inverse test average loss 0.0015914707134167354.
epoch 99: inverse train average loss 0.00020678441069321707.
epoch 99: inverse test average loss 0.0014500757679343224.
GAT episode:91/100 grounded:True sim_loss:2.3320
Policy training episode: 92, grounded actions taken: 211, last two uncertainties: {0: [0.5978065532942612, 0.6238611829777558]}, avg agent uncertainties: [np.float64(0.6108338681360086)], grounded actions by agent: [211]
REAL_TRAIN step:92, travel time:133.04929577464787, q_loss:100, rewards:-29.98249, queue:6.0833335, delay:0.5872516, throughput:1372, violation_rate:0.0000, forceoff_rate:0.0806, violations:0, force_offs:29
REAL_TRAIN_PER_INT step:92 int:0 id:75 violations:0 force_offs:29 decisions:360 violation_rate:0.0000 forceoff_rate:0.0806 queue:6.0833
forward model: training agent 0.
Epoch 0: forward train average loss 0.0019355138970745935.
epoch 0: forward test average loss 0.0034261226861013305.
Epoch 99: forward train average loss 0.001498502782649464.
epoch 99: forward test average loss 0.004014722382028897.
inverse model, training agent 0.
epoch 0: inverse train average loss 0.003474307272376286.
epoch 0: inverse test average loss 0.00327487689598153.
epoch 99: inverse train average loss 0.0010905145900323987.
epoch 99: inverse test average loss 0.001847679015352494.
GAT episode:92/100 grounded:True sim_loss:2.3714
Policy training episode: 93, grounded actions taken: 209, last two uncertainties: {0: [0.6238611829777558, 0.6081361443632178]}, avg agent uncertainties: [np.float64(0.6159986636704868)], grounded actions by agent: [209]
REAL_TRAIN step:93, travel time:135.13661971830984, q_loss:100, rewards:-30.809435, queue:6.925, delay:0.5984458, throughput:1372, violation_rate:0.0000, forceoff_rate:0.1000, violations:0, force_offs:36
REAL_TRAIN_PER_INT step:93 int:0 id:75 violations:0 force_offs:36 decisions:360 violation_rate:0.0000 forceoff_rate:0.1000 queue:6.9250
forward model: training agent 0.
Epoch 0: forward train average loss 0.0018321800356109936.
epoch 0: forward test average loss 0.004894154560234811.
Epoch 99: forward train average loss 0.0013602488260302278.
epoch 99: forward test average loss 0.004356156517234113.
inverse model, training agent 0.
epoch 0: inverse train average loss 0.001223734812811017.
epoch 0: inverse test average loss 0.0027926211348838275.
epoch 99: inverse train average loss 0.00022098691422595747.
epoch 99: inverse test average loss 0.00022204267912052778.
GAT episode:93/100 grounded:True sim_loss:2.2584
Policy training episode: 94, grounded actions taken: 197, last two uncertainties: {0: [0.6081361443632178, 0.6205163990457853]}, avg agent uncertainties: [np.float64(0.6143262717045015)], grounded actions by agent: [197]
REAL_TRAIN step:94, travel time:133.0169014084507, q_loss:100, rewards:-29.985275, queue:6.116667, delay:0.58663076, throughput:1371, violation_rate:0.0000, forceoff_rate:0.0972, violations:0, force_offs:35
REAL_TRAIN_PER_INT step:94 int:0 id:75 violations:0 force_offs:35 decisions:360 violation_rate:0.0000 forceoff_rate:0.0972 queue:6.1167
forward model: training agent 0.
Epoch 0: forward train average loss 0.0018039453102068768.
epoch 0: forward test average loss 0.0034469949702421823.
Epoch 99: forward train average loss 0.0014355872085111009.
epoch 99: forward test average loss 0.003544746484193537.
inverse model, training agent 0.
epoch 0: inverse train average loss 0.0005371685466444534.
epoch 0: inverse test average loss 0.0007836672270463572.
epoch 99: inverse train average loss 0.0001452045156232392.
epoch 99: inverse test average loss 0.00047591513591921993.
GAT episode:94/100 grounded:True sim_loss:2.3081
Policy training episode: 95, grounded actions taken: 189, last two uncertainties: {0: [0.6205163990457853, 0.6332459951440493]}, avg agent uncertainties: [np.float64(0.6268811970949173)], grounded actions by agent: [189]
REAL_TRAIN step:95, travel time:133.62605633802818, q_loss:100, rewards:-30.203608, queue:6.3194447, delay:0.59472245, throughput:1375, violation_rate:0.0000, forceoff_rate:0.1083, violations:0, force_offs:39
REAL_TRAIN_PER_INT step:95 int:0 id:75 violations:0 force_offs:39 decisions:360 violation_rate:0.0000 forceoff_rate:0.1083 queue:6.3194
forward model: training agent 0.
Epoch 0: forward train average loss 0.001773062369061841.
epoch 0: forward test average loss 0.003208320691353745.
Epoch 99: forward train average loss 0.0013623137751387225.
epoch 99: forward test average loss 0.004160801362660196.
inverse model, training agent 0.
epoch 0: inverse train average loss 0.0008579519603194462.
epoch 0: inverse test average loss 0.0008189929778584176.
epoch 99: inverse train average loss 0.00038185341529444687.
epoch 99: inverse test average loss 0.0035670066459311377.
GAT episode:95/100 grounded:True sim_loss:2.3381
Policy training episode: 96, grounded actions taken: 249, last two uncertainties: {0: [0.6332459951440493, 0.5613842225737042]}, avg agent uncertainties: [np.float64(0.5973151088588768)], grounded actions by agent: [249]
REAL_TRAIN step:96, travel time:132.45492957746478, q_loss:100, rewards:-29.72334, queue:5.8083334, delay:0.58078927, throughput:1371, violation_rate:0.0000, forceoff_rate:0.0639, violations:0, force_offs:23
REAL_TRAIN_PER_INT step:96 int:0 id:75 violations:0 force_offs:23 decisions:360 violation_rate:0.0000 forceoff_rate:0.0639 queue:5.8083
forward model: training agent 0.
Epoch 0: forward train average loss 0.0018892249920301968.
epoch 0: forward test average loss 0.004437003491653336.
Epoch 99: forward train average loss 0.0014684016350656748.
epoch 99: forward test average loss 0.004894695555170377.
inverse model, training agent 0.
epoch 0: inverse train average loss 0.0034624874695307678.
epoch 0: inverse test average loss 0.0025907933401564756.
epoch 99: inverse train average loss 0.001303014487752484.
epoch 99: inverse test average loss 0.004022060996956295.
GAT episode:96/100 grounded:True sim_loss:2.2707
Policy training episode: 97, grounded actions taken: 220, last two uncertainties: {0: [0.5613842225737042, 0.5865793543557326]}, avg agent uncertainties: [np.float64(0.5739817884647185)], grounded actions by agent: [220]
REAL_TRAIN step:97, travel time:134.28028169014084, q_loss:100, rewards:-30.455, queue:6.5444446, delay:0.61729777, throughput:1371, violation_rate:0.0000, forceoff_rate:0.0889, violations:0, force_offs:32
REAL_TRAIN_PER_INT step:97 int:0 id:75 violations:0 force_offs:32 decisions:360 violation_rate:0.0000 forceoff_rate:0.0889 queue:6.5444
forward model: training agent 0.
Epoch 0: forward train average loss 0.001956885861646798.
epoch 0: forward test average loss 0.0036679144120878642.
Epoch 99: forward train average loss 0.0014296619014607535.
epoch 99: forward test average loss 0.0033670541726880604.
inverse model, training agent 0.
epoch 0: inverse train average loss 0.0023297060656154323.
epoch 0: inverse test average loss 0.003267669222421116.
epoch 99: inverse train average loss 0.0004886007195131646.
epoch 99: inverse test average loss 0.008509887744569115.
GAT episode:97/100 grounded:True sim_loss:2.1110
Policy training episode: 98, grounded actions taken: 166, last two uncertainties: {0: [0.5865793543557326, 0.6224429969158437]}, avg agent uncertainties: [np.float64(0.6045111756357882)], grounded actions by agent: [166]
REAL_TRAIN step:98, travel time:133.20070422535213, q_loss:100, rewards:-30.022493, queue:6.0666666, delay:0.56360537, throughput:1376, violation_rate:0.0000, forceoff_rate:0.0528, violations:0, force_offs:19
REAL_TRAIN_PER_INT step:98 int:0 id:75 violations:0 force_offs:19 decisions:360 violation_rate:0.0000 forceoff_rate:0.0528 queue:6.0667
forward model: training agent 0.
Epoch 0: forward train average loss 0.0019586191046983004.
epoch 0: forward test average loss 0.004204694388641251.
Epoch 99: forward train average loss 0.001478670397773385.
epoch 99: forward test average loss 0.0040441399647129905.
inverse model, training agent 0.
epoch 0: inverse train average loss 0.0018278799317259756.
epoch 0: inverse test average loss 0.0006542234785026974.
epoch 99: inverse train average loss 0.0006859662632147471.
epoch 99: inverse test average loss 0.0005994131077184445.
GAT episode:98/100 grounded:True sim_loss:2.1835
Policy training episode: 99, grounded actions taken: 176, last two uncertainties: {0: [0.6224429969158437, 0.6381213199761179]}, avg agent uncertainties: [np.float64(0.6302821584459808)], grounded actions by agent: [176]
REAL_TRAIN step:99, travel time:132.45352112676056, q_loss:100, rewards:-29.743067, queue:5.875, delay:0.5508556, throughput:1371, violation_rate:0.0000, forceoff_rate:0.0806, violations:0, force_offs:29
REAL_TRAIN_PER_INT step:99 int:0 id:75 violations:0 force_offs:29 decisions:360 violation_rate:0.0000 forceoff_rate:0.0806 queue:5.8750
forward model: training agent 0.
Epoch 0: forward train average loss 0.0017517426102939579.
epoch 0: forward test average loss 0.003697304262055291.
Epoch 99: forward train average loss 0.0013423372422241503.
epoch 99: forward test average loss 0.003858984551495976.
inverse model, training agent 0.
epoch 0: inverse train average loss 0.0007376776516644491.
epoch 0: inverse test average loss 0.0034425758187555605.
epoch 99: inverse train average loss 0.00033276998955342505.
epoch 99: inverse test average loss 0.0027168824647863707.
GAT episode:99/100 grounded:True sim_loss:2.1446
Total time taken: 1089.0919687747955
