REAL_TRAIN step:0, travel time:202.89439853076217, q_loss:0, rewards:-20.988602, queue:17.936111, delay:0.4431351, throughput:1019, raw_metrics:{'fairness': 75.0, 'emission': 147.452, 'fuel': 47.803, 'emergency_stops': 1.0, 'collisions': 0.0, 'ssm_conflicts': 240.0}
real step:3600/3600
episode:0/200, oracle_loss:0
REAL_TRAIN step:1, travel time:197.22410714285715, q_loss:0, rewards:-21.75666, queue:18.719444, delay:0.46053833, throughput:1047, raw_metrics:{'fairness': 39.0, 'emission': 152.791, 'fuel': 49.533, 'emergency_stops': 5.0, 'collisions': 0.0, 'ssm_conflicts': 274.0}
real step:3600/3600
episode:1/200, oracle_loss:0
REAL_TRAIN step:2, travel time:147.9729180771835, q_loss:0.077694036, rewards:-20.406944, queue:16.680555, delay:0.4260235, throughput:1435, raw_metrics:{'fairness': 0.0, 'emission': 159.24, 'fuel': 51.624, 'emergency_stops': 3.0, 'collisions': 0.0, 'ssm_conflicts': 425.0}
real step:3600/3600
episode:2/200, oracle_loss:0.077694036
REAL_TEST step:2, travel time:42.64489795918367, q_loss:100, rewards:-6.275282, queue:2.0555556, delay:0.20620576, throughput:1702, R_real:-0.3106, components:{'queue': 0.01, 'delay': 0.0, 'waiting': 0.0, 'pressure': 0.0, 'switches': 0.0, 'emission': 0.3}, raw_metrics:{'fairness': 0.0, 'emission': 87.488, 'fuel': 28.362, 'emergency_stops': 2.0, 'collisions': 0.0, 'ssm_conflicts': 345.0}
REAL_TRAIN step:3, travel time:114.38658146964856, q_loss:0.05476061, rewards:-6.680276, queue:2.9527779, delay:0.26010978, throughput:1514, raw_metrics:{'fairness': 0.0, 'emission': 86.471, 'fuel': 28.033, 'emergency_stops': 4.0, 'collisions': 0.0, 'ssm_conflicts': 140.0}
real step:3600/3600
episode:3/200, oracle_loss:0.05476061
REAL_TRAIN step:4, travel time:45.44139941690962, q_loss:0.06979634, rewards:-5.2591667, queue:1.375, delay:0.18261045, throughput:1704, raw_metrics:{'fairness': 0.0, 'emission': 81.946, 'fuel': 26.566, 'emergency_stops': 6.0, 'collisions': 0.0, 'ssm_conflicts': 191.0}
real step:3600/3600
episode:4/200, oracle_loss:0.06979634
REAL_TEST step:4, travel time:51.200583090379006, q_loss:100, rewards:-5.120834, queue:1.325, delay:0.17576282, throughput:1704, R_real:-0.2897, components:{'queue': 0.007, 'delay': 0.0, 'waiting': 0.0, 'pressure': 0.0, 'switches': 0.0, 'emission': 0.283}, raw_metrics:{'fairness': 0.0, 'emission': 80.609, 'fuel': 26.132, 'emergency_stops': 1.0, 'collisions': 0.0, 'ssm_conflicts': 156.0}
REAL_TRAIN step:5, travel time:47.74752186588921, q_loss:0.057757124, rewards:-5.19861, queue:1.4166666, delay:0.17797586, throughput:1703, raw_metrics:{'fairness': 0.0, 'emission': 80.863, 'fuel': 26.215, 'emergency_stops': 1.0, 'collisions': 0.0, 'ssm_conflicts': 163.0}
real step:3600/3600
episode:5/200, oracle_loss:0.057757124
REAL_TRAIN step:6, travel time:48.93586005830904, q_loss:0.043442514, rewards:-5.2555547, queue:1.4611111, delay:0.19161817, throughput:1704, raw_metrics:{'fairness': 0.0, 'emission': 81.369, 'fuel': 26.379, 'emergency_stops': 3.0, 'collisions': 0.0, 'ssm_conflicts': 141.0}
real step:3600/3600
episode:6/200, oracle_loss:0.043442514
REAL_TEST step:6, travel time:56.91637426900585, q_loss:100, rewards:-5.303885, queue:1.5416666, delay:0.19687377, throughput:1682, R_real:-0.2990, components:{'queue': 0.008, 'delay': 0.0, 'waiting': 0.0, 'pressure': 0.0, 'switches': 0.0, 'emission': 0.291}, raw_metrics:{'fairness': 0.0, 'emission': 81.528, 'fuel': 26.43, 'emergency_stops': 1.0, 'collisions': 0.0, 'ssm_conflicts': 128.0}
REAL_TRAIN step:7, travel time:57.478134110787174, q_loss:0.03834395, rewards:-5.6505566, queue:1.8722222, delay:0.21012664, throughput:1676, raw_metrics:{'fairness': 0.0, 'emission': 83.113, 'fuel': 26.944, 'emergency_stops': 1.0, 'collisions': 0.0, 'ssm_conflicts': 133.0}
real step:3600/3600
episode:7/200, oracle_loss:0.03834395
REAL_TRAIN step:8, travel time:70.58037326911499, q_loss:0.036848072, rewards:-5.555833, queue:1.8444444, delay:0.21036814, throughput:1609, raw_metrics:{'fairness': 0.0, 'emission': 81.593, 'fuel': 26.451, 'emergency_stops': 0.0, 'collisions': 0.0, 'ssm_conflicts': 124.0}
real step:3600/3600
episode:8/200, oracle_loss:0.036848072
REAL_TEST step:8, travel time:89.10236220472441, q_loss:100, rewards:-5.593613, queue:1.8777778, delay:0.21971591, throughput:1610, R_real:-0.3138, components:{'queue': 0.01, 'delay': 0.0, 'waiting': 0.0, 'pressure': 0.0, 'switches': 0.0, 'emission': 0.304}, raw_metrics:{'fairness': 0.0, 'emission': 82.255, 'fuel': 26.666, 'emergency_stops': 1.0, 'collisions': 0.0, 'ssm_conflicts': 107.0}
REAL_TRAIN step:9, travel time:54.21749271137026, q_loss:0.041381903, rewards:-5.6147203, queue:1.8444444, delay:0.20425417, throughput:1704, raw_metrics:{'fairness': 0.0, 'emission': 83.225, 'fuel': 26.98, 'emergency_stops': 3.0, 'collisions': 0.0, 'ssm_conflicts': 140.0}
real step:3600/3600
episode:9/200, oracle_loss:0.041381903
REAL_TRAIN step:10, travel time:64.76765907764157, q_loss:0.041911524, rewards:-5.8458333, queue:2.0555556, delay:0.21610792, throughput:1691, raw_metrics:{'fairness': 0.0, 'emission': 84.573, 'fuel': 27.417, 'emergency_stops': 0.0, 'collisions': 0.0, 'ssm_conflicts': 130.0}
real step:3600/3600
episode:10/200, oracle_loss:0.041911524
REAL_TEST step:10, travel time:54.691545189504374, q_loss:100, rewards:-5.4861093, queue:1.7555555, delay:0.21503133, throughput:1696, R_real:-0.3059, components:{'queue': 0.01, 'delay': 0.0, 'waiting': 0.0, 'pressure': 0.0, 'switches': 0.0, 'emission': 0.296}, raw_metrics:{'fairness': 0.0, 'emission': 82.933, 'fuel': 26.886, 'emergency_stops': 2.0, 'collisions': 0.0, 'ssm_conflicts': 115.0}
REAL_TRAIN step:11, travel time:84.02145411203814, q_loss:0.03938329, rewards:-5.783611, queue:2.0222223, delay:0.21929313, throughput:1655, raw_metrics:{'fairness': 0.0, 'emission': 84.034, 'fuel': 27.243, 'emergency_stops': 2.0, 'collisions': 0.0, 'ssm_conflicts': 137.0}
real step:3600/3600
episode:11/200, oracle_loss:0.03938329
REAL_TRAIN step:12, travel time:65.1549793753683, q_loss:0.038186125, rewards:-5.620554, queue:1.8916667, delay:0.22690754, throughput:1653, raw_metrics:{'fairness': 0.0, 'emission': 82.926, 'fuel': 26.883, 'emergency_stops': 2.0, 'collisions': 0.0, 'ssm_conflicts': 124.0}
real step:3600/3600
episode:12/200, oracle_loss:0.038186125
REAL_TEST step:12, travel time:140.09946029298382, q_loss:100, rewards:-6.3011107, queue:2.7444444, delay:0.26618072, throughput:1243, R_real:-0.3443, components:{'queue': 0.015, 'delay': 0.0, 'waiting': 0.0, 'pressure': 0.0, 'switches': 0.0, 'emission': 0.329}, raw_metrics:{'fairness': 0.0, 'emission': 77.441, 'fuel': 25.105, 'emergency_stops': 1.0, 'collisions': 0.0, 'ssm_conflicts': 101.0}
REAL_TRAIN step:13, travel time:107.03722721437741, q_loss:0.041259665, rewards:-6.0094447, queue:2.2916667, delay:0.2528861, throughput:1513, raw_metrics:{'fairness': 0.0, 'emission': 82.393, 'fuel': 26.711, 'emergency_stops': 1.0, 'collisions': 0.0, 'ssm_conflicts': 118.0}
real step:3600/3600
episode:13/200, oracle_loss:0.041259665
REAL_TRAIN step:14, travel time:77.45564272782137, q_loss:0.03990898, rewards:-5.821387, queue:2.0972223, delay:0.22606744, throughput:1617, raw_metrics:{'fairness': 0.0, 'emission': 83.249, 'fuel': 26.988, 'emergency_stops': 1.0, 'collisions': 0.0, 'ssm_conflicts': 138.0}
real step:3600/3600
episode:14/200, oracle_loss:0.03990898
REAL_TEST step:14, travel time:126.89978976874562, q_loss:100, rewards:-5.8963885, queue:2.2638888, delay:0.2571868, throughput:1371, R_real:-0.3280, components:{'queue': 0.012, 'delay': 0.0, 'waiting': 0.0, 'pressure': 0.0, 'switches': 0.0, 'emission': 0.316}, raw_metrics:{'fairness': 0.0, 'emission': 77.797, 'fuel': 25.221, 'emergency_stops': 0.0, 'collisions': 0.0, 'ssm_conflicts': 102.0}
REAL_TRAIN step:15, travel time:74.93705035971223, q_loss:0.042606767, rewards:-5.8708324, queue:2.1277778, delay:0.22639008, throughput:1629, raw_metrics:{'fairness': 0.0, 'emission': 84.526, 'fuel': 27.402, 'emergency_stops': 3.0, 'collisions': 0.0, 'ssm_conflicts': 143.0}
real step:3600/3600
episode:15/200, oracle_loss:0.042606767
REAL_TRAIN step:16, travel time:79.47200942840307, q_loss:0.039476234, rewards:-6.1194444, queue:2.3722222, delay:0.23953675, throughput:1658, raw_metrics:{'fairness': 0.0, 'emission': 85.66, 'fuel': 27.77, 'emergency_stops': 2.0, 'collisions': 0.0, 'ssm_conflicts': 154.0}
real step:3600/3600
episode:16/200, oracle_loss:0.039476234
REAL_TEST step:16, travel time:57.78855140186916, q_loss:100, rewards:-5.6211133, queue:1.8527777, delay:0.21286024, throughput:1682, R_real:-0.3142, components:{'queue': 0.01, 'delay': 0.0, 'waiting': 0.0, 'pressure': 0.0, 'switches': 0.0, 'emission': 0.304}, raw_metrics:{'fairness': 0.0, 'emission': 83.358, 'fuel': 27.024, 'emergency_stops': 2.0, 'collisions': 0.0, 'ssm_conflicts': 111.0}
REAL_TRAIN step:17, travel time:64.69772998805257, q_loss:0.037797112, rewards:-5.629166, queue:1.9444444, delay:0.21316995, throughput:1640, raw_metrics:{'fairness': 0.0, 'emission': 83.025, 'fuel': 26.915, 'emergency_stops': 2.0, 'collisions': 0.0, 'ssm_conflicts': 115.0}
real step:3600/3600
episode:17/200, oracle_loss:0.037797112
REAL_TRAIN step:18, travel time:54.55218658892128, q_loss:0.034153853, rewards:-5.676943, queue:1.9083333, delay:0.21276703, throughput:1693, raw_metrics:{'fairness': 0.0, 'emission': 83.655, 'fuel': 27.12, 'emergency_stops': 3.0, 'collisions': 0.0, 'ssm_conflicts': 158.0}
real step:3600/3600
episode:18/200, oracle_loss:0.034153853
REAL_TEST step:18, travel time:156.90025146689018, q_loss:100, rewards:-5.5441666, queue:2.0333333, delay:0.28374594, throughput:1138, R_real:-0.3149, components:{'queue': 0.011, 'delay': 0.0, 'waiting': 0.0, 'pressure': 0.0, 'switches': 0.0, 'emission': 0.304}, raw_metrics:{'fairness': 0.0, 'emission': 69.877, 'fuel': 22.653, 'emergency_stops': 0.0, 'collisions': 0.0, 'ssm_conflicts': 104.0}
REAL_TRAIN step:19, travel time:101.9416149068323, q_loss:0.035715047, rewards:-5.762777, queue:2.0583334, delay:0.22663243, throughput:1557, raw_metrics:{'fairness': 0.0, 'emission': 82.898, 'fuel': 26.874, 'emergency_stops': 4.0, 'collisions': 0.0, 'ssm_conflicts': 135.0}
real step:3600/3600
episode:19/200, oracle_loss:0.035715047
REAL_TRAIN step:20, travel time:97.57324032974002, q_loss:0.03650629, rewards:-6.0958347, queue:2.413889, delay:0.2435616, throughput:1526, raw_metrics:{'fairness': 0.0, 'emission': 82.532, 'fuel': 26.756, 'emergency_stops': 1.0, 'collisions': 0.0, 'ssm_conflicts': 118.0}
real step:3600/3600
episode:20/200, oracle_loss:0.03650629
REAL_TEST step:20, travel time:51.481049562682216, q_loss:100, rewards:-5.191667, queue:1.3805555, delay:0.18292026, throughput:1705, R_real:-0.2936, components:{'queue': 0.007, 'delay': 0.0, 'waiting': 0.0, 'pressure': 0.0, 'switches': 0.0, 'emission': 0.286}, raw_metrics:{'fairness': 0.0, 'emission': 80.962, 'fuel': 26.247, 'emergency_stops': 3.0, 'collisions': 0.0, 'ssm_conflicts': 142.0}
REAL_TRAIN step:21, travel time:121.76813559322034, q_loss:0.03733945, rewards:-6.1944437, queue:2.586111, delay:0.24560864, throughput:1423, raw_metrics:{'fairness': 0.0, 'emission': 82.465, 'fuel': 26.734, 'emergency_stops': 4.0, 'collisions': 0.0, 'ssm_conflicts': 128.0}
real step:3600/3600
episode:21/200, oracle_loss:0.03733945
REAL_TRAIN step:22, travel time:88.55596555965559, q_loss:0.03782186, rewards:-6.1305537, queue:2.4277778, delay:0.24490301, throughput:1580, raw_metrics:{'fairness': 0.0, 'emission': 84.586, 'fuel': 27.422, 'emergency_stops': 5.0, 'collisions': 0.0, 'ssm_conflicts': 146.0}
real step:3600/3600
episode:22/200, oracle_loss:0.03782186
REAL_TEST step:22, travel time:72.81452581032413, q_loss:100, rewards:-5.7236123, queue:1.9805555, delay:0.21408299, throughput:1625, R_real:-0.3178, components:{'queue': 0.011, 'delay': 0.0, 'waiting': 0.0, 'pressure': 0.0, 'switches': 0.0, 'emission': 0.307}, raw_metrics:{'fairness': 0.0, 'emission': 83.532, 'fuel': 27.08, 'emergency_stops': 0.0, 'collisions': 0.0, 'ssm_conflicts': 102.0}
REAL_TRAIN step:23, travel time:109.59699542782495, q_loss:0.038773634, rewards:-6.295277, queue:2.675, delay:0.26157236, throughput:1477, raw_metrics:{'fairness': 0.0, 'emission': 83.208, 'fuel': 26.975, 'emergency_stops': 2.0, 'collisions': 0.0, 'ssm_conflicts': 135.0}
real step:3600/3600
episode:23/200, oracle_loss:0.038773634
REAL_TRAIN step:24, travel time:78.33049300060864, q_loss:0.035363436, rewards:-6.1308317, queue:2.4305556, delay:0.23844853, throughput:1588, raw_metrics:{'fairness': 0.0, 'emission': 85.002, 'fuel': 27.557, 'emergency_stops': 4.0, 'collisions': 0.0, 'ssm_conflicts': 144.0}
real step:3600/3600
episode:24/200, oracle_loss:0.035363436
REAL_TEST step:24, travel time:152.97847682119206, q_loss:100, rewards:-5.937498, queue:2.4277778, delay:0.24195671, throughput:1154, R_real:-0.3298, components:{'queue': 0.013, 'delay': 0.0, 'waiting': 0.0, 'pressure': 0.0, 'switches': 0.0, 'emission': 0.317}, raw_metrics:{'fairness': 0.0, 'emission': 72.321, 'fuel': 23.445, 'emergency_stops': 1.0, 'collisions': 0.0, 'ssm_conflicts': 103.0}
REAL_TRAIN step:25, travel time:72.41681681681682, q_loss:0.03715974, rewards:-6.1608324, queue:2.4555554, delay:0.23740883, throughput:1621, raw_metrics:{'fairness': 0.0, 'emission': 85.896, 'fuel': 27.846, 'emergency_stops': 4.0, 'collisions': 0.0, 'ssm_conflicts': 145.0}
real step:3600/3600
episode:25/200, oracle_loss:0.03715974
REAL_TRAIN step:26, travel time:96.34212218649517, q_loss:0.04031701, rewards:-5.832222, queue:2.1444445, delay:0.23030958, throughput:1499, raw_metrics:{'fairness': 0.0, 'emission': 81.221, 'fuel': 26.331, 'emergency_stops': 3.0, 'collisions': 0.0, 'ssm_conflicts': 142.0}
real step:3600/3600
episode:26/200, oracle_loss:0.04031701
REAL_TEST step:26, travel time:136.66715650257163, q_loss:100, rewards:-6.2691655, queue:2.711111, delay:0.2544192, throughput:1307, R_real:-0.3405, components:{'queue': 0.015, 'delay': 0.0, 'waiting': 0.0, 'pressure': 0.0, 'switches': 0.0, 'emission': 0.326}, raw_metrics:{'fairness': 0.0, 'emission': 79.437, 'fuel': 25.752, 'emergency_stops': 5.0, 'collisions': 0.0, 'ssm_conflicts': 120.0}
REAL_TRAIN step:27, travel time:57.80699708454811, q_loss:0.03787274, rewards:-6.206943, queue:2.4833333, delay:0.22881183, throughput:1703, raw_metrics:{'fairness': 0.0, 'emission': 86.807, 'fuel': 28.142, 'emergency_stops': 5.0, 'collisions': 0.0, 'ssm_conflicts': 193.0}
real step:3600/3600
episode:27/200, oracle_loss:0.03787274
REAL_TRAIN step:28, travel time:111.00848010437052, q_loss:0.035671033, rewards:-6.0900016, queue:2.4027777, delay:0.23732345, throughput:1480, raw_metrics:{'fairness': 0.0, 'emission': 82.402, 'fuel': 26.714, 'emergency_stops': 5.0, 'collisions': 0.0, 'ssm_conflicts': 160.0}
real step:3600/3600
episode:28/200, oracle_loss:0.035671033
REAL_TEST step:28, travel time:149.57119205298014, q_loss:100, rewards:-5.9258313, queue:2.3916667, delay:0.24766186, throughput:1157, R_real:-0.3287, components:{'queue': 0.013, 'delay': 0.0, 'waiting': 0.0, 'pressure': 0.0, 'switches': 0.0, 'emission': 0.316}, raw_metrics:{'fairness': 0.0, 'emission': 72.457, 'fuel': 23.49, 'emergency_stops': 0.0, 'collisions': 0.0, 'ssm_conflicts': 124.0}
REAL_TRAIN step:29, travel time:108.33142128744423, q_loss:0.034209967, rewards:-6.3391647, queue:2.6388888, delay:0.2531079, throughput:1516, raw_metrics:{'fairness': 0.0, 'emission': 84.281, 'fuel': 27.323, 'emergency_stops': 2.0, 'collisions': 0.0, 'ssm_conflicts': 152.0}
real step:3600/3600
episode:29/200, oracle_loss:0.034209967
REAL_TRAIN step:30, travel time:70.64684466019418, q_loss:0.038465258, rewards:-5.940834, queue:2.2194445, delay:0.22627635, throughput:1595, raw_metrics:{'fairness': 0.0, 'emission': 84.151, 'fuel': 27.281, 'emergency_stops': 6.0, 'collisions': 0.0, 'ssm_conflicts': 169.0}
real step:3600/3600
episode:30/200, oracle_loss:0.038465258
REAL_TEST step:30, travel time:43.68338192419825, q_loss:100, rewards:-5.273054, queue:1.35, delay:0.17936502, throughput:1705, R_real:-0.2886, components:{'queue': 0.007, 'delay': 0.0, 'waiting': 0.0, 'pressure': 0.0, 'switches': 0.0, 'emission': 0.281}, raw_metrics:{'fairness': 0.0, 'emission': 81.533, 'fuel': 26.432, 'emergency_stops': 8.0, 'collisions': 0.0, 'ssm_conflicts': 191.0}
REAL_TRAIN step:31, travel time:73.11339563862929, q_loss:0.03667186, rewards:-5.685277, queue:1.9472222, delay:0.21025582, throughput:1553, raw_metrics:{'fairness': 0.0, 'emission': 80.667, 'fuel': 26.151, 'emergency_stops': 2.0, 'collisions': 0.0, 'ssm_conflicts': 151.0}
real step:3600/3600
episode:31/200, oracle_loss:0.03667186
REAL_TRAIN step:32, travel time:87.9885611077664, q_loss:0.03535879, rewards:-6.163609, queue:2.4, delay:0.22557445, throughput:1612, raw_metrics:{'fairness': 0.0, 'emission': 85.56, 'fuel': 27.737, 'emergency_stops': 4.0, 'collisions': 0.0, 'ssm_conflicts': 175.0}
real step:3600/3600
episode:32/200, oracle_loss:0.03535879
REAL_TEST step:32, travel time:149.40886287625418, q_loss:100, rewards:-6.331945, queue:2.8194444, delay:0.28231463, throughput:1144, R_real:-0.3455, components:{'queue': 0.015, 'delay': 0.0, 'waiting': 0.0, 'pressure': 0.0, 'switches': 0.0, 'emission': 0.33}, raw_metrics:{'fairness': 0.0, 'emission': 74.384, 'fuel': 24.114, 'emergency_stops': 0.0, 'collisions': 0.0, 'ssm_conflicts': 100.0}
REAL_TRAIN step:33, travel time:120.41354372123602, q_loss:0.035070445, rewards:-5.9891663, queue:2.2555556, delay:0.22006088, throughput:1477, raw_metrics:{'fairness': 0.0, 'emission': 82.051, 'fuel': 26.6, 'emergency_stops': 2.0, 'collisions': 0.0, 'ssm_conflicts': 179.0}
real step:3600/3600
episode:33/200, oracle_loss:0.035070445
REAL_TRAIN step:34, travel time:57.02693208430913, q_loss:0.03581769, rewards:-5.693888, queue:1.8333334, delay:0.21881847, throughput:1666, raw_metrics:{'fairness': 0.0, 'emission': 83.363, 'fuel': 27.025, 'emergency_stops': 1.0, 'collisions': 0.0, 'ssm_conflicts': 181.0}
real step:3600/3600
episode:34/200, oracle_loss:0.03581769
REAL_TEST step:34, travel time:150.79221854304635, q_loss:100, rewards:-6.368334, queue:2.85, delay:0.28242967, throughput:1152, R_real:-0.3469, components:{'queue': 0.016, 'delay': 0.0, 'waiting': 0.0, 'pressure': 0.0, 'switches': 0.0, 'emission': 0.331}, raw_metrics:{'fairness': 0.0, 'emission': 74.804, 'fuel': 24.25, 'emergency_stops': 0.0, 'collisions': 0.0, 'ssm_conflicts': 108.0}
REAL_TRAIN step:35, travel time:54.119533527696795, q_loss:0.037121944, rewards:-5.610833, queue:1.7972223, delay:0.2219077, throughput:1705, raw_metrics:{'fairness': 0.0, 'emission': 83.424, 'fuel': 27.045, 'emergency_stops': 6.0, 'collisions': 0.0, 'ssm_conflicts': 170.0}
real step:3600/3600
episode:35/200, oracle_loss:0.037121944
REAL_TRAIN step:36, travel time:45.30553935860058, q_loss:0.034814846, rewards:-5.408888, queue:1.5972222, delay:0.20012347, throughput:1703, raw_metrics:{'fairness': 0.0, 'emission': 82.193, 'fuel': 26.646, 'emergency_stops': 5.0, 'collisions': 0.0, 'ssm_conflicts': 185.0}
real step:3600/3600
episode:36/200, oracle_loss:0.034814846
REAL_TEST step:36, travel time:52.46355685131196, q_loss:100, rewards:-5.690279, queue:1.9666667, delay:0.22914408, throughput:1697, R_real:-0.3084, components:{'queue': 0.011, 'delay': 0.0, 'waiting': 0.0, 'pressure': 0.0, 'switches': 0.0, 'emission': 0.298}, raw_metrics:{'fairness': 0.0, 'emission': 84.732, 'fuel': 27.469, 'emergency_stops': 8.0, 'collisions': 0.0, 'ssm_conflicts': 173.0}
REAL_TRAIN step:37, travel time:62.78719397363465, q_loss:0.033259764, rewards:-5.321113, queue:1.575, delay:0.19240224, throughput:1550, raw_metrics:{'fairness': 0.0, 'emission': 78.988, 'fuel': 25.607, 'emergency_stops': 3.0, 'collisions': 0.0, 'ssm_conflicts': 151.0}
real step:3600/3600
episode:37/200, oracle_loss:0.033259764
REAL_TRAIN step:38, travel time:47.18833819241983, q_loss:0.037632424, rewards:-5.3230553, queue:1.4972222, delay:0.19720756, throughput:1702, raw_metrics:{'fairness': 0.0, 'emission': 82.186, 'fuel': 26.644, 'emergency_stops': 3.0, 'collisions': 0.0, 'ssm_conflicts': 199.0}
real step:3600/3600
episode:38/200, oracle_loss:0.037632424
REAL_TEST step:38, travel time:100.88005131494548, q_loss:100, rewards:-6.8783374, queue:3.2055554, delay:0.28666005, throughput:1511, R_real:-0.3507, components:{'queue': 0.018, 'delay': 0.0, 'waiting': 0.0, 'pressure': 0.0, 'switches': 0.0, 'emission': 0.333}, raw_metrics:{'fairness': 0.0, 'emission': 88.454, 'fuel': 28.676, 'emergency_stops': 9.0, 'collisions': 0.0, 'ssm_conflicts': 238.0}
REAL_TRAIN step:39, travel time:43.466472303207, q_loss:0.03542866, rewards:-5.396111, queue:1.5888889, delay:0.20078559, throughput:1697, raw_metrics:{'fairness': 0.0, 'emission': 82.115, 'fuel': 26.621, 'emergency_stops': 4.0, 'collisions': 0.0, 'ssm_conflicts': 184.0}
real step:3600/3600
episode:39/200, oracle_loss:0.03542866
REAL_TRAIN step:40, travel time:48.81399416909621, q_loss:0.034557566, rewards:-5.2619433, queue:1.4777777, delay:0.18413664, throughput:1701, raw_metrics:{'fairness': 0.0, 'emission': 81.31, 'fuel': 26.36, 'emergency_stops': 4.0, 'collisions': 0.0, 'ssm_conflicts': 204.0}
real step:3600/3600
episode:40/200, oracle_loss:0.034557566
REAL_TEST step:40, travel time:38.0332361516035, q_loss:100, rewards:-5.194445, queue:1.2472222, delay:0.17497215, throughput:1705, R_real:-0.2779, components:{'queue': 0.007, 'delay': 0.0, 'waiting': 0.0, 'pressure': 0.0, 'switches': 0.0, 'emission': 0.271}, raw_metrics:{'fairness': 0.0, 'emission': 81.732, 'fuel': 26.496, 'emergency_stops': 10.0, 'collisions': 0.0, 'ssm_conflicts': 258.0}
REAL_TRAIN step:41, travel time:46.265306122448976, q_loss:0.03502917, rewards:-5.4580555, queue:1.6055555, delay:0.19991708, throughput:1703, raw_metrics:{'fairness': 0.0, 'emission': 82.64, 'fuel': 26.791, 'emergency_stops': 3.0, 'collisions': 0.0, 'ssm_conflicts': 202.0}
real step:3600/3600
episode:41/200, oracle_loss:0.03502917
REAL_TRAIN step:42, travel time:53.351020408163265, q_loss:0.035341386, rewards:-5.57139, queue:1.7361112, delay:0.20923801, throughput:1695, raw_metrics:{'fairness': 0.0, 'emission': 83.168, 'fuel': 26.962, 'emergency_stops': 3.0, 'collisions': 0.0, 'ssm_conflicts': 180.0}
real step:3600/3600
episode:42/200, oracle_loss:0.035341386
REAL_TEST step:42, travel time:49.84198250728863, q_loss:100, rewards:-5.4216666, queue:1.6083333, delay:0.19954544, throughput:1701, R_real:-0.2985, components:{'queue': 0.009, 'delay': 0.0, 'waiting': 0.0, 'pressure': 0.0, 'switches': 0.0, 'emission': 0.29}, raw_metrics:{'fairness': 0.0, 'emission': 82.955, 'fuel': 26.893, 'emergency_stops': 3.0, 'collisions': 0.0, 'ssm_conflicts': 182.0}
REAL_TRAIN step:43, travel time:41.630903790087466, q_loss:0.030997636, rewards:-5.293886, queue:1.4027778, delay:0.18849856, throughput:1701, raw_metrics:{'fairness': 0.0, 'emission': 82.224, 'fuel': 26.656, 'emergency_stops': 6.0, 'collisions': 0.0, 'ssm_conflicts': 226.0}
real step:3600/3600
episode:43/200, oracle_loss:0.030997636
REAL_TRAIN step:44, travel time:48.665499124343256, q_loss:0.035421398, rewards:-5.474723, queue:1.6861111, delay:0.20640959, throughput:1688, raw_metrics:{'fairness': 0.0, 'emission': 82.687, 'fuel': 26.806, 'emergency_stops': 1.0, 'collisions': 0.0, 'ssm_conflicts': 178.0}
real step:3600/3600
episode:44/200, oracle_loss:0.035421398
REAL_TEST step:44, travel time:41.00233236151603, q_loss:100, rewards:-5.035834, queue:1.1916667, delay:0.17157145, throughput:1702, R_real:-0.2803, components:{'queue': 0.006, 'delay': 0.0, 'waiting': 0.0, 'pressure': 0.0, 'switches': 0.0, 'emission': 0.274}, raw_metrics:{'fairness': 0.0, 'emission': 80.058, 'fuel': 25.954, 'emergency_stops': 3.0, 'collisions': 0.0, 'ssm_conflicts': 192.0}
REAL_TRAIN step:45, travel time:45.63986013986014, q_loss:0.032415226, rewards:-5.4725003, queue:1.6361111, delay:0.2067482, throughput:1699, raw_metrics:{'fairness': 0.0, 'emission': 83.456, 'fuel': 27.055, 'emergency_stops': 5.0, 'collisions': 0.0, 'ssm_conflicts': 220.0}
real step:3600/3600
episode:45/200, oracle_loss:0.032415226
REAL_TRAIN step:46, travel time:49.34110787172012, q_loss:0.03334531, rewards:-5.493609, queue:1.6555556, delay:0.20458834, throughput:1696, raw_metrics:{'fairness': 0.0, 'emission': 82.932, 'fuel': 26.885, 'emergency_stops': 8.0, 'collisions': 0.0, 'ssm_conflicts': 219.0}
real step:3600/3600
episode:46/200, oracle_loss:0.03334531
REAL_TEST step:46, travel time:37.06588921282799, q_loss:100, rewards:-4.849723, queue:1.0583333, delay:0.15762709, throughput:1704, R_real:-0.2727, components:{'queue': 0.006, 'delay': 0.0, 'waiting': 0.0, 'pressure': 0.0, 'switches': 0.0, 'emission': 0.267}, raw_metrics:{'fairness': 0.0, 'emission': 79.095, 'fuel': 25.641, 'emergency_stops': 0.0, 'collisions': 0.0, 'ssm_conflicts': 188.0}
REAL_TRAIN step:47, travel time:56.68967551622419, q_loss:0.033188798, rewards:-5.482778, queue:1.6861111, delay:0.21196228, throughput:1658, raw_metrics:{'fairness': 0.0, 'emission': 82.889, 'fuel': 26.871, 'emergency_stops': 4.0, 'collisions': 0.0, 'ssm_conflicts': 190.0}
real step:3600/3600
episode:47/200, oracle_loss:0.033188798
REAL_TRAIN step:48, travel time:44.482215743440236, q_loss:0.0348587, rewards:-5.5141644, queue:1.6638889, delay:0.21151382, throughput:1705, raw_metrics:{'fairness': 0.0, 'emission': 83.342, 'fuel': 27.018, 'emergency_stops': 7.0, 'collisions': 0.0, 'ssm_conflicts': 221.0}
real step:3600/3600
episode:48/200, oracle_loss:0.0348587
REAL_TEST step:48, travel time:59.49504373177842, q_loss:100, rewards:-5.491114, queue:1.6416667, delay:0.21184038, throughput:1691, R_real:-0.3067, components:{'queue': 0.009, 'delay': 0.0, 'waiting': 0.0, 'pressure': 0.0, 'switches': 0.0, 'emission': 0.298}, raw_metrics:{'fairness': 0.0, 'emission': 83.009, 'fuel': 26.91, 'emergency_stops': 2.0, 'collisions': 0.0, 'ssm_conflicts': 163.0}
REAL_TRAIN step:49, travel time:44.8466472303207, q_loss:0.035059594, rewards:-5.508333, queue:1.6833333, delay:0.20746627, throughput:1703, raw_metrics:{'fairness': 0.0, 'emission': 83.244, 'fuel': 26.986, 'emergency_stops': 5.0, 'collisions': 0.0, 'ssm_conflicts': 208.0}
real step:3600/3600
episode:49/200, oracle_loss:0.035059594
REAL_TRAIN step:50, travel time:45.94344023323615, q_loss:0.033307195, rewards:-5.3666677, queue:1.5416666, delay:0.19996172, throughput:1699, raw_metrics:{'fairness': 0.0, 'emission': 82.207, 'fuel': 26.65, 'emergency_stops': 3.0, 'collisions': 0.0, 'ssm_conflicts': 196.0}
real step:3600/3600
episode:50/200, oracle_loss:0.033307195
REAL_TEST step:50, travel time:50.006997084548104, q_loss:100, rewards:-5.347778, queue:1.5638889, delay:0.20483011, throughput:1697, R_real:-0.2948, components:{'queue': 0.008, 'delay': 0.0, 'waiting': 0.0, 'pressure': 0.0, 'switches': 0.0, 'emission': 0.286}, raw_metrics:{'fairness': 0.0, 'emission': 82.394, 'fuel': 26.711, 'emergency_stops': 6.0, 'collisions': 0.0, 'ssm_conflicts': 177.0}
REAL_TRAIN step:51, travel time:50.521282798833816, q_loss:0.03409834, rewards:-5.3774986, queue:1.6222222, delay:0.19807483, throughput:1702, raw_metrics:{'fairness': 0.0, 'emission': 82.325, 'fuel': 26.689, 'emergency_stops': 0.0, 'collisions': 0.0, 'ssm_conflicts': 169.0}
real step:3600/3600
episode:51/200, oracle_loss:0.03409834
REAL_TRAIN step:52, travel time:57.68775629759813, q_loss:0.032316934, rewards:-5.744724, queue:2.0138888, delay:0.21663609, throughput:1681, raw_metrics:{'fairness': 0.0, 'emission': 84.446, 'fuel': 27.376, 'emergency_stops': 5.0, 'collisions': 0.0, 'ssm_conflicts': 195.0}
real step:3600/3600
episode:52/200, oracle_loss:0.032316934
REAL_TEST step:52, travel time:53.777259475218656, q_loss:100, rewards:-5.556667, queue:1.8194444, delay:0.22473225, throughput:1696, R_real:-0.3070, components:{'queue': 0.01, 'delay': 0.0, 'waiting': 0.0, 'pressure': 0.0, 'switches': 0.0, 'emission': 0.297}, raw_metrics:{'fairness': 0.0, 'emission': 83.177, 'fuel': 26.965, 'emergency_stops': 1.0, 'collisions': 0.0, 'ssm_conflicts': 157.0}
REAL_TRAIN step:53, travel time:51.319298245614036, q_loss:0.035902474, rewards:-5.468608, queue:1.6361111, delay:0.21138573, throughput:1677, raw_metrics:{'fairness': 0.0, 'emission': 83.047, 'fuel': 26.923, 'emergency_stops': 9.0, 'collisions': 0.0, 'ssm_conflicts': 195.0}
real step:3600/3600
episode:53/200, oracle_loss:0.035902474
REAL_TRAIN step:54, travel time:50.37536485697606, q_loss:0.03679405, rewards:-5.6611114, queue:1.8388889, delay:0.22409455, throughput:1689, raw_metrics:{'fairness': 0.0, 'emission': 84.181, 'fuel': 27.29, 'emergency_stops': 3.0, 'collisions': 0.0, 'ssm_conflicts': 217.0}
real step:3600/3600
episode:54/200, oracle_loss:0.03679405
REAL_TEST step:54, travel time:48.00524781341108, q_loss:100, rewards:-6.1952767, queue:2.286111, delay:0.2513731, throughput:1703, R_real:-0.3197, components:{'queue': 0.013, 'delay': 0.0, 'waiting': 0.0, 'pressure': 0.0, 'switches': 0.0, 'emission': 0.307}, raw_metrics:{'fairness': 0.0, 'emission': 87.989, 'fuel': 28.525, 'emergency_stops': 8.0, 'collisions': 0.0, 'ssm_conflicts': 288.0}
REAL_TRAIN step:55, travel time:61.71554770318021, q_loss:0.038619, rewards:-5.821943, queue:1.9888889, delay:0.2238777, throughput:1656, raw_metrics:{'fairness': 0.0, 'emission': 84.614, 'fuel': 27.431, 'emergency_stops': 5.0, 'collisions': 0.0, 'ssm_conflicts': 196.0}
real step:3600/3600
episode:55/200, oracle_loss:0.038619
REAL_TRAIN step:56, travel time:50.817492711370264, q_loss:0.035506308, rewards:-5.64139, queue:1.7722223, delay:0.21975732, throughput:1697, raw_metrics:{'fairness': 0.0, 'emission': 84.108, 'fuel': 27.266, 'emergency_stops': 4.0, 'collisions': 0.0, 'ssm_conflicts': 198.0}
real step:3600/3600
episode:56/200, oracle_loss:0.035506308
REAL_TEST step:56, travel time:47.606413994169095, q_loss:100, rewards:-5.249721, queue:1.4527777, delay:0.1979165, throughput:1704, R_real:-0.2921, components:{'queue': 0.008, 'delay': 0.0, 'waiting': 0.0, 'pressure': 0.0, 'switches': 0.0, 'emission': 0.284}, raw_metrics:{'fairness': 0.0, 'emission': 81.674, 'fuel': 26.477, 'emergency_stops': 3.0, 'collisions': 0.0, 'ssm_conflicts': 170.0}
REAL_TRAIN step:57, travel time:52.5735294117647, q_loss:0.033767525, rewards:-5.702222, queue:1.8333334, delay:0.21954651, throughput:1654, raw_metrics:{'fairness': 0.0, 'emission': 84.285, 'fuel': 27.324, 'emergency_stops': 4.0, 'collisions': 0.0, 'ssm_conflicts': 214.0}
real step:3600/3600
episode:57/200, oracle_loss:0.033767525
REAL_TRAIN step:58, travel time:51.96326530612245, q_loss:0.034989987, rewards:-5.589723, queue:1.7027777, delay:0.21260633, throughput:1695, raw_metrics:{'fairness': 0.0, 'emission': 83.939, 'fuel': 27.212, 'emergency_stops': 7.0, 'collisions': 0.0, 'ssm_conflicts': 227.0}
real step:3600/3600
episode:58/200, oracle_loss:0.034989987
REAL_TEST step:58, travel time:43.45274212368728, q_loss:100, rewards:-5.507222, queue:1.6722223, delay:0.21562356, throughput:1690, R_real:-0.2943, components:{'queue': 0.009, 'delay': 0.0, 'waiting': 0.0, 'pressure': 0.0, 'switches': 0.0, 'emission': 0.285}, raw_metrics:{'fairness': 0.0, 'emission': 83.913, 'fuel': 27.203, 'emergency_stops': 10.0, 'collisions': 0.0, 'ssm_conflicts': 257.0}
REAL_TRAIN step:59, travel time:62.65181711606096, q_loss:0.034713138, rewards:-5.7622204, queue:1.9361111, delay:0.22543976, throughput:1678, raw_metrics:{'fairness': 0.0, 'emission': 84.733, 'fuel': 27.469, 'emergency_stops': 6.0, 'collisions': 0.0, 'ssm_conflicts': 195.0}
real step:3600/3600
episode:59/200, oracle_loss:0.034713138
REAL_TRAIN step:60, travel time:51.696209912536446, q_loss:0.036800027, rewards:-5.4700007, queue:1.6416667, delay:0.2175046, throughput:1704, raw_metrics:{'fairness': 0.0, 'emission': 83.223, 'fuel': 26.98, 'emergency_stops': 2.0, 'collisions': 0.0, 'ssm_conflicts': 174.0}
real step:3600/3600
episode:60/200, oracle_loss:0.036800027
REAL_TEST step:60, travel time:72.14131736526946, q_loss:100, rewards:-5.5922217, queue:1.8166667, delay:0.21379761, throughput:1646, R_real:-0.3086, components:{'queue': 0.01, 'delay': 0.0, 'waiting': 0.0, 'pressure': 0.0, 'switches': 0.0, 'emission': 0.299}, raw_metrics:{'fairness': 0.0, 'emission': 83.445, 'fuel': 27.052, 'emergency_stops': 4.0, 'collisions': 0.0, 'ssm_conflicts': 151.0}
REAL_TRAIN step:61, travel time:58.123976608187135, q_loss:0.03583311, rewards:-5.496391, queue:1.7, delay:0.21656504, throughput:1677, raw_metrics:{'fairness': 0.0, 'emission': 82.83, 'fuel': 26.852, 'emergency_stops': 4.0, 'collisions': 0.0, 'ssm_conflicts': 166.0}
real step:3600/3600
episode:61/200, oracle_loss:0.03583311
REAL_TRAIN step:62, travel time:53.37543859649123, q_loss:0.032379687, rewards:-5.802778, queue:1.9666667, delay:0.22073911, throughput:1682, raw_metrics:{'fairness': 0.0, 'emission': 84.57, 'fuel': 27.416, 'emergency_stops': 1.0, 'collisions': 0.0, 'ssm_conflicts': 193.0}
real step:3600/3600
episode:62/200, oracle_loss:0.032379687
REAL_TEST step:62, travel time:41.780174927113706, q_loss:100, rewards:-5.5416656, queue:1.7166667, delay:0.21157911, throughput:1703, R_real:-0.2962, components:{'queue': 0.009, 'delay': 0.0, 'waiting': 0.0, 'pressure': 0.0, 'switches': 0.0, 'emission': 0.287}, raw_metrics:{'fairness': 0.0, 'emission': 83.764, 'fuel': 27.155, 'emergency_stops': 6.0, 'collisions': 0.0, 'ssm_conflicts': 232.0}
REAL_TRAIN step:63, travel time:51.36443148688047, q_loss:0.03728403, rewards:-5.6527777, queue:1.8361111, delay:0.21845914, throughput:1704, raw_metrics:{'fairness': 0.0, 'emission': 84.142, 'fuel': 27.278, 'emergency_stops': 4.0, 'collisions': 0.0, 'ssm_conflicts': 190.0}
real step:3600/3600
episode:63/200, oracle_loss:0.03728403
REAL_TRAIN step:64, travel time:47.155685131195334, q_loss:0.034913875, rewards:-5.539721, queue:1.6833333, delay:0.20905586, throughput:1696, raw_metrics:{'fairness': 0.0, 'emission': 83.475, 'fuel': 27.061, 'emergency_stops': 10.0, 'collisions': 0.0, 'ssm_conflicts': 200.0}
real step:3600/3600
episode:64/200, oracle_loss:0.034913875
REAL_TEST step:64, travel time:153.36013400335008, q_loss:100, rewards:-5.9377747, queue:2.4194446, delay:0.28279316, throughput:1142, R_real:-0.3309, components:{'queue': 0.013, 'delay': 0.0, 'waiting': 0.0, 'pressure': 0.0, 'switches': 0.0, 'emission': 0.318}, raw_metrics:{'fairness': 0.0, 'emission': 72.398, 'fuel': 23.471, 'emergency_stops': 0.0, 'collisions': 0.0, 'ssm_conflicts': 106.0}
REAL_TRAIN step:65, travel time:50.7469387755102, q_loss:0.033154484, rewards:-5.6780562, queue:1.8166667, delay:0.21526162, throughput:1704, raw_metrics:{'fairness': 0.0, 'emission': 84.284, 'fuel': 27.324, 'emergency_stops': 7.0, 'collisions': 0.0, 'ssm_conflicts': 199.0}
real step:3600/3600
episode:65/200, oracle_loss:0.033154484
REAL_TRAIN step:66, travel time:51.47288629737609, q_loss:0.034991797, rewards:-5.5169415, queue:1.6972222, delay:0.20412132, throughput:1696, raw_metrics:{'fairness': 0.0, 'emission': 82.935, 'fuel': 26.886, 'emergency_stops': 6.0, 'collisions': 0.0, 'ssm_conflicts': 187.0}
real step:3600/3600
episode:66/200, oracle_loss:0.034991797
REAL_TEST step:66, travel time:123.08677966101695, q_loss:100, rewards:-5.955277, queue:2.2972221, delay:0.2354134, throughput:1422, R_real:-0.3276, components:{'queue': 0.012, 'delay': 0.0, 'waiting': 0.0, 'pressure': 0.0, 'switches': 0.0, 'emission': 0.315}, raw_metrics:{'fairness': 0.0, 'emission': 80.948, 'fuel': 26.242, 'emergency_stops': 2.0, 'collisions': 0.0, 'ssm_conflicts': 150.0}
REAL_TRAIN step:67, travel time:73.30912476722533, q_loss:0.035494182, rewards:-6.067498, queue:2.286111, delay:0.24087214, throughput:1555, raw_metrics:{'fairness': 0.0, 'emission': 82.308, 'fuel': 26.683, 'emergency_stops': 2.0, 'collisions': 0.0, 'ssm_conflicts': 179.0}
real step:3600/3600
episode:67/200, oracle_loss:0.035494182
REAL_TRAIN step:68, travel time:54.06472303206997, q_loss:0.035040356, rewards:-5.84139, queue:2.0611112, delay:0.22615339, throughput:1704, raw_metrics:{'fairness': 0.0, 'emission': 85.061, 'fuel': 27.576, 'emergency_stops': 3.0, 'collisions': 0.0, 'ssm_conflicts': 186.0}
real step:3600/3600
episode:68/200, oracle_loss:0.035040356
REAL_TEST step:68, travel time:40.42565597667638, q_loss:100, rewards:-5.359722, queue:1.5111111, delay:0.20273906, throughput:1705, R_real:-0.2873, components:{'queue': 0.008, 'delay': 0.0, 'waiting': 0.0, 'pressure': 0.0, 'switches': 0.0, 'emission': 0.279}, raw_metrics:{'fairness': 0.0, 'emission': 82.645, 'fuel': 26.792, 'emergency_stops': 9.0, 'collisions': 0.0, 'ssm_conflicts': 238.0}
REAL_TRAIN step:69, travel time:59.07828134196586, q_loss:0.033123504, rewards:-5.813888, queue:2.0333333, delay:0.23393229, throughput:1676, raw_metrics:{'fairness': 0.0, 'emission': 84.67, 'fuel': 27.449, 'emergency_stops': 2.0, 'collisions': 0.0, 'ssm_conflicts': 191.0}
real step:3600/3600
episode:69/200, oracle_loss:0.033123504
REAL_TRAIN step:70, travel time:48.5935860058309, q_loss:0.03437777, rewards:-5.5605536, queue:1.7527778, delay:0.2189594, throughput:1703, raw_metrics:{'fairness': 0.0, 'emission': 83.673, 'fuel': 27.126, 'emergency_stops': 6.0, 'collisions': 0.0, 'ssm_conflicts': 194.0}
real step:3600/3600
episode:70/200, oracle_loss:0.03437777
REAL_TEST step:70, travel time:46.87930029154519, q_loss:100, rewards:-5.2536135, queue:1.3777778, delay:0.20346159, throughput:1704, R_real:-0.2916, components:{'queue': 0.007, 'delay': 0.0, 'waiting': 0.0, 'pressure': 0.0, 'switches': 0.0, 'emission': 0.284}, raw_metrics:{'fairness': 0.0, 'emission': 81.577, 'fuel': 26.446, 'emergency_stops': 4.0, 'collisions': 0.0, 'ssm_conflicts': 162.0}
REAL_TRAIN step:71, travel time:54.45762711864407, q_loss:0.03401011, rewards:-5.8858337, queue:2.1, delay:0.23214372, throughput:1682, raw_metrics:{'fairness': 0.0, 'emission': 85.533, 'fuel': 27.729, 'emergency_stops': 5.0, 'collisions': 0.0, 'ssm_conflicts': 188.0}
real step:3600/3600
episode:71/200, oracle_loss:0.03401011
REAL_TRAIN step:72, travel time:63.64198250728863, q_loss:0.036113158, rewards:-5.8844495, queue:2.05, delay:0.22919716, throughput:1697, raw_metrics:{'fairness': 0.0, 'emission': 85.299, 'fuel': 27.653, 'emergency_stops': 1.0, 'collisions': 0.0, 'ssm_conflicts': 181.0}
real step:3600/3600
episode:72/200, oracle_loss:0.036113158
REAL_TEST step:72, travel time:110.99418228829994, q_loss:100, rewards:-5.779724, queue:2.1, delay:0.2583914, throughput:1502, R_real:-0.3190, components:{'queue': 0.011, 'delay': 0.0, 'waiting': 0.0, 'pressure': 0.0, 'switches': 0.0, 'emission': 0.308}, raw_metrics:{'fairness': 0.0, 'emission': 82.277, 'fuel': 26.673, 'emergency_stops': 2.0, 'collisions': 0.0, 'ssm_conflicts': 130.0}
REAL_TRAIN step:73, travel time:96.91511137868754, q_loss:0.03657551, rewards:-6.4638896, queue:2.613889, delay:0.2649768, throughput:1637, raw_metrics:{'fairness': 0.0, 'emission': 88.552, 'fuel': 28.707, 'emergency_stops': 3.0, 'collisions': 0.0, 'ssm_conflicts': 207.0}
real step:3600/3600
episode:73/200, oracle_loss:0.03657551
REAL_TRAIN step:74, travel time:63.95618709295441, q_loss:0.036252458, rewards:-5.9419446, queue:2.075, delay:0.23300938, throughput:1663, raw_metrics:{'fairness': 0.0, 'emission': 85.735, 'fuel': 27.794, 'emergency_stops': 6.0, 'collisions': 0.0, 'ssm_conflicts': 216.0}
real step:3600/3600
episode:74/200, oracle_loss:0.036252458
REAL_TEST step:74, travel time:63.78971962616822, q_loss:100, rewards:-5.9075027, queue:2.088889, delay:0.2415507, throughput:1682, R_real:-0.3159, components:{'queue': 0.011, 'delay': 0.0, 'waiting': 0.0, 'pressure': 0.0, 'switches': 0.0, 'emission': 0.305}, raw_metrics:{'fairness': 0.0, 'emission': 85.729, 'fuel': 27.792, 'emergency_stops': 5.0, 'collisions': 0.0, 'ssm_conflicts': 195.0}
REAL_TRAIN step:75, travel time:59.04670169293637, q_loss:0.033972126, rewards:-5.7805524, queue:1.9333333, delay:0.2322162, throughput:1685, raw_metrics:{'fairness': 0.0, 'emission': 84.794, 'fuel': 27.489, 'emergency_stops': 2.0, 'collisions': 0.0, 'ssm_conflicts': 192.0}
real step:3600/3600
episode:75/200, oracle_loss:0.033972126
REAL_TRAIN step:76, travel time:57.99295774647887, q_loss:0.0362137, rewards:-5.919999, queue:2.161111, delay:0.24136776, throughput:1681, raw_metrics:{'fairness': 0.0, 'emission': 85.454, 'fuel': 27.703, 'emergency_stops': 1.0, 'collisions': 0.0, 'ssm_conflicts': 176.0}
real step:3600/3600
episode:76/200, oracle_loss:0.0362137
REAL_TEST step:76, travel time:82.40906380441264, q_loss:100, rewards:-5.996665, queue:2.1888888, delay:0.25024992, throughput:1628, R_real:-0.3213, components:{'queue': 0.012, 'delay': 0.0, 'waiting': 0.0, 'pressure': 0.0, 'switches': 0.0, 'emission': 0.309}, raw_metrics:{'fairness': 0.0, 'emission': 84.72, 'fuel': 27.465, 'emergency_stops': 4.0, 'collisions': 0.0, 'ssm_conflicts': 182.0}
REAL_TRAIN step:77, travel time:52.05017502917153, q_loss:0.036152404, rewards:-5.697777, queue:1.875, delay:0.22045472, throughput:1688, raw_metrics:{'fairness': 0.0, 'emission': 84.213, 'fuel': 27.301, 'emergency_stops': 5.0, 'collisions': 0.0, 'ssm_conflicts': 193.0}
real step:3600/3600
episode:77/200, oracle_loss:0.036152404
REAL_TRAIN step:78, travel time:61.401408450704224, q_loss:0.037223693, rewards:-5.8905525, queue:2.0472221, delay:0.2384614, throughput:1673, raw_metrics:{'fairness': 0.0, 'emission': 85.592, 'fuel': 27.748, 'emergency_stops': 7.0, 'collisions': 0.0, 'ssm_conflicts': 170.0}
real step:3600/3600
episode:78/200, oracle_loss:0.037223693
REAL_TEST step:78, travel time:144.46269841269842, q_loss:100, rewards:-5.758056, queue:2.213889, delay:0.26046845, throughput:1207, R_real:-0.3234, components:{'queue': 0.012, 'delay': 0.0, 'waiting': 0.0, 'pressure': 0.0, 'switches': 0.0, 'emission': 0.311}, raw_metrics:{'fairness': 0.0, 'emission': 73.601, 'fuel': 23.86, 'emergency_stops': 1.0, 'collisions': 0.0, 'ssm_conflicts': 106.0}
REAL_TRAIN step:79, travel time:47.33411078717201, q_loss:0.036334913, rewards:-5.6197248, queue:1.7944444, delay:0.22038345, throughput:1697, raw_metrics:{'fairness': 0.0, 'emission': 83.778, 'fuel': 27.16, 'emergency_stops': 5.0, 'collisions': 0.0, 'ssm_conflicts': 197.0}
real step:3600/3600
episode:79/200, oracle_loss:0.036334913
REAL_TRAIN step:80, travel time:47.44256559766764, q_loss:0.03549988, rewards:-5.714998, queue:1.9388889, delay:0.22812285, throughput:1684, raw_metrics:{'fairness': 0.0, 'emission': 83.827, 'fuel': 27.175, 'emergency_stops': 3.0, 'collisions': 0.0, 'ssm_conflicts': 206.0}
real step:3600/3600
episode:80/200, oracle_loss:0.03549988
REAL_TEST step:80, travel time:39.885714285714286, q_loss:100, rewards:-5.354996, queue:1.5388889, delay:0.20430258, throughput:1703, R_real:-0.2910, components:{'queue': 0.008, 'delay': 0.0, 'waiting': 0.0, 'pressure': 0.0, 'switches': 0.0, 'emission': 0.283}, raw_metrics:{'fairness': 0.0, 'emission': 82.56, 'fuel': 26.765, 'emergency_stops': 5.0, 'collisions': 0.0, 'ssm_conflicts': 201.0}
REAL_TRAIN step:81, travel time:59.95246478873239, q_loss:0.036874905, rewards:-5.8130574, queue:2.0305555, delay:0.23493093, throughput:1660, raw_metrics:{'fairness': 0.0, 'emission': 84.092, 'fuel': 27.261, 'emergency_stops': 3.0, 'collisions': 0.0, 'ssm_conflicts': 189.0}
real step:3600/3600
episode:81/200, oracle_loss:0.036874905
REAL_TRAIN step:82, travel time:51.290962099125366, q_loss:0.03360241, rewards:-5.641392, queue:1.8527777, delay:0.21373259, throughput:1688, raw_metrics:{'fairness': 0.0, 'emission': 84.093, 'fuel': 27.262, 'emergency_stops': 4.0, 'collisions': 0.0, 'ssm_conflicts': 178.0}
real step:3600/3600
episode:82/200, oracle_loss:0.03360241
REAL_TEST step:82, travel time:46.373177842565596, q_loss:100, rewards:-5.6911135, queue:1.9111111, delay:0.22627139, throughput:1696, R_real:-0.3039, components:{'queue': 0.01, 'delay': 0.0, 'waiting': 0.0, 'pressure': 0.0, 'switches': 0.0, 'emission': 0.293}, raw_metrics:{'fairness': 0.0, 'emission': 84.963, 'fuel': 27.544, 'emergency_stops': 11.0, 'collisions': 0.0, 'ssm_conflicts': 216.0}
REAL_TRAIN step:83, travel time:61.90994702766333, q_loss:0.036594614, rewards:-5.7883334, queue:2.0194445, delay:0.22269982, throughput:1655, raw_metrics:{'fairness': 0.0, 'emission': 84.345, 'fuel': 27.344, 'emergency_stops': 6.0, 'collisions': 0.0, 'ssm_conflicts': 173.0}
real step:3600/3600
episode:83/200, oracle_loss:0.036594614
REAL_TRAIN step:84, travel time:50.61690962099125, q_loss:0.03708419, rewards:-5.5636096, queue:1.7027777, delay:0.21447985, throughput:1693, raw_metrics:{'fairness': 0.0, 'emission': 83.383, 'fuel': 27.032, 'emergency_stops': 6.0, 'collisions': 0.0, 'ssm_conflicts': 189.0}
real step:3600/3600
episode:84/200, oracle_loss:0.03708419
REAL_TEST step:84, travel time:122.83868762816131, q_loss:100, rewards:-5.778333, queue:2.113889, delay:0.2642403, throughput:1413, R_real:-0.3203, components:{'queue': 0.012, 'delay': 0.0, 'waiting': 0.0, 'pressure': 0.0, 'switches': 0.0, 'emission': 0.309}, raw_metrics:{'fairness': 0.0, 'emission': 79.903, 'fuel': 25.903, 'emergency_stops': 2.0, 'collisions': 0.0, 'ssm_conflicts': 110.0}
REAL_TRAIN step:85, travel time:56.0134110787172, q_loss:0.033596735, rewards:-5.630554, queue:1.8222222, delay:0.22356826, throughput:1701, raw_metrics:{'fairness': 0.0, 'emission': 83.76, 'fuel': 27.154, 'emergency_stops': 0.0, 'collisions': 0.0, 'ssm_conflicts': 159.0}
real step:3600/3600
episode:85/200, oracle_loss:0.033596735
REAL_TRAIN step:86, travel time:55.58675263774912, q_loss:0.035200596, rewards:-5.8236127, queue:2.0527778, delay:0.22885744, throughput:1663, raw_metrics:{'fairness': 0.0, 'emission': 84.292, 'fuel': 27.326, 'emergency_stops': 2.0, 'collisions': 0.0, 'ssm_conflicts': 179.0}
real step:3600/3600
episode:86/200, oracle_loss:0.035200596
REAL_TEST step:86, travel time:52.261807580174924, q_loss:100, rewards:-5.7433324, queue:1.9444444, delay:0.22612192, throughput:1676, R_real:-0.3115, components:{'queue': 0.011, 'delay': 0.0, 'waiting': 0.0, 'pressure': 0.0, 'switches': 0.0, 'emission': 0.301}, raw_metrics:{'fairness': 0.0, 'emission': 84.433, 'fuel': 27.372, 'emergency_stops': 8.0, 'collisions': 0.0, 'ssm_conflicts': 175.0}
REAL_TRAIN step:87, travel time:54.62215743440233, q_loss:0.034439113, rewards:-5.7588887, queue:1.9583334, delay:0.22986151, throughput:1676, raw_metrics:{'fairness': 0.0, 'emission': 84.192, 'fuel': 27.294, 'emergency_stops': 3.0, 'collisions': 0.0, 'ssm_conflicts': 156.0}
real step:3600/3600
episode:87/200, oracle_loss:0.034439113
REAL_TRAIN step:88, travel time:87.18890200708383, q_loss:0.03225682, rewards:-5.9980555, queue:2.2, delay:0.23964936, throughput:1660, raw_metrics:{'fairness': 0.0, 'emission': 85.534, 'fuel': 27.729, 'emergency_stops': 5.0, 'collisions': 0.0, 'ssm_conflicts': 169.0}
real step:3600/3600
episode:88/200, oracle_loss:0.03225682
REAL_TEST step:88, travel time:144.34840218238503, q_loss:100, rewards:-5.649443, queue:2.0944445, delay:0.27422294, throughput:1227, R_real:-0.3182, components:{'queue': 0.011, 'delay': 0.0, 'waiting': 0.0, 'pressure': 0.0, 'switches': 0.0, 'emission': 0.307}, raw_metrics:{'fairness': 0.0, 'emission': 73.402, 'fuel': 23.796, 'emergency_stops': 0.0, 'collisions': 0.0, 'ssm_conflicts': 125.0}
REAL_TRAIN step:89, travel time:82.71563421828908, q_loss:0.032984752, rewards:-5.7411094, queue:1.9916667, delay:0.23969612, throughput:1661, raw_metrics:{'fairness': 0.0, 'emission': 84.071, 'fuel': 27.255, 'emergency_stops': 4.0, 'collisions': 0.0, 'ssm_conflicts': 144.0}
real step:3600/3600
episode:89/200, oracle_loss:0.032984752
REAL_TRAIN step:90, travel time:66.83011130638548, q_loss:0.034485284, rewards:-5.6555552, queue:1.8722222, delay:0.2320296, throughput:1664, raw_metrics:{'fairness': 0.0, 'emission': 83.124, 'fuel': 26.948, 'emergency_stops': 4.0, 'collisions': 0.0, 'ssm_conflicts': 150.0}
real step:3600/3600
episode:90/200, oracle_loss:0.034485284
REAL_TEST step:90, travel time:38.61574344023324, q_loss:100, rewards:-5.4297223, queue:1.575, delay:0.20628601, throughput:1704, R_real:-0.2893, components:{'queue': 0.009, 'delay': 0.0, 'waiting': 0.0, 'pressure': 0.0, 'switches': 0.0, 'emission': 0.281}, raw_metrics:{'fairness': 0.0, 'emission': 83.395, 'fuel': 27.035, 'emergency_stops': 12.0, 'collisions': 0.0, 'ssm_conflicts': 235.0}
REAL_TRAIN step:91, travel time:52.65189504373178, q_loss:0.032704394, rewards:-5.673054, queue:1.8416667, delay:0.22869377, throughput:1698, raw_metrics:{'fairness': 0.0, 'emission': 84.358, 'fuel': 27.348, 'emergency_stops': 6.0, 'collisions': 0.0, 'ssm_conflicts': 170.0}
real step:3600/3600
episode:91/200, oracle_loss:0.032704394
REAL_TRAIN step:92, travel time:47.68804664723032, q_loss:0.030258084, rewards:-5.491944, queue:1.7333333, delay:0.21106432, throughput:1692, raw_metrics:{'fairness': 0.0, 'emission': 82.923, 'fuel': 26.882, 'emergency_stops': 9.0, 'collisions': 0.0, 'ssm_conflicts': 145.0}
real step:3600/3600
episode:92/200, oracle_loss:0.030258084
REAL_TEST step:92, travel time:61.49824150058617, q_loss:100, rewards:-5.6624985, queue:1.8916667, delay:0.23173995, throughput:1662, R_real:-0.3092, components:{'queue': 0.01, 'delay': 0.0, 'waiting': 0.0, 'pressure': 0.0, 'switches': 0.0, 'emission': 0.299}, raw_metrics:{'fairness': 0.0, 'emission': 83.531, 'fuel': 27.079, 'emergency_stops': 9.0, 'collisions': 0.0, 'ssm_conflicts': 171.0}
REAL_TRAIN step:93, travel time:50.431924882629104, q_loss:0.03403716, rewards:-5.489723, queue:1.7777778, delay:0.21285199, throughput:1680, raw_metrics:{'fairness': 0.0, 'emission': 82.933, 'fuel': 26.886, 'emergency_stops': 2.0, 'collisions': 0.0, 'ssm_conflicts': 159.0}
real step:3600/3600
episode:93/200, oracle_loss:0.03403716
REAL_TRAIN step:94, travel time:76.76751030017657, q_loss:0.033682834, rewards:-5.8886113, queue:2.086111, delay:0.23643991, throughput:1675, raw_metrics:{'fairness': 0.0, 'emission': 85.434, 'fuel': 27.697, 'emergency_stops': 1.0, 'collisions': 0.0, 'ssm_conflicts': 177.0}
real step:3600/3600
episode:94/200, oracle_loss:0.033682834
REAL_TEST step:94, travel time:38.87463556851312, q_loss:100, rewards:-5.0800004, queue:1.3444444, delay:0.18248005, throughput:1705, R_real:-0.2825, components:{'queue': 0.007, 'delay': 0.0, 'waiting': 0.0, 'pressure': 0.0, 'switches': 0.0, 'emission': 0.275}, raw_metrics:{'fairness': 0.0, 'emission': 80.595, 'fuel': 26.128, 'emergency_stops': 5.0, 'collisions': 0.0, 'ssm_conflicts': 168.0}
REAL_TRAIN step:95, travel time:47.42099125364432, q_loss:0.035032496, rewards:-5.441388, queue:1.7, delay:0.21068995, throughput:1703, raw_metrics:{'fairness': 0.0, 'emission': 82.756, 'fuel': 26.828, 'emergency_stops': 4.0, 'collisions': 0.0, 'ssm_conflicts': 164.0}
real step:3600/3600
episode:95/200, oracle_loss:0.035032496
REAL_TRAIN step:96, travel time:46.02802101576182, q_loss:0.03482939, rewards:-5.4441676, queue:1.7111111, delay:0.20838927, throughput:1674, raw_metrics:{'fairness': 0.0, 'emission': 82.762, 'fuel': 26.83, 'emergency_stops': 4.0, 'collisions': 0.0, 'ssm_conflicts': 178.0}
real step:3600/3600
episode:96/200, oracle_loss:0.03482939
REAL_TEST step:96, travel time:140.81490015360984, q_loss:100, rewards:-6.234444, queue:2.663889, delay:0.27872568, throughput:1246, R_real:-0.3386, components:{'queue': 0.015, 'delay': 0.0, 'waiting': 0.0, 'pressure': 0.0, 'switches': 0.0, 'emission': 0.324}, raw_metrics:{'fairness': 0.0, 'emission': 77.02, 'fuel': 24.969, 'emergency_stops': 1.0, 'collisions': 0.0, 'ssm_conflicts': 120.0}
REAL_TRAIN step:97, travel time:47.59440559440559, q_loss:0.034019813, rewards:-5.6074986, queue:1.8333334, delay:0.22218663, throughput:1697, raw_metrics:{'fairness': 0.0, 'emission': 83.475, 'fuel': 27.061, 'emergency_stops': 7.0, 'collisions': 0.0, 'ssm_conflicts': 175.0}
real step:3600/3600
episode:97/200, oracle_loss:0.034019813
REAL_TRAIN step:98, travel time:51.50941176470588, q_loss:0.033418145, rewards:-5.661945, queue:1.9333333, delay:0.22755925, throughput:1666, raw_metrics:{'fairness': 0.0, 'emission': 83.608, 'fuel': 27.105, 'emergency_stops': 1.0, 'collisions': 0.0, 'ssm_conflicts': 163.0}
real step:3600/3600
episode:98/200, oracle_loss:0.033418145
REAL_TEST step:98, travel time:101.2596649484536, q_loss:100, rewards:-6.038057, queue:2.3694444, delay:0.26483694, throughput:1497, R_real:-0.3286, components:{'queue': 0.013, 'delay': 0.0, 'waiting': 0.0, 'pressure': 0.0, 'switches': 0.0, 'emission': 0.316}, raw_metrics:{'fairness': 0.0, 'emission': 82.322, 'fuel': 26.688, 'emergency_stops': 3.0, 'collisions': 0.0, 'ssm_conflicts': 144.0}
REAL_TRAIN step:99, travel time:50.90282685512368, q_loss:0.03203849, rewards:-5.65361, queue:1.825, delay:0.22478074, throughput:1655, raw_metrics:{'fairness': 0.0, 'emission': 83.175, 'fuel': 26.964, 'emergency_stops': 5.0, 'collisions': 0.0, 'ssm_conflicts': 195.0}
real step:3600/3600
episode:99/200, oracle_loss:0.03203849
REAL_TRAIN step:100, travel time:52.630903790087466, q_loss:0.03325469, rewards:-5.3969426, queue:1.5722222, delay:0.20635344, throughput:1703, raw_metrics:{'fairness': 0.0, 'emission': 82.365, 'fuel': 26.701, 'emergency_stops': 4.0, 'collisions': 0.0, 'ssm_conflicts': 172.0}
real step:3600/3600
episode:100/200, oracle_loss:0.03325469
REAL_TEST step:100, travel time:40.23615160349854, q_loss:100, rewards:-5.352501, queue:1.5361111, delay:0.20409359, throughput:1704, R_real:-0.2919, components:{'queue': 0.008, 'delay': 0.0, 'waiting': 0.0, 'pressure': 0.0, 'switches': 0.0, 'emission': 0.284}, raw_metrics:{'fairness': 0.0, 'emission': 82.327, 'fuel': 26.689, 'emergency_stops': 5.0, 'collisions': 0.0, 'ssm_conflicts': 197.0}
REAL_TRAIN step:101, travel time:59.14762741652021, q_loss:0.034986377, rewards:-5.700833, queue:1.9694444, delay:0.2302948, throughput:1663, raw_metrics:{'fairness': 0.0, 'emission': 83.296, 'fuel': 27.003, 'emergency_stops': 6.0, 'collisions': 0.0, 'ssm_conflicts': 151.0}
real step:3600/3600
episode:101/200, oracle_loss:0.034986377
REAL_TRAIN step:102, travel time:50.50204081632653, q_loss:0.032925647, rewards:-5.673333, queue:1.8472222, delay:0.21900925, throughput:1698, raw_metrics:{'fairness': 0.0, 'emission': 84.065, 'fuel': 27.253, 'emergency_stops': 4.0, 'collisions': 0.0, 'ssm_conflicts': 173.0}
real step:3600/3600
episode:102/200, oracle_loss:0.032925647
REAL_TEST step:102, travel time:70.16587957497049, q_loss:100, rewards:-5.6249995, queue:1.8861111, delay:0.22914279, throughput:1651, R_real:-0.3105, components:{'queue': 0.01, 'delay': 0.0, 'waiting': 0.0, 'pressure': 0.0, 'switches': 0.0, 'emission': 0.3}, raw_metrics:{'fairness': 0.0, 'emission': 83.142, 'fuel': 26.954, 'emergency_stops': 6.0, 'collisions': 0.0, 'ssm_conflicts': 136.0}
REAL_TRAIN step:103, travel time:52.180174927113704, q_loss:0.032806143, rewards:-5.5530553, queue:1.7694445, delay:0.21043748, throughput:1700, raw_metrics:{'fairness': 0.0, 'emission': 83.239, 'fuel': 26.985, 'emergency_stops': 3.0, 'collisions': 0.0, 'ssm_conflicts': 143.0}
real step:3600/3600
episode:103/200, oracle_loss:0.032806143
REAL_TRAIN step:104, travel time:69.31423508564679, q_loss:0.03368991, rewards:-5.678055, queue:1.9416667, delay:0.22049096, throughput:1663, raw_metrics:{'fairness': 0.0, 'emission': 83.473, 'fuel': 27.061, 'emergency_stops': 6.0, 'collisions': 0.0, 'ssm_conflicts': 133.0}
real step:3600/3600
episode:104/200, oracle_loss:0.03368991
REAL_TEST step:104, travel time:128.0463292943692, q_loss:100, rewards:-5.626943, queue:2.025, delay:0.21842112, throughput:1355, R_real:-0.3172, components:{'queue': 0.011, 'delay': 0.0, 'waiting': 0.0, 'pressure': 0.0, 'switches': 0.0, 'emission': 0.306}, raw_metrics:{'fairness': 0.0, 'emission': 76.583, 'fuel': 24.827, 'emergency_stops': 1.0, 'collisions': 0.0, 'ssm_conflicts': 112.0}
REAL_TRAIN step:105, travel time:84.6692037470726, q_loss:0.031763736, rewards:-5.9680533, queue:2.1583333, delay:0.24749252, throughput:1664, raw_metrics:{'fairness': 0.0, 'emission': 84.799, 'fuel': 27.49, 'emergency_stops': 3.0, 'collisions': 0.0, 'ssm_conflicts': 162.0}
real step:3600/3600
episode:105/200, oracle_loss:0.031763736
REAL_TRAIN step:106, travel time:65.2778429073857, q_loss:0.032684542, rewards:-5.6452794, queue:1.875, delay:0.23073421, throughput:1663, raw_metrics:{'fairness': 0.0, 'emission': 83.021, 'fuel': 26.914, 'emergency_stops': 3.0, 'collisions': 0.0, 'ssm_conflicts': 136.0}
real step:3600/3600
episode:106/200, oracle_loss:0.032684542
REAL_TEST step:106, travel time:146.12580128205127, q_loss:100, rewards:-6.4294386, queue:2.886111, delay:0.28778577, throughput:1191, R_real:-0.3472, components:{'queue': 0.016, 'delay': 0.0, 'waiting': 0.0, 'pressure': 0.0, 'switches': 0.0, 'emission': 0.331}, raw_metrics:{'fairness': 0.0, 'emission': 76.733, 'fuel': 24.876, 'emergency_stops': 3.0, 'collisions': 0.0, 'ssm_conflicts': 116.0}
REAL_TRAIN step:107, travel time:59.591872791519435, q_loss:0.03065867, rewards:-5.5699973, queue:1.7472222, delay:0.21714532, throughput:1654, raw_metrics:{'fairness': 0.0, 'emission': 82.435, 'fuel': 26.724, 'emergency_stops': 1.0, 'collisions': 0.0, 'ssm_conflicts': 156.0}
real step:3600/3600
episode:107/200, oracle_loss:0.03065867
REAL_TRAIN step:108, travel time:65.86647058823529, q_loss:0.032395013, rewards:-5.744997, queue:1.95, delay:0.22545454, throughput:1672, raw_metrics:{'fairness': 0.0, 'emission': 84.056, 'fuel': 27.25, 'emergency_stops': 3.0, 'collisions': 0.0, 'ssm_conflicts': 153.0}
real step:3600/3600
episode:108/200, oracle_loss:0.032395013
REAL_TEST step:108, travel time:152.49460580912864, q_loss:100, rewards:-6.378057, queue:2.836111, delay:0.2846817, throughput:1153, R_real:-0.3472, components:{'queue': 0.016, 'delay': 0.0, 'waiting': 0.0, 'pressure': 0.0, 'switches': 0.0, 'emission': 0.332}, raw_metrics:{'fairness': 0.0, 'emission': 74.843, 'fuel': 24.263, 'emergency_stops': 0.0, 'collisions': 0.0, 'ssm_conflicts': 110.0}
REAL_TRAIN step:109, travel time:77.78798586572438, q_loss:0.030031761, rewards:-6.0486083, queue:2.2666667, delay:0.23502675, throughput:1669, raw_metrics:{'fairness': 0.0, 'emission': 85.787, 'fuel': 27.811, 'emergency_stops': 2.0, 'collisions': 0.0, 'ssm_conflicts': 168.0}
real step:3600/3600
episode:109/200, oracle_loss:0.030031761
REAL_TRAIN step:110, travel time:97.53247549019608, q_loss:0.031931635, rewards:-6.2124987, queue:2.3888888, delay:0.2518891, throughput:1599, raw_metrics:{'fairness': 0.0, 'emission': 86.703, 'fuel': 28.108, 'emergency_stops': 3.0, 'collisions': 0.0, 'ssm_conflicts': 179.0}
real step:3600/3600
episode:110/200, oracle_loss:0.031931635
REAL_TEST step:110, travel time:65.4849201655825, q_loss:100, rewards:-5.807498, queue:1.9944445, delay:0.21982564, throughput:1643, R_real:-0.3173, components:{'queue': 0.011, 'delay': 0.0, 'waiting': 0.0, 'pressure': 0.0, 'switches': 0.0, 'emission': 0.306}, raw_metrics:{'fairness': 0.0, 'emission': 83.604, 'fuel': 27.103, 'emergency_stops': 3.0, 'collisions': 0.0, 'ssm_conflicts': 153.0}
REAL_TRAIN step:111, travel time:116.08532643826761, q_loss:0.03240482, rewards:-5.956111, queue:2.211111, delay:0.23476951, throughput:1500, raw_metrics:{'fairness': 0.0, 'emission': 83.355, 'fuel': 27.023, 'emergency_stops': 3.0, 'collisions': 0.0, 'ssm_conflicts': 161.0}
real step:3600/3600
episode:111/200, oracle_loss:0.03240482
REAL_TRAIN step:112, travel time:92.85841760856633, q_loss:0.034807406, rewards:-5.993055, queue:2.225, delay:0.23925589, throughput:1658, raw_metrics:{'fairness': 0.0, 'emission': 85.355, 'fuel': 27.671, 'emergency_stops': 5.0, 'collisions': 0.0, 'ssm_conflicts': 149.0}
real step:3600/3600
episode:112/200, oracle_loss:0.034807406
REAL_TEST step:112, travel time:74.96574128765505, q_loss:100, rewards:-6.186112, queue:2.4333334, delay:0.24164091, throughput:1655, R_real:-0.3290, components:{'queue': 0.013, 'delay': 0.0, 'waiting': 0.0, 'pressure': 0.0, 'switches': 0.0, 'emission': 0.316}, raw_metrics:{'fairness': 0.0, 'emission': 86.901, 'fuel': 28.172, 'emergency_stops': 9.0, 'collisions': 0.0, 'ssm_conflicts': 180.0}
REAL_TRAIN step:113, travel time:68.88323353293413, q_loss:0.035570495, rewards:-5.7194467, queue:1.9194444, delay:0.2124531, throughput:1641, raw_metrics:{'fairness': 0.0, 'emission': 83.721, 'fuel': 27.141, 'emergency_stops': 2.0, 'collisions': 0.0, 'ssm_conflicts': 156.0}
real step:3600/3600
episode:113/200, oracle_loss:0.035570495
REAL_TRAIN step:114, travel time:53.23642732049037, q_loss:0.034892686, rewards:-5.8422213, queue:2.0555556, delay:0.22093436, throughput:1685, raw_metrics:{'fairness': 0.0, 'emission': 84.833, 'fuel': 27.502, 'emergency_stops': 7.0, 'collisions': 0.0, 'ssm_conflicts': 181.0}
real step:3600/3600
episode:114/200, oracle_loss:0.034892686
REAL_TEST step:114, travel time:104.11822660098522, q_loss:100, rewards:-6.0952806, queue:2.3333333, delay:0.23723087, throughput:1579, R_real:-0.3303, components:{'queue': 0.013, 'delay': 0.0, 'waiting': 0.0, 'pressure': 0.0, 'switches': 0.0, 'emission': 0.318}, raw_metrics:{'fairness': 0.0, 'emission': 85.316, 'fuel': 27.658, 'emergency_stops': 4.0, 'collisions': 0.0, 'ssm_conflicts': 157.0}
REAL_TRAIN step:115, travel time:60.85655976676385, q_loss:0.03416758, rewards:-5.795, queue:1.9555556, delay:0.22208296, throughput:1690, raw_metrics:{'fairness': 0.0, 'emission': 84.669, 'fuel': 27.448, 'emergency_stops': 5.0, 'collisions': 0.0, 'ssm_conflicts': 183.0}
real step:3600/3600
episode:115/200, oracle_loss:0.03416758
REAL_TRAIN step:116, travel time:103.8871667699938, q_loss:0.03299874, rewards:-5.952224, queue:2.238889, delay:0.22522701, throughput:1565, raw_metrics:{'fairness': 0.0, 'emission': 84.079, 'fuel': 27.257, 'emergency_stops': 3.0, 'collisions': 0.0, 'ssm_conflicts': 149.0}
real step:3600/3600
episode:116/200, oracle_loss:0.03299874
REAL_TEST step:116, travel time:133.050822122571, q_loss:100, rewards:-5.9558315, queue:2.3611112, delay:0.22431041, throughput:1285, R_real:-0.3275, components:{'queue': 0.013, 'delay': 0.0, 'waiting': 0.0, 'pressure': 0.0, 'switches': 0.0, 'emission': 0.315}, raw_metrics:{'fairness': 0.0, 'emission': 77.069, 'fuel': 24.985, 'emergency_stops': 2.0, 'collisions': 0.0, 'ssm_conflicts': 141.0}
REAL_TRAIN step:117, travel time:51.617543859649125, q_loss:0.036994107, rewards:-5.8730564, queue:2.05, delay:0.21625154, throughput:1679, raw_metrics:{'fairness': 0.0, 'emission': 85.219, 'fuel': 27.627, 'emergency_stops': 4.0, 'collisions': 0.0, 'ssm_conflicts': 197.0}
real step:3600/3600
episode:117/200, oracle_loss:0.036994107
REAL_TRAIN step:118, travel time:63.46301864101022, q_loss:0.036419503, rewards:-5.861943, queue:2.0583334, delay:0.21780613, throughput:1631, raw_metrics:{'fairness': 0.0, 'emission': 84.619, 'fuel': 27.432, 'emergency_stops': 4.0, 'collisions': 0.0, 'ssm_conflicts': 192.0}
real step:3600/3600
episode:118/200, oracle_loss:0.036419503
REAL_TEST step:118, travel time:117.07747866053842, q_loss:100, rewards:-6.4030557, queue:2.7055554, delay:0.2590952, throughput:1471, R_real:-0.3400, components:{'queue': 0.015, 'delay': 0.0, 'waiting': 0.0, 'pressure': 0.0, 'switches': 0.0, 'emission': 0.325}, raw_metrics:{'fairness': 0.0, 'emission': 84.012, 'fuel': 27.236, 'emergency_stops': 6.0, 'collisions': 0.0, 'ssm_conflicts': 176.0}
REAL_TRAIN step:119, travel time:55.81935483870968, q_loss:0.035949547, rewards:-5.814443, queue:1.9861112, delay:0.22751115, throughput:1681, raw_metrics:{'fairness': 0.0, 'emission': 84.924, 'fuel': 27.531, 'emergency_stops': 2.0, 'collisions': 0.0, 'ssm_conflicts': 179.0}
real step:3600/3600
episode:119/200, oracle_loss:0.035949547
REAL_TRAIN step:120, travel time:78.58328428487346, q_loss:0.031937756, rewards:-6.1591635, queue:2.3472223, delay:0.24126871, throughput:1672, raw_metrics:{'fairness': 0.0, 'emission': 86.916, 'fuel': 28.177, 'emergency_stops': 4.0, 'collisions': 0.0, 'ssm_conflicts': 189.0}
real step:3600/3600
episode:120/200, oracle_loss:0.031937756
REAL_TEST step:120, travel time:69.60142348754448, q_loss:100, rewards:-6.075555, queue:2.2472222, delay:0.24113744, throughput:1653, R_real:-0.3248, components:{'queue': 0.012, 'delay': 0.0, 'waiting': 0.0, 'pressure': 0.0, 'switches': 0.0, 'emission': 0.313}, raw_metrics:{'fairness': 0.0, 'emission': 86.013, 'fuel': 27.884, 'emergency_stops': 10.0, 'collisions': 0.0, 'ssm_conflicts': 167.0}
REAL_TRAIN step:121, travel time:65.19223880597015, q_loss:0.03335402, rewards:-5.7402782, queue:1.9416667, delay:0.22194195, throughput:1624, raw_metrics:{'fairness': 0.0, 'emission': 82.977, 'fuel': 26.9, 'emergency_stops': 6.0, 'collisions': 0.0, 'ssm_conflicts': 198.0}
real step:3600/3600
episode:121/200, oracle_loss:0.03335402
REAL_TRAIN step:122, travel time:93.43215780035864, q_loss:0.03542674, rewards:-5.9933324, queue:2.1722221, delay:0.24051173, throughput:1644, raw_metrics:{'fairness': 0.0, 'emission': 85.531, 'fuel': 27.728, 'emergency_stops': 6.0, 'collisions': 0.0, 'ssm_conflicts': 182.0}
real step:3600/3600
episode:122/200, oracle_loss:0.03542674
REAL_TEST step:122, travel time:94.9310551558753, q_loss:100, rewards:-6.089445, queue:2.2666667, delay:0.2591098, throughput:1642, R_real:-0.3260, components:{'queue': 0.012, 'delay': 0.0, 'waiting': 0.0, 'pressure': 0.0, 'switches': 0.0, 'emission': 0.314}, raw_metrics:{'fairness': 0.0, 'emission': 86.023, 'fuel': 27.888, 'emergency_stops': 2.0, 'collisions': 0.0, 'ssm_conflicts': 186.0}
REAL_TRAIN step:123, travel time:64.86347305389222, q_loss:0.03558894, rewards:-5.7383313, queue:1.9527777, delay:0.21582752, throughput:1636, raw_metrics:{'fairness': 0.0, 'emission': 83.815, 'fuel': 27.172, 'emergency_stops': 4.0, 'collisions': 0.0, 'ssm_conflicts': 156.0}
real step:3600/3600
episode:123/200, oracle_loss:0.03558894
REAL_TRAIN step:124, travel time:51.203638497652584, q_loss:0.03447748, rewards:-5.9266663, queue:2.1277778, delay:0.22928518, throughput:1660, raw_metrics:{'fairness': 0.0, 'emission': 84.644, 'fuel': 27.44, 'emergency_stops': 4.0, 'collisions': 0.0, 'ssm_conflicts': 192.0}
real step:3600/3600
episode:124/200, oracle_loss:0.03447748
REAL_TEST step:124, travel time:62.856637168141596, q_loss:100, rewards:-5.7513876, queue:2.0, delay:0.24082948, throughput:1651, R_real:-0.3143, components:{'queue': 0.011, 'delay': 0.0, 'waiting': 0.0, 'pressure': 0.0, 'switches': 0.0, 'emission': 0.304}, raw_metrics:{'fairness': 0.0, 'emission': 83.553, 'fuel': 27.087, 'emergency_stops': 2.0, 'collisions': 0.0, 'ssm_conflicts': 165.0}
REAL_TRAIN step:125, travel time:92.92321981424149, q_loss:0.034354173, rewards:-5.9261127, queue:2.1833334, delay:0.23841994, throughput:1563, raw_metrics:{'fairness': 0.0, 'emission': 81.884, 'fuel': 26.546, 'emergency_stops': 4.0, 'collisions': 0.0, 'ssm_conflicts': 168.0}
real step:3600/3600
episode:125/200, oracle_loss:0.034354173
REAL_TRAIN step:126, travel time:84.91816009557945, q_loss:0.035967935, rewards:-5.8411107, queue:2.1027777, delay:0.24856815, throughput:1620, raw_metrics:{'fairness': 0.0, 'emission': 83.257, 'fuel': 26.991, 'emergency_stops': 0.0, 'collisions': 0.0, 'ssm_conflicts': 153.0}
real step:3600/3600
episode:126/200, oracle_loss:0.035967935
REAL_TEST step:126, travel time:133.96566837107378, q_loss:100, rewards:-5.7238894, queue:2.125, delay:0.2570893, throughput:1318, R_real:-0.3194, components:{'queue': 0.012, 'delay': 0.0, 'waiting': 0.0, 'pressure': 0.0, 'switches': 0.0, 'emission': 0.308}, raw_metrics:{'fairness': 0.0, 'emission': 76.538, 'fuel': 24.812, 'emergency_stops': 2.0, 'collisions': 0.0, 'ssm_conflicts': 126.0}
REAL_TRAIN step:127, travel time:85.9994022713688, q_loss:0.032285955, rewards:-6.285831, queue:2.511111, delay:0.26780704, throughput:1622, raw_metrics:{'fairness': 0.0, 'emission': 86.095, 'fuel': 27.911, 'emergency_stops': 1.0, 'collisions': 0.0, 'ssm_conflicts': 196.0}
real step:3600/3600
episode:127/200, oracle_loss:0.032285955
REAL_TRAIN step:128, travel time:71.70944741532976, q_loss:0.032436576, rewards:-5.608332, queue:1.8555555, delay:0.21561468, throughput:1662, raw_metrics:{'fairness': 0.0, 'emission': 83.253, 'fuel': 26.989, 'emergency_stops': 3.0, 'collisions': 0.0, 'ssm_conflicts': 160.0}
real step:3600/3600
episode:128/200, oracle_loss:0.032436576
REAL_TEST step:128, travel time:120.54527027027027, q_loss:100, rewards:-5.7413893, queue:2.0416667, delay:0.23701473, throughput:1430, R_real:-0.3173, components:{'queue': 0.011, 'delay': 0.0, 'waiting': 0.0, 'pressure': 0.0, 'switches': 0.0, 'emission': 0.306}, raw_metrics:{'fairness': 0.0, 'emission': 79.866, 'fuel': 25.891, 'emergency_stops': 2.0, 'collisions': 0.0, 'ssm_conflicts': 145.0}
REAL_TRAIN step:129, travel time:98.34571599760335, q_loss:0.032277685, rewards:-6.1061125, queue:2.3, delay:0.23923238, throughput:1644, raw_metrics:{'fairness': 0.0, 'emission': 86.113, 'fuel': 27.917, 'emergency_stops': 2.0, 'collisions': 0.0, 'ssm_conflicts': 171.0}
real step:3600/3600
episode:129/200, oracle_loss:0.032277685
REAL_TRAIN step:130, travel time:122.2753143613501, q_loss:0.03455559, rewards:-6.0116687, queue:2.3222222, delay:0.22968715, throughput:1462, raw_metrics:{'fairness': 0.0, 'emission': 82.275, 'fuel': 26.672, 'emergency_stops': 3.0, 'collisions': 0.0, 'ssm_conflicts': 152.0}
real step:3600/3600
episode:130/200, oracle_loss:0.03455559
REAL_TEST step:130, travel time:60.60588235294118, q_loss:100, rewards:-5.6988873, queue:1.9194444, delay:0.24032228, throughput:1655, R_real:-0.3115, components:{'queue': 0.01, 'delay': 0.0, 'waiting': 0.0, 'pressure': 0.0, 'switches': 0.0, 'emission': 0.301}, raw_metrics:{'fairness': 0.0, 'emission': 83.103, 'fuel': 26.941, 'emergency_stops': 3.0, 'collisions': 0.0, 'ssm_conflicts': 159.0}
REAL_TRAIN step:131, travel time:80.21269095182139, q_loss:0.03456827, rewards:-6.205557, queue:2.338889, delay:0.24881269, throughput:1668, raw_metrics:{'fairness': 0.0, 'emission': 86.781, 'fuel': 28.133, 'emergency_stops': 2.0, 'collisions': 0.0, 'ssm_conflicts': 206.0}
real step:3600/3600
episode:131/200, oracle_loss:0.03456827
REAL_TRAIN step:132, travel time:120.44083840432725, q_loss:0.036273282, rewards:-5.9011073, queue:2.2416666, delay:0.23423058, throughput:1428, raw_metrics:{'fairness': 0.0, 'emission': 80.572, 'fuel': 26.12, 'emergency_stops': 0.0, 'collisions': 0.0, 'ssm_conflicts': 134.0}
real step:3600/3600
episode:132/200, oracle_loss:0.036273282
REAL_TEST step:132, travel time:97.73553719008264, q_loss:100, rewards:-5.945833, queue:2.175, delay:0.23940569, throughput:1653, R_real:-0.3250, components:{'queue': 0.012, 'delay': 0.0, 'waiting': 0.0, 'pressure': 0.0, 'switches': 0.0, 'emission': 0.313}, raw_metrics:{'fairness': 0.0, 'emission': 85.277, 'fuel': 27.645, 'emergency_stops': 3.0, 'collisions': 0.0, 'ssm_conflicts': 135.0}
REAL_TRAIN step:133, travel time:93.23733804475854, q_loss:0.0358115, rewards:-6.0572248, queue:2.2333333, delay:0.23739554, throughput:1664, raw_metrics:{'fairness': 0.0, 'emission': 85.947, 'fuel': 27.863, 'emergency_stops': 6.0, 'collisions': 0.0, 'ssm_conflicts': 167.0}
real step:3600/3600
episode:133/200, oracle_loss:0.0358115
REAL_TRAIN step:134, travel time:118.15560026827633, q_loss:0.03507389, rewards:-5.9658346, queue:2.2444444, delay:0.23383333, throughput:1438, raw_metrics:{'fairness': 0.0, 'emission': 81.406, 'fuel': 26.391, 'emergency_stops': 4.0, 'collisions': 0.0, 'ssm_conflicts': 150.0}
real step:3600/3600
episode:134/200, oracle_loss:0.03507389
REAL_TEST step:134, travel time:75.21302816901408, q_loss:100, rewards:-5.752223, queue:1.9694444, delay:0.23199959, throughput:1660, R_real:-0.3132, components:{'queue': 0.011, 'delay': 0.0, 'waiting': 0.0, 'pressure': 0.0, 'switches': 0.0, 'emission': 0.303}, raw_metrics:{'fairness': 0.0, 'emission': 83.364, 'fuel': 27.025, 'emergency_stops': 1.0, 'collisions': 0.0, 'ssm_conflicts': 164.0}
REAL_TRAIN step:135, travel time:96.4093137254902, q_loss:0.036557574, rewards:-6.1800003, queue:2.4388888, delay:0.25508916, throughput:1590, raw_metrics:{'fairness': 0.0, 'emission': 85.092, 'fuel': 27.585, 'emergency_stops': 2.0, 'collisions': 0.0, 'ssm_conflicts': 158.0}
real step:3600/3600
episode:135/200, oracle_loss:0.036557574
REAL_TRAIN step:136, travel time:105.56346749226006, q_loss:0.036593102, rewards:-6.1202774, queue:2.411111, delay:0.23532635, throughput:1579, raw_metrics:{'fairness': 0.0, 'emission': 85.983, 'fuel': 27.874, 'emergency_stops': 4.0, 'collisions': 0.0, 'ssm_conflicts': 143.0}
real step:3600/3600
episode:136/200, oracle_loss:0.036593102
REAL_TEST step:136, travel time:119.50842886041808, q_loss:100, rewards:-5.6330547, queue:1.9527777, delay:0.24840686, throughput:1431, R_real:-0.3135, components:{'queue': 0.011, 'delay': 0.0, 'waiting': 0.0, 'pressure': 0.0, 'switches': 0.0, 'emission': 0.303}, raw_metrics:{'fairness': 0.0, 'emission': 79.026, 'fuel': 25.619, 'emergency_stops': 2.0, 'collisions': 0.0, 'ssm_conflicts': 133.0}
REAL_TRAIN step:137, travel time:111.47422680412372, q_loss:0.035496343, rewards:-6.0072203, queue:2.2972221, delay:0.26280415, throughput:1501, raw_metrics:{'fairness': 0.0, 'emission': 82.146, 'fuel': 26.631, 'emergency_stops': 3.0, 'collisions': 0.0, 'ssm_conflicts': 145.0}
real step:3600/3600
episode:137/200, oracle_loss:0.035496343
REAL_TRAIN step:138, travel time:112.70838627700127, q_loss:0.039143387, rewards:-5.980552, queue:2.2305555, delay:0.2326528, throughput:1531, raw_metrics:{'fairness': 0.0, 'emission': 83.312, 'fuel': 27.009, 'emergency_stops': 0.0, 'collisions': 0.0, 'ssm_conflicts': 150.0}
real step:3600/3600
episode:138/200, oracle_loss:0.039143387
REAL_TEST step:138, travel time:149.1998420221169, q_loss:100, rewards:-5.7013884, queue:2.1694446, delay:0.2064761, throughput:1213, R_real:-0.3194, components:{'queue': 0.012, 'delay': 0.0, 'waiting': 0.0, 'pressure': 0.0, 'switches': 0.0, 'emission': 0.308}, raw_metrics:{'fairness': 0.0, 'emission': 73.585, 'fuel': 23.855, 'emergency_stops': 0.0, 'collisions': 0.0, 'ssm_conflicts': 106.0}
REAL_TRAIN step:139, travel time:117.39986781229345, q_loss:0.04265443, rewards:-5.915002, queue:2.1722221, delay:0.2276531, throughput:1461, raw_metrics:{'fairness': 0.0, 'emission': 81.551, 'fuel': 26.438, 'emergency_stops': 3.0, 'collisions': 0.0, 'ssm_conflicts': 179.0}
real step:3600/3600
episode:139/200, oracle_loss:0.04265443
REAL_TRAIN step:140, travel time:96.95223515003062, q_loss:0.03821497, rewards:-6.1477776, queue:2.3527777, delay:0.26080093, throughput:1582, raw_metrics:{'fairness': 0.0, 'emission': 85.775, 'fuel': 27.807, 'emergency_stops': 5.0, 'collisions': 0.0, 'ssm_conflicts': 155.0}
real step:3600/3600
episode:140/200, oracle_loss:0.03821497
REAL_TEST step:140, travel time:60.686803519061584, q_loss:100, rewards:-5.643888, queue:1.7916666, delay:0.22550382, throughput:1678, R_real:-0.3082, components:{'queue': 0.01, 'delay': 0.0, 'waiting': 0.0, 'pressure': 0.0, 'switches': 0.0, 'emission': 0.298}, raw_metrics:{'fairness': 0.0, 'emission': 83.739, 'fuel': 27.147, 'emergency_stops': 2.0, 'collisions': 0.0, 'ssm_conflicts': 169.0}
REAL_TRAIN step:141, travel time:96.67332916926921, q_loss:0.036365498, rewards:-6.103055, queue:2.3416667, delay:0.24461906, throughput:1557, raw_metrics:{'fairness': 0.0, 'emission': 83.554, 'fuel': 27.087, 'emergency_stops': 2.0, 'collisions': 0.0, 'ssm_conflicts': 155.0}
real step:3600/3600
episode:141/200, oracle_loss:0.036365498
REAL_TRAIN step:142, travel time:141.5242914979757, q_loss:0.04021359, rewards:-15.586948, queue:11.980556, delay:0.3329496, throughput:1414, raw_metrics:{'fairness': 324.0, 'emission': 132.7, 'fuel': 43.02, 'emergency_stops': 1.0, 'collisions': 0.0, 'ssm_conflicts': 235.0}
real step:3600/3600
episode:142/200, oracle_loss:0.04021359
REAL_TEST step:142, travel time:152.57487520798668, q_loss:100, rewards:-6.8452787, queue:3.338889, delay:0.28466046, throughput:1148, R_real:-0.3654, components:{'queue': 0.018, 'delay': 0.0, 'waiting': 0.0, 'pressure': 0.0, 'switches': 0.0, 'emission': 0.347}, raw_metrics:{'fairness': 0.0, 'emission': 77.424, 'fuel': 25.1, 'emergency_stops': 0.0, 'collisions': 0.0, 'ssm_conflicts': 113.0}
REAL_TRAIN step:143, travel time:100.78313253012048, q_loss:0.049054317, rewards:-6.3977785, queue:2.5777779, delay:0.25335512, throughput:1626, raw_metrics:{'fairness': 0.0, 'emission': 87.827, 'fuel': 28.472, 'emergency_stops': 3.0, 'collisions': 0.0, 'ssm_conflicts': 176.0}
real step:3600/3600
episode:143/200, oracle_loss:0.049054317
REAL_TRAIN step:144, travel time:105.9350811485643, q_loss:0.046420075, rewards:-6.199166, queue:2.4833333, delay:0.25790527, throughput:1558, raw_metrics:{'fairness': 0.0, 'emission': 85.263, 'fuel': 27.641, 'emergency_stops': 2.0, 'collisions': 0.0, 'ssm_conflicts': 179.0}
real step:3600/3600
episode:144/200, oracle_loss:0.046420075
REAL_TEST step:144, travel time:114.19298245614036, q_loss:100, rewards:-6.054442, queue:2.3583333, delay:0.25908488, throughput:1430, R_real:-0.3292, components:{'queue': 0.013, 'delay': 0.0, 'waiting': 0.0, 'pressure': 0.0, 'switches': 0.0, 'emission': 0.316}, raw_metrics:{'fairness': 0.0, 'emission': 81.84, 'fuel': 26.531, 'emergency_stops': 1.0, 'collisions': 0.0, 'ssm_conflicts': 158.0}
REAL_TRAIN step:145, travel time:98.47361963190184, q_loss:0.046606578, rewards:-6.278889, queue:2.4444444, delay:0.24483381, throughput:1600, raw_metrics:{'fairness': 0.0, 'emission': 87.206, 'fuel': 28.271, 'emergency_stops': 2.0, 'collisions': 0.0, 'ssm_conflicts': 188.0}
real step:3600/3600
episode:145/200, oracle_loss:0.046606578
REAL_TRAIN step:146, travel time:61.637231503579955, q_loss:0.042666845, rewards:-6.239445, queue:2.4805555, delay:0.24717161, throughput:1624, raw_metrics:{'fairness': 0.0, 'emission': 85.795, 'fuel': 27.813, 'emergency_stops': 5.0, 'collisions': 0.0, 'ssm_conflicts': 189.0}
real step:3600/3600
episode:146/200, oracle_loss:0.042666845
REAL_TEST step:146, travel time:132.75313190862195, q_loss:100, rewards:-6.1397195, queue:2.5638888, delay:0.25213516, throughput:1303, R_real:-0.3351, components:{'queue': 0.014, 'delay': 0.0, 'waiting': 0.0, 'pressure': 0.0, 'switches': 0.0, 'emission': 0.321}, raw_metrics:{'fairness': 0.0, 'emission': 78.711, 'fuel': 25.517, 'emergency_stops': 3.0, 'collisions': 0.0, 'ssm_conflicts': 131.0}
REAL_TRAIN step:147, travel time:121.61049180327869, q_loss:0.042877875, rewards:-6.1180553, queue:2.3833334, delay:0.2427088, throughput:1477, raw_metrics:{'fairness': 0.0, 'emission': 83.75, 'fuel': 27.15, 'emergency_stops': 2.0, 'collisions': 0.0, 'ssm_conflicts': 179.0}
real step:3600/3600
episode:147/200, oracle_loss:0.042877875
REAL_TRAIN step:148, travel time:77.64053888548683, q_loss:0.044134744, rewards:-6.0583305, queue:2.288889, delay:0.23646195, throughput:1587, raw_metrics:{'fairness': 0.0, 'emission': 84.933, 'fuel': 27.534, 'emergency_stops': 5.0, 'collisions': 0.0, 'ssm_conflicts': 196.0}
real step:3600/3600
episode:148/200, oracle_loss:0.044134744
REAL_TEST step:148, travel time:151.3836833602585, q_loss:100, rewards:-6.3844476, queue:2.8583333, delay:0.27845883, throughput:1183, R_real:-0.3462, components:{'queue': 0.016, 'delay': 0.0, 'waiting': 0.0, 'pressure': 0.0, 'switches': 0.0, 'emission': 0.331}, raw_metrics:{'fairness': 0.0, 'emission': 76.123, 'fuel': 24.678, 'emergency_stops': 0.0, 'collisions': 0.0, 'ssm_conflicts': 125.0}
REAL_TRAIN step:149, travel time:99.5336627547869, q_loss:0.04242281, rewards:-6.5755587, queue:2.7944446, delay:0.26435298, throughput:1565, raw_metrics:{'fairness': 0.0, 'emission': 88.038, 'fuel': 28.541, 'emergency_stops': 6.0, 'collisions': 0.0, 'ssm_conflicts': 180.0}
real step:3600/3600
episode:149/200, oracle_loss:0.04242281
REAL_TRAIN step:150, travel time:96.1983780411728, q_loss:0.046025995, rewards:-6.184723, queue:2.4333334, delay:0.25504586, throughput:1553, raw_metrics:{'fairness': 0.0, 'emission': 84.628, 'fuel': 27.435, 'emergency_stops': 1.0, 'collisions': 0.0, 'ssm_conflicts': 163.0}
real step:3600/3600
episode:150/200, oracle_loss:0.046025995
REAL_TEST step:150, travel time:130.37249283667623, q_loss:100, rewards:-6.3419466, queue:2.7444444, delay:0.27541602, throughput:1342, R_real:-0.3431, components:{'queue': 0.015, 'delay': 0.0, 'waiting': 0.0, 'pressure': 0.0, 'switches': 0.0, 'emission': 0.328}, raw_metrics:{'fairness': 0.0, 'emission': 79.754, 'fuel': 25.855, 'emergency_stops': 2.0, 'collisions': 0.0, 'ssm_conflicts': 114.0}
REAL_TRAIN step:151, travel time:94.62951985773563, q_loss:0.046784744, rewards:-6.2944436, queue:2.5444446, delay:0.2644941, throughput:1653, raw_metrics:{'fairness': 0.0, 'emission': 87.581, 'fuel': 28.392, 'emergency_stops': 3.0, 'collisions': 0.0, 'ssm_conflicts': 160.0}
real step:3600/3600
episode:151/200, oracle_loss:0.046784744
REAL_TRAIN step:152, travel time:107.57170294494239, q_loss:0.046511613, rewards:-6.496943, queue:2.788889, delay:0.27311775, throughput:1508, raw_metrics:{'fairness': 0.0, 'emission': 85.271, 'fuel': 27.644, 'emergency_stops': 6.0, 'collisions': 0.0, 'ssm_conflicts': 150.0}
real step:3600/3600
episode:152/200, oracle_loss:0.046511613
REAL_TEST step:152, travel time:137.9261796042618, q_loss:100, rewards:-6.0855556, queue:2.5416667, delay:0.2465107, throughput:1261, R_real:-0.3333, components:{'queue': 0.014, 'delay': 0.0, 'waiting': 0.0, 'pressure': 0.0, 'switches': 0.0, 'emission': 0.319}, raw_metrics:{'fairness': 0.0, 'emission': 77.021, 'fuel': 24.969, 'emergency_stops': 2.0, 'collisions': 0.0, 'ssm_conflicts': 119.0}
REAL_TRAIN step:153, travel time:102.38178415470992, q_loss:0.04314469, rewards:-6.3575, queue:2.6444445, delay:0.26812652, throughput:1558, raw_metrics:{'fairness': 0.0, 'emission': 85.777, 'fuel': 27.808, 'emergency_stops': 1.0, 'collisions': 0.0, 'ssm_conflicts': 160.0}
real step:3600/3600
episode:153/200, oracle_loss:0.04314469
REAL_TRAIN step:154, travel time:99.97769740807715, q_loss:0.040528085, rewards:-6.3169456, queue:2.5916667, delay:0.26905054, throughput:1607, raw_metrics:{'fairness': 0.0, 'emission': 86.846, 'fuel': 28.154, 'emergency_stops': 2.0, 'collisions': 0.0, 'ssm_conflicts': 149.0}
real step:3600/3600
episode:154/200, oracle_loss:0.040528085
REAL_TEST step:154, travel time:70.14101057579319, q_loss:100, rewards:-6.044164, queue:2.261111, delay:0.25570586, throughput:1667, R_real:-0.3236, components:{'queue': 0.012, 'delay': 0.0, 'waiting': 0.0, 'pressure': 0.0, 'switches': 0.0, 'emission': 0.311}, raw_metrics:{'fairness': 0.0, 'emission': 86.244, 'fuel': 27.959, 'emergency_stops': 6.0, 'collisions': 0.0, 'ssm_conflicts': 195.0}
REAL_TRAIN step:155, travel time:112.84482758620689, q_loss:0.044382833, rewards:-6.1236124, queue:2.4527779, delay:0.24746233, throughput:1523, raw_metrics:{'fairness': 0.0, 'emission': 84.096, 'fuel': 27.263, 'emergency_stops': 3.0, 'collisions': 0.0, 'ssm_conflicts': 139.0}
real step:3600/3600
episode:155/200, oracle_loss:0.044382833
REAL_TRAIN step:156, travel time:113.01629726205998, q_loss:0.03734104, rewards:-6.3919435, queue:2.6888888, delay:0.26434946, throughput:1479, raw_metrics:{'fairness': 0.0, 'emission': 84.182, 'fuel': 27.291, 'emergency_stops': 2.0, 'collisions': 0.0, 'ssm_conflicts': 155.0}
real step:3600/3600
episode:156/200, oracle_loss:0.03734104
REAL_TEST step:156, travel time:140.38176426982952, q_loss:100, rewards:-6.199723, queue:2.675, delay:0.25292826, throughput:1293, R_real:-0.3350, components:{'queue': 0.015, 'delay': 0.0, 'waiting': 0.0, 'pressure': 0.0, 'switches': 0.0, 'emission': 0.32}, raw_metrics:{'fairness': 0.0, 'emission': 79.139, 'fuel': 25.656, 'emergency_stops': 2.0, 'collisions': 0.0, 'ssm_conflicts': 132.0}
REAL_TRAIN step:157, travel time:106.72709923664122, q_loss:0.036184136, rewards:-6.266388, queue:2.5472221, delay:0.253282, throughput:1529, raw_metrics:{'fairness': 0.0, 'emission': 84.85, 'fuel': 27.507, 'emergency_stops': 2.0, 'collisions': 0.0, 'ssm_conflicts': 147.0}
real step:3600/3600
episode:157/200, oracle_loss:0.036184136
REAL_TRAIN step:158, travel time:92.13807531380753, q_loss:0.03469055, rewards:-6.3925014, queue:2.6194444, delay:0.2559863, throughput:1652, raw_metrics:{'fairness': 0.0, 'emission': 88.368, 'fuel': 28.648, 'emergency_stops': 4.0, 'collisions': 0.0, 'ssm_conflicts': 205.0}
real step:3600/3600
episode:158/200, oracle_loss:0.03469055
REAL_TEST step:158, travel time:128.84964028776977, q_loss:100, rewards:-6.357502, queue:2.7444444, delay:0.25081405, throughput:1335, R_real:-0.3411, components:{'queue': 0.015, 'delay': 0.0, 'waiting': 0.0, 'pressure': 0.0, 'switches': 0.0, 'emission': 0.326}, raw_metrics:{'fairness': 0.0, 'emission': 80.794, 'fuel': 26.192, 'emergency_stops': 3.0, 'collisions': 0.0, 'ssm_conflicts': 166.0}
REAL_TRAIN step:159, travel time:86.10176721511273, q_loss:0.03302813, rewards:-7.574723, queue:3.8527777, delay:0.26136887, throughput:1601, raw_metrics:{'fairness': 0.0, 'emission': 93.941, 'fuel': 30.454, 'emergency_stops': 4.0, 'collisions': 0.0, 'ssm_conflicts': 286.0}
real step:3600/3600
episode:159/200, oracle_loss:0.03302813
REAL_TRAIN step:160, travel time:75.1711874623267, q_loss:0.034716696, rewards:-6.0741653, queue:2.3222222, delay:0.2297958, throughput:1617, raw_metrics:{'fairness': 0.0, 'emission': 84.983, 'fuel': 27.55, 'emergency_stops': 2.0, 'collisions': 0.0, 'ssm_conflicts': 173.0}
real step:3600/3600
episode:160/200, oracle_loss:0.034716696
REAL_TEST step:160, travel time:116.48631029986961, q_loss:100, rewards:-6.071944, queue:2.386111, delay:0.2618473, throughput:1478, R_real:-0.3320, components:{'queue': 0.013, 'delay': 0.0, 'waiting': 0.0, 'pressure': 0.0, 'switches': 0.0, 'emission': 0.319}, raw_metrics:{'fairness': 0.0, 'emission': 82.154, 'fuel': 26.633, 'emergency_stops': 0.0, 'collisions': 0.0, 'ssm_conflicts': 123.0}
REAL_TRAIN step:161, travel time:101.57081280788178, q_loss:0.03309542, rewards:-6.4447217, queue:2.6861112, delay:0.26220992, throughput:1581, raw_metrics:{'fairness': 0.0, 'emission': 87.525, 'fuel': 28.374, 'emergency_stops': 5.0, 'collisions': 0.0, 'ssm_conflicts': 178.0}
real step:3600/3600
episode:161/200, oracle_loss:0.03309542
REAL_TRAIN step:162, travel time:87.62228915662651, q_loss:0.034769185, rewards:-6.202781, queue:2.45, delay:0.23733486, throughput:1617, raw_metrics:{'fairness': 0.0, 'emission': 85.754, 'fuel': 27.8, 'emergency_stops': 4.0, 'collisions': 0.0, 'ssm_conflicts': 181.0}
real step:3600/3600
episode:162/200, oracle_loss:0.034769185
REAL_TEST step:162, travel time:119.83388925950634, q_loss:100, rewards:-7.1130576, queue:3.536111, delay:0.26889542, throughput:1443, R_real:-0.3631, components:{'queue': 0.018, 'delay': 0.0, 'waiting': 0.0, 'pressure': 0.0, 'switches': 0.0, 'emission': 0.345}, raw_metrics:{'fairness': 0.0, 'emission': 87.459, 'fuel': 28.353, 'emergency_stops': 2.0, 'collisions': 0.0, 'ssm_conflicts': 180.0}
REAL_TRAIN step:163, travel time:109.68342036553524, q_loss:0.03306027, rewards:-6.148057, queue:2.4444444, delay:0.26049086, throughput:1475, raw_metrics:{'fairness': 0.0, 'emission': 82.68, 'fuel': 26.804, 'emergency_stops': 0.0, 'collisions': 0.0, 'ssm_conflicts': 161.0}
real step:3600/3600
episode:163/200, oracle_loss:0.03306027
REAL_TRAIN step:164, travel time:97.64724310776943, q_loss:0.03709974, rewards:-6.279446, queue:2.575, delay:0.26194027, throughput:1548, raw_metrics:{'fairness': 0.0, 'emission': 84.786, 'fuel': 27.486, 'emergency_stops': 4.0, 'collisions': 0.0, 'ssm_conflicts': 182.0}
real step:3600/3600
episode:164/200, oracle_loss:0.03709974
REAL_TEST step:164, travel time:116.69410977242302, q_loss:100, rewards:-5.913055, queue:2.2916667, delay:0.25975415, throughput:1448, R_real:-0.3263, components:{'queue': 0.013, 'delay': 0.0, 'waiting': 0.0, 'pressure': 0.0, 'switches': 0.0, 'emission': 0.314}, raw_metrics:{'fairness': 0.0, 'emission': 80.867, 'fuel': 26.216, 'emergency_stops': 2.0, 'collisions': 0.0, 'ssm_conflicts': 115.0}
REAL_TRAIN step:165, travel time:70.68054729327781, q_loss:0.03356658, rewards:-5.983334, queue:2.1777778, delay:0.23359077, throughput:1639, raw_metrics:{'fairness': 0.0, 'emission': 85.302, 'fuel': 27.654, 'emergency_stops': 5.0, 'collisions': 0.0, 'ssm_conflicts': 175.0}
real step:3600/3600
episode:165/200, oracle_loss:0.03356658
REAL_TRAIN step:166, travel time:67.5020624631703, q_loss:0.03445489, rewards:-5.722499, queue:1.9416667, delay:0.22443631, throughput:1654, raw_metrics:{'fairness': 0.0, 'emission': 83.803, 'fuel': 27.168, 'emergency_stops': 4.0, 'collisions': 0.0, 'ssm_conflicts': 171.0}
real step:3600/3600
episode:166/200, oracle_loss:0.03445489
REAL_TEST step:166, travel time:107.49445812807882, q_loss:100, rewards:-5.864998, queue:2.1277778, delay:0.23887919, throughput:1577, R_real:-0.3204, components:{'queue': 0.012, 'delay': 0.0, 'waiting': 0.0, 'pressure': 0.0, 'switches': 0.0, 'emission': 0.309}, raw_metrics:{'fairness': 0.0, 'emission': 84.457, 'fuel': 27.38, 'emergency_stops': 3.0, 'collisions': 0.0, 'ssm_conflicts': 145.0}
REAL_TRAIN step:167, travel time:103.49550706033376, q_loss:0.033332273, rewards:-6.2305584, queue:2.536111, delay:0.25974816, throughput:1507, raw_metrics:{'fairness': 0.0, 'emission': 83.626, 'fuel': 27.11, 'emergency_stops': 4.0, 'collisions': 0.0, 'ssm_conflicts': 157.0}
real step:3600/3600
episode:167/200, oracle_loss:0.033332273
REAL_TRAIN step:168, travel time:102.58890290037832, q_loss:0.035571992, rewards:-6.292498, queue:2.5583334, delay:0.2621092, throughput:1535, raw_metrics:{'fairness': 0.0, 'emission': 84.219, 'fuel': 27.303, 'emergency_stops': 3.0, 'collisions': 0.0, 'ssm_conflicts': 174.0}
real step:3600/3600
episode:168/200, oracle_loss:0.035571992
REAL_TEST step:168, travel time:46.93469387755102, q_loss:100, rewards:-5.488888, queue:1.6611111, delay:0.20572826, throughput:1704, R_real:-0.2989, components:{'queue': 0.009, 'delay': 0.0, 'waiting': 0.0, 'pressure': 0.0, 'switches': 0.0, 'emission': 0.29}, raw_metrics:{'fairness': 0.0, 'emission': 83.022, 'fuel': 26.914, 'emergency_stops': 3.0, 'collisions': 0.0, 'ssm_conflicts': 196.0}
REAL_TRAIN step:169, travel time:99.55151141270821, q_loss:0.036103588, rewards:-6.2155557, queue:2.4666667, delay:0.2565837, throughput:1568, raw_metrics:{'fairness': 0.0, 'emission': 85.553, 'fuel': 27.735, 'emergency_stops': 3.0, 'collisions': 0.0, 'ssm_conflicts': 163.0}
real step:3600/3600
episode:169/200, oracle_loss:0.036103588
REAL_TRAIN step:170, travel time:116.81422924901186, q_loss:0.034476206, rewards:-6.381391, queue:2.6666667, delay:0.26074362, throughput:1462, raw_metrics:{'fairness': 0.0, 'emission': 83.93, 'fuel': 27.209, 'emergency_stops': 2.0, 'collisions': 0.0, 'ssm_conflicts': 184.0}
real step:3600/3600
episode:170/200, oracle_loss:0.034476206
REAL_TEST step:170, travel time:89.98151460942158, q_loss:100, rewards:-5.9344454, queue:2.1527777, delay:0.24849014, throughput:1626, R_real:-0.3237, components:{'queue': 0.012, 'delay': 0.0, 'waiting': 0.0, 'pressure': 0.0, 'switches': 0.0, 'emission': 0.312}, raw_metrics:{'fairness': 0.0, 'emission': 83.908, 'fuel': 27.202, 'emergency_stops': 2.0, 'collisions': 0.0, 'ssm_conflicts': 140.0}
REAL_TRAIN step:171, travel time:105.51412776412776, q_loss:0.03567717, rewards:-6.1058345, queue:2.3944445, delay:0.24286832, throughput:1589, raw_metrics:{'fairness': 0.0, 'emission': 86.006, 'fuel': 27.882, 'emergency_stops': 2.0, 'collisions': 0.0, 'ssm_conflicts': 172.0}
real step:3600/3600
episode:171/200, oracle_loss:0.03567717
REAL_TRAIN step:172, travel time:101.51724137931035, q_loss:0.03626105, rewards:-6.2094455, queue:2.4472222, delay:0.25334546, throughput:1622, raw_metrics:{'fairness': 0.0, 'emission': 86.717, 'fuel': 28.112, 'emergency_stops': 2.0, 'collisions': 0.0, 'ssm_conflicts': 165.0}
real step:3600/3600
episode:172/200, oracle_loss:0.03626105
REAL_TEST step:172, travel time:145.42401215805472, q_loss:100, rewards:-6.248053, queue:2.6888888, delay:0.28005144, throughput:1261, R_real:-0.3394, components:{'queue': 0.015, 'delay': 0.0, 'waiting': 0.0, 'pressure': 0.0, 'switches': 0.0, 'emission': 0.325}, raw_metrics:{'fairness': 0.0, 'emission': 77.733, 'fuel': 25.2, 'emergency_stops': 0.0, 'collisions': 0.0, 'ssm_conflicts': 117.0}
REAL_TRAIN step:173, travel time:120.72005383580081, q_loss:0.038386118, rewards:-6.1341667, queue:2.4972222, delay:0.24342166, throughput:1433, raw_metrics:{'fairness': 0.0, 'emission': 82.553, 'fuel': 26.762, 'emergency_stops': 4.0, 'collisions': 0.0, 'ssm_conflicts': 144.0}
real step:3600/3600
episode:173/200, oracle_loss:0.038386118
REAL_TRAIN step:174, travel time:123.42617214835549, q_loss:0.03590788, rewards:-5.9266667, queue:2.325, delay:0.2394201, throughput:1373, raw_metrics:{'fairness': 0.0, 'emission': 78.574, 'fuel': 25.473, 'emergency_stops': 1.0, 'collisions': 0.0, 'ssm_conflicts': 137.0}
real step:3600/3600
episode:174/200, oracle_loss:0.03590788
REAL_TEST step:174, travel time:108.28719275549805, q_loss:100, rewards:-6.114444, queue:2.3777778, delay:0.238895, throughput:1492, R_real:-0.3311, components:{'queue': 0.013, 'delay': 0.0, 'waiting': 0.0, 'pressure': 0.0, 'switches': 0.0, 'emission': 0.318}, raw_metrics:{'fairness': 0.0, 'emission': 82.994, 'fuel': 26.905, 'emergency_stops': 3.0, 'collisions': 0.0, 'ssm_conflicts': 148.0}
REAL_TRAIN step:175, travel time:115.47508090614886, q_loss:0.03556279, rewards:-6.286941, queue:2.6277778, delay:0.24806982, throughput:1489, raw_metrics:{'fairness': 0.0, 'emission': 83.491, 'fuel': 27.067, 'emergency_stops': 2.0, 'collisions': 0.0, 'ssm_conflicts': 155.0}
real step:3600/3600
episode:175/200, oracle_loss:0.03556279
REAL_TRAIN step:176, travel time:112.90730158730159, q_loss:0.033841, rewards:-6.2408347, queue:2.5583334, delay:0.25448883, throughput:1518, raw_metrics:{'fairness': 0.0, 'emission': 84.391, 'fuel': 27.358, 'emergency_stops': 2.0, 'collisions': 0.0, 'ssm_conflicts': 143.0}
real step:3600/3600
episode:176/200, oracle_loss:0.033841
REAL_TEST step:176, travel time:70.83704572098476, q_loss:100, rewards:-6.0480537, queue:2.261111, delay:0.24878412, throughput:1670, R_real:-0.3254, components:{'queue': 0.012, 'delay': 0.0, 'waiting': 0.0, 'pressure': 0.0, 'switches': 0.0, 'emission': 0.313}, raw_metrics:{'fairness': 0.0, 'emission': 86.381, 'fuel': 28.004, 'emergency_stops': 5.0, 'collisions': 0.0, 'ssm_conflicts': 175.0}
REAL_TRAIN step:177, travel time:56.78633975481611, q_loss:0.034390442, rewards:-5.888333, queue:2.1166666, delay:0.23705558, throughput:1670, raw_metrics:{'fairness': 0.0, 'emission': 84.758, 'fuel': 27.477, 'emergency_stops': 3.0, 'collisions': 0.0, 'ssm_conflicts': 156.0}
real step:3600/3600
episode:177/200, oracle_loss:0.034390442
REAL_TRAIN step:178, travel time:113.39390088945362, q_loss:0.035575476, rewards:-6.277777, queue:2.5527778, delay:0.26899746, throughput:1525, raw_metrics:{'fairness': 0.0, 'emission': 84.89, 'fuel': 27.52, 'emergency_stops': 3.0, 'collisions': 0.0, 'ssm_conflicts': 151.0}
real step:3600/3600
episode:178/200, oracle_loss:0.035575476
REAL_TEST step:178, travel time:59.57026239067056, q_loss:100, rewards:-5.800278, queue:2.038889, delay:0.23291275, throughput:1700, R_real:-0.3153, components:{'queue': 0.011, 'delay': 0.0, 'waiting': 0.0, 'pressure': 0.0, 'switches': 0.0, 'emission': 0.304}, raw_metrics:{'fairness': 0.0, 'emission': 84.932, 'fuel': 27.534, 'emergency_stops': 3.0, 'collisions': 0.0, 'ssm_conflicts': 158.0}
REAL_TRAIN step:179, travel time:106.43765903307889, q_loss:0.03584356, rewards:-6.3499994, queue:2.5527778, delay:0.25276878, throughput:1529, raw_metrics:{'fairness': 0.0, 'emission': 84.245, 'fuel': 27.311, 'emergency_stops': 4.0, 'collisions': 0.0, 'ssm_conflicts': 178.0}
real step:3600/3600
episode:179/200, oracle_loss:0.03584356
REAL_TRAIN step:180, travel time:95.7731196054254, q_loss:0.035040233, rewards:-6.2591677, queue:2.4944444, delay:0.24675423, throughput:1572, raw_metrics:{'fairness': 0.0, 'emission': 85.064, 'fuel': 27.576, 'emergency_stops': 3.0, 'collisions': 0.0, 'ssm_conflicts': 170.0}
real step:3600/3600
episode:180/200, oracle_loss:0.035040233
REAL_TEST step:180, travel time:127.12357954545455, q_loss:100, rewards:-5.9125, queue:2.3083334, delay:0.23092069, throughput:1357, R_real:-0.3249, components:{'queue': 0.013, 'delay': 0.0, 'waiting': 0.0, 'pressure': 0.0, 'switches': 0.0, 'emission': 0.312}, raw_metrics:{'fairness': 0.0, 'emission': 78.403, 'fuel': 25.417, 'emergency_stops': 0.0, 'collisions': 0.0, 'ssm_conflicts': 137.0}
REAL_TRAIN step:181, travel time:116.56344510190664, q_loss:0.037222024, rewards:-6.0961127, queue:2.4305556, delay:0.24321733, throughput:1468, raw_metrics:{'fairness': 0.0, 'emission': 82.522, 'fuel': 26.753, 'emergency_stops': 1.0, 'collisions': 0.0, 'ssm_conflicts': 144.0}
real step:3600/3600
episode:181/200, oracle_loss:0.037222024
REAL_TRAIN step:182, travel time:88.11470215462612, q_loss:0.03258637, rewards:-6.0094433, queue:2.338889, delay:0.23668496, throughput:1526, raw_metrics:{'fairness': 0.0, 'emission': 82.203, 'fuel': 26.649, 'emergency_stops': 5.0, 'collisions': 0.0, 'ssm_conflicts': 151.0}
real step:3600/3600
episode:182/200, oracle_loss:0.03258637
REAL_TEST step:182, travel time:142.24572317262832, q_loss:100, rewards:-6.0127783, queue:2.5055556, delay:0.2458571, throughput:1229, R_real:-0.3314, components:{'queue': 0.014, 'delay': 0.0, 'waiting': 0.0, 'pressure': 0.0, 'switches': 0.0, 'emission': 0.318}, raw_metrics:{'fairness': 0.0, 'emission': 75.449, 'fuel': 24.46, 'emergency_stops': 2.0, 'collisions': 0.0, 'ssm_conflicts': 125.0}
REAL_TRAIN step:183, travel time:113.39821314613911, q_loss:0.033124983, rewards:-6.2413907, queue:2.4722223, delay:0.2459795, throughput:1518, raw_metrics:{'fairness': 0.0, 'emission': 84.716, 'fuel': 27.464, 'emergency_stops': 4.0, 'collisions': 0.0, 'ssm_conflicts': 157.0}
real step:3600/3600
episode:183/200, oracle_loss:0.033124983
REAL_TRAIN step:184, travel time:109.51410256410256, q_loss:0.03523815, rewards:-6.2447233, queue:2.5527778, delay:0.24533401, throughput:1511, raw_metrics:{'fairness': 0.0, 'emission': 84.431, 'fuel': 27.371, 'emergency_stops': 2.0, 'collisions': 0.0, 'ssm_conflicts': 160.0}
real step:3600/3600
episode:184/200, oracle_loss:0.03523815
REAL_TEST step:184, travel time:49.363849765258216, q_loss:100, rewards:-5.727501, queue:1.8694445, delay:0.22672528, throughput:1660, R_real:-0.3084, components:{'queue': 0.01, 'delay': 0.0, 'waiting': 0.0, 'pressure': 0.0, 'switches': 0.0, 'emission': 0.298}, raw_metrics:{'fairness': 0.0, 'emission': 83.609, 'fuel': 27.105, 'emergency_stops': 3.0, 'collisions': 0.0, 'ssm_conflicts': 205.0}
REAL_TRAIN step:185, travel time:89.03522388059702, q_loss:0.03374836, rewards:-6.4036107, queue:2.613889, delay:0.2569778, throughput:1630, raw_metrics:{'fairness': 0.0, 'emission': 87.871, 'fuel': 28.486, 'emergency_stops': 6.0, 'collisions': 0.0, 'ssm_conflicts': 203.0}
real step:3600/3600
episode:185/200, oracle_loss:0.03374836
REAL_TRAIN step:186, travel time:118.20623342175067, q_loss:0.034360144, rewards:-6.120834, queue:2.3972223, delay:0.23834975, throughput:1458, raw_metrics:{'fairness': 0.0, 'emission': 82.47, 'fuel': 26.736, 'emergency_stops': 2.0, 'collisions': 0.0, 'ssm_conflicts': 166.0}
real step:3600/3600
episode:186/200, oracle_loss:0.034360144
REAL_TEST step:186, travel time:54.14927113702624, q_loss:100, rewards:-5.9041667, queue:2.0805554, delay:0.2363488, throughput:1702, R_real:-0.3157, components:{'queue': 0.011, 'delay': 0.0, 'waiting': 0.0, 'pressure': 0.0, 'switches': 0.0, 'emission': 0.304}, raw_metrics:{'fairness': 0.0, 'emission': 85.307, 'fuel': 27.655, 'emergency_stops': 7.0, 'collisions': 0.0, 'ssm_conflicts': 189.0}
REAL_TRAIN step:187, travel time:99.75924802910855, q_loss:0.036652066, rewards:-6.2597265, queue:2.4472222, delay:0.2547795, throughput:1616, raw_metrics:{'fairness': 0.0, 'emission': 87.19, 'fuel': 28.266, 'emergency_stops': 1.0, 'collisions': 0.0, 'ssm_conflicts': 187.0}
real step:3600/3600
episode:187/200, oracle_loss:0.036652066
REAL_TRAIN step:188, travel time:70.25469483568075, q_loss:0.038069878, rewards:-6.1755567, queue:2.386111, delay:0.25237337, throughput:1662, raw_metrics:{'fairness': 0.0, 'emission': 86.517, 'fuel': 28.048, 'emergency_stops': 4.0, 'collisions': 0.0, 'ssm_conflicts': 176.0}
real step:3600/3600
episode:188/200, oracle_loss:0.038069878
REAL_TEST step:188, travel time:124.54258241758242, q_loss:100, rewards:-6.09583, queue:2.4277778, delay:0.26135668, throughput:1403, R_real:-0.3293, components:{'queue': 0.013, 'delay': 0.0, 'waiting': 0.0, 'pressure': 0.0, 'switches': 0.0, 'emission': 0.316}, raw_metrics:{'fairness': 0.0, 'emission': 81.85, 'fuel': 26.535, 'emergency_stops': 3.0, 'collisions': 0.0, 'ssm_conflicts': 153.0}
REAL_TRAIN step:189, travel time:74.91555285540704, q_loss:0.033753455, rewards:-6.1102805, queue:2.2972221, delay:0.24653928, throughput:1596, raw_metrics:{'fairness': 0.0, 'emission': 85.143, 'fuel': 27.602, 'emergency_stops': 2.0, 'collisions': 0.0, 'ssm_conflicts': 191.0}
real step:3600/3600
episode:189/200, oracle_loss:0.033753455
REAL_TRAIN step:190, travel time:118.43947368421053, q_loss:0.031999163, rewards:-6.211944, queue:2.5444446, delay:0.2568235, throughput:1466, raw_metrics:{'fairness': 0.0, 'emission': 83.39, 'fuel': 27.034, 'emergency_stops': 2.0, 'collisions': 0.0, 'ssm_conflicts': 190.0}
real step:3600/3600
episode:190/200, oracle_loss:0.031999163
REAL_TEST step:190, travel time:119.74382921947965, q_loss:100, rewards:-6.095833, queue:2.4583333, delay:0.26402327, throughput:1443, R_real:-0.3306, components:{'queue': 0.014, 'delay': 0.0, 'waiting': 0.0, 'pressure': 0.0, 'switches': 0.0, 'emission': 0.317}, raw_metrics:{'fairness': 0.0, 'emission': 81.469, 'fuel': 26.411, 'emergency_stops': 4.0, 'collisions': 0.0, 'ssm_conflicts': 135.0}
REAL_TRAIN step:191, travel time:118.98303979125897, q_loss:0.035665587, rewards:-6.154448, queue:2.5055556, delay:0.25662586, throughput:1481, raw_metrics:{'fairness': 0.0, 'emission': 83.196, 'fuel': 26.971, 'emergency_stops': 4.0, 'collisions': 1.0, 'ssm_conflicts': 161.0}
real step:3600/3600
episode:191/200, oracle_loss:0.035665587
REAL_TRAIN step:192, travel time:103.65206662553979, q_loss:0.032905314, rewards:-6.257779, queue:2.4944444, delay:0.25451308, throughput:1575, raw_metrics:{'fairness': 0.0, 'emission': 86.134, 'fuel': 27.923, 'emergency_stops': 4.0, 'collisions': 0.0, 'ssm_conflicts': 183.0}
real step:3600/3600
episode:192/200, oracle_loss:0.032905314
REAL_TEST step:192, travel time:132.38282387190685, q_loss:100, rewards:-6.0163884, queue:2.411111, delay:0.24259883, throughput:1318, R_real:-0.3280, components:{'queue': 0.013, 'delay': 0.0, 'waiting': 0.0, 'pressure': 0.0, 'switches': 0.0, 'emission': 0.315}, raw_metrics:{'fairness': 0.0, 'emission': 78.428, 'fuel': 25.425, 'emergency_stops': 4.0, 'collisions': 0.0, 'ssm_conflicts': 143.0}
REAL_TRAIN step:193, travel time:117.0520694259012, q_loss:0.03488391, rewards:-6.023055, queue:2.3444445, delay:0.25220552, throughput:1442, raw_metrics:{'fairness': 0.0, 'emission': 81.943, 'fuel': 26.565, 'emergency_stops': 2.0, 'collisions': 0.0, 'ssm_conflicts': 172.0}
real step:3600/3600
episode:193/200, oracle_loss:0.03488391
REAL_TRAIN step:194, travel time:95.62575210589651, q_loss:0.030842805, rewards:-6.1900005, queue:2.4666667, delay:0.24938986, throughput:1624, raw_metrics:{'fairness': 0.0, 'emission': 86.478, 'fuel': 28.035, 'emergency_stops': 1.0, 'collisions': 0.0, 'ssm_conflicts': 143.0}
real step:3600/3600
episode:194/200, oracle_loss:0.030842805
REAL_TEST step:194, travel time:107.39481996209729, q_loss:100, rewards:-6.0055537, queue:2.2722223, delay:0.2644033, throughput:1535, R_real:-0.3253, components:{'queue': 0.012, 'delay': 0.0, 'waiting': 0.0, 'pressure': 0.0, 'switches': 0.0, 'emission': 0.313}, raw_metrics:{'fairness': 0.0, 'emission': 84.483, 'fuel': 27.388, 'emergency_stops': 2.0, 'collisions': 0.0, 'ssm_conflicts': 152.0}
REAL_TRAIN step:195, travel time:120.08704318936877, q_loss:0.033294234, rewards:-6.135001, queue:2.4027777, delay:0.25470746, throughput:1450, raw_metrics:{'fairness': 0.0, 'emission': 82.672, 'fuel': 26.801, 'emergency_stops': 2.0, 'collisions': 0.0, 'ssm_conflicts': 169.0}
real step:3600/3600
episode:195/200, oracle_loss:0.033294234
REAL_TRAIN step:196, travel time:103.75485436893204, q_loss:0.03462418, rewards:-6.362777, queue:2.5972223, delay:0.2524452, throughput:1623, raw_metrics:{'fairness': 0.0, 'emission': 88.085, 'fuel': 28.556, 'emergency_stops': 5.0, 'collisions': 0.0, 'ssm_conflicts': 198.0}
real step:3600/3600
episode:196/200, oracle_loss:0.03462418
REAL_TEST step:196, travel time:140.573732718894, q_loss:100, rewards:-5.726947, queue:2.1666667, delay:0.25053447, throughput:1246, R_real:-0.3199, components:{'queue': 0.012, 'delay': 0.0, 'waiting': 0.0, 'pressure': 0.0, 'switches': 0.0, 'emission': 0.308}, raw_metrics:{'fairness': 0.0, 'emission': 74.569, 'fuel': 24.174, 'emergency_stops': 1.0, 'collisions': 0.0, 'ssm_conflicts': 117.0}
REAL_TRAIN step:197, travel time:119.00133155792277, q_loss:0.03372115, rewards:-5.959999, queue:2.2916667, delay:0.2511757, throughput:1453, raw_metrics:{'fairness': 0.0, 'emission': 82.06, 'fuel': 26.603, 'emergency_stops': 2.0, 'collisions': 0.0, 'ssm_conflicts': 156.0}
real step:3600/3600
episode:197/200, oracle_loss:0.03372115
REAL_TRAIN step:198, travel time:93.52692075015123, q_loss:0.03526518, rewards:-5.9141665, queue:2.161111, delay:0.240958, throughput:1607, raw_metrics:{'fairness': 0.0, 'emission': 84.23, 'fuel': 27.306, 'emergency_stops': 2.0, 'collisions': 0.0, 'ssm_conflicts': 152.0}
real step:3600/3600
episode:198/200, oracle_loss:0.03526518
REAL_TEST step:198, travel time:94.45616113744076, q_loss:100, rewards:-6.2363906, queue:2.463889, delay:0.2636128, throughput:1642, R_real:-0.3338, components:{'queue': 0.014, 'delay': 0.0, 'waiting': 0.0, 'pressure': 0.0, 'switches': 0.0, 'emission': 0.32}, raw_metrics:{'fairness': 0.0, 'emission': 86.385, 'fuel': 28.005, 'emergency_stops': 2.0, 'collisions': 0.0, 'ssm_conflicts': 157.0}
REAL_TRAIN step:199, travel time:115.22026143790849, q_loss:0.034776993, rewards:-5.7869453, queue:2.1111112, delay:0.24866506, throughput:1479, raw_metrics:{'fairness': 0.0, 'emission': 80.994, 'fuel': 26.257, 'emergency_stops': 4.0, 'collisions': 0.0, 'ssm_conflicts': 125.0}
real step:3600/3600
episode:199/200, oracle_loss:0.034776993
Saved method state to data/output_data/sim2real_rewards/cityflow_presslight/ingolstadt1/oracle_v1_reward_oracle_emission_heavy_s0/model/ingolstadt1_emission_heavy_presslight_reward_oracle/method_state.json
real rollouts used: 200/200
REAL_TEST step:0, travel time:146.12570056044837, q_loss:100, rewards:-5.55639, queue:2.025, delay:0.25840586, throughput:1195, R_real:-0.3146, components:{'queue': 0.011, 'delay': 0.0, 'waiting': 0.0, 'pressure': 0.0, 'switches': 0.0, 'emission': 0.304}, raw_metrics:{'fairness': 0.0, 'emission': 72.032, 'fuel': 23.352, 'emergency_stops': 0.0, 'collisions': 0.0, 'ssm_conflicts': 112.0}
Total time taken: 1063.8245434761047
