REAL_TRAIN step:0, travel time:202.89439853076217, q_loss:0, rewards:-20.988602, queue:17.936111, delay:0.4431351, throughput:1019, raw_metrics:{'fairness': 75.0, 'emission': 147.452, 'fuel': 47.803, 'emergency_stops': 1.0, 'collisions': 0.0, 'ssm_conflicts': 240.0}
real step:3600/3600
episode:0/200, oracle_loss:0
REAL_TRAIN step:1, travel time:197.22410714285715, q_loss:0, rewards:-21.75666, queue:18.719444, delay:0.46053833, throughput:1047, raw_metrics:{'fairness': 39.0, 'emission': 152.791, 'fuel': 49.533, 'emergency_stops': 5.0, 'collisions': 0.0, 'ssm_conflicts': 274.0}
real step:3600/3600
episode:1/200, oracle_loss:0
REAL_TRAIN step:2, travel time:145.9663526244953, q_loss:25.066883, rewards:-20.199717, queue:16.480556, delay:0.4245517, throughput:1454, raw_metrics:{'fairness': 0.0, 'emission': 158.71, 'fuel': 51.452, 'emergency_stops': 3.0, 'collisions': 0.0, 'ssm_conflicts': 445.0}
real step:3600/3600
episode:2/200, oracle_loss:25.066883
REAL_TEST step:2, travel time:41.91895043731778, q_loss:100, rewards:-7.0808363, queue:2.8583333, delay:0.20815918, throughput:1703, R_real:-1.4040, components:{'queue': 0.013, 'delay': 0.0, 'waiting': 0.05, 'pressure': 0.0, 'switches': 0.0, 'fairness': 1.34}, raw_metrics:{'fairness': 0.0, 'emission': 91.461, 'fuel': 29.65, 'emergency_stops': 6.0, 'collisions': 0.0, 'ssm_conflicts': 380.0}
REAL_TRAIN step:3, travel time:145.50284321689682, q_loss:10.250902, rewards:-7.2597227, queue:3.6861112, delay:0.27602312, throughput:1177, raw_metrics:{'fairness': 0.0, 'emission': 80.204, 'fuel': 26.001, 'emergency_stops': 1.0, 'collisions': 0.0, 'ssm_conflicts': 136.0}
real step:3600/3600
episode:3/200, oracle_loss:10.250902
REAL_TRAIN step:4, travel time:155.77740863787375, q_loss:16.415663, rewards:-6.0597215, queue:2.5277777, delay:0.27288982, throughput:1150, raw_metrics:{'fairness': 0.0, 'emission': 72.78, 'fuel': 23.594, 'emergency_stops': 0.0, 'collisions': 0.0, 'ssm_conflicts': 121.0}
real step:3600/3600
episode:4/200, oracle_loss:16.415663
REAL_TEST step:4, travel time:158.18524727577537, q_loss:100, rewards:-5.9174995, queue:2.3833334, delay:0.28350767, throughput:1138, R_real:-4.5407, components:{'queue': 0.013, 'delay': 0.0, 'waiting': 3.411, 'pressure': 0.0, 'switches': 0.0, 'fairness': 1.117}, raw_metrics:{'fairness': 0.0, 'emission': 71.737, 'fuel': 23.256, 'emergency_stops': 0.0, 'collisions': 0.0, 'ssm_conflicts': 120.0}
REAL_TRAIN step:5, travel time:82.5731778425656, q_loss:17.451488, rewards:-5.964166, queue:2.0555556, delay:0.20291485, throughput:1702, raw_metrics:{'fairness': 0.0, 'emission': 85.38, 'fuel': 27.679, 'emergency_stops': 2.0, 'collisions': 0.0, 'ssm_conflicts': 211.0}
real step:3600/3600
episode:5/200, oracle_loss:17.451488
REAL_TRAIN step:6, travel time:38.133527696793, q_loss:13.59162, rewards:-5.298333, queue:1.3833333, delay:0.16125652, throughput:1697, raw_metrics:{'fairness': 0.0, 'emission': 81.758, 'fuel': 26.505, 'emergency_stops': 3.0, 'collisions': 0.0, 'ssm_conflicts': 247.0}
real step:3600/3600
episode:6/200, oracle_loss:13.59162
REAL_TEST step:6, travel time:55.04431486880466, q_loss:100, rewards:-6.27722, queue:2.3888888, delay:0.235833, throughput:1691, R_real:-0.5627, components:{'queue': 0.013, 'delay': 0.0, 'waiting': 0.05, 'pressure': 0.0, 'switches': 0.0, 'fairness': 0.5}, raw_metrics:{'fairness': 0.0, 'emission': 87.642, 'fuel': 28.412, 'emergency_stops': 7.0, 'collisions': 0.0, 'ssm_conflicts': 226.0}
REAL_TRAIN step:7, travel time:43.840816326530614, q_loss:10.572998, rewards:-5.780556, queue:1.8472222, delay:0.20656753, throughput:1703, raw_metrics:{'fairness': 0.0, 'emission': 84.648, 'fuel': 27.442, 'emergency_stops': 5.0, 'collisions': 0.0, 'ssm_conflicts': 218.0}
real step:3600/3600
episode:7/200, oracle_loss:10.572998
REAL_TRAIN step:8, travel time:52.755399883245765, q_loss:8.618815, rewards:-6.2913895, queue:2.3777778, delay:0.23214501, throughput:1691, raw_metrics:{'fairness': 0.0, 'emission': 87.767, 'fuel': 28.453, 'emergency_stops': 6.0, 'collisions': 0.0, 'ssm_conflicts': 241.0}
real step:3600/3600
episode:8/200, oracle_loss:8.618815
REAL_TEST step:8, travel time:67.17050147492625, q_loss:100, rewards:-6.956667, queue:3.0277777, delay:0.27160022, throughput:1667, R_real:-0.7336, components:{'queue': 0.016, 'delay': 0.0, 'waiting': 0.078, 'pressure': 0.0, 'switches': 0.0, 'fairness': 0.64}, raw_metrics:{'fairness': 0.0, 'emission': 91.471, 'fuel': 29.654, 'emergency_stops': 4.0, 'collisions': 0.0, 'ssm_conflicts': 270.0}
REAL_TRAIN step:9, travel time:54.08163265306123, q_loss:7.406795, rewards:-6.3386116, queue:2.4, delay:0.24329026, throughput:1699, raw_metrics:{'fairness': 0.0, 'emission': 87.768, 'fuel': 28.453, 'emergency_stops': 2.0, 'collisions': 0.0, 'ssm_conflicts': 251.0}
real step:3600/3600
episode:9/200, oracle_loss:7.406795
REAL_TRAIN step:10, travel time:52.9603498542274, q_loss:7.0521336, rewards:-6.2113905, queue:2.3027778, delay:0.22565927, throughput:1697, raw_metrics:{'fairness': 0.0, 'emission': 86.903, 'fuel': 28.173, 'emergency_stops': 5.0, 'collisions': 0.0, 'ssm_conflicts': 243.0}
real step:3600/3600
episode:10/200, oracle_loss:7.0521336
REAL_TEST step:10, travel time:62.83783783783784, q_loss:100, rewards:-6.5505533, queue:2.6388888, delay:0.25343078, throughput:1674, R_real:-0.6792, components:{'queue': 0.014, 'delay': 0.0, 'waiting': 0.073, 'pressure': 0.0, 'switches': 0.0, 'fairness': 0.592}, raw_metrics:{'fairness': 0.0, 'emission': 89.112, 'fuel': 28.889, 'emergency_stops': 6.0, 'collisions': 0.0, 'ssm_conflicts': 224.0}
REAL_TRAIN step:11, travel time:50.202332361516035, q_loss:6.127694, rewards:-5.8530574, queue:1.9361111, delay:0.21620674, throughput:1705, raw_metrics:{'fairness': 0.0, 'emission': 85.049, 'fuel': 27.572, 'emergency_stops': 3.0, 'collisions': 0.0, 'ssm_conflicts': 214.0}
real step:3600/3600
episode:11/200, oracle_loss:6.127694
REAL_TRAIN step:12, travel time:52.66122448979592, q_loss:5.7599134, rewards:-6.156667, queue:2.261111, delay:0.22416507, throughput:1702, raw_metrics:{'fairness': 0.0, 'emission': 86.729, 'fuel': 28.116, 'emergency_stops': 2.0, 'collisions': 0.0, 'ssm_conflicts': 238.0}
real step:3600/3600
episode:12/200, oracle_loss:5.7599134
REAL_TEST step:12, travel time:47.44314868804665, q_loss:100, rewards:-5.960555, queue:2.0805554, delay:0.22738582, throughput:1698, R_real:-0.5395, components:{'queue': 0.011, 'delay': 0.0, 'waiting': 0.042, 'pressure': 0.0, 'switches': 0.0, 'fairness': 0.486}, raw_metrics:{'fairness': 164.0, 'emission': 85.663, 'fuel': 27.771, 'emergency_stops': 3.0, 'collisions': 0.0, 'ssm_conflicts': 207.0}
REAL_TRAIN step:13, travel time:52.0402332361516, q_loss:5.257947, rewards:-6.0099974, queue:2.136111, delay:0.2225391, throughput:1705, raw_metrics:{'fairness': 0.0, 'emission': 86.019, 'fuel': 27.886, 'emergency_stops': 4.0, 'collisions': 0.0, 'ssm_conflicts': 204.0}
real step:3600/3600
episode:13/200, oracle_loss:5.257947
REAL_TRAIN step:14, travel time:49.40174927113703, q_loss:4.6090665, rewards:-6.146386, queue:2.2805555, delay:0.22657289, throughput:1701, raw_metrics:{'fairness': 0.0, 'emission': 86.799, 'fuel': 28.139, 'emergency_stops': 5.0, 'collisions': 0.0, 'ssm_conflicts': 210.0}
real step:3600/3600
episode:14/200, oracle_loss:4.6090665
REAL_TEST step:14, travel time:51.44314868804665, q_loss:100, rewards:-5.8180547, queue:1.9694444, delay:0.21161447, throughput:1704, R_real:-0.4166, components:{'queue': 0.01, 'delay': 0.0, 'waiting': 0.045, 'pressure': 0.0, 'switches': 0.0, 'fairness': 0.362}, raw_metrics:{'fairness': 0.0, 'emission': 84.588, 'fuel': 27.422, 'emergency_stops': 6.0, 'collisions': 0.0, 'ssm_conflicts': 205.0}
REAL_TRAIN step:15, travel time:53.10553935860058, q_loss:4.040542, rewards:-6.0299993, queue:2.1583333, delay:0.22128478, throughput:1704, raw_metrics:{'fairness': 0.0, 'emission': 85.935, 'fuel': 27.859, 'emergency_stops': 3.0, 'collisions': 0.0, 'ssm_conflicts': 207.0}
real step:3600/3600
episode:15/200, oracle_loss:4.040542
REAL_TRAIN step:16, travel time:52.969096209912536, q_loss:2.9709077, rewards:-5.987777, queue:2.213889, delay:0.22661361, throughput:1701, raw_metrics:{'fairness': 0.0, 'emission': 85.76, 'fuel': 27.802, 'emergency_stops': 5.0, 'collisions': 0.0, 'ssm_conflicts': 194.0}
real step:3600/3600
episode:16/200, oracle_loss:2.9709077
REAL_TEST step:16, travel time:48.38192419825073, q_loss:100, rewards:-5.8680553, queue:2.036111, delay:0.21432891, throughput:1703, R_real:-0.4588, components:{'queue': 0.011, 'delay': 0.0, 'waiting': 0.041, 'pressure': 0.0, 'switches': 0.0, 'fairness': 0.407}, raw_metrics:{'fairness': 0.0, 'emission': 84.937, 'fuel': 27.535, 'emergency_stops': 3.0, 'collisions': 0.0, 'ssm_conflicts': 190.0}
REAL_TRAIN step:17, travel time:47.903790087463555, q_loss:2.034207, rewards:-5.9825, queue:2.1222222, delay:0.22116666, throughput:1699, raw_metrics:{'fairness': 0.0, 'emission': 85.558, 'fuel': 27.737, 'emergency_stops': 4.0, 'collisions': 0.0, 'ssm_conflicts': 224.0}
real step:3600/3600
episode:17/200, oracle_loss:2.034207
REAL_TRAIN step:18, travel time:48.39941690962099, q_loss:1.1163383, rewards:-5.85, queue:1.9666667, delay:0.2125515, throughput:1694, raw_metrics:{'fairness': 0.0, 'emission': 85.199, 'fuel': 27.62, 'emergency_stops': 6.0, 'collisions': 0.0, 'ssm_conflicts': 190.0}
real step:3600/3600
episode:18/200, oracle_loss:1.1163383
REAL_TEST step:18, travel time:57.918319719953324, q_loss:100, rewards:-6.2513905, queue:2.375, delay:0.23200521, throughput:1687, R_real:-0.4212, components:{'queue': 0.013, 'delay': 0.0, 'waiting': 0.054, 'pressure': 0.0, 'switches': 0.0, 'fairness': 0.355}, raw_metrics:{'fairness': 0.0, 'emission': 87.609, 'fuel': 28.402, 'emergency_stops': 5.0, 'collisions': 0.0, 'ssm_conflicts': 200.0}
REAL_TRAIN step:19, travel time:50.288046647230324, q_loss:0.77018374, rewards:-5.870276, queue:2.0194445, delay:0.20700291, throughput:1703, raw_metrics:{'fairness': 0.0, 'emission': 84.905, 'fuel': 27.525, 'emergency_stops': 4.0, 'collisions': 0.0, 'ssm_conflicts': 201.0}
real step:3600/3600
episode:19/200, oracle_loss:0.77018374
REAL_TRAIN step:20, travel time:46.01865889212828, q_loss:0.70758164, rewards:-5.600556, queue:1.7444445, delay:0.1990752, throughput:1702, raw_metrics:{'fairness': 0.0, 'emission': 83.667, 'fuel': 27.124, 'emergency_stops': 3.0, 'collisions': 0.0, 'ssm_conflicts': 187.0}
real step:3600/3600
episode:20/200, oracle_loss:0.70758164
REAL_TEST step:20, travel time:45.19183673469388, q_loss:100, rewards:-5.7683334, queue:1.8722222, delay:0.20420636, throughput:1702, R_real:-0.3448, components:{'queue': 0.01, 'delay': 0.0, 'waiting': 0.036, 'pressure': 0.0, 'switches': 0.0, 'fairness': 0.299}, raw_metrics:{'fairness': 0.0, 'emission': 84.556, 'fuel': 27.412, 'emergency_stops': 6.0, 'collisions': 0.0, 'ssm_conflicts': 208.0}
REAL_TRAIN step:21, travel time:46.970845481049565, q_loss:0.6881364, rewards:-5.5252786, queue:1.6722223, delay:0.18752149, throughput:1703, raw_metrics:{'fairness': 0.0, 'emission': 83.025, 'fuel': 26.916, 'emergency_stops': 3.0, 'collisions': 1.0, 'ssm_conflicts': 203.0}
real step:3600/3600
episode:21/200, oracle_loss:0.6881364
REAL_TRAIN step:22, travel time:45.411661807580174, q_loss:0.7074513, rewards:-5.5269427, queue:1.6388888, delay:0.19361681, throughput:1698, raw_metrics:{'fairness': 0.0, 'emission': 83.176, 'fuel': 26.964, 'emergency_stops': 7.0, 'collisions': 0.0, 'ssm_conflicts': 186.0}
real step:3600/3600
episode:22/200, oracle_loss:0.7074513
REAL_TEST step:22, travel time:42.08221574344023, q_loss:100, rewards:-5.4708347, queue:1.6194445, delay:0.18930861, throughput:1705, R_real:-0.3841, components:{'queue': 0.008, 'delay': 0.0, 'waiting': 0.031, 'pressure': 0.0, 'switches': 0.0, 'fairness': 0.345}, raw_metrics:{'fairness': 0.0, 'emission': 82.455, 'fuel': 26.731, 'emergency_stops': 2.0, 'collisions': 0.0, 'ssm_conflicts': 184.0}
REAL_TRAIN step:23, travel time:45.303790087463554, q_loss:0.688339, rewards:-5.6391654, queue:1.7472222, delay:0.20330995, throughput:1702, raw_metrics:{'fairness': 0.0, 'emission': 83.891, 'fuel': 27.196, 'emergency_stops': 6.0, 'collisions': 0.0, 'ssm_conflicts': 197.0}
real step:3600/3600
episode:23/200, oracle_loss:0.688339
REAL_TRAIN step:24, travel time:48.351020408163265, q_loss:0.6735676, rewards:-5.689167, queue:1.7555555, delay:0.2045045, throughput:1705, raw_metrics:{'fairness': 0.0, 'emission': 84.36, 'fuel': 27.348, 'emergency_stops': 4.0, 'collisions': 0.0, 'ssm_conflicts': 217.0}
real step:3600/3600
episode:24/200, oracle_loss:0.6735676
REAL_TEST step:24, travel time:44.7597667638484, q_loss:100, rewards:-5.504442, queue:1.7055556, delay:0.19589771, throughput:1703, R_real:-0.4485, components:{'queue': 0.009, 'delay': 0.0, 'waiting': 0.033, 'pressure': 0.0, 'switches': 0.0, 'fairness': 0.407}, raw_metrics:{'fairness': 0.0, 'emission': 83.047, 'fuel': 26.923, 'emergency_stops': 5.0, 'collisions': 0.0, 'ssm_conflicts': 177.0}
REAL_TRAIN step:25, travel time:40.57900874635568, q_loss:0.64204794, rewards:-5.2958345, queue:1.4222223, delay:0.1961177, throughput:1698, raw_metrics:{'fairness': 0.0, 'emission': 82.202, 'fuel': 26.649, 'emergency_stops': 5.0, 'collisions': 0.0, 'ssm_conflicts': 205.0}
real step:3600/3600
episode:25/200, oracle_loss:0.64204794
REAL_TRAIN step:26, travel time:39.393586005830905, q_loss:0.6863912, rewards:-5.46861, queue:1.5861111, delay:0.18852103, throughput:1705, raw_metrics:{'fairness': 0.0, 'emission': 83.047, 'fuel': 26.923, 'emergency_stops': 5.0, 'collisions': 0.0, 'ssm_conflicts': 216.0}
real step:3600/3600
episode:26/200, oracle_loss:0.6863912
REAL_TEST step:26, travel time:43.117784256559766, q_loss:100, rewards:-5.6363897, queue:1.725, delay:0.21103513, throughput:1703, R_real:-0.3586, components:{'queue': 0.009, 'delay': 0.0, 'waiting': 0.029, 'pressure': 0.0, 'switches': 0.0, 'fairness': 0.32}, raw_metrics:{'fairness': 0.0, 'emission': 84.552, 'fuel': 27.411, 'emergency_stops': 4.0, 'collisions': 0.0, 'ssm_conflicts': 239.0}
REAL_TRAIN step:27, travel time:42.7201166180758, q_loss:0.6460365, rewards:-5.52528, queue:1.6888889, delay:0.20629548, throughput:1705, raw_metrics:{'fairness': 0.0, 'emission': 83.54, 'fuel': 27.083, 'emergency_stops': 5.0, 'collisions': 0.0, 'ssm_conflicts': 203.0}
real step:3600/3600
episode:27/200, oracle_loss:0.6460365
REAL_TRAIN step:28, travel time:40.903206997084546, q_loss:0.70530844, rewards:-5.626668, queue:1.7472222, delay:0.19903384, throughput:1702, raw_metrics:{'fairness': 0.0, 'emission': 83.96, 'fuel': 27.218, 'emergency_stops': 6.0, 'collisions': 0.0, 'ssm_conflicts': 215.0}
real step:3600/3600
episode:28/200, oracle_loss:0.70530844
REAL_TEST step:28, travel time:43.053644314868805, q_loss:100, rewards:-5.6297235, queue:1.675, delay:0.20019738, throughput:1703, R_real:-0.3662, components:{'queue': 0.009, 'delay': 0.0, 'waiting': 0.026, 'pressure': 0.0, 'switches': 0.0, 'fairness': 0.331}, raw_metrics:{'fairness': 0.0, 'emission': 84.041, 'fuel': 27.245, 'emergency_stops': 6.0, 'collisions': 0.0, 'ssm_conflicts': 250.0}
REAL_TRAIN step:29, travel time:49.84839650145773, q_loss:0.6522669, rewards:-5.6113887, queue:1.7722223, delay:0.20675111, throughput:1705, raw_metrics:{'fairness': 0.0, 'emission': 83.696, 'fuel': 27.133, 'emergency_stops': 6.0, 'collisions': 1.0, 'ssm_conflicts': 164.0}
real step:3600/3600
episode:29/200, oracle_loss:0.6522669
REAL_TRAIN step:30, travel time:51.985431235431236, q_loss:0.63040376, rewards:-5.5902786, queue:1.7638888, delay:0.20299579, throughput:1705, raw_metrics:{'fairness': 0.0, 'emission': 83.593, 'fuel': 27.1, 'emergency_stops': 4.0, 'collisions': 0.0, 'ssm_conflicts': 190.0}
real step:3600/3600
episode:30/200, oracle_loss:0.63040376
REAL_TEST step:30, travel time:49.23556851311953, q_loss:100, rewards:-5.535833, queue:1.7, delay:0.20696373, throughput:1703, R_real:-0.4209, components:{'queue': 0.009, 'delay': 0.0, 'waiting': 0.036, 'pressure': 0.0, 'switches': 0.0, 'fairness': 0.376}, raw_metrics:{'fairness': 0.0, 'emission': 83.373, 'fuel': 27.028, 'emergency_stops': 5.0, 'collisions': 0.0, 'ssm_conflicts': 178.0}
REAL_TRAIN step:31, travel time:50.714285714285715, q_loss:0.63026404, rewards:-5.5836105, queue:1.675, delay:0.20536132, throughput:1703, raw_metrics:{'fairness': 0.0, 'emission': 83.489, 'fuel': 27.066, 'emergency_stops': 5.0, 'collisions': 0.0, 'ssm_conflicts': 189.0}
real step:3600/3600
episode:31/200, oracle_loss:0.63026404
REAL_TRAIN step:32, travel time:51.74227405247814, q_loss:0.66351885, rewards:-5.8083334, queue:1.8666667, delay:0.21812992, throughput:1705, raw_metrics:{'fairness': 0.0, 'emission': 84.912, 'fuel': 27.527, 'emergency_stops': 4.0, 'collisions': 0.0, 'ssm_conflicts': 188.0}
real step:3600/3600
episode:32/200, oracle_loss:0.66351885
REAL_TEST step:32, travel time:40.68454810495627, q_loss:100, rewards:-5.416665, queue:1.4666667, delay:0.18870614, throughput:1703, R_real:-0.3813, components:{'queue': 0.008, 'delay': 0.0, 'waiting': 0.024, 'pressure': 0.0, 'switches': 0.0, 'fairness': 0.349}, raw_metrics:{'fairness': 0.0, 'emission': 82.825, 'fuel': 26.851, 'emergency_stops': 7.0, 'collisions': 0.0, 'ssm_conflicts': 224.0}
REAL_TRAIN step:33, travel time:50.24139941690962, q_loss:0.6933337, rewards:-5.4983325, queue:1.6472223, delay:0.19562471, throughput:1703, raw_metrics:{'fairness': 0.0, 'emission': 83.051, 'fuel': 26.924, 'emergency_stops': 4.0, 'collisions': 0.0, 'ssm_conflicts': 207.0}
real step:3600/3600
episode:33/200, oracle_loss:0.6933337
REAL_TRAIN step:34, travel time:49.31253644314869, q_loss:0.7255856, rewards:-5.4844437, queue:1.625, delay:0.20408715, throughput:1704, raw_metrics:{'fairness': 0.0, 'emission': 83.095, 'fuel': 26.938, 'emergency_stops': 2.0, 'collisions': 0.0, 'ssm_conflicts': 193.0}
real step:3600/3600
episode:34/200, oracle_loss:0.7255856
REAL_TEST step:34, travel time:47.117784256559766, q_loss:100, rewards:-5.5077786, queue:1.5666667, delay:0.19637638, throughput:1703, R_real:-0.4079, components:{'queue': 0.008, 'delay': 0.0, 'waiting': 0.033, 'pressure': 0.0, 'switches': 0.0, 'fairness': 0.367}, raw_metrics:{'fairness': 0.0, 'emission': 83.5, 'fuel': 27.07, 'emergency_stops': 4.0, 'collisions': 0.0, 'ssm_conflicts': 236.0}
REAL_TRAIN step:35, travel time:52.18600583090379, q_loss:0.7583969, rewards:-5.3963876, queue:1.5472223, delay:0.19496685, throughput:1703, raw_metrics:{'fairness': 0.0, 'emission': 82.659, 'fuel': 26.797, 'emergency_stops': 3.0, 'collisions': 0.0, 'ssm_conflicts': 188.0}
real step:3600/3600
episode:35/200, oracle_loss:0.7583969
REAL_TRAIN step:36, travel time:51.249562682215746, q_loss:0.68534994, rewards:-5.341667, queue:1.5361111, delay:0.1913343, throughput:1688, raw_metrics:{'fairness': 0.0, 'emission': 82.097, 'fuel': 26.615, 'emergency_stops': 2.0, 'collisions': 0.0, 'ssm_conflicts': 183.0}
real step:3600/3600
episode:36/200, oracle_loss:0.68534994
REAL_TEST step:36, travel time:50.16559766763849, q_loss:100, rewards:-5.451946, queue:1.6166667, delay:0.21097293, throughput:1703, R_real:-0.3162, components:{'queue': 0.009, 'delay': 0.0, 'waiting': 0.047, 'pressure': 0.0, 'switches': 0.0, 'fairness': 0.26}, raw_metrics:{'fairness': 0.0, 'emission': 82.91, 'fuel': 26.878, 'emergency_stops': 1.0, 'collisions': 0.0, 'ssm_conflicts': 181.0}
REAL_TRAIN step:37, travel time:50.74227405247814, q_loss:0.6379096, rewards:-5.486111, queue:1.6027777, delay:0.20085394, throughput:1700, raw_metrics:{'fairness': 0.0, 'emission': 83.114, 'fuel': 26.944, 'emergency_stops': 2.0, 'collisions': 0.0, 'ssm_conflicts': 184.0}
real step:3600/3600
episode:37/200, oracle_loss:0.6379096
REAL_TRAIN step:38, travel time:54.560349854227404, q_loss:0.64275247, rewards:-5.5025, queue:1.675, delay:0.21383607, throughput:1676, raw_metrics:{'fairness': 0.0, 'emission': 82.783, 'fuel': 26.837, 'emergency_stops': 2.0, 'collisions': 0.0, 'ssm_conflicts': 165.0}
real step:3600/3600
episode:38/200, oracle_loss:0.64275247
REAL_TEST step:38, travel time:62.13005272407733, q_loss:100, rewards:-5.809445, queue:1.9916667, delay:0.22117099, throughput:1668, R_real:-0.4632, components:{'queue': 0.011, 'delay': 0.0, 'waiting': 0.106, 'pressure': 0.0, 'switches': 0.0, 'fairness': 0.346}, raw_metrics:{'fairness': 0.0, 'emission': 84.114, 'fuel': 27.269, 'emergency_stops': 2.0, 'collisions': 0.0, 'ssm_conflicts': 147.0}
REAL_TRAIN step:39, travel time:51.95626822157434, q_loss:0.685104, rewards:-5.3472238, queue:1.4861112, delay:0.19578347, throughput:1704, raw_metrics:{'fairness': 0.0, 'emission': 82.309, 'fuel': 26.683, 'emergency_stops': 1.0, 'collisions': 0.0, 'ssm_conflicts': 174.0}
real step:3600/3600
episode:39/200, oracle_loss:0.685104
REAL_TRAIN step:40, travel time:51.08279883381924, q_loss:0.6132951, rewards:-5.774168, queue:1.8388889, delay:0.21523249, throughput:1701, raw_metrics:{'fairness': 0.0, 'emission': 84.696, 'fuel': 27.457, 'emergency_stops': 8.0, 'collisions': 0.0, 'ssm_conflicts': 209.0}
real step:3600/3600
episode:40/200, oracle_loss:0.6132951
REAL_TEST step:40, travel time:64.06997084548105, q_loss:100, rewards:-6.046946, queue:2.2277777, delay:0.2363744, throughput:1700, R_real:-0.5789, components:{'queue': 0.012, 'delay': 0.0, 'waiting': 0.115, 'pressure': 0.0, 'switches': 0.0, 'fairness': 0.452}, raw_metrics:{'fairness': 0.0, 'emission': 85.98, 'fuel': 27.873, 'emergency_stops': 4.0, 'collisions': 0.0, 'ssm_conflicts': 166.0}
REAL_TRAIN step:41, travel time:52.18717201166181, q_loss:0.5997596, rewards:-5.5113883, queue:1.6416667, delay:0.21002354, throughput:1696, raw_metrics:{'fairness': 0.0, 'emission': 83.207, 'fuel': 26.974, 'emergency_stops': 2.0, 'collisions': 0.0, 'ssm_conflicts': 171.0}
real step:3600/3600
episode:41/200, oracle_loss:0.5997596
REAL_TRAIN step:42, travel time:56.06413994169096, q_loss:0.6207247, rewards:-5.554444, queue:1.6888889, delay:0.21370803, throughput:1698, raw_metrics:{'fairness': 0.0, 'emission': 83.435, 'fuel': 27.049, 'emergency_stops': 3.0, 'collisions': 0.0, 'ssm_conflicts': 163.0}
real step:3600/3600
episode:42/200, oracle_loss:0.6207247
REAL_TEST step:42, travel time:50.66239067055393, q_loss:100, rewards:-5.837499, queue:1.9444444, delay:0.21884939, throughput:1702, R_real:-0.3982, components:{'queue': 0.011, 'delay': 0.0, 'waiting': 0.047, 'pressure': 0.0, 'switches': 0.0, 'fairness': 0.341}, raw_metrics:{'fairness': 0.0, 'emission': 85.361, 'fuel': 27.673, 'emergency_stops': 7.0, 'collisions': 0.0, 'ssm_conflicts': 219.0}
REAL_TRAIN step:43, travel time:52.331778425655976, q_loss:0.62995654, rewards:-5.7391663, queue:1.925, delay:0.20510487, throughput:1702, raw_metrics:{'fairness': 0.0, 'emission': 84.264, 'fuel': 27.317, 'emergency_stops': 2.0, 'collisions': 0.0, 'ssm_conflicts': 178.0}
real step:3600/3600
episode:43/200, oracle_loss:0.62995654
REAL_TRAIN step:44, travel time:52.19941690962099, q_loss:0.6056016, rewards:-5.9163885, queue:2.0138888, delay:0.21579024, throughput:1703, raw_metrics:{'fairness': 0.0, 'emission': 85.523, 'fuel': 27.725, 'emergency_stops': 5.0, 'collisions': 0.0, 'ssm_conflicts': 218.0}
real step:3600/3600
episode:44/200, oracle_loss:0.6056016
REAL_TEST step:44, travel time:48.61166180758018, q_loss:100, rewards:-5.4769444, queue:1.5916667, delay:0.19156036, throughput:1704, R_real:-0.3205, components:{'queue': 0.009, 'delay': 0.0, 'waiting': 0.037, 'pressure': 0.0, 'switches': 0.0, 'fairness': 0.275}, raw_metrics:{'fairness': 0.0, 'emission': 82.928, 'fuel': 26.884, 'emergency_stops': 1.0, 'collisions': 0.0, 'ssm_conflicts': 190.0}
REAL_TRAIN step:45, travel time:50.56351981351981, q_loss:0.6185754, rewards:-5.5463886, queue:1.6722223, delay:0.19677904, throughput:1704, raw_metrics:{'fairness': 0.0, 'emission': 83.396, 'fuel': 27.036, 'emergency_stops': 3.0, 'collisions': 0.0, 'ssm_conflicts': 188.0}
real step:3600/3600
episode:45/200, oracle_loss:0.6185754
REAL_TRAIN step:46, travel time:49.20466472303207, q_loss:0.6430368, rewards:-5.510276, queue:1.6444445, delay:0.19315565, throughput:1705, raw_metrics:{'fairness': 0.0, 'emission': 82.826, 'fuel': 26.851, 'emergency_stops': 1.0, 'collisions': 0.0, 'ssm_conflicts': 173.0}
real step:3600/3600
episode:46/200, oracle_loss:0.6430368
REAL_TEST step:46, travel time:59.546355685131196, q_loss:100, rewards:-5.956109, queue:2.175, delay:0.23305282, throughput:1677, R_real:-0.4464, components:{'queue': 0.012, 'delay': 0.0, 'waiting': 0.095, 'pressure': 0.0, 'switches': 0.0, 'fairness': 0.34}, raw_metrics:{'fairness': 0.0, 'emission': 85.185, 'fuel': 27.616, 'emergency_stops': 6.0, 'collisions': 0.0, 'ssm_conflicts': 151.0}
REAL_TRAIN step:47, travel time:55.39591836734694, q_loss:0.71039015, rewards:-5.4225006, queue:1.6305555, delay:0.21013004, throughput:1699, raw_metrics:{'fairness': 0.0, 'emission': 82.508, 'fuel': 26.748, 'emergency_stops': 2.0, 'collisions': 0.0, 'ssm_conflicts': 146.0}
real step:3600/3600
episode:47/200, oracle_loss:0.71039015
REAL_TRAIN step:48, travel time:51.715451895043735, q_loss:0.68496567, rewards:-5.519722, queue:1.7, delay:0.20909278, throughput:1705, raw_metrics:{'fairness': 0.0, 'emission': 83.108, 'fuel': 26.942, 'emergency_stops': 4.0, 'collisions': 0.0, 'ssm_conflicts': 184.0}
real step:3600/3600
episode:48/200, oracle_loss:0.68496567
REAL_TEST step:48, travel time:48.438483965014576, q_loss:100, rewards:-5.573054, queue:1.7444445, delay:0.20439546, throughput:1704, R_real:-0.3862, components:{'queue': 0.009, 'delay': 0.0, 'waiting': 0.042, 'pressure': 0.0, 'switches': 0.0, 'fairness': 0.335}, raw_metrics:{'fairness': 0.0, 'emission': 83.314, 'fuel': 27.009, 'emergency_stops': 4.0, 'collisions': 0.0, 'ssm_conflicts': 170.0}
REAL_TRAIN step:49, travel time:49.48396501457726, q_loss:0.7396298, rewards:-5.8924966, queue:1.975, delay:0.21466972, throughput:1705, raw_metrics:{'fairness': 0.0, 'emission': 85.157, 'fuel': 27.607, 'emergency_stops': 4.0, 'collisions': 0.0, 'ssm_conflicts': 204.0}
real step:3600/3600
episode:49/200, oracle_loss:0.7396298
REAL_TRAIN step:50, travel time:51.42031523642732, q_loss:0.6642502, rewards:-5.9213886, queue:2.0777779, delay:0.21267745, throughput:1674, raw_metrics:{'fairness': 0.0, 'emission': 84.916, 'fuel': 27.528, 'emergency_stops': 2.0, 'collisions': 0.0, 'ssm_conflicts': 191.0}
real step:3600/3600
episode:50/200, oracle_loss:0.6642502
REAL_TEST step:50, travel time:62.65189504373178, q_loss:100, rewards:-6.042225, queue:2.2722223, delay:0.22394437, throughput:1679, R_real:-0.5957, components:{'queue': 0.012, 'delay': 0.0, 'waiting': 0.142, 'pressure': 0.0, 'switches': 0.0, 'fairness': 0.442}, raw_metrics:{'fairness': 0.0, 'emission': 84.905, 'fuel': 27.525, 'emergency_stops': 4.0, 'collisions': 0.0, 'ssm_conflicts': 140.0}
REAL_TRAIN step:51, travel time:51.816326530612244, q_loss:0.6646314, rewards:-5.6325006, queue:1.7888889, delay:0.20552485, throughput:1705, raw_metrics:{'fairness': 0.0, 'emission': 83.885, 'fuel': 27.194, 'emergency_stops': 10.0, 'collisions': 0.0, 'ssm_conflicts': 189.0}
real step:3600/3600
episode:51/200, oracle_loss:0.6646314
REAL_TRAIN step:52, travel time:50.55160349854227, q_loss:0.68251354, rewards:-5.685555, queue:1.8666667, delay:0.21016666, throughput:1696, raw_metrics:{'fairness': 0.0, 'emission': 84.327, 'fuel': 27.338, 'emergency_stops': 7.0, 'collisions': 0.0, 'ssm_conflicts': 185.0}
real step:3600/3600
episode:52/200, oracle_loss:0.68251354
REAL_TEST step:52, travel time:46.987755102040815, q_loss:100, rewards:-5.504167, queue:1.6861111, delay:0.1961266, throughput:1703, R_real:-0.3488, components:{'queue': 0.009, 'delay': 0.0, 'waiting': 0.052, 'pressure': 0.0, 'switches': 0.0, 'fairness': 0.287}, raw_metrics:{'fairness': 0.0, 'emission': 83.005, 'fuel': 26.909, 'emergency_stops': 4.0, 'collisions': 0.0, 'ssm_conflicts': 190.0}
REAL_TRAIN step:53, travel time:48.82565597667639, q_loss:0.6802529, rewards:-5.694166, queue:1.8222222, delay:0.207302, throughput:1703, raw_metrics:{'fairness': 0.0, 'emission': 84.358, 'fuel': 27.348, 'emergency_stops': 6.0, 'collisions': 0.0, 'ssm_conflicts': 195.0}
real step:3600/3600
episode:53/200, oracle_loss:0.6802529
REAL_TRAIN step:54, travel time:51.81399416909621, q_loss:0.6860578, rewards:-5.5550013, queue:1.7527778, delay:0.21106495, throughput:1704, raw_metrics:{'fairness': 0.0, 'emission': 83.573, 'fuel': 27.093, 'emergency_stops': 4.0, 'collisions': 0.0, 'ssm_conflicts': 166.0}
real step:3600/3600
episode:54/200, oracle_loss:0.6860578
REAL_TEST step:54, travel time:56.988338192419825, q_loss:100, rewards:-5.7611127, queue:2.0027778, delay:0.21301477, throughput:1700, R_real:-0.5088, components:{'queue': 0.011, 'delay': 0.0, 'waiting': 0.093, 'pressure': 0.0, 'switches': 0.0, 'fairness': 0.406}, raw_metrics:{'fairness': 0.0, 'emission': 84.378, 'fuel': 27.354, 'emergency_stops': 2.0, 'collisions': 0.0, 'ssm_conflicts': 150.0}
REAL_TRAIN step:55, travel time:62.40116618075802, q_loss:0.7420759, rewards:-6.319165, queue:2.4222221, delay:0.23271726, throughput:1701, raw_metrics:{'fairness': 0.0, 'emission': 87.734, 'fuel': 28.442, 'emergency_stops': 4.0, 'collisions': 0.0, 'ssm_conflicts': 204.0}
real step:3600/3600
episode:55/200, oracle_loss:0.7420759
REAL_TRAIN step:56, travel time:54.1865889212828, q_loss:0.7057248, rewards:-5.986667, queue:2.161111, delay:0.2267055, throughput:1702, raw_metrics:{'fairness': 0.0, 'emission': 86.0, 'fuel': 27.88, 'emergency_stops': 8.0, 'collisions': 0.0, 'ssm_conflicts': 183.0}
real step:3600/3600
episode:56/200, oracle_loss:0.7057248
REAL_TEST step:56, travel time:45.757434402332365, q_loss:100, rewards:-5.660276, queue:1.8472222, delay:0.1996319, throughput:1703, R_real:-0.3847, components:{'queue': 0.01, 'delay': 0.0, 'waiting': 0.039, 'pressure': 0.0, 'switches': 0.0, 'fairness': 0.336}, raw_metrics:{'fairness': 0.0, 'emission': 84.119, 'fuel': 27.27, 'emergency_stops': 8.0, 'collisions': 0.0, 'ssm_conflicts': 206.0}
REAL_TRAIN step:57, travel time:48.91720116618076, q_loss:0.64354813, rewards:-5.6811104, queue:1.8388889, delay:0.20565012, throughput:1705, raw_metrics:{'fairness': 0.0, 'emission': 83.806, 'fuel': 27.169, 'emergency_stops': 1.0, 'collisions': 0.0, 'ssm_conflicts': 208.0}
real step:3600/3600
episode:57/200, oracle_loss:0.64354813
REAL_TRAIN step:58, travel time:49.631486880466475, q_loss:0.68544954, rewards:-5.6888895, queue:1.8027778, delay:0.20927478, throughput:1704, raw_metrics:{'fairness': 0.0, 'emission': 84.172, 'fuel': 27.287, 'emergency_stops': 5.0, 'collisions': 0.0, 'ssm_conflicts': 211.0}
real step:3600/3600
episode:58/200, oracle_loss:0.68544954
REAL_TEST step:58, travel time:59.608163265306125, q_loss:100, rewards:-5.989723, queue:2.0972223, delay:0.23101114, throughput:1700, R_real:-0.4205, components:{'queue': 0.012, 'delay': 0.0, 'waiting': 0.088, 'pressure': 0.0, 'switches': 0.0, 'fairness': 0.321}, raw_metrics:{'fairness': 0.0, 'emission': 86.045, 'fuel': 27.894, 'emergency_stops': 7.0, 'collisions': 0.0, 'ssm_conflicts': 175.0}
REAL_TRAIN step:59, travel time:47.411078717201164, q_loss:0.6973783, rewards:-5.8661118, queue:1.9444444, delay:0.21870168, throughput:1688, raw_metrics:{'fairness': 0.0, 'emission': 85.45, 'fuel': 27.702, 'emergency_stops': 5.0, 'collisions': 0.0, 'ssm_conflicts': 230.0}
real step:3600/3600
episode:59/200, oracle_loss:0.6973783
REAL_TRAIN step:60, travel time:50.27930029154519, q_loss:0.6882773, rewards:-5.870835, queue:1.9944445, delay:0.20875168, throughput:1699, raw_metrics:{'fairness': 0.0, 'emission': 85.031, 'fuel': 27.566, 'emergency_stops': 9.0, 'collisions': 0.0, 'ssm_conflicts': 197.0}
real step:3600/3600
episode:60/200, oracle_loss:0.6882773
REAL_TEST step:60, travel time:45.40583090379009, q_loss:100, rewards:-5.630277, queue:1.7361112, delay:0.19368678, throughput:1701, R_real:-0.4101, components:{'queue': 0.009, 'delay': 0.0, 'waiting': 0.03, 'pressure': 0.0, 'switches': 0.0, 'fairness': 0.371}, raw_metrics:{'fairness': 0.0, 'emission': 83.796, 'fuel': 27.166, 'emergency_stops': 4.0, 'collisions': 0.0, 'ssm_conflicts': 236.0}
REAL_TRAIN step:61, travel time:46.05827505827506, q_loss:0.67473227, rewards:-5.639444, queue:1.8666667, delay:0.2053705, throughput:1700, raw_metrics:{'fairness': 0.0, 'emission': 83.996, 'fuel': 27.23, 'emergency_stops': 7.0, 'collisions': 0.0, 'ssm_conflicts': 200.0}
real step:3600/3600
episode:61/200, oracle_loss:0.67473227
REAL_TRAIN step:62, travel time:49.19941690962099, q_loss:0.60443604, rewards:-5.890836, queue:1.9916667, delay:0.22061926, throughput:1703, raw_metrics:{'fairness': 0.0, 'emission': 85.272, 'fuel': 27.644, 'emergency_stops': 4.0, 'collisions': 0.0, 'ssm_conflicts': 198.0}
real step:3600/3600
episode:62/200, oracle_loss:0.60443604
REAL_TEST step:62, travel time:44.66297376093294, q_loss:100, rewards:-5.945277, queue:2.0638888, delay:0.2137977, throughput:1704, R_real:-0.3713, components:{'queue': 0.011, 'delay': 0.0, 'waiting': 0.036, 'pressure': 0.0, 'switches': 0.0, 'fairness': 0.324}, raw_metrics:{'fairness': 0.0, 'emission': 86.127, 'fuel': 27.921, 'emergency_stops': 3.0, 'collisions': 0.0, 'ssm_conflicts': 264.0}
REAL_TRAIN step:63, travel time:50.31953352769679, q_loss:0.5923797, rewards:-5.7947206, queue:1.8916667, delay:0.21582167, throughput:1701, raw_metrics:{'fairness': 0.0, 'emission': 84.914, 'fuel': 27.528, 'emergency_stops': 4.0, 'collisions': 0.0, 'ssm_conflicts': 188.0}
real step:3600/3600
episode:63/200, oracle_loss:0.5923797
REAL_TRAIN step:64, travel time:47.23615160349854, q_loss:0.6308471, rewards:-5.5049996, queue:1.6388888, delay:0.20189475, throughput:1702, raw_metrics:{'fairness': 0.0, 'emission': 83.113, 'fuel': 26.944, 'emergency_stops': 7.0, 'collisions': 0.0, 'ssm_conflicts': 191.0}
real step:3600/3600
episode:64/200, oracle_loss:0.6308471
REAL_TEST step:64, travel time:39.43032069970845, q_loss:100, rewards:-5.4038897, queue:1.4611111, delay:0.17870697, throughput:1704, R_real:-0.4468, components:{'queue': 0.008, 'delay': 0.0, 'waiting': 0.021, 'pressure': 0.0, 'switches': 0.0, 'fairness': 0.418}, raw_metrics:{'fairness': 0.0, 'emission': 82.813, 'fuel': 26.847, 'emergency_stops': 6.0, 'collisions': 0.0, 'ssm_conflicts': 272.0}
REAL_TRAIN step:65, travel time:50.61749271137026, q_loss:0.6237892, rewards:-5.7705564, queue:1.9138889, delay:0.21892738, throughput:1697, raw_metrics:{'fairness': 0.0, 'emission': 84.886, 'fuel': 27.519, 'emergency_stops': 9.0, 'collisions': 0.0, 'ssm_conflicts': 214.0}
real step:3600/3600
episode:65/200, oracle_loss:0.6237892
REAL_TRAIN step:66, travel time:50.64198250728863, q_loss:0.6402285, rewards:-5.649721, queue:1.8027778, delay:0.21167754, throughput:1704, raw_metrics:{'fairness': 0.0, 'emission': 84.223, 'fuel': 27.304, 'emergency_stops': 3.0, 'collisions': 0.0, 'ssm_conflicts': 198.0}
real step:3600/3600
episode:66/200, oracle_loss:0.6402285
REAL_TEST step:66, travel time:49.12886297376093, q_loss:100, rewards:-5.8658333, queue:2.0916667, delay:0.22209409, throughput:1699, R_real:-0.4306, components:{'queue': 0.011, 'delay': 0.0, 'waiting': 0.065, 'pressure': 0.0, 'switches': 0.0, 'fairness': 0.354}, raw_metrics:{'fairness': 0.0, 'emission': 84.725, 'fuel': 27.467, 'emergency_stops': 2.0, 'collisions': 0.0, 'ssm_conflicts': 169.0}
REAL_TRAIN step:67, travel time:51.49620991253644, q_loss:0.6772594, rewards:-5.905834, queue:2.0805554, delay:0.20941006, throughput:1697, raw_metrics:{'fairness': 0.0, 'emission': 85.008, 'fuel': 27.559, 'emergency_stops': 6.0, 'collisions': 0.0, 'ssm_conflicts': 187.0}
real step:3600/3600
episode:67/200, oracle_loss:0.6772594
REAL_TRAIN step:68, travel time:53.179591836734694, q_loss:0.64909893, rewards:-5.779168, queue:1.9638889, delay:0.21952152, throughput:1688, raw_metrics:{'fairness': 0.0, 'emission': 84.487, 'fuel': 27.389, 'emergency_stops': 4.0, 'collisions': 0.0, 'ssm_conflicts': 191.0}
real step:3600/3600
episode:68/200, oracle_loss:0.64909893
REAL_TEST step:68, travel time:66.94509561998767, q_loss:100, rewards:-5.2386107, queue:1.4305556, delay:0.19150232, throughput:1584, R_real:-0.6239, components:{'queue': 0.008, 'delay': 0.0, 'waiting': 0.171, 'pressure': 0.0, 'switches': 0.0, 'fairness': 0.445}, raw_metrics:{'fairness': 0.0, 'emission': 79.687, 'fuel': 25.834, 'emergency_stops': 2.0, 'collisions': 0.0, 'ssm_conflicts': 159.0}
REAL_TRAIN step:69, travel time:47.0506993006993, q_loss:0.62530696, rewards:-5.8447237, queue:2.0694444, delay:0.20640956, throughput:1703, raw_metrics:{'fairness': 0.0, 'emission': 84.977, 'fuel': 27.548, 'emergency_stops': 4.0, 'collisions': 0.0, 'ssm_conflicts': 181.0}
real step:3600/3600
episode:69/200, oracle_loss:0.62530696
REAL_TRAIN step:70, travel time:50.91661807580175, q_loss:0.6288691, rewards:-5.812222, queue:1.9944445, delay:0.21147653, throughput:1702, raw_metrics:{'fairness': 0.0, 'emission': 84.858, 'fuel': 27.51, 'emergency_stops': 8.0, 'collisions': 0.0, 'ssm_conflicts': 190.0}
real step:3600/3600
episode:70/200, oracle_loss:0.6288691
REAL_TEST step:70, travel time:72.11832797427653, q_loss:100, rewards:-5.5202785, queue:1.8111111, delay:0.2078914, throughput:1504, R_real:-0.7019, components:{'queue': 0.009, 'delay': 0.0, 'waiting': 0.238, 'pressure': 0.0, 'switches': 0.0, 'fairness': 0.455}, raw_metrics:{'fairness': 0.0, 'emission': 78.567, 'fuel': 25.47, 'emergency_stops': 2.0, 'collisions': 0.0, 'ssm_conflicts': 141.0}
REAL_TRAIN step:71, travel time:55.849034523112934, q_loss:0.61018217, rewards:-5.978332, queue:2.1222222, delay:0.20897907, throughput:1671, raw_metrics:{'fairness': 0.0, 'emission': 85.41, 'fuel': 27.689, 'emergency_stops': 5.0, 'collisions': 0.0, 'ssm_conflicts': 182.0}
real step:3600/3600
episode:71/200, oracle_loss:0.61018217
REAL_TRAIN step:72, travel time:56.142274052478136, q_loss:0.5983813, rewards:-6.2080545, queue:2.3694444, delay:0.21930505, throughput:1703, raw_metrics:{'fairness': 0.0, 'emission': 86.803, 'fuel': 28.14, 'emergency_stops': 9.0, 'collisions': 0.0, 'ssm_conflicts': 215.0}
real step:3600/3600
episode:72/200, oracle_loss:0.5983813
REAL_TEST step:72, travel time:46.76151603498542, q_loss:100, rewards:-5.7963886, queue:1.9611111, delay:0.20564811, throughput:1704, R_real:-0.2893, components:{'queue': 0.01, 'delay': 0.0, 'waiting': 0.047, 'pressure': 0.0, 'switches': 0.0, 'fairness': 0.232}, raw_metrics:{'fairness': 0.0, 'emission': 84.866, 'fuel': 27.512, 'emergency_stops': 3.0, 'collisions': 0.0, 'ssm_conflicts': 214.0}
REAL_TRAIN step:73, travel time:51.417492711370265, q_loss:0.58164597, rewards:-5.79722, queue:1.9722222, delay:0.21433881, throughput:1704, raw_metrics:{'fairness': 0.0, 'emission': 85.055, 'fuel': 27.574, 'emergency_stops': 8.0, 'collisions': 0.0, 'ssm_conflicts': 204.0}
real step:3600/3600
episode:73/200, oracle_loss:0.58164597
REAL_TRAIN step:74, travel time:48.83148688046647, q_loss:0.558552, rewards:-5.9222217, queue:2.075, delay:0.20409578, throughput:1699, raw_metrics:{'fairness': 0.0, 'emission': 85.281, 'fuel': 27.647, 'emergency_stops': 6.0, 'collisions': 0.0, 'ssm_conflicts': 226.0}
real step:3600/3600
episode:74/200, oracle_loss:0.558552
REAL_TEST step:74, travel time:48.88921282798834, q_loss:100, rewards:-5.817779, queue:1.95, delay:0.19377694, throughput:1703, R_real:-0.5293, components:{'queue': 0.01, 'delay': 0.0, 'waiting': 0.056, 'pressure': 0.0, 'switches': 0.0, 'fairness': 0.463}, raw_metrics:{'fairness': 0.0, 'emission': 84.982, 'fuel': 27.55, 'emergency_stops': 3.0, 'collisions': 0.0, 'ssm_conflicts': 226.0}
REAL_TRAIN step:75, travel time:52.72478134110787, q_loss:0.5379319, rewards:-5.7102776, queue:1.8527777, delay:0.21033062, throughput:1705, raw_metrics:{'fairness': 0.0, 'emission': 83.978, 'fuel': 27.224, 'emergency_stops': 6.0, 'collisions': 0.0, 'ssm_conflicts': 195.0}
real step:3600/3600
episode:75/200, oracle_loss:0.5379319
REAL_TRAIN step:76, travel time:55.32107413893754, q_loss:0.5776814, rewards:-5.804443, queue:1.975, delay:0.20278724, throughput:1689, raw_metrics:{'fairness': 0.0, 'emission': 84.659, 'fuel': 27.445, 'emergency_stops': 2.0, 'collisions': 0.0, 'ssm_conflicts': 182.0}
real step:3600/3600
episode:76/200, oracle_loss:0.5776814
REAL_TEST step:76, travel time:76.07287705956908, q_loss:100, rewards:-5.381388, queue:1.6083333, delay:0.19910787, throughput:1532, R_real:-0.6816, components:{'queue': 0.009, 'delay': 0.0, 'waiting': 0.237, 'pressure': 0.0, 'switches': 0.0, 'fairness': 0.436}, raw_metrics:{'fairness': 0.0, 'emission': 78.384, 'fuel': 25.411, 'emergency_stops': 1.0, 'collisions': 0.0, 'ssm_conflicts': 145.0}
REAL_TRAIN step:77, travel time:55.83556851311953, q_loss:0.5600151, rewards:-5.7147202, queue:1.8166667, delay:0.20250638, throughput:1697, raw_metrics:{'fairness': 0.0, 'emission': 84.032, 'fuel': 27.242, 'emergency_stops': 4.0, 'collisions': 0.0, 'ssm_conflicts': 212.0}
real step:3600/3600
episode:77/200, oracle_loss:0.5600151
REAL_TRAIN step:78, travel time:51.95860058309038, q_loss:0.5891545, rewards:-5.410556, queue:1.5444444, delay:0.19613847, throughput:1701, raw_metrics:{'fairness': 0.0, 'emission': 82.482, 'fuel': 26.739, 'emergency_stops': 2.0, 'collisions': 0.0, 'ssm_conflicts': 187.0}
real step:3600/3600
episode:78/200, oracle_loss:0.5891545
REAL_TEST step:78, travel time:74.84625322997417, q_loss:100, rewards:-5.431667, queue:1.7277777, delay:0.20728663, throughput:1496, R_real:-0.7080, components:{'queue': 0.009, 'delay': 0.0, 'waiting': 0.277, 'pressure': 0.0, 'switches': 0.0, 'fairness': 0.422}, raw_metrics:{'fairness': 0.0, 'emission': 78.277, 'fuel': 25.376, 'emergency_stops': 0.0, 'collisions': 0.0, 'ssm_conflicts': 144.0}
REAL_TRAIN step:79, travel time:52.68862973760933, q_loss:0.58215076, rewards:-5.7038894, queue:1.8916667, delay:0.1975672, throughput:1699, raw_metrics:{'fairness': 0.0, 'emission': 83.998, 'fuel': 27.231, 'emergency_stops': 4.0, 'collisions': 0.0, 'ssm_conflicts': 211.0}
real step:3600/3600
episode:79/200, oracle_loss:0.58215076
REAL_TRAIN step:80, travel time:50.64373177842565, q_loss:0.5951077, rewards:-5.7405553, queue:1.9, delay:0.21501717, throughput:1693, raw_metrics:{'fairness': 0.0, 'emission': 84.331, 'fuel': 27.339, 'emergency_stops': 4.0, 'collisions': 0.0, 'ssm_conflicts': 215.0}
real step:3600/3600
episode:80/200, oracle_loss:0.5951077
REAL_TEST step:80, travel time:54.5399416909621, q_loss:100, rewards:-5.579166, queue:1.7277777, delay:0.21318834, throughput:1689, R_real:-0.3319, components:{'queue': 0.009, 'delay': 0.0, 'waiting': 0.069, 'pressure': 0.0, 'switches': 0.0, 'fairness': 0.254}, raw_metrics:{'fairness': 0.0, 'emission': 83.042, 'fuel': 26.921, 'emergency_stops': 0.0, 'collisions': 0.0, 'ssm_conflicts': 177.0}
REAL_TRAIN step:81, travel time:52.412244897959184, q_loss:0.5821902, rewards:-5.601389, queue:1.7277777, delay:0.20620401, throughput:1704, raw_metrics:{'fairness': 0.0, 'emission': 83.3, 'fuel': 27.005, 'emergency_stops': 6.0, 'collisions': 0.0, 'ssm_conflicts': 184.0}
real step:3600/3600
episode:81/200, oracle_loss:0.5821902
REAL_TRAIN step:82, travel time:57.52069970845481, q_loss:0.5853388, rewards:-5.579721, queue:1.7361112, delay:0.21069099, throughput:1698, raw_metrics:{'fairness': 0.0, 'emission': 83.12, 'fuel': 26.946, 'emergency_stops': 3.0, 'collisions': 0.0, 'ssm_conflicts': 190.0}
real step:3600/3600
episode:82/200, oracle_loss:0.5853388
REAL_TEST step:82, travel time:52.05597667638484, q_loss:100, rewards:-5.535833, queue:1.7833333, delay:0.19940367, throughput:1704, R_real:-0.5007, components:{'queue': 0.009, 'delay': 0.0, 'waiting': 0.075, 'pressure': 0.0, 'switches': 0.0, 'fairness': 0.416}, raw_metrics:{'fairness': 0.0, 'emission': 83.021, 'fuel': 26.914, 'emergency_stops': 7.0, 'collisions': 0.0, 'ssm_conflicts': 170.0}
REAL_TRAIN step:83, travel time:52.45014577259475, q_loss:0.6002925, rewards:-5.326668, queue:1.5527778, delay:0.1984651, throughput:1704, raw_metrics:{'fairness': 0.0, 'emission': 81.825, 'fuel': 26.526, 'emergency_stops': 1.0, 'collisions': 0.0, 'ssm_conflicts': 174.0}
real step:3600/3600
episode:83/200, oracle_loss:0.6002925
REAL_TRAIN step:84, travel time:63.45963464938126, q_loss:0.56644064, rewards:-5.5930543, queue:1.725, delay:0.2139761, throughput:1658, raw_metrics:{'fairness': 0.0, 'emission': 82.965, 'fuel': 26.896, 'emergency_stops': 4.0, 'collisions': 0.0, 'ssm_conflicts': 162.0}
real step:3600/3600
episode:84/200, oracle_loss:0.56644064
REAL_TEST step:84, travel time:53.23364485981308, q_loss:100, rewards:-5.396665, queue:1.5333333, delay:0.20521891, throughput:1678, R_real:-0.3819, components:{'queue': 0.008, 'delay': 0.0, 'waiting': 0.064, 'pressure': 0.0, 'switches': 0.0, 'fairness': 0.309}, raw_metrics:{'fairness': 0.0, 'emission': 82.378, 'fuel': 26.706, 'emergency_stops': 5.0, 'collisions': 0.0, 'ssm_conflicts': 184.0}
REAL_TRAIN step:85, travel time:52.24781341107872, q_loss:0.5768147, rewards:-5.496944, queue:1.7166667, delay:0.20369762, throughput:1697, raw_metrics:{'fairness': 0.0, 'emission': 82.96, 'fuel': 26.895, 'emergency_stops': 3.0, 'collisions': 0.0, 'ssm_conflicts': 193.0}
real step:3600/3600
episode:85/200, oracle_loss:0.5768147
REAL_TRAIN step:86, travel time:54.433819241982505, q_loss:0.6558985, rewards:-5.4033337, queue:1.6, delay:0.20062126, throughput:1688, raw_metrics:{'fairness': 0.0, 'emission': 82.444, 'fuel': 26.727, 'emergency_stops': 0.0, 'collisions': 0.0, 'ssm_conflicts': 177.0}
real step:3600/3600
episode:86/200, oracle_loss:0.6558985
REAL_TEST step:86, travel time:54.69136522753792, q_loss:100, rewards:-5.4563875, queue:1.6416667, delay:0.2091496, throughput:1682, R_real:-0.4355, components:{'queue': 0.009, 'delay': 0.0, 'waiting': 0.064, 'pressure': 0.0, 'switches': 0.0, 'fairness': 0.363}, raw_metrics:{'fairness': 0.0, 'emission': 82.56, 'fuel': 26.765, 'emergency_stops': 4.0, 'collisions': 0.0, 'ssm_conflicts': 156.0}
REAL_TRAIN step:87, travel time:51.78775510204082, q_loss:0.71696275, rewards:-5.526113, queue:1.7027777, delay:0.20118609, throughput:1705, raw_metrics:{'fairness': 0.0, 'emission': 83.254, 'fuel': 26.99, 'emergency_stops': 3.0, 'collisions': 0.0, 'ssm_conflicts': 194.0}
real step:3600/3600
episode:87/200, oracle_loss:0.71696275
REAL_TRAIN step:88, travel time:54.20816326530612, q_loss:0.68905234, rewards:-5.332222, queue:1.5777777, delay:0.20304014, throughput:1704, raw_metrics:{'fairness': 0.0, 'emission': 81.979, 'fuel': 26.576, 'emergency_stops': 3.0, 'collisions': 0.0, 'ssm_conflicts': 158.0}
real step:3600/3600
episode:88/200, oracle_loss:0.68905234
REAL_TEST step:88, travel time:56.968513119533526, q_loss:100, rewards:-5.628057, queue:1.7861111, delay:0.20581691, throughput:1688, R_real:-0.4201, components:{'queue': 0.01, 'delay': 0.0, 'waiting': 0.078, 'pressure': 0.0, 'switches': 0.0, 'fairness': 0.333}, raw_metrics:{'fairness': 0.0, 'emission': 83.208, 'fuel': 26.975, 'emergency_stops': 3.0, 'collisions': 0.0, 'ssm_conflicts': 183.0}
REAL_TRAIN step:89, travel time:51.99941690962099, q_loss:0.70562106, rewards:-5.478612, queue:1.6555556, delay:0.19648015, throughput:1688, raw_metrics:{'fairness': 0.0, 'emission': 82.787, 'fuel': 26.838, 'emergency_stops': 4.0, 'collisions': 0.0, 'ssm_conflicts': 185.0}
real step:3600/3600
episode:89/200, oracle_loss:0.70562106
REAL_TRAIN step:90, travel time:55.094847775175644, q_loss:0.7050975, rewards:-5.643888, queue:1.8416667, delay:0.21024296, throughput:1680, raw_metrics:{'fairness': 0.0, 'emission': 83.683, 'fuel': 27.129, 'emergency_stops': 3.0, 'collisions': 0.0, 'ssm_conflicts': 191.0}
real step:3600/3600
episode:90/200, oracle_loss:0.7050975
REAL_TEST step:90, travel time:58.5812865497076, q_loss:100, rewards:-5.571664, queue:1.7527778, delay:0.20195234, throughput:1673, R_real:-0.3326, components:{'queue': 0.009, 'delay': 0.0, 'waiting': 0.071, 'pressure': 0.0, 'switches': 0.0, 'fairness': 0.253}, raw_metrics:{'fairness': 0.0, 'emission': 82.633, 'fuel': 26.788, 'emergency_stops': 4.0, 'collisions': 0.0, 'ssm_conflicts': 163.0}
REAL_TRAIN step:91, travel time:53.66239067055393, q_loss:0.7776407, rewards:-5.8013897, queue:1.9888889, delay:0.2131468, throughput:1703, raw_metrics:{'fairness': 0.0, 'emission': 84.768, 'fuel': 27.481, 'emergency_stops': 4.0, 'collisions': 0.0, 'ssm_conflicts': 199.0}
real step:3600/3600
episode:91/200, oracle_loss:0.7776407
REAL_TRAIN step:92, travel time:53.08746355685131, q_loss:0.76450986, rewards:-5.4352765, queue:1.6444445, delay:0.20762907, throughput:1705, raw_metrics:{'fairness': 0.0, 'emission': 82.589, 'fuel': 26.774, 'emergency_stops': 1.0, 'collisions': 0.0, 'ssm_conflicts': 160.0}
real step:3600/3600
episode:92/200, oracle_loss:0.76450986
REAL_TEST step:92, travel time:51.53644314868804, q_loss:100, rewards:-5.443332, queue:1.6638889, delay:0.20180988, throughput:1704, R_real:-0.3862, components:{'queue': 0.009, 'delay': 0.0, 'waiting': 0.054, 'pressure': 0.0, 'switches': 0.0, 'fairness': 0.323}, raw_metrics:{'fairness': 0.0, 'emission': 82.445, 'fuel': 26.727, 'emergency_stops': 3.0, 'collisions': 0.0, 'ssm_conflicts': 174.0}
REAL_TRAIN step:93, travel time:52.18065268065268, q_loss:0.7441615, rewards:-5.4341655, queue:1.6333333, delay:0.19626865, throughput:1703, raw_metrics:{'fairness': 0.0, 'emission': 82.677, 'fuel': 26.803, 'emergency_stops': 4.0, 'collisions': 0.0, 'ssm_conflicts': 175.0}
real step:3600/3600
episode:93/200, oracle_loss:0.7441615
REAL_TRAIN step:94, travel time:50.34110787172012, q_loss:0.7384869, rewards:-5.5330534, queue:1.6944444, delay:0.20138463, throughput:1701, raw_metrics:{'fairness': 0.0, 'emission': 83.242, 'fuel': 26.986, 'emergency_stops': 8.0, 'collisions': 0.0, 'ssm_conflicts': 173.0}
real step:3600/3600
episode:94/200, oracle_loss:0.7384869
REAL_TEST step:94, travel time:45.63731778425656, q_loss:100, rewards:-5.6172223, queue:1.7888889, delay:0.20369641, throughput:1705, R_real:-0.2604, components:{'queue': 0.01, 'delay': 0.0, 'waiting': 0.045, 'pressure': 0.0, 'switches': 0.0, 'fairness': 0.205}, raw_metrics:{'fairness': 0.0, 'emission': 83.916, 'fuel': 27.204, 'emergency_stops': 10.0, 'collisions': 0.0, 'ssm_conflicts': 201.0}
REAL_TRAIN step:95, travel time:49.39941690962099, q_loss:0.7350883, rewards:-5.7166653, queue:1.9111111, delay:0.21361046, throughput:1701, raw_metrics:{'fairness': 0.0, 'emission': 84.52, 'fuel': 27.4, 'emergency_stops': 7.0, 'collisions': 0.0, 'ssm_conflicts': 184.0}
real step:3600/3600
episode:95/200, oracle_loss:0.7350883
REAL_TRAIN step:96, travel time:53.80408163265306, q_loss:0.81120706, rewards:-5.781389, queue:2.0166667, delay:0.22031619, throughput:1688, raw_metrics:{'fairness': 0.0, 'emission': 84.297, 'fuel': 27.328, 'emergency_stops': 2.0, 'collisions': 0.0, 'ssm_conflicts': 163.0}
real step:3600/3600
episode:96/200, oracle_loss:0.81120706
REAL_TEST step:96, travel time:51.987172011661805, q_loss:100, rewards:-5.441388, queue:1.6361111, delay:0.19779015, throughput:1704, R_real:-0.4080, components:{'queue': 0.009, 'delay': 0.0, 'waiting': 0.057, 'pressure': 0.0, 'switches': 0.0, 'fairness': 0.342}, raw_metrics:{'fairness': 0.0, 'emission': 82.632, 'fuel': 26.788, 'emergency_stops': 6.0, 'collisions': 0.0, 'ssm_conflicts': 159.0}
REAL_TRAIN step:97, travel time:51.04956268221574, q_loss:0.8176059, rewards:-5.549721, queue:1.7666667, delay:0.20505618, throughput:1696, raw_metrics:{'fairness': 0.0, 'emission': 82.906, 'fuel': 26.877, 'emergency_stops': 3.0, 'collisions': 0.0, 'ssm_conflicts': 152.0}
real step:3600/3600
episode:97/200, oracle_loss:0.8176059
REAL_TRAIN step:98, travel time:55.65655976676385, q_loss:0.7434262, rewards:-5.5061116, queue:1.6666666, delay:0.20718104, throughput:1701, raw_metrics:{'fairness': 0.0, 'emission': 82.675, 'fuel': 26.802, 'emergency_stops': 2.0, 'collisions': 0.0, 'ssm_conflicts': 171.0}
real step:3600/3600
episode:98/200, oracle_loss:0.7434262
REAL_TEST step:98, travel time:51.98309037900874, q_loss:100, rewards:-5.675, queue:1.8555555, delay:0.21097516, throughput:1700, R_real:-0.4226, components:{'queue': 0.01, 'delay': 0.0, 'waiting': 0.06, 'pressure': 0.0, 'switches': 0.0, 'fairness': 0.353}, raw_metrics:{'fairness': 0.0, 'emission': 84.044, 'fuel': 27.246, 'emergency_stops': 4.0, 'collisions': 0.0, 'ssm_conflicts': 168.0}
REAL_TRAIN step:99, travel time:50.67755102040816, q_loss:0.7324988, rewards:-5.499445, queue:1.6638889, delay:0.19862933, throughput:1704, raw_metrics:{'fairness': 0.0, 'emission': 83.073, 'fuel': 26.931, 'emergency_stops': 4.0, 'collisions': 0.0, 'ssm_conflicts': 170.0}
real step:3600/3600
episode:99/200, oracle_loss:0.7324988
REAL_TRAIN step:100, travel time:67.08229721728834, q_loss:0.66493076, rewards:-5.8574986, queue:2.086111, delay:0.22053522, throughput:1663, raw_metrics:{'fairness': 0.0, 'emission': 84.68, 'fuel': 27.452, 'emergency_stops': 4.0, 'collisions': 0.0, 'ssm_conflicts': 155.0}
real step:3600/3600
episode:100/200, oracle_loss:0.66493076
REAL_TEST step:100, travel time:54.46588921282799, q_loss:100, rewards:-5.5277777, queue:1.6916667, delay:0.19834778, throughput:1703, R_real:-0.3344, components:{'queue': 0.009, 'delay': 0.0, 'waiting': 0.067, 'pressure': 0.0, 'switches': 0.0, 'fairness': 0.258}, raw_metrics:{'fairness': 0.0, 'emission': 82.9, 'fuel': 26.875, 'emergency_stops': 2.0, 'collisions': 0.0, 'ssm_conflicts': 159.0}
REAL_TRAIN step:101, travel time:66.11820330969267, q_loss:0.7549496, rewards:-5.8099995, queue:2.0277777, delay:0.21693742, throughput:1661, raw_metrics:{'fairness': 0.0, 'emission': 84.355, 'fuel': 27.347, 'emergency_stops': 2.0, 'collisions': 0.0, 'ssm_conflicts': 162.0}
real step:3600/3600
episode:101/200, oracle_loss:0.7549496
REAL_TRAIN step:102, travel time:56.513450292397664, q_loss:0.72857606, rewards:-5.671667, queue:1.8666667, delay:0.21537721, throughput:1671, raw_metrics:{'fairness': 0.0, 'emission': 83.365, 'fuel': 27.026, 'emergency_stops': 3.0, 'collisions': 0.0, 'ssm_conflicts': 162.0}
real step:3600/3600
episode:102/200, oracle_loss:0.72857606
REAL_TEST step:102, travel time:59.732944606413994, q_loss:100, rewards:-5.6074986, queue:1.8194444, delay:0.21126829, throughput:1677, R_real:-0.3939, components:{'queue': 0.01, 'delay': 0.0, 'waiting': 0.063, 'pressure': 0.0, 'switches': 0.0, 'fairness': 0.321}, raw_metrics:{'fairness': 0.0, 'emission': 83.416, 'fuel': 27.042, 'emergency_stops': 4.0, 'collisions': 0.0, 'ssm_conflicts': 134.0}
REAL_TRAIN step:103, travel time:50.752331002331005, q_loss:0.7522917, rewards:-5.770553, queue:1.9055556, delay:0.20792614, throughput:1700, raw_metrics:{'fairness': 0.0, 'emission': 84.413, 'fuel': 27.365, 'emergency_stops': 4.0, 'collisions': 0.0, 'ssm_conflicts': 187.0}
real step:3600/3600
episode:103/200, oracle_loss:0.7522917
REAL_TRAIN step:104, travel time:56.722059684025744, q_loss:0.7650618, rewards:-5.6463885, queue:1.8111111, delay:0.20987105, throughput:1670, raw_metrics:{'fairness': 0.0, 'emission': 83.448, 'fuel': 27.053, 'emergency_stops': 4.0, 'collisions': 0.0, 'ssm_conflicts': 172.0}
real step:3600/3600
episode:104/200, oracle_loss:0.7650618
REAL_TEST step:104, travel time:49.86705539358601, q_loss:100, rewards:-5.349445, queue:1.6083333, delay:0.19369416, throughput:1702, R_real:-0.3740, components:{'queue': 0.009, 'delay': 0.0, 'waiting': 0.044, 'pressure': 0.0, 'switches': 0.0, 'fairness': 0.321}, raw_metrics:{'fairness': 0.0, 'emission': 82.005, 'fuel': 26.585, 'emergency_stops': 2.0, 'collisions': 0.0, 'ssm_conflicts': 166.0}
REAL_TRAIN step:105, travel time:54.47113702623907, q_loss:0.7842798, rewards:-5.5299983, queue:1.6611111, delay:0.20736474, throughput:1696, raw_metrics:{'fairness': 0.0, 'emission': 83.043, 'fuel': 26.921, 'emergency_stops': 1.0, 'collisions': 0.0, 'ssm_conflicts': 183.0}
real step:3600/3600
episode:105/200, oracle_loss:0.7842798
REAL_TRAIN step:106, travel time:52.90728862973761, q_loss:0.7458341, rewards:-5.5552764, queue:1.7194444, delay:0.20837346, throughput:1701, raw_metrics:{'fairness': 0.0, 'emission': 83.301, 'fuel': 27.005, 'emergency_stops': 4.0, 'collisions': 0.0, 'ssm_conflicts': 167.0}
real step:3600/3600
episode:106/200, oracle_loss:0.7458341
REAL_TEST step:106, travel time:51.393586005830905, q_loss:100, rewards:-5.633333, queue:1.8, delay:0.20810814, throughput:1697, R_real:-0.4364, components:{'queue': 0.01, 'delay': 0.0, 'waiting': 0.075, 'pressure': 0.0, 'switches': 0.0, 'fairness': 0.351}, raw_metrics:{'fairness': 0.0, 'emission': 83.438, 'fuel': 27.049, 'emergency_stops': 5.0, 'collisions': 0.0, 'ssm_conflicts': 175.0}
REAL_TRAIN step:107, travel time:44.25772594752186, q_loss:0.7301397, rewards:-5.436666, queue:1.6277778, delay:0.20546111, throughput:1700, raw_metrics:{'fairness': 0.0, 'emission': 82.361, 'fuel': 26.7, 'emergency_stops': 6.0, 'collisions': 0.0, 'ssm_conflicts': 160.0}
real step:3600/3600
episode:107/200, oracle_loss:0.7301397
REAL_TRAIN step:108, travel time:53.903206997084546, q_loss:0.71797436, rewards:-5.5430536, queue:1.6777778, delay:0.2029593, throughput:1697, raw_metrics:{'fairness': 0.0, 'emission': 83.295, 'fuel': 27.003, 'emergency_stops': 5.0, 'collisions': 0.0, 'ssm_conflicts': 178.0}
real step:3600/3600
episode:108/200, oracle_loss:0.71797436
REAL_TEST step:108, travel time:48.899708454810494, q_loss:100, rewards:-5.6305556, queue:1.8222222, delay:0.21283133, throughput:1704, R_real:-0.3210, components:{'queue': 0.01, 'delay': 0.0, 'waiting': 0.065, 'pressure': 0.0, 'switches': 0.0, 'fairness': 0.246}, raw_metrics:{'fairness': 0.0, 'emission': 83.762, 'fuel': 27.154, 'emergency_stops': 7.0, 'collisions': 0.0, 'ssm_conflicts': 178.0}
REAL_TRAIN step:109, travel time:56.66472303206997, q_loss:0.6714938, rewards:-5.6699986, queue:1.8111111, delay:0.20681284, throughput:1702, raw_metrics:{'fairness': 0.0, 'emission': 83.553, 'fuel': 27.087, 'emergency_stops': 4.0, 'collisions': 0.0, 'ssm_conflicts': 171.0}
real step:3600/3600
episode:109/200, oracle_loss:0.6714938
REAL_TRAIN step:110, travel time:54.77259475218659, q_loss:0.6321736, rewards:-5.608888, queue:1.7833333, delay:0.20906058, throughput:1702, raw_metrics:{'fairness': 0.0, 'emission': 83.518, 'fuel': 27.075, 'emergency_stops': 7.0, 'collisions': 0.0, 'ssm_conflicts': 186.0}
real step:3600/3600
episode:110/200, oracle_loss:0.6321736
REAL_TEST step:110, travel time:42.417492711370265, q_loss:100, rewards:-5.463611, queue:1.5972222, delay:0.19546519, throughput:1704, R_real:-0.4205, components:{'queue': 0.009, 'delay': 0.0, 'waiting': 0.036, 'pressure': 0.0, 'switches': 0.0, 'fairness': 0.376}, raw_metrics:{'fairness': 0.0, 'emission': 82.624, 'fuel': 26.786, 'emergency_stops': 10.0, 'collisions': 0.0, 'ssm_conflicts': 232.0}
REAL_TRAIN step:111, travel time:50.78833819241982, q_loss:0.62618, rewards:-5.2627773, queue:1.4777777, delay:0.19366108, throughput:1703, raw_metrics:{'fairness': 0.0, 'emission': 81.37, 'fuel': 26.379, 'emergency_stops': 3.0, 'collisions': 0.0, 'ssm_conflicts': 168.0}
real step:3600/3600
episode:111/200, oracle_loss:0.62618
REAL_TRAIN step:112, travel time:46.53760932944606, q_loss:0.63117397, rewards:-5.4124994, queue:1.5805556, delay:0.19109404, throughput:1698, raw_metrics:{'fairness': 0.0, 'emission': 82.164, 'fuel': 26.636, 'emergency_stops': 3.0, 'collisions': 0.0, 'ssm_conflicts': 200.0}
real step:3600/3600
episode:112/200, oracle_loss:0.63117397
REAL_TEST step:112, travel time:46.72536443148688, q_loss:100, rewards:-5.419444, queue:1.6083333, delay:0.19433287, throughput:1705, R_real:-0.4239, components:{'queue': 0.009, 'delay': 0.0, 'waiting': 0.051, 'pressure': 0.0, 'switches': 0.0, 'fairness': 0.364}, raw_metrics:{'fairness': 0.0, 'emission': 82.274, 'fuel': 26.672, 'emergency_stops': 2.0, 'collisions': 0.0, 'ssm_conflicts': 183.0}
REAL_TRAIN step:113, travel time:56.160349854227405, q_loss:0.665545, rewards:-5.7244453, queue:1.9222223, delay:0.22267939, throughput:1677, raw_metrics:{'fairness': 0.0, 'emission': 83.966, 'fuel': 27.22, 'emergency_stops': 1.0, 'collisions': 0.0, 'ssm_conflicts': 180.0}
real step:3600/3600
episode:113/200, oracle_loss:0.665545
REAL_TRAIN step:114, travel time:49.94871794871795, q_loss:0.62149554, rewards:-5.545277, queue:1.7277777, delay:0.21595067, throughput:1697, raw_metrics:{'fairness': 0.0, 'emission': 83.078, 'fuel': 26.933, 'emergency_stops': 5.0, 'collisions': 0.0, 'ssm_conflicts': 171.0}
real step:3600/3600
episode:114/200, oracle_loss:0.62149554
REAL_TEST step:114, travel time:51.28862973760933, q_loss:100, rewards:-5.4411087, queue:1.6527778, delay:0.20606337, throughput:1704, R_real:-0.4440, components:{'queue': 0.009, 'delay': 0.0, 'waiting': 0.082, 'pressure': 0.0, 'switches': 0.0, 'fairness': 0.353}, raw_metrics:{'fairness': 0.0, 'emission': 82.583, 'fuel': 26.772, 'emergency_stops': 4.0, 'collisions': 0.0, 'ssm_conflicts': 171.0}
REAL_TRAIN step:115, travel time:53.90983606557377, q_loss:0.6454002, rewards:-5.4877768, queue:1.7, delay:0.2000901, throughput:1671, raw_metrics:{'fairness': 0.0, 'emission': 82.691, 'fuel': 26.807, 'emergency_stops': 5.0, 'collisions': 0.0, 'ssm_conflicts': 172.0}
real step:3600/3600
episode:115/200, oracle_loss:0.6454002
REAL_TRAIN step:116, travel time:63.880466472303205, q_loss:0.6492717, rewards:-5.9352775, queue:2.1166666, delay:0.2334965, throughput:1701, raw_metrics:{'fairness': 0.0, 'emission': 85.401, 'fuel': 27.686, 'emergency_stops': 6.0, 'collisions': 0.0, 'ssm_conflicts': 149.0}
real step:3600/3600
episode:116/200, oracle_loss:0.6492717
REAL_TEST step:116, travel time:53.4069970845481, q_loss:100, rewards:-5.526666, queue:1.7416667, delay:0.208495, throughput:1703, R_real:-0.4665, components:{'queue': 0.01, 'delay': 0.0, 'waiting': 0.063, 'pressure': 0.0, 'switches': 0.0, 'fairness': 0.394}, raw_metrics:{'fairness': 0.0, 'emission': 82.84, 'fuel': 26.855, 'emergency_stops': 6.0, 'collisions': 0.0, 'ssm_conflicts': 159.0}
REAL_TRAIN step:117, travel time:44.12594752186589, q_loss:0.6376654, rewards:-5.4077787, queue:1.6194445, delay:0.19584247, throughput:1705, raw_metrics:{'fairness': 0.0, 'emission': 82.287, 'fuel': 26.676, 'emergency_stops': 4.0, 'collisions': 0.0, 'ssm_conflicts': 184.0}
real step:3600/3600
episode:117/200, oracle_loss:0.6376654
REAL_TRAIN step:118, travel time:54.25364431486881, q_loss:0.6520773, rewards:-5.5113873, queue:1.7305555, delay:0.20263462, throughput:1701, raw_metrics:{'fairness': 0.0, 'emission': 83.022, 'fuel': 26.914, 'emergency_stops': 5.0, 'collisions': 0.0, 'ssm_conflicts': 173.0}
real step:3600/3600
episode:118/200, oracle_loss:0.6520773
REAL_TEST step:118, travel time:52.4069970845481, q_loss:100, rewards:-5.3749976, queue:1.6055555, delay:0.1981311, throughput:1695, R_real:-0.4311, components:{'queue': 0.009, 'delay': 0.0, 'waiting': 0.081, 'pressure': 0.0, 'switches': 0.0, 'fairness': 0.342}, raw_metrics:{'fairness': 0.0, 'emission': 81.826, 'fuel': 26.527, 'emergency_stops': 1.0, 'collisions': 0.0, 'ssm_conflicts': 152.0}
REAL_TRAIN step:119, travel time:46.71620046620047, q_loss:0.6745236, rewards:-5.5744443, queue:1.7916666, delay:0.20191363, throughput:1704, raw_metrics:{'fairness': 0.0, 'emission': 83.412, 'fuel': 27.041, 'emergency_stops': 4.0, 'collisions': 0.0, 'ssm_conflicts': 166.0}
real step:3600/3600
episode:119/200, oracle_loss:0.6745236
REAL_TRAIN step:120, travel time:47.007580174927114, q_loss:0.64727086, rewards:-5.4063888, queue:1.6333333, delay:0.2010517, throughput:1701, raw_metrics:{'fairness': 0.0, 'emission': 82.38, 'fuel': 26.706, 'emergency_stops': 3.0, 'collisions': 0.0, 'ssm_conflicts': 172.0}
real step:3600/3600
episode:120/200, oracle_loss:0.64727086
REAL_TEST step:120, travel time:47.779008746355686, q_loss:100, rewards:-5.4888897, queue:1.6805556, delay:0.20294882, throughput:1702, R_real:-0.3334, components:{'queue': 0.009, 'delay': 0.0, 'waiting': 0.05, 'pressure': 0.0, 'switches': 0.0, 'fairness': 0.275}, raw_metrics:{'fairness': 0.0, 'emission': 82.893, 'fuel': 26.873, 'emergency_stops': 4.0, 'collisions': 0.0, 'ssm_conflicts': 182.0}
REAL_TRAIN step:121, travel time:43.327696793002914, q_loss:0.6765649, rewards:-5.276665, queue:1.4722222, delay:0.18728134, throughput:1704, raw_metrics:{'fairness': 0.0, 'emission': 81.63, 'fuel': 26.463, 'emergency_stops': 5.0, 'collisions': 0.0, 'ssm_conflicts': 175.0}
real step:3600/3600
episode:121/200, oracle_loss:0.6765649
REAL_TRAIN step:122, travel time:50.23906705539358, q_loss:0.67659765, rewards:-5.3286114, queue:1.4888889, delay:0.19646132, throughput:1704, raw_metrics:{'fairness': 0.0, 'emission': 81.808, 'fuel': 26.521, 'emergency_stops': 5.0, 'collisions': 0.0, 'ssm_conflicts': 161.0}
real step:3600/3600
episode:122/200, oracle_loss:0.67659765
REAL_TEST step:122, travel time:46.903790087463555, q_loss:100, rewards:-5.432498, queue:1.5944444, delay:0.19737877, throughput:1704, R_real:-0.3271, components:{'queue': 0.009, 'delay': 0.0, 'waiting': 0.04, 'pressure': 0.0, 'switches': 0.0, 'fairness': 0.279}, raw_metrics:{'fairness': 0.0, 'emission': 82.674, 'fuel': 26.802, 'emergency_stops': 3.0, 'collisions': 0.0, 'ssm_conflicts': 187.0}
REAL_TRAIN step:123, travel time:50.05014577259475, q_loss:0.7096825, rewards:-5.3333335, queue:1.5305556, delay:0.1982065, throughput:1703, raw_metrics:{'fairness': 0.0, 'emission': 82.047, 'fuel': 26.598, 'emergency_stops': 1.0, 'collisions': 0.0, 'ssm_conflicts': 175.0}
real step:3600/3600
episode:123/200, oracle_loss:0.7096825
REAL_TRAIN step:124, travel time:45.754518950437316, q_loss:0.79474586, rewards:-5.3208313, queue:1.4861112, delay:0.1921062, throughput:1704, raw_metrics:{'fairness': 0.0, 'emission': 81.88, 'fuel': 26.544, 'emergency_stops': 3.0, 'collisions': 0.0, 'ssm_conflicts': 197.0}
real step:3600/3600
episode:124/200, oracle_loss:0.79474586
REAL_TEST step:124, travel time:50.3533527696793, q_loss:100, rewards:-5.545554, queue:1.7944444, delay:0.21197248, throughput:1702, R_real:-0.3438, components:{'queue': 0.01, 'delay': 0.0, 'waiting': 0.066, 'pressure': 0.0, 'switches': 0.0, 'fairness': 0.268}, raw_metrics:{'fairness': 0.0, 'emission': 83.145, 'fuel': 26.954, 'emergency_stops': 4.0, 'collisions': 0.0, 'ssm_conflicts': 156.0}
REAL_TRAIN step:125, travel time:47.500874635568515, q_loss:0.7472908, rewards:-5.468888, queue:1.6638889, delay:0.19555116, throughput:1703, raw_metrics:{'fairness': 0.0, 'emission': 82.845, 'fuel': 26.857, 'emergency_stops': 4.0, 'collisions': 0.0, 'ssm_conflicts': 167.0}
real step:3600/3600
episode:125/200, oracle_loss:0.7472908
REAL_TRAIN step:126, travel time:51.40932944606414, q_loss:0.7227665, rewards:-5.5175, queue:1.7194444, delay:0.20170373, throughput:1705, raw_metrics:{'fairness': 0.0, 'emission': 83.237, 'fuel': 26.984, 'emergency_stops': 6.0, 'collisions': 0.0, 'ssm_conflicts': 160.0}
real step:3600/3600
episode:126/200, oracle_loss:0.7227665
REAL_TEST step:126, travel time:46.09096209912536, q_loss:100, rewards:-5.3205557, queue:1.4972222, delay:0.18840803, throughput:1704, R_real:-0.3088, components:{'queue': 0.008, 'delay': 0.0, 'waiting': 0.048, 'pressure': 0.0, 'switches': 0.0, 'fairness': 0.252}, raw_metrics:{'fairness': 0.0, 'emission': 81.561, 'fuel': 26.441, 'emergency_stops': 3.0, 'collisions': 0.0, 'ssm_conflicts': 151.0}
REAL_TRAIN step:127, travel time:48.5865889212828, q_loss:0.772695, rewards:-5.267222, queue:1.3916667, delay:0.18884027, throughput:1705, raw_metrics:{'fairness': 0.0, 'emission': 81.891, 'fuel': 26.548, 'emergency_stops': 4.0, 'collisions': 0.0, 'ssm_conflicts': 180.0}
real step:3600/3600
episode:127/200, oracle_loss:0.772695
REAL_TRAIN step:128, travel time:51.31137026239067, q_loss:0.73163503, rewards:-5.4241686, queue:1.6, delay:0.1928044, throughput:1704, raw_metrics:{'fairness': 0.0, 'emission': 82.643, 'fuel': 26.792, 'emergency_stops': 2.0, 'collisions': 0.0, 'ssm_conflicts': 172.0}
real step:3600/3600
episode:128/200, oracle_loss:0.73163503
REAL_TEST step:128, travel time:47.66239067055393, q_loss:100, rewards:-5.293052, queue:1.4638889, delay:0.18877146, throughput:1704, R_real:-0.3127, components:{'queue': 0.008, 'delay': 0.0, 'waiting': 0.043, 'pressure': 0.0, 'switches': 0.0, 'fairness': 0.262}, raw_metrics:{'fairness': 0.0, 'emission': 81.984, 'fuel': 26.578, 'emergency_stops': 3.0, 'collisions': 0.0, 'ssm_conflicts': 189.0}
REAL_TRAIN step:129, travel time:46.95102040816327, q_loss:0.78026277, rewards:-5.51611, queue:1.7305555, delay:0.19982634, throughput:1703, raw_metrics:{'fairness': 0.0, 'emission': 83.202, 'fuel': 26.973, 'emergency_stops': 5.0, 'collisions': 0.0, 'ssm_conflicts': 188.0}
real step:3600/3600
episode:129/200, oracle_loss:0.78026277
REAL_TRAIN step:130, travel time:55.627405247813414, q_loss:0.7253374, rewards:-5.5269465, queue:1.775, delay:0.20443073, throughput:1705, raw_metrics:{'fairness': 0.0, 'emission': 82.862, 'fuel': 26.863, 'emergency_stops': 3.0, 'collisions': 0.0, 'ssm_conflicts': 146.0}
real step:3600/3600
episode:130/200, oracle_loss:0.7253374
REAL_TEST step:130, travel time:43.816909620991254, q_loss:100, rewards:-5.2819433, queue:1.475, delay:0.19067836, throughput:1704, R_real:-0.3359, components:{'queue': 0.008, 'delay': 0.0, 'waiting': 0.037, 'pressure': 0.0, 'switches': 0.0, 'fairness': 0.291}, raw_metrics:{'fairness': 0.0, 'emission': 81.774, 'fuel': 26.51, 'emergency_stops': 5.0, 'collisions': 0.0, 'ssm_conflicts': 180.0}
REAL_TRAIN step:131, travel time:48.72478134110787, q_loss:0.6929815, rewards:-5.3205557, queue:1.4944445, delay:0.18815827, throughput:1700, raw_metrics:{'fairness': 0.0, 'emission': 81.917, 'fuel': 26.556, 'emergency_stops': 4.0, 'collisions': 0.0, 'ssm_conflicts': 177.0}
real step:3600/3600
episode:131/200, oracle_loss:0.6929815
REAL_TRAIN step:132, travel time:52.62157434402332, q_loss:0.7132149, rewards:-5.465555, queue:1.6833333, delay:0.20153378, throughput:1703, raw_metrics:{'fairness': 0.0, 'emission': 82.93, 'fuel': 26.885, 'emergency_stops': 3.0, 'collisions': 0.0, 'ssm_conflicts': 161.0}
real step:3600/3600
episode:132/200, oracle_loss:0.7132149
REAL_TEST step:132, travel time:48.245481049562684, q_loss:100, rewards:-5.4227777, queue:1.6333333, delay:0.1921865, throughput:1704, R_real:-0.5176, components:{'queue': 0.009, 'delay': 0.0, 'waiting': 0.053, 'pressure': 0.0, 'switches': 0.0, 'fairness': 0.456}, raw_metrics:{'fairness': 0.0, 'emission': 82.231, 'fuel': 26.658, 'emergency_stops': 5.0, 'collisions': 0.0, 'ssm_conflicts': 151.0}
REAL_TRAIN step:133, travel time:47.466472303207, q_loss:0.6722183, rewards:-5.318889, queue:1.4666667, delay:0.18803817, throughput:1703, raw_metrics:{'fairness': 0.0, 'emission': 82.07, 'fuel': 26.606, 'emergency_stops': 2.0, 'collisions': 0.0, 'ssm_conflicts': 196.0}
real step:3600/3600
episode:133/200, oracle_loss:0.6722183
REAL_TRAIN step:134, travel time:47.988921282798835, q_loss:0.7018378, rewards:-5.5661106, queue:1.7361112, delay:0.19142295, throughput:1704, raw_metrics:{'fairness': 0.0, 'emission': 83.375, 'fuel': 27.029, 'emergency_stops': 6.0, 'collisions': 0.0, 'ssm_conflicts': 201.0}
real step:3600/3600
episode:134/200, oracle_loss:0.7018378
REAL_TEST step:134, travel time:276.8271474019088, q_loss:100, rewards:-65.4272, queue:64.333336, delay:0.41444266, throughput:849, R_real:-77.7148, components:{'queue': 0.286, 'delay': 0.0, 'waiting': 76.29, 'pressure': 0.0, 'switches': 0.0, 'fairness': 1.139}, raw_metrics:{'fairness': 35.0, 'emission': 379.988, 'fuel': 123.19, 'emergency_stops': 0.0, 'collisions': 0.0, 'ssm_conflicts': 141.0}
REAL_TRAIN step:135, travel time:55.071137026239064, q_loss:0.6524016, rewards:-7.079444, queue:3.3305554, delay:0.21306022, throughput:1698, raw_metrics:{'fairness': 0.0, 'emission': 91.516, 'fuel': 29.668, 'emergency_stops': 1.0, 'collisions': 0.0, 'ssm_conflicts': 220.0}
real step:3600/3600
episode:135/200, oracle_loss:0.6524016
REAL_TRAIN step:136, travel time:47.09271137026239, q_loss:0.6696482, rewards:-5.565556, queue:1.7305555, delay:0.19014545, throughput:1705, raw_metrics:{'fairness': 0.0, 'emission': 83.338, 'fuel': 27.017, 'emergency_stops': 2.0, 'collisions': 0.0, 'ssm_conflicts': 198.0}
real step:3600/3600
episode:136/200, oracle_loss:0.6696482
REAL_TEST step:136, travel time:50.29795918367347, q_loss:100, rewards:-5.4644437, queue:1.6305555, delay:0.19077016, throughput:1703, R_real:-0.3546, components:{'queue': 0.009, 'delay': 0.0, 'waiting': 0.053, 'pressure': 0.0, 'switches': 0.0, 'fairness': 0.293}, raw_metrics:{'fairness': 0.0, 'emission': 82.39, 'fuel': 26.709, 'emergency_stops': 3.0, 'collisions': 0.0, 'ssm_conflicts': 151.0}
REAL_TRAIN step:137, travel time:50.2728862973761, q_loss:0.6442328, rewards:-5.616111, queue:1.6944444, delay:0.1952216, throughput:1703, raw_metrics:{'fairness': 0.0, 'emission': 83.463, 'fuel': 27.058, 'emergency_stops': 5.0, 'collisions': 0.0, 'ssm_conflicts': 211.0}
real step:3600/3600
episode:137/200, oracle_loss:0.6442328
REAL_TRAIN step:138, travel time:46.498542274052475, q_loss:0.6432407, rewards:-5.412776, queue:1.5527778, delay:0.18317433, throughput:1699, raw_metrics:{'fairness': 0.0, 'emission': 82.169, 'fuel': 26.638, 'emergency_stops': 1.0, 'collisions': 0.0, 'ssm_conflicts': 185.0}
real step:3600/3600
episode:138/200, oracle_loss:0.6432407
REAL_TEST step:138, travel time:43.97725947521866, q_loss:100, rewards:-5.306389, queue:1.4666667, delay:0.18726894, throughput:1703, R_real:-0.3342, components:{'queue': 0.008, 'delay': 0.0, 'waiting': 0.038, 'pressure': 0.0, 'switches': 0.0, 'fairness': 0.289}, raw_metrics:{'fairness': 0.0, 'emission': 81.646, 'fuel': 26.468, 'emergency_stops': 2.0, 'collisions': 0.0, 'ssm_conflicts': 188.0}
REAL_TRAIN step:139, travel time:42.55043731778426, q_loss:0.60072964, rewards:-5.659999, queue:1.8083333, delay:0.19420865, throughput:1705, raw_metrics:{'fairness': 0.0, 'emission': 83.765, 'fuel': 27.156, 'emergency_stops': 2.0, 'collisions': 0.0, 'ssm_conflicts': 204.0}
real step:3600/3600
episode:139/200, oracle_loss:0.60072964
REAL_TRAIN step:140, travel time:44.40349854227405, q_loss:0.6321076, rewards:-5.5697203, queue:1.725, delay:0.18488346, throughput:1702, raw_metrics:{'fairness': 0.0, 'emission': 83.182, 'fuel': 26.966, 'emergency_stops': 4.0, 'collisions': 0.0, 'ssm_conflicts': 222.0}
real step:3600/3600
episode:140/200, oracle_loss:0.6321076
REAL_TEST step:140, travel time:42.8734693877551, q_loss:100, rewards:-5.3491664, queue:1.4861112, delay:0.18888357, throughput:1702, R_real:-0.2607, components:{'queue': 0.008, 'delay': 0.0, 'waiting': 0.041, 'pressure': 0.0, 'switches': 0.0, 'fairness': 0.212}, raw_metrics:{'fairness': 0.0, 'emission': 81.901, 'fuel': 26.551, 'emergency_stops': 5.0, 'collisions': 0.0, 'ssm_conflicts': 198.0}
REAL_TRAIN step:141, travel time:49.756851311953355, q_loss:0.6443154, rewards:-5.429999, queue:1.6, delay:0.19773093, throughput:1701, raw_metrics:{'fairness': 0.0, 'emission': 82.572, 'fuel': 26.768, 'emergency_stops': 1.0, 'collisions': 0.0, 'ssm_conflicts': 205.0}
real step:3600/3600
episode:141/200, oracle_loss:0.6443154
REAL_TRAIN step:142, travel time:50.95568513119534, q_loss:0.6496126, rewards:-5.592222, queue:1.775, delay:0.2089146, throughput:1704, raw_metrics:{'fairness': 0.0, 'emission': 83.442, 'fuel': 27.051, 'emergency_stops': 5.0, 'collisions': 0.0, 'ssm_conflicts': 184.0}
real step:3600/3600
episode:142/200, oracle_loss:0.6496126
REAL_TEST step:142, travel time:59.752941176470586, q_loss:100, rewards:-5.546944, queue:1.7916666, delay:0.21100406, throughput:1674, R_real:-0.4625, components:{'queue': 0.01, 'delay': 0.0, 'waiting': 0.077, 'pressure': 0.0, 'switches': 0.0, 'fairness': 0.375}, raw_metrics:{'fairness': 0.0, 'emission': 82.897, 'fuel': 26.874, 'emergency_stops': 4.0, 'collisions': 0.0, 'ssm_conflicts': 127.0}
REAL_TRAIN step:143, travel time:48.08104956268222, q_loss:0.6138824, rewards:-5.350555, queue:1.5277778, delay:0.19590603, throughput:1704, raw_metrics:{'fairness': 0.0, 'emission': 82.513, 'fuel': 26.749, 'emergency_stops': 2.0, 'collisions': 0.0, 'ssm_conflicts': 189.0}
real step:3600/3600
episode:143/200, oracle_loss:0.6138824
REAL_TRAIN step:144, travel time:47.89212827988338, q_loss:0.5966788, rewards:-5.368333, queue:1.5194445, delay:0.19165595, throughput:1698, raw_metrics:{'fairness': 0.0, 'emission': 82.438, 'fuel': 26.725, 'emergency_stops': 9.0, 'collisions': 0.0, 'ssm_conflicts': 221.0}
real step:3600/3600
episode:144/200, oracle_loss:0.5966788
REAL_TEST step:144, travel time:49.32069970845481, q_loss:100, rewards:-5.5122204, queue:1.6944444, delay:0.19815727, throughput:1705, R_real:-0.2598, components:{'queue': 0.009, 'delay': 0.0, 'waiting': 0.046, 'pressure': 0.0, 'switches': 0.0, 'fairness': 0.205}, raw_metrics:{'fairness': 0.0, 'emission': 83.208, 'fuel': 26.975, 'emergency_stops': 6.0, 'collisions': 0.0, 'ssm_conflicts': 193.0}
REAL_TRAIN step:145, travel time:52.57900874635568, q_loss:0.5772782, rewards:-5.556668, queue:1.7138889, delay:0.19728625, throughput:1705, raw_metrics:{'fairness': 0.0, 'emission': 83.351, 'fuel': 27.021, 'emergency_stops': 5.0, 'collisions': 0.0, 'ssm_conflicts': 191.0}
real step:3600/3600
episode:145/200, oracle_loss:0.5772782
REAL_TRAIN step:146, travel time:49.48979591836735, q_loss:0.58341014, rewards:-5.3511105, queue:1.5833334, delay:0.19124648, throughput:1701, raw_metrics:{'fairness': 0.0, 'emission': 82.277, 'fuel': 26.673, 'emergency_stops': 5.0, 'collisions': 0.0, 'ssm_conflicts': 180.0}
real step:3600/3600
episode:146/200, oracle_loss:0.58341014
REAL_TEST step:146, travel time:51.19125364431487, q_loss:100, rewards:-5.4175, queue:1.5833334, delay:0.19726136, throughput:1702, R_real:-0.3436, components:{'queue': 0.009, 'delay': 0.0, 'waiting': 0.048, 'pressure': 0.0, 'switches': 0.0, 'fairness': 0.287}, raw_metrics:{'fairness': 0.0, 'emission': 82.554, 'fuel': 26.763, 'emergency_stops': 1.0, 'collisions': 0.0, 'ssm_conflicts': 163.0}
REAL_TRAIN step:147, travel time:50.36326530612245, q_loss:0.6652975, rewards:-5.482501, queue:1.6583333, delay:0.19588587, throughput:1705, raw_metrics:{'fairness': 0.0, 'emission': 82.984, 'fuel': 26.902, 'emergency_stops': 1.0, 'collisions': 0.0, 'ssm_conflicts': 178.0}
real step:3600/3600
episode:147/200, oracle_loss:0.6652975
REAL_TRAIN step:148, travel time:45.68629737609329, q_loss:0.63203686, rewards:-5.441665, queue:1.5833334, delay:0.19432284, throughput:1703, raw_metrics:{'fairness': 0.0, 'emission': 82.887, 'fuel': 26.871, 'emergency_stops': 3.0, 'collisions': 0.0, 'ssm_conflicts': 219.0}
real step:3600/3600
episode:148/200, oracle_loss:0.63203686
REAL_TEST step:148, travel time:48.880466472303205, q_loss:100, rewards:-5.570833, queue:1.7388889, delay:0.20874646, throughput:1701, R_real:-0.4143, components:{'queue': 0.01, 'delay': 0.0, 'waiting': 0.045, 'pressure': 0.0, 'switches': 0.0, 'fairness': 0.36}, raw_metrics:{'fairness': 0.0, 'emission': 83.621, 'fuel': 27.109, 'emergency_stops': 6.0, 'collisions': 0.0, 'ssm_conflicts': 213.0}
REAL_TRAIN step:149, travel time:45.094460641399415, q_loss:0.6177465, rewards:-5.383612, queue:1.5833334, delay:0.19202724, throughput:1705, raw_metrics:{'fairness': 0.0, 'emission': 82.425, 'fuel': 26.721, 'emergency_stops': 6.0, 'collisions': 0.0, 'ssm_conflicts': 178.0}
real step:3600/3600
episode:149/200, oracle_loss:0.6177465
REAL_TRAIN step:150, travel time:48.12769679300292, q_loss:0.61838716, rewards:-5.4977765, queue:1.6555556, delay:0.20220993, throughput:1694, raw_metrics:{'fairness': 0.0, 'emission': 82.622, 'fuel': 26.785, 'emergency_stops': 2.0, 'collisions': 0.0, 'ssm_conflicts': 185.0}
real step:3600/3600
episode:150/200, oracle_loss:0.61838716
REAL_TEST step:150, travel time:44.55218658892128, q_loss:100, rewards:-5.6188912, queue:1.7361112, delay:0.20446981, throughput:1705, R_real:-0.3076, components:{'queue': 0.009, 'delay': 0.0, 'waiting': 0.034, 'pressure': 0.0, 'switches': 0.0, 'fairness': 0.265}, raw_metrics:{'fairness': 0.0, 'emission': 84.207, 'fuel': 27.299, 'emergency_stops': 9.0, 'collisions': 0.0, 'ssm_conflicts': 238.0}
REAL_TRAIN step:151, travel time:50.67930029154519, q_loss:0.53773284, rewards:-5.4902782, queue:1.7194444, delay:0.20055376, throughput:1704, raw_metrics:{'fairness': 0.0, 'emission': 82.91, 'fuel': 26.878, 'emergency_stops': 6.0, 'collisions': 0.0, 'ssm_conflicts': 166.0}
real step:3600/3600
episode:151/200, oracle_loss:0.53773284
REAL_TRAIN step:152, travel time:50.291545189504376, q_loss:0.5742848, rewards:-5.593609, queue:1.7611111, delay:0.20827438, throughput:1704, raw_metrics:{'fairness': 0.0, 'emission': 83.724, 'fuel': 27.142, 'emergency_stops': 3.0, 'collisions': 0.0, 'ssm_conflicts': 187.0}
real step:3600/3600
episode:152/200, oracle_loss:0.5742848
REAL_TEST step:152, travel time:50.034985422740526, q_loss:100, rewards:-5.551942, queue:1.7111111, delay:0.20267397, throughput:1704, R_real:-0.3930, components:{'queue': 0.009, 'delay': 0.0, 'waiting': 0.056, 'pressure': 0.0, 'switches': 0.0, 'fairness': 0.327}, raw_metrics:{'fairness': 0.0, 'emission': 83.574, 'fuel': 27.093, 'emergency_stops': 4.0, 'collisions': 1.0, 'ssm_conflicts': 202.0}
REAL_TRAIN step:153, travel time:49.83498542274052, q_loss:0.61721957, rewards:-5.4636106, queue:1.6305555, delay:0.19694212, throughput:1704, raw_metrics:{'fairness': 0.0, 'emission': 83.137, 'fuel': 26.952, 'emergency_stops': 10.0, 'collisions': 0.0, 'ssm_conflicts': 181.0}
real step:3600/3600
episode:153/200, oracle_loss:0.61721957
REAL_TRAIN step:154, travel time:51.500874635568515, q_loss:0.56680495, rewards:-5.5066643, queue:1.6611111, delay:0.20630817, throughput:1704, raw_metrics:{'fairness': 0.0, 'emission': 83.079, 'fuel': 26.933, 'emergency_stops': 3.0, 'collisions': 0.0, 'ssm_conflicts': 191.0}
real step:3600/3600
episode:154/200, oracle_loss:0.56680495
REAL_TEST step:154, travel time:52.54020979020979, q_loss:100, rewards:-5.655001, queue:1.7777778, delay:0.21752383, throughput:1697, R_real:-0.2758, components:{'queue': 0.01, 'delay': 0.0, 'waiting': 0.07, 'pressure': 0.0, 'switches': 0.0, 'fairness': 0.196}, raw_metrics:{'fairness': 0.0, 'emission': 83.957, 'fuel': 27.218, 'emergency_stops': 4.0, 'collisions': 0.0, 'ssm_conflicts': 166.0}
REAL_TRAIN step:155, travel time:54.14935822637106, q_loss:0.5245103, rewards:-5.5141654, queue:1.6833333, delay:0.20400776, throughput:1689, raw_metrics:{'fairness': 0.0, 'emission': 83.053, 'fuel': 26.925, 'emergency_stops': 4.0, 'collisions': 0.0, 'ssm_conflicts': 169.0}
real step:3600/3600
episode:155/200, oracle_loss:0.5245103
REAL_TRAIN step:156, travel time:60.70684610883558, q_loss:0.5395616, rewards:-5.410833, queue:1.6111112, delay:0.20642821, throughput:1683, raw_metrics:{'fairness': 0.0, 'emission': 82.435, 'fuel': 26.724, 'emergency_stops': 4.0, 'collisions': 0.0, 'ssm_conflicts': 154.0}
real step:3600/3600
episode:156/200, oracle_loss:0.5395616
REAL_TEST step:156, travel time:48.95510204081633, q_loss:100, rewards:-5.4366665, queue:1.5666667, delay:0.19909912, throughput:1704, R_real:-0.2458, components:{'queue': 0.009, 'delay': 0.0, 'waiting': 0.051, 'pressure': 0.0, 'switches': 0.0, 'fairness': 0.186}, raw_metrics:{'fairness': 0.0, 'emission': 82.538, 'fuel': 26.757, 'emergency_stops': 2.0, 'collisions': 0.0, 'ssm_conflicts': 189.0}
REAL_TRAIN step:157, travel time:51.25072886297376, q_loss:0.553604, rewards:-5.467781, queue:1.6, delay:0.19887526, throughput:1704, raw_metrics:{'fairness': 0.0, 'emission': 82.888, 'fuel': 26.871, 'emergency_stops': 4.0, 'collisions': 0.0, 'ssm_conflicts': 189.0}
real step:3600/3600
episode:157/200, oracle_loss:0.553604
REAL_TRAIN step:158, travel time:50.2728862973761, q_loss:0.50798917, rewards:-5.4347186, queue:1.6305555, delay:0.19728208, throughput:1704, raw_metrics:{'fairness': 0.0, 'emission': 82.713, 'fuel': 26.814, 'emergency_stops': 5.0, 'collisions': 0.0, 'ssm_conflicts': 175.0}
real step:3600/3600
episode:158/200, oracle_loss:0.50798917
REAL_TEST step:158, travel time:50.903790087463555, q_loss:100, rewards:-5.315556, queue:1.4944445, delay:0.19540745, throughput:1704, R_real:-0.4049, components:{'queue': 0.008, 'delay': 0.0, 'waiting': 0.058, 'pressure': 0.0, 'switches': 0.0, 'fairness': 0.339}, raw_metrics:{'fairness': 0.0, 'emission': 81.837, 'fuel': 26.53, 'emergency_stops': 2.0, 'collisions': 0.0, 'ssm_conflicts': 174.0}
REAL_TRAIN step:159, travel time:55.291642314436004, q_loss:0.5155077, rewards:-5.40861, queue:1.575, delay:0.20644024, throughput:1670, raw_metrics:{'fairness': 0.0, 'emission': 81.99, 'fuel': 26.58, 'emergency_stops': 1.0, 'collisions': 0.0, 'ssm_conflicts': 169.0}
real step:3600/3600
episode:159/200, oracle_loss:0.5155077
REAL_TRAIN step:160, travel time:53.70320699708455, q_loss:0.5040888, rewards:-5.7183323, queue:1.8777778, delay:0.21276398, throughput:1697, raw_metrics:{'fairness': 0.0, 'emission': 84.414, 'fuel': 27.366, 'emergency_stops': 6.0, 'collisions': 0.0, 'ssm_conflicts': 178.0}
real step:3600/3600
episode:160/200, oracle_loss:0.5040888
REAL_TEST step:160, travel time:49.76734693877551, q_loss:100, rewards:-5.2758307, queue:1.4333333, delay:0.18755622, throughput:1703, R_real:-0.2903, components:{'queue': 0.008, 'delay': 0.0, 'waiting': 0.055, 'pressure': 0.0, 'switches': 0.0, 'fairness': 0.227}, raw_metrics:{'fairness': 0.0, 'emission': 81.802, 'fuel': 26.519, 'emergency_stops': 4.0, 'collisions': 0.0, 'ssm_conflicts': 179.0}
REAL_TRAIN step:161, travel time:51.879883381924195, q_loss:0.5128471, rewards:-5.521108, queue:1.7361112, delay:0.2073398, throughput:1703, raw_metrics:{'fairness': 0.0, 'emission': 83.171, 'fuel': 26.963, 'emergency_stops': 4.0, 'collisions': 0.0, 'ssm_conflicts': 169.0}
real step:3600/3600
episode:161/200, oracle_loss:0.5128471
REAL_TRAIN step:162, travel time:56.21224489795918, q_loss:0.5492765, rewards:-5.510832, queue:1.6416667, delay:0.2018614, throughput:1693, raw_metrics:{'fairness': 0.0, 'emission': 83.212, 'fuel': 26.976, 'emergency_stops': 4.0, 'collisions': 0.0, 'ssm_conflicts': 200.0}
real step:3600/3600
episode:162/200, oracle_loss:0.5492765
REAL_TEST step:162, travel time:53.44489795918367, q_loss:100, rewards:-5.226943, queue:1.4222223, delay:0.19573554, throughput:1704, R_real:-0.3066, components:{'queue': 0.008, 'delay': 0.0, 'waiting': 0.055, 'pressure': 0.0, 'switches': 0.0, 'fairness': 0.244}, raw_metrics:{'fairness': 0.0, 'emission': 81.292, 'fuel': 26.354, 'emergency_stops': 4.0, 'collisions': 0.0, 'ssm_conflicts': 150.0}
REAL_TRAIN step:163, travel time:44.02740524781341, q_loss:0.5423739, rewards:-5.469724, queue:1.6083333, delay:0.19428094, throughput:1704, raw_metrics:{'fairness': 0.0, 'emission': 83.249, 'fuel': 26.988, 'emergency_stops': 4.0, 'collisions': 0.0, 'ssm_conflicts': 228.0}
real step:3600/3600
episode:163/200, oracle_loss:0.5423739
REAL_TRAIN step:164, travel time:55.06472303206997, q_loss:0.5107132, rewards:-5.470833, queue:1.65, delay:0.20489362, throughput:1704, raw_metrics:{'fairness': 0.0, 'emission': 82.659, 'fuel': 26.797, 'emergency_stops': 2.0, 'collisions': 0.0, 'ssm_conflicts': 157.0}
real step:3600/3600
episode:164/200, oracle_loss:0.5107132
REAL_TEST step:164, travel time:67.52594752186589, q_loss:100, rewards:-5.9369464, queue:2.175, delay:0.23536523, throughput:1697, R_real:-0.5103, components:{'queue': 0.012, 'delay': 0.0, 'waiting': 0.102, 'pressure': 0.0, 'switches': 0.0, 'fairness': 0.396}, raw_metrics:{'fairness': 0.0, 'emission': 85.277, 'fuel': 27.646, 'emergency_stops': 4.0, 'collisions': 0.0, 'ssm_conflicts': 141.0}
REAL_TRAIN step:165, travel time:63.75117924528302, q_loss:0.5242288, rewards:-5.626666, queue:1.8611112, delay:0.21882623, throughput:1669, raw_metrics:{'fairness': 0.0, 'emission': 83.487, 'fuel': 27.065, 'emergency_stops': 4.0, 'collisions': 0.0, 'ssm_conflicts': 146.0}
real step:3600/3600
episode:165/200, oracle_loss:0.5242288
REAL_TRAIN step:166, travel time:65.75651658767772, q_loss:0.53885233, rewards:-5.6391687, queue:1.8611112, delay:0.21227306, throughput:1663, raw_metrics:{'fairness': 0.0, 'emission': 83.669, 'fuel': 27.124, 'emergency_stops': 4.0, 'collisions': 0.0, 'ssm_conflicts': 149.0}
real step:3600/3600
episode:166/200, oracle_loss:0.53885233
REAL_TEST step:166, travel time:54.61224489795919, q_loss:100, rewards:-5.6480546, queue:1.8583333, delay:0.21308553, throughput:1704, R_real:-0.3677, components:{'queue': 0.01, 'delay': 0.0, 'waiting': 0.062, 'pressure': 0.0, 'switches': 0.0, 'fairness': 0.296}, raw_metrics:{'fairness': 0.0, 'emission': 83.845, 'fuel': 27.181, 'emergency_stops': 3.0, 'collisions': 0.0, 'ssm_conflicts': 199.0}
REAL_TRAIN step:167, travel time:57.80758017492711, q_loss:0.6285001, rewards:-5.5699987, queue:1.7972223, delay:0.2129473, throughput:1704, raw_metrics:{'fairness': 0.0, 'emission': 83.063, 'fuel': 26.928, 'emergency_stops': 0.0, 'collisions': 0.0, 'ssm_conflicts': 144.0}
real step:3600/3600
episode:167/200, oracle_loss:0.6285001
REAL_TRAIN step:168, travel time:51.70145772594752, q_loss:0.6566086, rewards:-5.7477775, queue:1.95, delay:0.2115968, throughput:1688, raw_metrics:{'fairness': 0.0, 'emission': 84.047, 'fuel': 27.247, 'emergency_stops': 2.0, 'collisions': 0.0, 'ssm_conflicts': 151.0}
real step:3600/3600
episode:168/200, oracle_loss:0.6566086
REAL_TEST step:168, travel time:57.15276967930029, q_loss:100, rewards:-5.3202777, queue:1.5888889, delay:0.20479529, throughput:1705, R_real:-0.4640, components:{'queue': 0.009, 'delay': 0.0, 'waiting': 0.07, 'pressure': 0.0, 'switches': 0.0, 'fairness': 0.385}, raw_metrics:{'fairness': 0.0, 'emission': 82.002, 'fuel': 26.584, 'emergency_stops': 2.0, 'collisions': 0.0, 'ssm_conflicts': 141.0}
REAL_TRAIN step:169, travel time:65.56537102473499, q_loss:0.6285733, rewards:-5.71778, queue:1.9916667, delay:0.21275967, throughput:1670, raw_metrics:{'fairness': 0.0, 'emission': 83.972, 'fuel': 27.223, 'emergency_stops': 4.0, 'collisions': 0.0, 'ssm_conflicts': 137.0}
real step:3600/3600
episode:169/200, oracle_loss:0.6285733
REAL_TRAIN step:170, travel time:53.90675990675991, q_loss:0.6255361, rewards:-5.5775013, queue:1.8194444, delay:0.21200672, throughput:1705, raw_metrics:{'fairness': 0.0, 'emission': 83.394, 'fuel': 27.035, 'emergency_stops': 3.0, 'collisions': 0.0, 'ssm_conflicts': 139.0}
real step:3600/3600
episode:170/200, oracle_loss:0.6255361
REAL_TEST step:170, travel time:45.27755102040816, q_loss:100, rewards:-5.2683334, queue:1.4805555, delay:0.18866318, throughput:1704, R_real:-0.3084, components:{'queue': 0.008, 'delay': 0.0, 'waiting': 0.032, 'pressure': 0.0, 'switches': 0.0, 'fairness': 0.269}, raw_metrics:{'fairness': 0.0, 'emission': 81.781, 'fuel': 26.512, 'emergency_stops': 5.0, 'collisions': 0.0, 'ssm_conflicts': 163.0}
REAL_TRAIN step:171, travel time:52.61865889212828, q_loss:0.6314702, rewards:-5.5186124, queue:1.7555555, delay:0.2055802, throughput:1702, raw_metrics:{'fairness': 0.0, 'emission': 82.745, 'fuel': 26.825, 'emergency_stops': 1.0, 'collisions': 0.0, 'ssm_conflicts': 144.0}
real step:3600/3600
episode:171/200, oracle_loss:0.6314702
REAL_TRAIN step:172, travel time:51.012827988338195, q_loss:0.6573352, rewards:-5.332774, queue:1.5888889, delay:0.19875658, throughput:1704, raw_metrics:{'fairness': 0.0, 'emission': 81.844, 'fuel': 26.533, 'emergency_stops': 3.0, 'collisions': 0.0, 'ssm_conflicts': 139.0}
real step:3600/3600
episode:172/200, oracle_loss:0.6573352
REAL_TEST step:172, travel time:51.582507288629735, q_loss:100, rewards:-5.830279, queue:2.1055555, delay:0.21964428, throughput:1704, R_real:-0.5592, components:{'queue': 0.012, 'delay': 0.0, 'waiting': 0.071, 'pressure': 0.0, 'switches': 0.0, 'fairness': 0.477}, raw_metrics:{'fairness': 0.0, 'emission': 84.889, 'fuel': 27.52, 'emergency_stops': 6.0, 'collisions': 0.0, 'ssm_conflicts': 147.0}
REAL_TRAIN step:173, travel time:52.59766763848396, q_loss:0.61921626, rewards:-5.7352757, queue:1.9694444, delay:0.21562365, throughput:1704, raw_metrics:{'fairness': 0.0, 'emission': 84.311, 'fuel': 27.333, 'emergency_stops': 1.0, 'collisions': 0.0, 'ssm_conflicts': 156.0}
real step:3600/3600
episode:173/200, oracle_loss:0.61921626
REAL_TRAIN step:174, travel time:55.31137026239067, q_loss:0.6538389, rewards:-5.492501, queue:1.7166667, delay:0.20184992, throughput:1697, raw_metrics:{'fairness': 0.0, 'emission': 82.907, 'fuel': 26.877, 'emergency_stops': 2.0, 'collisions': 0.0, 'ssm_conflicts': 144.0}
real step:3600/3600
episode:174/200, oracle_loss:0.6538389
REAL_TEST step:174, travel time:48.91486880466472, q_loss:100, rewards:-5.3825006, queue:1.5694444, delay:0.19445786, throughput:1704, R_real:-0.2766, components:{'queue': 0.009, 'delay': 0.0, 'waiting': 0.045, 'pressure': 0.0, 'switches': 0.0, 'fairness': 0.223}, raw_metrics:{'fairness': 0.0, 'emission': 82.305, 'fuel': 26.682, 'emergency_stops': 4.0, 'collisions': 0.0, 'ssm_conflicts': 135.0}
REAL_TRAIN step:175, travel time:51.71137026239067, q_loss:0.663318, rewards:-5.5513897, queue:1.7027777, delay:0.2014288, throughput:1704, raw_metrics:{'fairness': 0.0, 'emission': 83.37, 'fuel': 27.027, 'emergency_stops': 5.0, 'collisions': 0.0, 'ssm_conflicts': 160.0}
real step:3600/3600
episode:175/200, oracle_loss:0.663318
REAL_TRAIN step:176, travel time:49.47288629737609, q_loss:0.6121451, rewards:-5.5247197, queue:1.6861111, delay:0.20130946, throughput:1702, raw_metrics:{'fairness': 0.0, 'emission': 83.271, 'fuel': 26.995, 'emergency_stops': 2.0, 'collisions': 0.0, 'ssm_conflicts': 174.0}
real step:3600/3600
episode:176/200, oracle_loss:0.6121451
REAL_TEST step:176, travel time:53.0396501457726, q_loss:100, rewards:-5.710003, queue:1.8972223, delay:0.212649, throughput:1700, R_real:-0.3963, components:{'queue': 0.01, 'delay': 0.0, 'waiting': 0.062, 'pressure': 0.0, 'switches': 0.0, 'fairness': 0.324}, raw_metrics:{'fairness': 0.0, 'emission': 84.233, 'fuel': 27.307, 'emergency_stops': 6.0, 'collisions': 0.0, 'ssm_conflicts': 154.0}
REAL_TRAIN step:177, travel time:52.345571095571096, q_loss:0.68069214, rewards:-5.6083326, queue:1.7777778, delay:0.2006309, throughput:1705, raw_metrics:{'fairness': 0.0, 'emission': 83.446, 'fuel': 27.052, 'emergency_stops': 3.0, 'collisions': 0.0, 'ssm_conflicts': 171.0}
real step:3600/3600
episode:177/200, oracle_loss:0.68069214
REAL_TRAIN step:178, travel time:50.352186588921285, q_loss:0.70120466, rewards:-5.5230565, queue:1.725, delay:0.20480688, throughput:1704, raw_metrics:{'fairness': 0.0, 'emission': 83.185, 'fuel': 26.967, 'emergency_stops': 2.0, 'collisions': 0.0, 'ssm_conflicts': 169.0}
real step:3600/3600
episode:178/200, oracle_loss:0.70120466
REAL_TEST step:178, travel time:56.523032069970846, q_loss:100, rewards:-5.5841656, queue:1.8, delay:0.20910725, throughput:1688, R_real:-0.4876, components:{'queue': 0.01, 'delay': 0.0, 'waiting': 0.063, 'pressure': 0.0, 'switches': 0.0, 'fairness': 0.415}, raw_metrics:{'fairness': 0.0, 'emission': 83.381, 'fuel': 27.031, 'emergency_stops': 3.0, 'collisions': 0.0, 'ssm_conflicts': 149.0}
REAL_TRAIN step:179, travel time:48.04489795918367, q_loss:0.65138954, rewards:-5.487499, queue:1.65, delay:0.19684246, throughput:1702, raw_metrics:{'fairness': 0.0, 'emission': 83.013, 'fuel': 26.912, 'emergency_stops': 7.0, 'collisions': 0.0, 'ssm_conflicts': 197.0}
real step:3600/3600
episode:179/200, oracle_loss:0.65138954
REAL_TRAIN step:180, travel time:47.3597667638484, q_loss:0.5921014, rewards:-5.353057, queue:1.5388889, delay:0.18728839, throughput:1704, raw_metrics:{'fairness': 0.0, 'emission': 82.107, 'fuel': 26.618, 'emergency_stops': 1.0, 'collisions': 0.0, 'ssm_conflicts': 179.0}
real step:3600/3600
episode:180/200, oracle_loss:0.5921014
REAL_TEST step:180, travel time:52.61690962099125, q_loss:100, rewards:-5.3408346, queue:1.5305556, delay:0.19584027, throughput:1702, R_real:-0.3335, components:{'queue': 0.008, 'delay': 0.0, 'waiting': 0.052, 'pressure': 0.0, 'switches': 0.0, 'fairness': 0.273}, raw_metrics:{'fairness': 0.0, 'emission': 82.084, 'fuel': 26.61, 'emergency_stops': 1.0, 'collisions': 0.0, 'ssm_conflicts': 161.0}
REAL_TRAIN step:181, travel time:47.02274052478134, q_loss:0.57241875, rewards:-5.34472, queue:1.5416666, delay:0.18999958, throughput:1703, raw_metrics:{'fairness': 0.0, 'emission': 81.975, 'fuel': 26.575, 'emergency_stops': 3.0, 'collisions': 0.0, 'ssm_conflicts': 157.0}
real step:3600/3600
episode:181/200, oracle_loss:0.57241875
REAL_TRAIN step:182, travel time:48.182507288629736, q_loss:0.55415, rewards:-5.216944, queue:1.4027778, delay:0.18938556, throughput:1705, raw_metrics:{'fairness': 0.0, 'emission': 81.262, 'fuel': 26.344, 'emergency_stops': 5.0, 'collisions': 0.0, 'ssm_conflicts': 176.0}
real step:3600/3600
episode:182/200, oracle_loss:0.55415
REAL_TEST step:182, travel time:41.780174927113706, q_loss:100, rewards:-5.2569447, queue:1.35, delay:0.1839006, throughput:1704, R_real:-0.3144, components:{'queue': 0.007, 'delay': 0.0, 'waiting': 0.029, 'pressure': 0.0, 'switches': 0.0, 'fairness': 0.278}, raw_metrics:{'fairness': 0.0, 'emission': 81.695, 'fuel': 26.484, 'emergency_stops': 2.0, 'collisions': 0.0, 'ssm_conflicts': 222.0}
REAL_TRAIN step:183, travel time:40.546355685131196, q_loss:0.54558295, rewards:-5.3349996, queue:1.4333333, delay:0.18386385, throughput:1704, raw_metrics:{'fairness': 0.0, 'emission': 82.067, 'fuel': 26.605, 'emergency_stops': 2.0, 'collisions': 0.0, 'ssm_conflicts': 227.0}
real step:3600/3600
episode:183/200, oracle_loss:0.54558295
REAL_TRAIN step:184, travel time:42.42215743440233, q_loss:0.5415245, rewards:-5.5136113, queue:1.6722223, delay:0.19597796, throughput:1704, raw_metrics:{'fairness': 0.0, 'emission': 83.268, 'fuel': 26.994, 'emergency_stops': 6.0, 'collisions': 0.0, 'ssm_conflicts': 208.0}
real step:3600/3600
episode:184/200, oracle_loss:0.5415245
REAL_TEST step:184, travel time:42.262973760932944, q_loss:100, rewards:-5.3222218, queue:1.4861112, delay:0.18850343, throughput:1704, R_real:-0.3802, components:{'queue': 0.008, 'delay': 0.0, 'waiting': 0.033, 'pressure': 0.0, 'switches': 0.0, 'fairness': 0.339}, raw_metrics:{'fairness': 0.0, 'emission': 81.99, 'fuel': 26.58, 'emergency_stops': 4.0, 'collisions': 0.0, 'ssm_conflicts': 220.0}
REAL_TRAIN step:185, travel time:45.49300699300699, q_loss:0.6008677, rewards:-5.319166, queue:1.45, delay:0.19474114, throughput:1704, raw_metrics:{'fairness': 0.0, 'emission': 82.161, 'fuel': 26.635, 'emergency_stops': 1.0, 'collisions': 0.0, 'ssm_conflicts': 196.0}
real step:3600/3600
episode:185/200, oracle_loss:0.6008677
REAL_TRAIN step:186, travel time:46.482798833819245, q_loss:0.556383, rewards:-5.513055, queue:1.6555556, delay:0.19896021, throughput:1704, raw_metrics:{'fairness': 0.0, 'emission': 83.069, 'fuel': 26.93, 'emergency_stops': 4.0, 'collisions': 0.0, 'ssm_conflicts': 194.0}
real step:3600/3600
episode:186/200, oracle_loss:0.556383
REAL_TEST step:186, travel time:45.601166180758014, q_loss:100, rewards:-5.319721, queue:1.4277778, delay:0.186456, throughput:1702, R_real:-0.3940, components:{'queue': 0.008, 'delay': 0.0, 'waiting': 0.03, 'pressure': 0.0, 'switches': 0.0, 'fairness': 0.356}, raw_metrics:{'fairness': 0.0, 'emission': 81.995, 'fuel': 26.581, 'emergency_stops': 6.0, 'collisions': 0.0, 'ssm_conflicts': 187.0}
REAL_TRAIN step:187, travel time:51.969679300291546, q_loss:0.5532388, rewards:-5.4658327, queue:1.5111111, delay:0.1893553, throughput:1705, raw_metrics:{'fairness': 0.0, 'emission': 82.67, 'fuel': 26.8, 'emergency_stops': 1.0, 'collisions': 0.0, 'ssm_conflicts': 214.0}
real step:3600/3600
episode:187/200, oracle_loss:0.5532388
REAL_TRAIN step:188, travel time:54.011078717201165, q_loss:0.5343793, rewards:-5.6119437, queue:1.7638888, delay:0.20344211, throughput:1705, raw_metrics:{'fairness': 0.0, 'emission': 83.546, 'fuel': 27.085, 'emergency_stops': 2.0, 'collisions': 0.0, 'ssm_conflicts': 172.0}
real step:3600/3600
episode:188/200, oracle_loss:0.5343793
REAL_TEST step:188, travel time:45.243731778425655, q_loss:100, rewards:-5.3344445, queue:1.4527777, delay:0.18486343, throughput:1701, R_real:-0.3188, components:{'queue': 0.008, 'delay': 0.0, 'waiting': 0.034, 'pressure': 0.0, 'switches': 0.0, 'fairness': 0.277}, raw_metrics:{'fairness': 0.0, 'emission': 82.003, 'fuel': 26.584, 'emergency_stops': 6.0, 'collisions': 0.0, 'ssm_conflicts': 211.0}
REAL_TRAIN step:189, travel time:47.00058309037901, q_loss:0.5502627, rewards:-5.3569436, queue:1.5638889, delay:0.1864848, throughput:1705, raw_metrics:{'fairness': 0.0, 'emission': 82.361, 'fuel': 26.7, 'emergency_stops': 3.0, 'collisions': 0.0, 'ssm_conflicts': 194.0}
real step:3600/3600
episode:189/200, oracle_loss:0.5502627
REAL_TRAIN step:190, travel time:48.45422740524781, q_loss:0.5724615, rewards:-5.4355555, queue:1.5583333, delay:0.19391249, throughput:1705, raw_metrics:{'fairness': 0.0, 'emission': 82.682, 'fuel': 26.804, 'emergency_stops': 7.0, 'collisions': 0.0, 'ssm_conflicts': 216.0}
real step:3600/3600
episode:190/200, oracle_loss:0.5724615
REAL_TEST step:190, travel time:46.76151603498542, q_loss:100, rewards:-5.4747214, queue:1.5444444, delay:0.19305924, throughput:1705, R_real:-0.3597, components:{'queue': 0.008, 'delay': 0.0, 'waiting': 0.045, 'pressure': 0.0, 'switches': 0.0, 'fairness': 0.307}, raw_metrics:{'fairness': 0.0, 'emission': 82.819, 'fuel': 26.849, 'emergency_stops': 3.0, 'collisions': 0.0, 'ssm_conflicts': 213.0}
REAL_TRAIN step:191, travel time:43.007580174927114, q_loss:0.5346645, rewards:-5.236388, queue:1.3666667, delay:0.18091772, throughput:1705, raw_metrics:{'fairness': 0.0, 'emission': 81.714, 'fuel': 26.49, 'emergency_stops': 8.0, 'collisions': 0.0, 'ssm_conflicts': 200.0}
real step:3600/3600
episode:191/200, oracle_loss:0.5346645
REAL_TRAIN step:192, travel time:54.49096209912536, q_loss:0.56298125, rewards:-5.865276, queue:1.9638889, delay:0.21352276, throughput:1703, raw_metrics:{'fairness': 0.0, 'emission': 84.889, 'fuel': 27.52, 'emergency_stops': 2.0, 'collisions': 0.0, 'ssm_conflicts': 223.0}
real step:3600/3600
episode:192/200, oracle_loss:0.56298125
REAL_TEST step:192, travel time:49.411661807580174, q_loss:100, rewards:-5.3747215, queue:1.5277778, delay:0.19507904, throughput:1704, R_real:-0.3327, components:{'queue': 0.008, 'delay': 0.0, 'waiting': 0.054, 'pressure': 0.0, 'switches': 0.0, 'fairness': 0.271}, raw_metrics:{'fairness': 0.0, 'emission': 82.188, 'fuel': 26.644, 'emergency_stops': 2.0, 'collisions': 0.0, 'ssm_conflicts': 181.0}
REAL_TRAIN step:193, travel time:51.43790087463557, q_loss:0.5692621, rewards:-5.564448, queue:1.6972222, delay:0.20078658, throughput:1705, raw_metrics:{'fairness': 0.0, 'emission': 83.258, 'fuel': 26.991, 'emergency_stops': 3.0, 'collisions': 0.0, 'ssm_conflicts': 203.0}
real step:3600/3600
episode:193/200, oracle_loss:0.5692621
REAL_TRAIN step:194, travel time:46.59825072886297, q_loss:0.54843056, rewards:-5.5219426, queue:1.5833334, delay:0.19608349, throughput:1694, raw_metrics:{'fairness': 0.0, 'emission': 82.633, 'fuel': 26.788, 'emergency_stops': 1.0, 'collisions': 0.0, 'ssm_conflicts': 202.0}
real step:3600/3600
episode:194/200, oracle_loss:0.54843056
REAL_TEST step:194, travel time:47.883381924198254, q_loss:100, rewards:-5.2838893, queue:1.4305556, delay:0.19586095, throughput:1704, R_real:-0.4067, components:{'queue': 0.008, 'delay': 0.0, 'waiting': 0.05, 'pressure': 0.0, 'switches': 0.0, 'fairness': 0.349}, raw_metrics:{'fairness': 0.0, 'emission': 81.616, 'fuel': 26.459, 'emergency_stops': 6.0, 'collisions': 0.0, 'ssm_conflicts': 191.0}
REAL_TRAIN step:195, travel time:48.46822157434402, q_loss:0.60890716, rewards:-5.2908306, queue:1.4638889, delay:0.19612098, throughput:1704, raw_metrics:{'fairness': 0.0, 'emission': 81.606, 'fuel': 26.455, 'emergency_stops': 2.0, 'collisions': 0.0, 'ssm_conflicts': 171.0}
real step:3600/3600
episode:195/200, oracle_loss:0.60890716
REAL_TRAIN step:196, travel time:72.02390670553936, q_loss:0.5714097, rewards:-5.941668, queue:2.05, delay:0.22983345, throughput:1699, raw_metrics:{'fairness': 0.0, 'emission': 85.498, 'fuel': 27.717, 'emergency_stops': 5.0, 'collisions': 0.0, 'ssm_conflicts': 183.0}
real step:3600/3600
episode:196/200, oracle_loss:0.5714097
REAL_TEST step:196, travel time:45.02157434402332, q_loss:100, rewards:-5.250279, queue:1.4388889, delay:0.18934432, throughput:1703, R_real:-0.4667, components:{'queue': 0.008, 'delay': 0.0, 'waiting': 0.061, 'pressure': 0.0, 'switches': 0.0, 'fairness': 0.398}, raw_metrics:{'fairness': 0.0, 'emission': 81.398, 'fuel': 26.388, 'emergency_stops': 0.0, 'collisions': 0.0, 'ssm_conflicts': 178.0}
REAL_TRAIN step:197, travel time:49.29562682215744, q_loss:0.5882042, rewards:-5.3408327, queue:1.5111111, delay:0.1947664, throughput:1705, raw_metrics:{'fairness': 0.0, 'emission': 81.909, 'fuel': 26.554, 'emergency_stops': 0.0, 'collisions': 0.0, 'ssm_conflicts': 186.0}
real step:3600/3600
episode:197/200, oracle_loss:0.5882042
REAL_TRAIN step:198, travel time:50.64139941690962, q_loss:0.58089644, rewards:-5.3391666, queue:1.5361111, delay:0.19244124, throughput:1704, raw_metrics:{'fairness': 0.0, 'emission': 81.708, 'fuel': 26.488, 'emergency_stops': 0.0, 'collisions': 0.0, 'ssm_conflicts': 162.0}
real step:3600/3600
episode:198/200, oracle_loss:0.58089644
REAL_TEST step:198, travel time:48.773177842565595, q_loss:100, rewards:-5.370276, queue:1.5277778, delay:0.19651864, throughput:1698, R_real:-0.4515, components:{'queue': 0.008, 'delay': 0.0, 'waiting': 0.06, 'pressure': 0.0, 'switches': 0.0, 'fairness': 0.383}, raw_metrics:{'fairness': 0.0, 'emission': 82.202, 'fuel': 26.649, 'emergency_stops': 2.0, 'collisions': 0.0, 'ssm_conflicts': 200.0}
REAL_TRAIN step:199, travel time:50.42623906705539, q_loss:0.57444346, rewards:-5.195831, queue:1.3916667, delay:0.18937968, throughput:1704, raw_metrics:{'fairness': 0.0, 'emission': 80.95, 'fuel': 26.243, 'emergency_stops': 2.0, 'collisions': 0.0, 'ssm_conflicts': 172.0}
real step:3600/3600
episode:199/200, oracle_loss:0.57444346
Saved method state to data/output_data/sim2real_rewards/cityflow_presslight/ingolstadt1/oracle_v1_reward_oracle_fairness_heavy_s0/model/ingolstadt1_fairness_heavy_presslight_reward_oracle/method_state.json
real rollouts used: 200/200
REAL_TEST step:0, travel time:46.84897959183674, q_loss:100, rewards:-5.3316665, queue:1.4777777, delay:0.19177602, throughput:1705, R_real:-0.4442, components:{'queue': 0.008, 'delay': 0.0, 'waiting': 0.053, 'pressure': 0.0, 'switches': 0.0, 'fairness': 0.383}, raw_metrics:{'fairness': 0.0, 'emission': 81.922, 'fuel': 26.558, 'emergency_stops': 3.0, 'collisions': 0.0, 'ssm_conflicts': 181.0}
Total time taken: 1044.525810956955
