Sim Rollout episode:0/100, sim avg travel time:112.76348342404751, rewards:-32.104166666666664, queue:25.71388888888889, delay:0.5438686370849609, throughput:1972
Real rollout step:0/100, travel time:187.88121402407117, rewards:-83.99247504340278, queue:68.29166666666667, delay:0.7544365776909723, throughput:1805
forward model: training agent 0.
Epoch 0: forward train average loss 1.743195374806722.
epoch 0: forward test average loss 2.803825272454156.
Epoch 99: forward train average loss 0.11240418089760675.
epoch 99: forward test average loss 0.16387324200736153.
inverse model, training agent 0.
epoch 0: inverse train average loss 0.03842900610632367.
epoch 0: inverse test average loss 0.06254674990971883.
epoch 99: inverse train average loss 0.033887844532728195.
epoch 99: inverse test average loss 0.05124985675017039.
Policy training episode: 0, grounded actions taken: 360, last two uncertainties: {0: [0.0]}, avg agent uncertainties: [0.0], grounded actions by agent: [360]
Policy training episode: 0, iteration 0/1, policy training avg travel time:852.2602671944582, q_loss:0, rewards:-172.58889973958333, queue:167.7277777777778, delay:0.751912350124783, throughput:1036
Sim Rollout episode:1/100, sim avg travel time:113.85254824344383, rewards:-32.78250325520833, queue:26.477777777777778, delay:0.5896070692274306, throughput:1968
Real rollout step:1/100, travel time:187.88121402407117, rewards:-83.99247504340278, queue:68.29166666666667, delay:0.7544365776909723, throughput:1805
forward model: training agent 0.
Epoch 0: forward train average loss 0.11184566054079267.
epoch 0: forward test average loss 0.17135015461179945.
Epoch 99: forward train average loss 0.05448598828580645.
epoch 99: forward test average loss 0.08050298028522068.
inverse model, training agent 0.
epoch 0: inverse train average loss 0.03372161462903023.
epoch 0: inverse test average loss 0.051874938938352794.
epoch 99: inverse train average loss 0.026684654255708058.
epoch 99: inverse test average loss 0.03954505920410156.
Policy training episode: 1, grounded actions taken: 360, last two uncertainties: {0: [0.0, 0.0]}, avg agent uncertainties: [0.0], grounded actions by agent: [360]
Policy training episode: 1, iteration 0/1, policy training avg travel time:352.12271152894607, q_loss:0, rewards:-129.30662977430555, queue:123.90277777777777, delay:0.7165477328830295, throughput:1690
Sim Rollout episode:2/100, sim avg travel time:113.85254824344383, rewards:-32.791387261284726, queue:26.477777777777778, delay:0.5896070692274306, throughput:1968
Real rollout step:2/100, travel time:187.88121402407117, rewards:-83.99247504340278, queue:68.29166666666667, delay:0.7544365776909723, throughput:1805
forward model: training agent 0.
Epoch 0: forward train average loss 0.0548759980334176.
epoch 0: forward test average loss 0.09479452504052056.
Epoch 99: forward train average loss 0.03902887966897753.
epoch 99: forward test average loss 0.04988545676072439.
inverse model, training agent 0.
epoch 0: inverse train average loss 0.02658701812227567.
epoch 0: inverse test average loss 0.03983490996890598.
epoch 99: inverse train average loss 0.021809025357166927.
epoch 99: inverse test average loss 0.02968397405412462.
Policy training episode: 2, grounded actions taken: 360, last two uncertainties: {0: [0.0, 0.0]}, avg agent uncertainties: [0.0], grounded actions by agent: [360]
Policy training episode: 2, iteration 0/1, policy training avg travel time:334.12914398812467, q_loss:11191.853515625, rewards:-119.46137152777777, queue:116.38333333333334, delay:0.6870079464382596, throughput:1701
Sim Rollout episode:3/100, sim avg travel time:221.98119742701633, rewards:-83.70999891493055, queue:78.82777777777778, delay:0.6553487989637586, throughput:1851
Real rollout step:3/100, travel time:381.2536617842876, rewards:-148.44473741319445, queue:135.94166666666666, delay:0.8151338365342882, throughput:1245
forward model: training agent 0.
Epoch 0: forward train average loss 1.2183053890864055.
epoch 0: forward test average loss 1.85811095767551.
Epoch 99: forward train average loss 0.04355379194021225.
epoch 99: forward test average loss 0.08056465122434828.
inverse model, training agent 0.
epoch 0: inverse train average loss 0.020589725424846012.
epoch 0: inverse test average loss 0.025714982714917924.
epoch 99: inverse train average loss 0.013001504871580336.
epoch 99: inverse test average loss 0.023537442915969424.
Policy training episode: 3, grounded actions taken: 360, last two uncertainties: {0: [0.0, 0.0]}, avg agent uncertainties: [0.0], grounded actions by agent: [360]
Policy training episode: 3, iteration 0/1, policy training avg travel time:343.3181593270658, q_loss:750.1823120117188, rewards:-124.84774305555555, queue:120.58055555555555, delay:0.7065430111355252, throughput:1690
Sim Rollout episode:4/100, sim avg travel time:430.14596734289955, rewards:-139.1831271701389, queue:130.79722222222222, delay:0.7360662672254774, throughput:1665
Real rollout step:4/100, travel time:502.0956388676358, rewards:-173.45669487847223, queue:163.42777777777778, delay:0.8557406955295139, throughput:1045
forward model: training agent 0.
Epoch 0: forward train average loss 0.3138722976048787.
epoch 0: forward test average loss 0.3142685890197754.
Epoch 99: forward train average loss 0.0219357055094507.
epoch 99: forward test average loss 0.0352787541018592.
inverse model, training agent 0.
epoch 0: inverse train average loss 0.04053776462872823.
epoch 0: inverse test average loss 0.05548169877794054.
epoch 99: inverse train average loss 0.006838381393916077.
epoch 99: inverse test average loss 0.008554126239485212.
Policy training episode: 4, grounded actions taken: 360, last two uncertainties: {0: [0.0, 0.0]}, avg agent uncertainties: [0.0], grounded actions by agent: [360]
Policy training episode: 4, iteration 0/1, policy training avg travel time:547.0425531914893, q_loss:162.89578247070312, rewards:-156.17535807291668, queue:148.50277777777777, delay:0.7288824293348525, throughput:1536
Sim Rollout episode:5/100, sim avg travel time:269.99554675903016, rewards:-101.76389973958334, queue:92.45833333333333, delay:0.7059145185682508, throughput:1795
Real rollout step:5/100, travel time:369.5119945167923, rewards:-139.06474609375, queue:127.57777777777778, delay:0.8044827779134115, throughput:1244
forward model: training agent 0.
Epoch 0: forward train average loss 0.6010076469845242.
epoch 0: forward test average loss 0.7196730507744683.
Epoch 99: forward train average loss 0.02676581756936179.
epoch 99: forward test average loss 0.05991548630926344.
inverse model, training agent 0.
epoch 0: inverse train average loss 0.03740851374136077.
epoch 0: inverse test average loss 0.0528521372212304.
epoch 99: inverse train average loss 0.016697394972046215.
epoch 99: inverse test average loss 0.023262943658563826.
Policy training episode: 5, grounded actions taken: 360, last two uncertainties: {0: [0.0, 0.0]}, avg agent uncertainties: [0.0], grounded actions by agent: [360]
Policy training episode: 5, iteration 0/1, policy training avg travel time:793.9609104403761, q_loss:116.87969970703125, rewards:-163.50999348958334, queue:160.125, delay:0.7288199530707465, throughput:908
Sim Rollout episode:6/100, sim avg travel time:658.2944087085601, rewards:-146.20303819444445, queue:139.6472222222222, delay:0.7356536017523871, throughput:1154
Real rollout step:6/100, travel time:485.22524101665203, rewards:-145.7074978298611, queue:136.3361111111111, delay:0.7594976637098524, throughput:944
forward model: training agent 0.
Epoch 0: forward train average loss 0.11486418048540752.
epoch 0: forward test average loss 0.1269879142443339.
Epoch 99: forward train average loss 0.01450592072473632.
epoch 99: forward test average loss 0.030144007669554815.
inverse model, training agent 0.
epoch 0: inverse train average loss 0.04121432122257021.
epoch 0: inverse test average loss 0.07498319612609015.
epoch 99: inverse train average loss 0.011131089387668503.
epoch 99: inverse test average loss 0.011634722765949037.
Policy training episode: 6, grounded actions taken: 360, last two uncertainties: {0: [0.0, 0.0]}, avg agent uncertainties: [0.0], grounded actions by agent: [360]
Policy training episode: 6, iteration 0/1, policy training avg travel time:1401.1697179614052, q_loss:128.6372833251953, rewards:-188.7755859375, queue:187.86111111111111, delay:0.7389009263780382, throughput:453
Sim Rollout episode:7/100, sim avg travel time:244.77189510143492, rewards:-94.3546875, queue:85.90277777777777, delay:0.70443115234375, throughput:1795
Real rollout step:7/100, travel time:292.6626959247649, rewards:-117.22085503472222, queue:103.63888888888889, delay:0.7990837097167969, throughput:1439
forward model: training agent 0.
Epoch 0: forward train average loss 0.04564535121122996.
epoch 0: forward test average loss 0.05088581807083554.
Epoch 99: forward train average loss 0.01567014182607333.
epoch 99: forward test average loss 0.026133398214975994.
inverse model, training agent 0.
epoch 0: inverse train average loss 0.022238055451048747.
epoch 0: inverse test average loss 0.031226876709196303.
epoch 99: inverse train average loss 0.01225113392704063.
epoch 99: inverse test average loss 0.01886861440208223.
Policy training episode: 7, grounded actions taken: 360, last two uncertainties: {0: [0.0, 0.0]}, avg agent uncertainties: [0.0], grounded actions by agent: [360]
Policy training episode: 7, iteration 0/1, policy training avg travel time:395.9594260267194, q_loss:158.19378662109375, rewards:-139.05218098958332, queue:131.11111111111111, delay:0.7261930677625869, throughput:1676
Sim Rollout episode:8/100, sim avg travel time:222.51806036615537, rewards:-84.82447916666666, queue:78.05277777777778, delay:0.6779413435194227, throughput:1810
Real rollout step:8/100, travel time:280.04151838671413, rewards:-117.81027560763889, queue:103.68611111111112, delay:0.7719747755262587, throughput:1534
forward model: training agent 0.
Epoch 0: forward train average loss 0.04050307058625751.
epoch 0: forward test average loss 0.059970988167656794.
Epoch 99: forward train average loss 0.017279830243852403.
epoch 99: forward test average loss 0.03146282169553968.
inverse model, training agent 0.
epoch 0: inverse train average loss 0.013146243575546477.
epoch 0: inverse test average loss 0.01803030984269248.
epoch 99: inverse train average loss 0.010235489966968695.
epoch 99: inverse test average loss 0.02204228358136283.
Policy training episode: 8, grounded actions taken: 360, last two uncertainties: {0: [0.0, 0.0]}, avg agent uncertainties: [0.0], grounded actions by agent: [360]
Policy training episode: 8, iteration 0/1, policy training avg travel time:381.28005937654626, q_loss:184.10638427734375, rewards:-134.20724826388889, queue:123.81666666666666, delay:0.7564419216579861, throughput:1739
Sim Rollout episode:9/100, sim avg travel time:229.55912914398812, rewards:-88.04336480034722, queue:81.30277777777778, delay:0.6774456871880425, throughput:1823
Real rollout step:9/100, travel time:315.6392835083385, rewards:-129.78861762152778, queue:116.09166666666667, delay:0.8154019673665365, throughput:1402
forward model: training agent 0.
Epoch 0: forward train average loss 0.04233874546156989.
epoch 0: forward test average loss 0.057388956348101296.
Epoch 99: forward train average loss 0.014113101487358412.
epoch 99: forward test average loss 0.024690576725535922.
inverse model, training agent 0.
epoch 0: inverse train average loss 0.011479113664891984.
epoch 0: inverse test average loss 0.014738709976275763.
epoch 99: inverse train average loss 0.009468707152538829.
epoch 99: inverse test average loss 0.016535084280702803.
Policy training episode: 9, grounded actions taken: 360, last two uncertainties: {0: [0.0, 0.0]}, avg agent uncertainties: [0.0], grounded actions by agent: [360]
Policy training episode: 9, iteration 0/1, policy training avg travel time:346.0168233547749, q_loss:250.65989685058594, rewards:-126.76557074652777, queue:114.925, delay:0.7646014743381077, throughput:1786
Sim Rollout episode:10/100, sim avg travel time:215.43493320138546, rewards:-76.65029839409722, queue:72.00277777777778, delay:0.6674795362684461, throughput:1837
Real rollout step:10/100, travel time:328.95745992601724, rewards:-135.98523220486112, queue:122.35, delay:0.8181629604763455, throughput:1404
forward model: training agent 0.
Epoch 0: forward train average loss 0.030209773116641574.
epoch 0: forward test average loss 0.0503593385219574.
Epoch 99: forward train average loss 0.015912475478318002.
epoch 99: forward test average loss 0.03376719024446276.
inverse model, training agent 0.
epoch 0: inverse train average loss 0.013171891164448526.
epoch 0: inverse test average loss 0.013551663607358932.
epoch 99: inverse train average loss 0.00844576106303268.
epoch 99: inverse test average loss 0.011512358983357748.
Policy training episode: 10, grounded actions taken: 360, last two uncertainties: {0: [0.0, 0.0]}, avg agent uncertainties: [0.0], grounded actions by agent: [360]
Policy training episode: 10, iteration 0/1, policy training avg travel time:309.66353290450274, q_loss:214.8841094970703, rewards:-120.69669053819445, queue:111.47222222222223, delay:0.7399929470486111, throughput:1733
Sim Rollout episode:11/100, sim avg travel time:236.11232063334984, rewards:-91.09416232638888, queue:83.79444444444445, delay:0.6781294928656684, throughput:1840
Real rollout step:11/100, travel time:321.31153608883403, rewards:-132.17018229166666, queue:119.55833333333334, delay:0.7769525316026475, throughput:1440
forward model: training agent 0.
Epoch 0: forward train average loss 0.0237418446275923.
epoch 0: forward test average loss 0.03393780026170942.
Epoch 99: forward train average loss 0.013578971640931236.
epoch 99: forward test average loss 0.024070473180876836.
inverse model, training agent 0.
epoch 0: inverse train average loss 0.018346417074402172.
epoch 0: inverse test average loss 0.04703710973262787.
epoch 99: inverse train average loss 0.010519145677487055.
epoch 99: inverse test average loss 0.030793351431687672.
Policy training episode: 11, grounded actions taken: 360, last two uncertainties: {0: [0.0, 0.0]}, avg agent uncertainties: [0.0], grounded actions by agent: [360]
Policy training episode: 11, iteration 0/1, policy training avg travel time:289.3344878772885, q_loss:169.08975219726562, rewards:-107.55890842013889, queue:96.57777777777778, delay:0.7268204583062066, throughput:1753
Sim Rollout episode:12/100, sim avg travel time:361.1489361702128, rewards:-114.03387586805556, queue:106.96111111111111, delay:0.7014540354410808, throughput:1508
Real rollout step:12/100, travel time:494.7625231910946, rewards:-140.50667317708334, queue:131.70833333333334, delay:0.7666881137424045, throughput:891
forward model: training agent 0.
Epoch 0: forward train average loss 0.041950071023570165.
epoch 0: forward test average loss 0.04291712409920163.
Epoch 99: forward train average loss 0.007541233363250892.
epoch 99: forward test average loss 0.018544934689998627.
inverse model, training agent 0.
epoch 0: inverse train average loss 0.027445195863644283.
epoch 0: inverse test average loss 0.046086053053538.
epoch 99: inverse train average loss 0.011216561413473554.
epoch 99: inverse test average loss 0.012329434975981712.
Policy training episode: 12, grounded actions taken: 360, last two uncertainties: {0: [0.0, 0.0]}, avg agent uncertainties: [0.0], grounded actions by agent: [360]
Policy training episode: 12, iteration 0/1, policy training avg travel time:845.764473033152, q_loss:156.86915588378906, rewards:-156.40662977430554, queue:153.425, delay:0.7288392808702256, throughput:835
Sim Rollout episode:13/100, sim avg travel time:227.48193963384463, rewards:-87.24665256076389, queue:83.90277777777777, delay:0.651496081882053, throughput:1807
Real rollout step:13/100, travel time:427.1064425770308, rewards:-159.5194552951389, queue:147.32777777777778, delay:0.8398137410481771, throughput:1150
forward model: training agent 0.
Epoch 0: forward train average loss 0.05730418198638492.
epoch 0: forward test average loss 0.06559649109840393.
Epoch 99: forward train average loss 0.010004336738751994.
epoch 99: forward test average loss 0.019168399274349213.
inverse model, training agent 0.
epoch 0: inverse train average loss 0.02746926165289349.
epoch 0: inverse test average loss 0.03300052715672387.
epoch 99: inverse train average loss 0.006157701835036278.
epoch 99: inverse test average loss 0.007037496401204003.
Policy training episode: 13, grounded actions taken: 360, last two uncertainties: {0: [0.0, 0.0]}, avg agent uncertainties: [0.0], grounded actions by agent: [360]
Policy training episode: 13, iteration 0/1, policy training avg travel time:337.6417615042058, q_loss:163.41555786132812, rewards:-121.55856119791666, queue:118.22222222222223, delay:0.6881689283582899, throughput:1691
Sim Rollout episode:14/100, sim avg travel time:239.50865907966354, rewards:-90.80616319444445, queue:87.76388888888889, delay:0.6504514058430989, throughput:1799
Real rollout step:14/100, travel time:458.23010752688174, rewards:-168.04585503472222, queue:156.2722222222222, delay:0.8487263997395833, throughput:1103
forward model: training agent 0.
Epoch 0: forward train average loss 0.012761438886324564.
epoch 0: forward test average loss 0.018709175288677216.
Epoch 99: forward train average loss 0.007096251990232203.
epoch 99: forward test average loss 0.009602209346161949.
inverse model, training agent 0.
epoch 0: inverse train average loss 0.005684584120495452.
epoch 0: inverse test average loss 0.008962983886400858.
epoch 99: inverse train average loss 0.005134568239251773.
epoch 99: inverse test average loss 0.006228315954407056.
Policy training episode: 14, grounded actions taken: 360, last two uncertainties: {0: [0.0, 0.0]}, avg agent uncertainties: [0.0], grounded actions by agent: [360]
Policy training episode: 14, iteration 0/1, policy training avg travel time:312.63780306778824, q_loss:159.68533325195312, rewards:-120.75745442708333, queue:115.68055555555556, delay:0.7006453620062933, throughput:1760
Sim Rollout episode:15/100, sim avg travel time:232.5526966848095, rewards:-87.62280815972223, queue:84.71666666666667, delay:0.6444896274142795, throughput:1811
Real rollout step:15/100, travel time:248.74034334763948, rewards:-114.05944010416667, queue:97.90277777777777, delay:0.7990172492133246, throughput:1693
forward model: training agent 0.
Epoch 0: forward train average loss 0.03859718061155743.
epoch 0: forward test average loss 0.03587313244740168.
Epoch 99: forward train average loss 0.011505537148978975.
epoch 99: forward test average loss 0.02088121821482976.
inverse model, training agent 0.
epoch 0: inverse train average loss 0.007319808523688052.
epoch 0: inverse test average loss 0.012265128393967947.
epoch 99: inverse train average loss 0.004550919661091434.
epoch 99: inverse test average loss 0.006466410847173797.
Policy training episode: 15, grounded actions taken: 360, last two uncertainties: {0: [0.0, 0.0]}, avg agent uncertainties: [0.0], grounded actions by agent: [360]
Policy training episode: 15, iteration 0/1, policy training avg travel time:254.86844708209694, q_loss:149.77334594726562, rewards:-96.12696397569445, queue:92.43888888888888, delay:0.6755495283338758, throughput:1792
Sim Rollout episode:16/100, sim avg travel time:218.51608114794655, rewards:-84.49138454861111, queue:78.9888888888889, delay:0.6591064453125, throughput:1828
Real rollout step:16/100, travel time:292.27225433526013, rewards:-127.1052734375, queue:113.67777777777778, delay:0.7731846279568142, throughput:1537
forward model: training agent 0.
Epoch 0: forward train average loss 0.017972914088103507.
epoch 0: forward test average loss 0.029481642776065402.
Epoch 99: forward train average loss 0.010442608967423439.
epoch 99: forward test average loss 0.017945295406712428.
inverse model, training agent 0.
epoch 0: inverse train average loss 0.012215952285461955.
epoch 0: inverse test average loss 0.04106933375199636.
epoch 99: inverse train average loss 0.00780010720094045.
epoch 99: inverse test average loss 0.025333934360080294.
Policy training episode: 16, grounded actions taken: 360, last two uncertainties: {0: [0.0, 0.0]}, avg agent uncertainties: [0.0], grounded actions by agent: [360]
Policy training episode: 16, iteration 0/1, policy training avg travel time:644.372587827808, q_loss:142.40338134765625, rewards:-134.24108072916667, queue:126.19166666666666, delay:0.7290775722927517, throughput:1275
Sim Rollout episode:17/100, sim avg travel time:203.11429985155863, rewards:-77.06222873263889, queue:73.16388888888889, delay:0.6445869445800781, throughput:1856
Real rollout step:17/100, travel time:216.81141439205956, rewards:-105.02581380208333, queue:88.31666666666666, delay:0.7903910319010417, throughput:1874
forward model: training agent 0.
Epoch 0: forward train average loss 0.015308614613281356.
epoch 0: forward test average loss 0.024910608927408855.
Epoch 99: forward train average loss 0.010723460465669632.
epoch 99: forward test average loss 0.023420364492469363.
inverse model, training agent 0.
epoch 0: inverse train average loss 0.009438059499694241.
epoch 0: inverse test average loss 0.02140957944922977.
epoch 99: inverse train average loss 0.0063342963759269975.
epoch 99: inverse test average loss 0.011753021842903562.
Policy training episode: 17, grounded actions taken: 360, last two uncertainties: {0: [0.0, 0.0]}, avg agent uncertainties: [0.0], grounded actions by agent: [360]
Policy training episode: 17, iteration 0/1, policy training avg travel time:261.9332013854527, q_loss:149.12734985351562, rewards:-98.28862847222223, queue:94.43333333333334, delay:0.6968416425916883, throughput:1784
Sim Rollout episode:18/100, sim avg travel time:199.01781296387927, rewards:-76.99724934895833, queue:73.55833333333334, delay:0.6345922258165148, throughput:1829
Real rollout step:18/100, travel time:247.02496255616575, rewards:-121.57639973958334, queue:105.48333333333333, delay:0.7908555772569444, throughput:1831
forward model: training agent 0.
Epoch 0: forward train average loss 0.018635773824320898.
epoch 0: forward test average loss 0.027749359607696533.
Epoch 99: forward train average loss 0.01124713197350502.
epoch 99: forward test average loss 0.01876733534865909.
inverse model, training agent 0.
epoch 0: inverse train average loss 0.007475130673911836.
epoch 0: inverse test average loss 0.010095498214165369.
epoch 99: inverse train average loss 0.00555223495595985.
epoch 99: inverse test average loss 0.008077916378776232.
Policy training episode: 18, grounded actions taken: 360, last two uncertainties: {0: [0.0, 0.0]}, avg agent uncertainties: [0.0], grounded actions by agent: [360]
Policy training episode: 18, iteration 0/1, policy training avg travel time:301.76112759643917, q_loss:142.91615295410156, rewards:-116.55113932291667, queue:110.81388888888888, delay:0.7203062269422743, throughput:1750
Sim Rollout episode:19/100, sim avg travel time:145.27115289460664, rewards:-50.66361219618056, queue:45.78333333333333, delay:0.6631578233506944, throughput:1951
Real rollout step:19/100, travel time:204.27620466964729, rewards:-97.9727756076389, queue:80.56388888888888, delay:0.7810171339246962, throughput:1866
forward model: training agent 0.
Epoch 0: forward train average loss 0.013750743741790453.
epoch 0: forward test average loss 0.024387638601991866.
Epoch 99: forward train average loss 0.009705940158002906.
epoch 99: forward test average loss 0.017226093345218234.
inverse model, training agent 0.
epoch 0: inverse train average loss 0.012112736701965332.
epoch 0: inverse test average loss 0.021731714407602947.
epoch 99: inverse train average loss 0.009219015224112405.
epoch 99: inverse test average loss 0.010599735089474253.
Policy training episode: 19, grounded actions taken: 360, last two uncertainties: {0: [0.0, 0.0]}, avg agent uncertainties: [0.0], grounded actions by agent: [360]
Policy training episode: 19, iteration 0/1, policy training avg travel time:280.43493320138543, q_loss:149.27090454101562, rewards:-90.13443467881945, queue:82.725, delay:0.6843861897786458, throughput:1555
Sim Rollout episode:20/100, sim avg travel time:138.61108362196933, rewards:-46.77195638020833, queue:42.083333333333336, delay:0.6404082828097873, throughput:1960
Real rollout step:20/100, travel time:186.29727047146403, rewards:-87.75726453993056, queue:70.57777777777778, delay:0.7786206563313802, throughput:1898
forward model: training agent 0.
Epoch 0: forward train average loss 0.013029684209161334.
epoch 0: forward test average loss 0.01796003348297543.
Epoch 99: forward train average loss 0.009738589119580057.
epoch 99: forward test average loss 0.015591007139947679.
inverse model, training agent 0.
epoch 0: inverse train average loss 0.00887752551999357.
epoch 0: inverse test average loss 0.010948130653964149.
epoch 99: inverse train average loss 0.0071449146295587225.
epoch 99: inverse test average loss 0.015374661319785647.
Policy training episode: 20, grounded actions taken: 360, last two uncertainties: {0: [0.0, 0.0]}, avg agent uncertainties: [0.0], grounded actions by agent: [360]
Policy training episode: 20, iteration 0/1, policy training avg travel time:830.2726373082633, q_loss:154.1046905517578, rewards:-143.0202690972222, queue:133.44722222222222, delay:0.7182134840223524, throughput:1091
Sim Rollout episode:21/100, sim avg travel time:149.39732805541811, rewards:-52.854465060763886, queue:47.90833333333333, delay:0.6606626298692492, throughput:1955
Real rollout step:21/100, travel time:207.04865938430984, rewards:-99.50277777777778, queue:82.73611111111111, delay:0.7941356235080295, throughput:1879
forward model: training agent 0.
Epoch 0: forward train average loss 0.012225453017486466.
epoch 0: forward test average loss 0.020178940561082628.
Epoch 99: forward train average loss 0.009553959075775411.
epoch 99: forward test average loss 0.01591643939415614.
inverse model, training agent 0.
epoch 0: inverse train average loss 0.00890035554766655.
epoch 0: inverse test average loss 0.015194961180289587.
epoch 99: inverse train average loss 0.006700873064498107.
epoch 99: inverse test average loss 0.015688908182912402.
Policy training episode: 21, grounded actions taken: 360, last two uncertainties: {0: [0.0, 0.0]}, avg agent uncertainties: [0.0], grounded actions by agent: [360]
Policy training episode: 21, iteration 0/1, policy training avg travel time:303.1909945571499, q_loss:168.7849578857422, rewards:-94.49943576388888, queue:87.33611111111111, delay:0.6888423495822482, throughput:1534
Sim Rollout episode:22/100, sim avg travel time:180.93864423552697, rewards:-69.44473198784722, queue:64.21944444444445, delay:0.665432866414388, throughput:1918
Real rollout step:22/100, travel time:241.12287712287713, rewards:-118.17749565972223, queue:102.63888888888889, delay:0.8193977355957032, throughput:1828
forward model: training agent 0.
Epoch 0: forward train average loss 0.014099430292844772.
epoch 0: forward test average loss 0.018248750103844538.
Epoch 99: forward train average loss 0.009462148572007814.
epoch 99: forward test average loss 0.015890355739328597.
inverse model, training agent 0.
epoch 0: inverse train average loss 0.0068996935668918825.
epoch 0: inverse test average loss 0.01798981676499049.
epoch 99: inverse train average loss 0.0048996090578536195.
epoch 99: inverse test average loss 0.01494149367014567.
Policy training episode: 22, grounded actions taken: 360, last two uncertainties: {0: [0.0, 0.0]}, avg agent uncertainties: [0.0], grounded actions by agent: [360]
Policy training episode: 22, iteration 0/1, policy training avg travel time:247.31964374072243, q_loss:157.59024047851562, rewards:-85.952197265625, queue:79.3861111111111, delay:0.6967669592963325, throughput:1633
Sim Rollout episode:23/100, sim avg travel time:161.49678695007415, rewards:-59.9783203125, queue:55.09722222222222, delay:0.6668928782145183, throughput:1939
Real rollout step:23/100, travel time:233.50173697270472, rewards:-114.67639973958333, queue:98.28333333333333, delay:0.810115729437934, throughput:1835
forward model: training agent 0.
Epoch 0: forward train average loss 0.009854841356476149.
epoch 0: forward test average loss 0.015268979801072015.
Epoch 99: forward train average loss 0.00796911958605051.
epoch 99: forward test average loss 0.012472425070073869.
inverse model, training agent 0.
epoch 0: inverse train average loss 0.00787584607799848.
epoch 0: inverse test average loss 0.012459088116884232.
epoch 99: inverse train average loss 0.0058232382871210575.
epoch 99: inverse test average loss 0.012587010032600827.
Policy training episode: 23, grounded actions taken: 360, last two uncertainties: {0: [0.0, 0.0]}, avg agent uncertainties: [0.0], grounded actions by agent: [360]
Policy training episode: 23, iteration 0/1, policy training avg travel time:190.632360217714, q_loss:143.93533325195312, rewards:-71.81636284722222, queue:64.28611111111111, delay:0.697717751397027, throughput:1902
Sim Rollout episode:24/100, sim avg travel time:198.1093518060366, rewards:-75.17667643229167, queue:70.57777777777778, delay:0.6730347103542752, throughput:1882
Real rollout step:24/100, travel time:233.49894957983193, rewards:-108.1099826388889, queue:91.90833333333333, delay:0.7970653110080295, throughput:1772
forward model: training agent 0.
Epoch 0: forward train average loss 0.01237474630276362.
epoch 0: forward test average loss 0.017604740129576787.
Epoch 99: forward train average loss 0.008812694603370296.
epoch 99: forward test average loss 0.016515163083871204.
inverse model, training agent 0.
epoch 0: inverse train average loss 0.0062219152847925825.
epoch 0: inverse test average loss 0.014809417227904001.
epoch 99: inverse train average loss 0.0037228824156853887.
epoch 99: inverse test average loss 0.007518364116549492.
Policy training episode: 24, grounded actions taken: 360, last two uncertainties: {0: [0.0, 0.0]}, avg agent uncertainties: [0.0], grounded actions by agent: [360]
Policy training episode: 24, iteration 0/1, policy training avg travel time:255.21622958931223, q_loss:134.4842071533203, rewards:-102.76474609375, queue:92.8861111111111, delay:0.7200298733181424, throughput:1831
Sim Rollout episode:25/100, sim avg travel time:183.48985650667987, rewards:-68.96417100694444, queue:63.53055555555556, delay:0.6783777872721354, throughput:1905
Real rollout step:25/100, travel time:226.5246067985794, rewards:-108.16193576388889, queue:92.11111111111111, delay:0.8056713528103299, throughput:1821
forward model: training agent 0.
Epoch 0: forward train average loss 0.011523363283938833.
epoch 0: forward test average loss 0.016997667650381725.
Epoch 99: forward train average loss 0.009289141330454085.
epoch 99: forward test average loss 0.017750390701823764.
inverse model, training agent 0.
epoch 0: inverse train average loss 0.00764125802864631.
epoch 0: inverse test average loss 0.007513012116154035.
epoch 99: inverse train average loss 0.004866159728003873.
epoch 99: inverse test average loss 0.004459059590266811.
Policy training episode: 25, grounded actions taken: 360, last two uncertainties: {0: [0.0, 0.0]}, avg agent uncertainties: [0.0], grounded actions by agent: [360]
Policy training episode: 25, iteration 0/1, policy training avg travel time:211.03265710044533, q_loss:129.0152130126953, rewards:-80.65082465277777, queue:72.11111111111111, delay:0.6995274013943142, throughput:1877
Sim Rollout episode:26/100, sim avg travel time:174.67590301830776, rewards:-66.57222764756945, queue:61.022222222222226, delay:0.6709222157796224, throughput:1919
Real rollout step:26/100, travel time:204.61607142857142, rewards:-98.20278862847222, queue:81.40833333333333, delay:0.7988257514105903, throughput:1878
forward model: training agent 0.
Epoch 0: forward train average loss 0.00906481904288133.
epoch 0: forward test average loss 0.013092649893628227.
Epoch 99: forward train average loss 0.007683434730602635.
epoch 99: forward test average loss 0.014136478304862976.
inverse model, training agent 0.
epoch 0: inverse train average loss 0.005226966459304094.
epoch 0: inverse test average loss 0.006141624516910977.
epoch 99: inverse train average loss 0.003934850657565726.
epoch 99: inverse test average loss 0.007282479769653744.
Policy training episode: 26, grounded actions taken: 360, last two uncertainties: {0: [0.0, 0.0]}, avg agent uncertainties: [0.0], grounded actions by agent: [360]
Policy training episode: 26, iteration 0/1, policy training avg travel time:206.87976249381495, q_loss:128.69161987304688, rewards:-81.40776909722223, queue:72.70833333333333, delay:0.716387939453125, throughput:1835
Sim Rollout episode:27/100, sim avg travel time:139.24789708065313, rewards:-47.37751193576389, queue:41.727777777777774, delay:0.6570853763156467, throughput:1951
Real rollout step:27/100, travel time:194.3043694141013, rewards:-92.24862196180555, queue:75.39166666666667, delay:0.7973538716634114, throughput:1881
forward model: training agent 0.
Epoch 0: forward train average loss 0.012320501108964285.
epoch 0: forward test average loss 0.02092225684059991.
Epoch 99: forward train average loss 0.010366120168732272.
epoch 99: forward test average loss 0.015839495592647128.
inverse model, training agent 0.
epoch 0: inverse train average loss 0.010103471991088655.
epoch 0: inverse test average loss 0.01685028647383054.
epoch 99: inverse train average loss 0.0061659375205636024.
epoch 99: inverse test average loss 0.008606957892576853.
Policy training episode: 27, grounded actions taken: 360, last two uncertainties: {0: [0.0, 0.0]}, avg agent uncertainties: [0.0], grounded actions by agent: [360]
Policy training episode: 27, iteration 0/1, policy training avg travel time:233.5264720435428, q_loss:133.81582641601562, rewards:-84.85108506944445, queue:75.10555555555555, delay:0.7190498352050781, throughput:1684
Sim Rollout episode:28/100, sim avg travel time:135.27461652647204, rewards:-44.746378580729164, queue:38.80555555555556, delay:0.6464454650878906, throughput:1951
Real rollout step:28/100, travel time:196.054718875502, rewards:-92.410546875, queue:76.33611111111111, delay:0.7992604573567709, throughput:1832
forward model: training agent 0.
Epoch 0: forward train average loss 0.01088907735215293.
epoch 0: forward test average loss 0.02131873948706521.
Epoch 99: forward train average loss 0.00892970452292098.
epoch 99: forward test average loss 0.026209177242385015.
inverse model, training agent 0.
epoch 0: inverse train average loss 0.0074101270486911135.
epoch 0: inverse test average loss 0.018764592707157135.
epoch 99: inverse train average loss 0.005161480098548863.
epoch 99: inverse test average loss 0.01044909449087249.
Policy training episode: 28, grounded actions taken: 360, last two uncertainties: {0: [0.0, 0.0]}, avg agent uncertainties: [0.0], grounded actions by agent: [360]
Policy training episode: 28, iteration 0/1, policy training avg travel time:476.8337456704602, q_loss:140.31094360351562, rewards:-106.70862630208333, queue:96.68611111111112, delay:0.6883562299940321, throughput:1411
Sim Rollout episode:29/100, sim avg travel time:132.7585353785255, rewards:-43.583349609375, queue:38.13611111111111, delay:0.6454572041829427, throughput:1955
Real rollout step:29/100, travel time:198.14143920595532, rewards:-94.21251085069444, queue:77.65833333333333, delay:0.7963846842447917, throughput:1909
forward model: training agent 0.
Epoch 0: forward train average loss 0.012441531651549868.
epoch 0: forward test average loss 0.01640471236573325.
Epoch 99: forward train average loss 0.010213195035854975.
epoch 99: forward test average loss 0.01782920128769345.
inverse model, training agent 0.
epoch 0: inverse train average loss 0.00899830905513631.
epoch 0: inverse test average loss 0.017349228262901306.
epoch 99: inverse train average loss 0.00611528516229656.
epoch 99: inverse test average loss 0.013444709281126658.
Policy training episode: 29, grounded actions taken: 360, last two uncertainties: {0: [0.0, 0.0]}, avg agent uncertainties: [0.0], grounded actions by agent: [360]
Policy training episode: 29, iteration 0/1, policy training avg travel time:192.59178624443345, q_loss:141.0797119140625, rewards:-63.96331922743055, queue:54.05, delay:0.7204019334581163, throughput:1889
Sim Rollout episode:30/100, sim avg travel time:131.85601187530926, rewards:-43.02555067274306, queue:37.99444444444445, delay:0.6529214647081163, throughput:1963
Real rollout step:30/100, travel time:187.45183714001985, rewards:-88.47554796006945, queue:71.86666666666666, delay:0.785296376546224, throughput:1872
forward model: training agent 0.
Epoch 0: forward train average loss 0.011431341162986226.
epoch 0: forward test average loss 0.02061130354801814.
Epoch 99: forward train average loss 0.008493109709686704.
epoch 99: forward test average loss 0.016015470027923584.
inverse model, training agent 0.
epoch 0: inverse train average loss 0.0062951816038952935.
epoch 0: inverse test average loss 0.013190866758426031.
epoch 99: inverse train average loss 0.004098435967332787.
epoch 99: inverse test average loss 0.012434856966137886.
Policy training episode: 30, grounded actions taken: 360, last two uncertainties: {0: [0.0, 0.0]}, avg agent uncertainties: [0.0], grounded actions by agent: [360]
Policy training episode: 30, iteration 0/1, policy training avg travel time:206.20633349826818, q_loss:143.45472717285156, rewards:-69.72779405381945, queue:59.608333333333334, delay:0.7190777248806424, throughput:1870
Sim Rollout episode:31/100, sim avg travel time:167.78030677882236, rewards:-63.30610894097222, queue:57.00277777777778, delay:0.671820322672526, throughput:1934
Real rollout step:31/100, travel time:212.28477491148203, rewards:-100.62197265625, queue:84.22777777777777, delay:0.7887279086642796, throughput:1832
forward model: training agent 0.
Epoch 0: forward train average loss 0.013044444223244986.
epoch 0: forward test average loss 0.01855803694989946.
Epoch 99: forward train average loss 0.00955185087190734.
epoch 99: forward test average loss 0.015754148364067078.
inverse model, training agent 0.
epoch 0: inverse train average loss 0.004990855801022715.
epoch 0: inverse test average loss 0.006354546588328149.
epoch 99: inverse train average loss 0.0032886935191022027.
epoch 99: inverse test average loss 0.003764519157509009.
Policy training episode: 31, grounded actions taken: 360, last two uncertainties: {0: [0.0, 0.0]}, avg agent uncertainties: [0.0], grounded actions by agent: [360]
Policy training episode: 31, iteration 0/1, policy training avg travel time:184.3666501731816, q_loss:146.54074096679688, rewards:-71.27054578993055, queue:62.03055555555556, delay:0.7146227518717448, throughput:1894
Sim Rollout episode:32/100, sim avg travel time:143.0242454230579, rewards:-49.44001193576389, queue:43.855555555555554, delay:0.6494511922200521, throughput:1956
Real rollout step:32/100, travel time:212.3956543708944, rewards:-100.53971354166667, queue:85.16666666666667, delay:0.7923862881130642, throughput:1849
forward model: training agent 0.
Epoch 0: forward train average loss 0.01706977292067475.
epoch 0: forward test average loss 0.02953991045554479.
Epoch 99: forward train average loss 0.010930342599749565.
epoch 99: forward test average loss 0.025064722531371646.
inverse model, training agent 0.
epoch 0: inverse train average loss 0.0059384263844953645.
epoch 0: inverse test average loss 0.011144577008154657.
epoch 99: inverse train average loss 0.003749962482187483.
epoch 99: inverse test average loss 0.008720174431800842.
Policy training episode: 32, grounded actions taken: 360, last two uncertainties: {0: [0.0, 0.0]}, avg agent uncertainties: [0.0], grounded actions by agent: [360]
Policy training episode: 32, iteration 0/1, policy training avg travel time:356.9465611083622, q_loss:145.330810546875, rewards:-99.92162543402777, queue:89.24722222222222, delay:0.7104911380343967, throughput:1653
Sim Rollout episode:33/100, sim avg travel time:131.50272142503712, rewards:-42.963321940104166, queue:37.922222222222224, delay:0.6466217041015625, throughput:1955
Real rollout step:33/100, travel time:172.89800995024876, rewards:-80.02335069444445, queue:62.93055555555556, delay:0.7710158454047309, throughput:1890
forward model: training agent 0.
Epoch 0: forward train average loss 0.010589134568969408.
epoch 0: forward test average loss 0.017559785809781816.
Epoch 99: forward train average loss 0.007951439151333438.
epoch 99: forward test average loss 0.014639359795384936.
inverse model, training agent 0.
epoch 0: inverse train average loss 0.0058539095852110125.
epoch 0: inverse test average loss 0.005419604790707429.
epoch 99: inverse train average loss 0.00416844105347991.
epoch 99: inverse test average loss 0.006447880011465814.
Policy training episode: 33, grounded actions taken: 360, last two uncertainties: {0: [0.0, 0.0]}, avg agent uncertainties: [0.0], grounded actions by agent: [360]
Policy training episode: 33, iteration 0/1, policy training avg travel time:294.4473033151905, q_loss:151.3758087158203, rewards:-90.96556532118055, queue:78.3, delay:0.710808605617947, throughput:1720
Sim Rollout episode:34/100, sim avg travel time:139.9698169223157, rewards:-47.599446614583336, queue:42.53333333333333, delay:0.6611146291097005, throughput:1961
Real rollout step:34/100, travel time:202.36246276067527, rewards:-96.80413411458333, queue:79.9, delay:0.7911534627278646, throughput:1886
forward model: training agent 0.
Epoch 0: forward train average loss 0.010989216880665885.
epoch 0: forward test average loss 0.01861487991280026.
Epoch 99: forward train average loss 0.008862808346748352.
epoch 99: forward test average loss 0.014755867835548189.
inverse model, training agent 0.
epoch 0: inverse train average loss 0.004398091023580896.
epoch 0: inverse test average loss 0.0044245063327252865.
epoch 99: inverse train average loss 0.0026739928095291057.
epoch 99: inverse test average loss 0.005615268109573258.
Policy training episode: 34, grounded actions taken: 360, last two uncertainties: {0: [0.0, 0.0]}, avg agent uncertainties: [0.0], grounded actions by agent: [360]
Policy training episode: 34, iteration 0/1, policy training avg travel time:160.82236516575952, q_loss:148.10720825195312, rewards:-59.615261501736114, queue:51.49166666666667, delay:0.7144392225477431, throughput:1925
Sim Rollout episode:35/100, sim avg travel time:130.86392874814447, rewards:-42.412494574652776, queue:37.56944444444444, delay:0.6427394443088108, throughput:1963
Real rollout step:35/100, travel time:190.65739821251242, rewards:-90.26969401041667, queue:73.34166666666667, delay:0.7822942097981771, throughput:1877
forward model: training agent 0.
Epoch 0: forward train average loss 0.012333548938234648.
epoch 0: forward test average loss 0.017677059604061976.
Epoch 99: forward train average loss 0.010701211583283212.
epoch 99: forward test average loss 0.01642612409260538.
inverse model, training agent 0.
epoch 0: inverse train average loss 0.003868263059606155.
epoch 0: inverse test average loss 0.009446069598197937.
epoch 99: inverse train average loss 0.0027661270772417388.
epoch 99: inverse test average loss 0.0062872688803407885.
Policy training episode: 35, grounded actions taken: 360, last two uncertainties: {0: [0.0, 0.0]}, avg agent uncertainties: [0.0], grounded actions by agent: [360]
Policy training episode: 35, iteration 0/1, policy training avg travel time:180.29985155863434, q_loss:142.77647399902344, rewards:-68.69945203993055, queue:58.1, delay:0.7209576924641927, throughput:1902
Sim Rollout episode:36/100, sim avg travel time:216.37654626422562, rewards:-73.61472439236111, queue:65.425, delay:0.6918518914116754, throughput:1865
Real rollout step:36/100, travel time:230.37900262467193, rewards:-106.42134331597222, queue:91.76388888888889, delay:0.7805222405327691, throughput:1777
forward model: training agent 0.
Epoch 0: forward train average loss 0.01536782437728511.
epoch 0: forward test average loss 0.018831038640605077.
Epoch 99: forward train average loss 0.009631595884760221.
epoch 99: forward test average loss 0.01287234698732694.
inverse model, training agent 0.
epoch 0: inverse train average loss 0.009845488808221288.
epoch 0: inverse test average loss 0.01343891935216056.
epoch 99: inverse train average loss 0.0031988335669868523.
epoch 99: inverse test average loss 0.012684249215655856.
Policy training episode: 36, grounded actions taken: 360, last two uncertainties: {0: [0.0, 0.0]}, avg agent uncertainties: [0.0], grounded actions by agent: [360]
Policy training episode: 36, iteration 0/1, policy training avg travel time:180.13607125185553, q_loss:147.59451293945312, rewards:-70.78167860243056, queue:61.125, delay:0.7419918484157986, throughput:1899
Sim Rollout episode:37/100, sim avg travel time:161.08659079663533, rewards:-59.346126302083334, queue:53.68888888888889, delay:0.6786304050021701, throughput:1945
Real rollout step:37/100, travel time:219.3356608478803, rewards:-106.16359592013889, queue:89.53888888888889, delay:0.795023176405165, throughput:1840
forward model: training agent 0.
Epoch 0: forward train average loss 0.017530920811825328.
epoch 0: forward test average loss 0.027356058359146118.
Epoch 99: forward train average loss 0.013344975809256235.
epoch 99: forward test average loss 0.01966339349746704.
inverse model, training agent 0.
epoch 0: inverse train average loss 0.010749046587281756.
epoch 0: inverse test average loss 0.022387927605046168.
epoch 99: inverse train average loss 0.0017526901016632717.
epoch 99: inverse test average loss 0.008999646951754888.
Policy training episode: 37, grounded actions taken: 360, last two uncertainties: {0: [0.0, 0.0]}, avg agent uncertainties: [0.0], grounded actions by agent: [360]
Policy training episode: 37, iteration 0/1, policy training avg travel time:186.36417615042058, q_loss:143.33094787597656, rewards:-71.48496636284722, queue:63.49722222222222, delay:0.7149879455566406, throughput:1888
Sim Rollout episode:38/100, sim avg travel time:133.95546759030182, rewards:-44.09388834635417, queue:39.50833333333333, delay:0.6610388437906901, throughput:1965
Real rollout step:38/100, travel time:177.62928039702234, rewards:-82.77805989583334, queue:65.175, delay:0.7801664564344618, throughput:1913
forward model: training agent 0.
Epoch 0: forward train average loss 0.011937324992484517.
epoch 0: forward test average loss 0.018526862064997356.
Epoch 99: forward train average loss 0.007921082898974419.
epoch 99: forward test average loss 0.016774136986997392.
inverse model, training agent 0.
epoch 0: inverse train average loss 0.005619876811073886.
epoch 0: inverse test average loss 0.01072646284268962.
epoch 99: inverse train average loss 0.002744534880750709.
epoch 99: inverse test average loss 0.0046708906690279646.
Policy training episode: 38, grounded actions taken: 360, last two uncertainties: {0: [0.0, 0.0]}, avg agent uncertainties: [0.0], grounded actions by agent: [360]
Policy training episode: 38, iteration 0/1, policy training avg travel time:140.63483424047502, q_loss:140.33078002929688, rewards:-48.37276475694444, queue:41.88333333333333, delay:0.6945275200737847, throughput:1931
Sim Rollout episode:39/100, sim avg travel time:174.1345868381989, rewards:-67.168603515625, queue:61.74166666666667, delay:0.6645633273654514, throughput:1933
Real rollout step:39/100, travel time:254.0520260130065, rewards:-125.0555447048611, queue:109.35, delay:0.8072214762369792, throughput:1842
forward model: training agent 0.
Epoch 0: forward train average loss 0.017607035529282358.
epoch 0: forward test average loss 0.02493922495179706.
Epoch 99: forward train average loss 0.012505474189917246.
epoch 99: forward test average loss 0.02024667461713155.
inverse model, training agent 0.
epoch 0: inverse train average loss 0.00907656829804182.
epoch 0: inverse test average loss 0.011723937259780036.
epoch 99: inverse train average loss 0.0024238503796772826.
epoch 99: inverse test average loss 0.006819972147544225.
Policy training episode: 39, grounded actions taken: 360, last two uncertainties: {0: [0.0, 0.0]}, avg agent uncertainties: [0.0], grounded actions by agent: [360]
Policy training episode: 39, iteration 0/1, policy training avg travel time:177.54428500742208, q_loss:129.3924102783203, rewards:-68.15081922743056, queue:59.611111111111114, delay:0.7168389214409723, throughput:1917
Sim Rollout episode:40/100, sim avg travel time:137.06630380999505, rewards:-45.76277126736111, queue:41.2, delay:0.6591431087917752, throughput:1971
Real rollout step:40/100, travel time:184.01934523809524, rewards:-86.50692816840278, queue:69.01666666666667, delay:0.7851078457302517, throughput:1900
forward model: training agent 0.
Epoch 0: forward train average loss 0.009539021903442012.
epoch 0: forward test average loss 0.015458551545937857.
Epoch 99: forward train average loss 0.0077540627163317465.
epoch 99: forward test average loss 0.014028816587395139.
inverse model, training agent 0.
epoch 0: inverse train average loss 0.007177765170733134.
epoch 0: inverse test average loss 0.014104077385531532.
epoch 99: inverse train average loss 0.0020955135631892416.
epoch 99: inverse test average loss 0.005403989925980568.
Policy training episode: 40, grounded actions taken: 360, last two uncertainties: {0: [0.0, 0.0]}, avg agent uncertainties: [0.0], grounded actions by agent: [360]
Policy training episode: 40, iteration 0/1, policy training avg travel time:150.49134092033646, q_loss:127.24237060546875, rewards:-54.02276475694445, queue:46.797222222222224, delay:0.7034054226345486, throughput:1928
Sim Rollout episode:41/100, sim avg travel time:137.90153389411182, rewards:-46.44804144965278, queue:42.21111111111111, delay:0.6477857377794054, throughput:1962
Real rollout step:41/100, travel time:197.40496277915634, rewards:-93.99441189236111, queue:76.83888888888889, delay:0.783155992296007, throughput:1895
forward model: training agent 0.
Epoch 0: forward train average loss 0.008643924983011352.
epoch 0: forward test average loss 0.015621377362145318.
Epoch 99: forward train average loss 0.007883371785283089.
epoch 99: forward test average loss 0.015343258364333047.
inverse model, training agent 0.
epoch 0: inverse train average loss 0.004185439139190648.
epoch 0: inverse test average loss 0.00417908239695761.
epoch 99: inverse train average loss 0.0024504614347178075.
epoch 99: inverse test average loss 0.0029687112611201075.
Policy training episode: 41, grounded actions taken: 360, last two uncertainties: {0: [0.0, 0.0]}, avg agent uncertainties: [0.0], grounded actions by agent: [360]
Policy training episode: 41, iteration 0/1, policy training avg travel time:145.3419099455715, q_loss:123.06494903564453, rewards:-50.94334309895833, queue:44.56666666666667, delay:0.7042560153537326, throughput:1938
Sim Rollout episode:42/100, sim avg travel time:119.60712518555171, rewards:-35.83974609375, queue:31.344444444444445, delay:0.6450563218858507, throughput:1975
Real rollout step:42/100, travel time:174.79156327543424, rewards:-81.40859917534722, queue:64.64444444444445, delay:0.780773417154948, throughput:1884
forward model: training agent 0.
Epoch 0: forward train average loss 0.012999157731731733.
epoch 0: forward test average loss 0.016245250072744157.
Epoch 99: forward train average loss 0.009249063312179513.
epoch 99: forward test average loss 0.013376925140619278.
inverse model, training agent 0.
epoch 0: inverse train average loss 0.007236899497608344.
epoch 0: inverse test average loss 0.006756061274144385.
epoch 99: inverse train average loss 0.002324973517614934.
epoch 99: inverse test average loss 0.005226647895243432.
Policy training episode: 42, grounded actions taken: 360, last two uncertainties: {0: [0.0, 0.0]}, avg agent uncertainties: [0.0], grounded actions by agent: [360]
Policy training episode: 42, iteration 0/1, policy training avg travel time:139.8703612073231, q_loss:114.89773559570312, rewards:-47.80138888888889, queue:40.28611111111111, delay:0.6827560848659939, throughput:1943
Sim Rollout episode:43/100, sim avg travel time:137.6620484908461, rewards:-46.15197482638889, queue:41.86944444444445, delay:0.6582239786783854, throughput:1958
Real rollout step:43/100, travel time:182.39374379344588, rewards:-85.56361219618056, queue:68.05833333333334, delay:0.7842173258463542, throughput:1895
forward model: training agent 0.
Epoch 0: forward train average loss 0.010493562556803226.
epoch 0: forward test average loss 0.015702012098497815.
Epoch 99: forward train average loss 0.008403090242710378.
epoch 99: forward test average loss 0.015462987124919891.
inverse model, training agent 0.
epoch 0: inverse train average loss 0.00819842636378275.
epoch 0: inverse test average loss 0.004733803785509533.
epoch 99: inverse train average loss 0.002347669486577312.
epoch 99: inverse test average loss 0.003524547028872702.
Policy training episode: 43, grounded actions taken: 360, last two uncertainties: {0: [0.0, 0.0]}, avg agent uncertainties: [0.0], grounded actions by agent: [360]
Policy training episode: 43, iteration 0/1, policy training avg travel time:138.47996041563582, q_loss:115.28926086425781, rewards:-46.90303276909722, queue:41.2, delay:0.7086560143364801, throughput:1952
Sim Rollout episode:44/100, sim avg travel time:115.06382978723404, rewards:-33.35833604600695, queue:29.455555555555556, delay:0.6325729793972439, throughput:1974
Real rollout step:44/100, travel time:179.48166750376694, rewards:-83.10139973958333, queue:66.26388888888889, delay:0.7900033738878038, throughput:1854
forward model: training agent 0.
Epoch 0: forward train average loss 0.011494230479001999.
epoch 0: forward test average loss 0.0186346893509229.
Epoch 99: forward train average loss 0.009869279132948982.
epoch 99: forward test average loss 0.016056267337666616.
inverse model, training agent 0.
epoch 0: inverse train average loss 0.004343256043891112.
epoch 0: inverse test average loss 0.008000487461686134.
epoch 99: inverse train average loss 0.0015967762899688548.
epoch 99: inverse test average loss 0.0032735711170567405.
Policy training episode: 44, grounded actions taken: 360, last two uncertainties: {0: [0.0, 0.0]}, avg agent uncertainties: [0.0], grounded actions by agent: [360]
Policy training episode: 44, iteration 0/1, policy training avg travel time:124.14101929737754, q_loss:114.84845733642578, rewards:-38.541118706597224, queue:33.169444444444444, delay:0.6578094482421875, throughput:1972
Sim Rollout episode:45/100, sim avg travel time:117.53043047996042, rewards:-34.854456922743054, queue:30.730555555555554, delay:0.6275384267171223, throughput:1974
Real rollout step:45/100, travel time:177.81091811414393, rewards:-83.01583116319445, queue:66.04722222222222, delay:0.787453121609158, throughput:1891
forward model: training agent 0.
Epoch 0: forward train average loss 0.011252007964584563.
epoch 0: forward test average loss 0.026482957932684157.
Epoch 99: forward train average loss 0.010067354887723923.
epoch 99: forward test average loss 0.01950872027211719.
inverse model, training agent 0.
epoch 0: inverse train average loss 0.005929041395170821.
epoch 0: inverse test average loss 0.004303644928667281.
epoch 99: inverse train average loss 0.0024626779292399683.
epoch 99: inverse test average loss 0.0031801913347509173.
Policy training episode: 45, grounded actions taken: 360, last two uncertainties: {0: [0.0, 0.0]}, avg agent uncertainties: [0.0], grounded actions by agent: [360]
Policy training episode: 45, iteration 0/1, policy training avg travel time:366.79041028175976, q_loss:111.26534271240234, rewards:-108.20110677083333, queue:99.24444444444444, delay:0.7229763454861111, throughput:1558
Sim Rollout episode:46/100, sim avg travel time:117.42701632855022, rewards:-34.79750162760417, queue:30.302777777777777, delay:0.6255291408962673, throughput:1971
Real rollout step:46/100, travel time:160.59582919563059, rewards:-73.30301649305555, queue:56.455555555555556, delay:0.7610793219672309, throughput:1898
forward model: training agent 0.
Epoch 0: forward train average loss 0.014705674101909002.
epoch 0: forward test average loss 0.0192062904437383.
Epoch 99: forward train average loss 0.008492976840999391.
epoch 99: forward test average loss 0.015392495526207818.
inverse model, training agent 0.
epoch 0: inverse train average loss 0.005655411320428054.
epoch 0: inverse test average loss 0.004944490682747629.
epoch 99: inverse train average loss 0.0019072496539188756.
epoch 99: inverse test average loss 0.0014409095359345276.
Policy training episode: 46, grounded actions taken: 360, last two uncertainties: {0: [0.0, 0.0]}, avg agent uncertainties: [0.0], grounded actions by agent: [360]
Policy training episode: 46, iteration 0/1, policy training avg travel time:119.79564571994062, q_loss:128.70460510253906, rewards:-36.2869384765625, queue:31.441666666666666, delay:0.6502687666151259, throughput:1960
Sim Rollout episode:47/100, sim avg travel time:126.05640771895101, rewards:-39.612521701388886, queue:35.388888888888886, delay:0.6411348130967882, throughput:1967
Real rollout step:47/100, travel time:178.09776674937964, rewards:-83.15667860243056, queue:66.71666666666667, delay:0.7907520718044705, throughput:1891
forward model: training agent 0.
Epoch 0: forward train average loss 0.01055766393740972.
epoch 0: forward test average loss 0.02810154441330168.
Epoch 99: forward train average loss 0.00837736028350062.
epoch 99: forward test average loss 0.01781158811516232.
inverse model, training agent 0.
epoch 0: inverse train average loss 0.004098314326256514.
epoch 0: inverse test average loss 0.004111916447679202.
epoch 99: inverse train average loss 0.0015479596461065942.
epoch 99: inverse test average loss 0.008632652047607634.
Policy training episode: 47, grounded actions taken: 360, last two uncertainties: {0: [0.0, 0.0]}, avg agent uncertainties: [0.0], grounded actions by agent: [360]
Policy training episode: 47, iteration 0/1, policy training avg travel time:135.11677387431965, q_loss:133.8701934814453, rewards:-44.976947699652776, queue:39.416666666666664, delay:0.7007667965359158, throughput:1959
Sim Rollout episode:48/100, sim avg travel time:116.10143493320139, rewards:-33.80696885850694, queue:29.63888888888889, delay:0.6193704817030165, throughput:1970
Real rollout step:48/100, travel time:177.48511904761904, rewards:-82.966943359375, queue:65.95555555555555, delay:0.7723954094780816, throughput:1882
forward model: training agent 0.
Epoch 0: forward train average loss 0.012956604154573547.
epoch 0: forward test average loss 0.022712740633222792.
Epoch 99: forward train average loss 0.008922965162330203.
epoch 99: forward test average loss 0.015181908590926064.
inverse model, training agent 0.
epoch 0: inverse train average loss 0.005908740994830926.
epoch 0: inverse test average loss 0.005869485437870026.
epoch 99: inverse train average loss 0.0014239981020283368.
epoch 99: inverse test average loss 0.005206550574964947.
Policy training episode: 48, grounded actions taken: 360, last two uncertainties: {0: [0.0, 0.0]}, avg agent uncertainties: [0.0], grounded actions by agent: [360]
Policy training episode: 48, iteration 0/1, policy training avg travel time:130.01385452746166, q_loss:116.77889251708984, rewards:-42.13862033420139, queue:36.388888888888886, delay:0.6807958390977648, throughput:1953
Sim Rollout episode:49/100, sim avg travel time:118.20286986640276, rewards:-35.200290256076386, queue:30.48611111111111, delay:0.612488513522678, throughput:1962
Real rollout step:49/100, travel time:167.5049652432969, rewards:-77.068359375, queue:60.075, delay:0.7609823438856337, throughput:1901
forward model: training agent 0.
Epoch 0: forward train average loss 0.010442058659262128.
epoch 0: forward test average loss 0.014630454695887037.
Epoch 99: forward train average loss 0.008690864779055119.
epoch 99: forward test average loss 0.022831988003518846.
inverse model, training agent 0.
epoch 0: inverse train average loss 0.0026572345135112605.
epoch 0: inverse test average loss 0.00309790029293961.
epoch 99: inverse train average loss 0.0007592248989062177.
epoch 99: inverse test average loss 0.001797751627034611.
Policy training episode: 49, grounded actions taken: 360, last two uncertainties: {0: [0.0, 0.0]}, avg agent uncertainties: [0.0], grounded actions by agent: [360]
Policy training episode: 49, iteration 0/1, policy training avg travel time:137.67342899554677, q_loss:109.17866516113281, rewards:-45.77777235243055, queue:38.84722222222222, delay:0.6952291700575087, throughput:1964
Sim Rollout episode:50/100, sim avg travel time:119.90301830776843, rewards:-36.36389431423611, queue:31.919444444444444, delay:0.6348063574896918, throughput:1960
Real rollout step:50/100, travel time:168.70392449080973, rewards:-77.8591796875, queue:61.11944444444445, delay:0.7408957587348091, throughput:1891
forward model: training agent 0.
Epoch 0: forward train average loss 0.010136308976345591.
epoch 0: forward test average loss 0.01569581362936232.
Epoch 99: forward train average loss 0.008077353963421451.
epoch 99: forward test average loss 0.015148440582884682.
inverse model, training agent 0.
epoch 0: inverse train average loss 0.0026118617970496416.
epoch 0: inverse test average loss 0.00330472473676006.
epoch 99: inverse train average loss 0.0010879860298397641.
epoch 99: inverse test average loss 0.0024112082966085938.
Policy training episode: 50, grounded actions taken: 360, last two uncertainties: {0: [0.0, 0.0]}, avg agent uncertainties: [0.0], grounded actions by agent: [360]
Policy training episode: 50, iteration 0/1, policy training avg travel time:177.13854527461652, q_loss:104.14078521728516, rewards:-56.55307074652778, queue:47.86388888888889, delay:0.7065640767415364, throughput:1913
Sim Rollout episode:51/100, sim avg travel time:123.59099901088031, rewards:-38.46082356770833, queue:34.00277777777778, delay:0.6548921373155382, throughput:1961
Real rollout step:51/100, travel time:165.21588089330024, rewards:-75.758349609375, queue:58.44722222222222, delay:0.7729448106553819, throughput:1917
forward model: training agent 0.
Epoch 0: forward train average loss 0.011520424857735634.
epoch 0: forward test average loss 0.019255888130929735.
Epoch 99: forward train average loss 0.00887520963119136.
epoch 99: forward test average loss 0.014724617616997825.
inverse model, training agent 0.
epoch 0: inverse train average loss 0.00528464512899518.
epoch 0: inverse test average loss 0.01455972178114785.
epoch 99: inverse train average loss 0.0018470373599686557.
epoch 99: inverse test average loss 0.005823326193624073.
Policy training episode: 51, grounded actions taken: 360, last two uncertainties: {0: [0.0, 0.0]}, avg agent uncertainties: [0.0], grounded actions by agent: [360]
Policy training episode: 51, iteration 0/1, policy training avg travel time:205.1321128154379, q_loss:108.49652862548828, rewards:-60.340006510416664, queue:52.605555555555554, delay:0.6929593827989367, throughput:1856
Sim Rollout episode:52/100, sim avg travel time:124.48639287481444, rewards:-38.8502685546875, queue:34.13333333333333, delay:0.6538166893853081, throughput:1961
Real rollout step:52/100, travel time:177.81560283687944, rewards:-81.23333333333333, queue:64.90555555555555, delay:0.7844818962944878, throughput:1860
forward model: training agent 0.
Epoch 0: forward train average loss 0.01011046539578173.
epoch 0: forward test average loss 0.017933115363121033.
Epoch 99: forward train average loss 0.008259823338852989.
epoch 99: forward test average loss 0.01376956949631373.
inverse model, training agent 0.
epoch 0: inverse train average loss 0.0029885751040031514.
epoch 0: inverse test average loss 0.005628462880849838.
epoch 99: inverse train average loss 0.001350367584058808.
epoch 99: inverse test average loss 0.006143013843231731.
Policy training episode: 52, grounded actions taken: 360, last two uncertainties: {0: [0.0, 0.0]}, avg agent uncertainties: [0.0], grounded actions by agent: [360]
Policy training episode: 52, iteration 0/1, policy training avg travel time:138.90549233052943, q_loss:114.72773742675781, rewards:-46.5, queue:39.78055555555556, delay:0.7015216827392579, throughput:1952
Sim Rollout episode:53/100, sim avg travel time:118.75222551928783, rewards:-35.34779188368056, queue:30.794444444444444, delay:0.6266023847791884, throughput:1977
Real rollout step:53/100, travel time:165.73647642679902, rewards:-76.28555230034722, queue:59.53611111111111, delay:0.7712048000759548, throughput:1887
forward model: training agent 0.
Epoch 0: forward train average loss 0.009578476866914166.
epoch 0: forward test average loss 0.01544975737730662.
Epoch 99: forward train average loss 0.007687009457084868.
epoch 99: forward test average loss 0.015047125104400847.
inverse model, training agent 0.
epoch 0: inverse train average loss 0.0025010224328272873.
epoch 0: inverse test average loss 0.003533574597289165.
epoch 99: inverse train average loss 0.000859399106250041.
epoch 99: inverse test average loss 0.0019866475680222115.
Policy training episode: 53, grounded actions taken: 360, last two uncertainties: {0: [0.0, 0.0]}, avg agent uncertainties: [0.0], grounded actions by agent: [360]
Policy training episode: 53, iteration 0/1, policy training avg travel time:188.0212765957447, q_loss:106.51863861083984, rewards:-57.71861436631944, queue:48.638888888888886, delay:0.7145147535536024, throughput:1879
Sim Rollout episode:54/100, sim avg travel time:117.71301335972291, rewards:-34.9333251953125, queue:30.025, delay:0.6257150438096788, throughput:1967
Real rollout step:54/100, travel time:159.85508684863524, rewards:-72.82886827256945, queue:55.69166666666667, delay:0.761283450656467, throughput:1906
forward model: training agent 0.
Epoch 0: forward train average loss 0.010029639841781722.
epoch 0: forward test average loss 0.015343251327673594.
Epoch 99: forward train average loss 0.008892299917836985.
epoch 99: forward test average loss 0.0139816804892487.
inverse model, training agent 0.
epoch 0: inverse train average loss 0.003556148782889876.
epoch 0: inverse test average loss 0.004438053402635787.
epoch 99: inverse train average loss 0.0016296217347391779.
epoch 99: inverse test average loss 0.004797247238457203.
Policy training episode: 54, grounded actions taken: 360, last two uncertainties: {0: [0.0, 0.0]}, avg agent uncertainties: [0.0], grounded actions by agent: [360]
Policy training episode: 54, iteration 0/1, policy training avg travel time:163.80455220188026, q_loss:104.99264526367188, rewards:-58.31335177951389, queue:50.03611111111111, delay:0.7094407399495443, throughput:1912
Sim Rollout episode:55/100, sim avg travel time:117.87679366650173, rewards:-34.839992947048614, queue:30.822222222222223, delay:0.6256436665852865, throughput:1980
Real rollout step:55/100, travel time:165.40437158469945, rewards:-76.03499891493055, queue:59.00555555555555, delay:0.7729078504774306, throughput:1884
forward model: training agent 0.
Epoch 0: forward train average loss 0.010640347790386941.
epoch 0: forward test average loss 0.01770042793618308.
Epoch 99: forward train average loss 0.0072872935690813595.
epoch 99: forward test average loss 0.01857280648416943.
inverse model, training agent 0.
epoch 0: inverse train average loss 0.004933391697704792.
epoch 0: inverse test average loss 0.006489314966731601.
epoch 99: inverse train average loss 0.0013049017870798707.
epoch 99: inverse test average loss 0.005563965067267418.
Policy training episode: 55, grounded actions taken: 360, last two uncertainties: {0: [0.0, 0.0]}, avg agent uncertainties: [0.0], grounded actions by agent: [360]
Policy training episode: 55, iteration 0/1, policy training avg travel time:128.75952498762987, q_loss:101.85979461669922, rewards:-41.0125, queue:34.82222222222222, delay:0.6777689192030165, throughput:1974
Sim Rollout episode:56/100, sim avg travel time:123.33003463631866, rewards:-37.91361762152778, queue:33.67777777777778, delay:0.6391830444335938, throughput:1977
Real rollout step:56/100, travel time:156.23722084367245, rewards:-70.73863389756944, queue:53.025, delay:0.7478590223524305, throughput:1921
forward model: training agent 0.
Epoch 0: forward train average loss 0.010032376481427087.
epoch 0: forward test average loss 0.017962643669711217.
Epoch 99: forward train average loss 0.007531557025180923.
epoch 99: forward test average loss 0.013433557831578784.
inverse model, training agent 0.
epoch 0: inverse train average loss 0.00350279884878546.
epoch 0: inverse test average loss 0.003115772373146481.
epoch 99: inverse train average loss 0.0007458660467010406.
epoch 99: inverse test average loss 0.0011515774013888505.
Policy training episode: 56, grounded actions taken: 360, last two uncertainties: {0: [0.0, 0.0]}, avg agent uncertainties: [0.0], grounded actions by agent: [360]
Policy training episode: 56, iteration 0/1, policy training avg travel time:130.9198416625433, q_loss:93.2064437866211, rewards:-42.72028537326389, queue:36.59166666666667, delay:0.6718586815728081, throughput:1941
Sim Rollout episode:57/100, sim avg travel time:114.94359228104899, rewards:-33.28027072482639, queue:28.95, delay:0.6191810184054904, throughput:1968
Real rollout step:57/100, travel time:149.04121151936445, rewards:-66.57364366319445, queue:49.01111111111111, delay:0.7483365376790364, throughput:1921
forward model: training agent 0.
Epoch 0: forward train average loss 0.009544434336324533.
epoch 0: forward test average loss 0.013785810520251593.
Epoch 99: forward train average loss 0.007931517954501841.
epoch 99: forward test average loss 0.013046869801150428.
inverse model, training agent 0.
epoch 0: inverse train average loss 0.0064624131967624026.
epoch 0: inverse test average loss 0.004283238512774308.
epoch 99: inverse train average loss 0.002033468827398287.
epoch 99: inverse test average loss 0.0027482197102573183.
Policy training episode: 57, grounded actions taken: 360, last two uncertainties: {0: [0.0, 0.0]}, avg agent uncertainties: [0.0], grounded actions by agent: [360]
Policy training episode: 57, iteration 0/1, policy training avg travel time:150.47649678377041, q_loss:97.72294616699219, rewards:-49.783604600694446, queue:41.81666666666667, delay:0.6835904439290365, throughput:1928
Sim Rollout episode:58/100, sim avg travel time:123.50816427511133, rewards:-38.070003255208334, queue:33.41111111111111, delay:0.6504838307698567, throughput:1971
Real rollout step:58/100, travel time:156.73733862959284, rewards:-71.02751193576388, queue:53.858333333333334, delay:0.7579099867078993, throughput:1915
forward model: training agent 0.
Epoch 0: forward train average loss 0.010445563950472407.
epoch 0: forward test average loss 0.01775874114698834.
Epoch 99: forward train average loss 0.007782740828891595.
epoch 99: forward test average loss 0.01665190772877799.
inverse model, training agent 0.
epoch 0: inverse train average loss 0.003478409360266394.
epoch 0: inverse test average loss 0.0027094820333230826.
epoch 99: inverse train average loss 0.0008807925171115332.
epoch 99: inverse test average loss 0.002560369463430511.
Policy training episode: 58, grounded actions taken: 360, last two uncertainties: {0: [0.0, 0.0]}, avg agent uncertainties: [0.0], grounded actions by agent: [360]
Policy training episode: 58, iteration 0/1, policy training avg travel time:127.80999505195447, q_loss:102.23894500732422, rewards:-40.546940104166666, queue:34.727777777777774, delay:0.6579151577419705, throughput:1969
Sim Rollout episode:59/100, sim avg travel time:114.21425037110342, rewards:-32.96304524739583, queue:28.741666666666667, delay:0.6292257520887586, throughput:1969
Real rollout step:59/100, travel time:156.48734491315136, rewards:-70.78777126736111, queue:53.419444444444444, delay:0.755808597140842, throughput:1927
forward model: training agent 0.
Epoch 0: forward train average loss 0.00932469984723462.
epoch 0: forward test average loss 0.013688396662473679.
Epoch 99: forward train average loss 0.006963756556312243.
epoch 99: forward test average loss 0.014004517760541704.
inverse model, training agent 0.
epoch 0: inverse train average loss 0.005041998604105579.
epoch 0: inverse test average loss 0.0027557330516477427.
epoch 99: inverse train average loss 0.0020066067550538313.
epoch 99: inverse test average loss 0.003158227747513188.
Policy training episode: 59, grounded actions taken: 360, last two uncertainties: {0: [0.0, 0.0]}, avg agent uncertainties: [0.0], grounded actions by agent: [360]
Policy training episode: 59, iteration 0/1, policy training avg travel time:129.12518555170706, q_loss:103.04679870605469, rewards:-41.38472222222222, queue:34.94722222222222, delay:0.6490097045898438, throughput:1968
Sim Rollout episode:60/100, sim avg travel time:117.96387926768926, rewards:-35.29389377170139, queue:30.78611111111111, delay:0.6425772349039713, throughput:1960
Real rollout step:60/100, travel time:166.97568238213398, rewards:-76.79721137152778, queue:59.83888888888889, delay:0.7579065110948351, throughput:1912
forward model: training agent 0.
Epoch 0: forward train average loss 0.01182121079829004.
epoch 0: forward test average loss 0.018103608654605016.
Epoch 99: forward train average loss 0.010288983066048887.
epoch 99: forward test average loss 0.015298523836665683.
inverse model, training agent 0.
epoch 0: inverse train average loss 0.004204734538992246.
epoch 0: inverse test average loss 0.005824084083239238.
epoch 99: inverse train average loss 0.0014674404972336358.
epoch 99: inverse test average loss 0.0035712864224074613.
Policy training episode: 60, grounded actions taken: 360, last two uncertainties: {0: [0.0, 0.0]}, avg agent uncertainties: [0.0], grounded actions by agent: [360]
Policy training episode: 60, iteration 0/1, policy training avg travel time:120.55616031667492, q_loss:102.09510803222656, rewards:-36.528331163194444, queue:31.133333333333333, delay:0.6624150170220269, throughput:1978
Sim Rollout episode:61/100, sim avg travel time:111.54527461652647, rewards:-31.3989013671875, queue:26.872222222222224, delay:0.6214469909667969, throughput:1972
Real rollout step:61/100, travel time:161.75831265508685, rewards:-73.95641276041667, queue:57.31388888888889, delay:0.7450452168782552, throughput:1899
forward model: training agent 0.
Epoch 0: forward train average loss 0.010046530101034377.
epoch 0: forward test average loss 0.017549649708800845.
Epoch 99: forward train average loss 0.007890620061920749.
epoch 99: forward test average loss 0.015740142514308293.
inverse model, training agent 0.
epoch 0: inverse train average loss 0.002778114699241188.
epoch 0: inverse test average loss 0.007676464608973927.
epoch 99: inverse train average loss 0.0013065104786720541.
epoch 99: inverse test average loss 0.008065150119364262.
Policy training episode: 61, grounded actions taken: 360, last two uncertainties: {0: [0.0, 0.0]}, avg agent uncertainties: [0.0], grounded actions by agent: [360]
Policy training episode: 61, iteration 0/1, policy training avg travel time:113.42404750123701, q_loss:103.33560943603516, rewards:-32.51971299913195, queue:27.344444444444445, delay:0.6515387641059027, throughput:1972
Sim Rollout episode:62/100, sim avg travel time:116.47006432459179, rewards:-34.25139702690972, queue:29.394444444444446, delay:0.6441990746392144, throughput:1973
Real rollout step:62/100, travel time:163.88905472636816, rewards:-74.95531684027777, queue:58.23888888888889, delay:0.7502753363715278, throughput:1897
forward model: training agent 0.
Epoch 0: forward train average loss 0.00997498051987754.
epoch 0: forward test average loss 0.019445048438178167.
Epoch 99: forward train average loss 0.007669892989926868.
epoch 99: forward test average loss 0.020107492804527283.
inverse model, training agent 0.
epoch 0: inverse train average loss 0.002734292945307162.
epoch 0: inverse test average loss 0.011055939623879062.
epoch 99: inverse train average loss 0.0014781309033019675.
epoch 99: inverse test average loss 0.003048052183455891.
Policy training episode: 62, grounded actions taken: 360, last two uncertainties: {0: [0.0, 0.0]}, avg agent uncertainties: [0.0], grounded actions by agent: [360]
Policy training episode: 62, iteration 0/1, policy training avg travel time:117.43493320138545, q_loss:103.31153106689453, rewards:-34.80056694878472, queue:29.41111111111111, delay:0.6576184590657552, throughput:1975
Sim Rollout episode:63/100, sim avg travel time:127.40920336467096, rewards:-39.10501302083333, queue:33.99166666666667, delay:0.6535732269287109, throughput:1972
Real rollout step:63/100, travel time:177.0811752988048, rewards:-82.38360460069444, queue:65.95, delay:0.7761231316460504, throughput:1879
forward model: training agent 0.
Epoch 0: forward train average loss 0.010799252531594701.
epoch 0: forward test average loss 0.02086419363816579.
Epoch 99: forward train average loss 0.00842970268179973.
epoch 99: forward test average loss 0.0173986843890614.
inverse model, training agent 0.
epoch 0: inverse train average loss 0.00443016129752828.
epoch 0: inverse test average loss 0.005667049023840163.
epoch 99: inverse train average loss 0.0014675073713685076.
epoch 99: inverse test average loss 0.0008656545800881253.
Policy training episode: 63, grounded actions taken: 360, last two uncertainties: {0: [0.0, 0.0]}, avg agent uncertainties: [0.0], grounded actions by agent: [360]
Policy training episode: 63, iteration 0/1, policy training avg travel time:132.88322612568035, q_loss:105.35706329345703, rewards:-42.413883463541666, queue:35.80277777777778, delay:0.6646768358018663, throughput:1959
Sim Rollout episode:64/100, sim avg travel time:109.3943592281049, rewards:-30.320838758680555, queue:25.858333333333334, delay:0.625947528415256, throughput:1967
Real rollout step:64/100, travel time:148.0843253968254, rewards:-66.10277235243055, queue:48.42777777777778, delay:0.745312245686849, throughput:1925
forward model: training agent 0.
Epoch 0: forward train average loss 0.009628891841404967.
epoch 0: forward test average loss 0.017054314414660137.
Epoch 99: forward train average loss 0.007506341362992923.
epoch 99: forward test average loss 0.014146047333876291.
inverse model, training agent 0.
epoch 0: inverse train average loss 0.0031105930037382576.
epoch 0: inverse test average loss 0.0027704649190935823.
epoch 99: inverse train average loss 0.0012334989797737864.
epoch 99: inverse test average loss 0.0009253237189518081.
Policy training episode: 64, grounded actions taken: 360, last two uncertainties: {0: [0.0, 0.0]}, avg agent uncertainties: [0.0], grounded actions by agent: [360]
Policy training episode: 64, iteration 0/1, policy training avg travel time:112.8683819891143, q_loss:97.31877136230469, rewards:-32.307505967881944, queue:27.28611111111111, delay:0.6319654252794054, throughput:1969
Sim Rollout episode:65/100, sim avg travel time:114.8411677387432, rewards:-33.302218967013886, queue:28.608333333333334, delay:0.6340065002441406, throughput:1973
Real rollout step:65/100, travel time:177.6808622502629, rewards:-78.36943901909723, queue:62.205555555555556, delay:0.7446823120117188, throughput:1776
forward model: training agent 0.
Epoch 0: forward train average loss 0.012702132678694196.
epoch 0: forward test average loss 0.018585810230837926.
Epoch 99: forward train average loss 0.007994284542898336.
epoch 99: forward test average loss 0.019680418074131012.
inverse model, training agent 0.
epoch 0: inverse train average loss 0.0021276818523700866.
epoch 0: inverse test average loss 0.0006523605035100547.
epoch 99: inverse train average loss 0.0007955377287645307.
epoch 99: inverse test average loss 0.00042946694884449244.
Policy training episode: 65, grounded actions taken: 360, last two uncertainties: {0: [0.0, 0.0]}, avg agent uncertainties: [0.0], grounded actions by agent: [360]
Policy training episode: 65, iteration 0/1, policy training avg travel time:117.33201385452746, q_loss:95.05563354492188, rewards:-34.66471625434028, queue:29.141666666666666, delay:0.6504255506727431, throughput:1973
Sim Rollout episode:66/100, sim avg travel time:118.84957941613062, rewards:-35.65777723524305, queue:30.32777777777778, delay:0.6282357957628039, throughput:1969
Real rollout step:66/100, travel time:176.64693772516728, rewards:-79.53557400173611, queue:63.455555555555556, delay:0.7449903700086805, throughput:1816
forward model: training agent 0.
Epoch 0: forward train average loss 0.009285271995597415.
epoch 0: forward test average loss 0.018885807030730777.
Epoch 99: forward train average loss 0.007670191220111317.
epoch 99: forward test average loss 0.016409196373489168.
inverse model, training agent 0.
epoch 0: inverse train average loss 0.001731764667460488.
epoch 0: inverse test average loss 0.004358969059669309.
epoch 99: inverse train average loss 0.0008060722353143825.
epoch 99: inverse test average loss 0.002279940578672621.
Policy training episode: 66, grounded actions taken: 360, last two uncertainties: {0: [0.0, 0.0]}, avg agent uncertainties: [0.0], grounded actions by agent: [360]
Policy training episode: 66, iteration 0/1, policy training avg travel time:127.3943592281049, q_loss:90.5548095703125, rewards:-40.299167209201386, queue:33.541666666666664, delay:0.6679659101698133, throughput:1966
Sim Rollout episode:67/100, sim avg travel time:107.82483918852053, rewards:-29.303889973958334, queue:24.730555555555554, delay:0.6057508256700304, throughput:1978
Real rollout step:67/100, travel time:165.0213399503722, rewards:-75.84140082465278, queue:58.955555555555556, delay:0.7588335673014323, throughput:1895
forward model: training agent 0.
Epoch 0: forward train average loss 0.011985749420192506.
epoch 0: forward test average loss 0.015406611065069834.
Epoch 99: forward train average loss 0.008815969443983503.
epoch 99: forward test average loss 0.01689240253633923.
inverse model, training agent 0.
epoch 0: inverse train average loss 0.0016664699392600192.
epoch 0: inverse test average loss 0.003455334905690203.
epoch 99: inverse train average loss 0.0005692845378588471.
epoch 99: inverse test average loss 0.007087870087060664.
Policy training episode: 67, grounded actions taken: 360, last two uncertainties: {0: [0.0, 0.0]}, avg agent uncertainties: [0.0], grounded actions by agent: [360]
Policy training episode: 67, iteration 0/1, policy training avg travel time:116.11182582879762, q_loss:87.1776351928711, rewards:-33.94888237847222, queue:28.4, delay:0.640843751695421, throughput:1976
Sim Rollout episode:68/100, sim avg travel time:107.31815932706581, rewards:-29.16917046440972, queue:24.908333333333335, delay:0.5954244401719835, throughput:1968
Real rollout step:68/100, travel time:152.9637717121588, rewards:-68.83496636284723, queue:51.416666666666664, delay:0.7485514322916667, throughput:1925
forward model: training agent 0.
Epoch 0: forward train average loss 0.009823973808023665.
epoch 0: forward test average loss 0.025170479383733537.
Epoch 99: forward train average loss 0.007529870917399724.
epoch 99: forward test average loss 0.020795959565374587.
inverse model, training agent 0.
epoch 0: inverse train average loss 0.0012259918860056335.
epoch 0: inverse test average loss 0.0029059844091534615.
epoch 99: inverse train average loss 0.00044413578709483973.
epoch 99: inverse test average loss 0.0015931074481664433.
Policy training episode: 68, grounded actions taken: 360, last two uncertainties: {0: [0.0, 0.0]}, avg agent uncertainties: [0.0], grounded actions by agent: [360]
Policy training episode: 68, iteration 0/1, policy training avg travel time:116.7110341415141, q_loss:87.2207260131836, rewards:-34.27138400607639, queue:28.538888888888888, delay:0.6535005781385633, throughput:1972
Sim Rollout episode:69/100, sim avg travel time:110.63631865413161, rewards:-31.067765299479166, queue:26.502777777777776, delay:0.600564702351888, throughput:1964
Real rollout step:69/100, travel time:168.77462686567165, rewards:-77.90413953993055, queue:61.25, delay:0.7458014594184028, throughput:1877
forward model: training agent 0.
Epoch 0: forward train average loss 0.010497217170066304.
epoch 0: forward test average loss 0.020739518105983734.
Epoch 99: forward train average loss 0.008208932355046272.
epoch 99: forward test average loss 0.03319651054011451.
inverse model, training agent 0.
epoch 0: inverse train average loss 0.0010994417049611609.
epoch 0: inverse test average loss 0.002927850517961714.
epoch 99: inverse train average loss 0.0003439582328105138.
epoch 99: inverse test average loss 0.0006166469861960246.
Policy training episode: 69, grounded actions taken: 360, last two uncertainties: {0: [0.0, 0.0]}, avg agent uncertainties: [0.0], grounded actions by agent: [360]
Policy training episode: 69, iteration 0/1, policy training avg travel time:119.37852548243444, q_loss:82.55084991455078, rewards:-35.923334418402774, queue:30.41111111111111, delay:0.6529727511935763, throughput:1967
Sim Rollout episode:70/100, sim avg travel time:111.36170212765957, rewards:-31.5400146484375, queue:26.747222222222224, delay:0.6322886149088541, throughput:1964
Real rollout step:70/100, travel time:164.72266401590457, rewards:-75.463623046875, queue:58.78888888888889, delay:0.7601311577690972, throughput:1901
forward model: training agent 0.
Epoch 0: forward train average loss 0.010009464290406968.
epoch 0: forward test average loss 0.014450060410632027.
Epoch 99: forward train average loss 0.008100286953979068.
epoch 99: forward test average loss 0.019316712187396154.
inverse model, training agent 0.
epoch 0: inverse train average loss 0.0017006211888252033.
epoch 0: inverse test average loss 0.0022901505451752907.
epoch 99: inverse train average loss 0.0004899142238880611.
epoch 99: inverse test average loss 0.0026660490160187087.
Policy training episode: 70, grounded actions taken: 360, last two uncertainties: {0: [0.0, 0.0]}, avg agent uncertainties: [0.0], grounded actions by agent: [360]
Policy training episode: 70, iteration 0/1, policy training avg travel time:151.2666996536368, q_loss:81.86682891845703, rewards:-51.520014105902774, queue:42.13055555555555, delay:0.6802665286593967, throughput:1910
Sim Rollout episode:71/100, sim avg travel time:118.6051459673429, rewards:-35.62305501302083, queue:30.06388888888889, delay:0.6096173604329427, throughput:1961
Real rollout step:71/100, travel time:201.2397721387882, rewards:-92.31692708333334, queue:77.58333333333333, delay:0.7337940639919704, throughput:1786
forward model: training agent 0.
Epoch 0: forward train average loss 0.013396252360608842.
epoch 0: forward test average loss 0.02219653046793408.
Epoch 99: forward train average loss 0.010447831203540167.
epoch 99: forward test average loss 0.028003696766164567.
inverse model, training agent 0.
epoch 0: inverse train average loss 0.0028904273899065126.
epoch 0: inverse test average loss 0.0015922812098223302.
epoch 99: inverse train average loss 0.0005996608653933638.
epoch 99: inverse test average loss 0.0013799018537004788.
Policy training episode: 71, grounded actions taken: 360, last two uncertainties: {0: [0.0, 0.0]}, avg agent uncertainties: [0.0], grounded actions by agent: [360]
Policy training episode: 71, iteration 0/1, policy training avg travel time:124.41316180108856, q_loss:94.0411148071289, rewards:-38.80832790798611, queue:32.34166666666667, delay:0.6579291449652778, throughput:1965
Sim Rollout episode:72/100, sim avg travel time:108.42652152399802, rewards:-29.619449869791666, queue:24.880555555555556, delay:0.5931240081787109, throughput:1974
Real rollout step:72/100, travel time:183.17969543147208, rewards:-84.11777886284722, queue:68.51944444444445, delay:0.7363194783528646, throughput:1840
forward model: training agent 0.
Epoch 0: forward train average loss 0.011379064992070198.
epoch 0: forward test average loss 0.016316203607453242.
Epoch 99: forward train average loss 0.009528637553254763.
epoch 99: forward test average loss 0.019392910930845473.
inverse model, training agent 0.
epoch 0: inverse train average loss 0.0028625270545793078.
epoch 0: inverse test average loss 0.0021437222862409223.
epoch 99: inverse train average loss 0.0006614648866363697.
epoch 99: inverse test average loss 0.0011498248980691035.
Policy training episode: 72, grounded actions taken: 360, last two uncertainties: {0: [0.0, 0.0]}, avg agent uncertainties: [0.0], grounded actions by agent: [360]
Policy training episode: 72, iteration 0/1, policy training avg travel time:116.66650173181593, q_loss:96.55306243896484, rewards:-34.37971462673611, queue:28.086111111111112, delay:0.6502558390299479, throughput:1972
Sim Rollout episode:73/100, sim avg travel time:108.67342899554676, rewards:-29.795827907986112, queue:25.158333333333335, delay:0.6096012963189019, throughput:1977
Real rollout step:73/100, travel time:176.83474787818272, rewards:-82.02776150173611, queue:66.13888888888889, delay:0.745418209499783, throughput:1872
forward model: training agent 0.
Epoch 0: forward train average loss 0.010640060736073388.
epoch 0: forward test average loss 0.017607379290792678.
Epoch 99: forward train average loss 0.008752114449938139.
epoch 99: forward test average loss 0.01639298929108514.
inverse model, training agent 0.
epoch 0: inverse train average loss 0.0017557061057434315.
epoch 0: inverse test average loss 0.002320677766369449.
epoch 99: inverse train average loss 0.0006649992784433481.
epoch 99: inverse test average loss 0.0019038321398612526.
Policy training episode: 73, grounded actions taken: 360, last two uncertainties: {0: [0.0, 0.0]}, avg agent uncertainties: [0.0], grounded actions by agent: [360]
Policy training episode: 73, iteration 0/1, policy training avg travel time:119.66254329539832, q_loss:96.30071258544922, rewards:-36.155284288194444, queue:29.927777777777777, delay:0.6522473653157552, throughput:1956
Sim Rollout episode:74/100, sim avg travel time:107.03463631865414, rewards:-28.823893229166668, queue:24.33888888888889, delay:0.6141726599799262, throughput:1975
Real rollout step:74/100, travel time:169.9394091136705, rewards:-77.73859592013889, queue:61.5, delay:0.7639111836751302, throughput:1891
forward model: training agent 0.
Epoch 0: forward train average loss 0.009787149106462797.
epoch 0: forward test average loss 0.015891383919450972.
Epoch 99: forward train average loss 0.007989288204246096.
epoch 99: forward test average loss 0.014697219348616071.
inverse model, training agent 0.
epoch 0: inverse train average loss 0.0011926093914856513.
epoch 0: inverse test average loss 0.0008882919274684456.
epoch 99: inverse train average loss 0.0003550754303836988.
epoch 99: inverse test average loss 0.002735107516249021.
Policy training episode: 74, grounded actions taken: 360, last two uncertainties: {0: [0.0, 0.0]}, avg agent uncertainties: [0.0], grounded actions by agent: [360]
Policy training episode: 74, iteration 0/1, policy training avg travel time:112.5789213260762, q_loss:92.67115783691406, rewards:-32.07137858072917, queue:26.81111111111111, delay:0.6402692582872179, throughput:1971
Sim Rollout episode:75/100, sim avg travel time:104.86392874814449, rewards:-27.6808349609375, queue:23.47222222222222, delay:0.615015114678277, throughput:1967
Real rollout step:75/100, travel time:171.09236145781327, rewards:-78.62721896701389, queue:62.21111111111111, delay:0.7697625054253472, throughput:1887
forward model: training agent 0.
Epoch 0: forward train average loss 0.010696145602398448.
epoch 0: forward test average loss 0.016709037125110626.
Epoch 99: forward train average loss 0.008515102167924246.
epoch 99: forward test average loss 0.02069401244322459.
inverse model, training agent 0.
epoch 0: inverse train average loss 0.001557628805231717.
epoch 0: inverse test average loss 0.0012292681236027016.
epoch 99: inverse train average loss 0.0005093241537300249.
epoch 99: inverse test average loss 0.0028784714328746.
Policy training episode: 75, grounded actions taken: 360, last two uncertainties: {0: [0.0, 0.0]}, avg agent uncertainties: [0.0], grounded actions by agent: [360]
Policy training episode: 75, iteration 0/1, policy training avg travel time:111.66551212271153, q_loss:97.40656280517578, rewards:-31.51611328125, queue:26.022222222222222, delay:0.6356600019666884, throughput:1977
Sim Rollout episode:76/100, sim avg travel time:109.80554181098466, rewards:-30.49945746527778, queue:25.81388888888889, delay:0.609801271226671, throughput:1967
Real rollout step:76/100, travel time:169.99453823237337, rewards:-78.44727105034723, queue:62.016666666666666, delay:0.7700845506456163, throughput:1903
forward model: training agent 0.
Epoch 0: forward train average loss 0.01142115994460053.
epoch 0: forward test average loss 0.01909092317024867.
Epoch 99: forward train average loss 0.008051760494709015.
epoch 99: forward test average loss 0.01597658544778824.
inverse model, training agent 0.
epoch 0: inverse train average loss 0.002330004366942578.
epoch 0: inverse test average loss 0.003066107113328245.
epoch 99: inverse train average loss 0.0006950469525893115.
epoch 99: inverse test average loss 0.0071661837088565035.
Policy training episode: 76, grounded actions taken: 360, last two uncertainties: {0: [0.0, 0.0]}, avg agent uncertainties: [0.0], grounded actions by agent: [360]
Policy training episode: 76, iteration 0/1, policy training avg travel time:113.30974764967837, q_loss:98.53559112548828, rewards:-32.51775173611111, queue:27.266666666666666, delay:0.6468705495198568, throughput:1968
Sim Rollout episode:77/100, sim avg travel time:104.57298367144978, rewards:-27.712483723958332, queue:22.916666666666668, delay:0.5740234375, throughput:1968
Real rollout step:77/100, travel time:167.26576576576576, rewards:-76.11725260416667, queue:59.80833333333333, delay:0.7641349792480469, throughput:1902
forward model: training agent 0.
Epoch 0: forward train average loss 0.012297395409809219.
epoch 0: forward test average loss 0.022451995975441404.
Epoch 99: forward train average loss 0.00900125110314952.
epoch 99: forward test average loss 0.019355576899316575.
inverse model, training agent 0.
epoch 0: inverse train average loss 0.0017915957529718678.
epoch 0: inverse test average loss 0.005040295971816199.
epoch 99: inverse train average loss 0.00039310124702751637.
epoch 99: inverse test average loss 0.001651595592395299.
Policy training episode: 77, grounded actions taken: 360, last two uncertainties: {0: [0.0, 0.0]}, avg agent uncertainties: [0.0], grounded actions by agent: [360]
Policy training episode: 77, iteration 0/1, policy training avg travel time:116.32706580900545, q_loss:95.5164794921875, rewards:-34.19778374565972, queue:28.019444444444446, delay:0.6531209309895833, throughput:1971
Sim Rollout episode:78/100, sim avg travel time:109.23057892132607, rewards:-30.17693413628472, queue:25.32777777777778, delay:0.6028445773654514, throughput:1970
Real rollout step:78/100, travel time:167.44039900249376, rewards:-76.544140625, queue:60.38611111111111, delay:0.7433075798882378, throughput:1907
forward model: training agent 0.
Epoch 0: forward train average loss 0.010285819880664349.
epoch 0: forward test average loss 0.015602114299933115.
Epoch 99: forward train average loss 0.008058902497092882.
epoch 99: forward test average loss 0.013952334307961993.
inverse model, training agent 0.
epoch 0: inverse train average loss 0.0013676846994914943.
epoch 0: inverse test average loss 0.003697732670439614.
epoch 99: inverse train average loss 0.0004938616055167384.
epoch 99: inverse test average loss 0.00389551826649242.
Policy training episode: 78, grounded actions taken: 360, last two uncertainties: {0: [0.0, 0.0]}, avg agent uncertainties: [0.0], grounded actions by agent: [360]
Policy training episode: 78, iteration 0/1, policy training avg travel time:163.20633349826818, q_loss:92.02415466308594, rewards:-55.05278862847222, queue:44.56944444444444, delay:0.6683800167507595, throughput:1904
Sim Rollout episode:79/100, sim avg travel time:105.57298367144978, rewards:-28.09944118923611, queue:23.91111111111111, delay:0.6050076802571615, throughput:1967
Real rollout step:79/100, travel time:160.8134663341646, rewards:-72.92195638020833, queue:56.1, delay:0.761952379014757, throughput:1905
forward model: training agent 0.
Epoch 0: forward train average loss 0.008616234382821454.
epoch 0: forward test average loss 0.014834195375442505.
Epoch 99: forward train average loss 0.006688962276611064.
epoch 99: forward test average loss 0.013364863478475146.
inverse model, training agent 0.
epoch 0: inverse train average loss 0.0009690655990400248.
epoch 0: inverse test average loss 0.0017163223173055383.
epoch 99: inverse train average loss 0.00035056884452286694.
epoch 99: inverse test average loss 0.0016043224604800344.
Policy training episode: 79, grounded actions taken: 360, last two uncertainties: {0: [0.0, 0.0]}, avg agent uncertainties: [0.0], grounded actions by agent: [360]
Policy training episode: 79, iteration 0/1, policy training avg travel time:155.55764473033153, q_loss:94.76858520507812, rewards:-53.30861545138889, queue:43.96111111111111, delay:0.6651541392008463, throughput:1924
Sim Rollout episode:80/100, sim avg travel time:102.96981692231569, rewards:-26.59833984375, queue:22.177777777777777, delay:0.5970463646782769, throughput:1981
Real rollout step:80/100, travel time:162.64115308151094, rewards:-74.18001302083333, queue:57.730555555555554, delay:0.7504975212944879, throughput:1915
forward model: training agent 0.
Epoch 0: forward train average loss 0.01129831394387616.
epoch 0: forward test average loss 0.01949655016263326.
Epoch 99: forward train average loss 0.008799885710080465.
epoch 99: forward test average loss 0.017092314859231312.
inverse model, training agent 0.
epoch 0: inverse train average loss 0.003618362307962444.
epoch 0: inverse test average loss 0.0045407261285516955.
epoch 99: inverse train average loss 0.0009360493729925818.
epoch 99: inverse test average loss 0.002679285696811146.
Policy training episode: 80, grounded actions taken: 360, last two uncertainties: {0: [0.0, 0.0]}, avg agent uncertainties: [0.0], grounded actions by agent: [360]
Policy training episode: 80, iteration 0/1, policy training avg travel time:168.2577931716972, q_loss:110.32300567626953, rewards:-57.356363932291664, queue:46.23888888888889, delay:0.6943521287706164, throughput:1922
Sim Rollout episode:81/100, sim avg travel time:104.26076199901038, rewards:-27.130558268229166, queue:22.980555555555554, delay:0.5984404669867621, throughput:1979
Real rollout step:81/100, travel time:169.11461461461462, rewards:-77.43557400173611, queue:60.91388888888889, delay:0.7636241488986545, throughput:1869
forward model: training agent 0.
Epoch 0: forward train average loss 0.012410090822312567.
epoch 0: forward test average loss 0.02148864832189348.
Epoch 99: forward train average loss 0.009172997644378079.
epoch 99: forward test average loss 0.011948544945981767.
inverse model, training agent 0.
epoch 0: inverse train average loss 0.0015350282580281298.
epoch 0: inverse test average loss 0.001017413994607826.
epoch 99: inverse train average loss 0.0004849374818149954.
epoch 99: inverse test average loss 0.0007795479808313152.
Policy training episode: 81, grounded actions taken: 360, last two uncertainties: {0: [0.0, 0.0]}, avg agent uncertainties: [0.0], grounded actions by agent: [360]
Policy training episode: 81, iteration 0/1, policy training avg travel time:554.0697674418604, q_loss:118.17809295654297, rewards:-109.3875, queue:105.71388888888889, delay:0.6803685930040148, throughput:1021
Sim Rollout episode:82/100, sim avg travel time:106.37506185056903, rewards:-28.539995659722223, queue:24.280555555555555, delay:0.5985906812879774, throughput:1973
Real rollout step:82/100, travel time:160.96873449131513, rewards:-73.35946723090278, queue:56.62777777777778, delay:0.7588670518663194, throughput:1918
forward model: training agent 0.
Epoch 0: forward train average loss 0.010028108540508483.
epoch 0: forward test average loss 0.021244511836104922.
Epoch 99: forward train average loss 0.00771870453738504.
epoch 99: forward test average loss 0.02221075114276674.
inverse model, training agent 0.
epoch 0: inverse train average loss 0.0014410721163989769.
epoch 0: inverse test average loss 0.0015308601626505454.
epoch 99: inverse train average loss 0.0006211624584264226.
epoch 99: inverse test average loss 0.0031304602097305986.
Policy training episode: 82, grounded actions taken: 360, last two uncertainties: {0: [0.0, 0.0]}, avg agent uncertainties: [0.0], grounded actions by agent: [360]
Policy training episode: 82, iteration 0/1, policy training avg travel time:514.9737753587333, q_loss:120.3841781616211, rewards:-104.67528211805555, queue:100.04166666666667, delay:0.6828035990397135, throughput:1090
Sim Rollout episode:83/100, sim avg travel time:104.84067293419099, rewards:-27.556670464409724, queue:23.380555555555556, delay:0.5853046417236328, throughput:1970
Real rollout step:83/100, travel time:163.80629056415376, rewards:-74.56724717881944, queue:57.925, delay:0.7733245001898872, throughput:1891
forward model: training agent 0.
Epoch 0: forward train average loss 0.010523245359460512.
epoch 0: forward test average loss 0.015737494660748377.
Epoch 99: forward train average loss 0.008281277389162116.
epoch 99: forward test average loss 0.013956871297624376.
inverse model, training agent 0.
epoch 0: inverse train average loss 0.001648691883828077.
epoch 0: inverse test average loss 0.0005148008155326048.
epoch 99: inverse train average loss 0.0006304281576174415.
epoch 99: inverse test average loss 0.0004357018301056491.
Policy training episode: 83, grounded actions taken: 360, last two uncertainties: {0: [0.0, 0.0]}, avg agent uncertainties: [0.0], grounded actions by agent: [360]
Policy training episode: 83, iteration 0/1, policy training avg travel time:342.048985650668, q_loss:121.13218688964844, rewards:-84.29697265625, queue:79.125, delay:0.6605719248453776, throughput:1302
Sim Rollout episode:84/100, sim avg travel time:111.39089559623949, rewards:-31.252503797743056, queue:26.677777777777777, delay:0.5966901143391927, throughput:1968
Real rollout step:84/100, travel time:169.8375812093953, rewards:-78.00189344618056, queue:61.475, delay:0.7659303453233507, throughput:1870
forward model: training agent 0.
Epoch 0: forward train average loss 0.010578931205802493.
epoch 0: forward test average loss 0.019940418501694996.
Epoch 99: forward train average loss 0.008914674632251263.
epoch 99: forward test average loss 0.022662690944141813.
inverse model, training agent 0.
epoch 0: inverse train average loss 0.0011909648245717916.
epoch 0: inverse test average loss 0.0017871346531642808.
epoch 99: inverse train average loss 0.00031328696705814864.
epoch 99: inverse test average loss 0.0026796404789719316.
Policy training episode: 84, grounded actions taken: 360, last two uncertainties: {0: [0.0, 0.0]}, avg agent uncertainties: [0.0], grounded actions by agent: [360]
Policy training episode: 84, iteration 0/1, policy training avg travel time:110.12666996536367, q_loss:123.26862335205078, rewards:-30.602503797743054, queue:25.15, delay:0.6228806813557942, throughput:1973
Sim Rollout episode:85/100, sim avg travel time:103.92627412172192, rewards:-27.091677517361113, queue:22.755555555555556, delay:0.5820609622531467, throughput:1967
Real rollout step:85/100, travel time:176.09979736575482, rewards:-80.27109375, queue:64.09722222222223, delay:0.7671380784776476, throughput:1859
forward model: training agent 0.
Epoch 0: forward train average loss 0.011465009301900864.
epoch 0: forward test average loss 0.017632219940423965.
Epoch 99: forward train average loss 0.009089995693001483.
epoch 99: forward test average loss 0.018284614715311263.
inverse model, training agent 0.
epoch 0: inverse train average loss 0.0023026480921544135.
epoch 0: inverse test average loss 0.002978321679014092.
epoch 99: inverse train average loss 0.00048594001822897955.
epoch 99: inverse test average loss 0.002661803737282753.
Policy training episode: 85, grounded actions taken: 360, last two uncertainties: {0: [0.0, 0.0]}, avg agent uncertainties: [0.0], grounded actions by agent: [360]
Policy training episode: 85, iteration 0/1, policy training avg travel time:111.93864423552697, q_loss:118.85375213623047, rewards:-31.76637641059028, queue:25.966666666666665, delay:0.6305540720621745, throughput:1966
Sim Rollout episode:86/100, sim avg travel time:107.87481444829292, rewards:-29.232508680555554, queue:24.780555555555555, delay:0.6005805121527777, throughput:1972
Real rollout step:86/100, travel time:187.44153846153847, rewards:-85.62946506076389, queue:70.03611111111111, delay:0.7331216600206163, throughput:1812
forward model: training agent 0.
Epoch 0: forward train average loss 0.01093988741437594.
epoch 0: forward test average loss 0.021792790128125086.
Epoch 99: forward train average loss 0.00816048112594419.
epoch 99: forward test average loss 0.01921667820877499.
inverse model, training agent 0.
epoch 0: inverse train average loss 0.001597422472615209.
epoch 0: inverse test average loss 0.0024133099294784996.
epoch 99: inverse train average loss 0.00036972522179389163.
epoch 99: inverse test average loss 0.005310402355260319.
Policy training episode: 86, grounded actions taken: 360, last two uncertainties: {0: [0.0, 0.0]}, avg agent uncertainties: [0.0], grounded actions by agent: [360]
Policy training episode: 86, iteration 0/1, policy training avg travel time:116.08362196932212, q_loss:121.13860321044922, rewards:-34.046115451388886, queue:28.133333333333333, delay:0.6188286675347222, throughput:1967
Sim Rollout episode:87/100, sim avg travel time:106.51311232063335, rewards:-28.7102783203125, queue:23.961111111111112, delay:0.6035021040174696, throughput:1963
Real rollout step:87/100, travel time:167.42303872889772, rewards:-77.05750325520833, queue:60.327777777777776, delay:0.764473639594184, throughput:1898
forward model: training agent 0.
Epoch 0: forward train average loss 0.011531296496589979.
epoch 0: forward test average loss 0.014479114363590876.
Epoch 99: forward train average loss 0.008959313647614585.
epoch 99: forward test average loss 0.01677189187871085.
inverse model, training agent 0.
epoch 0: inverse train average loss 0.0014683573584382732.
epoch 0: inverse test average loss 0.0017651805440740038.
epoch 99: inverse train average loss 0.00026310698012821376.
epoch 99: inverse test average loss 0.0004786528701288262.
Policy training episode: 87, grounded actions taken: 360, last two uncertainties: {0: [0.0, 0.0]}, avg agent uncertainties: [0.0], grounded actions by agent: [360]
Policy training episode: 87, iteration 0/1, policy training avg travel time:116.33052944087086, q_loss:121.7603530883789, rewards:-34.2730712890625, queue:27.805555555555557, delay:0.62330076429579, throughput:1954
Sim Rollout episode:88/100, sim avg travel time:107.12716476991588, rewards:-28.944162326388888, queue:24.216666666666665, delay:0.5879692501491971, throughput:1962
Real rollout step:88/100, travel time:180.6296675191816, rewards:-82.2188747829861, queue:66.44722222222222, delay:0.7627300686306424, throughput:1819
forward model: training agent 0.
Epoch 0: forward train average loss 0.010459045569101969.
epoch 0: forward test average loss 0.015192181699805789.
Epoch 99: forward train average loss 0.008766447400881184.
epoch 99: forward test average loss 0.012817844334575865.
inverse model, training agent 0.
epoch 0: inverse train average loss 0.0018008621086159514.
epoch 0: inverse test average loss 0.0028781420033839014.
epoch 99: inverse train average loss 0.0003857811486038069.
epoch 99: inverse test average loss 0.0010598241998296645.
Policy training episode: 88, grounded actions taken: 360, last two uncertainties: {0: [0.0, 0.0]}, avg agent uncertainties: [0.0], grounded actions by agent: [360]
Policy training episode: 88, iteration 0/1, policy training avg travel time:116.15437902028698, q_loss:126.32832336425781, rewards:-34.295556640625, queue:27.961111111111112, delay:0.6192647298177083, throughput:1952
Sim Rollout episode:89/100, sim avg travel time:106.32261256803562, rewards:-28.44000922309028, queue:23.836111111111112, delay:0.567290284898546, throughput:1963
Real rollout step:89/100, travel time:175.63636363636363, rewards:-79.15224066840278, queue:63.15833333333333, delay:0.742622799343533, throughput:1813
forward model: training agent 0.
Epoch 0: forward train average loss 0.011137487573756112.
epoch 0: forward test average loss 0.014938270052274069.
Epoch 99: forward train average loss 0.008463748627238803.
epoch 99: forward test average loss 0.013013122396336662.
inverse model, training agent 0.
epoch 0: inverse train average loss 0.0018642459633863634.
epoch 0: inverse test average loss 0.0005118387190224086.
epoch 99: inverse train average loss 0.0004170451267984592.
epoch 99: inverse test average loss 0.00037115525143841904.
Policy training episode: 89, grounded actions taken: 360, last two uncertainties: {0: [0.0, 0.0]}, avg agent uncertainties: [0.0], grounded actions by agent: [360]
Policy training episode: 89, iteration 0/1, policy training avg travel time:109.11034141514102, q_loss:124.04459381103516, rewards:-30.13471950954861, queue:24.72222222222222, delay:0.6262841118706597, throughput:1972
Sim Rollout episode:90/100, sim avg travel time:106.95202769535113, rewards:-28.891102430555556, queue:24.175, delay:0.5905745612250434, throughput:1969
Real rollout step:90/100, travel time:171.50726817042607, rewards:-78.68943684895834, queue:62.483333333333334, delay:0.7644313388400608, throughput:1865
forward model: training agent 0.
Epoch 0: forward train average loss 0.010715320913328065.
epoch 0: forward test average loss 0.017100109822220273.
Epoch 99: forward train average loss 0.008595479341844717.
epoch 99: forward test average loss 0.01511663157078955.
inverse model, training agent 0.
epoch 0: inverse train average loss 0.0015258694636738962.
epoch 0: inverse test average loss 0.001973266441685458.
epoch 99: inverse train average loss 0.0003225439286325127.
epoch 99: inverse test average loss 0.0014889365864089793.
Policy training episode: 90, grounded actions taken: 360, last two uncertainties: {0: [0.0, 0.0]}, avg agent uncertainties: [0.0], grounded actions by agent: [360]
Policy training episode: 90, iteration 0/1, policy training avg travel time:108.00890648193963, q_loss:129.79556274414062, rewards:-29.557774522569446, queue:24.366666666666667, delay:0.5969466315375433, throughput:1963
Sim Rollout episode:91/100, sim avg travel time:117.39416419386745, rewards:-34.83779296875, queue:29.1, delay:0.595328860812717, throughput:1970
Real rollout step:91/100, travel time:180.10375939849624, rewards:-83.36582573784722, queue:67.46944444444445, delay:0.7597318013509115, throughput:1881
forward model: training agent 0.
Epoch 0: forward train average loss 0.012175295501947403.
epoch 0: forward test average loss 0.018429909315374162.
Epoch 99: forward train average loss 0.010011852925850285.
epoch 99: forward test average loss 0.01940822932455275.
inverse model, training agent 0.
epoch 0: inverse train average loss 0.001295029211582409.
epoch 0: inverse test average loss 0.0014236843627360132.
epoch 99: inverse train average loss 0.00039117503587880894.
epoch 99: inverse test average loss 0.0006785351886517472.
Policy training episode: 91, grounded actions taken: 360, last two uncertainties: {0: [0.0, 0.0]}, avg agent uncertainties: [0.0], grounded actions by agent: [360]
Policy training episode: 91, iteration 0/1, policy training avg travel time:116.0529440870856, q_loss:124.50804138183594, rewards:-34.082492404513886, queue:27.913888888888888, delay:0.6279986063639323, throughput:1967
Sim Rollout episode:92/100, sim avg travel time:115.60019792182088, rewards:-33.75444878472222, queue:27.655555555555555, delay:0.5866324954562717, throughput:1969
Real rollout step:92/100, travel time:176.81306532663316, rewards:-81.51832139756945, queue:65.69444444444444, delay:0.7451633029513889, throughput:1855
forward model: training agent 0.
Epoch 0: forward train average loss 0.01139926848312219.
epoch 0: forward test average loss 0.01704303754700555.
Epoch 99: forward train average loss 0.008709966825942198.
epoch 99: forward test average loss 0.01847498036093182.
inverse model, training agent 0.
epoch 0: inverse train average loss 0.0016806456519083844.
epoch 0: inverse test average loss 0.0008130825460991926.
epoch 99: inverse train average loss 0.00045436539221554995.
epoch 99: inverse test average loss 0.0012360628202764525.
Policy training episode: 92, grounded actions taken: 360, last two uncertainties: {0: [0.0, 0.0]}, avg agent uncertainties: [0.0], grounded actions by agent: [360]
Policy training episode: 92, iteration 0/1, policy training avg travel time:145.5284512617516, q_loss:117.71469116210938, rewards:-49.84777560763889, queue:39.733333333333334, delay:0.6636935340033637, throughput:1930
Sim Rollout episode:93/100, sim avg travel time:105.61058881741712, rewards:-27.960823567708335, queue:23.144444444444446, delay:0.5652170817057292, throughput:1975
Real rollout step:93/100, travel time:182.0706243602866, rewards:-82.91081814236111, queue:67.55, delay:0.7592942131890191, throughput:1822
forward model: training agent 0.
Epoch 0: forward train average loss 0.010260577417082258.
epoch 0: forward test average loss 0.022123909658855863.
Epoch 99: forward train average loss 0.008156904847257666.
epoch 99: forward test average loss 0.022399249176184338.
inverse model, training agent 0.
epoch 0: inverse train average loss 0.0012488824625809987.
epoch 0: inverse test average loss 0.005446889179034365.
epoch 99: inverse train average loss 0.00021107094653416425.
epoch 99: inverse test average loss 0.0016178261818519484.
Policy training episode: 93, grounded actions taken: 360, last two uncertainties: {0: [0.0, 0.0]}, avg agent uncertainties: [0.0], grounded actions by agent: [360]
Policy training episode: 93, iteration 0/1, policy training avg travel time:134.93270658090054, q_loss:111.20044708251953, rewards:-42.462773980034726, queue:33.952777777777776, delay:0.622138934665256, throughput:1966
Sim Rollout episode:94/100, sim avg travel time:110.22612568035626, rewards:-30.537513563368055, queue:25.163888888888888, delay:0.569777086046007, throughput:1978
Real rollout step:94/100, travel time:166.09195979899496, rewards:-75.52528211805556, queue:59.22222222222222, delay:0.7430118984646268, throughput:1861
forward model: training agent 0.
Epoch 0: forward train average loss 0.01163987091018094.
epoch 0: forward test average loss 0.017227055297957525.
Epoch 99: forward train average loss 0.008101401333179738.
epoch 99: forward test average loss 0.013485323223802779.
inverse model, training agent 0.
epoch 0: inverse train average loss 0.0015601573072166906.
epoch 0: inverse test average loss 0.0033340297846330535.
epoch 99: inverse train average loss 0.0002857066445156104.
epoch 99: inverse test average loss 0.0057413074989906615.
Policy training episode: 94, grounded actions taken: 360, last two uncertainties: {0: [0.0, 0.0]}, avg agent uncertainties: [0.0], grounded actions by agent: [360]
Policy training episode: 94, iteration 0/1, policy training avg travel time:121.99109351806037, q_loss:105.75563049316406, rewards:-37.450830078125, queue:30.622222222222224, delay:0.6106689876980251, throughput:1957
Sim Rollout episode:95/100, sim avg travel time:108.6318654131618, rewards:-29.631670464409723, queue:24.780555555555555, delay:0.5921789805094401, throughput:1980
Real rollout step:95/100, travel time:160.83982035928145, rewards:-73.17890082465277, queue:56.480555555555554, delay:0.7367490980360243, throughput:1879
forward model: training agent 0.
Epoch 0: forward train average loss 0.009922849842243724.
epoch 0: forward test average loss 0.017426283823119268.
Epoch 99: forward train average loss 0.007619340179695023.
epoch 99: forward test average loss 0.01627319223350949.
inverse model, training agent 0.
epoch 0: inverse train average loss 0.0013842768385075033.
epoch 0: inverse test average loss 0.0009967157998794897.
epoch 99: inverse train average loss 0.00017667261191592034.
epoch 99: inverse test average loss 0.0018962139470709695.
Policy training episode: 95, grounded actions taken: 360, last two uncertainties: {0: [0.0, 0.0]}, avg agent uncertainties: [0.0], grounded actions by agent: [360]
Policy training episode: 95, iteration 0/1, policy training avg travel time:116.83473527956457, q_loss:104.24393463134766, rewards:-34.40221896701389, queue:27.947222222222223, delay:0.635364023844401, throughput:1969
Sim Rollout episode:96/100, sim avg travel time:103.04453240969816, rewards:-26.51167263454861, queue:21.905555555555555, delay:0.5539967854817708, throughput:1978
Real rollout step:96/100, travel time:161.85657370517927, rewards:-73.7186252170139, queue:57.083333333333336, delay:0.7590266757541233, throughput:1893
forward model: training agent 0.
Epoch 0: forward train average loss 0.01067314607401689.
epoch 0: forward test average loss 0.029542177087730832.
Epoch 99: forward train average loss 0.007804179253677527.
epoch 99: forward test average loss 0.021912979582945507.
inverse model, training agent 0.
epoch 0: inverse train average loss 0.001700766766185148.
epoch 0: inverse test average loss 0.000397480128514063.
epoch 99: inverse train average loss 0.0001794218292666806.
epoch 99: inverse test average loss 0.00042156597272777517.
Policy training episode: 96, grounded actions taken: 360, last two uncertainties: {0: [0.0, 0.0]}, avg agent uncertainties: [0.0], grounded actions by agent: [360]
Policy training episode: 96, iteration 0/1, policy training avg travel time:125.6288965858486, q_loss:109.31999969482422, rewards:-39.38722330729167, queue:31.852777777777778, delay:0.6470305972629123, throughput:1967
Sim Rollout episode:97/100, sim avg travel time:107.58782780801583, rewards:-29.115275065104168, queue:24.155555555555555, delay:0.562121836344401, throughput:1978
Real rollout step:97/100, travel time:169.0624685138539, rewards:-77.03999565972222, queue:60.894444444444446, delay:0.7592539469401042, throughput:1851
forward model: training agent 0.
Epoch 0: forward train average loss 0.00994547021885713.
epoch 0: forward test average loss 0.01853106005324258.
Epoch 99: forward train average loss 0.007730123276511828.
epoch 99: forward test average loss 0.017982286711533863.
inverse model, training agent 0.
epoch 0: inverse train average loss 0.001018118682420916.
epoch 0: inverse test average loss 0.002181676565669477.
epoch 99: inverse train average loss 0.00011751497934003257.
epoch 99: inverse test average loss 0.0032181638137747846.
Policy training episode: 97, grounded actions taken: 360, last two uncertainties: {0: [0.0, 0.0]}, avg agent uncertainties: [0.0], grounded actions by agent: [360]
Policy training episode: 97, iteration 0/1, policy training avg travel time:281.274616526472, q_loss:115.67815399169922, rewards:-78.98055013020833, queue:69.46666666666667, delay:0.663586680094401, throughput:1696
Sim Rollout episode:98/100, sim avg travel time:112.35823849579415, rewards:-31.78056369357639, queue:26.483333333333334, delay:0.5852036370171441, throughput:1974
Real rollout step:98/100, travel time:167.25883524141364, rewards:-76.88553602430555, queue:60.56111111111111, delay:0.7309596591525608, throughput:1887
forward model: training agent 0.
Epoch 0: forward train average loss 0.01185563661985927.
epoch 0: forward test average loss 0.015118113822407193.
Epoch 99: forward train average loss 0.008990054536196921.
epoch 99: forward test average loss 0.013666919536060758.
inverse model, training agent 0.
epoch 0: inverse train average loss 0.002589517402359181.
epoch 0: inverse test average loss 0.0030970207622481715.
epoch 99: inverse train average loss 0.0009849865212648485.
epoch 99: inverse test average loss 0.0015362746263336805.
Policy training episode: 98, grounded actions taken: 360, last two uncertainties: {0: [0.0, 0.0]}, avg agent uncertainties: [0.0], grounded actions by agent: [360]
Policy training episode: 98, iteration 0/1, policy training avg travel time:136.59475507174665, q_loss:113.91534423828125, rewards:-45.43304307725695, queue:36.21388888888889, delay:0.6421178605821397, throughput:1953
Sim Rollout episode:99/100, sim avg travel time:111.86244433448788, rewards:-31.775547960069446, queue:26.775, delay:0.6062036726209853, throughput:1963
Real rollout step:99/100, travel time:173.8738107160741, rewards:-80.11670464409723, queue:64.19444444444444, delay:0.7517650180392795, throughput:1880
forward model: training agent 0.
Epoch 0: forward train average loss 0.011323210058940781.
epoch 0: forward test average loss 0.02863131794664595.
Epoch 99: forward train average loss 0.00787017753140794.
epoch 99: forward test average loss 0.025532710883352492.
inverse model, training agent 0.
epoch 0: inverse train average loss 0.0023537277657952574.
epoch 0: inverse test average loss 0.0017457516142813903.
epoch 99: inverse train average loss 0.0008990345846137239.
epoch 99: inverse test average loss 0.0018213157179868883.
Policy training episode: 99, grounded actions taken: 360, last two uncertainties: {0: [0.0, 0.0]}, avg agent uncertainties: [0.0], grounded actions by agent: [360]
Policy training episode: 99, iteration 0/1, policy training avg travel time:200.0207817911925, q_loss:114.9267349243164, rewards:-71.61221788194445, queue:58.55277777777778, delay:0.6826190100775824, throughput:1837
Total time taken: 1387.4442563056946
